[2026-07-14T00:00:30.096+0000] {processor.py:161} INFO - Started process (PID=3654) to work on /opt/airflow/dags/dag_etl_camara_diario.py
[2026-07-14T00:00:30.097+0000] {processor.py:830} INFO - Processing file /opt/airflow/dags/dag_etl_camara_diario.py for tasks to queue
[2026-07-14T00:00:30.097+0000] {logging_mixin.py:188} INFO - [2026-07-14T00:00:30.097+0000] {dagbag.py:538} INFO - Filling up the DagBag from /opt/airflow/dags/dag_etl_camara_diario.py
[2026-07-14T00:00:30.107+0000] {processor.py:840} INFO - DAG(s) 'dag_etl_camara_diario' retrieved from /opt/airflow/dags/dag_etl_camara_diario.py
[2026-07-14T00:00:30.128+0000] {logging_mixin.py:188} INFO - [2026-07-14T00:00:30.128+0000] {dag.py:3036} INFO - Sync 1 DAGs
[2026-07-14T00:00:30.151+0000] {logging_mixin.py:188} INFO - [2026-07-14T00:00:30.151+0000] {dag.py:3823} INFO - Setting next_dagrun for dag_etl_camara_diario to 2026-07-12 03:00:00+00:00, run_after=2026-07-13 03:00:00+00:00
[2026-07-14T00:00:30.167+0000] {processor.py:183} INFO - Processing /opt/airflow/dags/dag_etl_camara_diario.py took 0.075 seconds
[2026-07-14T00:01:00.293+0000] {processor.py:161} INFO - Started process (PID=3669) to work on /opt/airflow/dags/dag_etl_camara_diario.py
[2026-07-14T00:01:00.293+0000] {processor.py:830} INFO - Processing file /opt/airflow/dags/dag_etl_camara_diario.py for tasks to queue
[2026-07-14T00:01:00.294+0000] {logging_mixin.py:188} INFO - [2026-07-14T00:01:00.294+0000] {dagbag.py:538} INFO - Filling up the DagBag from /opt/airflow/dags/dag_etl_camara_diario.py
[2026-07-14T00:01:00.304+0000] {processor.py:840} INFO - DAG(s) 'dag_etl_camara_diario' retrieved from /opt/airflow/dags/dag_etl_camara_diario.py
[2026-07-14T00:01:00.326+0000] {logging_mixin.py:188} INFO - [2026-07-14T00:01:00.326+0000] {dag.py:3036} INFO - Sync 1 DAGs
[2026-07-14T00:01:00.350+0000] {logging_mixin.py:188} INFO - [2026-07-14T00:01:00.350+0000] {dag.py:3823} INFO - Setting next_dagrun for dag_etl_camara_diario to 2026-07-12 03:00:00+00:00, run_after=2026-07-13 03:00:00+00:00
[2026-07-14T00:01:00.366+0000] {processor.py:183} INFO - Processing /opt/airflow/dags/dag_etl_camara_diario.py took 0.076 seconds
[2026-07-14T00:01:30.497+0000] {processor.py:161} INFO - Started process (PID=3684) to work on /opt/airflow/dags/dag_etl_camara_diario.py
[2026-07-14T00:01:30.498+0000] {processor.py:830} INFO - Processing file /opt/airflow/dags/dag_etl_camara_diario.py for tasks to queue
[2026-07-14T00:01:30.499+0000] {logging_mixin.py:188} INFO - [2026-07-14T00:01:30.498+0000] {dagbag.py:538} INFO - Filling up the DagBag from /opt/airflow/dags/dag_etl_camara_diario.py
[2026-07-14T00:01:30.508+0000] {processor.py:840} INFO - DAG(s) 'dag_etl_camara_diario' retrieved from /opt/airflow/dags/dag_etl_camara_diario.py
[2026-07-14T00:01:30.531+0000] {logging_mixin.py:188} INFO - [2026-07-14T00:01:30.530+0000] {dag.py:3036} INFO - Sync 1 DAGs
[2026-07-14T00:01:30.553+0000] {logging_mixin.py:188} INFO - [2026-07-14T00:01:30.553+0000] {dag.py:3823} INFO - Setting next_dagrun for dag_etl_camara_diario to 2026-07-12 03:00:00+00:00, run_after=2026-07-13 03:00:00+00:00
[2026-07-14T00:01:30.569+0000] {processor.py:183} INFO - Processing /opt/airflow/dags/dag_etl_camara_diario.py took 0.074 seconds
[2026-07-14T00:02:00.697+0000] {processor.py:161} INFO - Started process (PID=3699) to work on /opt/airflow/dags/dag_etl_camara_diario.py
[2026-07-14T00:02:00.698+0000] {processor.py:830} INFO - Processing file /opt/airflow/dags/dag_etl_camara_diario.py for tasks to queue
[2026-07-14T00:02:00.698+0000] {logging_mixin.py:188} INFO - [2026-07-14T00:02:00.698+0000] {dagbag.py:538} INFO - Filling up the DagBag from /opt/airflow/dags/dag_etl_camara_diario.py
[2026-07-14T00:02:00.708+0000] {processor.py:840} INFO - DAG(s) 'dag_etl_camara_diario' retrieved from /opt/airflow/dags/dag_etl_camara_diario.py
[2026-07-14T00:02:00.729+0000] {logging_mixin.py:188} INFO - [2026-07-14T00:02:00.729+0000] {dag.py:3036} INFO - Sync 1 DAGs
[2026-07-14T00:02:00.749+0000] {logging_mixin.py:188} INFO - [2026-07-14T00:02:00.749+0000] {dag.py:3823} INFO - Setting next_dagrun for dag_etl_camara_diario to 2026-07-12 03:00:00+00:00, run_after=2026-07-13 03:00:00+00:00
[2026-07-14T00:02:00.768+0000] {processor.py:183} INFO - Processing /opt/airflow/dags/dag_etl_camara_diario.py took 0.073 seconds
[2026-07-14T00:02:30.896+0000] {processor.py:161} INFO - Started process (PID=3714) to work on /opt/airflow/dags/dag_etl_camara_diario.py
[2026-07-14T00:02:30.897+0000] {processor.py:830} INFO - Processing file /opt/airflow/dags/dag_etl_camara_diario.py for tasks to queue
[2026-07-14T00:02:30.898+0000] {logging_mixin.py:188} INFO - [2026-07-14T00:02:30.898+0000] {dagbag.py:538} INFO - Filling up the DagBag from /opt/airflow/dags/dag_etl_camara_diario.py
[2026-07-14T00:02:30.907+0000] {processor.py:840} INFO - DAG(s) 'dag_etl_camara_diario' retrieved from /opt/airflow/dags/dag_etl_camara_diario.py
[2026-07-14T00:02:30.929+0000] {logging_mixin.py:188} INFO - [2026-07-14T00:02:30.928+0000] {dag.py:3036} INFO - Sync 1 DAGs
[2026-07-14T00:02:30.951+0000] {logging_mixin.py:188} INFO - [2026-07-14T00:02:30.951+0000] {dag.py:3823} INFO - Setting next_dagrun for dag_etl_camara_diario to 2026-07-12 03:00:00+00:00, run_after=2026-07-13 03:00:00+00:00
[2026-07-14T00:02:30.967+0000] {processor.py:183} INFO - Processing /opt/airflow/dags/dag_etl_camara_diario.py took 0.073 seconds
[2026-07-14T00:03:01.097+0000] {processor.py:161} INFO - Started process (PID=3729) to work on /opt/airflow/dags/dag_etl_camara_diario.py
[2026-07-14T00:03:01.098+0000] {processor.py:830} INFO - Processing file /opt/airflow/dags/dag_etl_camara_diario.py for tasks to queue
[2026-07-14T00:03:01.099+0000] {logging_mixin.py:188} INFO - [2026-07-14T00:03:01.099+0000] {dagbag.py:538} INFO - Filling up the DagBag from /opt/airflow/dags/dag_etl_camara_diario.py
[2026-07-14T00:03:01.108+0000] {processor.py:840} INFO - DAG(s) 'dag_etl_camara_diario' retrieved from /opt/airflow/dags/dag_etl_camara_diario.py
[2026-07-14T00:03:01.132+0000] {logging_mixin.py:188} INFO - [2026-07-14T00:03:01.131+0000] {dag.py:3036} INFO - Sync 1 DAGs
[2026-07-14T00:03:01.155+0000] {logging_mixin.py:188} INFO - [2026-07-14T00:03:01.155+0000] {dag.py:3823} INFO - Setting next_dagrun for dag_etl_camara_diario to 2026-07-12 03:00:00+00:00, run_after=2026-07-13 03:00:00+00:00
[2026-07-14T00:03:01.174+0000] {processor.py:183} INFO - Processing /opt/airflow/dags/dag_etl_camara_diario.py took 0.079 seconds
[2026-07-14T00:03:31.306+0000] {processor.py:161} INFO - Started process (PID=3744) to work on /opt/airflow/dags/dag_etl_camara_diario.py
[2026-07-14T00:03:31.307+0000] {processor.py:830} INFO - Processing file /opt/airflow/dags/dag_etl_camara_diario.py for tasks to queue
[2026-07-14T00:03:31.308+0000] {logging_mixin.py:188} INFO - [2026-07-14T00:03:31.308+0000] {dagbag.py:538} INFO - Filling up the DagBag from /opt/airflow/dags/dag_etl_camara_diario.py
[2026-07-14T00:03:31.318+0000] {processor.py:840} INFO - DAG(s) 'dag_etl_camara_diario' retrieved from /opt/airflow/dags/dag_etl_camara_diario.py
[2026-07-14T00:03:31.343+0000] {logging_mixin.py:188} INFO - [2026-07-14T00:03:31.343+0000] {dag.py:3036} INFO - Sync 1 DAGs
[2026-07-14T00:03:31.370+0000] {logging_mixin.py:188} INFO - [2026-07-14T00:03:31.370+0000] {dag.py:3823} INFO - Setting next_dagrun for dag_etl_camara_diario to 2026-07-12 03:00:00+00:00, run_after=2026-07-13 03:00:00+00:00
[2026-07-14T00:03:31.386+0000] {processor.py:183} INFO - Processing /opt/airflow/dags/dag_etl_camara_diario.py took 0.083 seconds
[2026-07-14T00:04:01.533+0000] {processor.py:161} INFO - Started process (PID=3759) to work on /opt/airflow/dags/dag_etl_camara_diario.py
[2026-07-14T00:04:01.534+0000] {processor.py:830} INFO - Processing file /opt/airflow/dags/dag_etl_camara_diario.py for tasks to queue
[2026-07-14T00:04:01.535+0000] {logging_mixin.py:188} INFO - [2026-07-14T00:04:01.534+0000] {dagbag.py:538} INFO - Filling up the DagBag from /opt/airflow/dags/dag_etl_camara_diario.py
[2026-07-14T00:04:01.544+0000] {processor.py:840} INFO - DAG(s) 'dag_etl_camara_diario' retrieved from /opt/airflow/dags/dag_etl_camara_diario.py
[2026-07-14T00:04:01.566+0000] {logging_mixin.py:188} INFO - [2026-07-14T00:04:01.566+0000] {dag.py:3036} INFO - Sync 1 DAGs
[2026-07-14T00:04:01.589+0000] {logging_mixin.py:188} INFO - [2026-07-14T00:04:01.589+0000] {dag.py:3823} INFO - Setting next_dagrun for dag_etl_camara_diario to 2026-07-12 03:00:00+00:00, run_after=2026-07-13 03:00:00+00:00
[2026-07-14T00:04:01.603+0000] {processor.py:183} INFO - Processing /opt/airflow/dags/dag_etl_camara_diario.py took 0.073 seconds
[2026-07-14T00:04:31.736+0000] {processor.py:161} INFO - Started process (PID=3774) to work on /opt/airflow/dags/dag_etl_camara_diario.py
[2026-07-14T00:04:31.737+0000] {processor.py:830} INFO - Processing file /opt/airflow/dags/dag_etl_camara_diario.py for tasks to queue
[2026-07-14T00:04:31.737+0000] {logging_mixin.py:188} INFO - [2026-07-14T00:04:31.737+0000] {dagbag.py:538} INFO - Filling up the DagBag from /opt/airflow/dags/dag_etl_camara_diario.py
[2026-07-14T00:04:31.748+0000] {processor.py:840} INFO - DAG(s) 'dag_etl_camara_diario' retrieved from /opt/airflow/dags/dag_etl_camara_diario.py
[2026-07-14T00:04:31.773+0000] {logging_mixin.py:188} INFO - [2026-07-14T00:04:31.773+0000] {dag.py:3036} INFO - Sync 1 DAGs
[2026-07-14T00:04:31.797+0000] {logging_mixin.py:188} INFO - [2026-07-14T00:04:31.797+0000] {dag.py:3823} INFO - Setting next_dagrun for dag_etl_camara_diario to 2026-07-12 03:00:00+00:00, run_after=2026-07-13 03:00:00+00:00
[2026-07-14T00:04:31.814+0000] {processor.py:183} INFO - Processing /opt/airflow/dags/dag_etl_camara_diario.py took 0.081 seconds
[2026-07-14T00:05:01.938+0000] {processor.py:161} INFO - Started process (PID=3789) to work on /opt/airflow/dags/dag_etl_camara_diario.py
[2026-07-14T00:05:01.939+0000] {processor.py:830} INFO - Processing file /opt/airflow/dags/dag_etl_camara_diario.py for tasks to queue
[2026-07-14T00:05:01.940+0000] {logging_mixin.py:188} INFO - [2026-07-14T00:05:01.939+0000] {dagbag.py:538} INFO - Filling up the DagBag from /opt/airflow/dags/dag_etl_camara_diario.py
[2026-07-14T00:05:01.950+0000] {processor.py:840} INFO - DAG(s) 'dag_etl_camara_diario' retrieved from /opt/airflow/dags/dag_etl_camara_diario.py
[2026-07-14T00:05:01.972+0000] {logging_mixin.py:188} INFO - [2026-07-14T00:05:01.972+0000] {dag.py:3036} INFO - Sync 1 DAGs
[2026-07-14T00:05:01.996+0000] {logging_mixin.py:188} INFO - [2026-07-14T00:05:01.996+0000] {dag.py:3823} INFO - Setting next_dagrun for dag_etl_camara_diario to 2026-07-12 03:00:00+00:00, run_after=2026-07-13 03:00:00+00:00
[2026-07-14T00:05:02.012+0000] {processor.py:183} INFO - Processing /opt/airflow/dags/dag_etl_camara_diario.py took 0.077 seconds
[2026-07-14T00:05:32.138+0000] {processor.py:161} INFO - Started process (PID=3804) to work on /opt/airflow/dags/dag_etl_camara_diario.py
[2026-07-14T00:05:32.139+0000] {processor.py:830} INFO - Processing file /opt/airflow/dags/dag_etl_camara_diario.py for tasks to queue
[2026-07-14T00:05:32.139+0000] {logging_mixin.py:188} INFO - [2026-07-14T00:05:32.139+0000] {dagbag.py:538} INFO - Filling up the DagBag from /opt/airflow/dags/dag_etl_camara_diario.py
[2026-07-14T00:05:32.149+0000] {processor.py:840} INFO - DAG(s) 'dag_etl_camara_diario' retrieved from /opt/airflow/dags/dag_etl_camara_diario.py
[2026-07-14T00:05:32.171+0000] {logging_mixin.py:188} INFO - [2026-07-14T00:05:32.171+0000] {dag.py:3036} INFO - Sync 1 DAGs
[2026-07-14T00:05:32.193+0000] {logging_mixin.py:188} INFO - [2026-07-14T00:05:32.193+0000] {dag.py:3823} INFO - Setting next_dagrun for dag_etl_camara_diario to 2026-07-12 03:00:00+00:00, run_after=2026-07-13 03:00:00+00:00
[2026-07-14T00:05:32.208+0000] {processor.py:183} INFO - Processing /opt/airflow/dags/dag_etl_camara_diario.py took 0.073 seconds
[2026-07-14T00:06:02.334+0000] {processor.py:161} INFO - Started process (PID=3819) to work on /opt/airflow/dags/dag_etl_camara_diario.py
[2026-07-14T00:06:02.335+0000] {processor.py:830} INFO - Processing file /opt/airflow/dags/dag_etl_camara_diario.py for tasks to queue
[2026-07-14T00:06:02.336+0000] {logging_mixin.py:188} INFO - [2026-07-14T00:06:02.336+0000] {dagbag.py:538} INFO - Filling up the DagBag from /opt/airflow/dags/dag_etl_camara_diario.py
[2026-07-14T00:06:02.346+0000] {processor.py:840} INFO - DAG(s) 'dag_etl_camara_diario' retrieved from /opt/airflow/dags/dag_etl_camara_diario.py
[2026-07-14T00:06:02.370+0000] {logging_mixin.py:188} INFO - [2026-07-14T00:06:02.369+0000] {dag.py:3036} INFO - Sync 1 DAGs
[2026-07-14T00:06:02.392+0000] {logging_mixin.py:188} INFO - [2026-07-14T00:06:02.392+0000] {dag.py:3823} INFO - Setting next_dagrun for dag_etl_camara_diario to 2026-07-12 03:00:00+00:00, run_after=2026-07-13 03:00:00+00:00
[2026-07-14T00:06:02.408+0000] {processor.py:183} INFO - Processing /opt/airflow/dags/dag_etl_camara_diario.py took 0.076 seconds
[2026-07-14T00:06:32.536+0000] {processor.py:161} INFO - Started process (PID=3834) to work on /opt/airflow/dags/dag_etl_camara_diario.py
[2026-07-14T00:06:32.537+0000] {processor.py:830} INFO - Processing file /opt/airflow/dags/dag_etl_camara_diario.py for tasks to queue
[2026-07-14T00:06:32.538+0000] {logging_mixin.py:188} INFO - [2026-07-14T00:06:32.537+0000] {dagbag.py:538} INFO - Filling up the DagBag from /opt/airflow/dags/dag_etl_camara_diario.py
[2026-07-14T00:06:32.547+0000] {processor.py:840} INFO - DAG(s) 'dag_etl_camara_diario' retrieved from /opt/airflow/dags/dag_etl_camara_diario.py
[2026-07-14T00:06:32.568+0000] {logging_mixin.py:188} INFO - [2026-07-14T00:06:32.567+0000] {dag.py:3036} INFO - Sync 1 DAGs
[2026-07-14T00:06:32.590+0000] {logging_mixin.py:188} INFO - [2026-07-14T00:06:32.590+0000] {dag.py:3823} INFO - Setting next_dagrun for dag_etl_camara_diario to 2026-07-12 03:00:00+00:00, run_after=2026-07-13 03:00:00+00:00
[2026-07-14T00:06:32.605+0000] {processor.py:183} INFO - Processing /opt/airflow/dags/dag_etl_camara_diario.py took 0.072 seconds
[2026-07-14T00:07:02.729+0000] {processor.py:161} INFO - Started process (PID=3849) to work on /opt/airflow/dags/dag_etl_camara_diario.py
[2026-07-14T00:07:02.730+0000] {processor.py:830} INFO - Processing file /opt/airflow/dags/dag_etl_camara_diario.py for tasks to queue
[2026-07-14T00:07:02.730+0000] {logging_mixin.py:188} INFO - [2026-07-14T00:07:02.730+0000] {dagbag.py:538} INFO - Filling up the DagBag from /opt/airflow/dags/dag_etl_camara_diario.py
[2026-07-14T00:07:02.740+0000] {processor.py:840} INFO - DAG(s) 'dag_etl_camara_diario' retrieved from /opt/airflow/dags/dag_etl_camara_diario.py
[2026-07-14T00:07:02.761+0000] {logging_mixin.py:188} INFO - [2026-07-14T00:07:02.761+0000] {dag.py:3036} INFO - Sync 1 DAGs
[2026-07-14T00:07:02.784+0000] {logging_mixin.py:188} INFO - [2026-07-14T00:07:02.784+0000] {dag.py:3823} INFO - Setting next_dagrun for dag_etl_camara_diario to 2026-07-12 03:00:00+00:00, run_after=2026-07-13 03:00:00+00:00
[2026-07-14T00:07:02.800+0000] {processor.py:183} INFO - Processing /opt/airflow/dags/dag_etl_camara_diario.py took 0.074 seconds
[2026-07-14T00:07:32.921+0000] {processor.py:161} INFO - Started process (PID=3864) to work on /opt/airflow/dags/dag_etl_camara_diario.py
[2026-07-14T00:07:32.922+0000] {processor.py:830} INFO - Processing file /opt/airflow/dags/dag_etl_camara_diario.py for tasks to queue
[2026-07-14T00:07:32.923+0000] {logging_mixin.py:188} INFO - [2026-07-14T00:07:32.922+0000] {dagbag.py:538} INFO - Filling up the DagBag from /opt/airflow/dags/dag_etl_camara_diario.py
[2026-07-14T00:07:32.931+0000] {processor.py:840} INFO - DAG(s) 'dag_etl_camara_diario' retrieved from /opt/airflow/dags/dag_etl_camara_diario.py
[2026-07-14T00:07:32.952+0000] {logging_mixin.py:188} INFO - [2026-07-14T00:07:32.952+0000] {dag.py:3036} INFO - Sync 1 DAGs
[2026-07-14T00:07:32.971+0000] {logging_mixin.py:188} INFO - [2026-07-14T00:07:32.971+0000] {dag.py:3823} INFO - Setting next_dagrun for dag_etl_camara_diario to 2026-07-12 03:00:00+00:00, run_after=2026-07-13 03:00:00+00:00
[2026-07-14T00:07:32.987+0000] {processor.py:183} INFO - Processing /opt/airflow/dags/dag_etl_camara_diario.py took 0.069 seconds
[2026-07-14T00:08:03.114+0000] {processor.py:161} INFO - Started process (PID=3879) to work on /opt/airflow/dags/dag_etl_camara_diario.py
[2026-07-14T00:08:03.115+0000] {processor.py:830} INFO - Processing file /opt/airflow/dags/dag_etl_camara_diario.py for tasks to queue
[2026-07-14T00:08:03.116+0000] {logging_mixin.py:188} INFO - [2026-07-14T00:08:03.116+0000] {dagbag.py:538} INFO - Filling up the DagBag from /opt/airflow/dags/dag_etl_camara_diario.py
[2026-07-14T00:08:03.125+0000] {processor.py:840} INFO - DAG(s) 'dag_etl_camara_diario' retrieved from /opt/airflow/dags/dag_etl_camara_diario.py
[2026-07-14T00:08:03.145+0000] {logging_mixin.py:188} INFO - [2026-07-14T00:08:03.145+0000] {dag.py:3036} INFO - Sync 1 DAGs
[2026-07-14T00:08:03.166+0000] {logging_mixin.py:188} INFO - [2026-07-14T00:08:03.166+0000] {dag.py:3823} INFO - Setting next_dagrun for dag_etl_camara_diario to 2026-07-12 03:00:00+00:00, run_after=2026-07-13 03:00:00+00:00
[2026-07-14T00:08:03.182+0000] {processor.py:183} INFO - Processing /opt/airflow/dags/dag_etl_camara_diario.py took 0.070 seconds
[2026-07-14T00:08:33.309+0000] {processor.py:161} INFO - Started process (PID=3894) to work on /opt/airflow/dags/dag_etl_camara_diario.py
[2026-07-14T00:08:33.309+0000] {processor.py:830} INFO - Processing file /opt/airflow/dags/dag_etl_camara_diario.py for tasks to queue
[2026-07-14T00:08:33.310+0000] {logging_mixin.py:188} INFO - [2026-07-14T00:08:33.310+0000] {dagbag.py:538} INFO - Filling up the DagBag from /opt/airflow/dags/dag_etl_camara_diario.py
[2026-07-14T00:08:33.320+0000] {processor.py:840} INFO - DAG(s) 'dag_etl_camara_diario' retrieved from /opt/airflow/dags/dag_etl_camara_diario.py
[2026-07-14T00:08:33.343+0000] {logging_mixin.py:188} INFO - [2026-07-14T00:08:33.343+0000] {dag.py:3036} INFO - Sync 1 DAGs
[2026-07-14T00:08:33.366+0000] {logging_mixin.py:188} INFO - [2026-07-14T00:08:33.366+0000] {dag.py:3823} INFO - Setting next_dagrun for dag_etl_camara_diario to 2026-07-12 03:00:00+00:00, run_after=2026-07-13 03:00:00+00:00
[2026-07-14T00:08:33.382+0000] {processor.py:183} INFO - Processing /opt/airflow/dags/dag_etl_camara_diario.py took 0.076 seconds
[2026-07-14T00:09:03.504+0000] {processor.py:161} INFO - Started process (PID=3909) to work on /opt/airflow/dags/dag_etl_camara_diario.py
[2026-07-14T00:09:03.505+0000] {processor.py:830} INFO - Processing file /opt/airflow/dags/dag_etl_camara_diario.py for tasks to queue
[2026-07-14T00:09:03.506+0000] {logging_mixin.py:188} INFO - [2026-07-14T00:09:03.506+0000] {dagbag.py:538} INFO - Filling up the DagBag from /opt/airflow/dags/dag_etl_camara_diario.py
[2026-07-14T00:09:03.515+0000] {processor.py:840} INFO - DAG(s) 'dag_etl_camara_diario' retrieved from /opt/airflow/dags/dag_etl_camara_diario.py
[2026-07-14T00:09:03.536+0000] {logging_mixin.py:188} INFO - [2026-07-14T00:09:03.536+0000] {dag.py:3036} INFO - Sync 1 DAGs
[2026-07-14T00:09:03.560+0000] {logging_mixin.py:188} INFO - [2026-07-14T00:09:03.560+0000] {dag.py:3823} INFO - Setting next_dagrun for dag_etl_camara_diario to 2026-07-12 03:00:00+00:00, run_after=2026-07-13 03:00:00+00:00
[2026-07-14T00:09:03.577+0000] {processor.py:183} INFO - Processing /opt/airflow/dags/dag_etl_camara_diario.py took 0.075 seconds
[2026-07-14T00:09:33.703+0000] {processor.py:161} INFO - Started process (PID=3924) to work on /opt/airflow/dags/dag_etl_camara_diario.py
[2026-07-14T00:09:33.704+0000] {processor.py:830} INFO - Processing file /opt/airflow/dags/dag_etl_camara_diario.py for tasks to queue
[2026-07-14T00:09:33.705+0000] {logging_mixin.py:188} INFO - [2026-07-14T00:09:33.704+0000] {dagbag.py:538} INFO - Filling up the DagBag from /opt/airflow/dags/dag_etl_camara_diario.py
[2026-07-14T00:09:33.714+0000] {processor.py:840} INFO - DAG(s) 'dag_etl_camara_diario' retrieved from /opt/airflow/dags/dag_etl_camara_diario.py
[2026-07-14T00:09:33.736+0000] {logging_mixin.py:188} INFO - [2026-07-14T00:09:33.735+0000] {dag.py:3036} INFO - Sync 1 DAGs
[2026-07-14T00:09:33.757+0000] {logging_mixin.py:188} INFO - [2026-07-14T00:09:33.757+0000] {dag.py:3823} INFO - Setting next_dagrun for dag_etl_camara_diario to 2026-07-12 03:00:00+00:00, run_after=2026-07-13 03:00:00+00:00
[2026-07-14T00:09:33.773+0000] {processor.py:183} INFO - Processing /opt/airflow/dags/dag_etl_camara_diario.py took 0.072 seconds
[2026-07-14T00:10:03.889+0000] {processor.py:161} INFO - Started process (PID=3939) to work on /opt/airflow/dags/dag_etl_camara_diario.py
[2026-07-14T00:10:03.890+0000] {processor.py:830} INFO - Processing file /opt/airflow/dags/dag_etl_camara_diario.py for tasks to queue
[2026-07-14T00:10:03.891+0000] {logging_mixin.py:188} INFO - [2026-07-14T00:10:03.891+0000] {dagbag.py:538} INFO - Filling up the DagBag from /opt/airflow/dags/dag_etl_camara_diario.py
[2026-07-14T00:10:03.900+0000] {processor.py:840} INFO - DAG(s) 'dag_etl_camara_diario' retrieved from /opt/airflow/dags/dag_etl_camara_diario.py
[2026-07-14T00:10:03.921+0000] {logging_mixin.py:188} INFO - [2026-07-14T00:10:03.921+0000] {dag.py:3036} INFO - Sync 1 DAGs
[2026-07-14T00:10:03.943+0000] {logging_mixin.py:188} INFO - [2026-07-14T00:10:03.943+0000] {dag.py:3823} INFO - Setting next_dagrun for dag_etl_camara_diario to 2026-07-12 03:00:00+00:00, run_after=2026-07-13 03:00:00+00:00
[2026-07-14T00:10:03.957+0000] {processor.py:183} INFO - Processing /opt/airflow/dags/dag_etl_camara_diario.py took 0.070 seconds
[2026-07-14T00:10:34.086+0000] {processor.py:161} INFO - Started process (PID=3954) to work on /opt/airflow/dags/dag_etl_camara_diario.py
[2026-07-14T00:10:34.087+0000] {processor.py:830} INFO - Processing file /opt/airflow/dags/dag_etl_camara_diario.py for tasks to queue
[2026-07-14T00:10:34.088+0000] {logging_mixin.py:188} INFO - [2026-07-14T00:10:34.087+0000] {dagbag.py:538} INFO - Filling up the DagBag from /opt/airflow/dags/dag_etl_camara_diario.py
[2026-07-14T00:10:34.096+0000] {processor.py:840} INFO - DAG(s) 'dag_etl_camara_diario' retrieved from /opt/airflow/dags/dag_etl_camara_diario.py
[2026-07-14T00:10:34.119+0000] {logging_mixin.py:188} INFO - [2026-07-14T00:10:34.119+0000] {dag.py:3036} INFO - Sync 1 DAGs
[2026-07-14T00:10:34.140+0000] {logging_mixin.py:188} INFO - [2026-07-14T00:10:34.140+0000] {dag.py:3823} INFO - Setting next_dagrun for dag_etl_camara_diario to 2026-07-12 03:00:00+00:00, run_after=2026-07-13 03:00:00+00:00
[2026-07-14T00:10:34.155+0000] {processor.py:183} INFO - Processing /opt/airflow/dags/dag_etl_camara_diario.py took 0.071 seconds
[2026-07-14T00:11:04.282+0000] {processor.py:161} INFO - Started process (PID=3969) to work on /opt/airflow/dags/dag_etl_camara_diario.py
[2026-07-14T00:11:04.282+0000] {processor.py:830} INFO - Processing file /opt/airflow/dags/dag_etl_camara_diario.py for tasks to queue
[2026-07-14T00:11:04.283+0000] {logging_mixin.py:188} INFO - [2026-07-14T00:11:04.283+0000] {dagbag.py:538} INFO - Filling up the DagBag from /opt/airflow/dags/dag_etl_camara_diario.py
[2026-07-14T00:11:04.292+0000] {processor.py:840} INFO - DAG(s) 'dag_etl_camara_diario' retrieved from /opt/airflow/dags/dag_etl_camara_diario.py
[2026-07-14T00:11:04.314+0000] {logging_mixin.py:188} INFO - [2026-07-14T00:11:04.314+0000] {dag.py:3036} INFO - Sync 1 DAGs
[2026-07-14T00:11:04.336+0000] {logging_mixin.py:188} INFO - [2026-07-14T00:11:04.335+0000] {dag.py:3823} INFO - Setting next_dagrun for dag_etl_camara_diario to 2026-07-12 03:00:00+00:00, run_after=2026-07-13 03:00:00+00:00
[2026-07-14T00:11:04.351+0000] {processor.py:183} INFO - Processing /opt/airflow/dags/dag_etl_camara_diario.py took 0.072 seconds
[2026-07-14T00:11:34.480+0000] {processor.py:161} INFO - Started process (PID=3984) to work on /opt/airflow/dags/dag_etl_camara_diario.py
[2026-07-14T00:11:34.480+0000] {processor.py:830} INFO - Processing file /opt/airflow/dags/dag_etl_camara_diario.py for tasks to queue
[2026-07-14T00:11:34.481+0000] {logging_mixin.py:188} INFO - [2026-07-14T00:11:34.481+0000] {dagbag.py:538} INFO - Filling up the DagBag from /opt/airflow/dags/dag_etl_camara_diario.py
[2026-07-14T00:11:34.491+0000] {processor.py:840} INFO - DAG(s) 'dag_etl_camara_diario' retrieved from /opt/airflow/dags/dag_etl_camara_diario.py
[2026-07-14T00:11:34.512+0000] {logging_mixin.py:188} INFO - [2026-07-14T00:11:34.512+0000] {dag.py:3036} INFO - Sync 1 DAGs
[2026-07-14T00:11:34.532+0000] {logging_mixin.py:188} INFO - [2026-07-14T00:11:34.532+0000] {dag.py:3823} INFO - Setting next_dagrun for dag_etl_camara_diario to 2026-07-12 03:00:00+00:00, run_after=2026-07-13 03:00:00+00:00
[2026-07-14T00:11:34.548+0000] {processor.py:183} INFO - Processing /opt/airflow/dags/dag_etl_camara_diario.py took 0.071 seconds
[2026-07-14T00:12:04.674+0000] {processor.py:161} INFO - Started process (PID=3999) to work on /opt/airflow/dags/dag_etl_camara_diario.py
[2026-07-14T00:12:04.675+0000] {processor.py:830} INFO - Processing file /opt/airflow/dags/dag_etl_camara_diario.py for tasks to queue
[2026-07-14T00:12:04.676+0000] {logging_mixin.py:188} INFO - [2026-07-14T00:12:04.676+0000] {dagbag.py:538} INFO - Filling up the DagBag from /opt/airflow/dags/dag_etl_camara_diario.py
[2026-07-14T00:12:04.685+0000] {processor.py:840} INFO - DAG(s) 'dag_etl_camara_diario' retrieved from /opt/airflow/dags/dag_etl_camara_diario.py
[2026-07-14T00:12:04.706+0000] {logging_mixin.py:188} INFO - [2026-07-14T00:12:04.706+0000] {dag.py:3036} INFO - Sync 1 DAGs
[2026-07-14T00:12:04.728+0000] {logging_mixin.py:188} INFO - [2026-07-14T00:12:04.728+0000] {dag.py:3823} INFO - Setting next_dagrun for dag_etl_camara_diario to 2026-07-12 03:00:00+00:00, run_after=2026-07-13 03:00:00+00:00
[2026-07-14T00:12:04.744+0000] {processor.py:183} INFO - Processing /opt/airflow/dags/dag_etl_camara_diario.py took 0.072 seconds
[2026-07-14T00:12:34.877+0000] {processor.py:161} INFO - Started process (PID=4014) to work on /opt/airflow/dags/dag_etl_camara_diario.py
[2026-07-14T00:12:34.878+0000] {processor.py:830} INFO - Processing file /opt/airflow/dags/dag_etl_camara_diario.py for tasks to queue
[2026-07-14T00:12:34.878+0000] {logging_mixin.py:188} INFO - [2026-07-14T00:12:34.878+0000] {dagbag.py:538} INFO - Filling up the DagBag from /opt/airflow/dags/dag_etl_camara_diario.py
[2026-07-14T00:12:34.888+0000] {processor.py:840} INFO - DAG(s) 'dag_etl_camara_diario' retrieved from /opt/airflow/dags/dag_etl_camara_diario.py
[2026-07-14T00:12:34.909+0000] {logging_mixin.py:188} INFO - [2026-07-14T00:12:34.909+0000] {dag.py:3036} INFO - Sync 1 DAGs
[2026-07-14T00:12:34.933+0000] {logging_mixin.py:188} INFO - [2026-07-14T00:12:34.933+0000] {dag.py:3823} INFO - Setting next_dagrun for dag_etl_camara_diario to 2026-07-12 03:00:00+00:00, run_after=2026-07-13 03:00:00+00:00
[2026-07-14T00:12:34.949+0000] {processor.py:183} INFO - Processing /opt/airflow/dags/dag_etl_camara_diario.py took 0.074 seconds
[2026-07-14T00:13:05.075+0000] {processor.py:161} INFO - Started process (PID=4029) to work on /opt/airflow/dags/dag_etl_camara_diario.py
[2026-07-14T00:13:05.076+0000] {processor.py:830} INFO - Processing file /opt/airflow/dags/dag_etl_camara_diario.py for tasks to queue
[2026-07-14T00:13:05.077+0000] {logging_mixin.py:188} INFO - [2026-07-14T00:13:05.076+0000] {dagbag.py:538} INFO - Filling up the DagBag from /opt/airflow/dags/dag_etl_camara_diario.py
[2026-07-14T00:13:05.086+0000] {processor.py:840} INFO - DAG(s) 'dag_etl_camara_diario' retrieved from /opt/airflow/dags/dag_etl_camara_diario.py
[2026-07-14T00:13:05.107+0000] {logging_mixin.py:188} INFO - [2026-07-14T00:13:05.107+0000] {dag.py:3036} INFO - Sync 1 DAGs
[2026-07-14T00:13:05.128+0000] {logging_mixin.py:188} INFO - [2026-07-14T00:13:05.128+0000] {dag.py:3823} INFO - Setting next_dagrun for dag_etl_camara_diario to 2026-07-12 03:00:00+00:00, run_after=2026-07-13 03:00:00+00:00
[2026-07-14T00:13:05.145+0000] {processor.py:183} INFO - Processing /opt/airflow/dags/dag_etl_camara_diario.py took 0.072 seconds
[2026-07-14T00:13:35.269+0000] {processor.py:161} INFO - Started process (PID=4044) to work on /opt/airflow/dags/dag_etl_camara_diario.py
[2026-07-14T00:13:35.269+0000] {processor.py:830} INFO - Processing file /opt/airflow/dags/dag_etl_camara_diario.py for tasks to queue
[2026-07-14T00:13:35.270+0000] {logging_mixin.py:188} INFO - [2026-07-14T00:13:35.270+0000] {dagbag.py:538} INFO - Filling up the DagBag from /opt/airflow/dags/dag_etl_camara_diario.py
[2026-07-14T00:13:35.279+0000] {processor.py:840} INFO - DAG(s) 'dag_etl_camara_diario' retrieved from /opt/airflow/dags/dag_etl_camara_diario.py
[2026-07-14T00:13:35.304+0000] {logging_mixin.py:188} INFO - [2026-07-14T00:13:35.303+0000] {dag.py:3036} INFO - Sync 1 DAGs
[2026-07-14T00:13:35.325+0000] {logging_mixin.py:188} INFO - [2026-07-14T00:13:35.325+0000] {dag.py:3823} INFO - Setting next_dagrun for dag_etl_camara_diario to 2026-07-12 03:00:00+00:00, run_after=2026-07-13 03:00:00+00:00
[2026-07-14T00:13:35.340+0000] {processor.py:183} INFO - Processing /opt/airflow/dags/dag_etl_camara_diario.py took 0.073 seconds
[2026-07-14T00:14:05.473+0000] {processor.py:161} INFO - Started process (PID=4059) to work on /opt/airflow/dags/dag_etl_camara_diario.py
[2026-07-14T00:14:05.474+0000] {processor.py:830} INFO - Processing file /opt/airflow/dags/dag_etl_camara_diario.py for tasks to queue
[2026-07-14T00:14:05.474+0000] {logging_mixin.py:188} INFO - [2026-07-14T00:14:05.474+0000] {dagbag.py:538} INFO - Filling up the DagBag from /opt/airflow/dags/dag_etl_camara_diario.py
[2026-07-14T00:14:05.488+0000] {processor.py:840} INFO - DAG(s) 'dag_etl_camara_diario' retrieved from /opt/airflow/dags/dag_etl_camara_diario.py
[2026-07-14T00:14:05.510+0000] {logging_mixin.py:188} INFO - [2026-07-14T00:14:05.510+0000] {dag.py:3036} INFO - Sync 1 DAGs
[2026-07-14T00:14:05.530+0000] {logging_mixin.py:188} INFO - [2026-07-14T00:14:05.530+0000] {dag.py:3823} INFO - Setting next_dagrun for dag_etl_camara_diario to 2026-07-12 03:00:00+00:00, run_after=2026-07-13 03:00:00+00:00
[2026-07-14T00:14:05.545+0000] {processor.py:183} INFO - Processing /opt/airflow/dags/dag_etl_camara_diario.py took 0.075 seconds
[2026-07-14T00:14:35.670+0000] {processor.py:161} INFO - Started process (PID=4074) to work on /opt/airflow/dags/dag_etl_camara_diario.py
[2026-07-14T00:14:35.670+0000] {processor.py:830} INFO - Processing file /opt/airflow/dags/dag_etl_camara_diario.py for tasks to queue
[2026-07-14T00:14:35.671+0000] {logging_mixin.py:188} INFO - [2026-07-14T00:14:35.670+0000] {dagbag.py:538} INFO - Filling up the DagBag from /opt/airflow/dags/dag_etl_camara_diario.py
[2026-07-14T00:14:35.684+0000] {processor.py:840} INFO - DAG(s) 'dag_etl_camara_diario' retrieved from /opt/airflow/dags/dag_etl_camara_diario.py
[2026-07-14T00:14:35.705+0000] {logging_mixin.py:188} INFO - [2026-07-14T00:14:35.705+0000] {dag.py:3036} INFO - Sync 1 DAGs
[2026-07-14T00:14:35.728+0000] {logging_mixin.py:188} INFO - [2026-07-14T00:14:35.728+0000] {dag.py:3823} INFO - Setting next_dagrun for dag_etl_camara_diario to 2026-07-12 03:00:00+00:00, run_after=2026-07-13 03:00:00+00:00
[2026-07-14T00:14:35.744+0000] {processor.py:183} INFO - Processing /opt/airflow/dags/dag_etl_camara_diario.py took 0.077 seconds
[2026-07-14T00:15:05.865+0000] {processor.py:161} INFO - Started process (PID=4089) to work on /opt/airflow/dags/dag_etl_camara_diario.py
[2026-07-14T00:15:05.866+0000] {processor.py:830} INFO - Processing file /opt/airflow/dags/dag_etl_camara_diario.py for tasks to queue
[2026-07-14T00:15:05.867+0000] {logging_mixin.py:188} INFO - [2026-07-14T00:15:05.866+0000] {dagbag.py:538} INFO - Filling up the DagBag from /opt/airflow/dags/dag_etl_camara_diario.py
[2026-07-14T00:15:05.879+0000] {processor.py:840} INFO - DAG(s) 'dag_etl_camara_diario' retrieved from /opt/airflow/dags/dag_etl_camara_diario.py
[2026-07-14T00:15:05.899+0000] {logging_mixin.py:188} INFO - [2026-07-14T00:15:05.899+0000] {dag.py:3036} INFO - Sync 1 DAGs
[2026-07-14T00:15:05.921+0000] {logging_mixin.py:188} INFO - [2026-07-14T00:15:05.921+0000] {dag.py:3823} INFO - Setting next_dagrun for dag_etl_camara_diario to 2026-07-12 03:00:00+00:00, run_after=2026-07-13 03:00:00+00:00
[2026-07-14T00:15:05.936+0000] {processor.py:183} INFO - Processing /opt/airflow/dags/dag_etl_camara_diario.py took 0.074 seconds
[2026-07-14T00:15:36.063+0000] {processor.py:161} INFO - Started process (PID=4104) to work on /opt/airflow/dags/dag_etl_camara_diario.py
[2026-07-14T00:15:36.063+0000] {processor.py:830} INFO - Processing file /opt/airflow/dags/dag_etl_camara_diario.py for tasks to queue
[2026-07-14T00:15:36.064+0000] {logging_mixin.py:188} INFO - [2026-07-14T00:15:36.064+0000] {dagbag.py:538} INFO - Filling up the DagBag from /opt/airflow/dags/dag_etl_camara_diario.py
[2026-07-14T00:15:36.076+0000] {processor.py:840} INFO - DAG(s) 'dag_etl_camara_diario' retrieved from /opt/airflow/dags/dag_etl_camara_diario.py
[2026-07-14T00:15:36.097+0000] {logging_mixin.py:188} INFO - [2026-07-14T00:15:36.097+0000] {dag.py:3036} INFO - Sync 1 DAGs
[2026-07-14T00:15:36.118+0000] {logging_mixin.py:188} INFO - [2026-07-14T00:15:36.118+0000] {dag.py:3823} INFO - Setting next_dagrun for dag_etl_camara_diario to 2026-07-12 03:00:00+00:00, run_after=2026-07-13 03:00:00+00:00
[2026-07-14T00:15:36.133+0000] {processor.py:183} INFO - Processing /opt/airflow/dags/dag_etl_camara_diario.py took 0.073 seconds
[2026-07-14T00:16:06.262+0000] {processor.py:161} INFO - Started process (PID=4119) to work on /opt/airflow/dags/dag_etl_camara_diario.py
[2026-07-14T00:16:06.263+0000] {processor.py:830} INFO - Processing file /opt/airflow/dags/dag_etl_camara_diario.py for tasks to queue
[2026-07-14T00:16:06.264+0000] {logging_mixin.py:188} INFO - [2026-07-14T00:16:06.263+0000] {dagbag.py:538} INFO - Filling up the DagBag from /opt/airflow/dags/dag_etl_camara_diario.py
[2026-07-14T00:16:06.272+0000] {processor.py:840} INFO - DAG(s) 'dag_etl_camara_diario' retrieved from /opt/airflow/dags/dag_etl_camara_diario.py
[2026-07-14T00:16:06.294+0000] {logging_mixin.py:188} INFO - [2026-07-14T00:16:06.294+0000] {dag.py:3036} INFO - Sync 1 DAGs
[2026-07-14T00:16:06.316+0000] {logging_mixin.py:188} INFO - [2026-07-14T00:16:06.316+0000] {dag.py:3823} INFO - Setting next_dagrun for dag_etl_camara_diario to 2026-07-12 03:00:00+00:00, run_after=2026-07-13 03:00:00+00:00
[2026-07-14T00:16:06.329+0000] {processor.py:183} INFO - Processing /opt/airflow/dags/dag_etl_camara_diario.py took 0.070 seconds
[2026-07-14T00:16:36.458+0000] {processor.py:161} INFO - Started process (PID=4134) to work on /opt/airflow/dags/dag_etl_camara_diario.py
[2026-07-14T00:16:36.459+0000] {processor.py:830} INFO - Processing file /opt/airflow/dags/dag_etl_camara_diario.py for tasks to queue
[2026-07-14T00:16:36.460+0000] {logging_mixin.py:188} INFO - [2026-07-14T00:16:36.460+0000] {dagbag.py:538} INFO - Filling up the DagBag from /opt/airflow/dags/dag_etl_camara_diario.py
[2026-07-14T00:16:36.471+0000] {processor.py:840} INFO - DAG(s) 'dag_etl_camara_diario' retrieved from /opt/airflow/dags/dag_etl_camara_diario.py
[2026-07-14T00:16:36.494+0000] {logging_mixin.py:188} INFO - [2026-07-14T00:16:36.494+0000] {dag.py:3036} INFO - Sync 1 DAGs
[2026-07-14T00:16:36.519+0000] {logging_mixin.py:188} INFO - [2026-07-14T00:16:36.519+0000] {dag.py:3823} INFO - Setting next_dagrun for dag_etl_camara_diario to 2026-07-12 03:00:00+00:00, run_after=2026-07-13 03:00:00+00:00
[2026-07-14T00:16:36.537+0000] {processor.py:183} INFO - Processing /opt/airflow/dags/dag_etl_camara_diario.py took 0.081 seconds
[2026-07-14T00:17:06.663+0000] {processor.py:161} INFO - Started process (PID=4149) to work on /opt/airflow/dags/dag_etl_camara_diario.py
[2026-07-14T00:17:06.663+0000] {processor.py:830} INFO - Processing file /opt/airflow/dags/dag_etl_camara_diario.py for tasks to queue
[2026-07-14T00:17:06.664+0000] {logging_mixin.py:188} INFO - [2026-07-14T00:17:06.664+0000] {dagbag.py:538} INFO - Filling up the DagBag from /opt/airflow/dags/dag_etl_camara_diario.py
[2026-07-14T00:17:06.674+0000] {processor.py:840} INFO - DAG(s) 'dag_etl_camara_diario' retrieved from /opt/airflow/dags/dag_etl_camara_diario.py
[2026-07-14T00:17:06.696+0000] {logging_mixin.py:188} INFO - [2026-07-14T00:17:06.696+0000] {dag.py:3036} INFO - Sync 1 DAGs
[2026-07-14T00:17:06.721+0000] {logging_mixin.py:188} INFO - [2026-07-14T00:17:06.721+0000] {dag.py:3823} INFO - Setting next_dagrun for dag_etl_camara_diario to 2026-07-12 03:00:00+00:00, run_after=2026-07-13 03:00:00+00:00
[2026-07-14T00:17:06.739+0000] {processor.py:183} INFO - Processing /opt/airflow/dags/dag_etl_camara_diario.py took 0.079 seconds
[2026-07-14T00:17:36.869+0000] {processor.py:161} INFO - Started process (PID=4164) to work on /opt/airflow/dags/dag_etl_camara_diario.py
[2026-07-14T00:17:36.869+0000] {processor.py:830} INFO - Processing file /opt/airflow/dags/dag_etl_camara_diario.py for tasks to queue
[2026-07-14T00:17:36.870+0000] {logging_mixin.py:188} INFO - [2026-07-14T00:17:36.870+0000] {dagbag.py:538} INFO - Filling up the DagBag from /opt/airflow/dags/dag_etl_camara_diario.py
[2026-07-14T00:17:36.878+0000] {processor.py:840} INFO - DAG(s) 'dag_etl_camara_diario' retrieved from /opt/airflow/dags/dag_etl_camara_diario.py
[2026-07-14T00:17:36.899+0000] {logging_mixin.py:188} INFO - [2026-07-14T00:17:36.899+0000] {dag.py:3036} INFO - Sync 1 DAGs
[2026-07-14T00:17:36.919+0000] {logging_mixin.py:188} INFO - [2026-07-14T00:17:36.919+0000] {dag.py:3823} INFO - Setting next_dagrun for dag_etl_camara_diario to 2026-07-12 03:00:00+00:00, run_after=2026-07-13 03:00:00+00:00
[2026-07-14T00:17:36.936+0000] {processor.py:183} INFO - Processing /opt/airflow/dags/dag_etl_camara_diario.py took 0.070 seconds
[2026-07-14T00:18:07.064+0000] {processor.py:161} INFO - Started process (PID=4179) to work on /opt/airflow/dags/dag_etl_camara_diario.py
[2026-07-14T00:18:07.065+0000] {processor.py:830} INFO - Processing file /opt/airflow/dags/dag_etl_camara_diario.py for tasks to queue
[2026-07-14T00:18:07.066+0000] {logging_mixin.py:188} INFO - [2026-07-14T00:18:07.065+0000] {dagbag.py:538} INFO - Filling up the DagBag from /opt/airflow/dags/dag_etl_camara_diario.py
[2026-07-14T00:18:07.075+0000] {processor.py:840} INFO - DAG(s) 'dag_etl_camara_diario' retrieved from /opt/airflow/dags/dag_etl_camara_diario.py
[2026-07-14T00:18:07.097+0000] {logging_mixin.py:188} INFO - [2026-07-14T00:18:07.097+0000] {dag.py:3036} INFO - Sync 1 DAGs
[2026-07-14T00:18:07.118+0000] {logging_mixin.py:188} INFO - [2026-07-14T00:18:07.118+0000] {dag.py:3823} INFO - Setting next_dagrun for dag_etl_camara_diario to 2026-07-12 03:00:00+00:00, run_after=2026-07-13 03:00:00+00:00
[2026-07-14T00:18:07.134+0000] {processor.py:183} INFO - Processing /opt/airflow/dags/dag_etl_camara_diario.py took 0.072 seconds
[2026-07-14T00:18:37.261+0000] {processor.py:161} INFO - Started process (PID=4194) to work on /opt/airflow/dags/dag_etl_camara_diario.py
[2026-07-14T00:18:37.261+0000] {processor.py:830} INFO - Processing file /opt/airflow/dags/dag_etl_camara_diario.py for tasks to queue
[2026-07-14T00:18:37.262+0000] {logging_mixin.py:188} INFO - [2026-07-14T00:18:37.262+0000] {dagbag.py:538} INFO - Filling up the DagBag from /opt/airflow/dags/dag_etl_camara_diario.py
[2026-07-14T00:18:37.271+0000] {processor.py:840} INFO - DAG(s) 'dag_etl_camara_diario' retrieved from /opt/airflow/dags/dag_etl_camara_diario.py
[2026-07-14T00:18:37.294+0000] {logging_mixin.py:188} INFO - [2026-07-14T00:18:37.293+0000] {dag.py:3036} INFO - Sync 1 DAGs
[2026-07-14T00:18:37.318+0000] {logging_mixin.py:188} INFO - [2026-07-14T00:18:37.318+0000] {dag.py:3823} INFO - Setting next_dagrun for dag_etl_camara_diario to 2026-07-12 03:00:00+00:00, run_after=2026-07-13 03:00:00+00:00
[2026-07-14T00:18:37.334+0000] {processor.py:183} INFO - Processing /opt/airflow/dags/dag_etl_camara_diario.py took 0.076 seconds
[2026-07-14T00:19:07.462+0000] {processor.py:161} INFO - Started process (PID=4209) to work on /opt/airflow/dags/dag_etl_camara_diario.py
[2026-07-14T00:19:07.462+0000] {processor.py:830} INFO - Processing file /opt/airflow/dags/dag_etl_camara_diario.py for tasks to queue
[2026-07-14T00:19:07.463+0000] {logging_mixin.py:188} INFO - [2026-07-14T00:19:07.463+0000] {dagbag.py:538} INFO - Filling up the DagBag from /opt/airflow/dags/dag_etl_camara_diario.py
[2026-07-14T00:19:07.472+0000] {processor.py:840} INFO - DAG(s) 'dag_etl_camara_diario' retrieved from /opt/airflow/dags/dag_etl_camara_diario.py
[2026-07-14T00:19:07.493+0000] {logging_mixin.py:188} INFO - [2026-07-14T00:19:07.493+0000] {dag.py:3036} INFO - Sync 1 DAGs
[2026-07-14T00:19:07.514+0000] {logging_mixin.py:188} INFO - [2026-07-14T00:19:07.514+0000] {dag.py:3823} INFO - Setting next_dagrun for dag_etl_camara_diario to 2026-07-12 03:00:00+00:00, run_after=2026-07-13 03:00:00+00:00
[2026-07-14T00:19:07.531+0000] {processor.py:183} INFO - Processing /opt/airflow/dags/dag_etl_camara_diario.py took 0.071 seconds
[2026-07-14T00:19:37.656+0000] {processor.py:161} INFO - Started process (PID=4224) to work on /opt/airflow/dags/dag_etl_camara_diario.py
[2026-07-14T00:19:37.657+0000] {processor.py:830} INFO - Processing file /opt/airflow/dags/dag_etl_camara_diario.py for tasks to queue
[2026-07-14T00:19:37.657+0000] {logging_mixin.py:188} INFO - [2026-07-14T00:19:37.657+0000] {dagbag.py:538} INFO - Filling up the DagBag from /opt/airflow/dags/dag_etl_camara_diario.py
[2026-07-14T00:19:37.666+0000] {processor.py:840} INFO - DAG(s) 'dag_etl_camara_diario' retrieved from /opt/airflow/dags/dag_etl_camara_diario.py
[2026-07-14T00:19:37.687+0000] {logging_mixin.py:188} INFO - [2026-07-14T00:19:37.687+0000] {dag.py:3036} INFO - Sync 1 DAGs
[2026-07-14T00:19:37.708+0000] {logging_mixin.py:188} INFO - [2026-07-14T00:19:37.708+0000] {dag.py:3823} INFO - Setting next_dagrun for dag_etl_camara_diario to 2026-07-12 03:00:00+00:00, run_after=2026-07-13 03:00:00+00:00
[2026-07-14T00:19:37.724+0000] {processor.py:183} INFO - Processing /opt/airflow/dags/dag_etl_camara_diario.py took 0.070 seconds
[2026-07-14T00:20:07.852+0000] {processor.py:161} INFO - Started process (PID=4239) to work on /opt/airflow/dags/dag_etl_camara_diario.py
[2026-07-14T00:20:07.853+0000] {processor.py:830} INFO - Processing file /opt/airflow/dags/dag_etl_camara_diario.py for tasks to queue
[2026-07-14T00:20:07.853+0000] {logging_mixin.py:188} INFO - [2026-07-14T00:20:07.853+0000] {dagbag.py:538} INFO - Filling up the DagBag from /opt/airflow/dags/dag_etl_camara_diario.py
[2026-07-14T00:20:07.862+0000] {processor.py:840} INFO - DAG(s) 'dag_etl_camara_diario' retrieved from /opt/airflow/dags/dag_etl_camara_diario.py
[2026-07-14T00:20:07.883+0000] {logging_mixin.py:188} INFO - [2026-07-14T00:20:07.883+0000] {dag.py:3036} INFO - Sync 1 DAGs
[2026-07-14T00:20:07.906+0000] {logging_mixin.py:188} INFO - [2026-07-14T00:20:07.906+0000] {dag.py:3823} INFO - Setting next_dagrun for dag_etl_camara_diario to 2026-07-12 03:00:00+00:00, run_after=2026-07-13 03:00:00+00:00
[2026-07-14T00:20:07.924+0000] {processor.py:183} INFO - Processing /opt/airflow/dags/dag_etl_camara_diario.py took 0.075 seconds
[2026-07-14T00:20:38.055+0000] {processor.py:161} INFO - Started process (PID=4254) to work on /opt/airflow/dags/dag_etl_camara_diario.py
[2026-07-14T00:20:38.055+0000] {processor.py:830} INFO - Processing file /opt/airflow/dags/dag_etl_camara_diario.py for tasks to queue
[2026-07-14T00:20:38.056+0000] {logging_mixin.py:188} INFO - [2026-07-14T00:20:38.056+0000] {dagbag.py:538} INFO - Filling up the DagBag from /opt/airflow/dags/dag_etl_camara_diario.py
[2026-07-14T00:20:38.065+0000] {processor.py:840} INFO - DAG(s) 'dag_etl_camara_diario' retrieved from /opt/airflow/dags/dag_etl_camara_diario.py
[2026-07-14T00:20:38.088+0000] {logging_mixin.py:188} INFO - [2026-07-14T00:20:38.088+0000] {dag.py:3036} INFO - Sync 1 DAGs
[2026-07-14T00:20:38.112+0000] {logging_mixin.py:188} INFO - [2026-07-14T00:20:38.112+0000] {dag.py:3823} INFO - Setting next_dagrun for dag_etl_camara_diario to 2026-07-12 03:00:00+00:00, run_after=2026-07-13 03:00:00+00:00
[2026-07-14T00:20:38.129+0000] {processor.py:183} INFO - Processing /opt/airflow/dags/dag_etl_camara_diario.py took 0.077 seconds
[2026-07-14T00:21:08.249+0000] {processor.py:161} INFO - Started process (PID=4269) to work on /opt/airflow/dags/dag_etl_camara_diario.py
[2026-07-14T00:21:08.250+0000] {processor.py:830} INFO - Processing file /opt/airflow/dags/dag_etl_camara_diario.py for tasks to queue
[2026-07-14T00:21:08.251+0000] {logging_mixin.py:188} INFO - [2026-07-14T00:21:08.250+0000] {dagbag.py:538} INFO - Filling up the DagBag from /opt/airflow/dags/dag_etl_camara_diario.py
[2026-07-14T00:21:08.260+0000] {processor.py:840} INFO - DAG(s) 'dag_etl_camara_diario' retrieved from /opt/airflow/dags/dag_etl_camara_diario.py
[2026-07-14T00:21:08.281+0000] {logging_mixin.py:188} INFO - [2026-07-14T00:21:08.281+0000] {dag.py:3036} INFO - Sync 1 DAGs
[2026-07-14T00:21:08.303+0000] {logging_mixin.py:188} INFO - [2026-07-14T00:21:08.303+0000] {dag.py:3823} INFO - Setting next_dagrun for dag_etl_camara_diario to 2026-07-12 03:00:00+00:00, run_after=2026-07-13 03:00:00+00:00
[2026-07-14T00:21:08.319+0000] {processor.py:183} INFO - Processing /opt/airflow/dags/dag_etl_camara_diario.py took 0.073 seconds
[2026-07-14T00:21:38.446+0000] {processor.py:161} INFO - Started process (PID=4284) to work on /opt/airflow/dags/dag_etl_camara_diario.py
[2026-07-14T00:21:38.446+0000] {processor.py:830} INFO - Processing file /opt/airflow/dags/dag_etl_camara_diario.py for tasks to queue
[2026-07-14T00:21:38.447+0000] {logging_mixin.py:188} INFO - [2026-07-14T00:21:38.446+0000] {dagbag.py:538} INFO - Filling up the DagBag from /opt/airflow/dags/dag_etl_camara_diario.py
[2026-07-14T00:21:38.456+0000] {processor.py:840} INFO - DAG(s) 'dag_etl_camara_diario' retrieved from /opt/airflow/dags/dag_etl_camara_diario.py
[2026-07-14T00:21:38.478+0000] {logging_mixin.py:188} INFO - [2026-07-14T00:21:38.478+0000] {dag.py:3036} INFO - Sync 1 DAGs
[2026-07-14T00:21:38.500+0000] {logging_mixin.py:188} INFO - [2026-07-14T00:21:38.500+0000] {dag.py:3823} INFO - Setting next_dagrun for dag_etl_camara_diario to 2026-07-12 03:00:00+00:00, run_after=2026-07-13 03:00:00+00:00
[2026-07-14T00:21:38.516+0000] {processor.py:183} INFO - Processing /opt/airflow/dags/dag_etl_camara_diario.py took 0.073 seconds
[2026-07-14T00:22:08.644+0000] {processor.py:161} INFO - Started process (PID=4299) to work on /opt/airflow/dags/dag_etl_camara_diario.py
[2026-07-14T00:22:08.645+0000] {processor.py:830} INFO - Processing file /opt/airflow/dags/dag_etl_camara_diario.py for tasks to queue
[2026-07-14T00:22:08.645+0000] {logging_mixin.py:188} INFO - [2026-07-14T00:22:08.645+0000] {dagbag.py:538} INFO - Filling up the DagBag from /opt/airflow/dags/dag_etl_camara_diario.py
[2026-07-14T00:22:08.655+0000] {processor.py:840} INFO - DAG(s) 'dag_etl_camara_diario' retrieved from /opt/airflow/dags/dag_etl_camara_diario.py
[2026-07-14T00:22:08.677+0000] {logging_mixin.py:188} INFO - [2026-07-14T00:22:08.677+0000] {dag.py:3036} INFO - Sync 1 DAGs
[2026-07-14T00:22:08.699+0000] {logging_mixin.py:188} INFO - [2026-07-14T00:22:08.699+0000] {dag.py:3823} INFO - Setting next_dagrun for dag_etl_camara_diario to 2026-07-12 03:00:00+00:00, run_after=2026-07-13 03:00:00+00:00
[2026-07-14T00:22:08.715+0000] {processor.py:183} INFO - Processing /opt/airflow/dags/dag_etl_camara_diario.py took 0.073 seconds
[2026-07-14T00:22:38.841+0000] {processor.py:161} INFO - Started process (PID=4314) to work on /opt/airflow/dags/dag_etl_camara_diario.py
[2026-07-14T00:22:38.842+0000] {processor.py:830} INFO - Processing file /opt/airflow/dags/dag_etl_camara_diario.py for tasks to queue
[2026-07-14T00:22:38.843+0000] {logging_mixin.py:188} INFO - [2026-07-14T00:22:38.843+0000] {dagbag.py:538} INFO - Filling up the DagBag from /opt/airflow/dags/dag_etl_camara_diario.py
[2026-07-14T00:22:38.852+0000] {processor.py:840} INFO - DAG(s) 'dag_etl_camara_diario' retrieved from /opt/airflow/dags/dag_etl_camara_diario.py
[2026-07-14T00:22:38.874+0000] {logging_mixin.py:188} INFO - [2026-07-14T00:22:38.874+0000] {dag.py:3036} INFO - Sync 1 DAGs
[2026-07-14T00:22:38.898+0000] {logging_mixin.py:188} INFO - [2026-07-14T00:22:38.898+0000] {dag.py:3823} INFO - Setting next_dagrun for dag_etl_camara_diario to 2026-07-12 03:00:00+00:00, run_after=2026-07-13 03:00:00+00:00
[2026-07-14T00:22:38.912+0000] {processor.py:183} INFO - Processing /opt/airflow/dags/dag_etl_camara_diario.py took 0.074 seconds
[2026-07-14T00:23:09.040+0000] {processor.py:161} INFO - Started process (PID=4329) to work on /opt/airflow/dags/dag_etl_camara_diario.py
[2026-07-14T00:23:09.041+0000] {processor.py:830} INFO - Processing file /opt/airflow/dags/dag_etl_camara_diario.py for tasks to queue
[2026-07-14T00:23:09.041+0000] {logging_mixin.py:188} INFO - [2026-07-14T00:23:09.041+0000] {dagbag.py:538} INFO - Filling up the DagBag from /opt/airflow/dags/dag_etl_camara_diario.py
[2026-07-14T00:23:09.051+0000] {processor.py:840} INFO - DAG(s) 'dag_etl_camara_diario' retrieved from /opt/airflow/dags/dag_etl_camara_diario.py
[2026-07-14T00:23:09.073+0000] {logging_mixin.py:188} INFO - [2026-07-14T00:23:09.073+0000] {dag.py:3036} INFO - Sync 1 DAGs
[2026-07-14T00:23:09.099+0000] {logging_mixin.py:188} INFO - [2026-07-14T00:23:09.098+0000] {dag.py:3823} INFO - Setting next_dagrun for dag_etl_camara_diario to 2026-07-12 03:00:00+00:00, run_after=2026-07-13 03:00:00+00:00
[2026-07-14T00:23:09.121+0000] {processor.py:183} INFO - Processing /opt/airflow/dags/dag_etl_camara_diario.py took 0.084 seconds
[2026-07-14T00:23:39.251+0000] {processor.py:161} INFO - Started process (PID=4344) to work on /opt/airflow/dags/dag_etl_camara_diario.py
[2026-07-14T00:23:39.251+0000] {processor.py:830} INFO - Processing file /opt/airflow/dags/dag_etl_camara_diario.py for tasks to queue
[2026-07-14T00:23:39.252+0000] {logging_mixin.py:188} INFO - [2026-07-14T00:23:39.252+0000] {dagbag.py:538} INFO - Filling up the DagBag from /opt/airflow/dags/dag_etl_camara_diario.py
[2026-07-14T00:23:39.262+0000] {processor.py:840} INFO - DAG(s) 'dag_etl_camara_diario' retrieved from /opt/airflow/dags/dag_etl_camara_diario.py
[2026-07-14T00:23:39.285+0000] {logging_mixin.py:188} INFO - [2026-07-14T00:23:39.285+0000] {dag.py:3036} INFO - Sync 1 DAGs
[2026-07-14T00:23:39.309+0000] {logging_mixin.py:188} INFO - [2026-07-14T00:23:39.309+0000] {dag.py:3823} INFO - Setting next_dagrun for dag_etl_camara_diario to 2026-07-12 03:00:00+00:00, run_after=2026-07-13 03:00:00+00:00
[2026-07-14T00:23:39.325+0000] {processor.py:183} INFO - Processing /opt/airflow/dags/dag_etl_camara_diario.py took 0.077 seconds
[2026-07-14T00:24:09.451+0000] {processor.py:161} INFO - Started process (PID=4359) to work on /opt/airflow/dags/dag_etl_camara_diario.py
[2026-07-14T00:24:09.452+0000] {processor.py:830} INFO - Processing file /opt/airflow/dags/dag_etl_camara_diario.py for tasks to queue
[2026-07-14T00:24:09.453+0000] {logging_mixin.py:188} INFO - [2026-07-14T00:24:09.453+0000] {dagbag.py:538} INFO - Filling up the DagBag from /opt/airflow/dags/dag_etl_camara_diario.py
[2026-07-14T00:24:09.462+0000] {processor.py:840} INFO - DAG(s) 'dag_etl_camara_diario' retrieved from /opt/airflow/dags/dag_etl_camara_diario.py
[2026-07-14T00:24:09.484+0000] {logging_mixin.py:188} INFO - [2026-07-14T00:24:09.484+0000] {dag.py:3036} INFO - Sync 1 DAGs
[2026-07-14T00:24:09.509+0000] {logging_mixin.py:188} INFO - [2026-07-14T00:24:09.508+0000] {dag.py:3823} INFO - Setting next_dagrun for dag_etl_camara_diario to 2026-07-12 03:00:00+00:00, run_after=2026-07-13 03:00:00+00:00
[2026-07-14T00:24:09.527+0000] {processor.py:183} INFO - Processing /opt/airflow/dags/dag_etl_camara_diario.py took 0.078 seconds
[2026-07-14T00:24:39.658+0000] {processor.py:161} INFO - Started process (PID=4374) to work on /opt/airflow/dags/dag_etl_camara_diario.py
[2026-07-14T00:24:39.658+0000] {processor.py:830} INFO - Processing file /opt/airflow/dags/dag_etl_camara_diario.py for tasks to queue
[2026-07-14T00:24:39.659+0000] {logging_mixin.py:188} INFO - [2026-07-14T00:24:39.659+0000] {dagbag.py:538} INFO - Filling up the DagBag from /opt/airflow/dags/dag_etl_camara_diario.py
[2026-07-14T00:24:39.669+0000] {processor.py:840} INFO - DAG(s) 'dag_etl_camara_diario' retrieved from /opt/airflow/dags/dag_etl_camara_diario.py
[2026-07-14T00:24:39.691+0000] {logging_mixin.py:188} INFO - [2026-07-14T00:24:39.691+0000] {dag.py:3036} INFO - Sync 1 DAGs
[2026-07-14T00:24:39.715+0000] {logging_mixin.py:188} INFO - [2026-07-14T00:24:39.715+0000] {dag.py:3823} INFO - Setting next_dagrun for dag_etl_camara_diario to 2026-07-12 03:00:00+00:00, run_after=2026-07-13 03:00:00+00:00
[2026-07-14T00:24:39.732+0000] {processor.py:183} INFO - Processing /opt/airflow/dags/dag_etl_camara_diario.py took 0.077 seconds
[2026-07-14T00:25:09.857+0000] {processor.py:161} INFO - Started process (PID=4389) to work on /opt/airflow/dags/dag_etl_camara_diario.py
[2026-07-14T00:25:09.858+0000] {processor.py:830} INFO - Processing file /opt/airflow/dags/dag_etl_camara_diario.py for tasks to queue
[2026-07-14T00:25:09.858+0000] {logging_mixin.py:188} INFO - [2026-07-14T00:25:09.858+0000] {dagbag.py:538} INFO - Filling up the DagBag from /opt/airflow/dags/dag_etl_camara_diario.py
[2026-07-14T00:25:09.867+0000] {processor.py:840} INFO - DAG(s) 'dag_etl_camara_diario' retrieved from /opt/airflow/dags/dag_etl_camara_diario.py
[2026-07-14T00:25:09.887+0000] {logging_mixin.py:188} INFO - [2026-07-14T00:25:09.887+0000] {dag.py:3036} INFO - Sync 1 DAGs
[2026-07-14T00:25:09.908+0000] {logging_mixin.py:188} INFO - [2026-07-14T00:25:09.908+0000] {dag.py:3823} INFO - Setting next_dagrun for dag_etl_camara_diario to 2026-07-12 03:00:00+00:00, run_after=2026-07-13 03:00:00+00:00
[2026-07-14T00:25:09.922+0000] {processor.py:183} INFO - Processing /opt/airflow/dags/dag_etl_camara_diario.py took 0.068 seconds
[2026-07-14T00:25:40.047+0000] {processor.py:161} INFO - Started process (PID=4404) to work on /opt/airflow/dags/dag_etl_camara_diario.py
[2026-07-14T00:25:40.048+0000] {processor.py:830} INFO - Processing file /opt/airflow/dags/dag_etl_camara_diario.py for tasks to queue
[2026-07-14T00:25:40.049+0000] {logging_mixin.py:188} INFO - [2026-07-14T00:25:40.048+0000] {dagbag.py:538} INFO - Filling up the DagBag from /opt/airflow/dags/dag_etl_camara_diario.py
[2026-07-14T00:25:40.057+0000] {processor.py:840} INFO - DAG(s) 'dag_etl_camara_diario' retrieved from /opt/airflow/dags/dag_etl_camara_diario.py
[2026-07-14T00:25:40.079+0000] {logging_mixin.py:188} INFO - [2026-07-14T00:25:40.078+0000] {dag.py:3036} INFO - Sync 1 DAGs
[2026-07-14T00:25:40.100+0000] {logging_mixin.py:188} INFO - [2026-07-14T00:25:40.099+0000] {dag.py:3823} INFO - Setting next_dagrun for dag_etl_camara_diario to 2026-07-12 03:00:00+00:00, run_after=2026-07-13 03:00:00+00:00
[2026-07-14T00:25:40.114+0000] {processor.py:183} INFO - Processing /opt/airflow/dags/dag_etl_camara_diario.py took 0.070 seconds
[2026-07-14T00:26:10.245+0000] {processor.py:161} INFO - Started process (PID=4419) to work on /opt/airflow/dags/dag_etl_camara_diario.py
[2026-07-14T00:26:10.246+0000] {processor.py:830} INFO - Processing file /opt/airflow/dags/dag_etl_camara_diario.py for tasks to queue
[2026-07-14T00:26:10.246+0000] {logging_mixin.py:188} INFO - [2026-07-14T00:26:10.246+0000] {dagbag.py:538} INFO - Filling up the DagBag from /opt/airflow/dags/dag_etl_camara_diario.py
[2026-07-14T00:26:10.256+0000] {processor.py:840} INFO - DAG(s) 'dag_etl_camara_diario' retrieved from /opt/airflow/dags/dag_etl_camara_diario.py
[2026-07-14T00:26:10.278+0000] {logging_mixin.py:188} INFO - [2026-07-14T00:26:10.278+0000] {dag.py:3036} INFO - Sync 1 DAGs
[2026-07-14T00:26:10.303+0000] {logging_mixin.py:188} INFO - [2026-07-14T00:26:10.303+0000] {dag.py:3823} INFO - Setting next_dagrun for dag_etl_camara_diario to 2026-07-12 03:00:00+00:00, run_after=2026-07-13 03:00:00+00:00
[2026-07-14T00:26:10.321+0000] {processor.py:183} INFO - Processing /opt/airflow/dags/dag_etl_camara_diario.py took 0.078 seconds
[2026-07-14T00:26:40.447+0000] {processor.py:161} INFO - Started process (PID=4434) to work on /opt/airflow/dags/dag_etl_camara_diario.py
[2026-07-14T00:26:40.447+0000] {processor.py:830} INFO - Processing file /opt/airflow/dags/dag_etl_camara_diario.py for tasks to queue
[2026-07-14T00:26:40.448+0000] {logging_mixin.py:188} INFO - [2026-07-14T00:26:40.448+0000] {dagbag.py:538} INFO - Filling up the DagBag from /opt/airflow/dags/dag_etl_camara_diario.py
[2026-07-14T00:26:40.457+0000] {processor.py:840} INFO - DAG(s) 'dag_etl_camara_diario' retrieved from /opt/airflow/dags/dag_etl_camara_diario.py
[2026-07-14T00:26:40.477+0000] {logging_mixin.py:188} INFO - [2026-07-14T00:26:40.477+0000] {dag.py:3036} INFO - Sync 1 DAGs
[2026-07-14T00:26:40.500+0000] {logging_mixin.py:188} INFO - [2026-07-14T00:26:40.499+0000] {dag.py:3823} INFO - Setting next_dagrun for dag_etl_camara_diario to 2026-07-12 03:00:00+00:00, run_after=2026-07-13 03:00:00+00:00
[2026-07-14T00:26:40.514+0000] {processor.py:183} INFO - Processing /opt/airflow/dags/dag_etl_camara_diario.py took 0.070 seconds
[2026-07-14T00:27:10.645+0000] {processor.py:161} INFO - Started process (PID=4449) to work on /opt/airflow/dags/dag_etl_camara_diario.py
[2026-07-14T00:27:10.646+0000] {processor.py:830} INFO - Processing file /opt/airflow/dags/dag_etl_camara_diario.py for tasks to queue
[2026-07-14T00:27:10.647+0000] {logging_mixin.py:188} INFO - [2026-07-14T00:27:10.646+0000] {dagbag.py:538} INFO - Filling up the DagBag from /opt/airflow/dags/dag_etl_camara_diario.py
[2026-07-14T00:27:10.656+0000] {processor.py:840} INFO - DAG(s) 'dag_etl_camara_diario' retrieved from /opt/airflow/dags/dag_etl_camara_diario.py
[2026-07-14T00:27:10.678+0000] {logging_mixin.py:188} INFO - [2026-07-14T00:27:10.678+0000] {dag.py:3036} INFO - Sync 1 DAGs
[2026-07-14T00:27:10.700+0000] {logging_mixin.py:188} INFO - [2026-07-14T00:27:10.700+0000] {dag.py:3823} INFO - Setting next_dagrun for dag_etl_camara_diario to 2026-07-12 03:00:00+00:00, run_after=2026-07-13 03:00:00+00:00
[2026-07-14T00:27:10.719+0000] {processor.py:183} INFO - Processing /opt/airflow/dags/dag_etl_camara_diario.py took 0.076 seconds
[2026-07-14T00:27:40.847+0000] {processor.py:161} INFO - Started process (PID=4464) to work on /opt/airflow/dags/dag_etl_camara_diario.py
[2026-07-14T00:27:40.848+0000] {processor.py:830} INFO - Processing file /opt/airflow/dags/dag_etl_camara_diario.py for tasks to queue
[2026-07-14T00:27:40.848+0000] {logging_mixin.py:188} INFO - [2026-07-14T00:27:40.848+0000] {dagbag.py:538} INFO - Filling up the DagBag from /opt/airflow/dags/dag_etl_camara_diario.py
[2026-07-14T00:27:40.858+0000] {processor.py:840} INFO - DAG(s) 'dag_etl_camara_diario' retrieved from /opt/airflow/dags/dag_etl_camara_diario.py
[2026-07-14T00:27:40.879+0000] {logging_mixin.py:188} INFO - [2026-07-14T00:27:40.879+0000] {dag.py:3036} INFO - Sync 1 DAGs
[2026-07-14T00:27:40.901+0000] {logging_mixin.py:188} INFO - [2026-07-14T00:27:40.901+0000] {dag.py:3823} INFO - Setting next_dagrun for dag_etl_camara_diario to 2026-07-12 03:00:00+00:00, run_after=2026-07-13 03:00:00+00:00
[2026-07-14T00:27:40.919+0000] {processor.py:183} INFO - Processing /opt/airflow/dags/dag_etl_camara_diario.py took 0.074 seconds
[2026-07-14T00:28:11.045+0000] {processor.py:161} INFO - Started process (PID=4479) to work on /opt/airflow/dags/dag_etl_camara_diario.py
[2026-07-14T00:28:11.046+0000] {processor.py:830} INFO - Processing file /opt/airflow/dags/dag_etl_camara_diario.py for tasks to queue
[2026-07-14T00:28:11.047+0000] {logging_mixin.py:188} INFO - [2026-07-14T00:28:11.046+0000] {dagbag.py:538} INFO - Filling up the DagBag from /opt/airflow/dags/dag_etl_camara_diario.py
[2026-07-14T00:28:11.056+0000] {processor.py:840} INFO - DAG(s) 'dag_etl_camara_diario' retrieved from /opt/airflow/dags/dag_etl_camara_diario.py
[2026-07-14T00:28:11.077+0000] {logging_mixin.py:188} INFO - [2026-07-14T00:28:11.077+0000] {dag.py:3036} INFO - Sync 1 DAGs
[2026-07-14T00:28:11.098+0000] {logging_mixin.py:188} INFO - [2026-07-14T00:28:11.098+0000] {dag.py:3823} INFO - Setting next_dagrun for dag_etl_camara_diario to 2026-07-12 03:00:00+00:00, run_after=2026-07-13 03:00:00+00:00
[2026-07-14T00:28:11.116+0000] {processor.py:183} INFO - Processing /opt/airflow/dags/dag_etl_camara_diario.py took 0.073 seconds
[2026-07-14T00:28:41.241+0000] {processor.py:161} INFO - Started process (PID=4494) to work on /opt/airflow/dags/dag_etl_camara_diario.py
[2026-07-14T00:28:41.242+0000] {processor.py:830} INFO - Processing file /opt/airflow/dags/dag_etl_camara_diario.py for tasks to queue
[2026-07-14T00:28:41.243+0000] {logging_mixin.py:188} INFO - [2026-07-14T00:28:41.242+0000] {dagbag.py:538} INFO - Filling up the DagBag from /opt/airflow/dags/dag_etl_camara_diario.py
[2026-07-14T00:28:41.251+0000] {processor.py:840} INFO - DAG(s) 'dag_etl_camara_diario' retrieved from /opt/airflow/dags/dag_etl_camara_diario.py
[2026-07-14T00:28:41.273+0000] {logging_mixin.py:188} INFO - [2026-07-14T00:28:41.273+0000] {dag.py:3036} INFO - Sync 1 DAGs
[2026-07-14T00:28:41.294+0000] {logging_mixin.py:188} INFO - [2026-07-14T00:28:41.293+0000] {dag.py:3823} INFO - Setting next_dagrun for dag_etl_camara_diario to 2026-07-12 03:00:00+00:00, run_after=2026-07-13 03:00:00+00:00
[2026-07-14T00:28:41.308+0000] {processor.py:183} INFO - Processing /opt/airflow/dags/dag_etl_camara_diario.py took 0.069 seconds
[2026-07-14T00:29:11.442+0000] {processor.py:161} INFO - Started process (PID=4509) to work on /opt/airflow/dags/dag_etl_camara_diario.py
[2026-07-14T00:29:11.443+0000] {processor.py:830} INFO - Processing file /opt/airflow/dags/dag_etl_camara_diario.py for tasks to queue
[2026-07-14T00:29:11.443+0000] {logging_mixin.py:188} INFO - [2026-07-14T00:29:11.443+0000] {dagbag.py:538} INFO - Filling up the DagBag from /opt/airflow/dags/dag_etl_camara_diario.py
[2026-07-14T00:29:11.452+0000] {processor.py:840} INFO - DAG(s) 'dag_etl_camara_diario' retrieved from /opt/airflow/dags/dag_etl_camara_diario.py
[2026-07-14T00:29:11.475+0000] {logging_mixin.py:188} INFO - [2026-07-14T00:29:11.475+0000] {dag.py:3036} INFO - Sync 1 DAGs
[2026-07-14T00:29:11.499+0000] {logging_mixin.py:188} INFO - [2026-07-14T00:29:11.499+0000] {dag.py:3823} INFO - Setting next_dagrun for dag_etl_camara_diario to 2026-07-12 03:00:00+00:00, run_after=2026-07-13 03:00:00+00:00
[2026-07-14T00:29:11.514+0000] {processor.py:183} INFO - Processing /opt/airflow/dags/dag_etl_camara_diario.py took 0.075 seconds
[2026-07-14T00:29:41.644+0000] {processor.py:161} INFO - Started process (PID=4524) to work on /opt/airflow/dags/dag_etl_camara_diario.py
[2026-07-14T00:29:41.644+0000] {processor.py:830} INFO - Processing file /opt/airflow/dags/dag_etl_camara_diario.py for tasks to queue
[2026-07-14T00:29:41.645+0000] {logging_mixin.py:188} INFO - [2026-07-14T00:29:41.645+0000] {dagbag.py:538} INFO - Filling up the DagBag from /opt/airflow/dags/dag_etl_camara_diario.py
[2026-07-14T00:29:41.655+0000] {processor.py:840} INFO - DAG(s) 'dag_etl_camara_diario' retrieved from /opt/airflow/dags/dag_etl_camara_diario.py
[2026-07-14T00:29:41.676+0000] {logging_mixin.py:188} INFO - [2026-07-14T00:29:41.676+0000] {dag.py:3036} INFO - Sync 1 DAGs
[2026-07-14T00:29:41.696+0000] {logging_mixin.py:188} INFO - [2026-07-14T00:29:41.696+0000] {dag.py:3823} INFO - Setting next_dagrun for dag_etl_camara_diario to 2026-07-12 03:00:00+00:00, run_after=2026-07-13 03:00:00+00:00
[2026-07-14T00:29:41.710+0000] {processor.py:183} INFO - Processing /opt/airflow/dags/dag_etl_camara_diario.py took 0.069 seconds
[2026-07-14T00:30:11.838+0000] {processor.py:161} INFO - Started process (PID=4539) to work on /opt/airflow/dags/dag_etl_camara_diario.py
[2026-07-14T00:30:11.839+0000] {processor.py:830} INFO - Processing file /opt/airflow/dags/dag_etl_camara_diario.py for tasks to queue
[2026-07-14T00:30:11.839+0000] {logging_mixin.py:188} INFO - [2026-07-14T00:30:11.839+0000] {dagbag.py:538} INFO - Filling up the DagBag from /opt/airflow/dags/dag_etl_camara_diario.py
[2026-07-14T00:30:11.849+0000] {processor.py:840} INFO - DAG(s) 'dag_etl_camara_diario' retrieved from /opt/airflow/dags/dag_etl_camara_diario.py
[2026-07-14T00:30:11.872+0000] {logging_mixin.py:188} INFO - [2026-07-14T00:30:11.871+0000] {dag.py:3036} INFO - Sync 1 DAGs
[2026-07-14T00:30:11.893+0000] {logging_mixin.py:188} INFO - [2026-07-14T00:30:11.893+0000] {dag.py:3823} INFO - Setting next_dagrun for dag_etl_camara_diario to 2026-07-12 03:00:00+00:00, run_after=2026-07-13 03:00:00+00:00
[2026-07-14T00:30:11.911+0000] {processor.py:183} INFO - Processing /opt/airflow/dags/dag_etl_camara_diario.py took 0.076 seconds
[2026-07-14T00:30:42.038+0000] {processor.py:161} INFO - Started process (PID=4554) to work on /opt/airflow/dags/dag_etl_camara_diario.py
[2026-07-14T00:30:42.038+0000] {processor.py:830} INFO - Processing file /opt/airflow/dags/dag_etl_camara_diario.py for tasks to queue
[2026-07-14T00:30:42.039+0000] {logging_mixin.py:188} INFO - [2026-07-14T00:30:42.039+0000] {dagbag.py:538} INFO - Filling up the DagBag from /opt/airflow/dags/dag_etl_camara_diario.py
[2026-07-14T00:30:42.047+0000] {processor.py:840} INFO - DAG(s) 'dag_etl_camara_diario' retrieved from /opt/airflow/dags/dag_etl_camara_diario.py
[2026-07-14T00:30:42.067+0000] {logging_mixin.py:188} INFO - [2026-07-14T00:30:42.067+0000] {dag.py:3036} INFO - Sync 1 DAGs
[2026-07-14T00:30:42.087+0000] {logging_mixin.py:188} INFO - [2026-07-14T00:30:42.087+0000] {dag.py:3823} INFO - Setting next_dagrun for dag_etl_camara_diario to 2026-07-12 03:00:00+00:00, run_after=2026-07-13 03:00:00+00:00
[2026-07-14T00:30:42.122+0000] {processor.py:183} INFO - Processing /opt/airflow/dags/dag_etl_camara_diario.py took 0.087 seconds
[2026-07-14T00:31:12.249+0000] {processor.py:161} INFO - Started process (PID=4569) to work on /opt/airflow/dags/dag_etl_camara_diario.py
[2026-07-14T00:31:12.250+0000] {processor.py:830} INFO - Processing file /opt/airflow/dags/dag_etl_camara_diario.py for tasks to queue
[2026-07-14T00:31:12.251+0000] {logging_mixin.py:188} INFO - [2026-07-14T00:31:12.251+0000] {dagbag.py:538} INFO - Filling up the DagBag from /opt/airflow/dags/dag_etl_camara_diario.py
[2026-07-14T00:31:12.261+0000] {processor.py:840} INFO - DAG(s) 'dag_etl_camara_diario' retrieved from /opt/airflow/dags/dag_etl_camara_diario.py
[2026-07-14T00:31:12.284+0000] {logging_mixin.py:188} INFO - [2026-07-14T00:31:12.284+0000] {dag.py:3036} INFO - Sync 1 DAGs
[2026-07-14T00:31:12.309+0000] {logging_mixin.py:188} INFO - [2026-07-14T00:31:12.309+0000] {dag.py:3823} INFO - Setting next_dagrun for dag_etl_camara_diario to 2026-07-12 03:00:00+00:00, run_after=2026-07-13 03:00:00+00:00
[2026-07-14T00:31:12.347+0000] {processor.py:183} INFO - Processing /opt/airflow/dags/dag_etl_camara_diario.py took 0.100 seconds
[2026-07-14T00:31:42.472+0000] {processor.py:161} INFO - Started process (PID=4584) to work on /opt/airflow/dags/dag_etl_camara_diario.py
[2026-07-14T00:31:42.472+0000] {processor.py:830} INFO - Processing file /opt/airflow/dags/dag_etl_camara_diario.py for tasks to queue
[2026-07-14T00:31:42.473+0000] {logging_mixin.py:188} INFO - [2026-07-14T00:31:42.473+0000] {dagbag.py:538} INFO - Filling up the DagBag from /opt/airflow/dags/dag_etl_camara_diario.py
[2026-07-14T00:31:42.482+0000] {processor.py:840} INFO - DAG(s) 'dag_etl_camara_diario' retrieved from /opt/airflow/dags/dag_etl_camara_diario.py
[2026-07-14T00:31:42.503+0000] {logging_mixin.py:188} INFO - [2026-07-14T00:31:42.503+0000] {dag.py:3036} INFO - Sync 1 DAGs
[2026-07-14T00:31:42.524+0000] {logging_mixin.py:188} INFO - [2026-07-14T00:31:42.524+0000] {dag.py:3823} INFO - Setting next_dagrun for dag_etl_camara_diario to 2026-07-12 03:00:00+00:00, run_after=2026-07-13 03:00:00+00:00
[2026-07-14T00:31:42.561+0000] {processor.py:183} INFO - Processing /opt/airflow/dags/dag_etl_camara_diario.py took 0.092 seconds
[2026-07-14T00:32:12.688+0000] {processor.py:161} INFO - Started process (PID=4599) to work on /opt/airflow/dags/dag_etl_camara_diario.py
[2026-07-14T00:32:12.689+0000] {processor.py:830} INFO - Processing file /opt/airflow/dags/dag_etl_camara_diario.py for tasks to queue
[2026-07-14T00:32:12.690+0000] {logging_mixin.py:188} INFO - [2026-07-14T00:32:12.690+0000] {dagbag.py:538} INFO - Filling up the DagBag from /opt/airflow/dags/dag_etl_camara_diario.py
[2026-07-14T00:32:12.700+0000] {processor.py:840} INFO - DAG(s) 'dag_etl_camara_diario' retrieved from /opt/airflow/dags/dag_etl_camara_diario.py
[2026-07-14T00:32:12.722+0000] {logging_mixin.py:188} INFO - [2026-07-14T00:32:12.722+0000] {dag.py:3036} INFO - Sync 1 DAGs
[2026-07-14T00:32:12.746+0000] {logging_mixin.py:188} INFO - [2026-07-14T00:32:12.746+0000] {dag.py:3823} INFO - Setting next_dagrun for dag_etl_camara_diario to 2026-07-12 03:00:00+00:00, run_after=2026-07-13 03:00:00+00:00
[2026-07-14T00:32:12.785+0000] {processor.py:183} INFO - Processing /opt/airflow/dags/dag_etl_camara_diario.py took 0.099 seconds
[2026-07-14T00:32:42.916+0000] {processor.py:161} INFO - Started process (PID=4614) to work on /opt/airflow/dags/dag_etl_camara_diario.py
[2026-07-14T00:32:42.917+0000] {processor.py:830} INFO - Processing file /opt/airflow/dags/dag_etl_camara_diario.py for tasks to queue
[2026-07-14T00:32:42.917+0000] {logging_mixin.py:188} INFO - [2026-07-14T00:32:42.917+0000] {dagbag.py:538} INFO - Filling up the DagBag from /opt/airflow/dags/dag_etl_camara_diario.py
[2026-07-14T00:32:42.926+0000] {processor.py:840} INFO - DAG(s) 'dag_etl_camara_diario' retrieved from /opt/airflow/dags/dag_etl_camara_diario.py
[2026-07-14T00:32:42.947+0000] {logging_mixin.py:188} INFO - [2026-07-14T00:32:42.947+0000] {dag.py:3036} INFO - Sync 1 DAGs
[2026-07-14T00:32:42.969+0000] {logging_mixin.py:188} INFO - [2026-07-14T00:32:42.968+0000] {dag.py:3823} INFO - Setting next_dagrun for dag_etl_camara_diario to 2026-07-12 03:00:00+00:00, run_after=2026-07-13 03:00:00+00:00
[2026-07-14T00:32:43.006+0000] {processor.py:183} INFO - Processing /opt/airflow/dags/dag_etl_camara_diario.py took 0.093 seconds
[2026-07-14T00:33:13.136+0000] {processor.py:161} INFO - Started process (PID=4629) to work on /opt/airflow/dags/dag_etl_camara_diario.py
[2026-07-14T00:33:13.137+0000] {processor.py:830} INFO - Processing file /opt/airflow/dags/dag_etl_camara_diario.py for tasks to queue
[2026-07-14T00:33:13.137+0000] {logging_mixin.py:188} INFO - [2026-07-14T00:33:13.137+0000] {dagbag.py:538} INFO - Filling up the DagBag from /opt/airflow/dags/dag_etl_camara_diario.py
[2026-07-14T00:33:13.147+0000] {processor.py:840} INFO - DAG(s) 'dag_etl_camara_diario' retrieved from /opt/airflow/dags/dag_etl_camara_diario.py
[2026-07-14T00:33:13.170+0000] {logging_mixin.py:188} INFO - [2026-07-14T00:33:13.169+0000] {dag.py:3036} INFO - Sync 1 DAGs
[2026-07-14T00:33:13.193+0000] {logging_mixin.py:188} INFO - [2026-07-14T00:33:13.193+0000] {dag.py:3823} INFO - Setting next_dagrun for dag_etl_camara_diario to 2026-07-12 03:00:00+00:00, run_after=2026-07-13 03:00:00+00:00
[2026-07-14T00:33:13.209+0000] {processor.py:183} INFO - Processing /opt/airflow/dags/dag_etl_camara_diario.py took 0.077 seconds
[2026-07-14T00:33:43.343+0000] {processor.py:161} INFO - Started process (PID=4644) to work on /opt/airflow/dags/dag_etl_camara_diario.py
[2026-07-14T00:33:43.344+0000] {processor.py:830} INFO - Processing file /opt/airflow/dags/dag_etl_camara_diario.py for tasks to queue
[2026-07-14T00:33:43.345+0000] {logging_mixin.py:188} INFO - [2026-07-14T00:33:43.344+0000] {dagbag.py:538} INFO - Filling up the DagBag from /opt/airflow/dags/dag_etl_camara_diario.py
[2026-07-14T00:33:43.354+0000] {processor.py:840} INFO - DAG(s) 'dag_etl_camara_diario' retrieved from /opt/airflow/dags/dag_etl_camara_diario.py
[2026-07-14T00:33:43.374+0000] {logging_mixin.py:188} INFO - [2026-07-14T00:33:43.374+0000] {dag.py:3036} INFO - Sync 1 DAGs
[2026-07-14T00:33:43.395+0000] {logging_mixin.py:188} INFO - [2026-07-14T00:33:43.395+0000] {dag.py:3823} INFO - Setting next_dagrun for dag_etl_camara_diario to 2026-07-12 03:00:00+00:00, run_after=2026-07-13 03:00:00+00:00
[2026-07-14T00:33:43.433+0000] {processor.py:183} INFO - Processing /opt/airflow/dags/dag_etl_camara_diario.py took 0.092 seconds
[2026-07-14T00:34:13.566+0000] {processor.py:161} INFO - Started process (PID=4659) to work on /opt/airflow/dags/dag_etl_camara_diario.py
[2026-07-14T00:34:13.567+0000] {processor.py:830} INFO - Processing file /opt/airflow/dags/dag_etl_camara_diario.py for tasks to queue
[2026-07-14T00:34:13.567+0000] {logging_mixin.py:188} INFO - [2026-07-14T00:34:13.567+0000] {dagbag.py:538} INFO - Filling up the DagBag from /opt/airflow/dags/dag_etl_camara_diario.py
[2026-07-14T00:34:13.577+0000] {processor.py:840} INFO - DAG(s) 'dag_etl_camara_diario' retrieved from /opt/airflow/dags/dag_etl_camara_diario.py
[2026-07-14T00:34:13.598+0000] {logging_mixin.py:188} INFO - [2026-07-14T00:34:13.597+0000] {dag.py:3036} INFO - Sync 1 DAGs
[2026-07-14T00:34:13.619+0000] {logging_mixin.py:188} INFO - [2026-07-14T00:34:13.619+0000] {dag.py:3823} INFO - Setting next_dagrun for dag_etl_camara_diario to 2026-07-12 03:00:00+00:00, run_after=2026-07-13 03:00:00+00:00
[2026-07-14T00:34:13.658+0000] {processor.py:183} INFO - Processing /opt/airflow/dags/dag_etl_camara_diario.py took 0.094 seconds
[2026-07-14T00:34:43.791+0000] {processor.py:161} INFO - Started process (PID=4674) to work on /opt/airflow/dags/dag_etl_camara_diario.py
[2026-07-14T00:34:43.791+0000] {processor.py:830} INFO - Processing file /opt/airflow/dags/dag_etl_camara_diario.py for tasks to queue
[2026-07-14T00:34:43.792+0000] {logging_mixin.py:188} INFO - [2026-07-14T00:34:43.792+0000] {dagbag.py:538} INFO - Filling up the DagBag from /opt/airflow/dags/dag_etl_camara_diario.py
[2026-07-14T00:34:43.801+0000] {processor.py:840} INFO - DAG(s) 'dag_etl_camara_diario' retrieved from /opt/airflow/dags/dag_etl_camara_diario.py
[2026-07-14T00:34:43.823+0000] {logging_mixin.py:188} INFO - [2026-07-14T00:34:43.823+0000] {dag.py:3036} INFO - Sync 1 DAGs
[2026-07-14T00:34:43.847+0000] {logging_mixin.py:188} INFO - [2026-07-14T00:34:43.847+0000] {dag.py:3823} INFO - Setting next_dagrun for dag_etl_camara_diario to 2026-07-12 03:00:00+00:00, run_after=2026-07-13 03:00:00+00:00
[2026-07-14T00:34:43.889+0000] {processor.py:183} INFO - Processing /opt/airflow/dags/dag_etl_camara_diario.py took 0.102 seconds
[2026-07-14T00:35:14.018+0000] {processor.py:161} INFO - Started process (PID=4689) to work on /opt/airflow/dags/dag_etl_camara_diario.py
[2026-07-14T00:35:14.019+0000] {processor.py:830} INFO - Processing file /opt/airflow/dags/dag_etl_camara_diario.py for tasks to queue
[2026-07-14T00:35:14.019+0000] {logging_mixin.py:188} INFO - [2026-07-14T00:35:14.019+0000] {dagbag.py:538} INFO - Filling up the DagBag from /opt/airflow/dags/dag_etl_camara_diario.py
[2026-07-14T00:35:14.028+0000] {processor.py:840} INFO - DAG(s) 'dag_etl_camara_diario' retrieved from /opt/airflow/dags/dag_etl_camara_diario.py
[2026-07-14T00:35:14.048+0000] {logging_mixin.py:188} INFO - [2026-07-14T00:35:14.048+0000] {dag.py:3036} INFO - Sync 1 DAGs
[2026-07-14T00:35:14.069+0000] {logging_mixin.py:188} INFO - [2026-07-14T00:35:14.068+0000] {dag.py:3823} INFO - Setting next_dagrun for dag_etl_camara_diario to 2026-07-12 03:00:00+00:00, run_after=2026-07-13 03:00:00+00:00
[2026-07-14T00:35:14.108+0000] {processor.py:183} INFO - Processing /opt/airflow/dags/dag_etl_camara_diario.py took 0.092 seconds
[2026-07-14T00:35:44.235+0000] {processor.py:161} INFO - Started process (PID=4704) to work on /opt/airflow/dags/dag_etl_camara_diario.py
[2026-07-14T00:35:44.235+0000] {processor.py:830} INFO - Processing file /opt/airflow/dags/dag_etl_camara_diario.py for tasks to queue
[2026-07-14T00:35:44.236+0000] {logging_mixin.py:188} INFO - [2026-07-14T00:35:44.236+0000] {dagbag.py:538} INFO - Filling up the DagBag from /opt/airflow/dags/dag_etl_camara_diario.py
[2026-07-14T00:35:44.246+0000] {processor.py:840} INFO - DAG(s) 'dag_etl_camara_diario' retrieved from /opt/airflow/dags/dag_etl_camara_diario.py
[2026-07-14T00:35:44.269+0000] {logging_mixin.py:188} INFO - [2026-07-14T00:35:44.269+0000] {dag.py:3036} INFO - Sync 1 DAGs
[2026-07-14T00:35:44.292+0000] {logging_mixin.py:188} INFO - [2026-07-14T00:35:44.291+0000] {dag.py:3823} INFO - Setting next_dagrun for dag_etl_camara_diario to 2026-07-12 03:00:00+00:00, run_after=2026-07-13 03:00:00+00:00
[2026-07-14T00:35:44.331+0000] {processor.py:183} INFO - Processing /opt/airflow/dags/dag_etl_camara_diario.py took 0.099 seconds
[2026-07-14T00:36:14.455+0000] {processor.py:161} INFO - Started process (PID=4719) to work on /opt/airflow/dags/dag_etl_camara_diario.py
[2026-07-14T00:36:14.456+0000] {processor.py:830} INFO - Processing file /opt/airflow/dags/dag_etl_camara_diario.py for tasks to queue
[2026-07-14T00:36:14.457+0000] {logging_mixin.py:188} INFO - [2026-07-14T00:36:14.456+0000] {dagbag.py:538} INFO - Filling up the DagBag from /opt/airflow/dags/dag_etl_camara_diario.py
[2026-07-14T00:36:14.465+0000] {processor.py:840} INFO - DAG(s) 'dag_etl_camara_diario' retrieved from /opt/airflow/dags/dag_etl_camara_diario.py
[2026-07-14T00:36:14.485+0000] {logging_mixin.py:188} INFO - [2026-07-14T00:36:14.485+0000] {dag.py:3036} INFO - Sync 1 DAGs
[2026-07-14T00:36:14.507+0000] {logging_mixin.py:188} INFO - [2026-07-14T00:36:14.507+0000] {dag.py:3823} INFO - Setting next_dagrun for dag_etl_camara_diario to 2026-07-12 03:00:00+00:00, run_after=2026-07-13 03:00:00+00:00
[2026-07-14T00:36:14.547+0000] {processor.py:183} INFO - Processing /opt/airflow/dags/dag_etl_camara_diario.py took 0.094 seconds
[2026-07-14T00:36:44.676+0000] {processor.py:161} INFO - Started process (PID=4734) to work on /opt/airflow/dags/dag_etl_camara_diario.py
[2026-07-14T00:36:44.677+0000] {processor.py:830} INFO - Processing file /opt/airflow/dags/dag_etl_camara_diario.py for tasks to queue
[2026-07-14T00:36:44.677+0000] {logging_mixin.py:188} INFO - [2026-07-14T00:36:44.677+0000] {dagbag.py:538} INFO - Filling up the DagBag from /opt/airflow/dags/dag_etl_camara_diario.py
[2026-07-14T00:36:44.686+0000] {processor.py:840} INFO - DAG(s) 'dag_etl_camara_diario' retrieved from /opt/airflow/dags/dag_etl_camara_diario.py
[2026-07-14T00:36:44.708+0000] {logging_mixin.py:188} INFO - [2026-07-14T00:36:44.708+0000] {dag.py:3036} INFO - Sync 1 DAGs
[2026-07-14T00:36:44.731+0000] {logging_mixin.py:188} INFO - [2026-07-14T00:36:44.731+0000] {dag.py:3823} INFO - Setting next_dagrun for dag_etl_camara_diario to 2026-07-12 03:00:00+00:00, run_after=2026-07-13 03:00:00+00:00
[2026-07-14T00:36:44.769+0000] {processor.py:183} INFO - Processing /opt/airflow/dags/dag_etl_camara_diario.py took 0.095 seconds
[2026-07-14T00:37:14.896+0000] {processor.py:161} INFO - Started process (PID=4749) to work on /opt/airflow/dags/dag_etl_camara_diario.py
[2026-07-14T00:37:14.897+0000] {processor.py:830} INFO - Processing file /opt/airflow/dags/dag_etl_camara_diario.py for tasks to queue
[2026-07-14T00:37:14.897+0000] {logging_mixin.py:188} INFO - [2026-07-14T00:37:14.897+0000] {dagbag.py:538} INFO - Filling up the DagBag from /opt/airflow/dags/dag_etl_camara_diario.py
[2026-07-14T00:37:14.907+0000] {processor.py:840} INFO - DAG(s) 'dag_etl_camara_diario' retrieved from /opt/airflow/dags/dag_etl_camara_diario.py
[2026-07-14T00:37:14.929+0000] {logging_mixin.py:188} INFO - [2026-07-14T00:37:14.929+0000] {dag.py:3036} INFO - Sync 1 DAGs
[2026-07-14T00:37:14.954+0000] {logging_mixin.py:188} INFO - [2026-07-14T00:37:14.953+0000] {dag.py:3823} INFO - Setting next_dagrun for dag_etl_camara_diario to 2026-07-12 03:00:00+00:00, run_after=2026-07-13 03:00:00+00:00
[2026-07-14T00:37:14.993+0000] {processor.py:183} INFO - Processing /opt/airflow/dags/dag_etl_camara_diario.py took 0.100 seconds
[2026-07-14T00:37:45.122+0000] {processor.py:161} INFO - Started process (PID=4764) to work on /opt/airflow/dags/dag_etl_camara_diario.py
[2026-07-14T00:37:45.123+0000] {processor.py:830} INFO - Processing file /opt/airflow/dags/dag_etl_camara_diario.py for tasks to queue
[2026-07-14T00:37:45.123+0000] {logging_mixin.py:188} INFO - [2026-07-14T00:37:45.123+0000] {dagbag.py:538} INFO - Filling up the DagBag from /opt/airflow/dags/dag_etl_camara_diario.py
[2026-07-14T00:37:45.132+0000] {processor.py:840} INFO - DAG(s) 'dag_etl_camara_diario' retrieved from /opt/airflow/dags/dag_etl_camara_diario.py
[2026-07-14T00:37:45.153+0000] {logging_mixin.py:188} INFO - [2026-07-14T00:37:45.153+0000] {dag.py:3036} INFO - Sync 1 DAGs
[2026-07-14T00:37:45.174+0000] {logging_mixin.py:188} INFO - [2026-07-14T00:37:45.174+0000] {dag.py:3823} INFO - Setting next_dagrun for dag_etl_camara_diario to 2026-07-12 03:00:00+00:00, run_after=2026-07-13 03:00:00+00:00
[2026-07-14T00:37:45.187+0000] {processor.py:183} INFO - Processing /opt/airflow/dags/dag_etl_camara_diario.py took 0.068 seconds
[2026-07-14T00:38:15.313+0000] {processor.py:161} INFO - Started process (PID=4779) to work on /opt/airflow/dags/dag_etl_camara_diario.py
[2026-07-14T00:38:15.314+0000] {processor.py:830} INFO - Processing file /opt/airflow/dags/dag_etl_camara_diario.py for tasks to queue
[2026-07-14T00:38:15.314+0000] {logging_mixin.py:188} INFO - [2026-07-14T00:38:15.314+0000] {dagbag.py:538} INFO - Filling up the DagBag from /opt/airflow/dags/dag_etl_camara_diario.py
[2026-07-14T00:38:15.324+0000] {processor.py:840} INFO - DAG(s) 'dag_etl_camara_diario' retrieved from /opt/airflow/dags/dag_etl_camara_diario.py
[2026-07-14T00:38:15.344+0000] {logging_mixin.py:188} INFO - [2026-07-14T00:38:15.344+0000] {dag.py:3036} INFO - Sync 1 DAGs
[2026-07-14T00:38:15.365+0000] {logging_mixin.py:188} INFO - [2026-07-14T00:38:15.365+0000] {dag.py:3823} INFO - Setting next_dagrun for dag_etl_camara_diario to 2026-07-12 03:00:00+00:00, run_after=2026-07-13 03:00:00+00:00
[2026-07-14T00:38:15.404+0000] {processor.py:183} INFO - Processing /opt/airflow/dags/dag_etl_camara_diario.py took 0.094 seconds
[2026-07-14T00:38:45.536+0000] {processor.py:161} INFO - Started process (PID=4794) to work on /opt/airflow/dags/dag_etl_camara_diario.py
[2026-07-14T00:38:45.536+0000] {processor.py:830} INFO - Processing file /opt/airflow/dags/dag_etl_camara_diario.py for tasks to queue
[2026-07-14T00:38:45.537+0000] {logging_mixin.py:188} INFO - [2026-07-14T00:38:45.537+0000] {dagbag.py:538} INFO - Filling up the DagBag from /opt/airflow/dags/dag_etl_camara_diario.py
[2026-07-14T00:38:45.546+0000] {processor.py:840} INFO - DAG(s) 'dag_etl_camara_diario' retrieved from /opt/airflow/dags/dag_etl_camara_diario.py
[2026-07-14T00:38:45.567+0000] {logging_mixin.py:188} INFO - [2026-07-14T00:38:45.567+0000] {dag.py:3036} INFO - Sync 1 DAGs
[2026-07-14T00:38:45.589+0000] {logging_mixin.py:188} INFO - [2026-07-14T00:38:45.589+0000] {dag.py:3823} INFO - Setting next_dagrun for dag_etl_camara_diario to 2026-07-12 03:00:00+00:00, run_after=2026-07-13 03:00:00+00:00
[2026-07-14T00:38:45.629+0000] {processor.py:183} INFO - Processing /opt/airflow/dags/dag_etl_camara_diario.py took 0.096 seconds
[2026-07-14T00:39:15.761+0000] {processor.py:161} INFO - Started process (PID=4809) to work on /opt/airflow/dags/dag_etl_camara_diario.py
[2026-07-14T00:39:15.762+0000] {processor.py:830} INFO - Processing file /opt/airflow/dags/dag_etl_camara_diario.py for tasks to queue
[2026-07-14T00:39:15.763+0000] {logging_mixin.py:188} INFO - [2026-07-14T00:39:15.762+0000] {dagbag.py:538} INFO - Filling up the DagBag from /opt/airflow/dags/dag_etl_camara_diario.py
[2026-07-14T00:39:15.772+0000] {processor.py:840} INFO - DAG(s) 'dag_etl_camara_diario' retrieved from /opt/airflow/dags/dag_etl_camara_diario.py
[2026-07-14T00:39:15.794+0000] {logging_mixin.py:188} INFO - [2026-07-14T00:39:15.794+0000] {dag.py:3036} INFO - Sync 1 DAGs
[2026-07-14T00:39:15.815+0000] {logging_mixin.py:188} INFO - [2026-07-14T00:39:15.815+0000] {dag.py:3823} INFO - Setting next_dagrun for dag_etl_camara_diario to 2026-07-12 03:00:00+00:00, run_after=2026-07-13 03:00:00+00:00
[2026-07-14T00:39:15.844+0000] {processor.py:183} INFO - Processing /opt/airflow/dags/dag_etl_camara_diario.py took 0.086 seconds
[2026-07-14T00:39:45.972+0000] {processor.py:161} INFO - Started process (PID=4824) to work on /opt/airflow/dags/dag_etl_camara_diario.py
[2026-07-14T00:39:45.973+0000] {processor.py:830} INFO - Processing file /opt/airflow/dags/dag_etl_camara_diario.py for tasks to queue
[2026-07-14T00:39:45.974+0000] {logging_mixin.py:188} INFO - [2026-07-14T00:39:45.973+0000] {dagbag.py:538} INFO - Filling up the DagBag from /opt/airflow/dags/dag_etl_camara_diario.py
[2026-07-14T00:39:45.984+0000] {processor.py:840} INFO - DAG(s) 'dag_etl_camara_diario' retrieved from /opt/airflow/dags/dag_etl_camara_diario.py
[2026-07-14T00:39:46.006+0000] {logging_mixin.py:188} INFO - [2026-07-14T00:39:46.006+0000] {dag.py:3036} INFO - Sync 1 DAGs
[2026-07-14T00:39:46.030+0000] {logging_mixin.py:188} INFO - [2026-07-14T00:39:46.030+0000] {dag.py:3823} INFO - Setting next_dagrun for dag_etl_camara_diario to 2026-07-12 03:00:00+00:00, run_after=2026-07-13 03:00:00+00:00
[2026-07-14T00:39:46.065+0000] {processor.py:183} INFO - Processing /opt/airflow/dags/dag_etl_camara_diario.py took 0.095 seconds
[2026-07-14T00:40:16.194+0000] {processor.py:161} INFO - Started process (PID=4839) to work on /opt/airflow/dags/dag_etl_camara_diario.py
[2026-07-14T00:40:16.195+0000] {processor.py:830} INFO - Processing file /opt/airflow/dags/dag_etl_camara_diario.py for tasks to queue
[2026-07-14T00:40:16.195+0000] {logging_mixin.py:188} INFO - [2026-07-14T00:40:16.195+0000] {dagbag.py:538} INFO - Filling up the DagBag from /opt/airflow/dags/dag_etl_camara_diario.py
[2026-07-14T00:40:16.205+0000] {processor.py:840} INFO - DAG(s) 'dag_etl_camara_diario' retrieved from /opt/airflow/dags/dag_etl_camara_diario.py
[2026-07-14T00:40:16.226+0000] {logging_mixin.py:188} INFO - [2026-07-14T00:40:16.225+0000] {dag.py:3036} INFO - Sync 1 DAGs
[2026-07-14T00:40:16.248+0000] {logging_mixin.py:188} INFO - [2026-07-14T00:40:16.247+0000] {dag.py:3823} INFO - Setting next_dagrun for dag_etl_camara_diario to 2026-07-12 03:00:00+00:00, run_after=2026-07-13 03:00:00+00:00
[2026-07-14T00:40:16.282+0000] {processor.py:183} INFO - Processing /opt/airflow/dags/dag_etl_camara_diario.py took 0.091 seconds
[2026-07-14T00:40:46.409+0000] {processor.py:161} INFO - Started process (PID=4854) to work on /opt/airflow/dags/dag_etl_camara_diario.py
[2026-07-14T00:40:46.410+0000] {processor.py:830} INFO - Processing file /opt/airflow/dags/dag_etl_camara_diario.py for tasks to queue
[2026-07-14T00:40:46.410+0000] {logging_mixin.py:188} INFO - [2026-07-14T00:40:46.410+0000] {dagbag.py:538} INFO - Filling up the DagBag from /opt/airflow/dags/dag_etl_camara_diario.py
[2026-07-14T00:40:46.419+0000] {processor.py:840} INFO - DAG(s) 'dag_etl_camara_diario' retrieved from /opt/airflow/dags/dag_etl_camara_diario.py
[2026-07-14T00:40:46.440+0000] {logging_mixin.py:188} INFO - [2026-07-14T00:40:46.440+0000] {dag.py:3036} INFO - Sync 1 DAGs
[2026-07-14T00:40:46.462+0000] {logging_mixin.py:188} INFO - [2026-07-14T00:40:46.462+0000] {dag.py:3823} INFO - Setting next_dagrun for dag_etl_camara_diario to 2026-07-12 03:00:00+00:00, run_after=2026-07-13 03:00:00+00:00
[2026-07-14T00:40:46.493+0000] {processor.py:183} INFO - Processing /opt/airflow/dags/dag_etl_camara_diario.py took 0.087 seconds
[2026-07-14T00:41:16.619+0000] {processor.py:161} INFO - Started process (PID=4869) to work on /opt/airflow/dags/dag_etl_camara_diario.py
[2026-07-14T00:41:16.619+0000] {processor.py:830} INFO - Processing file /opt/airflow/dags/dag_etl_camara_diario.py for tasks to queue
[2026-07-14T00:41:16.620+0000] {logging_mixin.py:188} INFO - [2026-07-14T00:41:16.620+0000] {dagbag.py:538} INFO - Filling up the DagBag from /opt/airflow/dags/dag_etl_camara_diario.py
[2026-07-14T00:41:16.630+0000] {processor.py:840} INFO - DAG(s) 'dag_etl_camara_diario' retrieved from /opt/airflow/dags/dag_etl_camara_diario.py
[2026-07-14T00:41:16.651+0000] {logging_mixin.py:188} INFO - [2026-07-14T00:41:16.651+0000] {dag.py:3036} INFO - Sync 1 DAGs
[2026-07-14T00:41:16.673+0000] {logging_mixin.py:188} INFO - [2026-07-14T00:41:16.673+0000] {dag.py:3823} INFO - Setting next_dagrun for dag_etl_camara_diario to 2026-07-12 03:00:00+00:00, run_after=2026-07-13 03:00:00+00:00
[2026-07-14T00:41:16.703+0000] {processor.py:183} INFO - Processing /opt/airflow/dags/dag_etl_camara_diario.py took 0.087 seconds
[2026-07-14T00:41:46.829+0000] {processor.py:161} INFO - Started process (PID=4884) to work on /opt/airflow/dags/dag_etl_camara_diario.py
[2026-07-14T00:41:46.829+0000] {processor.py:830} INFO - Processing file /opt/airflow/dags/dag_etl_camara_diario.py for tasks to queue
[2026-07-14T00:41:46.830+0000] {logging_mixin.py:188} INFO - [2026-07-14T00:41:46.830+0000] {dagbag.py:538} INFO - Filling up the DagBag from /opt/airflow/dags/dag_etl_camara_diario.py
[2026-07-14T00:41:46.839+0000] {processor.py:840} INFO - DAG(s) 'dag_etl_camara_diario' retrieved from /opt/airflow/dags/dag_etl_camara_diario.py
[2026-07-14T00:41:46.860+0000] {logging_mixin.py:188} INFO - [2026-07-14T00:41:46.859+0000] {dag.py:3036} INFO - Sync 1 DAGs
[2026-07-14T00:41:46.881+0000] {logging_mixin.py:188} INFO - [2026-07-14T00:41:46.881+0000] {dag.py:3823} INFO - Setting next_dagrun for dag_etl_camara_diario to 2026-07-12 03:00:00+00:00, run_after=2026-07-13 03:00:00+00:00
[2026-07-14T00:41:46.912+0000] {processor.py:183} INFO - Processing /opt/airflow/dags/dag_etl_camara_diario.py took 0.086 seconds
[2026-07-14T00:42:17.031+0000] {processor.py:161} INFO - Started process (PID=4899) to work on /opt/airflow/dags/dag_etl_camara_diario.py
[2026-07-14T00:42:17.032+0000] {processor.py:830} INFO - Processing file /opt/airflow/dags/dag_etl_camara_diario.py for tasks to queue
[2026-07-14T00:42:17.032+0000] {logging_mixin.py:188} INFO - [2026-07-14T00:42:17.032+0000] {dagbag.py:538} INFO - Filling up the DagBag from /opt/airflow/dags/dag_etl_camara_diario.py
[2026-07-14T00:42:17.041+0000] {processor.py:840} INFO - DAG(s) 'dag_etl_camara_diario' retrieved from /opt/airflow/dags/dag_etl_camara_diario.py
[2026-07-14T00:42:17.063+0000] {logging_mixin.py:188} INFO - [2026-07-14T00:42:17.062+0000] {dag.py:3036} INFO - Sync 1 DAGs
[2026-07-14T00:42:17.084+0000] {logging_mixin.py:188} INFO - [2026-07-14T00:42:17.084+0000] {dag.py:3823} INFO - Setting next_dagrun for dag_etl_camara_diario to 2026-07-12 03:00:00+00:00, run_after=2026-07-13 03:00:00+00:00
[2026-07-14T00:42:17.115+0000] {processor.py:183} INFO - Processing /opt/airflow/dags/dag_etl_camara_diario.py took 0.087 seconds
[2026-07-14T00:42:47.244+0000] {processor.py:161} INFO - Started process (PID=4914) to work on /opt/airflow/dags/dag_etl_camara_diario.py
[2026-07-14T00:42:47.245+0000] {processor.py:830} INFO - Processing file /opt/airflow/dags/dag_etl_camara_diario.py for tasks to queue
[2026-07-14T00:42:47.245+0000] {logging_mixin.py:188} INFO - [2026-07-14T00:42:47.245+0000] {dagbag.py:538} INFO - Filling up the DagBag from /opt/airflow/dags/dag_etl_camara_diario.py
[2026-07-14T00:42:47.254+0000] {processor.py:840} INFO - DAG(s) 'dag_etl_camara_diario' retrieved from /opt/airflow/dags/dag_etl_camara_diario.py
[2026-07-14T00:42:47.276+0000] {logging_mixin.py:188} INFO - [2026-07-14T00:42:47.275+0000] {dag.py:3036} INFO - Sync 1 DAGs
[2026-07-14T00:42:47.297+0000] {logging_mixin.py:188} INFO - [2026-07-14T00:42:47.297+0000] {dag.py:3823} INFO - Setting next_dagrun for dag_etl_camara_diario to 2026-07-12 03:00:00+00:00, run_after=2026-07-13 03:00:00+00:00
[2026-07-14T00:42:47.330+0000] {processor.py:183} INFO - Processing /opt/airflow/dags/dag_etl_camara_diario.py took 0.088 seconds
[2026-07-14T00:43:17.459+0000] {processor.py:161} INFO - Started process (PID=4929) to work on /opt/airflow/dags/dag_etl_camara_diario.py
[2026-07-14T00:43:17.460+0000] {processor.py:830} INFO - Processing file /opt/airflow/dags/dag_etl_camara_diario.py for tasks to queue
[2026-07-14T00:43:17.460+0000] {logging_mixin.py:188} INFO - [2026-07-14T00:43:17.460+0000] {dagbag.py:538} INFO - Filling up the DagBag from /opt/airflow/dags/dag_etl_camara_diario.py
[2026-07-14T00:43:17.470+0000] {processor.py:840} INFO - DAG(s) 'dag_etl_camara_diario' retrieved from /opt/airflow/dags/dag_etl_camara_diario.py
[2026-07-14T00:43:17.493+0000] {logging_mixin.py:188} INFO - [2026-07-14T00:43:17.492+0000] {dag.py:3036} INFO - Sync 1 DAGs
[2026-07-14T00:43:17.519+0000] {logging_mixin.py:188} INFO - [2026-07-14T00:43:17.519+0000] {dag.py:3823} INFO - Setting next_dagrun for dag_etl_camara_diario to 2026-07-12 03:00:00+00:00, run_after=2026-07-13 03:00:00+00:00
[2026-07-14T00:43:17.535+0000] {processor.py:183} INFO - Processing /opt/airflow/dags/dag_etl_camara_diario.py took 0.079 seconds
[2026-07-14T00:43:47.656+0000] {processor.py:161} INFO - Started process (PID=4944) to work on /opt/airflow/dags/dag_etl_camara_diario.py
[2026-07-14T00:43:47.657+0000] {processor.py:830} INFO - Processing file /opt/airflow/dags/dag_etl_camara_diario.py for tasks to queue
[2026-07-14T00:43:47.658+0000] {logging_mixin.py:188} INFO - [2026-07-14T00:43:47.657+0000] {dagbag.py:538} INFO - Filling up the DagBag from /opt/airflow/dags/dag_etl_camara_diario.py
[2026-07-14T00:43:47.667+0000] {processor.py:840} INFO - DAG(s) 'dag_etl_camara_diario' retrieved from /opt/airflow/dags/dag_etl_camara_diario.py
[2026-07-14T00:43:47.690+0000] {logging_mixin.py:188} INFO - [2026-07-14T00:43:47.689+0000] {dag.py:3036} INFO - Sync 1 DAGs
[2026-07-14T00:43:47.713+0000] {logging_mixin.py:188} INFO - [2026-07-14T00:43:47.713+0000] {dag.py:3823} INFO - Setting next_dagrun for dag_etl_camara_diario to 2026-07-12 03:00:00+00:00, run_after=2026-07-13 03:00:00+00:00
[2026-07-14T00:43:47.728+0000] {processor.py:183} INFO - Processing /opt/airflow/dags/dag_etl_camara_diario.py took 0.074 seconds
[2026-07-14T00:44:17.856+0000] {processor.py:161} INFO - Started process (PID=4959) to work on /opt/airflow/dags/dag_etl_camara_diario.py
[2026-07-14T00:44:17.857+0000] {processor.py:830} INFO - Processing file /opt/airflow/dags/dag_etl_camara_diario.py for tasks to queue
[2026-07-14T00:44:17.858+0000] {logging_mixin.py:188} INFO - [2026-07-14T00:44:17.858+0000] {dagbag.py:538} INFO - Filling up the DagBag from /opt/airflow/dags/dag_etl_camara_diario.py
[2026-07-14T00:44:17.867+0000] {processor.py:840} INFO - DAG(s) 'dag_etl_camara_diario' retrieved from /opt/airflow/dags/dag_etl_camara_diario.py
[2026-07-14T00:44:17.890+0000] {logging_mixin.py:188} INFO - [2026-07-14T00:44:17.890+0000] {dag.py:3036} INFO - Sync 1 DAGs
[2026-07-14T00:44:17.916+0000] {logging_mixin.py:188} INFO - [2026-07-14T00:44:17.916+0000] {dag.py:3823} INFO - Setting next_dagrun for dag_etl_camara_diario to 2026-07-12 03:00:00+00:00, run_after=2026-07-13 03:00:00+00:00
[2026-07-14T00:44:17.950+0000] {processor.py:183} INFO - Processing /opt/airflow/dags/dag_etl_camara_diario.py took 0.096 seconds
[2026-07-14T00:44:48.076+0000] {processor.py:161} INFO - Started process (PID=4974) to work on /opt/airflow/dags/dag_etl_camara_diario.py
[2026-07-14T00:44:48.077+0000] {processor.py:830} INFO - Processing file /opt/airflow/dags/dag_etl_camara_diario.py for tasks to queue
[2026-07-14T00:44:48.077+0000] {logging_mixin.py:188} INFO - [2026-07-14T00:44:48.077+0000] {dagbag.py:538} INFO - Filling up the DagBag from /opt/airflow/dags/dag_etl_camara_diario.py
[2026-07-14T00:44:48.086+0000] {processor.py:840} INFO - DAG(s) 'dag_etl_camara_diario' retrieved from /opt/airflow/dags/dag_etl_camara_diario.py
[2026-07-14T00:44:48.107+0000] {logging_mixin.py:188} INFO - [2026-07-14T00:44:48.107+0000] {dag.py:3036} INFO - Sync 1 DAGs
[2026-07-14T00:44:48.128+0000] {logging_mixin.py:188} INFO - [2026-07-14T00:44:48.128+0000] {dag.py:3823} INFO - Setting next_dagrun for dag_etl_camara_diario to 2026-07-12 03:00:00+00:00, run_after=2026-07-13 03:00:00+00:00
[2026-07-14T00:44:48.160+0000] {processor.py:183} INFO - Processing /opt/airflow/dags/dag_etl_camara_diario.py took 0.086 seconds
[2026-07-14T00:45:18.285+0000] {processor.py:161} INFO - Started process (PID=4989) to work on /opt/airflow/dags/dag_etl_camara_diario.py
[2026-07-14T00:45:18.286+0000] {processor.py:830} INFO - Processing file /opt/airflow/dags/dag_etl_camara_diario.py for tasks to queue
[2026-07-14T00:45:18.286+0000] {logging_mixin.py:188} INFO - [2026-07-14T00:45:18.286+0000] {dagbag.py:538} INFO - Filling up the DagBag from /opt/airflow/dags/dag_etl_camara_diario.py
[2026-07-14T00:45:18.294+0000] {processor.py:840} INFO - DAG(s) 'dag_etl_camara_diario' retrieved from /opt/airflow/dags/dag_etl_camara_diario.py
[2026-07-14T00:45:18.315+0000] {logging_mixin.py:188} INFO - [2026-07-14T00:45:18.315+0000] {dag.py:3036} INFO - Sync 1 DAGs
[2026-07-14T00:45:18.335+0000] {logging_mixin.py:188} INFO - [2026-07-14T00:45:18.335+0000] {dag.py:3823} INFO - Setting next_dagrun for dag_etl_camara_diario to 2026-07-12 03:00:00+00:00, run_after=2026-07-13 03:00:00+00:00
[2026-07-14T00:45:18.369+0000] {processor.py:183} INFO - Processing /opt/airflow/dags/dag_etl_camara_diario.py took 0.087 seconds
[2026-07-14T00:45:48.502+0000] {processor.py:161} INFO - Started process (PID=5004) to work on /opt/airflow/dags/dag_etl_camara_diario.py
[2026-07-14T00:45:48.502+0000] {processor.py:830} INFO - Processing file /opt/airflow/dags/dag_etl_camara_diario.py for tasks to queue
[2026-07-14T00:45:48.503+0000] {logging_mixin.py:188} INFO - [2026-07-14T00:45:48.503+0000] {dagbag.py:538} INFO - Filling up the DagBag from /opt/airflow/dags/dag_etl_camara_diario.py
[2026-07-14T00:45:48.512+0000] {processor.py:840} INFO - DAG(s) 'dag_etl_camara_diario' retrieved from /opt/airflow/dags/dag_etl_camara_diario.py
[2026-07-14T00:45:48.533+0000] {logging_mixin.py:188} INFO - [2026-07-14T00:45:48.533+0000] {dag.py:3036} INFO - Sync 1 DAGs
[2026-07-14T00:45:48.555+0000] {logging_mixin.py:188} INFO - [2026-07-14T00:45:48.555+0000] {dag.py:3823} INFO - Setting next_dagrun for dag_etl_camara_diario to 2026-07-12 03:00:00+00:00, run_after=2026-07-13 03:00:00+00:00
[2026-07-14T00:45:48.591+0000] {processor.py:183} INFO - Processing /opt/airflow/dags/dag_etl_camara_diario.py took 0.092 seconds
[2026-07-14T00:46:18.718+0000] {processor.py:161} INFO - Started process (PID=5019) to work on /opt/airflow/dags/dag_etl_camara_diario.py
[2026-07-14T00:46:18.718+0000] {processor.py:830} INFO - Processing file /opt/airflow/dags/dag_etl_camara_diario.py for tasks to queue
[2026-07-14T00:46:18.719+0000] {logging_mixin.py:188} INFO - [2026-07-14T00:46:18.719+0000] {dagbag.py:538} INFO - Filling up the DagBag from /opt/airflow/dags/dag_etl_camara_diario.py
[2026-07-14T00:46:18.728+0000] {processor.py:840} INFO - DAG(s) 'dag_etl_camara_diario' retrieved from /opt/airflow/dags/dag_etl_camara_diario.py
[2026-07-14T00:46:18.749+0000] {logging_mixin.py:188} INFO - [2026-07-14T00:46:18.749+0000] {dag.py:3036} INFO - Sync 1 DAGs
[2026-07-14T00:46:18.770+0000] {logging_mixin.py:188} INFO - [2026-07-14T00:46:18.770+0000] {dag.py:3823} INFO - Setting next_dagrun for dag_etl_camara_diario to 2026-07-12 03:00:00+00:00, run_after=2026-07-13 03:00:00+00:00
[2026-07-14T00:46:18.804+0000] {processor.py:183} INFO - Processing /opt/airflow/dags/dag_etl_camara_diario.py took 0.089 seconds
[2026-07-14T00:46:48.933+0000] {processor.py:161} INFO - Started process (PID=5034) to work on /opt/airflow/dags/dag_etl_camara_diario.py
[2026-07-14T00:46:48.933+0000] {processor.py:830} INFO - Processing file /opt/airflow/dags/dag_etl_camara_diario.py for tasks to queue
[2026-07-14T00:46:48.934+0000] {logging_mixin.py:188} INFO - [2026-07-14T00:46:48.934+0000] {dagbag.py:538} INFO - Filling up the DagBag from /opt/airflow/dags/dag_etl_camara_diario.py
[2026-07-14T00:46:48.943+0000] {processor.py:840} INFO - DAG(s) 'dag_etl_camara_diario' retrieved from /opt/airflow/dags/dag_etl_camara_diario.py
[2026-07-14T00:46:48.964+0000] {logging_mixin.py:188} INFO - [2026-07-14T00:46:48.964+0000] {dag.py:3036} INFO - Sync 1 DAGs
[2026-07-14T00:46:48.987+0000] {logging_mixin.py:188} INFO - [2026-07-14T00:46:48.987+0000] {dag.py:3823} INFO - Setting next_dagrun for dag_etl_camara_diario to 2026-07-12 03:00:00+00:00, run_after=2026-07-13 03:00:00+00:00
[2026-07-14T00:46:49.004+0000] {processor.py:183} INFO - Processing /opt/airflow/dags/dag_etl_camara_diario.py took 0.074 seconds
[2026-07-14T00:47:19.132+0000] {processor.py:161} INFO - Started process (PID=5049) to work on /opt/airflow/dags/dag_etl_camara_diario.py
[2026-07-14T00:47:19.133+0000] {processor.py:830} INFO - Processing file /opt/airflow/dags/dag_etl_camara_diario.py for tasks to queue
[2026-07-14T00:47:19.134+0000] {logging_mixin.py:188} INFO - [2026-07-14T00:47:19.133+0000] {dagbag.py:538} INFO - Filling up the DagBag from /opt/airflow/dags/dag_etl_camara_diario.py
[2026-07-14T00:47:19.143+0000] {processor.py:840} INFO - DAG(s) 'dag_etl_camara_diario' retrieved from /opt/airflow/dags/dag_etl_camara_diario.py
[2026-07-14T00:47:19.165+0000] {logging_mixin.py:188} INFO - [2026-07-14T00:47:19.164+0000] {dag.py:3036} INFO - Sync 1 DAGs
[2026-07-14T00:47:19.186+0000] {logging_mixin.py:188} INFO - [2026-07-14T00:47:19.186+0000] {dag.py:3823} INFO - Setting next_dagrun for dag_etl_camara_diario to 2026-07-12 03:00:00+00:00, run_after=2026-07-13 03:00:00+00:00
[2026-07-14T00:47:19.221+0000] {processor.py:183} INFO - Processing /opt/airflow/dags/dag_etl_camara_diario.py took 0.092 seconds
[2026-07-14T00:47:49.352+0000] {processor.py:161} INFO - Started process (PID=5064) to work on /opt/airflow/dags/dag_etl_camara_diario.py
[2026-07-14T00:47:49.353+0000] {processor.py:830} INFO - Processing file /opt/airflow/dags/dag_etl_camara_diario.py for tasks to queue
[2026-07-14T00:47:49.353+0000] {logging_mixin.py:188} INFO - [2026-07-14T00:47:49.353+0000] {dagbag.py:538} INFO - Filling up the DagBag from /opt/airflow/dags/dag_etl_camara_diario.py
[2026-07-14T00:47:49.362+0000] {processor.py:840} INFO - DAG(s) 'dag_etl_camara_diario' retrieved from /opt/airflow/dags/dag_etl_camara_diario.py
[2026-07-14T00:47:49.383+0000] {logging_mixin.py:188} INFO - [2026-07-14T00:47:49.383+0000] {dag.py:3036} INFO - Sync 1 DAGs
[2026-07-14T00:47:49.407+0000] {logging_mixin.py:188} INFO - [2026-07-14T00:47:49.407+0000] {dag.py:3823} INFO - Setting next_dagrun for dag_etl_camara_diario to 2026-07-12 03:00:00+00:00, run_after=2026-07-13 03:00:00+00:00
[2026-07-14T00:47:49.443+0000] {processor.py:183} INFO - Processing /opt/airflow/dags/dag_etl_camara_diario.py took 0.093 seconds
[2026-07-14T00:48:19.567+0000] {processor.py:161} INFO - Started process (PID=5079) to work on /opt/airflow/dags/dag_etl_camara_diario.py
[2026-07-14T00:48:19.568+0000] {processor.py:830} INFO - Processing file /opt/airflow/dags/dag_etl_camara_diario.py for tasks to queue
[2026-07-14T00:48:19.569+0000] {logging_mixin.py:188} INFO - [2026-07-14T00:48:19.568+0000] {dagbag.py:538} INFO - Filling up the DagBag from /opt/airflow/dags/dag_etl_camara_diario.py
[2026-07-14T00:48:19.578+0000] {processor.py:840} INFO - DAG(s) 'dag_etl_camara_diario' retrieved from /opt/airflow/dags/dag_etl_camara_diario.py
[2026-07-14T00:48:19.598+0000] {logging_mixin.py:188} INFO - [2026-07-14T00:48:19.598+0000] {dag.py:3036} INFO - Sync 1 DAGs
[2026-07-14T00:48:19.619+0000] {logging_mixin.py:188} INFO - [2026-07-14T00:48:19.619+0000] {dag.py:3823} INFO - Setting next_dagrun for dag_etl_camara_diario to 2026-07-12 03:00:00+00:00, run_after=2026-07-13 03:00:00+00:00
[2026-07-14T00:48:19.635+0000] {processor.py:183} INFO - Processing /opt/airflow/dags/dag_etl_camara_diario.py took 0.070 seconds
[2026-07-14T00:48:49.768+0000] {processor.py:161} INFO - Started process (PID=5094) to work on /opt/airflow/dags/dag_etl_camara_diario.py
[2026-07-14T00:48:49.769+0000] {processor.py:830} INFO - Processing file /opt/airflow/dags/dag_etl_camara_diario.py for tasks to queue
[2026-07-14T00:48:49.769+0000] {logging_mixin.py:188} INFO - [2026-07-14T00:48:49.769+0000] {dagbag.py:538} INFO - Filling up the DagBag from /opt/airflow/dags/dag_etl_camara_diario.py
[2026-07-14T00:48:49.778+0000] {processor.py:840} INFO - DAG(s) 'dag_etl_camara_diario' retrieved from /opt/airflow/dags/dag_etl_camara_diario.py
[2026-07-14T00:48:49.800+0000] {logging_mixin.py:188} INFO - [2026-07-14T00:48:49.800+0000] {dag.py:3036} INFO - Sync 1 DAGs
[2026-07-14T00:48:49.823+0000] {logging_mixin.py:188} INFO - [2026-07-14T00:48:49.823+0000] {dag.py:3823} INFO - Setting next_dagrun for dag_etl_camara_diario to 2026-07-12 03:00:00+00:00, run_after=2026-07-13 03:00:00+00:00
[2026-07-14T00:48:49.861+0000] {processor.py:183} INFO - Processing /opt/airflow/dags/dag_etl_camara_diario.py took 0.095 seconds
[2026-07-14T00:49:19.987+0000] {processor.py:161} INFO - Started process (PID=5109) to work on /opt/airflow/dags/dag_etl_camara_diario.py
[2026-07-14T00:49:19.988+0000] {processor.py:830} INFO - Processing file /opt/airflow/dags/dag_etl_camara_diario.py for tasks to queue
[2026-07-14T00:49:19.989+0000] {logging_mixin.py:188} INFO - [2026-07-14T00:49:19.989+0000] {dagbag.py:538} INFO - Filling up the DagBag from /opt/airflow/dags/dag_etl_camara_diario.py
[2026-07-14T00:49:19.998+0000] {processor.py:840} INFO - DAG(s) 'dag_etl_camara_diario' retrieved from /opt/airflow/dags/dag_etl_camara_diario.py
[2026-07-14T00:49:20.019+0000] {logging_mixin.py:188} INFO - [2026-07-14T00:49:20.019+0000] {dag.py:3036} INFO - Sync 1 DAGs
[2026-07-14T00:49:20.042+0000] {logging_mixin.py:188} INFO - [2026-07-14T00:49:20.041+0000] {dag.py:3823} INFO - Setting next_dagrun for dag_etl_camara_diario to 2026-07-12 03:00:00+00:00, run_after=2026-07-13 03:00:00+00:00
[2026-07-14T00:49:20.076+0000] {processor.py:183} INFO - Processing /opt/airflow/dags/dag_etl_camara_diario.py took 0.092 seconds
[2026-07-14T00:49:50.203+0000] {processor.py:161} INFO - Started process (PID=5124) to work on /opt/airflow/dags/dag_etl_camara_diario.py
[2026-07-14T00:49:50.203+0000] {processor.py:830} INFO - Processing file /opt/airflow/dags/dag_etl_camara_diario.py for tasks to queue
[2026-07-14T00:49:50.204+0000] {logging_mixin.py:188} INFO - [2026-07-14T00:49:50.204+0000] {dagbag.py:538} INFO - Filling up the DagBag from /opt/airflow/dags/dag_etl_camara_diario.py
[2026-07-14T00:49:50.213+0000] {processor.py:840} INFO - DAG(s) 'dag_etl_camara_diario' retrieved from /opt/airflow/dags/dag_etl_camara_diario.py
[2026-07-14T00:49:50.235+0000] {logging_mixin.py:188} INFO - [2026-07-14T00:49:50.235+0000] {dag.py:3036} INFO - Sync 1 DAGs
[2026-07-14T00:49:50.256+0000] {logging_mixin.py:188} INFO - [2026-07-14T00:49:50.256+0000] {dag.py:3823} INFO - Setting next_dagrun for dag_etl_camara_diario to 2026-07-12 03:00:00+00:00, run_after=2026-07-13 03:00:00+00:00
[2026-07-14T00:49:50.292+0000] {processor.py:183} INFO - Processing /opt/airflow/dags/dag_etl_camara_diario.py took 0.091 seconds
[2026-07-14T00:50:20.416+0000] {processor.py:161} INFO - Started process (PID=5139) to work on /opt/airflow/dags/dag_etl_camara_diario.py
[2026-07-14T00:50:20.417+0000] {processor.py:830} INFO - Processing file /opt/airflow/dags/dag_etl_camara_diario.py for tasks to queue
[2026-07-14T00:50:20.418+0000] {logging_mixin.py:188} INFO - [2026-07-14T00:50:20.418+0000] {dagbag.py:538} INFO - Filling up the DagBag from /opt/airflow/dags/dag_etl_camara_diario.py
[2026-07-14T00:50:20.427+0000] {processor.py:840} INFO - DAG(s) 'dag_etl_camara_diario' retrieved from /opt/airflow/dags/dag_etl_camara_diario.py
[2026-07-14T00:50:20.449+0000] {logging_mixin.py:188} INFO - [2026-07-14T00:50:20.449+0000] {dag.py:3036} INFO - Sync 1 DAGs
[2026-07-14T00:50:20.470+0000] {logging_mixin.py:188} INFO - [2026-07-14T00:50:20.470+0000] {dag.py:3823} INFO - Setting next_dagrun for dag_etl_camara_diario to 2026-07-12 03:00:00+00:00, run_after=2026-07-13 03:00:00+00:00
[2026-07-14T00:50:20.506+0000] {processor.py:183} INFO - Processing /opt/airflow/dags/dag_etl_camara_diario.py took 0.093 seconds
[2026-07-14T00:50:50.636+0000] {processor.py:161} INFO - Started process (PID=5154) to work on /opt/airflow/dags/dag_etl_camara_diario.py
[2026-07-14T00:50:50.636+0000] {processor.py:830} INFO - Processing file /opt/airflow/dags/dag_etl_camara_diario.py for tasks to queue
[2026-07-14T00:50:50.637+0000] {logging_mixin.py:188} INFO - [2026-07-14T00:50:50.637+0000] {dagbag.py:538} INFO - Filling up the DagBag from /opt/airflow/dags/dag_etl_camara_diario.py
[2026-07-14T00:50:50.646+0000] {processor.py:840} INFO - DAG(s) 'dag_etl_camara_diario' retrieved from /opt/airflow/dags/dag_etl_camara_diario.py
[2026-07-14T00:50:50.666+0000] {logging_mixin.py:188} INFO - [2026-07-14T00:50:50.666+0000] {dag.py:3036} INFO - Sync 1 DAGs
[2026-07-14T00:50:50.688+0000] {logging_mixin.py:188} INFO - [2026-07-14T00:50:50.688+0000] {dag.py:3823} INFO - Setting next_dagrun for dag_etl_camara_diario to 2026-07-12 03:00:00+00:00, run_after=2026-07-13 03:00:00+00:00
[2026-07-14T00:50:50.726+0000] {processor.py:183} INFO - Processing /opt/airflow/dags/dag_etl_camara_diario.py took 0.093 seconds
[2026-07-14T00:51:20.854+0000] {processor.py:161} INFO - Started process (PID=5169) to work on /opt/airflow/dags/dag_etl_camara_diario.py
[2026-07-14T00:51:20.855+0000] {processor.py:830} INFO - Processing file /opt/airflow/dags/dag_etl_camara_diario.py for tasks to queue
[2026-07-14T00:51:20.856+0000] {logging_mixin.py:188} INFO - [2026-07-14T00:51:20.856+0000] {dagbag.py:538} INFO - Filling up the DagBag from /opt/airflow/dags/dag_etl_camara_diario.py
[2026-07-14T00:51:20.865+0000] {processor.py:840} INFO - DAG(s) 'dag_etl_camara_diario' retrieved from /opt/airflow/dags/dag_etl_camara_diario.py
[2026-07-14T00:51:20.886+0000] {logging_mixin.py:188} INFO - [2026-07-14T00:51:20.885+0000] {dag.py:3036} INFO - Sync 1 DAGs
[2026-07-14T00:51:20.908+0000] {logging_mixin.py:188} INFO - [2026-07-14T00:51:20.908+0000] {dag.py:3823} INFO - Setting next_dagrun for dag_etl_camara_diario to 2026-07-12 03:00:00+00:00, run_after=2026-07-13 03:00:00+00:00
[2026-07-14T00:51:20.945+0000] {processor.py:183} INFO - Processing /opt/airflow/dags/dag_etl_camara_diario.py took 0.093 seconds
[2026-07-14T00:51:51.071+0000] {processor.py:161} INFO - Started process (PID=5184) to work on /opt/airflow/dags/dag_etl_camara_diario.py
[2026-07-14T00:51:51.071+0000] {processor.py:830} INFO - Processing file /opt/airflow/dags/dag_etl_camara_diario.py for tasks to queue
[2026-07-14T00:51:51.072+0000] {logging_mixin.py:188} INFO - [2026-07-14T00:51:51.072+0000] {dagbag.py:538} INFO - Filling up the DagBag from /opt/airflow/dags/dag_etl_camara_diario.py
[2026-07-14T00:51:51.081+0000] {processor.py:840} INFO - DAG(s) 'dag_etl_camara_diario' retrieved from /opt/airflow/dags/dag_etl_camara_diario.py
[2026-07-14T00:51:51.103+0000] {logging_mixin.py:188} INFO - [2026-07-14T00:51:51.102+0000] {dag.py:3036} INFO - Sync 1 DAGs
[2026-07-14T00:51:51.124+0000] {logging_mixin.py:188} INFO - [2026-07-14T00:51:51.124+0000] {dag.py:3823} INFO - Setting next_dagrun for dag_etl_camara_diario to 2026-07-12 03:00:00+00:00, run_after=2026-07-13 03:00:00+00:00
[2026-07-14T00:51:51.161+0000] {processor.py:183} INFO - Processing /opt/airflow/dags/dag_etl_camara_diario.py took 0.093 seconds
[2026-07-14T00:52:21.291+0000] {processor.py:161} INFO - Started process (PID=5199) to work on /opt/airflow/dags/dag_etl_camara_diario.py
[2026-07-14T00:52:21.292+0000] {processor.py:830} INFO - Processing file /opt/airflow/dags/dag_etl_camara_diario.py for tasks to queue
[2026-07-14T00:52:21.293+0000] {logging_mixin.py:188} INFO - [2026-07-14T00:52:21.292+0000] {dagbag.py:538} INFO - Filling up the DagBag from /opt/airflow/dags/dag_etl_camara_diario.py
[2026-07-14T00:52:21.302+0000] {processor.py:840} INFO - DAG(s) 'dag_etl_camara_diario' retrieved from /opt/airflow/dags/dag_etl_camara_diario.py
[2026-07-14T00:52:21.325+0000] {logging_mixin.py:188} INFO - [2026-07-14T00:52:21.325+0000] {dag.py:3036} INFO - Sync 1 DAGs
[2026-07-14T00:52:21.347+0000] {logging_mixin.py:188} INFO - [2026-07-14T00:52:21.347+0000] {dag.py:3823} INFO - Setting next_dagrun for dag_etl_camara_diario to 2026-07-12 03:00:00+00:00, run_after=2026-07-13 03:00:00+00:00
[2026-07-14T00:52:21.387+0000] {processor.py:183} INFO - Processing /opt/airflow/dags/dag_etl_camara_diario.py took 0.099 seconds
[2026-07-14T00:52:51.517+0000] {processor.py:161} INFO - Started process (PID=5214) to work on /opt/airflow/dags/dag_etl_camara_diario.py
[2026-07-14T00:52:51.518+0000] {processor.py:830} INFO - Processing file /opt/airflow/dags/dag_etl_camara_diario.py for tasks to queue
[2026-07-14T00:52:51.519+0000] {logging_mixin.py:188} INFO - [2026-07-14T00:52:51.519+0000] {dagbag.py:538} INFO - Filling up the DagBag from /opt/airflow/dags/dag_etl_camara_diario.py
[2026-07-14T00:52:51.528+0000] {processor.py:840} INFO - DAG(s) 'dag_etl_camara_diario' retrieved from /opt/airflow/dags/dag_etl_camara_diario.py
[2026-07-14T00:52:51.549+0000] {logging_mixin.py:188} INFO - [2026-07-14T00:52:51.549+0000] {dag.py:3036} INFO - Sync 1 DAGs
[2026-07-14T00:52:51.571+0000] {logging_mixin.py:188} INFO - [2026-07-14T00:52:51.571+0000] {dag.py:3823} INFO - Setting next_dagrun for dag_etl_camara_diario to 2026-07-12 03:00:00+00:00, run_after=2026-07-13 03:00:00+00:00
[2026-07-14T00:52:51.585+0000] {processor.py:183} INFO - Processing /opt/airflow/dags/dag_etl_camara_diario.py took 0.071 seconds
[2026-07-14T00:53:21.698+0000] {processor.py:161} INFO - Started process (PID=5229) to work on /opt/airflow/dags/dag_etl_camara_diario.py
[2026-07-14T00:53:21.699+0000] {processor.py:830} INFO - Processing file /opt/airflow/dags/dag_etl_camara_diario.py for tasks to queue
[2026-07-14T00:53:21.699+0000] {logging_mixin.py:188} INFO - [2026-07-14T00:53:21.699+0000] {dagbag.py:538} INFO - Filling up the DagBag from /opt/airflow/dags/dag_etl_camara_diario.py
[2026-07-14T00:53:21.709+0000] {processor.py:840} INFO - DAG(s) 'dag_etl_camara_diario' retrieved from /opt/airflow/dags/dag_etl_camara_diario.py
[2026-07-14T00:53:21.730+0000] {logging_mixin.py:188} INFO - [2026-07-14T00:53:21.730+0000] {dag.py:3036} INFO - Sync 1 DAGs
[2026-07-14T00:53:21.750+0000] {logging_mixin.py:188} INFO - [2026-07-14T00:53:21.750+0000] {dag.py:3823} INFO - Setting next_dagrun for dag_etl_camara_diario to 2026-07-12 03:00:00+00:00, run_after=2026-07-13 03:00:00+00:00
[2026-07-14T00:53:21.786+0000] {processor.py:183} INFO - Processing /opt/airflow/dags/dag_etl_camara_diario.py took 0.090 seconds
[2026-07-14T00:53:51.911+0000] {processor.py:161} INFO - Started process (PID=5244) to work on /opt/airflow/dags/dag_etl_camara_diario.py
[2026-07-14T00:53:51.911+0000] {processor.py:830} INFO - Processing file /opt/airflow/dags/dag_etl_camara_diario.py for tasks to queue
[2026-07-14T00:53:51.912+0000] {logging_mixin.py:188} INFO - [2026-07-14T00:53:51.912+0000] {dagbag.py:538} INFO - Filling up the DagBag from /opt/airflow/dags/dag_etl_camara_diario.py
[2026-07-14T00:53:51.921+0000] {processor.py:840} INFO - DAG(s) 'dag_etl_camara_diario' retrieved from /opt/airflow/dags/dag_etl_camara_diario.py
[2026-07-14T00:53:51.943+0000] {logging_mixin.py:188} INFO - [2026-07-14T00:53:51.942+0000] {dag.py:3036} INFO - Sync 1 DAGs
[2026-07-14T00:53:51.963+0000] {logging_mixin.py:188} INFO - [2026-07-14T00:53:51.963+0000] {dag.py:3823} INFO - Setting next_dagrun for dag_etl_camara_diario to 2026-07-12 03:00:00+00:00, run_after=2026-07-13 03:00:00+00:00
[2026-07-14T00:53:52.004+0000] {processor.py:183} INFO - Processing /opt/airflow/dags/dag_etl_camara_diario.py took 0.095 seconds
[2026-07-14T00:54:22.117+0000] {processor.py:161} INFO - Started process (PID=5259) to work on /opt/airflow/dags/dag_etl_camara_diario.py
[2026-07-14T00:54:22.118+0000] {processor.py:830} INFO - Processing file /opt/airflow/dags/dag_etl_camara_diario.py for tasks to queue
[2026-07-14T00:54:22.119+0000] {logging_mixin.py:188} INFO - [2026-07-14T00:54:22.119+0000] {dagbag.py:538} INFO - Filling up the DagBag from /opt/airflow/dags/dag_etl_camara_diario.py
[2026-07-14T00:54:22.129+0000] {processor.py:840} INFO - DAG(s) 'dag_etl_camara_diario' retrieved from /opt/airflow/dags/dag_etl_camara_diario.py
[2026-07-14T00:54:22.152+0000] {logging_mixin.py:188} INFO - [2026-07-14T00:54:22.151+0000] {dag.py:3036} INFO - Sync 1 DAGs
[2026-07-14T00:54:22.173+0000] {logging_mixin.py:188} INFO - [2026-07-14T00:54:22.173+0000] {dag.py:3823} INFO - Setting next_dagrun for dag_etl_camara_diario to 2026-07-12 03:00:00+00:00, run_after=2026-07-13 03:00:00+00:00
[2026-07-14T00:54:22.215+0000] {processor.py:183} INFO - Processing /opt/airflow/dags/dag_etl_camara_diario.py took 0.100 seconds
[2026-07-14T00:54:52.340+0000] {processor.py:161} INFO - Started process (PID=5274) to work on /opt/airflow/dags/dag_etl_camara_diario.py
[2026-07-14T00:54:52.341+0000] {processor.py:830} INFO - Processing file /opt/airflow/dags/dag_etl_camara_diario.py for tasks to queue
[2026-07-14T00:54:52.342+0000] {logging_mixin.py:188} INFO - [2026-07-14T00:54:52.341+0000] {dagbag.py:538} INFO - Filling up the DagBag from /opt/airflow/dags/dag_etl_camara_diario.py
[2026-07-14T00:54:52.351+0000] {processor.py:840} INFO - DAG(s) 'dag_etl_camara_diario' retrieved from /opt/airflow/dags/dag_etl_camara_diario.py
[2026-07-14T00:54:52.372+0000] {logging_mixin.py:188} INFO - [2026-07-14T00:54:52.372+0000] {dag.py:3036} INFO - Sync 1 DAGs
[2026-07-14T00:54:52.395+0000] {logging_mixin.py:188} INFO - [2026-07-14T00:54:52.395+0000] {dag.py:3823} INFO - Setting next_dagrun for dag_etl_camara_diario to 2026-07-12 03:00:00+00:00, run_after=2026-07-13 03:00:00+00:00
[2026-07-14T00:54:52.432+0000] {processor.py:183} INFO - Processing /opt/airflow/dags/dag_etl_camara_diario.py took 0.094 seconds
[2026-07-14T00:55:22.552+0000] {processor.py:161} INFO - Started process (PID=5289) to work on /opt/airflow/dags/dag_etl_camara_diario.py
[2026-07-14T00:55:22.553+0000] {processor.py:830} INFO - Processing file /opt/airflow/dags/dag_etl_camara_diario.py for tasks to queue
[2026-07-14T00:55:22.553+0000] {logging_mixin.py:188} INFO - [2026-07-14T00:55:22.553+0000] {dagbag.py:538} INFO - Filling up the DagBag from /opt/airflow/dags/dag_etl_camara_diario.py
[2026-07-14T00:55:22.562+0000] {processor.py:840} INFO - DAG(s) 'dag_etl_camara_diario' retrieved from /opt/airflow/dags/dag_etl_camara_diario.py
[2026-07-14T00:55:22.582+0000] {logging_mixin.py:188} INFO - [2026-07-14T00:55:22.582+0000] {dag.py:3036} INFO - Sync 1 DAGs
[2026-07-14T00:55:22.603+0000] {logging_mixin.py:188} INFO - [2026-07-14T00:55:22.603+0000] {dag.py:3823} INFO - Setting next_dagrun for dag_etl_camara_diario to 2026-07-12 03:00:00+00:00, run_after=2026-07-13 03:00:00+00:00
[2026-07-14T00:55:22.640+0000] {processor.py:183} INFO - Processing /opt/airflow/dags/dag_etl_camara_diario.py took 0.091 seconds
[2026-07-14T00:55:52.761+0000] {processor.py:161} INFO - Started process (PID=5304) to work on /opt/airflow/dags/dag_etl_camara_diario.py
[2026-07-14T00:55:52.761+0000] {processor.py:830} INFO - Processing file /opt/airflow/dags/dag_etl_camara_diario.py for tasks to queue
[2026-07-14T00:55:52.762+0000] {logging_mixin.py:188} INFO - [2026-07-14T00:55:52.761+0000] {dagbag.py:538} INFO - Filling up the DagBag from /opt/airflow/dags/dag_etl_camara_diario.py
[2026-07-14T00:55:52.772+0000] {processor.py:840} INFO - DAG(s) 'dag_etl_camara_diario' retrieved from /opt/airflow/dags/dag_etl_camara_diario.py
[2026-07-14T00:55:52.793+0000] {logging_mixin.py:188} INFO - [2026-07-14T00:55:52.792+0000] {dag.py:3036} INFO - Sync 1 DAGs
[2026-07-14T00:55:52.815+0000] {logging_mixin.py:188} INFO - [2026-07-14T00:55:52.814+0000] {dag.py:3823} INFO - Setting next_dagrun for dag_etl_camara_diario to 2026-07-12 03:00:00+00:00, run_after=2026-07-13 03:00:00+00:00
[2026-07-14T00:55:52.850+0000] {processor.py:183} INFO - Processing /opt/airflow/dags/dag_etl_camara_diario.py took 0.092 seconds
[2026-07-14T00:56:22.973+0000] {processor.py:161} INFO - Started process (PID=5319) to work on /opt/airflow/dags/dag_etl_camara_diario.py
[2026-07-14T00:56:22.973+0000] {processor.py:830} INFO - Processing file /opt/airflow/dags/dag_etl_camara_diario.py for tasks to queue
[2026-07-14T00:56:22.974+0000] {logging_mixin.py:188} INFO - [2026-07-14T00:56:22.974+0000] {dagbag.py:538} INFO - Filling up the DagBag from /opt/airflow/dags/dag_etl_camara_diario.py
[2026-07-14T00:56:22.983+0000] {processor.py:840} INFO - DAG(s) 'dag_etl_camara_diario' retrieved from /opt/airflow/dags/dag_etl_camara_diario.py
[2026-07-14T00:56:23.003+0000] {logging_mixin.py:188} INFO - [2026-07-14T00:56:23.002+0000] {dag.py:3036} INFO - Sync 1 DAGs
[2026-07-14T00:56:23.022+0000] {logging_mixin.py:188} INFO - [2026-07-14T00:56:23.022+0000] {dag.py:3823} INFO - Setting next_dagrun for dag_etl_camara_diario to 2026-07-12 03:00:00+00:00, run_after=2026-07-13 03:00:00+00:00
[2026-07-14T00:56:23.059+0000] {processor.py:183} INFO - Processing /opt/airflow/dags/dag_etl_camara_diario.py took 0.089 seconds
[2026-07-14T00:56:53.098+0000] {processor.py:161} INFO - Started process (PID=5334) to work on /opt/airflow/dags/dag_etl_camara_diario.py
[2026-07-14T00:56:53.098+0000] {processor.py:830} INFO - Processing file /opt/airflow/dags/dag_etl_camara_diario.py for tasks to queue
[2026-07-14T00:56:53.099+0000] {logging_mixin.py:188} INFO - [2026-07-14T00:56:53.099+0000] {dagbag.py:538} INFO - Filling up the DagBag from /opt/airflow/dags/dag_etl_camara_diario.py
[2026-07-14T00:56:53.108+0000] {processor.py:840} INFO - DAG(s) 'dag_etl_camara_diario' retrieved from /opt/airflow/dags/dag_etl_camara_diario.py
[2026-07-14T00:56:53.133+0000] {logging_mixin.py:188} INFO - [2026-07-14T00:56:53.133+0000] {dag.py:3036} INFO - Sync 1 DAGs
[2026-07-14T00:56:53.156+0000] {logging_mixin.py:188} INFO - [2026-07-14T00:56:53.156+0000] {dag.py:3823} INFO - Setting next_dagrun for dag_etl_camara_diario to 2026-07-12 03:00:00+00:00, run_after=2026-07-13 03:00:00+00:00
[2026-07-14T00:56:53.196+0000] {processor.py:183} INFO - Processing /opt/airflow/dags/dag_etl_camara_diario.py took 0.101 seconds
[2026-07-14T00:57:23.316+0000] {processor.py:161} INFO - Started process (PID=5349) to work on /opt/airflow/dags/dag_etl_camara_diario.py
[2026-07-14T00:57:23.317+0000] {processor.py:830} INFO - Processing file /opt/airflow/dags/dag_etl_camara_diario.py for tasks to queue
[2026-07-14T00:57:23.317+0000] {logging_mixin.py:188} INFO - [2026-07-14T00:57:23.317+0000] {dagbag.py:538} INFO - Filling up the DagBag from /opt/airflow/dags/dag_etl_camara_diario.py
[2026-07-14T00:57:23.326+0000] {processor.py:840} INFO - DAG(s) 'dag_etl_camara_diario' retrieved from /opt/airflow/dags/dag_etl_camara_diario.py
[2026-07-14T00:57:23.347+0000] {logging_mixin.py:188} INFO - [2026-07-14T00:57:23.347+0000] {dag.py:3036} INFO - Sync 1 DAGs
[2026-07-14T00:57:23.368+0000] {logging_mixin.py:188} INFO - [2026-07-14T00:57:23.368+0000] {dag.py:3823} INFO - Setting next_dagrun for dag_etl_camara_diario to 2026-07-12 03:00:00+00:00, run_after=2026-07-13 03:00:00+00:00
[2026-07-14T00:57:23.405+0000] {processor.py:183} INFO - Processing /opt/airflow/dags/dag_etl_camara_diario.py took 0.092 seconds
[2026-07-14T00:57:53.519+0000] {processor.py:161} INFO - Started process (PID=5364) to work on /opt/airflow/dags/dag_etl_camara_diario.py
[2026-07-14T00:57:53.519+0000] {processor.py:830} INFO - Processing file /opt/airflow/dags/dag_etl_camara_diario.py for tasks to queue
[2026-07-14T00:57:53.520+0000] {logging_mixin.py:188} INFO - [2026-07-14T00:57:53.520+0000] {dagbag.py:538} INFO - Filling up the DagBag from /opt/airflow/dags/dag_etl_camara_diario.py
[2026-07-14T00:57:53.530+0000] {processor.py:840} INFO - DAG(s) 'dag_etl_camara_diario' retrieved from /opt/airflow/dags/dag_etl_camara_diario.py
[2026-07-14T00:57:53.551+0000] {logging_mixin.py:188} INFO - [2026-07-14T00:57:53.551+0000] {dag.py:3036} INFO - Sync 1 DAGs
[2026-07-14T00:57:53.574+0000] {logging_mixin.py:188} INFO - [2026-07-14T00:57:53.574+0000] {dag.py:3823} INFO - Setting next_dagrun for dag_etl_camara_diario to 2026-07-12 03:00:00+00:00, run_after=2026-07-13 03:00:00+00:00
[2026-07-14T00:57:53.615+0000] {processor.py:183} INFO - Processing /opt/airflow/dags/dag_etl_camara_diario.py took 0.099 seconds
[2026-07-14T00:58:23.733+0000] {processor.py:161} INFO - Started process (PID=5379) to work on /opt/airflow/dags/dag_etl_camara_diario.py
[2026-07-14T00:58:23.734+0000] {processor.py:830} INFO - Processing file /opt/airflow/dags/dag_etl_camara_diario.py for tasks to queue
[2026-07-14T00:58:23.735+0000] {logging_mixin.py:188} INFO - [2026-07-14T00:58:23.735+0000] {dagbag.py:538} INFO - Filling up the DagBag from /opt/airflow/dags/dag_etl_camara_diario.py
[2026-07-14T00:58:23.744+0000] {processor.py:840} INFO - DAG(s) 'dag_etl_camara_diario' retrieved from /opt/airflow/dags/dag_etl_camara_diario.py
[2026-07-14T00:58:23.764+0000] {logging_mixin.py:188} INFO - [2026-07-14T00:58:23.764+0000] {dag.py:3036} INFO - Sync 1 DAGs
[2026-07-14T00:58:23.785+0000] {logging_mixin.py:188} INFO - [2026-07-14T00:58:23.785+0000] {dag.py:3823} INFO - Setting next_dagrun for dag_etl_camara_diario to 2026-07-12 03:00:00+00:00, run_after=2026-07-13 03:00:00+00:00
[2026-07-14T00:58:23.826+0000] {processor.py:183} INFO - Processing /opt/airflow/dags/dag_etl_camara_diario.py took 0.096 seconds
[2026-07-14T00:58:53.950+0000] {processor.py:161} INFO - Started process (PID=5394) to work on /opt/airflow/dags/dag_etl_camara_diario.py
[2026-07-14T00:58:53.951+0000] {processor.py:830} INFO - Processing file /opt/airflow/dags/dag_etl_camara_diario.py for tasks to queue
[2026-07-14T00:58:53.952+0000] {logging_mixin.py:188} INFO - [2026-07-14T00:58:53.951+0000] {dagbag.py:538} INFO - Filling up the DagBag from /opt/airflow/dags/dag_etl_camara_diario.py
[2026-07-14T00:58:53.961+0000] {processor.py:840} INFO - DAG(s) 'dag_etl_camara_diario' retrieved from /opt/airflow/dags/dag_etl_camara_diario.py
[2026-07-14T00:58:53.981+0000] {logging_mixin.py:188} INFO - [2026-07-14T00:58:53.981+0000] {dag.py:3036} INFO - Sync 1 DAGs
[2026-07-14T00:58:54.002+0000] {logging_mixin.py:188} INFO - [2026-07-14T00:58:54.002+0000] {dag.py:3823} INFO - Setting next_dagrun for dag_etl_camara_diario to 2026-07-12 03:00:00+00:00, run_after=2026-07-13 03:00:00+00:00
[2026-07-14T00:58:54.041+0000] {processor.py:183} INFO - Processing /opt/airflow/dags/dag_etl_camara_diario.py took 0.093 seconds
[2026-07-14T00:59:24.161+0000] {processor.py:161} INFO - Started process (PID=5409) to work on /opt/airflow/dags/dag_etl_camara_diario.py
[2026-07-14T00:59:24.162+0000] {processor.py:830} INFO - Processing file /opt/airflow/dags/dag_etl_camara_diario.py for tasks to queue
[2026-07-14T00:59:24.162+0000] {logging_mixin.py:188} INFO - [2026-07-14T00:59:24.162+0000] {dagbag.py:538} INFO - Filling up the DagBag from /opt/airflow/dags/dag_etl_camara_diario.py
[2026-07-14T00:59:24.171+0000] {processor.py:840} INFO - DAG(s) 'dag_etl_camara_diario' retrieved from /opt/airflow/dags/dag_etl_camara_diario.py
[2026-07-14T00:59:24.191+0000] {logging_mixin.py:188} INFO - [2026-07-14T00:59:24.191+0000] {dag.py:3036} INFO - Sync 1 DAGs
[2026-07-14T00:59:24.213+0000] {logging_mixin.py:188} INFO - [2026-07-14T00:59:24.213+0000] {dag.py:3823} INFO - Setting next_dagrun for dag_etl_camara_diario to 2026-07-12 03:00:00+00:00, run_after=2026-07-13 03:00:00+00:00
[2026-07-14T00:59:24.250+0000] {processor.py:183} INFO - Processing /opt/airflow/dags/dag_etl_camara_diario.py took 0.092 seconds
[2026-07-14T00:59:54.369+0000] {processor.py:161} INFO - Started process (PID=5424) to work on /opt/airflow/dags/dag_etl_camara_diario.py
[2026-07-14T00:59:54.370+0000] {processor.py:830} INFO - Processing file /opt/airflow/dags/dag_etl_camara_diario.py for tasks to queue
[2026-07-14T00:59:54.371+0000] {logging_mixin.py:188} INFO - [2026-07-14T00:59:54.371+0000] {dagbag.py:538} INFO - Filling up the DagBag from /opt/airflow/dags/dag_etl_camara_diario.py
[2026-07-14T00:59:54.381+0000] {processor.py:840} INFO - DAG(s) 'dag_etl_camara_diario' retrieved from /opt/airflow/dags/dag_etl_camara_diario.py
[2026-07-14T00:59:54.407+0000] {logging_mixin.py:188} INFO - [2026-07-14T00:59:54.406+0000] {dag.py:3036} INFO - Sync 1 DAGs
[2026-07-14T00:59:54.433+0000] {logging_mixin.py:188} INFO - [2026-07-14T00:59:54.432+0000] {dag.py:3823} INFO - Setting next_dagrun for dag_etl_camara_diario to 2026-07-12 03:00:00+00:00, run_after=2026-07-13 03:00:00+00:00
[2026-07-14T00:59:54.471+0000] {processor.py:183} INFO - Processing /opt/airflow/dags/dag_etl_camara_diario.py took 0.104 seconds
[2026-07-14T01:00:24.595+0000] {processor.py:161} INFO - Started process (PID=5439) to work on /opt/airflow/dags/dag_etl_camara_diario.py
[2026-07-14T01:00:24.596+0000] {processor.py:830} INFO - Processing file /opt/airflow/dags/dag_etl_camara_diario.py for tasks to queue
[2026-07-14T01:00:24.597+0000] {logging_mixin.py:188} INFO - [2026-07-14T01:00:24.597+0000] {dagbag.py:538} INFO - Filling up the DagBag from /opt/airflow/dags/dag_etl_camara_diario.py
[2026-07-14T01:00:24.606+0000] {processor.py:840} INFO - DAG(s) 'dag_etl_camara_diario' retrieved from /opt/airflow/dags/dag_etl_camara_diario.py
[2026-07-14T01:00:24.627+0000] {logging_mixin.py:188} INFO - [2026-07-14T01:00:24.626+0000] {dag.py:3036} INFO - Sync 1 DAGs
[2026-07-14T01:00:24.647+0000] {logging_mixin.py:188} INFO - [2026-07-14T01:00:24.647+0000] {dag.py:3823} INFO - Setting next_dagrun for dag_etl_camara_diario to 2026-07-12 03:00:00+00:00, run_after=2026-07-13 03:00:00+00:00
[2026-07-14T01:00:24.686+0000] {processor.py:183} INFO - Processing /opt/airflow/dags/dag_etl_camara_diario.py took 0.093 seconds
[2026-07-14T01:00:54.804+0000] {processor.py:161} INFO - Started process (PID=5454) to work on /opt/airflow/dags/dag_etl_camara_diario.py
[2026-07-14T01:00:54.805+0000] {processor.py:830} INFO - Processing file /opt/airflow/dags/dag_etl_camara_diario.py for tasks to queue
[2026-07-14T01:00:54.806+0000] {logging_mixin.py:188} INFO - [2026-07-14T01:00:54.805+0000] {dagbag.py:538} INFO - Filling up the DagBag from /opt/airflow/dags/dag_etl_camara_diario.py
[2026-07-14T01:00:54.815+0000] {processor.py:840} INFO - DAG(s) 'dag_etl_camara_diario' retrieved from /opt/airflow/dags/dag_etl_camara_diario.py
[2026-07-14T01:00:54.835+0000] {logging_mixin.py:188} INFO - [2026-07-14T01:00:54.835+0000] {dag.py:3036} INFO - Sync 1 DAGs
[2026-07-14T01:00:54.856+0000] {logging_mixin.py:188} INFO - [2026-07-14T01:00:54.856+0000] {dag.py:3823} INFO - Setting next_dagrun for dag_etl_camara_diario to 2026-07-12 03:00:00+00:00, run_after=2026-07-13 03:00:00+00:00
[2026-07-14T01:00:54.894+0000] {processor.py:183} INFO - Processing /opt/airflow/dags/dag_etl_camara_diario.py took 0.092 seconds
[2026-07-14T01:01:25.005+0000] {processor.py:161} INFO - Started process (PID=5469) to work on /opt/airflow/dags/dag_etl_camara_diario.py
[2026-07-14T01:01:25.006+0000] {processor.py:830} INFO - Processing file /opt/airflow/dags/dag_etl_camara_diario.py for tasks to queue
[2026-07-14T01:01:25.007+0000] {logging_mixin.py:188} INFO - [2026-07-14T01:01:25.007+0000] {dagbag.py:538} INFO - Filling up the DagBag from /opt/airflow/dags/dag_etl_camara_diario.py
[2026-07-14T01:01:25.016+0000] {processor.py:840} INFO - DAG(s) 'dag_etl_camara_diario' retrieved from /opt/airflow/dags/dag_etl_camara_diario.py
[2026-07-14T01:01:25.036+0000] {logging_mixin.py:188} INFO - [2026-07-14T01:01:25.035+0000] {dag.py:3036} INFO - Sync 1 DAGs
[2026-07-14T01:01:25.055+0000] {logging_mixin.py:188} INFO - [2026-07-14T01:01:25.055+0000] {dag.py:3823} INFO - Setting next_dagrun for dag_etl_camara_diario to 2026-07-12 03:00:00+00:00, run_after=2026-07-13 03:00:00+00:00
[2026-07-14T01:01:25.071+0000] {processor.py:183} INFO - Processing /opt/airflow/dags/dag_etl_camara_diario.py took 0.068 seconds
[2026-07-14T01:01:55.198+0000] {processor.py:161} INFO - Started process (PID=5484) to work on /opt/airflow/dags/dag_etl_camara_diario.py
[2026-07-14T01:01:55.199+0000] {processor.py:830} INFO - Processing file /opt/airflow/dags/dag_etl_camara_diario.py for tasks to queue
[2026-07-14T01:01:55.200+0000] {logging_mixin.py:188} INFO - [2026-07-14T01:01:55.200+0000] {dagbag.py:538} INFO - Filling up the DagBag from /opt/airflow/dags/dag_etl_camara_diario.py
[2026-07-14T01:01:55.208+0000] {processor.py:840} INFO - DAG(s) 'dag_etl_camara_diario' retrieved from /opt/airflow/dags/dag_etl_camara_diario.py
[2026-07-14T01:01:55.228+0000] {logging_mixin.py:188} INFO - [2026-07-14T01:01:55.228+0000] {dag.py:3036} INFO - Sync 1 DAGs
[2026-07-14T01:01:55.249+0000] {logging_mixin.py:188} INFO - [2026-07-14T01:01:55.249+0000] {dag.py:3823} INFO - Setting next_dagrun for dag_etl_camara_diario to 2026-07-12 03:00:00+00:00, run_after=2026-07-13 03:00:00+00:00
[2026-07-14T01:01:55.290+0000] {processor.py:183} INFO - Processing /opt/airflow/dags/dag_etl_camara_diario.py took 0.095 seconds
[2026-07-14T01:02:25.409+0000] {processor.py:161} INFO - Started process (PID=5499) to work on /opt/airflow/dags/dag_etl_camara_diario.py
[2026-07-14T01:02:25.409+0000] {processor.py:830} INFO - Processing file /opt/airflow/dags/dag_etl_camara_diario.py for tasks to queue
[2026-07-14T01:02:25.410+0000] {logging_mixin.py:188} INFO - [2026-07-14T01:02:25.410+0000] {dagbag.py:538} INFO - Filling up the DagBag from /opt/airflow/dags/dag_etl_camara_diario.py
[2026-07-14T01:02:25.419+0000] {processor.py:840} INFO - DAG(s) 'dag_etl_camara_diario' retrieved from /opt/airflow/dags/dag_etl_camara_diario.py
[2026-07-14T01:02:25.440+0000] {logging_mixin.py:188} INFO - [2026-07-14T01:02:25.440+0000] {dag.py:3036} INFO - Sync 1 DAGs
[2026-07-14T01:02:25.462+0000] {logging_mixin.py:188} INFO - [2026-07-14T01:02:25.462+0000] {dag.py:3823} INFO - Setting next_dagrun for dag_etl_camara_diario to 2026-07-12 03:00:00+00:00, run_after=2026-07-13 03:00:00+00:00
[2026-07-14T01:02:25.490+0000] {processor.py:183} INFO - Processing /opt/airflow/dags/dag_etl_camara_diario.py took 0.084 seconds
[2026-07-14T01:02:55.613+0000] {processor.py:161} INFO - Started process (PID=5514) to work on /opt/airflow/dags/dag_etl_camara_diario.py
[2026-07-14T01:02:55.614+0000] {processor.py:830} INFO - Processing file /opt/airflow/dags/dag_etl_camara_diario.py for tasks to queue
[2026-07-14T01:02:55.614+0000] {logging_mixin.py:188} INFO - [2026-07-14T01:02:55.614+0000] {dagbag.py:538} INFO - Filling up the DagBag from /opt/airflow/dags/dag_etl_camara_diario.py
[2026-07-14T01:02:55.623+0000] {processor.py:840} INFO - DAG(s) 'dag_etl_camara_diario' retrieved from /opt/airflow/dags/dag_etl_camara_diario.py
[2026-07-14T01:02:55.644+0000] {logging_mixin.py:188} INFO - [2026-07-14T01:02:55.643+0000] {dag.py:3036} INFO - Sync 1 DAGs
[2026-07-14T01:02:55.664+0000] {logging_mixin.py:188} INFO - [2026-07-14T01:02:55.664+0000] {dag.py:3823} INFO - Setting next_dagrun for dag_etl_camara_diario to 2026-07-12 03:00:00+00:00, run_after=2026-07-13 03:00:00+00:00
[2026-07-14T01:02:55.694+0000] {processor.py:183} INFO - Processing /opt/airflow/dags/dag_etl_camara_diario.py took 0.084 seconds
[2026-07-14T01:03:25.810+0000] {processor.py:161} INFO - Started process (PID=5529) to work on /opt/airflow/dags/dag_etl_camara_diario.py
[2026-07-14T01:03:25.811+0000] {processor.py:830} INFO - Processing file /opt/airflow/dags/dag_etl_camara_diario.py for tasks to queue
[2026-07-14T01:03:25.811+0000] {logging_mixin.py:188} INFO - [2026-07-14T01:03:25.811+0000] {dagbag.py:538} INFO - Filling up the DagBag from /opt/airflow/dags/dag_etl_camara_diario.py
[2026-07-14T01:03:25.821+0000] {processor.py:840} INFO - DAG(s) 'dag_etl_camara_diario' retrieved from /opt/airflow/dags/dag_etl_camara_diario.py
[2026-07-14T01:03:25.842+0000] {logging_mixin.py:188} INFO - [2026-07-14T01:03:25.841+0000] {dag.py:3036} INFO - Sync 1 DAGs
[2026-07-14T01:03:25.863+0000] {logging_mixin.py:188} INFO - [2026-07-14T01:03:25.863+0000] {dag.py:3823} INFO - Setting next_dagrun for dag_etl_camara_diario to 2026-07-12 03:00:00+00:00, run_after=2026-07-13 03:00:00+00:00
[2026-07-14T01:03:25.890+0000] {processor.py:183} INFO - Processing /opt/airflow/dags/dag_etl_camara_diario.py took 0.083 seconds
[2026-07-14T01:03:56.023+0000] {processor.py:161} INFO - Started process (PID=5544) to work on /opt/airflow/dags/dag_etl_camara_diario.py
[2026-07-14T01:03:56.024+0000] {processor.py:830} INFO - Processing file /opt/airflow/dags/dag_etl_camara_diario.py for tasks to queue
[2026-07-14T01:03:56.024+0000] {logging_mixin.py:188} INFO - [2026-07-14T01:03:56.024+0000] {dagbag.py:538} INFO - Filling up the DagBag from /opt/airflow/dags/dag_etl_camara_diario.py
[2026-07-14T01:03:56.034+0000] {processor.py:840} INFO - DAG(s) 'dag_etl_camara_diario' retrieved from /opt/airflow/dags/dag_etl_camara_diario.py
[2026-07-14T01:03:56.054+0000] {logging_mixin.py:188} INFO - [2026-07-14T01:03:56.053+0000] {dag.py:3036} INFO - Sync 1 DAGs
[2026-07-14T01:03:56.074+0000] {logging_mixin.py:188} INFO - [2026-07-14T01:03:56.074+0000] {dag.py:3823} INFO - Setting next_dagrun for dag_etl_camara_diario to 2026-07-12 03:00:00+00:00, run_after=2026-07-13 03:00:00+00:00
[2026-07-14T01:03:56.103+0000] {processor.py:183} INFO - Processing /opt/airflow/dags/dag_etl_camara_diario.py took 0.083 seconds
[2026-07-14T01:04:26.215+0000] {processor.py:161} INFO - Started process (PID=5559) to work on /opt/airflow/dags/dag_etl_camara_diario.py
[2026-07-14T01:04:26.216+0000] {processor.py:830} INFO - Processing file /opt/airflow/dags/dag_etl_camara_diario.py for tasks to queue
[2026-07-14T01:04:26.217+0000] {logging_mixin.py:188} INFO - [2026-07-14T01:04:26.217+0000] {dagbag.py:538} INFO - Filling up the DagBag from /opt/airflow/dags/dag_etl_camara_diario.py
[2026-07-14T01:04:26.226+0000] {processor.py:840} INFO - DAG(s) 'dag_etl_camara_diario' retrieved from /opt/airflow/dags/dag_etl_camara_diario.py
[2026-07-14T01:04:26.248+0000] {logging_mixin.py:188} INFO - [2026-07-14T01:04:26.247+0000] {dag.py:3036} INFO - Sync 1 DAGs
[2026-07-14T01:04:26.269+0000] {logging_mixin.py:188} INFO - [2026-07-14T01:04:26.269+0000] {dag.py:3823} INFO - Setting next_dagrun for dag_etl_camara_diario to 2026-07-12 03:00:00+00:00, run_after=2026-07-13 03:00:00+00:00
[2026-07-14T01:04:26.297+0000] {processor.py:183} INFO - Processing /opt/airflow/dags/dag_etl_camara_diario.py took 0.084 seconds
[2026-07-14T01:04:56.411+0000] {processor.py:161} INFO - Started process (PID=5574) to work on /opt/airflow/dags/dag_etl_camara_diario.py
[2026-07-14T01:04:56.411+0000] {processor.py:830} INFO - Processing file /opt/airflow/dags/dag_etl_camara_diario.py for tasks to queue
[2026-07-14T01:04:56.412+0000] {logging_mixin.py:188} INFO - [2026-07-14T01:04:56.412+0000] {dagbag.py:538} INFO - Filling up the DagBag from /opt/airflow/dags/dag_etl_camara_diario.py
[2026-07-14T01:04:56.421+0000] {processor.py:840} INFO - DAG(s) 'dag_etl_camara_diario' retrieved from /opt/airflow/dags/dag_etl_camara_diario.py
[2026-07-14T01:04:56.443+0000] {logging_mixin.py:188} INFO - [2026-07-14T01:04:56.443+0000] {dag.py:3036} INFO - Sync 1 DAGs
[2026-07-14T01:04:56.464+0000] {logging_mixin.py:188} INFO - [2026-07-14T01:04:56.464+0000] {dag.py:3823} INFO - Setting next_dagrun for dag_etl_camara_diario to 2026-07-12 03:00:00+00:00, run_after=2026-07-13 03:00:00+00:00
[2026-07-14T01:04:56.493+0000] {processor.py:183} INFO - Processing /opt/airflow/dags/dag_etl_camara_diario.py took 0.085 seconds
[2026-07-14T01:05:26.608+0000] {processor.py:161} INFO - Started process (PID=5589) to work on /opt/airflow/dags/dag_etl_camara_diario.py
[2026-07-14T01:05:26.609+0000] {processor.py:830} INFO - Processing file /opt/airflow/dags/dag_etl_camara_diario.py for tasks to queue
[2026-07-14T01:05:26.610+0000] {logging_mixin.py:188} INFO - [2026-07-14T01:05:26.609+0000] {dagbag.py:538} INFO - Filling up the DagBag from /opt/airflow/dags/dag_etl_camara_diario.py
[2026-07-14T01:05:26.619+0000] {processor.py:840} INFO - DAG(s) 'dag_etl_camara_diario' retrieved from /opt/airflow/dags/dag_etl_camara_diario.py
[2026-07-14T01:05:26.639+0000] {logging_mixin.py:188} INFO - [2026-07-14T01:05:26.639+0000] {dag.py:3036} INFO - Sync 1 DAGs
[2026-07-14T01:05:26.660+0000] {logging_mixin.py:188} INFO - [2026-07-14T01:05:26.660+0000] {dag.py:3823} INFO - Setting next_dagrun for dag_etl_camara_diario to 2026-07-12 03:00:00+00:00, run_after=2026-07-13 03:00:00+00:00
[2026-07-14T01:05:26.673+0000] {processor.py:183} INFO - Processing /opt/airflow/dags/dag_etl_camara_diario.py took 0.067 seconds
[2026-07-14T01:05:56.789+0000] {processor.py:161} INFO - Started process (PID=5604) to work on /opt/airflow/dags/dag_etl_camara_diario.py
[2026-07-14T01:05:56.790+0000] {processor.py:830} INFO - Processing file /opt/airflow/dags/dag_etl_camara_diario.py for tasks to queue
[2026-07-14T01:05:56.790+0000] {logging_mixin.py:188} INFO - [2026-07-14T01:05:56.790+0000] {dagbag.py:538} INFO - Filling up the DagBag from /opt/airflow/dags/dag_etl_camara_diario.py
[2026-07-14T01:05:56.799+0000] {processor.py:840} INFO - DAG(s) 'dag_etl_camara_diario' retrieved from /opt/airflow/dags/dag_etl_camara_diario.py
[2026-07-14T01:05:56.819+0000] {logging_mixin.py:188} INFO - [2026-07-14T01:05:56.819+0000] {dag.py:3036} INFO - Sync 1 DAGs
[2026-07-14T01:05:56.840+0000] {logging_mixin.py:188} INFO - [2026-07-14T01:05:56.840+0000] {dag.py:3823} INFO - Setting next_dagrun for dag_etl_camara_diario to 2026-07-12 03:00:00+00:00, run_after=2026-07-13 03:00:00+00:00
[2026-07-14T01:05:56.853+0000] {processor.py:183} INFO - Processing /opt/airflow/dags/dag_etl_camara_diario.py took 0.066 seconds
[2026-07-14T01:06:26.968+0000] {processor.py:161} INFO - Started process (PID=5619) to work on /opt/airflow/dags/dag_etl_camara_diario.py
[2026-07-14T01:06:26.968+0000] {processor.py:830} INFO - Processing file /opt/airflow/dags/dag_etl_camara_diario.py for tasks to queue
[2026-07-14T01:06:26.969+0000] {logging_mixin.py:188} INFO - [2026-07-14T01:06:26.969+0000] {dagbag.py:538} INFO - Filling up the DagBag from /opt/airflow/dags/dag_etl_camara_diario.py
[2026-07-14T01:06:26.978+0000] {processor.py:840} INFO - DAG(s) 'dag_etl_camara_diario' retrieved from /opt/airflow/dags/dag_etl_camara_diario.py
[2026-07-14T01:06:26.999+0000] {logging_mixin.py:188} INFO - [2026-07-14T01:06:26.998+0000] {dag.py:3036} INFO - Sync 1 DAGs
[2026-07-14T01:06:27.019+0000] {logging_mixin.py:188} INFO - [2026-07-14T01:06:27.019+0000] {dag.py:3823} INFO - Setting next_dagrun for dag_etl_camara_diario to 2026-07-12 03:00:00+00:00, run_after=2026-07-13 03:00:00+00:00
[2026-07-14T01:06:27.050+0000] {processor.py:183} INFO - Processing /opt/airflow/dags/dag_etl_camara_diario.py took 0.084 seconds
[2026-07-14T01:06:57.091+0000] {processor.py:161} INFO - Started process (PID=5634) to work on /opt/airflow/dags/dag_etl_camara_diario.py
[2026-07-14T01:06:57.092+0000] {processor.py:830} INFO - Processing file /opt/airflow/dags/dag_etl_camara_diario.py for tasks to queue
[2026-07-14T01:06:57.092+0000] {logging_mixin.py:188} INFO - [2026-07-14T01:06:57.092+0000] {dagbag.py:538} INFO - Filling up the DagBag from /opt/airflow/dags/dag_etl_camara_diario.py
[2026-07-14T01:06:57.101+0000] {processor.py:840} INFO - DAG(s) 'dag_etl_camara_diario' retrieved from /opt/airflow/dags/dag_etl_camara_diario.py
[2026-07-14T01:06:57.124+0000] {logging_mixin.py:188} INFO - [2026-07-14T01:06:57.124+0000] {dag.py:3036} INFO - Sync 1 DAGs
[2026-07-14T01:06:57.147+0000] {logging_mixin.py:188} INFO - [2026-07-14T01:06:57.146+0000] {dag.py:3823} INFO - Setting next_dagrun for dag_etl_camara_diario to 2026-07-12 03:00:00+00:00, run_after=2026-07-13 03:00:00+00:00
[2026-07-14T01:06:57.175+0000] {processor.py:183} INFO - Processing /opt/airflow/dags/dag_etl_camara_diario.py took 0.087 seconds
[2026-07-14T01:07:27.292+0000] {processor.py:161} INFO - Started process (PID=5649) to work on /opt/airflow/dags/dag_etl_camara_diario.py
[2026-07-14T01:07:27.293+0000] {processor.py:830} INFO - Processing file /opt/airflow/dags/dag_etl_camara_diario.py for tasks to queue
[2026-07-14T01:07:27.293+0000] {logging_mixin.py:188} INFO - [2026-07-14T01:07:27.293+0000] {dagbag.py:538} INFO - Filling up the DagBag from /opt/airflow/dags/dag_etl_camara_diario.py
[2026-07-14T01:07:27.303+0000] {processor.py:840} INFO - DAG(s) 'dag_etl_camara_diario' retrieved from /opt/airflow/dags/dag_etl_camara_diario.py
[2026-07-14T01:07:27.326+0000] {logging_mixin.py:188} INFO - [2026-07-14T01:07:27.326+0000] {dag.py:3036} INFO - Sync 1 DAGs
[2026-07-14T01:07:27.347+0000] {logging_mixin.py:188} INFO - [2026-07-14T01:07:27.347+0000] {dag.py:3823} INFO - Setting next_dagrun for dag_etl_camara_diario to 2026-07-12 03:00:00+00:00, run_after=2026-07-13 03:00:00+00:00
[2026-07-14T01:07:27.379+0000] {processor.py:183} INFO - Processing /opt/airflow/dags/dag_etl_camara_diario.py took 0.089 seconds
[2026-07-14T01:07:57.499+0000] {processor.py:161} INFO - Started process (PID=5664) to work on /opt/airflow/dags/dag_etl_camara_diario.py
[2026-07-14T01:07:57.500+0000] {processor.py:830} INFO - Processing file /opt/airflow/dags/dag_etl_camara_diario.py for tasks to queue
[2026-07-14T01:07:57.500+0000] {logging_mixin.py:188} INFO - [2026-07-14T01:07:57.500+0000] {dagbag.py:538} INFO - Filling up the DagBag from /opt/airflow/dags/dag_etl_camara_diario.py
[2026-07-14T01:07:57.509+0000] {processor.py:840} INFO - DAG(s) 'dag_etl_camara_diario' retrieved from /opt/airflow/dags/dag_etl_camara_diario.py
[2026-07-14T01:07:57.530+0000] {logging_mixin.py:188} INFO - [2026-07-14T01:07:57.530+0000] {dag.py:3036} INFO - Sync 1 DAGs
[2026-07-14T01:07:57.551+0000] {logging_mixin.py:188} INFO - [2026-07-14T01:07:57.550+0000] {dag.py:3823} INFO - Setting next_dagrun for dag_etl_camara_diario to 2026-07-12 03:00:00+00:00, run_after=2026-07-13 03:00:00+00:00
[2026-07-14T01:07:57.580+0000] {processor.py:183} INFO - Processing /opt/airflow/dags/dag_etl_camara_diario.py took 0.084 seconds
[2026-07-14T01:08:27.698+0000] {processor.py:161} INFO - Started process (PID=5679) to work on /opt/airflow/dags/dag_etl_camara_diario.py
[2026-07-14T01:08:27.699+0000] {processor.py:830} INFO - Processing file /opt/airflow/dags/dag_etl_camara_diario.py for tasks to queue
[2026-07-14T01:08:27.700+0000] {logging_mixin.py:188} INFO - [2026-07-14T01:08:27.700+0000] {dagbag.py:538} INFO - Filling up the DagBag from /opt/airflow/dags/dag_etl_camara_diario.py
[2026-07-14T01:08:27.709+0000] {processor.py:840} INFO - DAG(s) 'dag_etl_camara_diario' retrieved from /opt/airflow/dags/dag_etl_camara_diario.py
[2026-07-14T01:08:27.730+0000] {logging_mixin.py:188} INFO - [2026-07-14T01:08:27.730+0000] {dag.py:3036} INFO - Sync 1 DAGs
[2026-07-14T01:08:27.751+0000] {logging_mixin.py:188} INFO - [2026-07-14T01:08:27.751+0000] {dag.py:3823} INFO - Setting next_dagrun for dag_etl_camara_diario to 2026-07-12 03:00:00+00:00, run_after=2026-07-13 03:00:00+00:00
[2026-07-14T01:08:27.782+0000] {processor.py:183} INFO - Processing /opt/airflow/dags/dag_etl_camara_diario.py took 0.087 seconds
[2026-07-14T01:08:57.911+0000] {processor.py:161} INFO - Started process (PID=5694) to work on /opt/airflow/dags/dag_etl_camara_diario.py
[2026-07-14T01:08:57.911+0000] {processor.py:830} INFO - Processing file /opt/airflow/dags/dag_etl_camara_diario.py for tasks to queue
[2026-07-14T01:08:57.912+0000] {logging_mixin.py:188} INFO - [2026-07-14T01:08:57.912+0000] {dagbag.py:538} INFO - Filling up the DagBag from /opt/airflow/dags/dag_etl_camara_diario.py
[2026-07-14T01:08:57.921+0000] {processor.py:840} INFO - DAG(s) 'dag_etl_camara_diario' retrieved from /opt/airflow/dags/dag_etl_camara_diario.py
[2026-07-14T01:08:57.941+0000] {logging_mixin.py:188} INFO - [2026-07-14T01:08:57.941+0000] {dag.py:3036} INFO - Sync 1 DAGs
[2026-07-14T01:08:57.962+0000] {logging_mixin.py:188} INFO - [2026-07-14T01:08:57.962+0000] {dag.py:3823} INFO - Setting next_dagrun for dag_etl_camara_diario to 2026-07-12 03:00:00+00:00, run_after=2026-07-13 03:00:00+00:00
[2026-07-14T01:08:57.993+0000] {processor.py:183} INFO - Processing /opt/airflow/dags/dag_etl_camara_diario.py took 0.085 seconds
[2026-07-14T01:09:28.111+0000] {processor.py:161} INFO - Started process (PID=5709) to work on /opt/airflow/dags/dag_etl_camara_diario.py
[2026-07-14T01:09:28.112+0000] {processor.py:830} INFO - Processing file /opt/airflow/dags/dag_etl_camara_diario.py for tasks to queue
[2026-07-14T01:09:28.112+0000] {logging_mixin.py:188} INFO - [2026-07-14T01:09:28.112+0000] {dagbag.py:538} INFO - Filling up the DagBag from /opt/airflow/dags/dag_etl_camara_diario.py
[2026-07-14T01:09:28.121+0000] {processor.py:840} INFO - DAG(s) 'dag_etl_camara_diario' retrieved from /opt/airflow/dags/dag_etl_camara_diario.py
[2026-07-14T01:09:28.142+0000] {logging_mixin.py:188} INFO - [2026-07-14T01:09:28.142+0000] {dag.py:3036} INFO - Sync 1 DAGs
[2026-07-14T01:09:28.163+0000] {logging_mixin.py:188} INFO - [2026-07-14T01:09:28.163+0000] {dag.py:3823} INFO - Setting next_dagrun for dag_etl_camara_diario to 2026-07-12 03:00:00+00:00, run_after=2026-07-13 03:00:00+00:00
[2026-07-14T01:09:28.192+0000] {processor.py:183} INFO - Processing /opt/airflow/dags/dag_etl_camara_diario.py took 0.083 seconds
[2026-07-14T01:09:58.310+0000] {processor.py:161} INFO - Started process (PID=5724) to work on /opt/airflow/dags/dag_etl_camara_diario.py
[2026-07-14T01:09:58.311+0000] {processor.py:830} INFO - Processing file /opt/airflow/dags/dag_etl_camara_diario.py for tasks to queue
[2026-07-14T01:09:58.311+0000] {logging_mixin.py:188} INFO - [2026-07-14T01:09:58.311+0000] {dagbag.py:538} INFO - Filling up the DagBag from /opt/airflow/dags/dag_etl_camara_diario.py
[2026-07-14T01:09:58.320+0000] {processor.py:840} INFO - DAG(s) 'dag_etl_camara_diario' retrieved from /opt/airflow/dags/dag_etl_camara_diario.py
[2026-07-14T01:09:58.339+0000] {logging_mixin.py:188} INFO - [2026-07-14T01:09:58.339+0000] {dag.py:3036} INFO - Sync 1 DAGs
[2026-07-14T01:09:58.360+0000] {logging_mixin.py:188} INFO - [2026-07-14T01:09:58.360+0000] {dag.py:3823} INFO - Setting next_dagrun for dag_etl_camara_diario to 2026-07-12 03:00:00+00:00, run_after=2026-07-13 03:00:00+00:00
[2026-07-14T01:09:58.393+0000] {processor.py:183} INFO - Processing /opt/airflow/dags/dag_etl_camara_diario.py took 0.085 seconds
[2026-07-14T01:10:28.507+0000] {processor.py:161} INFO - Started process (PID=5739) to work on /opt/airflow/dags/dag_etl_camara_diario.py
[2026-07-14T01:10:28.508+0000] {processor.py:830} INFO - Processing file /opt/airflow/dags/dag_etl_camara_diario.py for tasks to queue
[2026-07-14T01:10:28.508+0000] {logging_mixin.py:188} INFO - [2026-07-14T01:10:28.508+0000] {dagbag.py:538} INFO - Filling up the DagBag from /opt/airflow/dags/dag_etl_camara_diario.py
[2026-07-14T01:10:28.517+0000] {processor.py:840} INFO - DAG(s) 'dag_etl_camara_diario' retrieved from /opt/airflow/dags/dag_etl_camara_diario.py
[2026-07-14T01:10:28.538+0000] {logging_mixin.py:188} INFO - [2026-07-14T01:10:28.537+0000] {dag.py:3036} INFO - Sync 1 DAGs
[2026-07-14T01:10:28.558+0000] {logging_mixin.py:188} INFO - [2026-07-14T01:10:28.558+0000] {dag.py:3823} INFO - Setting next_dagrun for dag_etl_camara_diario to 2026-07-12 03:00:00+00:00, run_after=2026-07-13 03:00:00+00:00
[2026-07-14T01:10:28.589+0000] {processor.py:183} INFO - Processing /opt/airflow/dags/dag_etl_camara_diario.py took 0.084 seconds
[2026-07-14T01:10:58.704+0000] {processor.py:161} INFO - Started process (PID=5754) to work on /opt/airflow/dags/dag_etl_camara_diario.py
[2026-07-14T01:10:58.705+0000] {processor.py:830} INFO - Processing file /opt/airflow/dags/dag_etl_camara_diario.py for tasks to queue
[2026-07-14T01:10:58.705+0000] {logging_mixin.py:188} INFO - [2026-07-14T01:10:58.705+0000] {dagbag.py:538} INFO - Filling up the DagBag from /opt/airflow/dags/dag_etl_camara_diario.py
[2026-07-14T01:10:58.716+0000] {processor.py:840} INFO - DAG(s) 'dag_etl_camara_diario' retrieved from /opt/airflow/dags/dag_etl_camara_diario.py
[2026-07-14T01:10:58.737+0000] {logging_mixin.py:188} INFO - [2026-07-14T01:10:58.737+0000] {dag.py:3036} INFO - Sync 1 DAGs
[2026-07-14T01:10:58.760+0000] {logging_mixin.py:188} INFO - [2026-07-14T01:10:58.760+0000] {dag.py:3823} INFO - Setting next_dagrun for dag_etl_camara_diario to 2026-07-12 03:00:00+00:00, run_after=2026-07-13 03:00:00+00:00
[2026-07-14T01:10:58.774+0000] {processor.py:183} INFO - Processing /opt/airflow/dags/dag_etl_camara_diario.py took 0.073 seconds
[2026-07-14T01:11:28.901+0000] {processor.py:161} INFO - Started process (PID=5769) to work on /opt/airflow/dags/dag_etl_camara_diario.py
[2026-07-14T01:11:28.902+0000] {processor.py:830} INFO - Processing file /opt/airflow/dags/dag_etl_camara_diario.py for tasks to queue
[2026-07-14T01:11:28.903+0000] {logging_mixin.py:188} INFO - [2026-07-14T01:11:28.903+0000] {dagbag.py:538} INFO - Filling up the DagBag from /opt/airflow/dags/dag_etl_camara_diario.py
[2026-07-14T01:11:28.911+0000] {processor.py:840} INFO - DAG(s) 'dag_etl_camara_diario' retrieved from /opt/airflow/dags/dag_etl_camara_diario.py
[2026-07-14T01:11:28.932+0000] {logging_mixin.py:188} INFO - [2026-07-14T01:11:28.932+0000] {dag.py:3036} INFO - Sync 1 DAGs
[2026-07-14T01:11:28.953+0000] {logging_mixin.py:188} INFO - [2026-07-14T01:11:28.953+0000] {dag.py:3823} INFO - Setting next_dagrun for dag_etl_camara_diario to 2026-07-12 03:00:00+00:00, run_after=2026-07-13 03:00:00+00:00
[2026-07-14T01:11:28.985+0000] {processor.py:183} INFO - Processing /opt/airflow/dags/dag_etl_camara_diario.py took 0.087 seconds
[2026-07-14T01:11:59.105+0000] {processor.py:161} INFO - Started process (PID=5784) to work on /opt/airflow/dags/dag_etl_camara_diario.py
[2026-07-14T01:11:59.106+0000] {processor.py:830} INFO - Processing file /opt/airflow/dags/dag_etl_camara_diario.py for tasks to queue
[2026-07-14T01:11:59.107+0000] {logging_mixin.py:188} INFO - [2026-07-14T01:11:59.107+0000] {dagbag.py:538} INFO - Filling up the DagBag from /opt/airflow/dags/dag_etl_camara_diario.py
[2026-07-14T01:11:59.116+0000] {processor.py:840} INFO - DAG(s) 'dag_etl_camara_diario' retrieved from /opt/airflow/dags/dag_etl_camara_diario.py
[2026-07-14T01:11:59.138+0000] {logging_mixin.py:188} INFO - [2026-07-14T01:11:59.137+0000] {dag.py:3036} INFO - Sync 1 DAGs
[2026-07-14T01:11:59.158+0000] {logging_mixin.py:188} INFO - [2026-07-14T01:11:59.158+0000] {dag.py:3823} INFO - Setting next_dagrun for dag_etl_camara_diario to 2026-07-12 03:00:00+00:00, run_after=2026-07-13 03:00:00+00:00
[2026-07-14T01:11:59.173+0000] {processor.py:183} INFO - Processing /opt/airflow/dags/dag_etl_camara_diario.py took 0.071 seconds
[2026-07-14T01:12:29.289+0000] {processor.py:161} INFO - Started process (PID=5799) to work on /opt/airflow/dags/dag_etl_camara_diario.py
[2026-07-14T01:12:29.290+0000] {processor.py:830} INFO - Processing file /opt/airflow/dags/dag_etl_camara_diario.py for tasks to queue
[2026-07-14T01:12:29.290+0000] {logging_mixin.py:188} INFO - [2026-07-14T01:12:29.290+0000] {dagbag.py:538} INFO - Filling up the DagBag from /opt/airflow/dags/dag_etl_camara_diario.py
[2026-07-14T01:12:29.299+0000] {processor.py:840} INFO - DAG(s) 'dag_etl_camara_diario' retrieved from /opt/airflow/dags/dag_etl_camara_diario.py
[2026-07-14T01:12:29.320+0000] {logging_mixin.py:188} INFO - [2026-07-14T01:12:29.320+0000] {dag.py:3036} INFO - Sync 1 DAGs
[2026-07-14T01:12:29.341+0000] {logging_mixin.py:188} INFO - [2026-07-14T01:12:29.341+0000] {dag.py:3823} INFO - Setting next_dagrun for dag_etl_camara_diario to 2026-07-12 03:00:00+00:00, run_after=2026-07-13 03:00:00+00:00
[2026-07-14T01:12:29.375+0000] {processor.py:183} INFO - Processing /opt/airflow/dags/dag_etl_camara_diario.py took 0.088 seconds
[2026-07-14T01:12:59.488+0000] {processor.py:161} INFO - Started process (PID=5814) to work on /opt/airflow/dags/dag_etl_camara_diario.py
[2026-07-14T01:12:59.489+0000] {processor.py:830} INFO - Processing file /opt/airflow/dags/dag_etl_camara_diario.py for tasks to queue
[2026-07-14T01:12:59.489+0000] {logging_mixin.py:188} INFO - [2026-07-14T01:12:59.489+0000] {dagbag.py:538} INFO - Filling up the DagBag from /opt/airflow/dags/dag_etl_camara_diario.py
[2026-07-14T01:12:59.498+0000] {processor.py:840} INFO - DAG(s) 'dag_etl_camara_diario' retrieved from /opt/airflow/dags/dag_etl_camara_diario.py
[2026-07-14T01:12:59.518+0000] {logging_mixin.py:188} INFO - [2026-07-14T01:12:59.518+0000] {dag.py:3036} INFO - Sync 1 DAGs
[2026-07-14T01:12:59.539+0000] {logging_mixin.py:188} INFO - [2026-07-14T01:12:59.538+0000] {dag.py:3823} INFO - Setting next_dagrun for dag_etl_camara_diario to 2026-07-12 03:00:00+00:00, run_after=2026-07-13 03:00:00+00:00
[2026-07-14T01:12:59.570+0000] {processor.py:183} INFO - Processing /opt/airflow/dags/dag_etl_camara_diario.py took 0.085 seconds
[2026-07-14T01:13:29.687+0000] {processor.py:161} INFO - Started process (PID=5829) to work on /opt/airflow/dags/dag_etl_camara_diario.py
[2026-07-14T01:13:29.688+0000] {processor.py:830} INFO - Processing file /opt/airflow/dags/dag_etl_camara_diario.py for tasks to queue
[2026-07-14T01:13:29.688+0000] {logging_mixin.py:188} INFO - [2026-07-14T01:13:29.688+0000] {dagbag.py:538} INFO - Filling up the DagBag from /opt/airflow/dags/dag_etl_camara_diario.py
[2026-07-14T01:13:29.697+0000] {processor.py:840} INFO - DAG(s) 'dag_etl_camara_diario' retrieved from /opt/airflow/dags/dag_etl_camara_diario.py
[2026-07-14T01:13:29.719+0000] {logging_mixin.py:188} INFO - [2026-07-14T01:13:29.718+0000] {dag.py:3036} INFO - Sync 1 DAGs
[2026-07-14T01:13:29.739+0000] {logging_mixin.py:188} INFO - [2026-07-14T01:13:29.739+0000] {dag.py:3823} INFO - Setting next_dagrun for dag_etl_camara_diario to 2026-07-12 03:00:00+00:00, run_after=2026-07-13 03:00:00+00:00
[2026-07-14T01:13:29.772+0000] {processor.py:183} INFO - Processing /opt/airflow/dags/dag_etl_camara_diario.py took 0.087 seconds
[2026-07-14T01:13:59.899+0000] {processor.py:161} INFO - Started process (PID=5844) to work on /opt/airflow/dags/dag_etl_camara_diario.py
[2026-07-14T01:13:59.900+0000] {processor.py:830} INFO - Processing file /opt/airflow/dags/dag_etl_camara_diario.py for tasks to queue
[2026-07-14T01:13:59.900+0000] {logging_mixin.py:188} INFO - [2026-07-14T01:13:59.900+0000] {dagbag.py:538} INFO - Filling up the DagBag from /opt/airflow/dags/dag_etl_camara_diario.py
[2026-07-14T01:13:59.909+0000] {processor.py:840} INFO - DAG(s) 'dag_etl_camara_diario' retrieved from /opt/airflow/dags/dag_etl_camara_diario.py
[2026-07-14T01:13:59.929+0000] {logging_mixin.py:188} INFO - [2026-07-14T01:13:59.929+0000] {dag.py:3036} INFO - Sync 1 DAGs
[2026-07-14T01:13:59.951+0000] {logging_mixin.py:188} INFO - [2026-07-14T01:13:59.951+0000] {dag.py:3823} INFO - Setting next_dagrun for dag_etl_camara_diario to 2026-07-12 03:00:00+00:00, run_after=2026-07-13 03:00:00+00:00
[2026-07-14T01:13:59.985+0000] {processor.py:183} INFO - Processing /opt/airflow/dags/dag_etl_camara_diario.py took 0.089 seconds
[2026-07-14T01:14:30.108+0000] {processor.py:161} INFO - Started process (PID=5859) to work on /opt/airflow/dags/dag_etl_camara_diario.py
[2026-07-14T01:14:30.109+0000] {processor.py:830} INFO - Processing file /opt/airflow/dags/dag_etl_camara_diario.py for tasks to queue
[2026-07-14T01:14:30.109+0000] {logging_mixin.py:188} INFO - [2026-07-14T01:14:30.109+0000] {dagbag.py:538} INFO - Filling up the DagBag from /opt/airflow/dags/dag_etl_camara_diario.py
[2026-07-14T01:14:30.118+0000] {processor.py:840} INFO - DAG(s) 'dag_etl_camara_diario' retrieved from /opt/airflow/dags/dag_etl_camara_diario.py
[2026-07-14T01:14:30.140+0000] {logging_mixin.py:188} INFO - [2026-07-14T01:14:30.139+0000] {dag.py:3036} INFO - Sync 1 DAGs
[2026-07-14T01:14:30.164+0000] {logging_mixin.py:188} INFO - [2026-07-14T01:14:30.164+0000] {dag.py:3823} INFO - Setting next_dagrun for dag_etl_camara_diario to 2026-07-12 03:00:00+00:00, run_after=2026-07-13 03:00:00+00:00
[2026-07-14T01:14:30.196+0000] {processor.py:183} INFO - Processing /opt/airflow/dags/dag_etl_camara_diario.py took 0.090 seconds
[2026-07-14T01:15:00.314+0000] {processor.py:161} INFO - Started process (PID=5874) to work on /opt/airflow/dags/dag_etl_camara_diario.py
[2026-07-14T01:15:00.315+0000] {processor.py:830} INFO - Processing file /opt/airflow/dags/dag_etl_camara_diario.py for tasks to queue
[2026-07-14T01:15:00.315+0000] {logging_mixin.py:188} INFO - [2026-07-14T01:15:00.315+0000] {dagbag.py:538} INFO - Filling up the DagBag from /opt/airflow/dags/dag_etl_camara_diario.py
[2026-07-14T01:15:00.324+0000] {processor.py:840} INFO - DAG(s) 'dag_etl_camara_diario' retrieved from /opt/airflow/dags/dag_etl_camara_diario.py
[2026-07-14T01:15:00.344+0000] {logging_mixin.py:188} INFO - [2026-07-14T01:15:00.344+0000] {dag.py:3036} INFO - Sync 1 DAGs
[2026-07-14T01:15:00.364+0000] {logging_mixin.py:188} INFO - [2026-07-14T01:15:00.364+0000] {dag.py:3823} INFO - Setting next_dagrun for dag_etl_camara_diario to 2026-07-12 03:00:00+00:00, run_after=2026-07-13 03:00:00+00:00
[2026-07-14T01:15:00.400+0000] {processor.py:183} INFO - Processing /opt/airflow/dags/dag_etl_camara_diario.py took 0.088 seconds
[2026-07-14T01:15:30.522+0000] {processor.py:161} INFO - Started process (PID=5889) to work on /opt/airflow/dags/dag_etl_camara_diario.py
[2026-07-14T01:15:30.523+0000] {processor.py:830} INFO - Processing file /opt/airflow/dags/dag_etl_camara_diario.py for tasks to queue
[2026-07-14T01:15:30.524+0000] {logging_mixin.py:188} INFO - [2026-07-14T01:15:30.524+0000] {dagbag.py:538} INFO - Filling up the DagBag from /opt/airflow/dags/dag_etl_camara_diario.py
[2026-07-14T01:15:30.533+0000] {processor.py:840} INFO - DAG(s) 'dag_etl_camara_diario' retrieved from /opt/airflow/dags/dag_etl_camara_diario.py
[2026-07-14T01:15:30.555+0000] {logging_mixin.py:188} INFO - [2026-07-14T01:15:30.555+0000] {dag.py:3036} INFO - Sync 1 DAGs
[2026-07-14T01:15:30.576+0000] {logging_mixin.py:188} INFO - [2026-07-14T01:15:30.576+0000] {dag.py:3823} INFO - Setting next_dagrun for dag_etl_camara_diario to 2026-07-12 03:00:00+00:00, run_after=2026-07-13 03:00:00+00:00
[2026-07-14T01:15:30.607+0000] {processor.py:183} INFO - Processing /opt/airflow/dags/dag_etl_camara_diario.py took 0.088 seconds
[2026-07-14T01:16:00.721+0000] {processor.py:161} INFO - Started process (PID=5904) to work on /opt/airflow/dags/dag_etl_camara_diario.py
[2026-07-14T01:16:00.722+0000] {processor.py:830} INFO - Processing file /opt/airflow/dags/dag_etl_camara_diario.py for tasks to queue
[2026-07-14T01:16:00.723+0000] {logging_mixin.py:188} INFO - [2026-07-14T01:16:00.722+0000] {dagbag.py:538} INFO - Filling up the DagBag from /opt/airflow/dags/dag_etl_camara_diario.py
[2026-07-14T01:16:00.731+0000] {processor.py:840} INFO - DAG(s) 'dag_etl_camara_diario' retrieved from /opt/airflow/dags/dag_etl_camara_diario.py
[2026-07-14T01:16:00.752+0000] {logging_mixin.py:188} INFO - [2026-07-14T01:16:00.752+0000] {dag.py:3036} INFO - Sync 1 DAGs
[2026-07-14T01:16:00.772+0000] {logging_mixin.py:188} INFO - [2026-07-14T01:16:00.772+0000] {dag.py:3823} INFO - Setting next_dagrun for dag_etl_camara_diario to 2026-07-12 03:00:00+00:00, run_after=2026-07-13 03:00:00+00:00
[2026-07-14T01:16:00.805+0000] {processor.py:183} INFO - Processing /opt/airflow/dags/dag_etl_camara_diario.py took 0.087 seconds
[2026-07-14T01:16:30.922+0000] {processor.py:161} INFO - Started process (PID=5919) to work on /opt/airflow/dags/dag_etl_camara_diario.py
[2026-07-14T01:16:30.922+0000] {processor.py:830} INFO - Processing file /opt/airflow/dags/dag_etl_camara_diario.py for tasks to queue
[2026-07-14T01:16:30.923+0000] {logging_mixin.py:188} INFO - [2026-07-14T01:16:30.923+0000] {dagbag.py:538} INFO - Filling up the DagBag from /opt/airflow/dags/dag_etl_camara_diario.py
[2026-07-14T01:16:30.932+0000] {processor.py:840} INFO - DAG(s) 'dag_etl_camara_diario' retrieved from /opt/airflow/dags/dag_etl_camara_diario.py
[2026-07-14T01:16:30.952+0000] {logging_mixin.py:188} INFO - [2026-07-14T01:16:30.952+0000] {dag.py:3036} INFO - Sync 1 DAGs
[2026-07-14T01:16:30.974+0000] {logging_mixin.py:188} INFO - [2026-07-14T01:16:30.973+0000] {dag.py:3823} INFO - Setting next_dagrun for dag_etl_camara_diario to 2026-07-12 03:00:00+00:00, run_after=2026-07-13 03:00:00+00:00
[2026-07-14T01:16:31.009+0000] {processor.py:183} INFO - Processing /opt/airflow/dags/dag_etl_camara_diario.py took 0.089 seconds
[2026-07-14T01:17:01.126+0000] {processor.py:161} INFO - Started process (PID=5934) to work on /opt/airflow/dags/dag_etl_camara_diario.py
[2026-07-14T01:17:01.127+0000] {processor.py:830} INFO - Processing file /opt/airflow/dags/dag_etl_camara_diario.py for tasks to queue
[2026-07-14T01:17:01.127+0000] {logging_mixin.py:188} INFO - [2026-07-14T01:17:01.127+0000] {dagbag.py:538} INFO - Filling up the DagBag from /opt/airflow/dags/dag_etl_camara_diario.py
[2026-07-14T01:17:01.137+0000] {processor.py:840} INFO - DAG(s) 'dag_etl_camara_diario' retrieved from /opt/airflow/dags/dag_etl_camara_diario.py
[2026-07-14T01:17:01.157+0000] {logging_mixin.py:188} INFO - [2026-07-14T01:17:01.157+0000] {dag.py:3036} INFO - Sync 1 DAGs
[2026-07-14T01:17:01.178+0000] {logging_mixin.py:188} INFO - [2026-07-14T01:17:01.178+0000] {dag.py:3823} INFO - Setting next_dagrun for dag_etl_camara_diario to 2026-07-12 03:00:00+00:00, run_after=2026-07-13 03:00:00+00:00
[2026-07-14T01:17:01.211+0000] {processor.py:183} INFO - Processing /opt/airflow/dags/dag_etl_camara_diario.py took 0.088 seconds
[2026-07-14T01:17:31.324+0000] {processor.py:161} INFO - Started process (PID=5949) to work on /opt/airflow/dags/dag_etl_camara_diario.py
[2026-07-14T01:17:31.325+0000] {processor.py:830} INFO - Processing file /opt/airflow/dags/dag_etl_camara_diario.py for tasks to queue
[2026-07-14T01:17:31.326+0000] {logging_mixin.py:188} INFO - [2026-07-14T01:17:31.326+0000] {dagbag.py:538} INFO - Filling up the DagBag from /opt/airflow/dags/dag_etl_camara_diario.py
[2026-07-14T01:17:31.335+0000] {processor.py:840} INFO - DAG(s) 'dag_etl_camara_diario' retrieved from /opt/airflow/dags/dag_etl_camara_diario.py
[2026-07-14T01:17:31.356+0000] {logging_mixin.py:188} INFO - [2026-07-14T01:17:31.355+0000] {dag.py:3036} INFO - Sync 1 DAGs
[2026-07-14T01:17:31.376+0000] {logging_mixin.py:188} INFO - [2026-07-14T01:17:31.376+0000] {dag.py:3823} INFO - Setting next_dagrun for dag_etl_camara_diario to 2026-07-12 03:00:00+00:00, run_after=2026-07-13 03:00:00+00:00
[2026-07-14T01:17:31.411+0000] {processor.py:183} INFO - Processing /opt/airflow/dags/dag_etl_camara_diario.py took 0.089 seconds
[2026-07-14T01:18:01.529+0000] {processor.py:161} INFO - Started process (PID=5964) to work on /opt/airflow/dags/dag_etl_camara_diario.py
[2026-07-14T01:18:01.530+0000] {processor.py:830} INFO - Processing file /opt/airflow/dags/dag_etl_camara_diario.py for tasks to queue
[2026-07-14T01:18:01.530+0000] {logging_mixin.py:188} INFO - [2026-07-14T01:18:01.530+0000] {dagbag.py:538} INFO - Filling up the DagBag from /opt/airflow/dags/dag_etl_camara_diario.py
[2026-07-14T01:18:01.539+0000] {processor.py:840} INFO - DAG(s) 'dag_etl_camara_diario' retrieved from /opt/airflow/dags/dag_etl_camara_diario.py
[2026-07-14T01:18:01.560+0000] {logging_mixin.py:188} INFO - [2026-07-14T01:18:01.559+0000] {dag.py:3036} INFO - Sync 1 DAGs
[2026-07-14T01:18:01.581+0000] {logging_mixin.py:188} INFO - [2026-07-14T01:18:01.580+0000] {dag.py:3823} INFO - Setting next_dagrun for dag_etl_camara_diario to 2026-07-12 03:00:00+00:00, run_after=2026-07-13 03:00:00+00:00
[2026-07-14T01:18:01.616+0000] {processor.py:183} INFO - Processing /opt/airflow/dags/dag_etl_camara_diario.py took 0.089 seconds
[2026-07-14T01:18:31.733+0000] {processor.py:161} INFO - Started process (PID=5979) to work on /opt/airflow/dags/dag_etl_camara_diario.py
[2026-07-14T01:18:31.734+0000] {processor.py:830} INFO - Processing file /opt/airflow/dags/dag_etl_camara_diario.py for tasks to queue
[2026-07-14T01:18:31.735+0000] {logging_mixin.py:188} INFO - [2026-07-14T01:18:31.734+0000] {dagbag.py:538} INFO - Filling up the DagBag from /opt/airflow/dags/dag_etl_camara_diario.py
[2026-07-14T01:18:31.744+0000] {processor.py:840} INFO - DAG(s) 'dag_etl_camara_diario' retrieved from /opt/airflow/dags/dag_etl_camara_diario.py
[2026-07-14T01:18:31.765+0000] {logging_mixin.py:188} INFO - [2026-07-14T01:18:31.765+0000] {dag.py:3036} INFO - Sync 1 DAGs
[2026-07-14T01:18:31.786+0000] {logging_mixin.py:188} INFO - [2026-07-14T01:18:31.786+0000] {dag.py:3823} INFO - Setting next_dagrun for dag_etl_camara_diario to 2026-07-12 03:00:00+00:00, run_after=2026-07-13 03:00:00+00:00
[2026-07-14T01:18:31.822+0000] {processor.py:183} INFO - Processing /opt/airflow/dags/dag_etl_camara_diario.py took 0.091 seconds
[2026-07-14T01:19:01.855+0000] {processor.py:161} INFO - Started process (PID=5994) to work on /opt/airflow/dags/dag_etl_camara_diario.py
[2026-07-14T01:19:01.856+0000] {processor.py:830} INFO - Processing file /opt/airflow/dags/dag_etl_camara_diario.py for tasks to queue
[2026-07-14T01:19:01.856+0000] {logging_mixin.py:188} INFO - [2026-07-14T01:19:01.856+0000] {dagbag.py:538} INFO - Filling up the DagBag from /opt/airflow/dags/dag_etl_camara_diario.py
[2026-07-14T01:19:01.865+0000] {processor.py:840} INFO - DAG(s) 'dag_etl_camara_diario' retrieved from /opt/airflow/dags/dag_etl_camara_diario.py
[2026-07-14T01:19:01.885+0000] {logging_mixin.py:188} INFO - [2026-07-14T01:19:01.885+0000] {dag.py:3036} INFO - Sync 1 DAGs
[2026-07-14T01:19:01.907+0000] {logging_mixin.py:188} INFO - [2026-07-14T01:19:01.907+0000] {dag.py:3823} INFO - Setting next_dagrun for dag_etl_camara_diario to 2026-07-12 03:00:00+00:00, run_after=2026-07-13 03:00:00+00:00
[2026-07-14T01:19:01.948+0000] {processor.py:183} INFO - Processing /opt/airflow/dags/dag_etl_camara_diario.py took 0.095 seconds
[2026-07-14T01:19:32.077+0000] {processor.py:161} INFO - Started process (PID=6009) to work on /opt/airflow/dags/dag_etl_camara_diario.py
[2026-07-14T01:19:32.077+0000] {processor.py:830} INFO - Processing file /opt/airflow/dags/dag_etl_camara_diario.py for tasks to queue
[2026-07-14T01:19:32.078+0000] {logging_mixin.py:188} INFO - [2026-07-14T01:19:32.078+0000] {dagbag.py:538} INFO - Filling up the DagBag from /opt/airflow/dags/dag_etl_camara_diario.py
[2026-07-14T01:19:32.087+0000] {processor.py:840} INFO - DAG(s) 'dag_etl_camara_diario' retrieved from /opt/airflow/dags/dag_etl_camara_diario.py
[2026-07-14T01:19:32.107+0000] {logging_mixin.py:188} INFO - [2026-07-14T01:19:32.107+0000] {dag.py:3036} INFO - Sync 1 DAGs
[2026-07-14T01:19:32.130+0000] {logging_mixin.py:188} INFO - [2026-07-14T01:19:32.129+0000] {dag.py:3823} INFO - Setting next_dagrun for dag_etl_camara_diario to 2026-07-12 03:00:00+00:00, run_after=2026-07-13 03:00:00+00:00
[2026-07-14T01:19:32.166+0000] {processor.py:183} INFO - Processing /opt/airflow/dags/dag_etl_camara_diario.py took 0.092 seconds
[2026-07-14T01:20:02.288+0000] {processor.py:161} INFO - Started process (PID=6024) to work on /opt/airflow/dags/dag_etl_camara_diario.py
[2026-07-14T01:20:02.289+0000] {processor.py:830} INFO - Processing file /opt/airflow/dags/dag_etl_camara_diario.py for tasks to queue
[2026-07-14T01:20:02.289+0000] {logging_mixin.py:188} INFO - [2026-07-14T01:20:02.289+0000] {dagbag.py:538} INFO - Filling up the DagBag from /opt/airflow/dags/dag_etl_camara_diario.py
[2026-07-14T01:20:02.298+0000] {processor.py:840} INFO - DAG(s) 'dag_etl_camara_diario' retrieved from /opt/airflow/dags/dag_etl_camara_diario.py
[2026-07-14T01:20:02.320+0000] {logging_mixin.py:188} INFO - [2026-07-14T01:20:02.319+0000] {dag.py:3036} INFO - Sync 1 DAGs
[2026-07-14T01:20:02.341+0000] {logging_mixin.py:188} INFO - [2026-07-14T01:20:02.341+0000] {dag.py:3823} INFO - Setting next_dagrun for dag_etl_camara_diario to 2026-07-12 03:00:00+00:00, run_after=2026-07-13 03:00:00+00:00
[2026-07-14T01:20:02.379+0000] {processor.py:183} INFO - Processing /opt/airflow/dags/dag_etl_camara_diario.py took 0.094 seconds
[2026-07-14T01:20:32.493+0000] {processor.py:161} INFO - Started process (PID=6039) to work on /opt/airflow/dags/dag_etl_camara_diario.py
[2026-07-14T01:20:32.494+0000] {processor.py:830} INFO - Processing file /opt/airflow/dags/dag_etl_camara_diario.py for tasks to queue
[2026-07-14T01:20:32.494+0000] {logging_mixin.py:188} INFO - [2026-07-14T01:20:32.494+0000] {dagbag.py:538} INFO - Filling up the DagBag from /opt/airflow/dags/dag_etl_camara_diario.py
[2026-07-14T01:20:32.504+0000] {processor.py:840} INFO - DAG(s) 'dag_etl_camara_diario' retrieved from /opt/airflow/dags/dag_etl_camara_diario.py
[2026-07-14T01:20:32.525+0000] {logging_mixin.py:188} INFO - [2026-07-14T01:20:32.525+0000] {dag.py:3036} INFO - Sync 1 DAGs
[2026-07-14T01:20:32.547+0000] {logging_mixin.py:188} INFO - [2026-07-14T01:20:32.547+0000] {dag.py:3823} INFO - Setting next_dagrun for dag_etl_camara_diario to 2026-07-12 03:00:00+00:00, run_after=2026-07-13 03:00:00+00:00
[2026-07-14T01:20:32.562+0000] {processor.py:183} INFO - Processing /opt/airflow/dags/dag_etl_camara_diario.py took 0.072 seconds
[2026-07-14T01:21:02.675+0000] {processor.py:161} INFO - Started process (PID=6054) to work on /opt/airflow/dags/dag_etl_camara_diario.py
[2026-07-14T01:21:02.676+0000] {processor.py:830} INFO - Processing file /opt/airflow/dags/dag_etl_camara_diario.py for tasks to queue
[2026-07-14T01:21:02.676+0000] {logging_mixin.py:188} INFO - [2026-07-14T01:21:02.676+0000] {dagbag.py:538} INFO - Filling up the DagBag from /opt/airflow/dags/dag_etl_camara_diario.py
[2026-07-14T01:21:02.685+0000] {processor.py:840} INFO - DAG(s) 'dag_etl_camara_diario' retrieved from /opt/airflow/dags/dag_etl_camara_diario.py
[2026-07-14T01:21:02.707+0000] {logging_mixin.py:188} INFO - [2026-07-14T01:21:02.706+0000] {dag.py:3036} INFO - Sync 1 DAGs
[2026-07-14T01:21:02.731+0000] {logging_mixin.py:188} INFO - [2026-07-14T01:21:02.731+0000] {dag.py:3823} INFO - Setting next_dagrun for dag_etl_camara_diario to 2026-07-12 03:00:00+00:00, run_after=2026-07-13 03:00:00+00:00
[2026-07-14T01:21:02.746+0000] {processor.py:183} INFO - Processing /opt/airflow/dags/dag_etl_camara_diario.py took 0.074 seconds
[2026-07-14T01:21:32.855+0000] {processor.py:161} INFO - Started process (PID=6069) to work on /opt/airflow/dags/dag_etl_camara_diario.py
[2026-07-14T01:21:32.856+0000] {processor.py:830} INFO - Processing file /opt/airflow/dags/dag_etl_camara_diario.py for tasks to queue
[2026-07-14T01:21:32.857+0000] {logging_mixin.py:188} INFO - [2026-07-14T01:21:32.856+0000] {dagbag.py:538} INFO - Filling up the DagBag from /opt/airflow/dags/dag_etl_camara_diario.py
[2026-07-14T01:21:32.866+0000] {processor.py:840} INFO - DAG(s) 'dag_etl_camara_diario' retrieved from /opt/airflow/dags/dag_etl_camara_diario.py
[2026-07-14T01:21:32.887+0000] {logging_mixin.py:188} INFO - [2026-07-14T01:21:32.887+0000] {dag.py:3036} INFO - Sync 1 DAGs
[2026-07-14T01:21:32.909+0000] {logging_mixin.py:188} INFO - [2026-07-14T01:21:32.909+0000] {dag.py:3823} INFO - Setting next_dagrun for dag_etl_camara_diario to 2026-07-12 03:00:00+00:00, run_after=2026-07-13 03:00:00+00:00
[2026-07-14T01:21:32.922+0000] {processor.py:183} INFO - Processing /opt/airflow/dags/dag_etl_camara_diario.py took 0.070 seconds
[2026-07-14T01:22:03.041+0000] {processor.py:161} INFO - Started process (PID=6084) to work on /opt/airflow/dags/dag_etl_camara_diario.py
[2026-07-14T01:22:03.041+0000] {processor.py:830} INFO - Processing file /opt/airflow/dags/dag_etl_camara_diario.py for tasks to queue
[2026-07-14T01:22:03.042+0000] {logging_mixin.py:188} INFO - [2026-07-14T01:22:03.042+0000] {dagbag.py:538} INFO - Filling up the DagBag from /opt/airflow/dags/dag_etl_camara_diario.py
[2026-07-14T01:22:03.050+0000] {processor.py:840} INFO - DAG(s) 'dag_etl_camara_diario' retrieved from /opt/airflow/dags/dag_etl_camara_diario.py
[2026-07-14T01:22:03.072+0000] {logging_mixin.py:188} INFO - [2026-07-14T01:22:03.072+0000] {dag.py:3036} INFO - Sync 1 DAGs
[2026-07-14T01:22:03.093+0000] {logging_mixin.py:188} INFO - [2026-07-14T01:22:03.093+0000] {dag.py:3823} INFO - Setting next_dagrun for dag_etl_camara_diario to 2026-07-12 03:00:00+00:00, run_after=2026-07-13 03:00:00+00:00
[2026-07-14T01:22:03.109+0000] {processor.py:183} INFO - Processing /opt/airflow/dags/dag_etl_camara_diario.py took 0.070 seconds
[2026-07-14T01:22:33.223+0000] {processor.py:161} INFO - Started process (PID=6099) to work on /opt/airflow/dags/dag_etl_camara_diario.py
[2026-07-14T01:22:33.224+0000] {processor.py:830} INFO - Processing file /opt/airflow/dags/dag_etl_camara_diario.py for tasks to queue
[2026-07-14T01:22:33.224+0000] {logging_mixin.py:188} INFO - [2026-07-14T01:22:33.224+0000] {dagbag.py:538} INFO - Filling up the DagBag from /opt/airflow/dags/dag_etl_camara_diario.py
[2026-07-14T01:22:33.233+0000] {processor.py:840} INFO - DAG(s) 'dag_etl_camara_diario' retrieved from /opt/airflow/dags/dag_etl_camara_diario.py
[2026-07-14T01:22:33.254+0000] {logging_mixin.py:188} INFO - [2026-07-14T01:22:33.254+0000] {dag.py:3036} INFO - Sync 1 DAGs
[2026-07-14T01:22:33.276+0000] {logging_mixin.py:188} INFO - [2026-07-14T01:22:33.276+0000] {dag.py:3823} INFO - Setting next_dagrun for dag_etl_camara_diario to 2026-07-12 03:00:00+00:00, run_after=2026-07-13 03:00:00+00:00
[2026-07-14T01:22:33.292+0000] {processor.py:183} INFO - Processing /opt/airflow/dags/dag_etl_camara_diario.py took 0.072 seconds
[2026-07-14T01:23:03.411+0000] {processor.py:161} INFO - Started process (PID=6114) to work on /opt/airflow/dags/dag_etl_camara_diario.py
[2026-07-14T01:23:03.411+0000] {processor.py:830} INFO - Processing file /opt/airflow/dags/dag_etl_camara_diario.py for tasks to queue
[2026-07-14T01:23:03.412+0000] {logging_mixin.py:188} INFO - [2026-07-14T01:23:03.412+0000] {dagbag.py:538} INFO - Filling up the DagBag from /opt/airflow/dags/dag_etl_camara_diario.py
[2026-07-14T01:23:03.422+0000] {processor.py:840} INFO - DAG(s) 'dag_etl_camara_diario' retrieved from /opt/airflow/dags/dag_etl_camara_diario.py
[2026-07-14T01:23:03.443+0000] {logging_mixin.py:188} INFO - [2026-07-14T01:23:03.442+0000] {dag.py:3036} INFO - Sync 1 DAGs
[2026-07-14T01:23:03.464+0000] {logging_mixin.py:188} INFO - [2026-07-14T01:23:03.463+0000] {dag.py:3823} INFO - Setting next_dagrun for dag_etl_camara_diario to 2026-07-12 03:00:00+00:00, run_after=2026-07-13 03:00:00+00:00
[2026-07-14T01:23:03.480+0000] {processor.py:183} INFO - Processing /opt/airflow/dags/dag_etl_camara_diario.py took 0.072 seconds
[2026-07-14T01:23:33.589+0000] {processor.py:161} INFO - Started process (PID=6129) to work on /opt/airflow/dags/dag_etl_camara_diario.py
[2026-07-14T01:23:33.590+0000] {processor.py:830} INFO - Processing file /opt/airflow/dags/dag_etl_camara_diario.py for tasks to queue
[2026-07-14T01:23:33.590+0000] {logging_mixin.py:188} INFO - [2026-07-14T01:23:33.590+0000] {dagbag.py:538} INFO - Filling up the DagBag from /opt/airflow/dags/dag_etl_camara_diario.py
[2026-07-14T01:23:33.600+0000] {processor.py:840} INFO - DAG(s) 'dag_etl_camara_diario' retrieved from /opt/airflow/dags/dag_etl_camara_diario.py
[2026-07-14T01:23:33.622+0000] {logging_mixin.py:188} INFO - [2026-07-14T01:23:33.622+0000] {dag.py:3036} INFO - Sync 1 DAGs
[2026-07-14T01:23:33.644+0000] {logging_mixin.py:188} INFO - [2026-07-14T01:23:33.644+0000] {dag.py:3823} INFO - Setting next_dagrun for dag_etl_camara_diario to 2026-07-12 03:00:00+00:00, run_after=2026-07-13 03:00:00+00:00
[2026-07-14T01:23:33.658+0000] {processor.py:183} INFO - Processing /opt/airflow/dags/dag_etl_camara_diario.py took 0.071 seconds
[2026-07-14T01:24:03.792+0000] {processor.py:161} INFO - Started process (PID=6144) to work on /opt/airflow/dags/dag_etl_camara_diario.py
[2026-07-14T01:24:03.793+0000] {processor.py:830} INFO - Processing file /opt/airflow/dags/dag_etl_camara_diario.py for tasks to queue
[2026-07-14T01:24:03.794+0000] {logging_mixin.py:188} INFO - [2026-07-14T01:24:03.793+0000] {dagbag.py:538} INFO - Filling up the DagBag from /opt/airflow/dags/dag_etl_camara_diario.py
[2026-07-14T01:24:03.803+0000] {processor.py:840} INFO - DAG(s) 'dag_etl_camara_diario' retrieved from /opt/airflow/dags/dag_etl_camara_diario.py
[2026-07-14T01:24:03.825+0000] {logging_mixin.py:188} INFO - [2026-07-14T01:24:03.825+0000] {dag.py:3036} INFO - Sync 1 DAGs
[2026-07-14T01:24:03.845+0000] {logging_mixin.py:188} INFO - [2026-07-14T01:24:03.845+0000] {dag.py:3823} INFO - Setting next_dagrun for dag_etl_camara_diario to 2026-07-12 03:00:00+00:00, run_after=2026-07-13 03:00:00+00:00
[2026-07-14T01:24:03.858+0000] {processor.py:183} INFO - Processing /opt/airflow/dags/dag_etl_camara_diario.py took 0.069 seconds
[2026-07-14T01:24:33.974+0000] {processor.py:161} INFO - Started process (PID=6159) to work on /opt/airflow/dags/dag_etl_camara_diario.py
[2026-07-14T01:24:33.975+0000] {processor.py:830} INFO - Processing file /opt/airflow/dags/dag_etl_camara_diario.py for tasks to queue
[2026-07-14T01:24:33.976+0000] {logging_mixin.py:188} INFO - [2026-07-14T01:24:33.976+0000] {dagbag.py:538} INFO - Filling up the DagBag from /opt/airflow/dags/dag_etl_camara_diario.py
[2026-07-14T01:24:33.985+0000] {processor.py:840} INFO - DAG(s) 'dag_etl_camara_diario' retrieved from /opt/airflow/dags/dag_etl_camara_diario.py
[2026-07-14T01:24:34.007+0000] {logging_mixin.py:188} INFO - [2026-07-14T01:24:34.007+0000] {dag.py:3036} INFO - Sync 1 DAGs
[2026-07-14T01:24:34.031+0000] {logging_mixin.py:188} INFO - [2026-07-14T01:24:34.031+0000] {dag.py:3823} INFO - Setting next_dagrun for dag_etl_camara_diario to 2026-07-12 03:00:00+00:00, run_after=2026-07-13 03:00:00+00:00
[2026-07-14T01:24:34.048+0000] {processor.py:183} INFO - Processing /opt/airflow/dags/dag_etl_camara_diario.py took 0.076 seconds
[2026-07-14T01:25:04.178+0000] {processor.py:161} INFO - Started process (PID=6174) to work on /opt/airflow/dags/dag_etl_camara_diario.py
[2026-07-14T01:25:04.178+0000] {processor.py:830} INFO - Processing file /opt/airflow/dags/dag_etl_camara_diario.py for tasks to queue
[2026-07-14T01:25:04.179+0000] {logging_mixin.py:188} INFO - [2026-07-14T01:25:04.179+0000] {dagbag.py:538} INFO - Filling up the DagBag from /opt/airflow/dags/dag_etl_camara_diario.py
[2026-07-14T01:25:04.188+0000] {processor.py:840} INFO - DAG(s) 'dag_etl_camara_diario' retrieved from /opt/airflow/dags/dag_etl_camara_diario.py
[2026-07-14T01:25:04.209+0000] {logging_mixin.py:188} INFO - [2026-07-14T01:25:04.209+0000] {dag.py:3036} INFO - Sync 1 DAGs
[2026-07-14T01:25:04.230+0000] {logging_mixin.py:188} INFO - [2026-07-14T01:25:04.230+0000] {dag.py:3823} INFO - Setting next_dagrun for dag_etl_camara_diario to 2026-07-12 03:00:00+00:00, run_after=2026-07-13 03:00:00+00:00
[2026-07-14T01:25:04.242+0000] {processor.py:183} INFO - Processing /opt/airflow/dags/dag_etl_camara_diario.py took 0.067 seconds
[2026-07-14T01:25:34.359+0000] {processor.py:161} INFO - Started process (PID=6189) to work on /opt/airflow/dags/dag_etl_camara_diario.py
[2026-07-14T01:25:34.360+0000] {processor.py:830} INFO - Processing file /opt/airflow/dags/dag_etl_camara_diario.py for tasks to queue
[2026-07-14T01:25:34.360+0000] {logging_mixin.py:188} INFO - [2026-07-14T01:25:34.360+0000] {dagbag.py:538} INFO - Filling up the DagBag from /opt/airflow/dags/dag_etl_camara_diario.py
[2026-07-14T01:25:34.369+0000] {processor.py:840} INFO - DAG(s) 'dag_etl_camara_diario' retrieved from /opt/airflow/dags/dag_etl_camara_diario.py
[2026-07-14T01:25:34.390+0000] {logging_mixin.py:188} INFO - [2026-07-14T01:25:34.389+0000] {dag.py:3036} INFO - Sync 1 DAGs
[2026-07-14T01:25:34.410+0000] {logging_mixin.py:188} INFO - [2026-07-14T01:25:34.410+0000] {dag.py:3823} INFO - Setting next_dagrun for dag_etl_camara_diario to 2026-07-12 03:00:00+00:00, run_after=2026-07-13 03:00:00+00:00
[2026-07-14T01:25:34.426+0000] {processor.py:183} INFO - Processing /opt/airflow/dags/dag_etl_camara_diario.py took 0.069 seconds
[2026-07-14T01:26:04.539+0000] {processor.py:161} INFO - Started process (PID=6204) to work on /opt/airflow/dags/dag_etl_camara_diario.py
[2026-07-14T01:26:04.539+0000] {processor.py:830} INFO - Processing file /opt/airflow/dags/dag_etl_camara_diario.py for tasks to queue
[2026-07-14T01:26:04.540+0000] {logging_mixin.py:188} INFO - [2026-07-14T01:26:04.540+0000] {dagbag.py:538} INFO - Filling up the DagBag from /opt/airflow/dags/dag_etl_camara_diario.py
[2026-07-14T01:26:04.549+0000] {processor.py:840} INFO - DAG(s) 'dag_etl_camara_diario' retrieved from /opt/airflow/dags/dag_etl_camara_diario.py
[2026-07-14T01:26:04.570+0000] {logging_mixin.py:188} INFO - [2026-07-14T01:26:04.569+0000] {dag.py:3036} INFO - Sync 1 DAGs
[2026-07-14T01:26:04.590+0000] {logging_mixin.py:188} INFO - [2026-07-14T01:26:04.590+0000] {dag.py:3823} INFO - Setting next_dagrun for dag_etl_camara_diario to 2026-07-12 03:00:00+00:00, run_after=2026-07-13 03:00:00+00:00
[2026-07-14T01:26:04.603+0000] {processor.py:183} INFO - Processing /opt/airflow/dags/dag_etl_camara_diario.py took 0.067 seconds
[2026-07-14T01:26:34.717+0000] {processor.py:161} INFO - Started process (PID=6219) to work on /opt/airflow/dags/dag_etl_camara_diario.py
[2026-07-14T01:26:34.718+0000] {processor.py:830} INFO - Processing file /opt/airflow/dags/dag_etl_camara_diario.py for tasks to queue
[2026-07-14T01:26:34.719+0000] {logging_mixin.py:188} INFO - [2026-07-14T01:26:34.718+0000] {dagbag.py:538} INFO - Filling up the DagBag from /opt/airflow/dags/dag_etl_camara_diario.py
[2026-07-14T01:26:34.728+0000] {processor.py:840} INFO - DAG(s) 'dag_etl_camara_diario' retrieved from /opt/airflow/dags/dag_etl_camara_diario.py
[2026-07-14T01:26:34.748+0000] {logging_mixin.py:188} INFO - [2026-07-14T01:26:34.748+0000] {dag.py:3036} INFO - Sync 1 DAGs
[2026-07-14T01:26:34.769+0000] {logging_mixin.py:188} INFO - [2026-07-14T01:26:34.769+0000] {dag.py:3823} INFO - Setting next_dagrun for dag_etl_camara_diario to 2026-07-12 03:00:00+00:00, run_after=2026-07-13 03:00:00+00:00
[2026-07-14T01:26:34.782+0000] {processor.py:183} INFO - Processing /opt/airflow/dags/dag_etl_camara_diario.py took 0.067 seconds
[2026-07-14T01:27:04.897+0000] {processor.py:161} INFO - Started process (PID=6234) to work on /opt/airflow/dags/dag_etl_camara_diario.py
[2026-07-14T01:27:04.897+0000] {processor.py:830} INFO - Processing file /opt/airflow/dags/dag_etl_camara_diario.py for tasks to queue
[2026-07-14T01:27:04.898+0000] {logging_mixin.py:188} INFO - [2026-07-14T01:27:04.898+0000] {dagbag.py:538} INFO - Filling up the DagBag from /opt/airflow/dags/dag_etl_camara_diario.py
[2026-07-14T01:27:04.907+0000] {processor.py:840} INFO - DAG(s) 'dag_etl_camara_diario' retrieved from /opt/airflow/dags/dag_etl_camara_diario.py
[2026-07-14T01:27:04.927+0000] {logging_mixin.py:188} INFO - [2026-07-14T01:27:04.927+0000] {dag.py:3036} INFO - Sync 1 DAGs
[2026-07-14T01:27:04.948+0000] {logging_mixin.py:188} INFO - [2026-07-14T01:27:04.947+0000] {dag.py:3823} INFO - Setting next_dagrun for dag_etl_camara_diario to 2026-07-12 03:00:00+00:00, run_after=2026-07-13 03:00:00+00:00
[2026-07-14T01:27:04.962+0000] {processor.py:183} INFO - Processing /opt/airflow/dags/dag_etl_camara_diario.py took 0.068 seconds
[2026-07-14T01:27:35.081+0000] {processor.py:161} INFO - Started process (PID=6249) to work on /opt/airflow/dags/dag_etl_camara_diario.py
[2026-07-14T01:27:35.082+0000] {processor.py:830} INFO - Processing file /opt/airflow/dags/dag_etl_camara_diario.py for tasks to queue
[2026-07-14T01:27:35.083+0000] {logging_mixin.py:188} INFO - [2026-07-14T01:27:35.083+0000] {dagbag.py:538} INFO - Filling up the DagBag from /opt/airflow/dags/dag_etl_camara_diario.py
[2026-07-14T01:27:35.091+0000] {processor.py:840} INFO - DAG(s) 'dag_etl_camara_diario' retrieved from /opt/airflow/dags/dag_etl_camara_diario.py
[2026-07-14T01:27:35.112+0000] {logging_mixin.py:188} INFO - [2026-07-14T01:27:35.112+0000] {dag.py:3036} INFO - Sync 1 DAGs
[2026-07-14T01:27:35.134+0000] {logging_mixin.py:188} INFO - [2026-07-14T01:27:35.133+0000] {dag.py:3823} INFO - Setting next_dagrun for dag_etl_camara_diario to 2026-07-12 03:00:00+00:00, run_after=2026-07-13 03:00:00+00:00
[2026-07-14T01:27:35.148+0000] {processor.py:183} INFO - Processing /opt/airflow/dags/dag_etl_camara_diario.py took 0.069 seconds
[2026-07-14T01:28:05.260+0000] {processor.py:161} INFO - Started process (PID=6264) to work on /opt/airflow/dags/dag_etl_camara_diario.py
[2026-07-14T01:28:05.260+0000] {processor.py:830} INFO - Processing file /opt/airflow/dags/dag_etl_camara_diario.py for tasks to queue
[2026-07-14T01:28:05.261+0000] {logging_mixin.py:188} INFO - [2026-07-14T01:28:05.261+0000] {dagbag.py:538} INFO - Filling up the DagBag from /opt/airflow/dags/dag_etl_camara_diario.py
[2026-07-14T01:28:05.270+0000] {processor.py:840} INFO - DAG(s) 'dag_etl_camara_diario' retrieved from /opt/airflow/dags/dag_etl_camara_diario.py
[2026-07-14T01:28:05.292+0000] {logging_mixin.py:188} INFO - [2026-07-14T01:28:05.291+0000] {dag.py:3036} INFO - Sync 1 DAGs
[2026-07-14T01:28:05.313+0000] {logging_mixin.py:188} INFO - [2026-07-14T01:28:05.313+0000] {dag.py:3823} INFO - Setting next_dagrun for dag_etl_camara_diario to 2026-07-12 03:00:00+00:00, run_after=2026-07-13 03:00:00+00:00
[2026-07-14T01:28:05.328+0000] {processor.py:183} INFO - Processing /opt/airflow/dags/dag_etl_camara_diario.py took 0.071 seconds
[2026-07-14T01:28:35.443+0000] {processor.py:161} INFO - Started process (PID=6279) to work on /opt/airflow/dags/dag_etl_camara_diario.py
[2026-07-14T01:28:35.443+0000] {processor.py:830} INFO - Processing file /opt/airflow/dags/dag_etl_camara_diario.py for tasks to queue
[2026-07-14T01:28:35.444+0000] {logging_mixin.py:188} INFO - [2026-07-14T01:28:35.444+0000] {dagbag.py:538} INFO - Filling up the DagBag from /opt/airflow/dags/dag_etl_camara_diario.py
[2026-07-14T01:28:35.453+0000] {processor.py:840} INFO - DAG(s) 'dag_etl_camara_diario' retrieved from /opt/airflow/dags/dag_etl_camara_diario.py
[2026-07-14T01:28:35.473+0000] {logging_mixin.py:188} INFO - [2026-07-14T01:28:35.473+0000] {dag.py:3036} INFO - Sync 1 DAGs
[2026-07-14T01:28:35.493+0000] {logging_mixin.py:188} INFO - [2026-07-14T01:28:35.493+0000] {dag.py:3823} INFO - Setting next_dagrun for dag_etl_camara_diario to 2026-07-12 03:00:00+00:00, run_after=2026-07-13 03:00:00+00:00
[2026-07-14T01:28:35.507+0000] {processor.py:183} INFO - Processing /opt/airflow/dags/dag_etl_camara_diario.py took 0.066 seconds
[2026-07-14T01:29:05.635+0000] {processor.py:161} INFO - Started process (PID=6294) to work on /opt/airflow/dags/dag_etl_camara_diario.py
[2026-07-14T01:29:05.636+0000] {processor.py:830} INFO - Processing file /opt/airflow/dags/dag_etl_camara_diario.py for tasks to queue
[2026-07-14T01:29:05.636+0000] {logging_mixin.py:188} INFO - [2026-07-14T01:29:05.636+0000] {dagbag.py:538} INFO - Filling up the DagBag from /opt/airflow/dags/dag_etl_camara_diario.py
[2026-07-14T01:29:05.648+0000] {processor.py:840} INFO - DAG(s) 'dag_etl_camara_diario' retrieved from /opt/airflow/dags/dag_etl_camara_diario.py
[2026-07-14T01:29:05.672+0000] {logging_mixin.py:188} INFO - [2026-07-14T01:29:05.672+0000] {dag.py:3036} INFO - Sync 1 DAGs
[2026-07-14T01:29:05.698+0000] {logging_mixin.py:188} INFO - [2026-07-14T01:29:05.697+0000] {dag.py:3823} INFO - Setting next_dagrun for dag_etl_camara_diario to 2026-07-12 03:00:00+00:00, run_after=2026-07-13 03:00:00+00:00
[2026-07-14T01:29:05.719+0000] {processor.py:183} INFO - Processing /opt/airflow/dags/dag_etl_camara_diario.py took 0.087 seconds
[2026-07-14T01:29:35.855+0000] {processor.py:161} INFO - Started process (PID=6309) to work on /opt/airflow/dags/dag_etl_camara_diario.py
[2026-07-14T01:29:35.856+0000] {processor.py:830} INFO - Processing file /opt/airflow/dags/dag_etl_camara_diario.py for tasks to queue
[2026-07-14T01:29:35.856+0000] {logging_mixin.py:188} INFO - [2026-07-14T01:29:35.856+0000] {dagbag.py:538} INFO - Filling up the DagBag from /opt/airflow/dags/dag_etl_camara_diario.py
[2026-07-14T01:29:35.865+0000] {processor.py:840} INFO - DAG(s) 'dag_etl_camara_diario' retrieved from /opt/airflow/dags/dag_etl_camara_diario.py
[2026-07-14T01:29:35.887+0000] {logging_mixin.py:188} INFO - [2026-07-14T01:29:35.886+0000] {dag.py:3036} INFO - Sync 1 DAGs
[2026-07-14T01:29:35.909+0000] {logging_mixin.py:188} INFO - [2026-07-14T01:29:35.909+0000] {dag.py:3823} INFO - Setting next_dagrun for dag_etl_camara_diario to 2026-07-12 03:00:00+00:00, run_after=2026-07-13 03:00:00+00:00
[2026-07-14T01:29:35.924+0000] {processor.py:183} INFO - Processing /opt/airflow/dags/dag_etl_camara_diario.py took 0.072 seconds
[2026-07-14T01:30:06.049+0000] {processor.py:161} INFO - Started process (PID=6324) to work on /opt/airflow/dags/dag_etl_camara_diario.py
[2026-07-14T01:30:06.050+0000] {processor.py:830} INFO - Processing file /opt/airflow/dags/dag_etl_camara_diario.py for tasks to queue
[2026-07-14T01:30:06.051+0000] {logging_mixin.py:188} INFO - [2026-07-14T01:30:06.051+0000] {dagbag.py:538} INFO - Filling up the DagBag from /opt/airflow/dags/dag_etl_camara_diario.py
[2026-07-14T01:30:06.062+0000] {processor.py:840} INFO - DAG(s) 'dag_etl_camara_diario' retrieved from /opt/airflow/dags/dag_etl_camara_diario.py
[2026-07-14T01:30:06.086+0000] {logging_mixin.py:188} INFO - [2026-07-14T01:30:06.085+0000] {dag.py:3036} INFO - Sync 1 DAGs
[2026-07-14T01:30:06.110+0000] {logging_mixin.py:188} INFO - [2026-07-14T01:30:06.110+0000] {dag.py:3823} INFO - Setting next_dagrun for dag_etl_camara_diario to 2026-07-12 03:00:00+00:00, run_after=2026-07-13 03:00:00+00:00
[2026-07-14T01:30:06.125+0000] {processor.py:183} INFO - Processing /opt/airflow/dags/dag_etl_camara_diario.py took 0.079 seconds
[2026-07-14T01:30:36.245+0000] {processor.py:161} INFO - Started process (PID=6339) to work on /opt/airflow/dags/dag_etl_camara_diario.py
[2026-07-14T01:30:36.246+0000] {processor.py:830} INFO - Processing file /opt/airflow/dags/dag_etl_camara_diario.py for tasks to queue
[2026-07-14T01:30:36.246+0000] {logging_mixin.py:188} INFO - [2026-07-14T01:30:36.246+0000] {dagbag.py:538} INFO - Filling up the DagBag from /opt/airflow/dags/dag_etl_camara_diario.py
[2026-07-14T01:30:36.256+0000] {processor.py:840} INFO - DAG(s) 'dag_etl_camara_diario' retrieved from /opt/airflow/dags/dag_etl_camara_diario.py
[2026-07-14T01:30:36.278+0000] {logging_mixin.py:188} INFO - [2026-07-14T01:30:36.277+0000] {dag.py:3036} INFO - Sync 1 DAGs
[2026-07-14T01:30:36.301+0000] {logging_mixin.py:188} INFO - [2026-07-14T01:30:36.301+0000] {dag.py:3823} INFO - Setting next_dagrun for dag_etl_camara_diario to 2026-07-12 03:00:00+00:00, run_after=2026-07-13 03:00:00+00:00
[2026-07-14T01:30:36.317+0000] {processor.py:183} INFO - Processing /opt/airflow/dags/dag_etl_camara_diario.py took 0.075 seconds
[2026-07-14T01:31:06.438+0000] {processor.py:161} INFO - Started process (PID=6354) to work on /opt/airflow/dags/dag_etl_camara_diario.py
[2026-07-14T01:31:06.439+0000] {processor.py:830} INFO - Processing file /opt/airflow/dags/dag_etl_camara_diario.py for tasks to queue
[2026-07-14T01:31:06.440+0000] {logging_mixin.py:188} INFO - [2026-07-14T01:31:06.440+0000] {dagbag.py:538} INFO - Filling up the DagBag from /opt/airflow/dags/dag_etl_camara_diario.py
[2026-07-14T01:31:06.449+0000] {processor.py:840} INFO - DAG(s) 'dag_etl_camara_diario' retrieved from /opt/airflow/dags/dag_etl_camara_diario.py
[2026-07-14T01:31:06.470+0000] {logging_mixin.py:188} INFO - [2026-07-14T01:31:06.470+0000] {dag.py:3036} INFO - Sync 1 DAGs
[2026-07-14T01:31:06.492+0000] {logging_mixin.py:188} INFO - [2026-07-14T01:31:06.492+0000] {dag.py:3823} INFO - Setting next_dagrun for dag_etl_camara_diario to 2026-07-12 03:00:00+00:00, run_after=2026-07-13 03:00:00+00:00
[2026-07-14T01:31:06.507+0000] {processor.py:183} INFO - Processing /opt/airflow/dags/dag_etl_camara_diario.py took 0.071 seconds
[2026-07-14T01:31:36.625+0000] {processor.py:161} INFO - Started process (PID=6369) to work on /opt/airflow/dags/dag_etl_camara_diario.py
[2026-07-14T01:31:36.626+0000] {processor.py:830} INFO - Processing file /opt/airflow/dags/dag_etl_camara_diario.py for tasks to queue
[2026-07-14T01:31:36.627+0000] {logging_mixin.py:188} INFO - [2026-07-14T01:31:36.627+0000] {dagbag.py:538} INFO - Filling up the DagBag from /opt/airflow/dags/dag_etl_camara_diario.py
[2026-07-14T01:31:36.637+0000] {processor.py:840} INFO - DAG(s) 'dag_etl_camara_diario' retrieved from /opt/airflow/dags/dag_etl_camara_diario.py
[2026-07-14T01:31:36.660+0000] {logging_mixin.py:188} INFO - [2026-07-14T01:31:36.659+0000] {dag.py:3036} INFO - Sync 1 DAGs
[2026-07-14T01:31:36.682+0000] {logging_mixin.py:188} INFO - [2026-07-14T01:31:36.682+0000] {dag.py:3823} INFO - Setting next_dagrun for dag_etl_camara_diario to 2026-07-12 03:00:00+00:00, run_after=2026-07-13 03:00:00+00:00
[2026-07-14T01:31:36.696+0000] {processor.py:183} INFO - Processing /opt/airflow/dags/dag_etl_camara_diario.py took 0.073 seconds
[2026-07-14T01:32:06.826+0000] {processor.py:161} INFO - Started process (PID=6384) to work on /opt/airflow/dags/dag_etl_camara_diario.py
[2026-07-14T01:32:06.827+0000] {processor.py:830} INFO - Processing file /opt/airflow/dags/dag_etl_camara_diario.py for tasks to queue
[2026-07-14T01:32:06.827+0000] {logging_mixin.py:188} INFO - [2026-07-14T01:32:06.827+0000] {dagbag.py:538} INFO - Filling up the DagBag from /opt/airflow/dags/dag_etl_camara_diario.py
[2026-07-14T01:32:06.836+0000] {processor.py:840} INFO - DAG(s) 'dag_etl_camara_diario' retrieved from /opt/airflow/dags/dag_etl_camara_diario.py
[2026-07-14T01:32:06.857+0000] {logging_mixin.py:188} INFO - [2026-07-14T01:32:06.857+0000] {dag.py:3036} INFO - Sync 1 DAGs
[2026-07-14T01:32:06.878+0000] {logging_mixin.py:188} INFO - [2026-07-14T01:32:06.878+0000] {dag.py:3823} INFO - Setting next_dagrun for dag_etl_camara_diario to 2026-07-12 03:00:00+00:00, run_after=2026-07-13 03:00:00+00:00
[2026-07-14T01:32:06.896+0000] {processor.py:183} INFO - Processing /opt/airflow/dags/dag_etl_camara_diario.py took 0.073 seconds
[2026-07-14T01:32:37.018+0000] {processor.py:161} INFO - Started process (PID=6399) to work on /opt/airflow/dags/dag_etl_camara_diario.py
[2026-07-14T01:32:37.018+0000] {processor.py:830} INFO - Processing file /opt/airflow/dags/dag_etl_camara_diario.py for tasks to queue
[2026-07-14T01:32:37.019+0000] {logging_mixin.py:188} INFO - [2026-07-14T01:32:37.019+0000] {dagbag.py:538} INFO - Filling up the DagBag from /opt/airflow/dags/dag_etl_camara_diario.py
[2026-07-14T01:32:37.028+0000] {processor.py:840} INFO - DAG(s) 'dag_etl_camara_diario' retrieved from /opt/airflow/dags/dag_etl_camara_diario.py
[2026-07-14T01:32:37.050+0000] {logging_mixin.py:188} INFO - [2026-07-14T01:32:37.050+0000] {dag.py:3036} INFO - Sync 1 DAGs
[2026-07-14T01:32:37.071+0000] {logging_mixin.py:188} INFO - [2026-07-14T01:32:37.071+0000] {dag.py:3823} INFO - Setting next_dagrun for dag_etl_camara_diario to 2026-07-12 03:00:00+00:00, run_after=2026-07-13 03:00:00+00:00
[2026-07-14T01:32:37.088+0000] {processor.py:183} INFO - Processing /opt/airflow/dags/dag_etl_camara_diario.py took 0.073 seconds
[2026-07-14T01:33:07.203+0000] {processor.py:161} INFO - Started process (PID=6414) to work on /opt/airflow/dags/dag_etl_camara_diario.py
[2026-07-14T01:33:07.204+0000] {processor.py:830} INFO - Processing file /opt/airflow/dags/dag_etl_camara_diario.py for tasks to queue
[2026-07-14T01:33:07.205+0000] {logging_mixin.py:188} INFO - [2026-07-14T01:33:07.204+0000] {dagbag.py:538} INFO - Filling up the DagBag from /opt/airflow/dags/dag_etl_camara_diario.py
[2026-07-14T01:33:07.214+0000] {processor.py:840} INFO - DAG(s) 'dag_etl_camara_diario' retrieved from /opt/airflow/dags/dag_etl_camara_diario.py
[2026-07-14T01:33:07.236+0000] {logging_mixin.py:188} INFO - [2026-07-14T01:33:07.236+0000] {dag.py:3036} INFO - Sync 1 DAGs
[2026-07-14T01:33:07.258+0000] {logging_mixin.py:188} INFO - [2026-07-14T01:33:07.258+0000] {dag.py:3823} INFO - Setting next_dagrun for dag_etl_camara_diario to 2026-07-12 03:00:00+00:00, run_after=2026-07-13 03:00:00+00:00
[2026-07-14T01:33:07.276+0000] {processor.py:183} INFO - Processing /opt/airflow/dags/dag_etl_camara_diario.py took 0.075 seconds
[2026-07-14T01:33:37.404+0000] {processor.py:161} INFO - Started process (PID=6429) to work on /opt/airflow/dags/dag_etl_camara_diario.py
[2026-07-14T01:33:37.405+0000] {processor.py:830} INFO - Processing file /opt/airflow/dags/dag_etl_camara_diario.py for tasks to queue
[2026-07-14T01:33:37.406+0000] {logging_mixin.py:188} INFO - [2026-07-14T01:33:37.405+0000] {dagbag.py:538} INFO - Filling up the DagBag from /opt/airflow/dags/dag_etl_camara_diario.py
[2026-07-14T01:33:37.415+0000] {processor.py:840} INFO - DAG(s) 'dag_etl_camara_diario' retrieved from /opt/airflow/dags/dag_etl_camara_diario.py
[2026-07-14T01:33:37.437+0000] {logging_mixin.py:188} INFO - [2026-07-14T01:33:37.437+0000] {dag.py:3036} INFO - Sync 1 DAGs
[2026-07-14T01:33:37.460+0000] {logging_mixin.py:188} INFO - [2026-07-14T01:33:37.460+0000] {dag.py:3823} INFO - Setting next_dagrun for dag_etl_camara_diario to 2026-07-12 03:00:00+00:00, run_after=2026-07-13 03:00:00+00:00
[2026-07-14T01:33:37.475+0000] {processor.py:183} INFO - Processing /opt/airflow/dags/dag_etl_camara_diario.py took 0.074 seconds
[2026-07-14T01:34:07.609+0000] {processor.py:161} INFO - Started process (PID=6444) to work on /opt/airflow/dags/dag_etl_camara_diario.py
[2026-07-14T01:34:07.610+0000] {processor.py:830} INFO - Processing file /opt/airflow/dags/dag_etl_camara_diario.py for tasks to queue
[2026-07-14T01:34:07.610+0000] {logging_mixin.py:188} INFO - [2026-07-14T01:34:07.610+0000] {dagbag.py:538} INFO - Filling up the DagBag from /opt/airflow/dags/dag_etl_camara_diario.py
[2026-07-14T01:34:07.620+0000] {processor.py:840} INFO - DAG(s) 'dag_etl_camara_diario' retrieved from /opt/airflow/dags/dag_etl_camara_diario.py
[2026-07-14T01:34:07.641+0000] {logging_mixin.py:188} INFO - [2026-07-14T01:34:07.641+0000] {dag.py:3036} INFO - Sync 1 DAGs
[2026-07-14T01:34:07.663+0000] {logging_mixin.py:188} INFO - [2026-07-14T01:34:07.663+0000] {dag.py:3823} INFO - Setting next_dagrun for dag_etl_camara_diario to 2026-07-12 03:00:00+00:00, run_after=2026-07-13 03:00:00+00:00
[2026-07-14T01:34:07.678+0000] {processor.py:183} INFO - Processing /opt/airflow/dags/dag_etl_camara_diario.py took 0.072 seconds
[2026-07-14T01:34:37.798+0000] {processor.py:161} INFO - Started process (PID=6459) to work on /opt/airflow/dags/dag_etl_camara_diario.py
[2026-07-14T01:34:37.799+0000] {processor.py:830} INFO - Processing file /opt/airflow/dags/dag_etl_camara_diario.py for tasks to queue
[2026-07-14T01:34:37.799+0000] {logging_mixin.py:188} INFO - [2026-07-14T01:34:37.799+0000] {dagbag.py:538} INFO - Filling up the DagBag from /opt/airflow/dags/dag_etl_camara_diario.py
[2026-07-14T01:34:37.809+0000] {processor.py:840} INFO - DAG(s) 'dag_etl_camara_diario' retrieved from /opt/airflow/dags/dag_etl_camara_diario.py
[2026-07-14T01:34:37.830+0000] {logging_mixin.py:188} INFO - [2026-07-14T01:34:37.830+0000] {dag.py:3036} INFO - Sync 1 DAGs
[2026-07-14T01:34:37.851+0000] {logging_mixin.py:188} INFO - [2026-07-14T01:34:37.851+0000] {dag.py:3823} INFO - Setting next_dagrun for dag_etl_camara_diario to 2026-07-12 03:00:00+00:00, run_after=2026-07-13 03:00:00+00:00
[2026-07-14T01:34:37.866+0000] {processor.py:183} INFO - Processing /opt/airflow/dags/dag_etl_camara_diario.py took 0.071 seconds
[2026-07-14T01:35:07.989+0000] {processor.py:161} INFO - Started process (PID=6474) to work on /opt/airflow/dags/dag_etl_camara_diario.py
[2026-07-14T01:35:07.990+0000] {processor.py:830} INFO - Processing file /opt/airflow/dags/dag_etl_camara_diario.py for tasks to queue
[2026-07-14T01:35:07.991+0000] {logging_mixin.py:188} INFO - [2026-07-14T01:35:07.991+0000] {dagbag.py:538} INFO - Filling up the DagBag from /opt/airflow/dags/dag_etl_camara_diario.py
[2026-07-14T01:35:08.002+0000] {processor.py:840} INFO - DAG(s) 'dag_etl_camara_diario' retrieved from /opt/airflow/dags/dag_etl_camara_diario.py
[2026-07-14T01:35:08.024+0000] {logging_mixin.py:188} INFO - [2026-07-14T01:35:08.024+0000] {dag.py:3036} INFO - Sync 1 DAGs
[2026-07-14T01:35:08.048+0000] {logging_mixin.py:188} INFO - [2026-07-14T01:35:08.048+0000] {dag.py:3823} INFO - Setting next_dagrun for dag_etl_camara_diario to 2026-07-12 03:00:00+00:00, run_after=2026-07-13 03:00:00+00:00
[2026-07-14T01:35:08.066+0000] {processor.py:183} INFO - Processing /opt/airflow/dags/dag_etl_camara_diario.py took 0.079 seconds
[2026-07-14T01:35:38.194+0000] {processor.py:161} INFO - Started process (PID=6489) to work on /opt/airflow/dags/dag_etl_camara_diario.py
[2026-07-14T01:35:38.195+0000] {processor.py:830} INFO - Processing file /opt/airflow/dags/dag_etl_camara_diario.py for tasks to queue
[2026-07-14T01:35:38.195+0000] {logging_mixin.py:188} INFO - [2026-07-14T01:35:38.195+0000] {dagbag.py:538} INFO - Filling up the DagBag from /opt/airflow/dags/dag_etl_camara_diario.py
[2026-07-14T01:35:38.204+0000] {processor.py:840} INFO - DAG(s) 'dag_etl_camara_diario' retrieved from /opt/airflow/dags/dag_etl_camara_diario.py
[2026-07-14T01:35:38.224+0000] {logging_mixin.py:188} INFO - [2026-07-14T01:35:38.224+0000] {dag.py:3036} INFO - Sync 1 DAGs
[2026-07-14T01:35:38.246+0000] {logging_mixin.py:188} INFO - [2026-07-14T01:35:38.246+0000] {dag.py:3823} INFO - Setting next_dagrun for dag_etl_camara_diario to 2026-07-12 03:00:00+00:00, run_after=2026-07-13 03:00:00+00:00
[2026-07-14T01:35:38.263+0000] {processor.py:183} INFO - Processing /opt/airflow/dags/dag_etl_camara_diario.py took 0.071 seconds
[2026-07-14T01:36:08.388+0000] {processor.py:161} INFO - Started process (PID=6504) to work on /opt/airflow/dags/dag_etl_camara_diario.py
[2026-07-14T01:36:08.389+0000] {processor.py:830} INFO - Processing file /opt/airflow/dags/dag_etl_camara_diario.py for tasks to queue
[2026-07-14T01:36:08.390+0000] {logging_mixin.py:188} INFO - [2026-07-14T01:36:08.389+0000] {dagbag.py:538} INFO - Filling up the DagBag from /opt/airflow/dags/dag_etl_camara_diario.py
[2026-07-14T01:36:08.400+0000] {processor.py:840} INFO - DAG(s) 'dag_etl_camara_diario' retrieved from /opt/airflow/dags/dag_etl_camara_diario.py
[2026-07-14T01:36:08.423+0000] {logging_mixin.py:188} INFO - [2026-07-14T01:36:08.423+0000] {dag.py:3036} INFO - Sync 1 DAGs
[2026-07-14T01:36:08.448+0000] {logging_mixin.py:188} INFO - [2026-07-14T01:36:08.448+0000] {dag.py:3823} INFO - Setting next_dagrun for dag_etl_camara_diario to 2026-07-12 03:00:00+00:00, run_after=2026-07-13 03:00:00+00:00
[2026-07-14T01:36:08.466+0000] {processor.py:183} INFO - Processing /opt/airflow/dags/dag_etl_camara_diario.py took 0.080 seconds
[2026-07-14T01:36:38.590+0000] {processor.py:161} INFO - Started process (PID=6519) to work on /opt/airflow/dags/dag_etl_camara_diario.py
[2026-07-14T01:36:38.591+0000] {processor.py:830} INFO - Processing file /opt/airflow/dags/dag_etl_camara_diario.py for tasks to queue
[2026-07-14T01:36:38.591+0000] {logging_mixin.py:188} INFO - [2026-07-14T01:36:38.591+0000] {dagbag.py:538} INFO - Filling up the DagBag from /opt/airflow/dags/dag_etl_camara_diario.py
[2026-07-14T01:36:38.600+0000] {processor.py:840} INFO - DAG(s) 'dag_etl_camara_diario' retrieved from /opt/airflow/dags/dag_etl_camara_diario.py
[2026-07-14T01:36:38.622+0000] {logging_mixin.py:188} INFO - [2026-07-14T01:36:38.622+0000] {dag.py:3036} INFO - Sync 1 DAGs
[2026-07-14T01:36:38.645+0000] {logging_mixin.py:188} INFO - [2026-07-14T01:36:38.645+0000] {dag.py:3823} INFO - Setting next_dagrun for dag_etl_camara_diario to 2026-07-12 03:00:00+00:00, run_after=2026-07-13 03:00:00+00:00
[2026-07-14T01:36:38.662+0000] {processor.py:183} INFO - Processing /opt/airflow/dags/dag_etl_camara_diario.py took 0.075 seconds
[2026-07-14T01:37:08.791+0000] {processor.py:161} INFO - Started process (PID=6534) to work on /opt/airflow/dags/dag_etl_camara_diario.py
[2026-07-14T01:37:08.792+0000] {processor.py:830} INFO - Processing file /opt/airflow/dags/dag_etl_camara_diario.py for tasks to queue
[2026-07-14T01:37:08.793+0000] {logging_mixin.py:188} INFO - [2026-07-14T01:37:08.793+0000] {dagbag.py:538} INFO - Filling up the DagBag from /opt/airflow/dags/dag_etl_camara_diario.py
[2026-07-14T01:37:08.802+0000] {processor.py:840} INFO - DAG(s) 'dag_etl_camara_diario' retrieved from /opt/airflow/dags/dag_etl_camara_diario.py
[2026-07-14T01:37:08.822+0000] {logging_mixin.py:188} INFO - [2026-07-14T01:37:08.822+0000] {dag.py:3036} INFO - Sync 1 DAGs
[2026-07-14T01:37:08.842+0000] {logging_mixin.py:188} INFO - [2026-07-14T01:37:08.842+0000] {dag.py:3823} INFO - Setting next_dagrun for dag_etl_camara_diario to 2026-07-12 03:00:00+00:00, run_after=2026-07-13 03:00:00+00:00
[2026-07-14T01:37:08.856+0000] {processor.py:183} INFO - Processing /opt/airflow/dags/dag_etl_camara_diario.py took 0.067 seconds
[2026-07-14T01:37:38.980+0000] {processor.py:161} INFO - Started process (PID=6549) to work on /opt/airflow/dags/dag_etl_camara_diario.py
[2026-07-14T01:37:38.980+0000] {processor.py:830} INFO - Processing file /opt/airflow/dags/dag_etl_camara_diario.py for tasks to queue
[2026-07-14T01:37:38.981+0000] {logging_mixin.py:188} INFO - [2026-07-14T01:37:38.981+0000] {dagbag.py:538} INFO - Filling up the DagBag from /opt/airflow/dags/dag_etl_camara_diario.py
[2026-07-14T01:37:38.991+0000] {processor.py:840} INFO - DAG(s) 'dag_etl_camara_diario' retrieved from /opt/airflow/dags/dag_etl_camara_diario.py
[2026-07-14T01:37:39.013+0000] {logging_mixin.py:188} INFO - [2026-07-14T01:37:39.012+0000] {dag.py:3036} INFO - Sync 1 DAGs
[2026-07-14T01:37:39.035+0000] {logging_mixin.py:188} INFO - [2026-07-14T01:37:39.035+0000] {dag.py:3823} INFO - Setting next_dagrun for dag_etl_camara_diario to 2026-07-12 03:00:00+00:00, run_after=2026-07-13 03:00:00+00:00
[2026-07-14T01:37:39.052+0000] {processor.py:183} INFO - Processing /opt/airflow/dags/dag_etl_camara_diario.py took 0.075 seconds
[2026-07-14T01:38:09.176+0000] {processor.py:161} INFO - Started process (PID=6564) to work on /opt/airflow/dags/dag_etl_camara_diario.py
[2026-07-14T01:38:09.178+0000] {processor.py:830} INFO - Processing file /opt/airflow/dags/dag_etl_camara_diario.py for tasks to queue
[2026-07-14T01:38:09.178+0000] {logging_mixin.py:188} INFO - [2026-07-14T01:38:09.178+0000] {dagbag.py:538} INFO - Filling up the DagBag from /opt/airflow/dags/dag_etl_camara_diario.py
[2026-07-14T01:38:09.191+0000] {processor.py:840} INFO - DAG(s) 'dag_etl_camara_diario' retrieved from /opt/airflow/dags/dag_etl_camara_diario.py
[2026-07-14T01:38:09.217+0000] {logging_mixin.py:188} INFO - [2026-07-14T01:38:09.216+0000] {dag.py:3036} INFO - Sync 1 DAGs
[2026-07-14T01:38:09.243+0000] {logging_mixin.py:188} INFO - [2026-07-14T01:38:09.243+0000] {dag.py:3823} INFO - Setting next_dagrun for dag_etl_camara_diario to 2026-07-12 03:00:00+00:00, run_after=2026-07-13 03:00:00+00:00
[2026-07-14T01:38:09.261+0000] {processor.py:183} INFO - Processing /opt/airflow/dags/dag_etl_camara_diario.py took 0.088 seconds
[2026-07-14T01:38:39.378+0000] {processor.py:161} INFO - Started process (PID=6579) to work on /opt/airflow/dags/dag_etl_camara_diario.py
[2026-07-14T01:38:39.378+0000] {processor.py:830} INFO - Processing file /opt/airflow/dags/dag_etl_camara_diario.py for tasks to queue
[2026-07-14T01:38:39.379+0000] {logging_mixin.py:188} INFO - [2026-07-14T01:38:39.379+0000] {dagbag.py:538} INFO - Filling up the DagBag from /opt/airflow/dags/dag_etl_camara_diario.py
[2026-07-14T01:38:39.389+0000] {processor.py:840} INFO - DAG(s) 'dag_etl_camara_diario' retrieved from /opt/airflow/dags/dag_etl_camara_diario.py
[2026-07-14T01:38:39.414+0000] {logging_mixin.py:188} INFO - [2026-07-14T01:38:39.414+0000] {dag.py:3036} INFO - Sync 1 DAGs
[2026-07-14T01:38:39.442+0000] {logging_mixin.py:188} INFO - [2026-07-14T01:38:39.441+0000] {dag.py:3823} INFO - Setting next_dagrun for dag_etl_camara_diario to 2026-07-12 03:00:00+00:00, run_after=2026-07-13 03:00:00+00:00
[2026-07-14T01:38:39.463+0000] {processor.py:183} INFO - Processing /opt/airflow/dags/dag_etl_camara_diario.py took 0.088 seconds
[2026-07-14T01:39:09.594+0000] {processor.py:161} INFO - Started process (PID=6594) to work on /opt/airflow/dags/dag_etl_camara_diario.py
[2026-07-14T01:39:09.595+0000] {processor.py:830} INFO - Processing file /opt/airflow/dags/dag_etl_camara_diario.py for tasks to queue
[2026-07-14T01:39:09.596+0000] {logging_mixin.py:188} INFO - [2026-07-14T01:39:09.595+0000] {dagbag.py:538} INFO - Filling up the DagBag from /opt/airflow/dags/dag_etl_camara_diario.py
[2026-07-14T01:39:09.604+0000] {processor.py:840} INFO - DAG(s) 'dag_etl_camara_diario' retrieved from /opt/airflow/dags/dag_etl_camara_diario.py
[2026-07-14T01:39:09.625+0000] {logging_mixin.py:188} INFO - [2026-07-14T01:39:09.625+0000] {dag.py:3036} INFO - Sync 1 DAGs
[2026-07-14T01:39:09.646+0000] {logging_mixin.py:188} INFO - [2026-07-14T01:39:09.645+0000] {dag.py:3823} INFO - Setting next_dagrun for dag_etl_camara_diario to 2026-07-12 03:00:00+00:00, run_after=2026-07-13 03:00:00+00:00
[2026-07-14T01:39:09.660+0000] {processor.py:183} INFO - Processing /opt/airflow/dags/dag_etl_camara_diario.py took 0.069 seconds
[2026-07-14T01:39:39.781+0000] {processor.py:161} INFO - Started process (PID=6609) to work on /opt/airflow/dags/dag_etl_camara_diario.py
[2026-07-14T01:39:39.782+0000] {processor.py:830} INFO - Processing file /opt/airflow/dags/dag_etl_camara_diario.py for tasks to queue
[2026-07-14T01:39:39.782+0000] {logging_mixin.py:188} INFO - [2026-07-14T01:39:39.782+0000] {dagbag.py:538} INFO - Filling up the DagBag from /opt/airflow/dags/dag_etl_camara_diario.py
[2026-07-14T01:39:39.791+0000] {processor.py:840} INFO - DAG(s) 'dag_etl_camara_diario' retrieved from /opt/airflow/dags/dag_etl_camara_diario.py
[2026-07-14T01:39:39.812+0000] {logging_mixin.py:188} INFO - [2026-07-14T01:39:39.812+0000] {dag.py:3036} INFO - Sync 1 DAGs
[2026-07-14T01:39:39.835+0000] {logging_mixin.py:188} INFO - [2026-07-14T01:39:39.834+0000] {dag.py:3823} INFO - Setting next_dagrun for dag_etl_camara_diario to 2026-07-12 03:00:00+00:00, run_after=2026-07-13 03:00:00+00:00
[2026-07-14T01:39:39.854+0000] {processor.py:183} INFO - Processing /opt/airflow/dags/dag_etl_camara_diario.py took 0.075 seconds
[2026-07-14T01:40:09.977+0000] {processor.py:161} INFO - Started process (PID=6624) to work on /opt/airflow/dags/dag_etl_camara_diario.py
[2026-07-14T01:40:09.978+0000] {processor.py:830} INFO - Processing file /opt/airflow/dags/dag_etl_camara_diario.py for tasks to queue
[2026-07-14T01:40:09.978+0000] {logging_mixin.py:188} INFO - [2026-07-14T01:40:09.978+0000] {dagbag.py:538} INFO - Filling up the DagBag from /opt/airflow/dags/dag_etl_camara_diario.py
[2026-07-14T01:40:09.987+0000] {processor.py:840} INFO - DAG(s) 'dag_etl_camara_diario' retrieved from /opt/airflow/dags/dag_etl_camara_diario.py
[2026-07-14T01:40:10.008+0000] {logging_mixin.py:188} INFO - [2026-07-14T01:40:10.007+0000] {dag.py:3036} INFO - Sync 1 DAGs
[2026-07-14T01:40:10.028+0000] {logging_mixin.py:188} INFO - [2026-07-14T01:40:10.027+0000] {dag.py:3823} INFO - Setting next_dagrun for dag_etl_camara_diario to 2026-07-12 03:00:00+00:00, run_after=2026-07-13 03:00:00+00:00
[2026-07-14T01:40:10.044+0000] {processor.py:183} INFO - Processing /opt/airflow/dags/dag_etl_camara_diario.py took 0.070 seconds
[2026-07-14T01:40:40.161+0000] {processor.py:161} INFO - Started process (PID=6639) to work on /opt/airflow/dags/dag_etl_camara_diario.py
[2026-07-14T01:40:40.162+0000] {processor.py:830} INFO - Processing file /opt/airflow/dags/dag_etl_camara_diario.py for tasks to queue
[2026-07-14T01:40:40.163+0000] {logging_mixin.py:188} INFO - [2026-07-14T01:40:40.162+0000] {dagbag.py:538} INFO - Filling up the DagBag from /opt/airflow/dags/dag_etl_camara_diario.py
[2026-07-14T01:40:40.173+0000] {processor.py:840} INFO - DAG(s) 'dag_etl_camara_diario' retrieved from /opt/airflow/dags/dag_etl_camara_diario.py
[2026-07-14T01:40:40.196+0000] {logging_mixin.py:188} INFO - [2026-07-14T01:40:40.196+0000] {dag.py:3036} INFO - Sync 1 DAGs
[2026-07-14T01:40:40.219+0000] {logging_mixin.py:188} INFO - [2026-07-14T01:40:40.219+0000] {dag.py:3823} INFO - Setting next_dagrun for dag_etl_camara_diario to 2026-07-12 03:00:00+00:00, run_after=2026-07-13 03:00:00+00:00
[2026-07-14T01:40:40.238+0000] {processor.py:183} INFO - Processing /opt/airflow/dags/dag_etl_camara_diario.py took 0.079 seconds
[2026-07-14T01:41:10.357+0000] {processor.py:161} INFO - Started process (PID=6654) to work on /opt/airflow/dags/dag_etl_camara_diario.py
[2026-07-14T01:41:10.358+0000] {processor.py:830} INFO - Processing file /opt/airflow/dags/dag_etl_camara_diario.py for tasks to queue
[2026-07-14T01:41:10.359+0000] {logging_mixin.py:188} INFO - [2026-07-14T01:41:10.359+0000] {dagbag.py:538} INFO - Filling up the DagBag from /opt/airflow/dags/dag_etl_camara_diario.py
[2026-07-14T01:41:10.369+0000] {processor.py:840} INFO - DAG(s) 'dag_etl_camara_diario' retrieved from /opt/airflow/dags/dag_etl_camara_diario.py
[2026-07-14T01:41:10.392+0000] {logging_mixin.py:188} INFO - [2026-07-14T01:41:10.391+0000] {dag.py:3036} INFO - Sync 1 DAGs
[2026-07-14T01:41:10.415+0000] {logging_mixin.py:188} INFO - [2026-07-14T01:41:10.415+0000] {dag.py:3823} INFO - Setting next_dagrun for dag_etl_camara_diario to 2026-07-12 03:00:00+00:00, run_after=2026-07-13 03:00:00+00:00
[2026-07-14T01:41:10.432+0000] {processor.py:183} INFO - Processing /opt/airflow/dags/dag_etl_camara_diario.py took 0.078 seconds
[2026-07-14T01:41:40.551+0000] {processor.py:161} INFO - Started process (PID=6669) to work on /opt/airflow/dags/dag_etl_camara_diario.py
[2026-07-14T01:41:40.552+0000] {processor.py:830} INFO - Processing file /opt/airflow/dags/dag_etl_camara_diario.py for tasks to queue
[2026-07-14T01:41:40.552+0000] {logging_mixin.py:188} INFO - [2026-07-14T01:41:40.552+0000] {dagbag.py:538} INFO - Filling up the DagBag from /opt/airflow/dags/dag_etl_camara_diario.py
[2026-07-14T01:41:40.563+0000] {processor.py:840} INFO - DAG(s) 'dag_etl_camara_diario' retrieved from /opt/airflow/dags/dag_etl_camara_diario.py
[2026-07-14T01:41:40.584+0000] {logging_mixin.py:188} INFO - [2026-07-14T01:41:40.584+0000] {dag.py:3036} INFO - Sync 1 DAGs
[2026-07-14T01:41:40.608+0000] {logging_mixin.py:188} INFO - [2026-07-14T01:41:40.608+0000] {dag.py:3823} INFO - Setting next_dagrun for dag_etl_camara_diario to 2026-07-12 03:00:00+00:00, run_after=2026-07-13 03:00:00+00:00
[2026-07-14T01:41:40.627+0000] {processor.py:183} INFO - Processing /opt/airflow/dags/dag_etl_camara_diario.py took 0.078 seconds
[2026-07-14T01:42:10.757+0000] {processor.py:161} INFO - Started process (PID=6684) to work on /opt/airflow/dags/dag_etl_camara_diario.py
[2026-07-14T01:42:10.758+0000] {processor.py:830} INFO - Processing file /opt/airflow/dags/dag_etl_camara_diario.py for tasks to queue
[2026-07-14T01:42:10.758+0000] {logging_mixin.py:188} INFO - [2026-07-14T01:42:10.758+0000] {dagbag.py:538} INFO - Filling up the DagBag from /opt/airflow/dags/dag_etl_camara_diario.py
[2026-07-14T01:42:10.767+0000] {processor.py:840} INFO - DAG(s) 'dag_etl_camara_diario' retrieved from /opt/airflow/dags/dag_etl_camara_diario.py
[2026-07-14T01:42:10.789+0000] {logging_mixin.py:188} INFO - [2026-07-14T01:42:10.789+0000] {dag.py:3036} INFO - Sync 1 DAGs
[2026-07-14T01:42:10.815+0000] {logging_mixin.py:188} INFO - [2026-07-14T01:42:10.815+0000] {dag.py:3823} INFO - Setting next_dagrun for dag_etl_camara_diario to 2026-07-12 03:00:00+00:00, run_after=2026-07-13 03:00:00+00:00
[2026-07-14T01:42:10.835+0000] {processor.py:183} INFO - Processing /opt/airflow/dags/dag_etl_camara_diario.py took 0.080 seconds
[2026-07-14T01:42:40.963+0000] {processor.py:161} INFO - Started process (PID=6699) to work on /opt/airflow/dags/dag_etl_camara_diario.py
[2026-07-14T01:42:40.964+0000] {processor.py:830} INFO - Processing file /opt/airflow/dags/dag_etl_camara_diario.py for tasks to queue
[2026-07-14T01:42:40.964+0000] {logging_mixin.py:188} INFO - [2026-07-14T01:42:40.964+0000] {dagbag.py:538} INFO - Filling up the DagBag from /opt/airflow/dags/dag_etl_camara_diario.py
[2026-07-14T01:42:40.974+0000] {processor.py:840} INFO - DAG(s) 'dag_etl_camara_diario' retrieved from /opt/airflow/dags/dag_etl_camara_diario.py
[2026-07-14T01:42:40.997+0000] {logging_mixin.py:188} INFO - [2026-07-14T01:42:40.997+0000] {dag.py:3036} INFO - Sync 1 DAGs
[2026-07-14T01:42:41.022+0000] {logging_mixin.py:188} INFO - [2026-07-14T01:42:41.022+0000] {dag.py:3823} INFO - Setting next_dagrun for dag_etl_camara_diario to 2026-07-12 03:00:00+00:00, run_after=2026-07-13 03:00:00+00:00
[2026-07-14T01:42:41.040+0000] {processor.py:183} INFO - Processing /opt/airflow/dags/dag_etl_camara_diario.py took 0.080 seconds
[2026-07-14T01:43:11.178+0000] {processor.py:161} INFO - Started process (PID=6714) to work on /opt/airflow/dags/dag_etl_camara_diario.py
[2026-07-14T01:43:11.179+0000] {processor.py:830} INFO - Processing file /opt/airflow/dags/dag_etl_camara_diario.py for tasks to queue
[2026-07-14T01:43:11.179+0000] {logging_mixin.py:188} INFO - [2026-07-14T01:43:11.179+0000] {dagbag.py:538} INFO - Filling up the DagBag from /opt/airflow/dags/dag_etl_camara_diario.py
[2026-07-14T01:43:11.188+0000] {processor.py:840} INFO - DAG(s) 'dag_etl_camara_diario' retrieved from /opt/airflow/dags/dag_etl_camara_diario.py
[2026-07-14T01:43:11.208+0000] {logging_mixin.py:188} INFO - [2026-07-14T01:43:11.207+0000] {dag.py:3036} INFO - Sync 1 DAGs
[2026-07-14T01:43:11.228+0000] {logging_mixin.py:188} INFO - [2026-07-14T01:43:11.227+0000] {dag.py:3823} INFO - Setting next_dagrun for dag_etl_camara_diario to 2026-07-12 03:00:00+00:00, run_after=2026-07-13 03:00:00+00:00
[2026-07-14T01:43:11.243+0000] {processor.py:183} INFO - Processing /opt/airflow/dags/dag_etl_camara_diario.py took 0.067 seconds
[2026-07-14T01:43:41.369+0000] {processor.py:161} INFO - Started process (PID=6729) to work on /opt/airflow/dags/dag_etl_camara_diario.py
[2026-07-14T01:43:41.370+0000] {processor.py:830} INFO - Processing file /opt/airflow/dags/dag_etl_camara_diario.py for tasks to queue
[2026-07-14T01:43:41.370+0000] {logging_mixin.py:188} INFO - [2026-07-14T01:43:41.370+0000] {dagbag.py:538} INFO - Filling up the DagBag from /opt/airflow/dags/dag_etl_camara_diario.py
[2026-07-14T01:43:41.380+0000] {processor.py:840} INFO - DAG(s) 'dag_etl_camara_diario' retrieved from /opt/airflow/dags/dag_etl_camara_diario.py
[2026-07-14T01:43:41.401+0000] {logging_mixin.py:188} INFO - [2026-07-14T01:43:41.400+0000] {dag.py:3036} INFO - Sync 1 DAGs
[2026-07-14T01:43:41.423+0000] {logging_mixin.py:188} INFO - [2026-07-14T01:43:41.423+0000] {dag.py:3823} INFO - Setting next_dagrun for dag_etl_camara_diario to 2026-07-12 03:00:00+00:00, run_after=2026-07-13 03:00:00+00:00
[2026-07-14T01:43:41.437+0000] {processor.py:183} INFO - Processing /opt/airflow/dags/dag_etl_camara_diario.py took 0.071 seconds
[2026-07-14T01:44:11.573+0000] {processor.py:161} INFO - Started process (PID=6744) to work on /opt/airflow/dags/dag_etl_camara_diario.py
[2026-07-14T01:44:11.574+0000] {processor.py:830} INFO - Processing file /opt/airflow/dags/dag_etl_camara_diario.py for tasks to queue
[2026-07-14T01:44:11.575+0000] {logging_mixin.py:188} INFO - [2026-07-14T01:44:11.575+0000] {dagbag.py:538} INFO - Filling up the DagBag from /opt/airflow/dags/dag_etl_camara_diario.py
[2026-07-14T01:44:11.584+0000] {processor.py:840} INFO - DAG(s) 'dag_etl_camara_diario' retrieved from /opt/airflow/dags/dag_etl_camara_diario.py
[2026-07-14T01:44:11.605+0000] {logging_mixin.py:188} INFO - [2026-07-14T01:44:11.605+0000] {dag.py:3036} INFO - Sync 1 DAGs
[2026-07-14T01:44:11.628+0000] {logging_mixin.py:188} INFO - [2026-07-14T01:44:11.628+0000] {dag.py:3823} INFO - Setting next_dagrun for dag_etl_camara_diario to 2026-07-12 03:00:00+00:00, run_after=2026-07-13 03:00:00+00:00
[2026-07-14T01:44:11.645+0000] {processor.py:183} INFO - Processing /opt/airflow/dags/dag_etl_camara_diario.py took 0.074 seconds
[2026-07-14T01:44:41.763+0000] {processor.py:161} INFO - Started process (PID=6759) to work on /opt/airflow/dags/dag_etl_camara_diario.py
[2026-07-14T01:44:41.764+0000] {processor.py:830} INFO - Processing file /opt/airflow/dags/dag_etl_camara_diario.py for tasks to queue
[2026-07-14T01:44:41.765+0000] {logging_mixin.py:188} INFO - [2026-07-14T01:44:41.765+0000] {dagbag.py:538} INFO - Filling up the DagBag from /opt/airflow/dags/dag_etl_camara_diario.py
[2026-07-14T01:44:41.774+0000] {processor.py:840} INFO - DAG(s) 'dag_etl_camara_diario' retrieved from /opt/airflow/dags/dag_etl_camara_diario.py
[2026-07-14T01:44:41.795+0000] {logging_mixin.py:188} INFO - [2026-07-14T01:44:41.794+0000] {dag.py:3036} INFO - Sync 1 DAGs
[2026-07-14T01:44:41.816+0000] {logging_mixin.py:188} INFO - [2026-07-14T01:44:41.816+0000] {dag.py:3823} INFO - Setting next_dagrun for dag_etl_camara_diario to 2026-07-12 03:00:00+00:00, run_after=2026-07-13 03:00:00+00:00
[2026-07-14T01:44:41.831+0000] {processor.py:183} INFO - Processing /opt/airflow/dags/dag_etl_camara_diario.py took 0.070 seconds
[2026-07-14T01:45:11.947+0000] {processor.py:161} INFO - Started process (PID=6774) to work on /opt/airflow/dags/dag_etl_camara_diario.py
[2026-07-14T01:45:11.948+0000] {processor.py:830} INFO - Processing file /opt/airflow/dags/dag_etl_camara_diario.py for tasks to queue
[2026-07-14T01:45:11.949+0000] {logging_mixin.py:188} INFO - [2026-07-14T01:45:11.949+0000] {dagbag.py:538} INFO - Filling up the DagBag from /opt/airflow/dags/dag_etl_camara_diario.py
[2026-07-14T01:45:11.957+0000] {processor.py:840} INFO - DAG(s) 'dag_etl_camara_diario' retrieved from /opt/airflow/dags/dag_etl_camara_diario.py
[2026-07-14T01:45:11.978+0000] {logging_mixin.py:188} INFO - [2026-07-14T01:45:11.978+0000] {dag.py:3036} INFO - Sync 1 DAGs
[2026-07-14T01:45:11.999+0000] {logging_mixin.py:188} INFO - [2026-07-14T01:45:11.999+0000] {dag.py:3823} INFO - Setting next_dagrun for dag_etl_camara_diario to 2026-07-12 03:00:00+00:00, run_after=2026-07-13 03:00:00+00:00
[2026-07-14T01:45:12.014+0000] {processor.py:183} INFO - Processing /opt/airflow/dags/dag_etl_camara_diario.py took 0.070 seconds
[2026-07-14T01:45:42.133+0000] {processor.py:161} INFO - Started process (PID=6789) to work on /opt/airflow/dags/dag_etl_camara_diario.py
[2026-07-14T01:45:42.133+0000] {processor.py:830} INFO - Processing file /opt/airflow/dags/dag_etl_camara_diario.py for tasks to queue
[2026-07-14T01:45:42.134+0000] {logging_mixin.py:188} INFO - [2026-07-14T01:45:42.134+0000] {dagbag.py:538} INFO - Filling up the DagBag from /opt/airflow/dags/dag_etl_camara_diario.py
[2026-07-14T01:45:42.143+0000] {processor.py:840} INFO - DAG(s) 'dag_etl_camara_diario' retrieved from /opt/airflow/dags/dag_etl_camara_diario.py
[2026-07-14T01:45:42.165+0000] {logging_mixin.py:188} INFO - [2026-07-14T01:45:42.165+0000] {dag.py:3036} INFO - Sync 1 DAGs
[2026-07-14T01:45:42.189+0000] {logging_mixin.py:188} INFO - [2026-07-14T01:45:42.189+0000] {dag.py:3823} INFO - Setting next_dagrun for dag_etl_camara_diario to 2026-07-12 03:00:00+00:00, run_after=2026-07-13 03:00:00+00:00
[2026-07-14T01:45:42.207+0000] {processor.py:183} INFO - Processing /opt/airflow/dags/dag_etl_camara_diario.py took 0.077 seconds
[2026-07-14T01:46:12.322+0000] {processor.py:161} INFO - Started process (PID=6804) to work on /opt/airflow/dags/dag_etl_camara_diario.py
[2026-07-14T01:46:12.323+0000] {processor.py:830} INFO - Processing file /opt/airflow/dags/dag_etl_camara_diario.py for tasks to queue
[2026-07-14T01:46:12.323+0000] {logging_mixin.py:188} INFO - [2026-07-14T01:46:12.323+0000] {dagbag.py:538} INFO - Filling up the DagBag from /opt/airflow/dags/dag_etl_camara_diario.py
[2026-07-14T01:46:12.332+0000] {processor.py:840} INFO - DAG(s) 'dag_etl_camara_diario' retrieved from /opt/airflow/dags/dag_etl_camara_diario.py
[2026-07-14T01:46:12.352+0000] {logging_mixin.py:188} INFO - [2026-07-14T01:46:12.352+0000] {dag.py:3036} INFO - Sync 1 DAGs
[2026-07-14T01:46:12.371+0000] {logging_mixin.py:188} INFO - [2026-07-14T01:46:12.370+0000] {dag.py:3823} INFO - Setting next_dagrun for dag_etl_camara_diario to 2026-07-12 03:00:00+00:00, run_after=2026-07-13 03:00:00+00:00
[2026-07-14T01:46:12.384+0000] {processor.py:183} INFO - Processing /opt/airflow/dags/dag_etl_camara_diario.py took 0.064 seconds
[2026-07-14T01:46:42.499+0000] {processor.py:161} INFO - Started process (PID=6819) to work on /opt/airflow/dags/dag_etl_camara_diario.py
[2026-07-14T01:46:42.499+0000] {processor.py:830} INFO - Processing file /opt/airflow/dags/dag_etl_camara_diario.py for tasks to queue
[2026-07-14T01:46:42.500+0000] {logging_mixin.py:188} INFO - [2026-07-14T01:46:42.500+0000] {dagbag.py:538} INFO - Filling up the DagBag from /opt/airflow/dags/dag_etl_camara_diario.py
[2026-07-14T01:46:42.510+0000] {processor.py:840} INFO - DAG(s) 'dag_etl_camara_diario' retrieved from /opt/airflow/dags/dag_etl_camara_diario.py
[2026-07-14T01:46:42.532+0000] {logging_mixin.py:188} INFO - [2026-07-14T01:46:42.532+0000] {dag.py:3036} INFO - Sync 1 DAGs
[2026-07-14T01:46:42.557+0000] {logging_mixin.py:188} INFO - [2026-07-14T01:46:42.557+0000] {dag.py:3823} INFO - Setting next_dagrun for dag_etl_camara_diario to 2026-07-12 03:00:00+00:00, run_after=2026-07-13 03:00:00+00:00
[2026-07-14T01:46:42.573+0000] {processor.py:183} INFO - Processing /opt/airflow/dags/dag_etl_camara_diario.py took 0.077 seconds
[2026-07-14T01:47:12.703+0000] {processor.py:161} INFO - Started process (PID=6834) to work on /opt/airflow/dags/dag_etl_camara_diario.py
[2026-07-14T01:47:12.704+0000] {processor.py:830} INFO - Processing file /opt/airflow/dags/dag_etl_camara_diario.py for tasks to queue
[2026-07-14T01:47:12.705+0000] {logging_mixin.py:188} INFO - [2026-07-14T01:47:12.705+0000] {dagbag.py:538} INFO - Filling up the DagBag from /opt/airflow/dags/dag_etl_camara_diario.py
[2026-07-14T01:47:12.715+0000] {processor.py:840} INFO - DAG(s) 'dag_etl_camara_diario' retrieved from /opt/airflow/dags/dag_etl_camara_diario.py
[2026-07-14T01:47:12.735+0000] {logging_mixin.py:188} INFO - [2026-07-14T01:47:12.734+0000] {dag.py:3036} INFO - Sync 1 DAGs
[2026-07-14T01:47:12.755+0000] {logging_mixin.py:188} INFO - [2026-07-14T01:47:12.755+0000] {dag.py:3823} INFO - Setting next_dagrun for dag_etl_camara_diario to 2026-07-12 03:00:00+00:00, run_after=2026-07-13 03:00:00+00:00
[2026-07-14T01:47:12.767+0000] {processor.py:183} INFO - Processing /opt/airflow/dags/dag_etl_camara_diario.py took 0.067 seconds
[2026-07-14T01:47:42.878+0000] {processor.py:161} INFO - Started process (PID=6849) to work on /opt/airflow/dags/dag_etl_camara_diario.py
[2026-07-14T01:47:42.879+0000] {processor.py:830} INFO - Processing file /opt/airflow/dags/dag_etl_camara_diario.py for tasks to queue
[2026-07-14T01:47:42.879+0000] {logging_mixin.py:188} INFO - [2026-07-14T01:47:42.879+0000] {dagbag.py:538} INFO - Filling up the DagBag from /opt/airflow/dags/dag_etl_camara_diario.py
[2026-07-14T01:47:42.888+0000] {processor.py:840} INFO - DAG(s) 'dag_etl_camara_diario' retrieved from /opt/airflow/dags/dag_etl_camara_diario.py
[2026-07-14T01:47:42.910+0000] {logging_mixin.py:188} INFO - [2026-07-14T01:47:42.909+0000] {dag.py:3036} INFO - Sync 1 DAGs
[2026-07-14T01:47:42.930+0000] {logging_mixin.py:188} INFO - [2026-07-14T01:47:42.930+0000] {dag.py:3823} INFO - Setting next_dagrun for dag_etl_camara_diario to 2026-07-12 03:00:00+00:00, run_after=2026-07-13 03:00:00+00:00
[2026-07-14T01:47:42.944+0000] {processor.py:183} INFO - Processing /opt/airflow/dags/dag_etl_camara_diario.py took 0.068 seconds
[2026-07-14T01:48:13.059+0000] {processor.py:161} INFO - Started process (PID=6864) to work on /opt/airflow/dags/dag_etl_camara_diario.py
[2026-07-14T01:48:13.060+0000] {processor.py:830} INFO - Processing file /opt/airflow/dags/dag_etl_camara_diario.py for tasks to queue
[2026-07-14T01:48:13.061+0000] {logging_mixin.py:188} INFO - [2026-07-14T01:48:13.061+0000] {dagbag.py:538} INFO - Filling up the DagBag from /opt/airflow/dags/dag_etl_camara_diario.py
[2026-07-14T01:48:13.071+0000] {processor.py:840} INFO - DAG(s) 'dag_etl_camara_diario' retrieved from /opt/airflow/dags/dag_etl_camara_diario.py
[2026-07-14T01:48:13.092+0000] {logging_mixin.py:188} INFO - [2026-07-14T01:48:13.092+0000] {dag.py:3036} INFO - Sync 1 DAGs
[2026-07-14T01:48:13.115+0000] {logging_mixin.py:188} INFO - [2026-07-14T01:48:13.115+0000] {dag.py:3823} INFO - Setting next_dagrun for dag_etl_camara_diario to 2026-07-12 03:00:00+00:00, run_after=2026-07-13 03:00:00+00:00
[2026-07-14T01:48:13.130+0000] {processor.py:183} INFO - Processing /opt/airflow/dags/dag_etl_camara_diario.py took 0.074 seconds
[2026-07-14T01:48:43.250+0000] {processor.py:161} INFO - Started process (PID=6879) to work on /opt/airflow/dags/dag_etl_camara_diario.py
[2026-07-14T01:48:43.250+0000] {processor.py:830} INFO - Processing file /opt/airflow/dags/dag_etl_camara_diario.py for tasks to queue
[2026-07-14T01:48:43.251+0000] {logging_mixin.py:188} INFO - [2026-07-14T01:48:43.251+0000] {dagbag.py:538} INFO - Filling up the DagBag from /opt/airflow/dags/dag_etl_camara_diario.py
[2026-07-14T01:48:43.259+0000] {processor.py:840} INFO - DAG(s) 'dag_etl_camara_diario' retrieved from /opt/airflow/dags/dag_etl_camara_diario.py
[2026-07-14T01:48:43.279+0000] {logging_mixin.py:188} INFO - [2026-07-14T01:48:43.279+0000] {dag.py:3036} INFO - Sync 1 DAGs
[2026-07-14T01:48:43.299+0000] {logging_mixin.py:188} INFO - [2026-07-14T01:48:43.299+0000] {dag.py:3823} INFO - Setting next_dagrun for dag_etl_camara_diario to 2026-07-12 03:00:00+00:00, run_after=2026-07-13 03:00:00+00:00
[2026-07-14T01:48:43.312+0000] {processor.py:183} INFO - Processing /opt/airflow/dags/dag_etl_camara_diario.py took 0.065 seconds
[2026-07-14T01:49:13.439+0000] {processor.py:161} INFO - Started process (PID=6894) to work on /opt/airflow/dags/dag_etl_camara_diario.py
[2026-07-14T01:49:13.439+0000] {processor.py:830} INFO - Processing file /opt/airflow/dags/dag_etl_camara_diario.py for tasks to queue
[2026-07-14T01:49:13.440+0000] {logging_mixin.py:188} INFO - [2026-07-14T01:49:13.440+0000] {dagbag.py:538} INFO - Filling up the DagBag from /opt/airflow/dags/dag_etl_camara_diario.py
[2026-07-14T01:49:13.448+0000] {processor.py:840} INFO - DAG(s) 'dag_etl_camara_diario' retrieved from /opt/airflow/dags/dag_etl_camara_diario.py
[2026-07-14T01:49:13.469+0000] {logging_mixin.py:188} INFO - [2026-07-14T01:49:13.469+0000] {dag.py:3036} INFO - Sync 1 DAGs
[2026-07-14T01:49:13.489+0000] {logging_mixin.py:188} INFO - [2026-07-14T01:49:13.489+0000] {dag.py:3823} INFO - Setting next_dagrun for dag_etl_camara_diario to 2026-07-12 03:00:00+00:00, run_after=2026-07-13 03:00:00+00:00
[2026-07-14T01:49:13.503+0000] {processor.py:183} INFO - Processing /opt/airflow/dags/dag_etl_camara_diario.py took 0.067 seconds
[2026-07-14T01:49:43.619+0000] {processor.py:161} INFO - Started process (PID=6909) to work on /opt/airflow/dags/dag_etl_camara_diario.py
[2026-07-14T01:49:43.619+0000] {processor.py:830} INFO - Processing file /opt/airflow/dags/dag_etl_camara_diario.py for tasks to queue
[2026-07-14T01:49:43.620+0000] {logging_mixin.py:188} INFO - [2026-07-14T01:49:43.620+0000] {dagbag.py:538} INFO - Filling up the DagBag from /opt/airflow/dags/dag_etl_camara_diario.py
[2026-07-14T01:49:43.629+0000] {processor.py:840} INFO - DAG(s) 'dag_etl_camara_diario' retrieved from /opt/airflow/dags/dag_etl_camara_diario.py
[2026-07-14T01:49:43.650+0000] {logging_mixin.py:188} INFO - [2026-07-14T01:49:43.650+0000] {dag.py:3036} INFO - Sync 1 DAGs
[2026-07-14T01:49:43.671+0000] {logging_mixin.py:188} INFO - [2026-07-14T01:49:43.670+0000] {dag.py:3823} INFO - Setting next_dagrun for dag_etl_camara_diario to 2026-07-12 03:00:00+00:00, run_after=2026-07-13 03:00:00+00:00
[2026-07-14T01:49:43.685+0000] {processor.py:183} INFO - Processing /opt/airflow/dags/dag_etl_camara_diario.py took 0.069 seconds
[2026-07-14T01:50:13.805+0000] {processor.py:161} INFO - Started process (PID=6924) to work on /opt/airflow/dags/dag_etl_camara_diario.py
[2026-07-14T01:50:13.806+0000] {processor.py:830} INFO - Processing file /opt/airflow/dags/dag_etl_camara_diario.py for tasks to queue
[2026-07-14T01:50:13.807+0000] {logging_mixin.py:188} INFO - [2026-07-14T01:50:13.807+0000] {dagbag.py:538} INFO - Filling up the DagBag from /opt/airflow/dags/dag_etl_camara_diario.py
[2026-07-14T01:50:13.815+0000] {processor.py:840} INFO - DAG(s) 'dag_etl_camara_diario' retrieved from /opt/airflow/dags/dag_etl_camara_diario.py
[2026-07-14T01:50:13.835+0000] {logging_mixin.py:188} INFO - [2026-07-14T01:50:13.835+0000] {dag.py:3036} INFO - Sync 1 DAGs
[2026-07-14T01:50:13.855+0000] {logging_mixin.py:188} INFO - [2026-07-14T01:50:13.855+0000] {dag.py:3823} INFO - Setting next_dagrun for dag_etl_camara_diario to 2026-07-12 03:00:00+00:00, run_after=2026-07-13 03:00:00+00:00
[2026-07-14T01:50:13.869+0000] {processor.py:183} INFO - Processing /opt/airflow/dags/dag_etl_camara_diario.py took 0.066 seconds
[2026-07-14T01:50:43.988+0000] {processor.py:161} INFO - Started process (PID=6939) to work on /opt/airflow/dags/dag_etl_camara_diario.py
[2026-07-14T01:50:43.989+0000] {processor.py:830} INFO - Processing file /opt/airflow/dags/dag_etl_camara_diario.py for tasks to queue
[2026-07-14T01:50:43.989+0000] {logging_mixin.py:188} INFO - [2026-07-14T01:50:43.989+0000] {dagbag.py:538} INFO - Filling up the DagBag from /opt/airflow/dags/dag_etl_camara_diario.py
[2026-07-14T01:50:43.998+0000] {processor.py:840} INFO - DAG(s) 'dag_etl_camara_diario' retrieved from /opt/airflow/dags/dag_etl_camara_diario.py
[2026-07-14T01:50:44.017+0000] {logging_mixin.py:188} INFO - [2026-07-14T01:50:44.017+0000] {dag.py:3036} INFO - Sync 1 DAGs
[2026-07-14T01:50:44.037+0000] {logging_mixin.py:188} INFO - [2026-07-14T01:50:44.037+0000] {dag.py:3823} INFO - Setting next_dagrun for dag_etl_camara_diario to 2026-07-12 03:00:00+00:00, run_after=2026-07-13 03:00:00+00:00
[2026-07-14T01:50:44.051+0000] {processor.py:183} INFO - Processing /opt/airflow/dags/dag_etl_camara_diario.py took 0.066 seconds
[2026-07-14T01:51:14.175+0000] {processor.py:161} INFO - Started process (PID=6954) to work on /opt/airflow/dags/dag_etl_camara_diario.py
[2026-07-14T01:51:14.175+0000] {processor.py:830} INFO - Processing file /opt/airflow/dags/dag_etl_camara_diario.py for tasks to queue
[2026-07-14T01:51:14.176+0000] {logging_mixin.py:188} INFO - [2026-07-14T01:51:14.176+0000] {dagbag.py:538} INFO - Filling up the DagBag from /opt/airflow/dags/dag_etl_camara_diario.py
[2026-07-14T01:51:14.184+0000] {processor.py:840} INFO - DAG(s) 'dag_etl_camara_diario' retrieved from /opt/airflow/dags/dag_etl_camara_diario.py
[2026-07-14T01:51:14.204+0000] {logging_mixin.py:188} INFO - [2026-07-14T01:51:14.204+0000] {dag.py:3036} INFO - Sync 1 DAGs
[2026-07-14T01:51:14.224+0000] {logging_mixin.py:188} INFO - [2026-07-14T01:51:14.224+0000] {dag.py:3823} INFO - Setting next_dagrun for dag_etl_camara_diario to 2026-07-12 03:00:00+00:00, run_after=2026-07-13 03:00:00+00:00
[2026-07-14T01:51:14.242+0000] {processor.py:183} INFO - Processing /opt/airflow/dags/dag_etl_camara_diario.py took 0.070 seconds
[2026-07-14T01:51:44.350+0000] {processor.py:161} INFO - Started process (PID=6969) to work on /opt/airflow/dags/dag_etl_camara_diario.py
[2026-07-14T01:51:44.351+0000] {processor.py:830} INFO - Processing file /opt/airflow/dags/dag_etl_camara_diario.py for tasks to queue
[2026-07-14T01:51:44.351+0000] {logging_mixin.py:188} INFO - [2026-07-14T01:51:44.351+0000] {dagbag.py:538} INFO - Filling up the DagBag from /opt/airflow/dags/dag_etl_camara_diario.py
[2026-07-14T01:51:44.360+0000] {processor.py:840} INFO - DAG(s) 'dag_etl_camara_diario' retrieved from /opt/airflow/dags/dag_etl_camara_diario.py
[2026-07-14T01:51:44.380+0000] {logging_mixin.py:188} INFO - [2026-07-14T01:51:44.380+0000] {dag.py:3036} INFO - Sync 1 DAGs
[2026-07-14T01:51:44.400+0000] {logging_mixin.py:188} INFO - [2026-07-14T01:51:44.399+0000] {dag.py:3823} INFO - Setting next_dagrun for dag_etl_camara_diario to 2026-07-12 03:00:00+00:00, run_after=2026-07-13 03:00:00+00:00
[2026-07-14T01:51:44.411+0000] {processor.py:183} INFO - Processing /opt/airflow/dags/dag_etl_camara_diario.py took 0.065 seconds
[2026-07-14T01:52:14.530+0000] {processor.py:161} INFO - Started process (PID=6984) to work on /opt/airflow/dags/dag_etl_camara_diario.py
[2026-07-14T01:52:14.531+0000] {processor.py:830} INFO - Processing file /opt/airflow/dags/dag_etl_camara_diario.py for tasks to queue
[2026-07-14T01:52:14.532+0000] {logging_mixin.py:188} INFO - [2026-07-14T01:52:14.532+0000] {dagbag.py:538} INFO - Filling up the DagBag from /opt/airflow/dags/dag_etl_camara_diario.py
[2026-07-14T01:52:14.541+0000] {processor.py:840} INFO - DAG(s) 'dag_etl_camara_diario' retrieved from /opt/airflow/dags/dag_etl_camara_diario.py
[2026-07-14T01:52:14.564+0000] {logging_mixin.py:188} INFO - [2026-07-14T01:52:14.564+0000] {dag.py:3036} INFO - Sync 1 DAGs
[2026-07-14T01:52:14.585+0000] {logging_mixin.py:188} INFO - [2026-07-14T01:52:14.585+0000] {dag.py:3823} INFO - Setting next_dagrun for dag_etl_camara_diario to 2026-07-12 03:00:00+00:00, run_after=2026-07-13 03:00:00+00:00
[2026-07-14T01:52:14.600+0000] {processor.py:183} INFO - Processing /opt/airflow/dags/dag_etl_camara_diario.py took 0.072 seconds
[2026-07-14T01:52:44.721+0000] {processor.py:161} INFO - Started process (PID=6999) to work on /opt/airflow/dags/dag_etl_camara_diario.py
[2026-07-14T01:52:44.721+0000] {processor.py:830} INFO - Processing file /opt/airflow/dags/dag_etl_camara_diario.py for tasks to queue
[2026-07-14T01:52:44.722+0000] {logging_mixin.py:188} INFO - [2026-07-14T01:52:44.722+0000] {dagbag.py:538} INFO - Filling up the DagBag from /opt/airflow/dags/dag_etl_camara_diario.py
[2026-07-14T01:52:44.731+0000] {processor.py:840} INFO - DAG(s) 'dag_etl_camara_diario' retrieved from /opt/airflow/dags/dag_etl_camara_diario.py
[2026-07-14T01:52:44.753+0000] {logging_mixin.py:188} INFO - [2026-07-14T01:52:44.753+0000] {dag.py:3036} INFO - Sync 1 DAGs
[2026-07-14T01:52:44.775+0000] {logging_mixin.py:188} INFO - [2026-07-14T01:52:44.775+0000] {dag.py:3823} INFO - Setting next_dagrun for dag_etl_camara_diario to 2026-07-12 03:00:00+00:00, run_after=2026-07-13 03:00:00+00:00
[2026-07-14T01:52:44.790+0000] {processor.py:183} INFO - Processing /opt/airflow/dags/dag_etl_camara_diario.py took 0.072 seconds
[2026-07-14T01:53:14.911+0000] {processor.py:161} INFO - Started process (PID=7014) to work on /opt/airflow/dags/dag_etl_camara_diario.py
[2026-07-14T01:53:14.912+0000] {processor.py:830} INFO - Processing file /opt/airflow/dags/dag_etl_camara_diario.py for tasks to queue
[2026-07-14T01:53:14.913+0000] {logging_mixin.py:188} INFO - [2026-07-14T01:53:14.912+0000] {dagbag.py:538} INFO - Filling up the DagBag from /opt/airflow/dags/dag_etl_camara_diario.py
[2026-07-14T01:53:14.922+0000] {processor.py:840} INFO - DAG(s) 'dag_etl_camara_diario' retrieved from /opt/airflow/dags/dag_etl_camara_diario.py
[2026-07-14T01:53:14.942+0000] {logging_mixin.py:188} INFO - [2026-07-14T01:53:14.942+0000] {dag.py:3036} INFO - Sync 1 DAGs
[2026-07-14T01:53:14.964+0000] {logging_mixin.py:188} INFO - [2026-07-14T01:53:14.963+0000] {dag.py:3823} INFO - Setting next_dagrun for dag_etl_camara_diario to 2026-07-12 03:00:00+00:00, run_after=2026-07-13 03:00:00+00:00
[2026-07-14T01:53:14.982+0000] {processor.py:183} INFO - Processing /opt/airflow/dags/dag_etl_camara_diario.py took 0.073 seconds
[2026-07-14T01:53:45.100+0000] {processor.py:161} INFO - Started process (PID=7029) to work on /opt/airflow/dags/dag_etl_camara_diario.py
[2026-07-14T01:53:45.100+0000] {processor.py:830} INFO - Processing file /opt/airflow/dags/dag_etl_camara_diario.py for tasks to queue
[2026-07-14T01:53:45.101+0000] {logging_mixin.py:188} INFO - [2026-07-14T01:53:45.101+0000] {dagbag.py:538} INFO - Filling up the DagBag from /opt/airflow/dags/dag_etl_camara_diario.py
[2026-07-14T01:53:45.113+0000] {processor.py:840} INFO - DAG(s) 'dag_etl_camara_diario' retrieved from /opt/airflow/dags/dag_etl_camara_diario.py
[2026-07-14T01:53:45.135+0000] {logging_mixin.py:188} INFO - [2026-07-14T01:53:45.135+0000] {dag.py:3036} INFO - Sync 1 DAGs
[2026-07-14T01:53:45.158+0000] {logging_mixin.py:188} INFO - [2026-07-14T01:53:45.158+0000] {dag.py:3823} INFO - Setting next_dagrun for dag_etl_camara_diario to 2026-07-12 03:00:00+00:00, run_after=2026-07-13 03:00:00+00:00
[2026-07-14T01:53:45.173+0000] {processor.py:183} INFO - Processing /opt/airflow/dags/dag_etl_camara_diario.py took 0.076 seconds
[2026-07-14T01:54:15.311+0000] {processor.py:161} INFO - Started process (PID=7044) to work on /opt/airflow/dags/dag_etl_camara_diario.py
[2026-07-14T01:54:15.312+0000] {processor.py:830} INFO - Processing file /opt/airflow/dags/dag_etl_camara_diario.py for tasks to queue
[2026-07-14T01:54:15.314+0000] {logging_mixin.py:188} INFO - [2026-07-14T01:54:15.313+0000] {dagbag.py:538} INFO - Filling up the DagBag from /opt/airflow/dags/dag_etl_camara_diario.py
[2026-07-14T01:54:15.323+0000] {processor.py:840} INFO - DAG(s) 'dag_etl_camara_diario' retrieved from /opt/airflow/dags/dag_etl_camara_diario.py
[2026-07-14T01:54:15.344+0000] {logging_mixin.py:188} INFO - [2026-07-14T01:54:15.344+0000] {dag.py:3036} INFO - Sync 1 DAGs
[2026-07-14T01:54:15.367+0000] {logging_mixin.py:188} INFO - [2026-07-14T01:54:15.367+0000] {dag.py:3823} INFO - Setting next_dagrun for dag_etl_camara_diario to 2026-07-12 03:00:00+00:00, run_after=2026-07-13 03:00:00+00:00
[2026-07-14T01:54:15.384+0000] {processor.py:183} INFO - Processing /opt/airflow/dags/dag_etl_camara_diario.py took 0.075 seconds
[2026-07-14T01:54:45.506+0000] {processor.py:161} INFO - Started process (PID=7059) to work on /opt/airflow/dags/dag_etl_camara_diario.py
[2026-07-14T01:54:45.506+0000] {processor.py:830} INFO - Processing file /opt/airflow/dags/dag_etl_camara_diario.py for tasks to queue
[2026-07-14T01:54:45.507+0000] {logging_mixin.py:188} INFO - [2026-07-14T01:54:45.507+0000] {dagbag.py:538} INFO - Filling up the DagBag from /opt/airflow/dags/dag_etl_camara_diario.py
[2026-07-14T01:54:45.516+0000] {processor.py:840} INFO - DAG(s) 'dag_etl_camara_diario' retrieved from /opt/airflow/dags/dag_etl_camara_diario.py
[2026-07-14T01:54:45.538+0000] {logging_mixin.py:188} INFO - [2026-07-14T01:54:45.538+0000] {dag.py:3036} INFO - Sync 1 DAGs
[2026-07-14T01:54:45.559+0000] {logging_mixin.py:188} INFO - [2026-07-14T01:54:45.558+0000] {dag.py:3823} INFO - Setting next_dagrun for dag_etl_camara_diario to 2026-07-12 03:00:00+00:00, run_after=2026-07-13 03:00:00+00:00
[2026-07-14T01:54:45.575+0000] {processor.py:183} INFO - Processing /opt/airflow/dags/dag_etl_camara_diario.py took 0.072 seconds
[2026-07-14T01:55:15.698+0000] {processor.py:161} INFO - Started process (PID=7074) to work on /opt/airflow/dags/dag_etl_camara_diario.py
[2026-07-14T01:55:15.699+0000] {processor.py:830} INFO - Processing file /opt/airflow/dags/dag_etl_camara_diario.py for tasks to queue
[2026-07-14T01:55:15.700+0000] {logging_mixin.py:188} INFO - [2026-07-14T01:55:15.699+0000] {dagbag.py:538} INFO - Filling up the DagBag from /opt/airflow/dags/dag_etl_camara_diario.py
[2026-07-14T01:55:15.710+0000] {processor.py:840} INFO - DAG(s) 'dag_etl_camara_diario' retrieved from /opt/airflow/dags/dag_etl_camara_diario.py
[2026-07-14T01:55:15.732+0000] {logging_mixin.py:188} INFO - [2026-07-14T01:55:15.732+0000] {dag.py:3036} INFO - Sync 1 DAGs
[2026-07-14T01:55:15.754+0000] {logging_mixin.py:188} INFO - [2026-07-14T01:55:15.754+0000] {dag.py:3823} INFO - Setting next_dagrun for dag_etl_camara_diario to 2026-07-12 03:00:00+00:00, run_after=2026-07-13 03:00:00+00:00
[2026-07-14T01:55:15.770+0000] {processor.py:183} INFO - Processing /opt/airflow/dags/dag_etl_camara_diario.py took 0.075 seconds
[2026-07-14T01:55:45.899+0000] {processor.py:161} INFO - Started process (PID=7089) to work on /opt/airflow/dags/dag_etl_camara_diario.py
[2026-07-14T01:55:45.900+0000] {processor.py:830} INFO - Processing file /opt/airflow/dags/dag_etl_camara_diario.py for tasks to queue
[2026-07-14T01:55:45.901+0000] {logging_mixin.py:188} INFO - [2026-07-14T01:55:45.900+0000] {dagbag.py:538} INFO - Filling up the DagBag from /opt/airflow/dags/dag_etl_camara_diario.py
[2026-07-14T01:55:45.910+0000] {processor.py:840} INFO - DAG(s) 'dag_etl_camara_diario' retrieved from /opt/airflow/dags/dag_etl_camara_diario.py
[2026-07-14T01:55:45.932+0000] {logging_mixin.py:188} INFO - [2026-07-14T01:55:45.932+0000] {dag.py:3036} INFO - Sync 1 DAGs
[2026-07-14T01:55:45.958+0000] {logging_mixin.py:188} INFO - [2026-07-14T01:55:45.958+0000] {dag.py:3823} INFO - Setting next_dagrun for dag_etl_camara_diario to 2026-07-12 03:00:00+00:00, run_after=2026-07-13 03:00:00+00:00
[2026-07-14T01:55:45.982+0000] {processor.py:183} INFO - Processing /opt/airflow/dags/dag_etl_camara_diario.py took 0.085 seconds
[2026-07-14T01:56:16.106+0000] {processor.py:161} INFO - Started process (PID=7104) to work on /opt/airflow/dags/dag_etl_camara_diario.py
[2026-07-14T01:56:16.107+0000] {processor.py:830} INFO - Processing file /opt/airflow/dags/dag_etl_camara_diario.py for tasks to queue
[2026-07-14T01:56:16.107+0000] {logging_mixin.py:188} INFO - [2026-07-14T01:56:16.107+0000] {dagbag.py:538} INFO - Filling up the DagBag from /opt/airflow/dags/dag_etl_camara_diario.py
[2026-07-14T01:56:16.116+0000] {processor.py:840} INFO - DAG(s) 'dag_etl_camara_diario' retrieved from /opt/airflow/dags/dag_etl_camara_diario.py
[2026-07-14T01:56:16.138+0000] {logging_mixin.py:188} INFO - [2026-07-14T01:56:16.138+0000] {dag.py:3036} INFO - Sync 1 DAGs
[2026-07-14T01:56:16.160+0000] {logging_mixin.py:188} INFO - [2026-07-14T01:56:16.160+0000] {dag.py:3823} INFO - Setting next_dagrun for dag_etl_camara_diario to 2026-07-12 03:00:00+00:00, run_after=2026-07-13 03:00:00+00:00
[2026-07-14T01:56:16.191+0000] {processor.py:183} INFO - Processing /opt/airflow/dags/dag_etl_camara_diario.py took 0.087 seconds
[2026-07-14T01:56:46.309+0000] {processor.py:161} INFO - Started process (PID=7119) to work on /opt/airflow/dags/dag_etl_camara_diario.py
[2026-07-14T01:56:46.310+0000] {processor.py:830} INFO - Processing file /opt/airflow/dags/dag_etl_camara_diario.py for tasks to queue
[2026-07-14T01:56:46.311+0000] {logging_mixin.py:188} INFO - [2026-07-14T01:56:46.311+0000] {dagbag.py:538} INFO - Filling up the DagBag from /opt/airflow/dags/dag_etl_camara_diario.py
[2026-07-14T01:56:46.320+0000] {processor.py:840} INFO - DAG(s) 'dag_etl_camara_diario' retrieved from /opt/airflow/dags/dag_etl_camara_diario.py
[2026-07-14T01:56:46.341+0000] {logging_mixin.py:188} INFO - [2026-07-14T01:56:46.341+0000] {dag.py:3036} INFO - Sync 1 DAGs
[2026-07-14T01:56:46.363+0000] {logging_mixin.py:188} INFO - [2026-07-14T01:56:46.362+0000] {dag.py:3823} INFO - Setting next_dagrun for dag_etl_camara_diario to 2026-07-12 03:00:00+00:00, run_after=2026-07-13 03:00:00+00:00
[2026-07-14T01:56:46.395+0000] {processor.py:183} INFO - Processing /opt/airflow/dags/dag_etl_camara_diario.py took 0.088 seconds
[2026-07-14T01:57:16.515+0000] {processor.py:161} INFO - Started process (PID=7134) to work on /opt/airflow/dags/dag_etl_camara_diario.py
[2026-07-14T01:57:16.516+0000] {processor.py:830} INFO - Processing file /opt/airflow/dags/dag_etl_camara_diario.py for tasks to queue
[2026-07-14T01:57:16.516+0000] {logging_mixin.py:188} INFO - [2026-07-14T01:57:16.516+0000] {dagbag.py:538} INFO - Filling up the DagBag from /opt/airflow/dags/dag_etl_camara_diario.py
[2026-07-14T01:57:16.526+0000] {processor.py:840} INFO - DAG(s) 'dag_etl_camara_diario' retrieved from /opt/airflow/dags/dag_etl_camara_diario.py
[2026-07-14T01:57:16.548+0000] {logging_mixin.py:188} INFO - [2026-07-14T01:57:16.547+0000] {dag.py:3036} INFO - Sync 1 DAGs
[2026-07-14T01:57:16.571+0000] {logging_mixin.py:188} INFO - [2026-07-14T01:57:16.571+0000] {dag.py:3823} INFO - Setting next_dagrun for dag_etl_camara_diario to 2026-07-12 03:00:00+00:00, run_after=2026-07-13 03:00:00+00:00
[2026-07-14T01:57:16.601+0000] {processor.py:183} INFO - Processing /opt/airflow/dags/dag_etl_camara_diario.py took 0.089 seconds
[2026-07-14T01:57:46.718+0000] {processor.py:161} INFO - Started process (PID=7149) to work on /opt/airflow/dags/dag_etl_camara_diario.py
[2026-07-14T01:57:46.719+0000] {processor.py:830} INFO - Processing file /opt/airflow/dags/dag_etl_camara_diario.py for tasks to queue
[2026-07-14T01:57:46.720+0000] {logging_mixin.py:188} INFO - [2026-07-14T01:57:46.720+0000] {dagbag.py:538} INFO - Filling up the DagBag from /opt/airflow/dags/dag_etl_camara_diario.py
[2026-07-14T01:57:46.729+0000] {processor.py:840} INFO - DAG(s) 'dag_etl_camara_diario' retrieved from /opt/airflow/dags/dag_etl_camara_diario.py
[2026-07-14T01:57:46.751+0000] {logging_mixin.py:188} INFO - [2026-07-14T01:57:46.751+0000] {dag.py:3036} INFO - Sync 1 DAGs
[2026-07-14T01:57:46.773+0000] {logging_mixin.py:188} INFO - [2026-07-14T01:57:46.773+0000] {dag.py:3823} INFO - Setting next_dagrun for dag_etl_camara_diario to 2026-07-12 03:00:00+00:00, run_after=2026-07-13 03:00:00+00:00
[2026-07-14T01:57:46.802+0000] {processor.py:183} INFO - Processing /opt/airflow/dags/dag_etl_camara_diario.py took 0.087 seconds
[2026-07-14T01:58:16.924+0000] {processor.py:161} INFO - Started process (PID=7164) to work on /opt/airflow/dags/dag_etl_camara_diario.py
[2026-07-14T01:58:16.925+0000] {processor.py:830} INFO - Processing file /opt/airflow/dags/dag_etl_camara_diario.py for tasks to queue
[2026-07-14T01:58:16.925+0000] {logging_mixin.py:188} INFO - [2026-07-14T01:58:16.925+0000] {dagbag.py:538} INFO - Filling up the DagBag from /opt/airflow/dags/dag_etl_camara_diario.py
[2026-07-14T01:58:16.936+0000] {processor.py:840} INFO - DAG(s) 'dag_etl_camara_diario' retrieved from /opt/airflow/dags/dag_etl_camara_diario.py
[2026-07-14T01:58:16.958+0000] {logging_mixin.py:188} INFO - [2026-07-14T01:58:16.958+0000] {dag.py:3036} INFO - Sync 1 DAGs
[2026-07-14T01:58:16.982+0000] {logging_mixin.py:188} INFO - [2026-07-14T01:58:16.982+0000] {dag.py:3823} INFO - Setting next_dagrun for dag_etl_camara_diario to 2026-07-12 03:00:00+00:00, run_after=2026-07-13 03:00:00+00:00
[2026-07-14T01:58:17.011+0000] {processor.py:183} INFO - Processing /opt/airflow/dags/dag_etl_camara_diario.py took 0.089 seconds
[2026-07-14T01:58:47.131+0000] {processor.py:161} INFO - Started process (PID=7179) to work on /opt/airflow/dags/dag_etl_camara_diario.py
[2026-07-14T01:58:47.132+0000] {processor.py:830} INFO - Processing file /opt/airflow/dags/dag_etl_camara_diario.py for tasks to queue
[2026-07-14T01:58:47.133+0000] {logging_mixin.py:188} INFO - [2026-07-14T01:58:47.133+0000] {dagbag.py:538} INFO - Filling up the DagBag from /opt/airflow/dags/dag_etl_camara_diario.py
[2026-07-14T01:58:47.142+0000] {processor.py:840} INFO - DAG(s) 'dag_etl_camara_diario' retrieved from /opt/airflow/dags/dag_etl_camara_diario.py
[2026-07-14T01:58:47.163+0000] {logging_mixin.py:188} INFO - [2026-07-14T01:58:47.163+0000] {dag.py:3036} INFO - Sync 1 DAGs
[2026-07-14T01:58:47.187+0000] {logging_mixin.py:188} INFO - [2026-07-14T01:58:47.187+0000] {dag.py:3823} INFO - Setting next_dagrun for dag_etl_camara_diario to 2026-07-12 03:00:00+00:00, run_after=2026-07-13 03:00:00+00:00
[2026-07-14T01:58:47.217+0000] {processor.py:183} INFO - Processing /opt/airflow/dags/dag_etl_camara_diario.py took 0.088 seconds
[2026-07-14T01:59:17.343+0000] {processor.py:161} INFO - Started process (PID=7194) to work on /opt/airflow/dags/dag_etl_camara_diario.py
[2026-07-14T01:59:17.343+0000] {processor.py:830} INFO - Processing file /opt/airflow/dags/dag_etl_camara_diario.py for tasks to queue
[2026-07-14T01:59:17.344+0000] {logging_mixin.py:188} INFO - [2026-07-14T01:59:17.344+0000] {dagbag.py:538} INFO - Filling up the DagBag from /opt/airflow/dags/dag_etl_camara_diario.py
[2026-07-14T01:59:17.355+0000] {processor.py:840} INFO - DAG(s) 'dag_etl_camara_diario' retrieved from /opt/airflow/dags/dag_etl_camara_diario.py
[2026-07-14T01:59:17.379+0000] {logging_mixin.py:188} INFO - [2026-07-14T01:59:17.378+0000] {dag.py:3036} INFO - Sync 1 DAGs
[2026-07-14T01:59:17.405+0000] {logging_mixin.py:188} INFO - [2026-07-14T01:59:17.405+0000] {dag.py:3823} INFO - Setting next_dagrun for dag_etl_camara_diario to 2026-07-12 03:00:00+00:00, run_after=2026-07-13 03:00:00+00:00
[2026-07-14T01:59:17.425+0000] {processor.py:183} INFO - Processing /opt/airflow/dags/dag_etl_camara_diario.py took 0.085 seconds
[2026-07-14T01:59:47.552+0000] {processor.py:161} INFO - Started process (PID=7209) to work on /opt/airflow/dags/dag_etl_camara_diario.py
[2026-07-14T01:59:47.553+0000] {processor.py:830} INFO - Processing file /opt/airflow/dags/dag_etl_camara_diario.py for tasks to queue
[2026-07-14T01:59:47.553+0000] {logging_mixin.py:188} INFO - [2026-07-14T01:59:47.553+0000] {dagbag.py:538} INFO - Filling up the DagBag from /opt/airflow/dags/dag_etl_camara_diario.py
[2026-07-14T01:59:47.563+0000] {processor.py:840} INFO - DAG(s) 'dag_etl_camara_diario' retrieved from /opt/airflow/dags/dag_etl_camara_diario.py
[2026-07-14T01:59:47.585+0000] {logging_mixin.py:188} INFO - [2026-07-14T01:59:47.584+0000] {dag.py:3036} INFO - Sync 1 DAGs
[2026-07-14T01:59:47.606+0000] {logging_mixin.py:188} INFO - [2026-07-14T01:59:47.606+0000] {dag.py:3823} INFO - Setting next_dagrun for dag_etl_camara_diario to 2026-07-12 03:00:00+00:00, run_after=2026-07-13 03:00:00+00:00
[2026-07-14T01:59:47.638+0000] {processor.py:183} INFO - Processing /opt/airflow/dags/dag_etl_camara_diario.py took 0.090 seconds
[2026-07-14T02:00:17.758+0000] {processor.py:161} INFO - Started process (PID=7224) to work on /opt/airflow/dags/dag_etl_camara_diario.py
[2026-07-14T02:00:17.758+0000] {processor.py:830} INFO - Processing file /opt/airflow/dags/dag_etl_camara_diario.py for tasks to queue
[2026-07-14T02:00:17.759+0000] {logging_mixin.py:188} INFO - [2026-07-14T02:00:17.759+0000] {dagbag.py:538} INFO - Filling up the DagBag from /opt/airflow/dags/dag_etl_camara_diario.py
[2026-07-14T02:00:17.769+0000] {processor.py:840} INFO - DAG(s) 'dag_etl_camara_diario' retrieved from /opt/airflow/dags/dag_etl_camara_diario.py
[2026-07-14T02:00:17.790+0000] {logging_mixin.py:188} INFO - [2026-07-14T02:00:17.790+0000] {dag.py:3036} INFO - Sync 1 DAGs
[2026-07-14T02:00:17.813+0000] {logging_mixin.py:188} INFO - [2026-07-14T02:00:17.813+0000] {dag.py:3823} INFO - Setting next_dagrun for dag_etl_camara_diario to 2026-07-12 03:00:00+00:00, run_after=2026-07-13 03:00:00+00:00
[2026-07-14T02:00:17.844+0000] {processor.py:183} INFO - Processing /opt/airflow/dags/dag_etl_camara_diario.py took 0.089 seconds
[2026-07-14T02:00:47.967+0000] {processor.py:161} INFO - Started process (PID=7239) to work on /opt/airflow/dags/dag_etl_camara_diario.py
[2026-07-14T02:00:47.968+0000] {processor.py:830} INFO - Processing file /opt/airflow/dags/dag_etl_camara_diario.py for tasks to queue
[2026-07-14T02:00:47.969+0000] {logging_mixin.py:188} INFO - [2026-07-14T02:00:47.968+0000] {dagbag.py:538} INFO - Filling up the DagBag from /opt/airflow/dags/dag_etl_camara_diario.py
[2026-07-14T02:00:47.978+0000] {processor.py:840} INFO - DAG(s) 'dag_etl_camara_diario' retrieved from /opt/airflow/dags/dag_etl_camara_diario.py
[2026-07-14T02:00:48.001+0000] {logging_mixin.py:188} INFO - [2026-07-14T02:00:48.000+0000] {dag.py:3036} INFO - Sync 1 DAGs
[2026-07-14T02:00:48.025+0000] {logging_mixin.py:188} INFO - [2026-07-14T02:00:48.025+0000] {dag.py:3823} INFO - Setting next_dagrun for dag_etl_camara_diario to 2026-07-12 03:00:00+00:00, run_after=2026-07-13 03:00:00+00:00
[2026-07-14T02:00:48.040+0000] {processor.py:183} INFO - Processing /opt/airflow/dags/dag_etl_camara_diario.py took 0.077 seconds
[2026-07-14T02:01:18.161+0000] {processor.py:161} INFO - Started process (PID=7254) to work on /opt/airflow/dags/dag_etl_camara_diario.py
[2026-07-14T02:01:18.162+0000] {processor.py:830} INFO - Processing file /opt/airflow/dags/dag_etl_camara_diario.py for tasks to queue
[2026-07-14T02:01:18.163+0000] {logging_mixin.py:188} INFO - [2026-07-14T02:01:18.163+0000] {dagbag.py:538} INFO - Filling up the DagBag from /opt/airflow/dags/dag_etl_camara_diario.py
[2026-07-14T02:01:18.172+0000] {processor.py:840} INFO - DAG(s) 'dag_etl_camara_diario' retrieved from /opt/airflow/dags/dag_etl_camara_diario.py
[2026-07-14T02:01:18.196+0000] {logging_mixin.py:188} INFO - [2026-07-14T02:01:18.196+0000] {dag.py:3036} INFO - Sync 1 DAGs
[2026-07-14T02:01:18.220+0000] {logging_mixin.py:188} INFO - [2026-07-14T02:01:18.219+0000] {dag.py:3823} INFO - Setting next_dagrun for dag_etl_camara_diario to 2026-07-12 03:00:00+00:00, run_after=2026-07-13 03:00:00+00:00
[2026-07-14T02:01:18.235+0000] {processor.py:183} INFO - Processing /opt/airflow/dags/dag_etl_camara_diario.py took 0.077 seconds
[2026-07-14T02:01:48.366+0000] {processor.py:161} INFO - Started process (PID=7269) to work on /opt/airflow/dags/dag_etl_camara_diario.py
[2026-07-14T02:01:48.367+0000] {processor.py:830} INFO - Processing file /opt/airflow/dags/dag_etl_camara_diario.py for tasks to queue
[2026-07-14T02:01:48.367+0000] {logging_mixin.py:188} INFO - [2026-07-14T02:01:48.367+0000] {dagbag.py:538} INFO - Filling up the DagBag from /opt/airflow/dags/dag_etl_camara_diario.py
[2026-07-14T02:01:48.377+0000] {processor.py:840} INFO - DAG(s) 'dag_etl_camara_diario' retrieved from /opt/airflow/dags/dag_etl_camara_diario.py
[2026-07-14T02:01:48.400+0000] {logging_mixin.py:188} INFO - [2026-07-14T02:01:48.400+0000] {dag.py:3036} INFO - Sync 1 DAGs
[2026-07-14T02:01:48.424+0000] {logging_mixin.py:188} INFO - [2026-07-14T02:01:48.424+0000] {dag.py:3823} INFO - Setting next_dagrun for dag_etl_camara_diario to 2026-07-12 03:00:00+00:00, run_after=2026-07-13 03:00:00+00:00
[2026-07-14T02:01:48.441+0000] {processor.py:183} INFO - Processing /opt/airflow/dags/dag_etl_camara_diario.py took 0.078 seconds
[2026-07-14T02:02:18.566+0000] {processor.py:161} INFO - Started process (PID=7284) to work on /opt/airflow/dags/dag_etl_camara_diario.py
[2026-07-14T02:02:18.567+0000] {processor.py:830} INFO - Processing file /opt/airflow/dags/dag_etl_camara_diario.py for tasks to queue
[2026-07-14T02:02:18.567+0000] {logging_mixin.py:188} INFO - [2026-07-14T02:02:18.567+0000] {dagbag.py:538} INFO - Filling up the DagBag from /opt/airflow/dags/dag_etl_camara_diario.py
[2026-07-14T02:02:18.576+0000] {processor.py:840} INFO - DAG(s) 'dag_etl_camara_diario' retrieved from /opt/airflow/dags/dag_etl_camara_diario.py
[2026-07-14T02:02:18.598+0000] {logging_mixin.py:188} INFO - [2026-07-14T02:02:18.597+0000] {dag.py:3036} INFO - Sync 1 DAGs
[2026-07-14T02:02:18.619+0000] {logging_mixin.py:188} INFO - [2026-07-14T02:02:18.619+0000] {dag.py:3823} INFO - Setting next_dagrun for dag_etl_camara_diario to 2026-07-12 03:00:00+00:00, run_after=2026-07-13 03:00:00+00:00
[2026-07-14T02:02:18.638+0000] {processor.py:183} INFO - Processing /opt/airflow/dags/dag_etl_camara_diario.py took 0.075 seconds
[2026-07-14T02:02:48.762+0000] {processor.py:161} INFO - Started process (PID=7299) to work on /opt/airflow/dags/dag_etl_camara_diario.py
[2026-07-14T02:02:48.763+0000] {processor.py:830} INFO - Processing file /opt/airflow/dags/dag_etl_camara_diario.py for tasks to queue
[2026-07-14T02:02:48.764+0000] {logging_mixin.py:188} INFO - [2026-07-14T02:02:48.764+0000] {dagbag.py:538} INFO - Filling up the DagBag from /opt/airflow/dags/dag_etl_camara_diario.py
[2026-07-14T02:02:48.774+0000] {processor.py:840} INFO - DAG(s) 'dag_etl_camara_diario' retrieved from /opt/airflow/dags/dag_etl_camara_diario.py
[2026-07-14T02:02:48.796+0000] {logging_mixin.py:188} INFO - [2026-07-14T02:02:48.796+0000] {dag.py:3036} INFO - Sync 1 DAGs
[2026-07-14T02:02:48.817+0000] {logging_mixin.py:188} INFO - [2026-07-14T02:02:48.817+0000] {dag.py:3823} INFO - Setting next_dagrun for dag_etl_camara_diario to 2026-07-12 03:00:00+00:00, run_after=2026-07-13 03:00:00+00:00
[2026-07-14T02:02:48.833+0000] {processor.py:183} INFO - Processing /opt/airflow/dags/dag_etl_camara_diario.py took 0.074 seconds
[2026-07-14T02:03:18.957+0000] {processor.py:161} INFO - Started process (PID=7314) to work on /opt/airflow/dags/dag_etl_camara_diario.py
[2026-07-14T02:03:18.958+0000] {processor.py:830} INFO - Processing file /opt/airflow/dags/dag_etl_camara_diario.py for tasks to queue
[2026-07-14T02:03:18.959+0000] {logging_mixin.py:188} INFO - [2026-07-14T02:03:18.958+0000] {dagbag.py:538} INFO - Filling up the DagBag from /opt/airflow/dags/dag_etl_camara_diario.py
[2026-07-14T02:03:18.968+0000] {processor.py:840} INFO - DAG(s) 'dag_etl_camara_diario' retrieved from /opt/airflow/dags/dag_etl_camara_diario.py
[2026-07-14T02:03:18.989+0000] {logging_mixin.py:188} INFO - [2026-07-14T02:03:18.989+0000] {dag.py:3036} INFO - Sync 1 DAGs
[2026-07-14T02:03:19.013+0000] {logging_mixin.py:188} INFO - [2026-07-14T02:03:19.013+0000] {dag.py:3823} INFO - Setting next_dagrun for dag_etl_camara_diario to 2026-07-12 03:00:00+00:00, run_after=2026-07-13 03:00:00+00:00
[2026-07-14T02:03:19.029+0000] {processor.py:183} INFO - Processing /opt/airflow/dags/dag_etl_camara_diario.py took 0.074 seconds
[2026-07-14T02:03:49.162+0000] {processor.py:161} INFO - Started process (PID=7329) to work on /opt/airflow/dags/dag_etl_camara_diario.py
[2026-07-14T02:03:49.163+0000] {processor.py:830} INFO - Processing file /opt/airflow/dags/dag_etl_camara_diario.py for tasks to queue
[2026-07-14T02:03:49.164+0000] {logging_mixin.py:188} INFO - [2026-07-14T02:03:49.163+0000] {dagbag.py:538} INFO - Filling up the DagBag from /opt/airflow/dags/dag_etl_camara_diario.py
[2026-07-14T02:03:49.173+0000] {processor.py:840} INFO - DAG(s) 'dag_etl_camara_diario' retrieved from /opt/airflow/dags/dag_etl_camara_diario.py
[2026-07-14T02:03:49.194+0000] {logging_mixin.py:188} INFO - [2026-07-14T02:03:49.194+0000] {dag.py:3036} INFO - Sync 1 DAGs
[2026-07-14T02:03:49.216+0000] {logging_mixin.py:188} INFO - [2026-07-14T02:03:49.215+0000] {dag.py:3823} INFO - Setting next_dagrun for dag_etl_camara_diario to 2026-07-12 03:00:00+00:00, run_after=2026-07-13 03:00:00+00:00
[2026-07-14T02:03:49.234+0000] {processor.py:183} INFO - Processing /opt/airflow/dags/dag_etl_camara_diario.py took 0.074 seconds
[2026-07-14T02:04:19.361+0000] {processor.py:161} INFO - Started process (PID=7344) to work on /opt/airflow/dags/dag_etl_camara_diario.py
[2026-07-14T02:04:19.362+0000] {processor.py:830} INFO - Processing file /opt/airflow/dags/dag_etl_camara_diario.py for tasks to queue
[2026-07-14T02:04:19.363+0000] {logging_mixin.py:188} INFO - [2026-07-14T02:04:19.362+0000] {dagbag.py:538} INFO - Filling up the DagBag from /opt/airflow/dags/dag_etl_camara_diario.py
[2026-07-14T02:04:19.372+0000] {processor.py:840} INFO - DAG(s) 'dag_etl_camara_diario' retrieved from /opt/airflow/dags/dag_etl_camara_diario.py
[2026-07-14T02:04:19.394+0000] {logging_mixin.py:188} INFO - [2026-07-14T02:04:19.393+0000] {dag.py:3036} INFO - Sync 1 DAGs
[2026-07-14T02:04:19.418+0000] {logging_mixin.py:188} INFO - [2026-07-14T02:04:19.418+0000] {dag.py:3823} INFO - Setting next_dagrun for dag_etl_camara_diario to 2026-07-12 03:00:00+00:00, run_after=2026-07-13 03:00:00+00:00
[2026-07-14T02:04:19.436+0000] {processor.py:183} INFO - Processing /opt/airflow/dags/dag_etl_camara_diario.py took 0.077 seconds
[2026-07-14T02:04:49.556+0000] {processor.py:161} INFO - Started process (PID=7359) to work on /opt/airflow/dags/dag_etl_camara_diario.py
[2026-07-14T02:04:49.558+0000] {processor.py:830} INFO - Processing file /opt/airflow/dags/dag_etl_camara_diario.py for tasks to queue
[2026-07-14T02:04:49.558+0000] {logging_mixin.py:188} INFO - [2026-07-14T02:04:49.558+0000] {dagbag.py:538} INFO - Filling up the DagBag from /opt/airflow/dags/dag_etl_camara_diario.py
[2026-07-14T02:04:49.568+0000] {processor.py:840} INFO - DAG(s) 'dag_etl_camara_diario' retrieved from /opt/airflow/dags/dag_etl_camara_diario.py
[2026-07-14T02:04:49.590+0000] {logging_mixin.py:188} INFO - [2026-07-14T02:04:49.590+0000] {dag.py:3036} INFO - Sync 1 DAGs
[2026-07-14T02:04:49.612+0000] {logging_mixin.py:188} INFO - [2026-07-14T02:04:49.612+0000] {dag.py:3823} INFO - Setting next_dagrun for dag_etl_camara_diario to 2026-07-12 03:00:00+00:00, run_after=2026-07-13 03:00:00+00:00
[2026-07-14T02:04:49.628+0000] {processor.py:183} INFO - Processing /opt/airflow/dags/dag_etl_camara_diario.py took 0.075 seconds
[2026-07-14T02:05:19.746+0000] {processor.py:161} INFO - Started process (PID=7374) to work on /opt/airflow/dags/dag_etl_camara_diario.py
[2026-07-14T02:05:19.747+0000] {processor.py:830} INFO - Processing file /opt/airflow/dags/dag_etl_camara_diario.py for tasks to queue
[2026-07-14T02:05:19.748+0000] {logging_mixin.py:188} INFO - [2026-07-14T02:05:19.747+0000] {dagbag.py:538} INFO - Filling up the DagBag from /opt/airflow/dags/dag_etl_camara_diario.py
[2026-07-14T02:05:19.758+0000] {processor.py:840} INFO - DAG(s) 'dag_etl_camara_diario' retrieved from /opt/airflow/dags/dag_etl_camara_diario.py
[2026-07-14T02:05:19.781+0000] {logging_mixin.py:188} INFO - [2026-07-14T02:05:19.781+0000] {dag.py:3036} INFO - Sync 1 DAGs
[2026-07-14T02:05:19.804+0000] {logging_mixin.py:188} INFO - [2026-07-14T02:05:19.804+0000] {dag.py:3823} INFO - Setting next_dagrun for dag_etl_camara_diario to 2026-07-12 03:00:00+00:00, run_after=2026-07-13 03:00:00+00:00
[2026-07-14T02:05:19.819+0000] {processor.py:183} INFO - Processing /opt/airflow/dags/dag_etl_camara_diario.py took 0.077 seconds
[2026-07-14T02:05:49.950+0000] {processor.py:161} INFO - Started process (PID=7389) to work on /opt/airflow/dags/dag_etl_camara_diario.py
[2026-07-14T02:05:49.951+0000] {processor.py:830} INFO - Processing file /opt/airflow/dags/dag_etl_camara_diario.py for tasks to queue
[2026-07-14T02:05:49.952+0000] {logging_mixin.py:188} INFO - [2026-07-14T02:05:49.952+0000] {dagbag.py:538} INFO - Filling up the DagBag from /opt/airflow/dags/dag_etl_camara_diario.py
[2026-07-14T02:05:49.961+0000] {processor.py:840} INFO - DAG(s) 'dag_etl_camara_diario' retrieved from /opt/airflow/dags/dag_etl_camara_diario.py
[2026-07-14T02:05:49.983+0000] {logging_mixin.py:188} INFO - [2026-07-14T02:05:49.983+0000] {dag.py:3036} INFO - Sync 1 DAGs
[2026-07-14T02:05:50.007+0000] {logging_mixin.py:188} INFO - [2026-07-14T02:05:50.007+0000] {dag.py:3823} INFO - Setting next_dagrun for dag_etl_camara_diario to 2026-07-12 03:00:00+00:00, run_after=2026-07-13 03:00:00+00:00
[2026-07-14T02:05:50.025+0000] {processor.py:183} INFO - Processing /opt/airflow/dags/dag_etl_camara_diario.py took 0.078 seconds
[2026-07-14T02:06:20.150+0000] {processor.py:161} INFO - Started process (PID=7404) to work on /opt/airflow/dags/dag_etl_camara_diario.py
[2026-07-14T02:06:20.150+0000] {processor.py:830} INFO - Processing file /opt/airflow/dags/dag_etl_camara_diario.py for tasks to queue
[2026-07-14T02:06:20.151+0000] {logging_mixin.py:188} INFO - [2026-07-14T02:06:20.151+0000] {dagbag.py:538} INFO - Filling up the DagBag from /opt/airflow/dags/dag_etl_camara_diario.py
[2026-07-14T02:06:20.160+0000] {processor.py:840} INFO - DAG(s) 'dag_etl_camara_diario' retrieved from /opt/airflow/dags/dag_etl_camara_diario.py
[2026-07-14T02:06:20.182+0000] {logging_mixin.py:188} INFO - [2026-07-14T02:06:20.182+0000] {dag.py:3036} INFO - Sync 1 DAGs
[2026-07-14T02:06:20.205+0000] {logging_mixin.py:188} INFO - [2026-07-14T02:06:20.205+0000] {dag.py:3823} INFO - Setting next_dagrun for dag_etl_camara_diario to 2026-07-12 03:00:00+00:00, run_after=2026-07-13 03:00:00+00:00
[2026-07-14T02:06:20.221+0000] {processor.py:183} INFO - Processing /opt/airflow/dags/dag_etl_camara_diario.py took 0.074 seconds
[2026-07-14T02:06:50.354+0000] {processor.py:161} INFO - Started process (PID=7419) to work on /opt/airflow/dags/dag_etl_camara_diario.py
[2026-07-14T02:06:50.355+0000] {processor.py:830} INFO - Processing file /opt/airflow/dags/dag_etl_camara_diario.py for tasks to queue
[2026-07-14T02:06:50.356+0000] {logging_mixin.py:188} INFO - [2026-07-14T02:06:50.356+0000] {dagbag.py:538} INFO - Filling up the DagBag from /opt/airflow/dags/dag_etl_camara_diario.py
[2026-07-14T02:06:50.365+0000] {processor.py:840} INFO - DAG(s) 'dag_etl_camara_diario' retrieved from /opt/airflow/dags/dag_etl_camara_diario.py
[2026-07-14T02:06:50.387+0000] {logging_mixin.py:188} INFO - [2026-07-14T02:06:50.387+0000] {dag.py:3036} INFO - Sync 1 DAGs
[2026-07-14T02:06:50.412+0000] {logging_mixin.py:188} INFO - [2026-07-14T02:06:50.412+0000] {dag.py:3823} INFO - Setting next_dagrun for dag_etl_camara_diario to 2026-07-12 03:00:00+00:00, run_after=2026-07-13 03:00:00+00:00
[2026-07-14T02:06:50.428+0000] {processor.py:183} INFO - Processing /opt/airflow/dags/dag_etl_camara_diario.py took 0.076 seconds
[2026-07-14T02:07:20.552+0000] {processor.py:161} INFO - Started process (PID=7434) to work on /opt/airflow/dags/dag_etl_camara_diario.py
[2026-07-14T02:07:20.552+0000] {processor.py:830} INFO - Processing file /opt/airflow/dags/dag_etl_camara_diario.py for tasks to queue
[2026-07-14T02:07:20.553+0000] {logging_mixin.py:188} INFO - [2026-07-14T02:07:20.553+0000] {dagbag.py:538} INFO - Filling up the DagBag from /opt/airflow/dags/dag_etl_camara_diario.py
[2026-07-14T02:07:20.562+0000] {processor.py:840} INFO - DAG(s) 'dag_etl_camara_diario' retrieved from /opt/airflow/dags/dag_etl_camara_diario.py
[2026-07-14T02:07:20.583+0000] {logging_mixin.py:188} INFO - [2026-07-14T02:07:20.583+0000] {dag.py:3036} INFO - Sync 1 DAGs
[2026-07-14T02:07:20.607+0000] {logging_mixin.py:188} INFO - [2026-07-14T02:07:20.606+0000] {dag.py:3823} INFO - Setting next_dagrun for dag_etl_camara_diario to 2026-07-12 03:00:00+00:00, run_after=2026-07-13 03:00:00+00:00
[2026-07-14T02:07:20.624+0000] {processor.py:183} INFO - Processing /opt/airflow/dags/dag_etl_camara_diario.py took 0.075 seconds
[2026-07-14T02:07:50.751+0000] {processor.py:161} INFO - Started process (PID=7449) to work on /opt/airflow/dags/dag_etl_camara_diario.py
[2026-07-14T02:07:50.752+0000] {processor.py:830} INFO - Processing file /opt/airflow/dags/dag_etl_camara_diario.py for tasks to queue
[2026-07-14T02:07:50.752+0000] {logging_mixin.py:188} INFO - [2026-07-14T02:07:50.752+0000] {dagbag.py:538} INFO - Filling up the DagBag from /opt/airflow/dags/dag_etl_camara_diario.py
[2026-07-14T02:07:50.761+0000] {processor.py:840} INFO - DAG(s) 'dag_etl_camara_diario' retrieved from /opt/airflow/dags/dag_etl_camara_diario.py
[2026-07-14T02:07:50.783+0000] {logging_mixin.py:188} INFO - [2026-07-14T02:07:50.782+0000] {dag.py:3036} INFO - Sync 1 DAGs
[2026-07-14T02:07:50.803+0000] {logging_mixin.py:188} INFO - [2026-07-14T02:07:50.803+0000] {dag.py:3823} INFO - Setting next_dagrun for dag_etl_camara_diario to 2026-07-12 03:00:00+00:00, run_after=2026-07-13 03:00:00+00:00
[2026-07-14T02:07:50.820+0000] {processor.py:183} INFO - Processing /opt/airflow/dags/dag_etl_camara_diario.py took 0.071 seconds
[2026-07-14T02:08:20.940+0000] {processor.py:161} INFO - Started process (PID=7464) to work on /opt/airflow/dags/dag_etl_camara_diario.py
[2026-07-14T02:08:20.941+0000] {processor.py:830} INFO - Processing file /opt/airflow/dags/dag_etl_camara_diario.py for tasks to queue
[2026-07-14T02:08:20.941+0000] {logging_mixin.py:188} INFO - [2026-07-14T02:08:20.941+0000] {dagbag.py:538} INFO - Filling up the DagBag from /opt/airflow/dags/dag_etl_camara_diario.py
[2026-07-14T02:08:20.951+0000] {processor.py:840} INFO - DAG(s) 'dag_etl_camara_diario' retrieved from /opt/airflow/dags/dag_etl_camara_diario.py
[2026-07-14T02:08:20.974+0000] {logging_mixin.py:188} INFO - [2026-07-14T02:08:20.973+0000] {dag.py:3036} INFO - Sync 1 DAGs
[2026-07-14T02:08:20.995+0000] {logging_mixin.py:188} INFO - [2026-07-14T02:08:20.995+0000] {dag.py:3823} INFO - Setting next_dagrun for dag_etl_camara_diario to 2026-07-12 03:00:00+00:00, run_after=2026-07-13 03:00:00+00:00
[2026-07-14T02:08:21.013+0000] {processor.py:183} INFO - Processing /opt/airflow/dags/dag_etl_camara_diario.py took 0.076 seconds
[2026-07-14T02:08:51.131+0000] {processor.py:161} INFO - Started process (PID=7479) to work on /opt/airflow/dags/dag_etl_camara_diario.py
[2026-07-14T02:08:51.132+0000] {processor.py:830} INFO - Processing file /opt/airflow/dags/dag_etl_camara_diario.py for tasks to queue
[2026-07-14T02:08:51.132+0000] {logging_mixin.py:188} INFO - [2026-07-14T02:08:51.132+0000] {dagbag.py:538} INFO - Filling up the DagBag from /opt/airflow/dags/dag_etl_camara_diario.py
[2026-07-14T02:08:51.142+0000] {processor.py:840} INFO - DAG(s) 'dag_etl_camara_diario' retrieved from /opt/airflow/dags/dag_etl_camara_diario.py
[2026-07-14T02:08:51.165+0000] {logging_mixin.py:188} INFO - [2026-07-14T02:08:51.165+0000] {dag.py:3036} INFO - Sync 1 DAGs
[2026-07-14T02:08:51.188+0000] {logging_mixin.py:188} INFO - [2026-07-14T02:08:51.187+0000] {dag.py:3823} INFO - Setting next_dagrun for dag_etl_camara_diario to 2026-07-12 03:00:00+00:00, run_after=2026-07-13 03:00:00+00:00
[2026-07-14T02:08:51.204+0000] {processor.py:183} INFO - Processing /opt/airflow/dags/dag_etl_camara_diario.py took 0.076 seconds
[2026-07-14T02:09:21.333+0000] {processor.py:161} INFO - Started process (PID=7494) to work on /opt/airflow/dags/dag_etl_camara_diario.py
[2026-07-14T02:09:21.334+0000] {processor.py:830} INFO - Processing file /opt/airflow/dags/dag_etl_camara_diario.py for tasks to queue
[2026-07-14T02:09:21.334+0000] {logging_mixin.py:188} INFO - [2026-07-14T02:09:21.334+0000] {dagbag.py:538} INFO - Filling up the DagBag from /opt/airflow/dags/dag_etl_camara_diario.py
[2026-07-14T02:09:21.344+0000] {processor.py:840} INFO - DAG(s) 'dag_etl_camara_diario' retrieved from /opt/airflow/dags/dag_etl_camara_diario.py
[2026-07-14T02:09:21.366+0000] {logging_mixin.py:188} INFO - [2026-07-14T02:09:21.366+0000] {dag.py:3036} INFO - Sync 1 DAGs
[2026-07-14T02:09:21.389+0000] {logging_mixin.py:188} INFO - [2026-07-14T02:09:21.388+0000] {dag.py:3823} INFO - Setting next_dagrun for dag_etl_camara_diario to 2026-07-12 03:00:00+00:00, run_after=2026-07-13 03:00:00+00:00
[2026-07-14T02:09:21.404+0000] {processor.py:183} INFO - Processing /opt/airflow/dags/dag_etl_camara_diario.py took 0.074 seconds
[2026-07-14T02:09:51.531+0000] {processor.py:161} INFO - Started process (PID=7509) to work on /opt/airflow/dags/dag_etl_camara_diario.py
[2026-07-14T02:09:51.532+0000] {processor.py:830} INFO - Processing file /opt/airflow/dags/dag_etl_camara_diario.py for tasks to queue
[2026-07-14T02:09:51.533+0000] {logging_mixin.py:188} INFO - [2026-07-14T02:09:51.533+0000] {dagbag.py:538} INFO - Filling up the DagBag from /opt/airflow/dags/dag_etl_camara_diario.py
[2026-07-14T02:09:51.541+0000] {processor.py:840} INFO - DAG(s) 'dag_etl_camara_diario' retrieved from /opt/airflow/dags/dag_etl_camara_diario.py
[2026-07-14T02:09:51.563+0000] {logging_mixin.py:188} INFO - [2026-07-14T02:09:51.563+0000] {dag.py:3036} INFO - Sync 1 DAGs
[2026-07-14T02:09:51.587+0000] {logging_mixin.py:188} INFO - [2026-07-14T02:09:51.586+0000] {dag.py:3823} INFO - Setting next_dagrun for dag_etl_camara_diario to 2026-07-12 03:00:00+00:00, run_after=2026-07-13 03:00:00+00:00
[2026-07-14T02:09:51.602+0000] {processor.py:183} INFO - Processing /opt/airflow/dags/dag_etl_camara_diario.py took 0.074 seconds
[2026-07-14T02:10:21.724+0000] {processor.py:161} INFO - Started process (PID=7524) to work on /opt/airflow/dags/dag_etl_camara_diario.py
[2026-07-14T02:10:21.724+0000] {processor.py:830} INFO - Processing file /opt/airflow/dags/dag_etl_camara_diario.py for tasks to queue
[2026-07-14T02:10:21.725+0000] {logging_mixin.py:188} INFO - [2026-07-14T02:10:21.725+0000] {dagbag.py:538} INFO - Filling up the DagBag from /opt/airflow/dags/dag_etl_camara_diario.py
[2026-07-14T02:10:21.735+0000] {processor.py:840} INFO - DAG(s) 'dag_etl_camara_diario' retrieved from /opt/airflow/dags/dag_etl_camara_diario.py
[2026-07-14T02:10:21.758+0000] {logging_mixin.py:188} INFO - [2026-07-14T02:10:21.758+0000] {dag.py:3036} INFO - Sync 1 DAGs
[2026-07-14T02:10:21.780+0000] {logging_mixin.py:188} INFO - [2026-07-14T02:10:21.780+0000] {dag.py:3823} INFO - Setting next_dagrun for dag_etl_camara_diario to 2026-07-12 03:00:00+00:00, run_after=2026-07-13 03:00:00+00:00
[2026-07-14T02:10:21.794+0000] {processor.py:183} INFO - Processing /opt/airflow/dags/dag_etl_camara_diario.py took 0.073 seconds
[2026-07-14T02:10:51.919+0000] {processor.py:161} INFO - Started process (PID=7539) to work on /opt/airflow/dags/dag_etl_camara_diario.py
[2026-07-14T02:10:51.920+0000] {processor.py:830} INFO - Processing file /opt/airflow/dags/dag_etl_camara_diario.py for tasks to queue
[2026-07-14T02:10:51.920+0000] {logging_mixin.py:188} INFO - [2026-07-14T02:10:51.920+0000] {dagbag.py:538} INFO - Filling up the DagBag from /opt/airflow/dags/dag_etl_camara_diario.py
[2026-07-14T02:10:51.930+0000] {processor.py:840} INFO - DAG(s) 'dag_etl_camara_diario' retrieved from /opt/airflow/dags/dag_etl_camara_diario.py
[2026-07-14T02:10:51.951+0000] {logging_mixin.py:188} INFO - [2026-07-14T02:10:51.951+0000] {dag.py:3036} INFO - Sync 1 DAGs
[2026-07-14T02:10:51.974+0000] {logging_mixin.py:188} INFO - [2026-07-14T02:10:51.973+0000] {dag.py:3823} INFO - Setting next_dagrun for dag_etl_camara_diario to 2026-07-12 03:00:00+00:00, run_after=2026-07-13 03:00:00+00:00
[2026-07-14T02:10:51.987+0000] {processor.py:183} INFO - Processing /opt/airflow/dags/dag_etl_camara_diario.py took 0.071 seconds
[2026-07-14T02:11:22.111+0000] {processor.py:161} INFO - Started process (PID=7554) to work on /opt/airflow/dags/dag_etl_camara_diario.py
[2026-07-14T02:11:22.112+0000] {processor.py:830} INFO - Processing file /opt/airflow/dags/dag_etl_camara_diario.py for tasks to queue
[2026-07-14T02:11:22.112+0000] {logging_mixin.py:188} INFO - [2026-07-14T02:11:22.112+0000] {dagbag.py:538} INFO - Filling up the DagBag from /opt/airflow/dags/dag_etl_camara_diario.py
[2026-07-14T02:11:22.123+0000] {processor.py:840} INFO - DAG(s) 'dag_etl_camara_diario' retrieved from /opt/airflow/dags/dag_etl_camara_diario.py
[2026-07-14T02:11:22.145+0000] {logging_mixin.py:188} INFO - [2026-07-14T02:11:22.145+0000] {dag.py:3036} INFO - Sync 1 DAGs
[2026-07-14T02:11:22.169+0000] {logging_mixin.py:188} INFO - [2026-07-14T02:11:22.169+0000] {dag.py:3823} INFO - Setting next_dagrun for dag_etl_camara_diario to 2026-07-12 03:00:00+00:00, run_after=2026-07-13 03:00:00+00:00
[2026-07-14T02:11:22.184+0000] {processor.py:183} INFO - Processing /opt/airflow/dags/dag_etl_camara_diario.py took 0.076 seconds
[2026-07-14T02:11:52.311+0000] {processor.py:161} INFO - Started process (PID=7569) to work on /opt/airflow/dags/dag_etl_camara_diario.py
[2026-07-14T02:11:52.312+0000] {processor.py:830} INFO - Processing file /opt/airflow/dags/dag_etl_camara_diario.py for tasks to queue
[2026-07-14T02:11:52.313+0000] {logging_mixin.py:188} INFO - [2026-07-14T02:11:52.312+0000] {dagbag.py:538} INFO - Filling up the DagBag from /opt/airflow/dags/dag_etl_camara_diario.py
[2026-07-14T02:11:52.322+0000] {processor.py:840} INFO - DAG(s) 'dag_etl_camara_diario' retrieved from /opt/airflow/dags/dag_etl_camara_diario.py
[2026-07-14T02:11:52.345+0000] {logging_mixin.py:188} INFO - [2026-07-14T02:11:52.344+0000] {dag.py:3036} INFO - Sync 1 DAGs
[2026-07-14T02:11:52.369+0000] {logging_mixin.py:188} INFO - [2026-07-14T02:11:52.369+0000] {dag.py:3823} INFO - Setting next_dagrun for dag_etl_camara_diario to 2026-07-12 03:00:00+00:00, run_after=2026-07-13 03:00:00+00:00
[2026-07-14T02:11:52.385+0000] {processor.py:183} INFO - Processing /opt/airflow/dags/dag_etl_camara_diario.py took 0.076 seconds
[2026-07-14T02:12:22.505+0000] {processor.py:161} INFO - Started process (PID=7584) to work on /opt/airflow/dags/dag_etl_camara_diario.py
[2026-07-14T02:12:22.507+0000] {processor.py:830} INFO - Processing file /opt/airflow/dags/dag_etl_camara_diario.py for tasks to queue
[2026-07-14T02:12:22.507+0000] {logging_mixin.py:188} INFO - [2026-07-14T02:12:22.507+0000] {dagbag.py:538} INFO - Filling up the DagBag from /opt/airflow/dags/dag_etl_camara_diario.py
[2026-07-14T02:12:22.517+0000] {processor.py:840} INFO - DAG(s) 'dag_etl_camara_diario' retrieved from /opt/airflow/dags/dag_etl_camara_diario.py
[2026-07-14T02:12:22.539+0000] {logging_mixin.py:188} INFO - [2026-07-14T02:12:22.539+0000] {dag.py:3036} INFO - Sync 1 DAGs
[2026-07-14T02:12:22.561+0000] {logging_mixin.py:188} INFO - [2026-07-14T02:12:22.561+0000] {dag.py:3823} INFO - Setting next_dagrun for dag_etl_camara_diario to 2026-07-12 03:00:00+00:00, run_after=2026-07-13 03:00:00+00:00
[2026-07-14T02:12:22.578+0000] {processor.py:183} INFO - Processing /opt/airflow/dags/dag_etl_camara_diario.py took 0.075 seconds
[2026-07-14T02:12:52.712+0000] {processor.py:161} INFO - Started process (PID=7599) to work on /opt/airflow/dags/dag_etl_camara_diario.py
[2026-07-14T02:12:52.713+0000] {processor.py:830} INFO - Processing file /opt/airflow/dags/dag_etl_camara_diario.py for tasks to queue
[2026-07-14T02:12:52.714+0000] {logging_mixin.py:188} INFO - [2026-07-14T02:12:52.713+0000] {dagbag.py:538} INFO - Filling up the DagBag from /opt/airflow/dags/dag_etl_camara_diario.py
[2026-07-14T02:12:52.723+0000] {processor.py:840} INFO - DAG(s) 'dag_etl_camara_diario' retrieved from /opt/airflow/dags/dag_etl_camara_diario.py
[2026-07-14T02:12:52.745+0000] {logging_mixin.py:188} INFO - [2026-07-14T02:12:52.745+0000] {dag.py:3036} INFO - Sync 1 DAGs
[2026-07-14T02:12:52.768+0000] {logging_mixin.py:188} INFO - [2026-07-14T02:12:52.768+0000] {dag.py:3823} INFO - Setting next_dagrun for dag_etl_camara_diario to 2026-07-12 03:00:00+00:00, run_after=2026-07-13 03:00:00+00:00
[2026-07-14T02:12:52.784+0000] {processor.py:183} INFO - Processing /opt/airflow/dags/dag_etl_camara_diario.py took 0.075 seconds
[2026-07-14T02:13:22.922+0000] {processor.py:161} INFO - Started process (PID=7614) to work on /opt/airflow/dags/dag_etl_camara_diario.py
[2026-07-14T02:13:22.923+0000] {processor.py:830} INFO - Processing file /opt/airflow/dags/dag_etl_camara_diario.py for tasks to queue
[2026-07-14T02:13:22.924+0000] {logging_mixin.py:188} INFO - [2026-07-14T02:13:22.924+0000] {dagbag.py:538} INFO - Filling up the DagBag from /opt/airflow/dags/dag_etl_camara_diario.py
[2026-07-14T02:13:22.934+0000] {processor.py:840} INFO - DAG(s) 'dag_etl_camara_diario' retrieved from /opt/airflow/dags/dag_etl_camara_diario.py
[2026-07-14T02:13:22.956+0000] {logging_mixin.py:188} INFO - [2026-07-14T02:13:22.955+0000] {dag.py:3036} INFO - Sync 1 DAGs
[2026-07-14T02:13:22.977+0000] {logging_mixin.py:188} INFO - [2026-07-14T02:13:22.977+0000] {dag.py:3823} INFO - Setting next_dagrun for dag_etl_camara_diario to 2026-07-12 03:00:00+00:00, run_after=2026-07-13 03:00:00+00:00
[2026-07-14T02:13:22.994+0000] {processor.py:183} INFO - Processing /opt/airflow/dags/dag_etl_camara_diario.py took 0.074 seconds
[2026-07-14T02:13:53.118+0000] {processor.py:161} INFO - Started process (PID=7629) to work on /opt/airflow/dags/dag_etl_camara_diario.py
[2026-07-14T02:13:53.118+0000] {processor.py:830} INFO - Processing file /opt/airflow/dags/dag_etl_camara_diario.py for tasks to queue
[2026-07-14T02:13:53.119+0000] {logging_mixin.py:188} INFO - [2026-07-14T02:13:53.119+0000] {dagbag.py:538} INFO - Filling up the DagBag from /opt/airflow/dags/dag_etl_camara_diario.py
[2026-07-14T02:13:53.128+0000] {processor.py:840} INFO - DAG(s) 'dag_etl_camara_diario' retrieved from /opt/airflow/dags/dag_etl_camara_diario.py
[2026-07-14T02:13:53.151+0000] {logging_mixin.py:188} INFO - [2026-07-14T02:13:53.151+0000] {dag.py:3036} INFO - Sync 1 DAGs
[2026-07-14T02:13:53.174+0000] {logging_mixin.py:188} INFO - [2026-07-14T02:13:53.174+0000] {dag.py:3823} INFO - Setting next_dagrun for dag_etl_camara_diario to 2026-07-12 03:00:00+00:00, run_after=2026-07-13 03:00:00+00:00
[2026-07-14T02:13:53.189+0000] {processor.py:183} INFO - Processing /opt/airflow/dags/dag_etl_camara_diario.py took 0.075 seconds
[2026-07-14T02:14:23.314+0000] {processor.py:161} INFO - Started process (PID=7644) to work on /opt/airflow/dags/dag_etl_camara_diario.py
[2026-07-14T02:14:23.315+0000] {processor.py:830} INFO - Processing file /opt/airflow/dags/dag_etl_camara_diario.py for tasks to queue
[2026-07-14T02:14:23.315+0000] {logging_mixin.py:188} INFO - [2026-07-14T02:14:23.315+0000] {dagbag.py:538} INFO - Filling up the DagBag from /opt/airflow/dags/dag_etl_camara_diario.py
[2026-07-14T02:14:23.325+0000] {processor.py:840} INFO - DAG(s) 'dag_etl_camara_diario' retrieved from /opt/airflow/dags/dag_etl_camara_diario.py
[2026-07-14T02:14:23.345+0000] {logging_mixin.py:188} INFO - [2026-07-14T02:14:23.345+0000] {dag.py:3036} INFO - Sync 1 DAGs
[2026-07-14T02:14:23.367+0000] {logging_mixin.py:188} INFO - [2026-07-14T02:14:23.366+0000] {dag.py:3823} INFO - Setting next_dagrun for dag_etl_camara_diario to 2026-07-12 03:00:00+00:00, run_after=2026-07-13 03:00:00+00:00
[2026-07-14T02:14:23.384+0000] {processor.py:183} INFO - Processing /opt/airflow/dags/dag_etl_camara_diario.py took 0.072 seconds
[2026-07-14T02:14:53.503+0000] {processor.py:161} INFO - Started process (PID=7659) to work on /opt/airflow/dags/dag_etl_camara_diario.py
[2026-07-14T02:14:53.504+0000] {processor.py:830} INFO - Processing file /opt/airflow/dags/dag_etl_camara_diario.py for tasks to queue
[2026-07-14T02:14:53.504+0000] {logging_mixin.py:188} INFO - [2026-07-14T02:14:53.504+0000] {dagbag.py:538} INFO - Filling up the DagBag from /opt/airflow/dags/dag_etl_camara_diario.py
[2026-07-14T02:14:53.514+0000] {processor.py:840} INFO - DAG(s) 'dag_etl_camara_diario' retrieved from /opt/airflow/dags/dag_etl_camara_diario.py
[2026-07-14T02:14:53.535+0000] {logging_mixin.py:188} INFO - [2026-07-14T02:14:53.535+0000] {dag.py:3036} INFO - Sync 1 DAGs
[2026-07-14T02:14:53.557+0000] {logging_mixin.py:188} INFO - [2026-07-14T02:14:53.557+0000] {dag.py:3823} INFO - Setting next_dagrun for dag_etl_camara_diario to 2026-07-12 03:00:00+00:00, run_after=2026-07-13 03:00:00+00:00
[2026-07-14T02:14:53.574+0000] {processor.py:183} INFO - Processing /opt/airflow/dags/dag_etl_camara_diario.py took 0.074 seconds
[2026-07-14T02:15:23.692+0000] {processor.py:161} INFO - Started process (PID=7674) to work on /opt/airflow/dags/dag_etl_camara_diario.py
[2026-07-14T02:15:23.693+0000] {processor.py:830} INFO - Processing file /opt/airflow/dags/dag_etl_camara_diario.py for tasks to queue
[2026-07-14T02:15:23.693+0000] {logging_mixin.py:188} INFO - [2026-07-14T02:15:23.693+0000] {dagbag.py:538} INFO - Filling up the DagBag from /opt/airflow/dags/dag_etl_camara_diario.py
[2026-07-14T02:15:23.703+0000] {processor.py:840} INFO - DAG(s) 'dag_etl_camara_diario' retrieved from /opt/airflow/dags/dag_etl_camara_diario.py
[2026-07-14T02:15:23.726+0000] {logging_mixin.py:188} INFO - [2026-07-14T02:15:23.725+0000] {dag.py:3036} INFO - Sync 1 DAGs
[2026-07-14T02:15:23.750+0000] {logging_mixin.py:188} INFO - [2026-07-14T02:15:23.749+0000] {dag.py:3823} INFO - Setting next_dagrun for dag_etl_camara_diario to 2026-07-12 03:00:00+00:00, run_after=2026-07-13 03:00:00+00:00
[2026-07-14T02:15:23.765+0000] {processor.py:183} INFO - Processing /opt/airflow/dags/dag_etl_camara_diario.py took 0.076 seconds
[2026-07-14T02:15:53.883+0000] {processor.py:161} INFO - Started process (PID=7689) to work on /opt/airflow/dags/dag_etl_camara_diario.py
[2026-07-14T02:15:53.884+0000] {processor.py:830} INFO - Processing file /opt/airflow/dags/dag_etl_camara_diario.py for tasks to queue
[2026-07-14T02:15:53.884+0000] {logging_mixin.py:188} INFO - [2026-07-14T02:15:53.884+0000] {dagbag.py:538} INFO - Filling up the DagBag from /opt/airflow/dags/dag_etl_camara_diario.py
[2026-07-14T02:15:53.893+0000] {processor.py:840} INFO - DAG(s) 'dag_etl_camara_diario' retrieved from /opt/airflow/dags/dag_etl_camara_diario.py
[2026-07-14T02:15:53.915+0000] {logging_mixin.py:188} INFO - [2026-07-14T02:15:53.915+0000] {dag.py:3036} INFO - Sync 1 DAGs
[2026-07-14T02:15:53.938+0000] {logging_mixin.py:188} INFO - [2026-07-14T02:15:53.938+0000] {dag.py:3823} INFO - Setting next_dagrun for dag_etl_camara_diario to 2026-07-12 03:00:00+00:00, run_after=2026-07-13 03:00:00+00:00
[2026-07-14T02:15:53.954+0000] {processor.py:183} INFO - Processing /opt/airflow/dags/dag_etl_camara_diario.py took 0.074 seconds
[2026-07-14T02:16:24.076+0000] {processor.py:161} INFO - Started process (PID=7704) to work on /opt/airflow/dags/dag_etl_camara_diario.py
[2026-07-14T02:16:24.077+0000] {processor.py:830} INFO - Processing file /opt/airflow/dags/dag_etl_camara_diario.py for tasks to queue
[2026-07-14T02:16:24.078+0000] {logging_mixin.py:188} INFO - [2026-07-14T02:16:24.078+0000] {dagbag.py:538} INFO - Filling up the DagBag from /opt/airflow/dags/dag_etl_camara_diario.py
[2026-07-14T02:16:24.088+0000] {processor.py:840} INFO - DAG(s) 'dag_etl_camara_diario' retrieved from /opt/airflow/dags/dag_etl_camara_diario.py
[2026-07-14T02:16:24.111+0000] {logging_mixin.py:188} INFO - [2026-07-14T02:16:24.111+0000] {dag.py:3036} INFO - Sync 1 DAGs
[2026-07-14T02:16:24.132+0000] {logging_mixin.py:188} INFO - [2026-07-14T02:16:24.132+0000] {dag.py:3823} INFO - Setting next_dagrun for dag_etl_camara_diario to 2026-07-12 03:00:00+00:00, run_after=2026-07-13 03:00:00+00:00
[2026-07-14T02:16:24.147+0000] {processor.py:183} INFO - Processing /opt/airflow/dags/dag_etl_camara_diario.py took 0.074 seconds
[2026-07-14T02:16:54.265+0000] {processor.py:161} INFO - Started process (PID=7719) to work on /opt/airflow/dags/dag_etl_camara_diario.py
[2026-07-14T02:16:54.266+0000] {processor.py:830} INFO - Processing file /opt/airflow/dags/dag_etl_camara_diario.py for tasks to queue
[2026-07-14T02:16:54.267+0000] {logging_mixin.py:188} INFO - [2026-07-14T02:16:54.266+0000] {dagbag.py:538} INFO - Filling up the DagBag from /opt/airflow/dags/dag_etl_camara_diario.py
[2026-07-14T02:16:54.277+0000] {processor.py:840} INFO - DAG(s) 'dag_etl_camara_diario' retrieved from /opt/airflow/dags/dag_etl_camara_diario.py
[2026-07-14T02:16:54.299+0000] {logging_mixin.py:188} INFO - [2026-07-14T02:16:54.299+0000] {dag.py:3036} INFO - Sync 1 DAGs
[2026-07-14T02:16:54.322+0000] {logging_mixin.py:188} INFO - [2026-07-14T02:16:54.322+0000] {dag.py:3823} INFO - Setting next_dagrun for dag_etl_camara_diario to 2026-07-12 03:00:00+00:00, run_after=2026-07-13 03:00:00+00:00
[2026-07-14T02:16:54.336+0000] {processor.py:183} INFO - Processing /opt/airflow/dags/dag_etl_camara_diario.py took 0.073 seconds
[2026-07-14T02:17:24.459+0000] {processor.py:161} INFO - Started process (PID=7734) to work on /opt/airflow/dags/dag_etl_camara_diario.py
[2026-07-14T02:17:24.460+0000] {processor.py:830} INFO - Processing file /opt/airflow/dags/dag_etl_camara_diario.py for tasks to queue
[2026-07-14T02:17:24.461+0000] {logging_mixin.py:188} INFO - [2026-07-14T02:17:24.460+0000] {dagbag.py:538} INFO - Filling up the DagBag from /opt/airflow/dags/dag_etl_camara_diario.py
[2026-07-14T02:17:24.471+0000] {processor.py:840} INFO - DAG(s) 'dag_etl_camara_diario' retrieved from /opt/airflow/dags/dag_etl_camara_diario.py
[2026-07-14T02:17:24.492+0000] {logging_mixin.py:188} INFO - [2026-07-14T02:17:24.492+0000] {dag.py:3036} INFO - Sync 1 DAGs
[2026-07-14T02:17:24.516+0000] {logging_mixin.py:188} INFO - [2026-07-14T02:17:24.516+0000] {dag.py:3823} INFO - Setting next_dagrun for dag_etl_camara_diario to 2026-07-12 03:00:00+00:00, run_after=2026-07-13 03:00:00+00:00
[2026-07-14T02:17:24.532+0000] {processor.py:183} INFO - Processing /opt/airflow/dags/dag_etl_camara_diario.py took 0.076 seconds
[2026-07-14T02:17:54.665+0000] {processor.py:161} INFO - Started process (PID=7749) to work on /opt/airflow/dags/dag_etl_camara_diario.py
[2026-07-14T02:17:54.665+0000] {processor.py:830} INFO - Processing file /opt/airflow/dags/dag_etl_camara_diario.py for tasks to queue
[2026-07-14T02:17:54.666+0000] {logging_mixin.py:188} INFO - [2026-07-14T02:17:54.666+0000] {dagbag.py:538} INFO - Filling up the DagBag from /opt/airflow/dags/dag_etl_camara_diario.py
[2026-07-14T02:17:54.675+0000] {processor.py:840} INFO - DAG(s) 'dag_etl_camara_diario' retrieved from /opt/airflow/dags/dag_etl_camara_diario.py
[2026-07-14T02:17:54.699+0000] {logging_mixin.py:188} INFO - [2026-07-14T02:17:54.698+0000] {dag.py:3036} INFO - Sync 1 DAGs
[2026-07-14T02:17:54.723+0000] {logging_mixin.py:188} INFO - [2026-07-14T02:17:54.723+0000] {dag.py:3823} INFO - Setting next_dagrun for dag_etl_camara_diario to 2026-07-12 03:00:00+00:00, run_after=2026-07-13 03:00:00+00:00
[2026-07-14T02:17:54.740+0000] {processor.py:183} INFO - Processing /opt/airflow/dags/dag_etl_camara_diario.py took 0.079 seconds
[2026-07-14T02:18:24.868+0000] {processor.py:161} INFO - Started process (PID=7764) to work on /opt/airflow/dags/dag_etl_camara_diario.py
[2026-07-14T02:18:24.869+0000] {processor.py:830} INFO - Processing file /opt/airflow/dags/dag_etl_camara_diario.py for tasks to queue
[2026-07-14T02:18:24.869+0000] {logging_mixin.py:188} INFO - [2026-07-14T02:18:24.869+0000] {dagbag.py:538} INFO - Filling up the DagBag from /opt/airflow/dags/dag_etl_camara_diario.py
[2026-07-14T02:18:24.880+0000] {processor.py:840} INFO - DAG(s) 'dag_etl_camara_diario' retrieved from /opt/airflow/dags/dag_etl_camara_diario.py
[2026-07-14T02:18:24.904+0000] {logging_mixin.py:188} INFO - [2026-07-14T02:18:24.903+0000] {dag.py:3036} INFO - Sync 1 DAGs
[2026-07-14T02:18:24.927+0000] {logging_mixin.py:188} INFO - [2026-07-14T02:18:24.927+0000] {dag.py:3823} INFO - Setting next_dagrun for dag_etl_camara_diario to 2026-07-12 03:00:00+00:00, run_after=2026-07-13 03:00:00+00:00
[2026-07-14T02:18:24.942+0000] {processor.py:183} INFO - Processing /opt/airflow/dags/dag_etl_camara_diario.py took 0.077 seconds
[2026-07-14T02:18:55.069+0000] {processor.py:161} INFO - Started process (PID=7779) to work on /opt/airflow/dags/dag_etl_camara_diario.py
[2026-07-14T02:18:55.070+0000] {processor.py:830} INFO - Processing file /opt/airflow/dags/dag_etl_camara_diario.py for tasks to queue
[2026-07-14T02:18:55.070+0000] {logging_mixin.py:188} INFO - [2026-07-14T02:18:55.070+0000] {dagbag.py:538} INFO - Filling up the DagBag from /opt/airflow/dags/dag_etl_camara_diario.py
[2026-07-14T02:18:55.080+0000] {processor.py:840} INFO - DAG(s) 'dag_etl_camara_diario' retrieved from /opt/airflow/dags/dag_etl_camara_diario.py
[2026-07-14T02:18:55.103+0000] {logging_mixin.py:188} INFO - [2026-07-14T02:18:55.102+0000] {dag.py:3036} INFO - Sync 1 DAGs
[2026-07-14T02:18:55.125+0000] {logging_mixin.py:188} INFO - [2026-07-14T02:18:55.125+0000] {dag.py:3823} INFO - Setting next_dagrun for dag_etl_camara_diario to 2026-07-12 03:00:00+00:00, run_after=2026-07-13 03:00:00+00:00
[2026-07-14T02:18:55.141+0000] {processor.py:183} INFO - Processing /opt/airflow/dags/dag_etl_camara_diario.py took 0.075 seconds
[2026-07-14T02:19:25.272+0000] {processor.py:161} INFO - Started process (PID=7794) to work on /opt/airflow/dags/dag_etl_camara_diario.py
[2026-07-14T02:19:25.273+0000] {processor.py:830} INFO - Processing file /opt/airflow/dags/dag_etl_camara_diario.py for tasks to queue
[2026-07-14T02:19:25.273+0000] {logging_mixin.py:188} INFO - [2026-07-14T02:19:25.273+0000] {dagbag.py:538} INFO - Filling up the DagBag from /opt/airflow/dags/dag_etl_camara_diario.py
[2026-07-14T02:19:25.285+0000] {processor.py:840} INFO - DAG(s) 'dag_etl_camara_diario' retrieved from /opt/airflow/dags/dag_etl_camara_diario.py
[2026-07-14T02:19:25.307+0000] {logging_mixin.py:188} INFO - [2026-07-14T02:19:25.307+0000] {dag.py:3036} INFO - Sync 1 DAGs
[2026-07-14T02:19:25.330+0000] {logging_mixin.py:188} INFO - [2026-07-14T02:19:25.329+0000] {dag.py:3823} INFO - Setting next_dagrun for dag_etl_camara_diario to 2026-07-12 03:00:00+00:00, run_after=2026-07-13 03:00:00+00:00
[2026-07-14T02:19:25.344+0000] {processor.py:183} INFO - Processing /opt/airflow/dags/dag_etl_camara_diario.py took 0.075 seconds
[2026-07-14T02:19:55.477+0000] {processor.py:161} INFO - Started process (PID=7809) to work on /opt/airflow/dags/dag_etl_camara_diario.py
[2026-07-14T02:19:55.477+0000] {processor.py:830} INFO - Processing file /opt/airflow/dags/dag_etl_camara_diario.py for tasks to queue
[2026-07-14T02:19:55.478+0000] {logging_mixin.py:188} INFO - [2026-07-14T02:19:55.478+0000] {dagbag.py:538} INFO - Filling up the DagBag from /opt/airflow/dags/dag_etl_camara_diario.py
[2026-07-14T02:19:55.487+0000] {processor.py:840} INFO - DAG(s) 'dag_etl_camara_diario' retrieved from /opt/airflow/dags/dag_etl_camara_diario.py
[2026-07-14T02:19:55.508+0000] {logging_mixin.py:188} INFO - [2026-07-14T02:19:55.507+0000] {dag.py:3036} INFO - Sync 1 DAGs
[2026-07-14T02:19:55.530+0000] {logging_mixin.py:188} INFO - [2026-07-14T02:19:55.530+0000] {dag.py:3823} INFO - Setting next_dagrun for dag_etl_camara_diario to 2026-07-12 03:00:00+00:00, run_after=2026-07-13 03:00:00+00:00
[2026-07-14T02:19:55.549+0000] {processor.py:183} INFO - Processing /opt/airflow/dags/dag_etl_camara_diario.py took 0.075 seconds
[2026-07-14T02:20:25.676+0000] {processor.py:161} INFO - Started process (PID=7824) to work on /opt/airflow/dags/dag_etl_camara_diario.py
[2026-07-14T02:20:25.676+0000] {processor.py:830} INFO - Processing file /opt/airflow/dags/dag_etl_camara_diario.py for tasks to queue
[2026-07-14T02:20:25.677+0000] {logging_mixin.py:188} INFO - [2026-07-14T02:20:25.677+0000] {dagbag.py:538} INFO - Filling up the DagBag from /opt/airflow/dags/dag_etl_camara_diario.py
[2026-07-14T02:20:25.686+0000] {processor.py:840} INFO - DAG(s) 'dag_etl_camara_diario' retrieved from /opt/airflow/dags/dag_etl_camara_diario.py
[2026-07-14T02:20:25.707+0000] {logging_mixin.py:188} INFO - [2026-07-14T02:20:25.707+0000] {dag.py:3036} INFO - Sync 1 DAGs
[2026-07-14T02:20:25.733+0000] {logging_mixin.py:188} INFO - [2026-07-14T02:20:25.733+0000] {dag.py:3823} INFO - Setting next_dagrun for dag_etl_camara_diario to 2026-07-12 03:00:00+00:00, run_after=2026-07-13 03:00:00+00:00
[2026-07-14T02:20:25.750+0000] {processor.py:183} INFO - Processing /opt/airflow/dags/dag_etl_camara_diario.py took 0.078 seconds
[2026-07-14T02:20:55.866+0000] {processor.py:161} INFO - Started process (PID=7839) to work on /opt/airflow/dags/dag_etl_camara_diario.py
[2026-07-14T02:20:55.867+0000] {processor.py:830} INFO - Processing file /opt/airflow/dags/dag_etl_camara_diario.py for tasks to queue
[2026-07-14T02:20:55.867+0000] {logging_mixin.py:188} INFO - [2026-07-14T02:20:55.867+0000] {dagbag.py:538} INFO - Filling up the DagBag from /opt/airflow/dags/dag_etl_camara_diario.py
[2026-07-14T02:20:55.877+0000] {processor.py:840} INFO - DAG(s) 'dag_etl_camara_diario' retrieved from /opt/airflow/dags/dag_etl_camara_diario.py
[2026-07-14T02:20:55.900+0000] {logging_mixin.py:188} INFO - [2026-07-14T02:20:55.900+0000] {dag.py:3036} INFO - Sync 1 DAGs
[2026-07-14T02:20:55.923+0000] {logging_mixin.py:188} INFO - [2026-07-14T02:20:55.923+0000] {dag.py:3823} INFO - Setting next_dagrun for dag_etl_camara_diario to 2026-07-12 03:00:00+00:00, run_after=2026-07-13 03:00:00+00:00
[2026-07-14T02:20:55.939+0000] {processor.py:183} INFO - Processing /opt/airflow/dags/dag_etl_camara_diario.py took 0.076 seconds
[2026-07-14T02:21:26.070+0000] {processor.py:161} INFO - Started process (PID=7854) to work on /opt/airflow/dags/dag_etl_camara_diario.py
[2026-07-14T02:21:26.071+0000] {processor.py:830} INFO - Processing file /opt/airflow/dags/dag_etl_camara_diario.py for tasks to queue
[2026-07-14T02:21:26.072+0000] {logging_mixin.py:188} INFO - [2026-07-14T02:21:26.071+0000] {dagbag.py:538} INFO - Filling up the DagBag from /opt/airflow/dags/dag_etl_camara_diario.py
[2026-07-14T02:21:26.081+0000] {processor.py:840} INFO - DAG(s) 'dag_etl_camara_diario' retrieved from /opt/airflow/dags/dag_etl_camara_diario.py
[2026-07-14T02:21:26.102+0000] {logging_mixin.py:188} INFO - [2026-07-14T02:21:26.102+0000] {dag.py:3036} INFO - Sync 1 DAGs
[2026-07-14T02:21:26.126+0000] {logging_mixin.py:188} INFO - [2026-07-14T02:21:26.125+0000] {dag.py:3823} INFO - Setting next_dagrun for dag_etl_camara_diario to 2026-07-12 03:00:00+00:00, run_after=2026-07-13 03:00:00+00:00
[2026-07-14T02:21:26.141+0000] {processor.py:183} INFO - Processing /opt/airflow/dags/dag_etl_camara_diario.py took 0.074 seconds
[2026-07-14T02:21:56.262+0000] {processor.py:161} INFO - Started process (PID=7869) to work on /opt/airflow/dags/dag_etl_camara_diario.py
[2026-07-14T02:21:56.263+0000] {processor.py:830} INFO - Processing file /opt/airflow/dags/dag_etl_camara_diario.py for tasks to queue
[2026-07-14T02:21:56.264+0000] {logging_mixin.py:188} INFO - [2026-07-14T02:21:56.263+0000] {dagbag.py:538} INFO - Filling up the DagBag from /opt/airflow/dags/dag_etl_camara_diario.py
[2026-07-14T02:21:56.274+0000] {processor.py:840} INFO - DAG(s) 'dag_etl_camara_diario' retrieved from /opt/airflow/dags/dag_etl_camara_diario.py
[2026-07-14T02:21:56.300+0000] {logging_mixin.py:188} INFO - [2026-07-14T02:21:56.300+0000] {dag.py:3036} INFO - Sync 1 DAGs
[2026-07-14T02:21:56.324+0000] {logging_mixin.py:188} INFO - [2026-07-14T02:21:56.323+0000] {dag.py:3823} INFO - Setting next_dagrun for dag_etl_camara_diario to 2026-07-12 03:00:00+00:00, run_after=2026-07-13 03:00:00+00:00
[2026-07-14T02:21:56.338+0000] {processor.py:183} INFO - Processing /opt/airflow/dags/dag_etl_camara_diario.py took 0.079 seconds
[2026-07-14T02:22:26.469+0000] {processor.py:161} INFO - Started process (PID=7884) to work on /opt/airflow/dags/dag_etl_camara_diario.py
[2026-07-14T02:22:26.470+0000] {processor.py:830} INFO - Processing file /opt/airflow/dags/dag_etl_camara_diario.py for tasks to queue
[2026-07-14T02:22:26.470+0000] {logging_mixin.py:188} INFO - [2026-07-14T02:22:26.470+0000] {dagbag.py:538} INFO - Filling up the DagBag from /opt/airflow/dags/dag_etl_camara_diario.py
[2026-07-14T02:22:26.480+0000] {processor.py:840} INFO - DAG(s) 'dag_etl_camara_diario' retrieved from /opt/airflow/dags/dag_etl_camara_diario.py
[2026-07-14T02:22:26.501+0000] {logging_mixin.py:188} INFO - [2026-07-14T02:22:26.501+0000] {dag.py:3036} INFO - Sync 1 DAGs
[2026-07-14T02:22:26.525+0000] {logging_mixin.py:188} INFO - [2026-07-14T02:22:26.525+0000] {dag.py:3823} INFO - Setting next_dagrun for dag_etl_camara_diario to 2026-07-12 03:00:00+00:00, run_after=2026-07-13 03:00:00+00:00
[2026-07-14T02:22:26.542+0000] {processor.py:183} INFO - Processing /opt/airflow/dags/dag_etl_camara_diario.py took 0.076 seconds
[2026-07-14T02:22:56.673+0000] {processor.py:161} INFO - Started process (PID=7899) to work on /opt/airflow/dags/dag_etl_camara_diario.py
[2026-07-14T02:22:56.674+0000] {processor.py:830} INFO - Processing file /opt/airflow/dags/dag_etl_camara_diario.py for tasks to queue
[2026-07-14T02:22:56.674+0000] {logging_mixin.py:188} INFO - [2026-07-14T02:22:56.674+0000] {dagbag.py:538} INFO - Filling up the DagBag from /opt/airflow/dags/dag_etl_camara_diario.py
[2026-07-14T02:22:56.684+0000] {processor.py:840} INFO - DAG(s) 'dag_etl_camara_diario' retrieved from /opt/airflow/dags/dag_etl_camara_diario.py
[2026-07-14T02:22:56.705+0000] {logging_mixin.py:188} INFO - [2026-07-14T02:22:56.705+0000] {dag.py:3036} INFO - Sync 1 DAGs
[2026-07-14T02:22:56.728+0000] {logging_mixin.py:188} INFO - [2026-07-14T02:22:56.728+0000] {dag.py:3823} INFO - Setting next_dagrun for dag_etl_camara_diario to 2026-07-12 03:00:00+00:00, run_after=2026-07-13 03:00:00+00:00
[2026-07-14T02:22:56.748+0000] {processor.py:183} INFO - Processing /opt/airflow/dags/dag_etl_camara_diario.py took 0.078 seconds
[2026-07-14T02:23:26.874+0000] {processor.py:161} INFO - Started process (PID=7914) to work on /opt/airflow/dags/dag_etl_camara_diario.py
[2026-07-14T02:23:26.875+0000] {processor.py:830} INFO - Processing file /opt/airflow/dags/dag_etl_camara_diario.py for tasks to queue
[2026-07-14T02:23:26.876+0000] {logging_mixin.py:188} INFO - [2026-07-14T02:23:26.876+0000] {dagbag.py:538} INFO - Filling up the DagBag from /opt/airflow/dags/dag_etl_camara_diario.py
[2026-07-14T02:23:26.885+0000] {processor.py:840} INFO - DAG(s) 'dag_etl_camara_diario' retrieved from /opt/airflow/dags/dag_etl_camara_diario.py
[2026-07-14T02:23:26.908+0000] {logging_mixin.py:188} INFO - [2026-07-14T02:23:26.908+0000] {dag.py:3036} INFO - Sync 1 DAGs
[2026-07-14T02:23:26.931+0000] {logging_mixin.py:188} INFO - [2026-07-14T02:23:26.931+0000] {dag.py:3823} INFO - Setting next_dagrun for dag_etl_camara_diario to 2026-07-12 03:00:00+00:00, run_after=2026-07-13 03:00:00+00:00
[2026-07-14T02:23:26.949+0000] {processor.py:183} INFO - Processing /opt/airflow/dags/dag_etl_camara_diario.py took 0.078 seconds
[2026-07-14T02:23:57.083+0000] {processor.py:161} INFO - Started process (PID=7929) to work on /opt/airflow/dags/dag_etl_camara_diario.py
[2026-07-14T02:23:57.084+0000] {processor.py:830} INFO - Processing file /opt/airflow/dags/dag_etl_camara_diario.py for tasks to queue
[2026-07-14T02:23:57.084+0000] {logging_mixin.py:188} INFO - [2026-07-14T02:23:57.084+0000] {dagbag.py:538} INFO - Filling up the DagBag from /opt/airflow/dags/dag_etl_camara_diario.py
[2026-07-14T02:23:57.094+0000] {processor.py:840} INFO - DAG(s) 'dag_etl_camara_diario' retrieved from /opt/airflow/dags/dag_etl_camara_diario.py
[2026-07-14T02:23:57.117+0000] {logging_mixin.py:188} INFO - [2026-07-14T02:23:57.117+0000] {dag.py:3036} INFO - Sync 1 DAGs
[2026-07-14T02:23:57.141+0000] {logging_mixin.py:188} INFO - [2026-07-14T02:23:57.141+0000] {dag.py:3823} INFO - Setting next_dagrun for dag_etl_camara_diario to 2026-07-12 03:00:00+00:00, run_after=2026-07-13 03:00:00+00:00
[2026-07-14T02:23:57.157+0000] {processor.py:183} INFO - Processing /opt/airflow/dags/dag_etl_camara_diario.py took 0.077 seconds
[2026-07-14T02:24:27.281+0000] {processor.py:161} INFO - Started process (PID=7944) to work on /opt/airflow/dags/dag_etl_camara_diario.py
[2026-07-14T02:24:27.282+0000] {processor.py:830} INFO - Processing file /opt/airflow/dags/dag_etl_camara_diario.py for tasks to queue
[2026-07-14T02:24:27.283+0000] {logging_mixin.py:188} INFO - [2026-07-14T02:24:27.282+0000] {dagbag.py:538} INFO - Filling up the DagBag from /opt/airflow/dags/dag_etl_camara_diario.py
[2026-07-14T02:24:27.291+0000] {processor.py:840} INFO - DAG(s) 'dag_etl_camara_diario' retrieved from /opt/airflow/dags/dag_etl_camara_diario.py
[2026-07-14T02:24:27.313+0000] {logging_mixin.py:188} INFO - [2026-07-14T02:24:27.313+0000] {dag.py:3036} INFO - Sync 1 DAGs
[2026-07-14T02:24:27.335+0000] {logging_mixin.py:188} INFO - [2026-07-14T02:24:27.335+0000] {dag.py:3823} INFO - Setting next_dagrun for dag_etl_camara_diario to 2026-07-12 03:00:00+00:00, run_after=2026-07-13 03:00:00+00:00
[2026-07-14T02:24:27.366+0000] {processor.py:183} INFO - Processing /opt/airflow/dags/dag_etl_camara_diario.py took 0.088 seconds
[2026-07-14T02:24:57.485+0000] {processor.py:161} INFO - Started process (PID=7959) to work on /opt/airflow/dags/dag_etl_camara_diario.py
[2026-07-14T02:24:57.485+0000] {processor.py:830} INFO - Processing file /opt/airflow/dags/dag_etl_camara_diario.py for tasks to queue
[2026-07-14T02:24:57.486+0000] {logging_mixin.py:188} INFO - [2026-07-14T02:24:57.486+0000] {dagbag.py:538} INFO - Filling up the DagBag from /opt/airflow/dags/dag_etl_camara_diario.py
[2026-07-14T02:24:57.496+0000] {processor.py:840} INFO - DAG(s) 'dag_etl_camara_diario' retrieved from /opt/airflow/dags/dag_etl_camara_diario.py
[2026-07-14T02:24:57.519+0000] {logging_mixin.py:188} INFO - [2026-07-14T02:24:57.519+0000] {dag.py:3036} INFO - Sync 1 DAGs
[2026-07-14T02:24:57.545+0000] {logging_mixin.py:188} INFO - [2026-07-14T02:24:57.545+0000] {dag.py:3823} INFO - Setting next_dagrun for dag_etl_camara_diario to 2026-07-12 03:00:00+00:00, run_after=2026-07-13 03:00:00+00:00
[2026-07-14T02:24:57.575+0000] {processor.py:183} INFO - Processing /opt/airflow/dags/dag_etl_camara_diario.py took 0.092 seconds
[2026-07-14T02:25:27.688+0000] {processor.py:161} INFO - Started process (PID=7974) to work on /opt/airflow/dags/dag_etl_camara_diario.py
[2026-07-14T02:25:27.689+0000] {processor.py:830} INFO - Processing file /opt/airflow/dags/dag_etl_camara_diario.py for tasks to queue
[2026-07-14T02:25:27.690+0000] {logging_mixin.py:188} INFO - [2026-07-14T02:25:27.690+0000] {dagbag.py:538} INFO - Filling up the DagBag from /opt/airflow/dags/dag_etl_camara_diario.py
[2026-07-14T02:25:27.700+0000] {processor.py:840} INFO - DAG(s) 'dag_etl_camara_diario' retrieved from /opt/airflow/dags/dag_etl_camara_diario.py
[2026-07-14T02:25:27.722+0000] {logging_mixin.py:188} INFO - [2026-07-14T02:25:27.722+0000] {dag.py:3036} INFO - Sync 1 DAGs
[2026-07-14T02:25:27.744+0000] {logging_mixin.py:188} INFO - [2026-07-14T02:25:27.744+0000] {dag.py:3823} INFO - Setting next_dagrun for dag_etl_camara_diario to 2026-07-12 03:00:00+00:00, run_after=2026-07-13 03:00:00+00:00
[2026-07-14T02:25:27.774+0000] {processor.py:183} INFO - Processing /opt/airflow/dags/dag_etl_camara_diario.py took 0.088 seconds
[2026-07-14T02:25:57.895+0000] {processor.py:161} INFO - Started process (PID=7989) to work on /opt/airflow/dags/dag_etl_camara_diario.py
[2026-07-14T02:25:57.895+0000] {processor.py:830} INFO - Processing file /opt/airflow/dags/dag_etl_camara_diario.py for tasks to queue
[2026-07-14T02:25:57.896+0000] {logging_mixin.py:188} INFO - [2026-07-14T02:25:57.896+0000] {dagbag.py:538} INFO - Filling up the DagBag from /opt/airflow/dags/dag_etl_camara_diario.py
[2026-07-14T02:25:57.907+0000] {processor.py:840} INFO - DAG(s) 'dag_etl_camara_diario' retrieved from /opt/airflow/dags/dag_etl_camara_diario.py
[2026-07-14T02:25:57.929+0000] {logging_mixin.py:188} INFO - [2026-07-14T02:25:57.928+0000] {dag.py:3036} INFO - Sync 1 DAGs
[2026-07-14T02:25:57.951+0000] {logging_mixin.py:188} INFO - [2026-07-14T02:25:57.951+0000] {dag.py:3823} INFO - Setting next_dagrun for dag_etl_camara_diario to 2026-07-12 03:00:00+00:00, run_after=2026-07-13 03:00:00+00:00
[2026-07-14T02:25:57.981+0000] {processor.py:183} INFO - Processing /opt/airflow/dags/dag_etl_camara_diario.py took 0.089 seconds
[2026-07-14T02:26:28.113+0000] {processor.py:161} INFO - Started process (PID=8004) to work on /opt/airflow/dags/dag_etl_camara_diario.py
[2026-07-14T02:26:28.114+0000] {processor.py:830} INFO - Processing file /opt/airflow/dags/dag_etl_camara_diario.py for tasks to queue
[2026-07-14T02:26:28.115+0000] {logging_mixin.py:188} INFO - [2026-07-14T02:26:28.114+0000] {dagbag.py:538} INFO - Filling up the DagBag from /opt/airflow/dags/dag_etl_camara_diario.py
[2026-07-14T02:26:28.124+0000] {processor.py:840} INFO - DAG(s) 'dag_etl_camara_diario' retrieved from /opt/airflow/dags/dag_etl_camara_diario.py
[2026-07-14T02:26:28.147+0000] {logging_mixin.py:188} INFO - [2026-07-14T02:26:28.147+0000] {dag.py:3036} INFO - Sync 1 DAGs
[2026-07-14T02:26:28.169+0000] {logging_mixin.py:188} INFO - [2026-07-14T02:26:28.169+0000] {dag.py:3823} INFO - Setting next_dagrun for dag_etl_camara_diario to 2026-07-12 03:00:00+00:00, run_after=2026-07-13 03:00:00+00:00
[2026-07-14T02:26:28.205+0000] {processor.py:183} INFO - Processing /opt/airflow/dags/dag_etl_camara_diario.py took 0.095 seconds
[2026-07-14T02:26:58.328+0000] {processor.py:161} INFO - Started process (PID=8019) to work on /opt/airflow/dags/dag_etl_camara_diario.py
[2026-07-14T02:26:58.329+0000] {processor.py:830} INFO - Processing file /opt/airflow/dags/dag_etl_camara_diario.py for tasks to queue
[2026-07-14T02:26:58.330+0000] {logging_mixin.py:188} INFO - [2026-07-14T02:26:58.329+0000] {dagbag.py:538} INFO - Filling up the DagBag from /opt/airflow/dags/dag_etl_camara_diario.py
[2026-07-14T02:26:58.339+0000] {processor.py:840} INFO - DAG(s) 'dag_etl_camara_diario' retrieved from /opt/airflow/dags/dag_etl_camara_diario.py
[2026-07-14T02:26:58.361+0000] {logging_mixin.py:188} INFO - [2026-07-14T02:26:58.361+0000] {dag.py:3036} INFO - Sync 1 DAGs
[2026-07-14T02:26:58.384+0000] {logging_mixin.py:188} INFO - [2026-07-14T02:26:58.384+0000] {dag.py:3823} INFO - Setting next_dagrun for dag_etl_camara_diario to 2026-07-12 03:00:00+00:00, run_after=2026-07-13 03:00:00+00:00
[2026-07-14T02:26:58.420+0000] {processor.py:183} INFO - Processing /opt/airflow/dags/dag_etl_camara_diario.py took 0.095 seconds
[2026-07-14T02:27:28.546+0000] {processor.py:161} INFO - Started process (PID=8034) to work on /opt/airflow/dags/dag_etl_camara_diario.py
[2026-07-14T02:27:28.547+0000] {processor.py:830} INFO - Processing file /opt/airflow/dags/dag_etl_camara_diario.py for tasks to queue
[2026-07-14T02:27:28.548+0000] {logging_mixin.py:188} INFO - [2026-07-14T02:27:28.547+0000] {dagbag.py:538} INFO - Filling up the DagBag from /opt/airflow/dags/dag_etl_camara_diario.py
[2026-07-14T02:27:28.557+0000] {processor.py:840} INFO - DAG(s) 'dag_etl_camara_diario' retrieved from /opt/airflow/dags/dag_etl_camara_diario.py
[2026-07-14T02:27:28.581+0000] {logging_mixin.py:188} INFO - [2026-07-14T02:27:28.580+0000] {dag.py:3036} INFO - Sync 1 DAGs
[2026-07-14T02:27:28.605+0000] {logging_mixin.py:188} INFO - [2026-07-14T02:27:28.605+0000] {dag.py:3823} INFO - Setting next_dagrun for dag_etl_camara_diario to 2026-07-12 03:00:00+00:00, run_after=2026-07-13 03:00:00+00:00
[2026-07-14T02:27:28.639+0000] {processor.py:183} INFO - Processing /opt/airflow/dags/dag_etl_camara_diario.py took 0.095 seconds
[2026-07-14T02:27:58.753+0000] {processor.py:161} INFO - Started process (PID=8049) to work on /opt/airflow/dags/dag_etl_camara_diario.py
[2026-07-14T02:27:58.754+0000] {processor.py:830} INFO - Processing file /opt/airflow/dags/dag_etl_camara_diario.py for tasks to queue
[2026-07-14T02:27:58.755+0000] {logging_mixin.py:188} INFO - [2026-07-14T02:27:58.754+0000] {dagbag.py:538} INFO - Filling up the DagBag from /opt/airflow/dags/dag_etl_camara_diario.py
[2026-07-14T02:27:58.764+0000] {processor.py:840} INFO - DAG(s) 'dag_etl_camara_diario' retrieved from /opt/airflow/dags/dag_etl_camara_diario.py
[2026-07-14T02:27:58.786+0000] {logging_mixin.py:188} INFO - [2026-07-14T02:27:58.786+0000] {dag.py:3036} INFO - Sync 1 DAGs
[2026-07-14T02:27:58.809+0000] {logging_mixin.py:188} INFO - [2026-07-14T02:27:58.808+0000] {dag.py:3823} INFO - Setting next_dagrun for dag_etl_camara_diario to 2026-07-12 03:00:00+00:00, run_after=2026-07-13 03:00:00+00:00
[2026-07-14T02:27:58.845+0000] {processor.py:183} INFO - Processing /opt/airflow/dags/dag_etl_camara_diario.py took 0.095 seconds
[2026-07-14T02:28:28.963+0000] {processor.py:161} INFO - Started process (PID=8064) to work on /opt/airflow/dags/dag_etl_camara_diario.py
[2026-07-14T02:28:28.964+0000] {processor.py:830} INFO - Processing file /opt/airflow/dags/dag_etl_camara_diario.py for tasks to queue
[2026-07-14T02:28:28.965+0000] {logging_mixin.py:188} INFO - [2026-07-14T02:28:28.964+0000] {dagbag.py:538} INFO - Filling up the DagBag from /opt/airflow/dags/dag_etl_camara_diario.py
[2026-07-14T02:28:28.974+0000] {processor.py:840} INFO - DAG(s) 'dag_etl_camara_diario' retrieved from /opt/airflow/dags/dag_etl_camara_diario.py
[2026-07-14T02:28:28.996+0000] {logging_mixin.py:188} INFO - [2026-07-14T02:28:28.996+0000] {dag.py:3036} INFO - Sync 1 DAGs
[2026-07-14T02:28:29.020+0000] {logging_mixin.py:188} INFO - [2026-07-14T02:28:29.019+0000] {dag.py:3823} INFO - Setting next_dagrun for dag_etl_camara_diario to 2026-07-12 03:00:00+00:00, run_after=2026-07-13 03:00:00+00:00
[2026-07-14T02:28:29.036+0000] {processor.py:183} INFO - Processing /opt/airflow/dags/dag_etl_camara_diario.py took 0.075 seconds
[2026-07-14T02:28:59.168+0000] {processor.py:161} INFO - Started process (PID=8079) to work on /opt/airflow/dags/dag_etl_camara_diario.py
[2026-07-14T02:28:59.169+0000] {processor.py:830} INFO - Processing file /opt/airflow/dags/dag_etl_camara_diario.py for tasks to queue
[2026-07-14T02:28:59.169+0000] {logging_mixin.py:188} INFO - [2026-07-14T02:28:59.169+0000] {dagbag.py:538} INFO - Filling up the DagBag from /opt/airflow/dags/dag_etl_camara_diario.py
[2026-07-14T02:28:59.178+0000] {processor.py:840} INFO - DAG(s) 'dag_etl_camara_diario' retrieved from /opt/airflow/dags/dag_etl_camara_diario.py
[2026-07-14T02:28:59.199+0000] {logging_mixin.py:188} INFO - [2026-07-14T02:28:59.199+0000] {dag.py:3036} INFO - Sync 1 DAGs
[2026-07-14T02:28:59.221+0000] {logging_mixin.py:188} INFO - [2026-07-14T02:28:59.221+0000] {dag.py:3823} INFO - Setting next_dagrun for dag_etl_camara_diario to 2026-07-12 03:00:00+00:00, run_after=2026-07-13 03:00:00+00:00
[2026-07-14T02:28:59.239+0000] {processor.py:183} INFO - Processing /opt/airflow/dags/dag_etl_camara_diario.py took 0.073 seconds
[2026-07-14T02:29:29.360+0000] {processor.py:161} INFO - Started process (PID=8094) to work on /opt/airflow/dags/dag_etl_camara_diario.py
[2026-07-14T02:29:29.361+0000] {processor.py:830} INFO - Processing file /opt/airflow/dags/dag_etl_camara_diario.py for tasks to queue
[2026-07-14T02:29:29.362+0000] {logging_mixin.py:188} INFO - [2026-07-14T02:29:29.362+0000] {dagbag.py:538} INFO - Filling up the DagBag from /opt/airflow/dags/dag_etl_camara_diario.py
[2026-07-14T02:29:29.370+0000] {processor.py:840} INFO - DAG(s) 'dag_etl_camara_diario' retrieved from /opt/airflow/dags/dag_etl_camara_diario.py
[2026-07-14T02:29:29.392+0000] {logging_mixin.py:188} INFO - [2026-07-14T02:29:29.391+0000] {dag.py:3036} INFO - Sync 1 DAGs
[2026-07-14T02:29:29.414+0000] {logging_mixin.py:188} INFO - [2026-07-14T02:29:29.414+0000] {dag.py:3823} INFO - Setting next_dagrun for dag_etl_camara_diario to 2026-07-12 03:00:00+00:00, run_after=2026-07-13 03:00:00+00:00
[2026-07-14T02:29:29.431+0000] {processor.py:183} INFO - Processing /opt/airflow/dags/dag_etl_camara_diario.py took 0.073 seconds
[2026-07-14T02:29:59.552+0000] {processor.py:161} INFO - Started process (PID=8109) to work on /opt/airflow/dags/dag_etl_camara_diario.py
[2026-07-14T02:29:59.553+0000] {processor.py:830} INFO - Processing file /opt/airflow/dags/dag_etl_camara_diario.py for tasks to queue
[2026-07-14T02:29:59.554+0000] {logging_mixin.py:188} INFO - [2026-07-14T02:29:59.553+0000] {dagbag.py:538} INFO - Filling up the DagBag from /opt/airflow/dags/dag_etl_camara_diario.py
[2026-07-14T02:29:59.563+0000] {processor.py:840} INFO - DAG(s) 'dag_etl_camara_diario' retrieved from /opt/airflow/dags/dag_etl_camara_diario.py
[2026-07-14T02:29:59.584+0000] {logging_mixin.py:188} INFO - [2026-07-14T02:29:59.584+0000] {dag.py:3036} INFO - Sync 1 DAGs
[2026-07-14T02:29:59.607+0000] {logging_mixin.py:188} INFO - [2026-07-14T02:29:59.607+0000] {dag.py:3823} INFO - Setting next_dagrun for dag_etl_camara_diario to 2026-07-12 03:00:00+00:00, run_after=2026-07-13 03:00:00+00:00
[2026-07-14T02:29:59.624+0000] {processor.py:183} INFO - Processing /opt/airflow/dags/dag_etl_camara_diario.py took 0.074 seconds
[2026-07-14T02:30:29.748+0000] {processor.py:161} INFO - Started process (PID=8124) to work on /opt/airflow/dags/dag_etl_camara_diario.py
[2026-07-14T02:30:29.749+0000] {processor.py:830} INFO - Processing file /opt/airflow/dags/dag_etl_camara_diario.py for tasks to queue
[2026-07-14T02:30:29.750+0000] {logging_mixin.py:188} INFO - [2026-07-14T02:30:29.750+0000] {dagbag.py:538} INFO - Filling up the DagBag from /opt/airflow/dags/dag_etl_camara_diario.py
[2026-07-14T02:30:29.762+0000] {processor.py:840} INFO - DAG(s) 'dag_etl_camara_diario' retrieved from /opt/airflow/dags/dag_etl_camara_diario.py
[2026-07-14T02:30:29.784+0000] {logging_mixin.py:188} INFO - [2026-07-14T02:30:29.784+0000] {dag.py:3036} INFO - Sync 1 DAGs
[2026-07-14T02:30:29.808+0000] {logging_mixin.py:188} INFO - [2026-07-14T02:30:29.807+0000] {dag.py:3823} INFO - Setting next_dagrun for dag_etl_camara_diario to 2026-07-12 03:00:00+00:00, run_after=2026-07-13 03:00:00+00:00
[2026-07-14T02:30:29.824+0000] {processor.py:183} INFO - Processing /opt/airflow/dags/dag_etl_camara_diario.py took 0.079 seconds
[2026-07-14T02:30:59.951+0000] {processor.py:161} INFO - Started process (PID=8139) to work on /opt/airflow/dags/dag_etl_camara_diario.py
[2026-07-14T02:30:59.951+0000] {processor.py:830} INFO - Processing file /opt/airflow/dags/dag_etl_camara_diario.py for tasks to queue
[2026-07-14T02:30:59.952+0000] {logging_mixin.py:188} INFO - [2026-07-14T02:30:59.952+0000] {dagbag.py:538} INFO - Filling up the DagBag from /opt/airflow/dags/dag_etl_camara_diario.py
[2026-07-14T02:30:59.961+0000] {processor.py:840} INFO - DAG(s) 'dag_etl_camara_diario' retrieved from /opt/airflow/dags/dag_etl_camara_diario.py
[2026-07-14T02:30:59.983+0000] {logging_mixin.py:188} INFO - [2026-07-14T02:30:59.983+0000] {dag.py:3036} INFO - Sync 1 DAGs
[2026-07-14T02:31:00.006+0000] {logging_mixin.py:188} INFO - [2026-07-14T02:31:00.006+0000] {dag.py:3823} INFO - Setting next_dagrun for dag_etl_camara_diario to 2026-07-12 03:00:00+00:00, run_after=2026-07-13 03:00:00+00:00
[2026-07-14T02:31:00.021+0000] {processor.py:183} INFO - Processing /opt/airflow/dags/dag_etl_camara_diario.py took 0.073 seconds
[2026-07-14T02:31:30.146+0000] {processor.py:161} INFO - Started process (PID=8154) to work on /opt/airflow/dags/dag_etl_camara_diario.py
[2026-07-14T02:31:30.147+0000] {processor.py:830} INFO - Processing file /opt/airflow/dags/dag_etl_camara_diario.py for tasks to queue
[2026-07-14T02:31:30.147+0000] {logging_mixin.py:188} INFO - [2026-07-14T02:31:30.147+0000] {dagbag.py:538} INFO - Filling up the DagBag from /opt/airflow/dags/dag_etl_camara_diario.py
[2026-07-14T02:31:30.157+0000] {processor.py:840} INFO - DAG(s) 'dag_etl_camara_diario' retrieved from /opt/airflow/dags/dag_etl_camara_diario.py
[2026-07-14T02:31:30.178+0000] {logging_mixin.py:188} INFO - [2026-07-14T02:31:30.178+0000] {dag.py:3036} INFO - Sync 1 DAGs
[2026-07-14T02:31:30.199+0000] {logging_mixin.py:188} INFO - [2026-07-14T02:31:30.199+0000] {dag.py:3823} INFO - Setting next_dagrun for dag_etl_camara_diario to 2026-07-12 03:00:00+00:00, run_after=2026-07-13 03:00:00+00:00
[2026-07-14T02:31:30.216+0000] {processor.py:183} INFO - Processing /opt/airflow/dags/dag_etl_camara_diario.py took 0.074 seconds
[2026-07-14T02:32:00.338+0000] {processor.py:161} INFO - Started process (PID=8169) to work on /opt/airflow/dags/dag_etl_camara_diario.py
[2026-07-14T02:32:00.339+0000] {processor.py:830} INFO - Processing file /opt/airflow/dags/dag_etl_camara_diario.py for tasks to queue
[2026-07-14T02:32:00.340+0000] {logging_mixin.py:188} INFO - [2026-07-14T02:32:00.339+0000] {dagbag.py:538} INFO - Filling up the DagBag from /opt/airflow/dags/dag_etl_camara_diario.py
[2026-07-14T02:32:00.349+0000] {processor.py:840} INFO - DAG(s) 'dag_etl_camara_diario' retrieved from /opt/airflow/dags/dag_etl_camara_diario.py
[2026-07-14T02:32:00.371+0000] {logging_mixin.py:188} INFO - [2026-07-14T02:32:00.370+0000] {dag.py:3036} INFO - Sync 1 DAGs
[2026-07-14T02:32:00.394+0000] {logging_mixin.py:188} INFO - [2026-07-14T02:32:00.394+0000] {dag.py:3823} INFO - Setting next_dagrun for dag_etl_camara_diario to 2026-07-12 03:00:00+00:00, run_after=2026-07-13 03:00:00+00:00
[2026-07-14T02:32:00.411+0000] {processor.py:183} INFO - Processing /opt/airflow/dags/dag_etl_camara_diario.py took 0.075 seconds
[2026-07-14T02:32:30.528+0000] {processor.py:161} INFO - Started process (PID=8184) to work on /opt/airflow/dags/dag_etl_camara_diario.py
[2026-07-14T02:32:30.529+0000] {processor.py:830} INFO - Processing file /opt/airflow/dags/dag_etl_camara_diario.py for tasks to queue
[2026-07-14T02:32:30.530+0000] {logging_mixin.py:188} INFO - [2026-07-14T02:32:30.529+0000] {dagbag.py:538} INFO - Filling up the DagBag from /opt/airflow/dags/dag_etl_camara_diario.py
[2026-07-14T02:32:30.539+0000] {processor.py:840} INFO - DAG(s) 'dag_etl_camara_diario' retrieved from /opt/airflow/dags/dag_etl_camara_diario.py
[2026-07-14T02:32:30.560+0000] {logging_mixin.py:188} INFO - [2026-07-14T02:32:30.560+0000] {dag.py:3036} INFO - Sync 1 DAGs
[2026-07-14T02:32:30.582+0000] {logging_mixin.py:188} INFO - [2026-07-14T02:32:30.582+0000] {dag.py:3823} INFO - Setting next_dagrun for dag_etl_camara_diario to 2026-07-12 03:00:00+00:00, run_after=2026-07-13 03:00:00+00:00
[2026-07-14T02:32:30.598+0000] {processor.py:183} INFO - Processing /opt/airflow/dags/dag_etl_camara_diario.py took 0.072 seconds
[2026-07-14T02:33:00.726+0000] {processor.py:161} INFO - Started process (PID=8199) to work on /opt/airflow/dags/dag_etl_camara_diario.py
[2026-07-14T02:33:00.726+0000] {processor.py:830} INFO - Processing file /opt/airflow/dags/dag_etl_camara_diario.py for tasks to queue
[2026-07-14T02:33:00.727+0000] {logging_mixin.py:188} INFO - [2026-07-14T02:33:00.727+0000] {dagbag.py:538} INFO - Filling up the DagBag from /opt/airflow/dags/dag_etl_camara_diario.py
[2026-07-14T02:33:00.736+0000] {processor.py:840} INFO - DAG(s) 'dag_etl_camara_diario' retrieved from /opt/airflow/dags/dag_etl_camara_diario.py
[2026-07-14T02:33:00.757+0000] {logging_mixin.py:188} INFO - [2026-07-14T02:33:00.757+0000] {dag.py:3036} INFO - Sync 1 DAGs
[2026-07-14T02:33:00.781+0000] {logging_mixin.py:188} INFO - [2026-07-14T02:33:00.781+0000] {dag.py:3823} INFO - Setting next_dagrun for dag_etl_camara_diario to 2026-07-12 03:00:00+00:00, run_after=2026-07-13 03:00:00+00:00
[2026-07-14T02:33:00.796+0000] {processor.py:183} INFO - Processing /opt/airflow/dags/dag_etl_camara_diario.py took 0.074 seconds
[2026-07-14T02:33:30.916+0000] {processor.py:161} INFO - Started process (PID=8214) to work on /opt/airflow/dags/dag_etl_camara_diario.py
[2026-07-14T02:33:30.917+0000] {processor.py:830} INFO - Processing file /opt/airflow/dags/dag_etl_camara_diario.py for tasks to queue
[2026-07-14T02:33:30.918+0000] {logging_mixin.py:188} INFO - [2026-07-14T02:33:30.918+0000] {dagbag.py:538} INFO - Filling up the DagBag from /opt/airflow/dags/dag_etl_camara_diario.py
[2026-07-14T02:33:30.927+0000] {processor.py:840} INFO - DAG(s) 'dag_etl_camara_diario' retrieved from /opt/airflow/dags/dag_etl_camara_diario.py
[2026-07-14T02:33:30.949+0000] {logging_mixin.py:188} INFO - [2026-07-14T02:33:30.948+0000] {dag.py:3036} INFO - Sync 1 DAGs
[2026-07-14T02:33:30.973+0000] {logging_mixin.py:188} INFO - [2026-07-14T02:33:30.973+0000] {dag.py:3823} INFO - Setting next_dagrun for dag_etl_camara_diario to 2026-07-12 03:00:00+00:00, run_after=2026-07-13 03:00:00+00:00
[2026-07-14T02:33:30.990+0000] {processor.py:183} INFO - Processing /opt/airflow/dags/dag_etl_camara_diario.py took 0.076 seconds
[2026-07-14T02:34:01.120+0000] {processor.py:161} INFO - Started process (PID=8229) to work on /opt/airflow/dags/dag_etl_camara_diario.py
[2026-07-14T02:34:01.121+0000] {processor.py:830} INFO - Processing file /opt/airflow/dags/dag_etl_camara_diario.py for tasks to queue
[2026-07-14T02:34:01.121+0000] {logging_mixin.py:188} INFO - [2026-07-14T02:34:01.121+0000] {dagbag.py:538} INFO - Filling up the DagBag from /opt/airflow/dags/dag_etl_camara_diario.py
[2026-07-14T02:34:01.130+0000] {processor.py:840} INFO - DAG(s) 'dag_etl_camara_diario' retrieved from /opt/airflow/dags/dag_etl_camara_diario.py
[2026-07-14T02:34:01.150+0000] {logging_mixin.py:188} INFO - [2026-07-14T02:34:01.150+0000] {dag.py:3036} INFO - Sync 1 DAGs
[2026-07-14T02:34:01.172+0000] {logging_mixin.py:188} INFO - [2026-07-14T02:34:01.172+0000] {dag.py:3823} INFO - Setting next_dagrun for dag_etl_camara_diario to 2026-07-12 03:00:00+00:00, run_after=2026-07-13 03:00:00+00:00
[2026-07-14T02:34:01.192+0000] {processor.py:183} INFO - Processing /opt/airflow/dags/dag_etl_camara_diario.py took 0.074 seconds
[2026-07-14T02:34:31.314+0000] {processor.py:161} INFO - Started process (PID=8244) to work on /opt/airflow/dags/dag_etl_camara_diario.py
[2026-07-14T02:34:31.315+0000] {processor.py:830} INFO - Processing file /opt/airflow/dags/dag_etl_camara_diario.py for tasks to queue
[2026-07-14T02:34:31.315+0000] {logging_mixin.py:188} INFO - [2026-07-14T02:34:31.315+0000] {dagbag.py:538} INFO - Filling up the DagBag from /opt/airflow/dags/dag_etl_camara_diario.py
[2026-07-14T02:34:31.324+0000] {processor.py:840} INFO - DAG(s) 'dag_etl_camara_diario' retrieved from /opt/airflow/dags/dag_etl_camara_diario.py
[2026-07-14T02:34:31.347+0000] {logging_mixin.py:188} INFO - [2026-07-14T02:34:31.347+0000] {dag.py:3036} INFO - Sync 1 DAGs
[2026-07-14T02:34:31.368+0000] {logging_mixin.py:188} INFO - [2026-07-14T02:34:31.368+0000] {dag.py:3823} INFO - Setting next_dagrun for dag_etl_camara_diario to 2026-07-12 03:00:00+00:00, run_after=2026-07-13 03:00:00+00:00
[2026-07-14T02:34:31.384+0000] {processor.py:183} INFO - Processing /opt/airflow/dags/dag_etl_camara_diario.py took 0.073 seconds
[2026-07-14T02:35:01.509+0000] {processor.py:161} INFO - Started process (PID=8259) to work on /opt/airflow/dags/dag_etl_camara_diario.py
[2026-07-14T02:35:01.510+0000] {processor.py:830} INFO - Processing file /opt/airflow/dags/dag_etl_camara_diario.py for tasks to queue
[2026-07-14T02:35:01.510+0000] {logging_mixin.py:188} INFO - [2026-07-14T02:35:01.510+0000] {dagbag.py:538} INFO - Filling up the DagBag from /opt/airflow/dags/dag_etl_camara_diario.py
[2026-07-14T02:35:01.520+0000] {processor.py:840} INFO - DAG(s) 'dag_etl_camara_diario' retrieved from /opt/airflow/dags/dag_etl_camara_diario.py
[2026-07-14T02:35:01.541+0000] {logging_mixin.py:188} INFO - [2026-07-14T02:35:01.541+0000] {dag.py:3036} INFO - Sync 1 DAGs
[2026-07-14T02:35:01.564+0000] {logging_mixin.py:188} INFO - [2026-07-14T02:35:01.564+0000] {dag.py:3823} INFO - Setting next_dagrun for dag_etl_camara_diario to 2026-07-12 03:00:00+00:00, run_after=2026-07-13 03:00:00+00:00
[2026-07-14T02:35:01.578+0000] {processor.py:183} INFO - Processing /opt/airflow/dags/dag_etl_camara_diario.py took 0.071 seconds
[2026-07-14T02:35:31.698+0000] {processor.py:161} INFO - Started process (PID=8274) to work on /opt/airflow/dags/dag_etl_camara_diario.py
[2026-07-14T02:35:31.699+0000] {processor.py:830} INFO - Processing file /opt/airflow/dags/dag_etl_camara_diario.py for tasks to queue
[2026-07-14T02:35:31.700+0000] {logging_mixin.py:188} INFO - [2026-07-14T02:35:31.700+0000] {dagbag.py:538} INFO - Filling up the DagBag from /opt/airflow/dags/dag_etl_camara_diario.py
[2026-07-14T02:35:31.710+0000] {processor.py:840} INFO - DAG(s) 'dag_etl_camara_diario' retrieved from /opt/airflow/dags/dag_etl_camara_diario.py
[2026-07-14T02:35:31.732+0000] {logging_mixin.py:188} INFO - [2026-07-14T02:35:31.732+0000] {dag.py:3036} INFO - Sync 1 DAGs
[2026-07-14T02:35:31.756+0000] {logging_mixin.py:188} INFO - [2026-07-14T02:35:31.756+0000] {dag.py:3823} INFO - Setting next_dagrun for dag_etl_camara_diario to 2026-07-12 03:00:00+00:00, run_after=2026-07-13 03:00:00+00:00
[2026-07-14T02:35:31.772+0000] {processor.py:183} INFO - Processing /opt/airflow/dags/dag_etl_camara_diario.py took 0.077 seconds
[2026-07-14T02:36:01.900+0000] {processor.py:161} INFO - Started process (PID=8289) to work on /opt/airflow/dags/dag_etl_camara_diario.py
[2026-07-14T02:36:01.901+0000] {processor.py:830} INFO - Processing file /opt/airflow/dags/dag_etl_camara_diario.py for tasks to queue
[2026-07-14T02:36:01.901+0000] {logging_mixin.py:188} INFO - [2026-07-14T02:36:01.901+0000] {dagbag.py:538} INFO - Filling up the DagBag from /opt/airflow/dags/dag_etl_camara_diario.py
[2026-07-14T02:36:01.911+0000] {processor.py:840} INFO - DAG(s) 'dag_etl_camara_diario' retrieved from /opt/airflow/dags/dag_etl_camara_diario.py
[2026-07-14T02:36:01.932+0000] {logging_mixin.py:188} INFO - [2026-07-14T02:36:01.932+0000] {dag.py:3036} INFO - Sync 1 DAGs
[2026-07-14T02:36:01.954+0000] {logging_mixin.py:188} INFO - [2026-07-14T02:36:01.954+0000] {dag.py:3823} INFO - Setting next_dagrun for dag_etl_camara_diario to 2026-07-12 03:00:00+00:00, run_after=2026-07-13 03:00:00+00:00
[2026-07-14T02:36:01.970+0000] {processor.py:183} INFO - Processing /opt/airflow/dags/dag_etl_camara_diario.py took 0.073 seconds
[2026-07-14T02:36:32.090+0000] {processor.py:161} INFO - Started process (PID=8304) to work on /opt/airflow/dags/dag_etl_camara_diario.py
[2026-07-14T02:36:32.091+0000] {processor.py:830} INFO - Processing file /opt/airflow/dags/dag_etl_camara_diario.py for tasks to queue
[2026-07-14T02:36:32.091+0000] {logging_mixin.py:188} INFO - [2026-07-14T02:36:32.091+0000] {dagbag.py:538} INFO - Filling up the DagBag from /opt/airflow/dags/dag_etl_camara_diario.py
[2026-07-14T02:36:32.101+0000] {processor.py:840} INFO - DAG(s) 'dag_etl_camara_diario' retrieved from /opt/airflow/dags/dag_etl_camara_diario.py
[2026-07-14T02:36:32.123+0000] {logging_mixin.py:188} INFO - [2026-07-14T02:36:32.123+0000] {dag.py:3036} INFO - Sync 1 DAGs
[2026-07-14T02:36:32.146+0000] {logging_mixin.py:188} INFO - [2026-07-14T02:36:32.145+0000] {dag.py:3823} INFO - Setting next_dagrun for dag_etl_camara_diario to 2026-07-12 03:00:00+00:00, run_after=2026-07-13 03:00:00+00:00
[2026-07-14T02:36:32.161+0000] {processor.py:183} INFO - Processing /opt/airflow/dags/dag_etl_camara_diario.py took 0.073 seconds
[2026-07-14T02:37:02.286+0000] {processor.py:161} INFO - Started process (PID=8319) to work on /opt/airflow/dags/dag_etl_camara_diario.py
[2026-07-14T02:37:02.287+0000] {processor.py:830} INFO - Processing file /opt/airflow/dags/dag_etl_camara_diario.py for tasks to queue
[2026-07-14T02:37:02.288+0000] {logging_mixin.py:188} INFO - [2026-07-14T02:37:02.287+0000] {dagbag.py:538} INFO - Filling up the DagBag from /opt/airflow/dags/dag_etl_camara_diario.py
[2026-07-14T02:37:02.298+0000] {processor.py:840} INFO - DAG(s) 'dag_etl_camara_diario' retrieved from /opt/airflow/dags/dag_etl_camara_diario.py
[2026-07-14T02:37:02.320+0000] {logging_mixin.py:188} INFO - [2026-07-14T02:37:02.320+0000] {dag.py:3036} INFO - Sync 1 DAGs
[2026-07-14T02:37:02.343+0000] {logging_mixin.py:188} INFO - [2026-07-14T02:37:02.343+0000] {dag.py:3823} INFO - Setting next_dagrun for dag_etl_camara_diario to 2026-07-12 03:00:00+00:00, run_after=2026-07-13 03:00:00+00:00
[2026-07-14T02:37:02.359+0000] {processor.py:183} INFO - Processing /opt/airflow/dags/dag_etl_camara_diario.py took 0.075 seconds
[2026-07-14T02:37:32.487+0000] {processor.py:161} INFO - Started process (PID=8334) to work on /opt/airflow/dags/dag_etl_camara_diario.py
[2026-07-14T02:37:32.488+0000] {processor.py:830} INFO - Processing file /opt/airflow/dags/dag_etl_camara_diario.py for tasks to queue
[2026-07-14T02:37:32.489+0000] {logging_mixin.py:188} INFO - [2026-07-14T02:37:32.489+0000] {dagbag.py:538} INFO - Filling up the DagBag from /opt/airflow/dags/dag_etl_camara_diario.py
[2026-07-14T02:37:32.498+0000] {processor.py:840} INFO - DAG(s) 'dag_etl_camara_diario' retrieved from /opt/airflow/dags/dag_etl_camara_diario.py
[2026-07-14T02:37:32.521+0000] {logging_mixin.py:188} INFO - [2026-07-14T02:37:32.521+0000] {dag.py:3036} INFO - Sync 1 DAGs
[2026-07-14T02:37:32.544+0000] {logging_mixin.py:188} INFO - [2026-07-14T02:37:32.544+0000] {dag.py:3823} INFO - Setting next_dagrun for dag_etl_camara_diario to 2026-07-12 03:00:00+00:00, run_after=2026-07-13 03:00:00+00:00
[2026-07-14T02:37:32.560+0000] {processor.py:183} INFO - Processing /opt/airflow/dags/dag_etl_camara_diario.py took 0.075 seconds
[2026-07-14T02:38:02.681+0000] {processor.py:161} INFO - Started process (PID=8349) to work on /opt/airflow/dags/dag_etl_camara_diario.py
[2026-07-14T02:38:02.682+0000] {processor.py:830} INFO - Processing file /opt/airflow/dags/dag_etl_camara_diario.py for tasks to queue
[2026-07-14T02:38:02.682+0000] {logging_mixin.py:188} INFO - [2026-07-14T02:38:02.682+0000] {dagbag.py:538} INFO - Filling up the DagBag from /opt/airflow/dags/dag_etl_camara_diario.py
[2026-07-14T02:38:02.692+0000] {processor.py:840} INFO - DAG(s) 'dag_etl_camara_diario' retrieved from /opt/airflow/dags/dag_etl_camara_diario.py
[2026-07-14T02:38:02.713+0000] {logging_mixin.py:188} INFO - [2026-07-14T02:38:02.713+0000] {dag.py:3036} INFO - Sync 1 DAGs
[2026-07-14T02:38:02.736+0000] {logging_mixin.py:188} INFO - [2026-07-14T02:38:02.735+0000] {dag.py:3823} INFO - Setting next_dagrun for dag_etl_camara_diario to 2026-07-12 03:00:00+00:00, run_after=2026-07-13 03:00:00+00:00
[2026-07-14T02:38:02.750+0000] {processor.py:183} INFO - Processing /opt/airflow/dags/dag_etl_camara_diario.py took 0.071 seconds
[2026-07-14T02:38:32.872+0000] {processor.py:161} INFO - Started process (PID=8364) to work on /opt/airflow/dags/dag_etl_camara_diario.py
[2026-07-14T02:38:32.873+0000] {processor.py:830} INFO - Processing file /opt/airflow/dags/dag_etl_camara_diario.py for tasks to queue
[2026-07-14T02:38:32.873+0000] {logging_mixin.py:188} INFO - [2026-07-14T02:38:32.873+0000] {dagbag.py:538} INFO - Filling up the DagBag from /opt/airflow/dags/dag_etl_camara_diario.py
[2026-07-14T02:38:32.883+0000] {processor.py:840} INFO - DAG(s) 'dag_etl_camara_diario' retrieved from /opt/airflow/dags/dag_etl_camara_diario.py
[2026-07-14T02:38:32.905+0000] {logging_mixin.py:188} INFO - [2026-07-14T02:38:32.904+0000] {dag.py:3036} INFO - Sync 1 DAGs
[2026-07-14T02:38:32.927+0000] {logging_mixin.py:188} INFO - [2026-07-14T02:38:32.927+0000] {dag.py:3823} INFO - Setting next_dagrun for dag_etl_camara_diario to 2026-07-12 03:00:00+00:00, run_after=2026-07-13 03:00:00+00:00
[2026-07-14T02:38:32.942+0000] {processor.py:183} INFO - Processing /opt/airflow/dags/dag_etl_camara_diario.py took 0.073 seconds
[2026-07-14T02:39:03.068+0000] {processor.py:161} INFO - Started process (PID=8379) to work on /opt/airflow/dags/dag_etl_camara_diario.py
[2026-07-14T02:39:03.069+0000] {processor.py:830} INFO - Processing file /opt/airflow/dags/dag_etl_camara_diario.py for tasks to queue
[2026-07-14T02:39:03.069+0000] {logging_mixin.py:188} INFO - [2026-07-14T02:39:03.069+0000] {dagbag.py:538} INFO - Filling up the DagBag from /opt/airflow/dags/dag_etl_camara_diario.py
[2026-07-14T02:39:03.079+0000] {processor.py:840} INFO - DAG(s) 'dag_etl_camara_diario' retrieved from /opt/airflow/dags/dag_etl_camara_diario.py
[2026-07-14T02:39:03.100+0000] {logging_mixin.py:188} INFO - [2026-07-14T02:39:03.100+0000] {dag.py:3036} INFO - Sync 1 DAGs
[2026-07-14T02:39:03.123+0000] {logging_mixin.py:188} INFO - [2026-07-14T02:39:03.122+0000] {dag.py:3823} INFO - Setting next_dagrun for dag_etl_camara_diario to 2026-07-12 03:00:00+00:00, run_after=2026-07-13 03:00:00+00:00
[2026-07-14T02:39:03.138+0000] {processor.py:183} INFO - Processing /opt/airflow/dags/dag_etl_camara_diario.py took 0.073 seconds
[2026-07-14T02:39:33.256+0000] {processor.py:161} INFO - Started process (PID=8394) to work on /opt/airflow/dags/dag_etl_camara_diario.py
[2026-07-14T02:39:33.257+0000] {processor.py:830} INFO - Processing file /opt/airflow/dags/dag_etl_camara_diario.py for tasks to queue
[2026-07-14T02:39:33.258+0000] {logging_mixin.py:188} INFO - [2026-07-14T02:39:33.257+0000] {dagbag.py:538} INFO - Filling up the DagBag from /opt/airflow/dags/dag_etl_camara_diario.py
[2026-07-14T02:39:33.267+0000] {processor.py:840} INFO - DAG(s) 'dag_etl_camara_diario' retrieved from /opt/airflow/dags/dag_etl_camara_diario.py
[2026-07-14T02:39:33.288+0000] {logging_mixin.py:188} INFO - [2026-07-14T02:39:33.288+0000] {dag.py:3036} INFO - Sync 1 DAGs
[2026-07-14T02:39:33.311+0000] {logging_mixin.py:188} INFO - [2026-07-14T02:39:33.311+0000] {dag.py:3823} INFO - Setting next_dagrun for dag_etl_camara_diario to 2026-07-12 03:00:00+00:00, run_after=2026-07-13 03:00:00+00:00
[2026-07-14T02:39:33.327+0000] {processor.py:183} INFO - Processing /opt/airflow/dags/dag_etl_camara_diario.py took 0.074 seconds
[2026-07-14T02:40:03.453+0000] {processor.py:161} INFO - Started process (PID=8409) to work on /opt/airflow/dags/dag_etl_camara_diario.py
[2026-07-14T02:40:03.454+0000] {processor.py:830} INFO - Processing file /opt/airflow/dags/dag_etl_camara_diario.py for tasks to queue
[2026-07-14T02:40:03.455+0000] {logging_mixin.py:188} INFO - [2026-07-14T02:40:03.454+0000] {dagbag.py:538} INFO - Filling up the DagBag from /opt/airflow/dags/dag_etl_camara_diario.py
[2026-07-14T02:40:03.464+0000] {processor.py:840} INFO - DAG(s) 'dag_etl_camara_diario' retrieved from /opt/airflow/dags/dag_etl_camara_diario.py
[2026-07-14T02:40:03.485+0000] {logging_mixin.py:188} INFO - [2026-07-14T02:40:03.485+0000] {dag.py:3036} INFO - Sync 1 DAGs
[2026-07-14T02:40:03.507+0000] {logging_mixin.py:188} INFO - [2026-07-14T02:40:03.507+0000] {dag.py:3823} INFO - Setting next_dagrun for dag_etl_camara_diario to 2026-07-12 03:00:00+00:00, run_after=2026-07-13 03:00:00+00:00
[2026-07-14T02:40:03.524+0000] {processor.py:183} INFO - Processing /opt/airflow/dags/dag_etl_camara_diario.py took 0.073 seconds
[2026-07-14T02:40:33.646+0000] {processor.py:161} INFO - Started process (PID=8424) to work on /opt/airflow/dags/dag_etl_camara_diario.py
[2026-07-14T02:40:33.647+0000] {processor.py:830} INFO - Processing file /opt/airflow/dags/dag_etl_camara_diario.py for tasks to queue
[2026-07-14T02:40:33.648+0000] {logging_mixin.py:188} INFO - [2026-07-14T02:40:33.648+0000] {dagbag.py:538} INFO - Filling up the DagBag from /opt/airflow/dags/dag_etl_camara_diario.py
[2026-07-14T02:40:33.657+0000] {processor.py:840} INFO - DAG(s) 'dag_etl_camara_diario' retrieved from /opt/airflow/dags/dag_etl_camara_diario.py
[2026-07-14T02:40:33.679+0000] {logging_mixin.py:188} INFO - [2026-07-14T02:40:33.679+0000] {dag.py:3036} INFO - Sync 1 DAGs
[2026-07-14T02:40:33.701+0000] {logging_mixin.py:188} INFO - [2026-07-14T02:40:33.701+0000] {dag.py:3823} INFO - Setting next_dagrun for dag_etl_camara_diario to 2026-07-12 03:00:00+00:00, run_after=2026-07-13 03:00:00+00:00
[2026-07-14T02:40:33.718+0000] {processor.py:183} INFO - Processing /opt/airflow/dags/dag_etl_camara_diario.py took 0.074 seconds
[2026-07-14T02:41:03.841+0000] {processor.py:161} INFO - Started process (PID=8439) to work on /opt/airflow/dags/dag_etl_camara_diario.py
[2026-07-14T02:41:03.842+0000] {processor.py:830} INFO - Processing file /opt/airflow/dags/dag_etl_camara_diario.py for tasks to queue
[2026-07-14T02:41:03.843+0000] {logging_mixin.py:188} INFO - [2026-07-14T02:41:03.842+0000] {dagbag.py:538} INFO - Filling up the DagBag from /opt/airflow/dags/dag_etl_camara_diario.py
[2026-07-14T02:41:03.851+0000] {processor.py:840} INFO - DAG(s) 'dag_etl_camara_diario' retrieved from /opt/airflow/dags/dag_etl_camara_diario.py
[2026-07-14T02:41:03.874+0000] {logging_mixin.py:188} INFO - [2026-07-14T02:41:03.873+0000] {dag.py:3036} INFO - Sync 1 DAGs
[2026-07-14T02:41:03.897+0000] {logging_mixin.py:188} INFO - [2026-07-14T02:41:03.897+0000] {dag.py:3823} INFO - Setting next_dagrun for dag_etl_camara_diario to 2026-07-12 03:00:00+00:00, run_after=2026-07-13 03:00:00+00:00
[2026-07-14T02:41:03.913+0000] {processor.py:183} INFO - Processing /opt/airflow/dags/dag_etl_camara_diario.py took 0.074 seconds
[2026-07-14T02:41:34.036+0000] {processor.py:161} INFO - Started process (PID=8454) to work on /opt/airflow/dags/dag_etl_camara_diario.py
[2026-07-14T02:41:34.037+0000] {processor.py:830} INFO - Processing file /opt/airflow/dags/dag_etl_camara_diario.py for tasks to queue
[2026-07-14T02:41:34.038+0000] {logging_mixin.py:188} INFO - [2026-07-14T02:41:34.038+0000] {dagbag.py:538} INFO - Filling up the DagBag from /opt/airflow/dags/dag_etl_camara_diario.py
[2026-07-14T02:41:34.047+0000] {processor.py:840} INFO - DAG(s) 'dag_etl_camara_diario' retrieved from /opt/airflow/dags/dag_etl_camara_diario.py
[2026-07-14T02:41:34.068+0000] {logging_mixin.py:188} INFO - [2026-07-14T02:41:34.068+0000] {dag.py:3036} INFO - Sync 1 DAGs
[2026-07-14T02:41:34.090+0000] {logging_mixin.py:188} INFO - [2026-07-14T02:41:34.090+0000] {dag.py:3823} INFO - Setting next_dagrun for dag_etl_camara_diario to 2026-07-12 03:00:00+00:00, run_after=2026-07-13 03:00:00+00:00
[2026-07-14T02:41:34.106+0000] {processor.py:183} INFO - Processing /opt/airflow/dags/dag_etl_camara_diario.py took 0.073 seconds
[2026-07-14T02:42:04.224+0000] {processor.py:161} INFO - Started process (PID=8469) to work on /opt/airflow/dags/dag_etl_camara_diario.py
[2026-07-14T02:42:04.225+0000] {processor.py:830} INFO - Processing file /opt/airflow/dags/dag_etl_camara_diario.py for tasks to queue
[2026-07-14T02:42:04.226+0000] {logging_mixin.py:188} INFO - [2026-07-14T02:42:04.226+0000] {dagbag.py:538} INFO - Filling up the DagBag from /opt/airflow/dags/dag_etl_camara_diario.py
[2026-07-14T02:42:04.235+0000] {processor.py:840} INFO - DAG(s) 'dag_etl_camara_diario' retrieved from /opt/airflow/dags/dag_etl_camara_diario.py
[2026-07-14T02:42:04.257+0000] {logging_mixin.py:188} INFO - [2026-07-14T02:42:04.257+0000] {dag.py:3036} INFO - Sync 1 DAGs
[2026-07-14T02:42:04.279+0000] {logging_mixin.py:188} INFO - [2026-07-14T02:42:04.279+0000] {dag.py:3823} INFO - Setting next_dagrun for dag_etl_camara_diario to 2026-07-12 03:00:00+00:00, run_after=2026-07-13 03:00:00+00:00
[2026-07-14T02:42:04.297+0000] {processor.py:183} INFO - Processing /opt/airflow/dags/dag_etl_camara_diario.py took 0.075 seconds
[2026-07-14T02:42:34.412+0000] {processor.py:161} INFO - Started process (PID=8484) to work on /opt/airflow/dags/dag_etl_camara_diario.py
[2026-07-14T02:42:34.412+0000] {processor.py:830} INFO - Processing file /opt/airflow/dags/dag_etl_camara_diario.py for tasks to queue
[2026-07-14T02:42:34.413+0000] {logging_mixin.py:188} INFO - [2026-07-14T02:42:34.413+0000] {dagbag.py:538} INFO - Filling up the DagBag from /opt/airflow/dags/dag_etl_camara_diario.py
[2026-07-14T02:42:34.422+0000] {processor.py:840} INFO - DAG(s) 'dag_etl_camara_diario' retrieved from /opt/airflow/dags/dag_etl_camara_diario.py
[2026-07-14T02:42:34.443+0000] {logging_mixin.py:188} INFO - [2026-07-14T02:42:34.443+0000] {dag.py:3036} INFO - Sync 1 DAGs
[2026-07-14T02:42:34.464+0000] {logging_mixin.py:188} INFO - [2026-07-14T02:42:34.464+0000] {dag.py:3823} INFO - Setting next_dagrun for dag_etl_camara_diario to 2026-07-12 03:00:00+00:00, run_after=2026-07-13 03:00:00+00:00
[2026-07-14T02:42:34.482+0000] {processor.py:183} INFO - Processing /opt/airflow/dags/dag_etl_camara_diario.py took 0.072 seconds
[2026-07-14T02:43:04.602+0000] {processor.py:161} INFO - Started process (PID=8499) to work on /opt/airflow/dags/dag_etl_camara_diario.py
[2026-07-14T02:43:04.603+0000] {processor.py:830} INFO - Processing file /opt/airflow/dags/dag_etl_camara_diario.py for tasks to queue
[2026-07-14T02:43:04.603+0000] {logging_mixin.py:188} INFO - [2026-07-14T02:43:04.603+0000] {dagbag.py:538} INFO - Filling up the DagBag from /opt/airflow/dags/dag_etl_camara_diario.py
[2026-07-14T02:43:04.613+0000] {processor.py:840} INFO - DAG(s) 'dag_etl_camara_diario' retrieved from /opt/airflow/dags/dag_etl_camara_diario.py
[2026-07-14T02:43:04.634+0000] {logging_mixin.py:188} INFO - [2026-07-14T02:43:04.634+0000] {dag.py:3036} INFO - Sync 1 DAGs
[2026-07-14T02:43:04.656+0000] {logging_mixin.py:188} INFO - [2026-07-14T02:43:04.656+0000] {dag.py:3823} INFO - Setting next_dagrun for dag_etl_camara_diario to 2026-07-12 03:00:00+00:00, run_after=2026-07-13 03:00:00+00:00
[2026-07-14T02:43:04.672+0000] {processor.py:183} INFO - Processing /opt/airflow/dags/dag_etl_camara_diario.py took 0.073 seconds
[2026-07-14T02:43:34.800+0000] {processor.py:161} INFO - Started process (PID=8514) to work on /opt/airflow/dags/dag_etl_camara_diario.py
[2026-07-14T02:43:34.801+0000] {processor.py:830} INFO - Processing file /opt/airflow/dags/dag_etl_camara_diario.py for tasks to queue
[2026-07-14T02:43:34.801+0000] {logging_mixin.py:188} INFO - [2026-07-14T02:43:34.801+0000] {dagbag.py:538} INFO - Filling up the DagBag from /opt/airflow/dags/dag_etl_camara_diario.py
[2026-07-14T02:43:34.811+0000] {processor.py:840} INFO - DAG(s) 'dag_etl_camara_diario' retrieved from /opt/airflow/dags/dag_etl_camara_diario.py
[2026-07-14T02:43:34.833+0000] {logging_mixin.py:188} INFO - [2026-07-14T02:43:34.833+0000] {dag.py:3036} INFO - Sync 1 DAGs
[2026-07-14T02:43:34.856+0000] {logging_mixin.py:188} INFO - [2026-07-14T02:43:34.856+0000] {dag.py:3823} INFO - Setting next_dagrun for dag_etl_camara_diario to 2026-07-12 03:00:00+00:00, run_after=2026-07-13 03:00:00+00:00
[2026-07-14T02:43:34.875+0000] {processor.py:183} INFO - Processing /opt/airflow/dags/dag_etl_camara_diario.py took 0.078 seconds
[2026-07-14T13:39:09.727+0000] {processor.py:161} INFO - Started process (PID=8529) to work on /opt/airflow/dags/dag_etl_camara_diario.py
[2026-07-14T13:39:09.728+0000] {processor.py:830} INFO - Processing file /opt/airflow/dags/dag_etl_camara_diario.py for tasks to queue
[2026-07-14T13:39:09.729+0000] {logging_mixin.py:188} INFO - [2026-07-14T13:39:09.729+0000] {dagbag.py:538} INFO - Filling up the DagBag from /opt/airflow/dags/dag_etl_camara_diario.py
[2026-07-14T13:39:09.741+0000] {processor.py:840} INFO - DAG(s) 'dag_etl_camara_diario' retrieved from /opt/airflow/dags/dag_etl_camara_diario.py
[2026-07-14T13:39:09.824+0000] {logging_mixin.py:188} INFO - [2026-07-14T13:39:09.824+0000] {dag.py:3036} INFO - Sync 1 DAGs
[2026-07-14T13:39:09.863+0000] {logging_mixin.py:188} INFO - [2026-07-14T13:39:09.863+0000] {dag.py:3823} INFO - Setting next_dagrun for dag_etl_camara_diario to 2026-07-13 03:00:00+00:00, run_after=2026-07-14 03:00:00+00:00
[2026-07-14T13:39:09.885+0000] {processor.py:183} INFO - Processing /opt/airflow/dags/dag_etl_camara_diario.py took 0.161 seconds
[2026-07-14T13:39:40.032+0000] {processor.py:161} INFO - Started process (PID=8546) to work on /opt/airflow/dags/dag_etl_camara_diario.py
[2026-07-14T13:39:40.033+0000] {processor.py:830} INFO - Processing file /opt/airflow/dags/dag_etl_camara_diario.py for tasks to queue
[2026-07-14T13:39:40.033+0000] {logging_mixin.py:188} INFO - [2026-07-14T13:39:40.033+0000] {dagbag.py:538} INFO - Filling up the DagBag from /opt/airflow/dags/dag_etl_camara_diario.py
[2026-07-14T13:39:40.043+0000] {processor.py:840} INFO - DAG(s) 'dag_etl_camara_diario' retrieved from /opt/airflow/dags/dag_etl_camara_diario.py
[2026-07-14T13:39:40.065+0000] {logging_mixin.py:188} INFO - [2026-07-14T13:39:40.065+0000] {dag.py:3036} INFO - Sync 1 DAGs
[2026-07-14T13:39:40.087+0000] {logging_mixin.py:188} INFO - [2026-07-14T13:39:40.087+0000] {dag.py:3823} INFO - Setting next_dagrun for dag_etl_camara_diario to 2026-07-13 03:00:00+00:00, run_after=2026-07-14 03:00:00+00:00
[2026-07-14T13:39:40.103+0000] {processor.py:183} INFO - Processing /opt/airflow/dags/dag_etl_camara_diario.py took 0.074 seconds
[2026-07-14T13:40:10.232+0000] {processor.py:161} INFO - Started process (PID=8561) to work on /opt/airflow/dags/dag_etl_camara_diario.py
[2026-07-14T13:40:10.232+0000] {processor.py:830} INFO - Processing file /opt/airflow/dags/dag_etl_camara_diario.py for tasks to queue
[2026-07-14T13:40:10.233+0000] {logging_mixin.py:188} INFO - [2026-07-14T13:40:10.233+0000] {dagbag.py:538} INFO - Filling up the DagBag from /opt/airflow/dags/dag_etl_camara_diario.py
[2026-07-14T13:40:10.241+0000] {processor.py:840} INFO - DAG(s) 'dag_etl_camara_diario' retrieved from /opt/airflow/dags/dag_etl_camara_diario.py
[2026-07-14T13:40:10.263+0000] {logging_mixin.py:188} INFO - [2026-07-14T13:40:10.263+0000] {dag.py:3036} INFO - Sync 1 DAGs
[2026-07-14T13:40:10.285+0000] {logging_mixin.py:188} INFO - [2026-07-14T13:40:10.285+0000] {dag.py:3823} INFO - Setting next_dagrun for dag_etl_camara_diario to 2026-07-13 03:00:00+00:00, run_after=2026-07-14 03:00:00+00:00
[2026-07-14T13:40:10.302+0000] {processor.py:183} INFO - Processing /opt/airflow/dags/dag_etl_camara_diario.py took 0.073 seconds
[2026-07-14T13:40:40.434+0000] {processor.py:161} INFO - Started process (PID=8576) to work on /opt/airflow/dags/dag_etl_camara_diario.py
[2026-07-14T13:40:40.435+0000] {processor.py:830} INFO - Processing file /opt/airflow/dags/dag_etl_camara_diario.py for tasks to queue
[2026-07-14T13:40:40.436+0000] {logging_mixin.py:188} INFO - [2026-07-14T13:40:40.435+0000] {dagbag.py:538} INFO - Filling up the DagBag from /opt/airflow/dags/dag_etl_camara_diario.py
[2026-07-14T13:40:40.445+0000] {processor.py:840} INFO - DAG(s) 'dag_etl_camara_diario' retrieved from /opt/airflow/dags/dag_etl_camara_diario.py
[2026-07-14T13:40:40.468+0000] {logging_mixin.py:188} INFO - [2026-07-14T13:40:40.468+0000] {dag.py:3036} INFO - Sync 1 DAGs
[2026-07-14T13:40:40.491+0000] {logging_mixin.py:188} INFO - [2026-07-14T13:40:40.491+0000] {dag.py:3823} INFO - Setting next_dagrun for dag_etl_camara_diario to 2026-07-13 03:00:00+00:00, run_after=2026-07-14 03:00:00+00:00
[2026-07-14T13:40:40.508+0000] {processor.py:183} INFO - Processing /opt/airflow/dags/dag_etl_camara_diario.py took 0.077 seconds
[2026-07-14T13:41:10.629+0000] {processor.py:161} INFO - Started process (PID=8591) to work on /opt/airflow/dags/dag_etl_camara_diario.py
[2026-07-14T13:41:10.629+0000] {processor.py:830} INFO - Processing file /opt/airflow/dags/dag_etl_camara_diario.py for tasks to queue
[2026-07-14T13:41:10.630+0000] {logging_mixin.py:188} INFO - [2026-07-14T13:41:10.630+0000] {dagbag.py:538} INFO - Filling up the DagBag from /opt/airflow/dags/dag_etl_camara_diario.py
[2026-07-14T13:41:10.638+0000] {processor.py:840} INFO - DAG(s) 'dag_etl_camara_diario' retrieved from /opt/airflow/dags/dag_etl_camara_diario.py
[2026-07-14T13:41:10.660+0000] {logging_mixin.py:188} INFO - [2026-07-14T13:41:10.660+0000] {dag.py:3036} INFO - Sync 1 DAGs
[2026-07-14T13:41:10.682+0000] {logging_mixin.py:188} INFO - [2026-07-14T13:41:10.681+0000] {dag.py:3823} INFO - Setting next_dagrun for dag_etl_camara_diario to 2026-07-13 03:00:00+00:00, run_after=2026-07-14 03:00:00+00:00
[2026-07-14T13:41:10.699+0000] {processor.py:183} INFO - Processing /opt/airflow/dags/dag_etl_camara_diario.py took 0.073 seconds
[2026-07-14T13:41:40.827+0000] {processor.py:161} INFO - Started process (PID=8606) to work on /opt/airflow/dags/dag_etl_camara_diario.py
[2026-07-14T13:41:40.828+0000] {processor.py:830} INFO - Processing file /opt/airflow/dags/dag_etl_camara_diario.py for tasks to queue
[2026-07-14T13:41:40.829+0000] {logging_mixin.py:188} INFO - [2026-07-14T13:41:40.828+0000] {dagbag.py:538} INFO - Filling up the DagBag from /opt/airflow/dags/dag_etl_camara_diario.py
[2026-07-14T13:41:40.837+0000] {processor.py:840} INFO - DAG(s) 'dag_etl_camara_diario' retrieved from /opt/airflow/dags/dag_etl_camara_diario.py
[2026-07-14T13:41:40.857+0000] {logging_mixin.py:188} INFO - [2026-07-14T13:41:40.857+0000] {dag.py:3036} INFO - Sync 1 DAGs
[2026-07-14T13:41:40.877+0000] {logging_mixin.py:188} INFO - [2026-07-14T13:41:40.877+0000] {dag.py:3823} INFO - Setting next_dagrun for dag_etl_camara_diario to 2026-07-13 03:00:00+00:00, run_after=2026-07-14 03:00:00+00:00
[2026-07-14T13:41:40.892+0000] {processor.py:183} INFO - Processing /opt/airflow/dags/dag_etl_camara_diario.py took 0.067 seconds
[2026-07-14T13:42:11.020+0000] {processor.py:161} INFO - Started process (PID=8621) to work on /opt/airflow/dags/dag_etl_camara_diario.py
[2026-07-14T13:42:11.020+0000] {processor.py:830} INFO - Processing file /opt/airflow/dags/dag_etl_camara_diario.py for tasks to queue
[2026-07-14T13:42:11.021+0000] {logging_mixin.py:188} INFO - [2026-07-14T13:42:11.021+0000] {dagbag.py:538} INFO - Filling up the DagBag from /opt/airflow/dags/dag_etl_camara_diario.py
[2026-07-14T13:42:11.030+0000] {processor.py:840} INFO - DAG(s) 'dag_etl_camara_diario' retrieved from /opt/airflow/dags/dag_etl_camara_diario.py
[2026-07-14T13:42:11.050+0000] {logging_mixin.py:188} INFO - [2026-07-14T13:42:11.049+0000] {dag.py:3036} INFO - Sync 1 DAGs
[2026-07-14T13:42:11.070+0000] {logging_mixin.py:188} INFO - [2026-07-14T13:42:11.070+0000] {dag.py:3823} INFO - Setting next_dagrun for dag_etl_camara_diario to 2026-07-13 03:00:00+00:00, run_after=2026-07-14 03:00:00+00:00
[2026-07-14T13:42:11.086+0000] {processor.py:183} INFO - Processing /opt/airflow/dags/dag_etl_camara_diario.py took 0.068 seconds
[2026-07-14T13:42:41.213+0000] {processor.py:161} INFO - Started process (PID=8636) to work on /opt/airflow/dags/dag_etl_camara_diario.py
[2026-07-14T13:42:41.214+0000] {processor.py:830} INFO - Processing file /opt/airflow/dags/dag_etl_camara_diario.py for tasks to queue
[2026-07-14T13:42:41.215+0000] {logging_mixin.py:188} INFO - [2026-07-14T13:42:41.214+0000] {dagbag.py:538} INFO - Filling up the DagBag from /opt/airflow/dags/dag_etl_camara_diario.py
[2026-07-14T13:42:41.224+0000] {processor.py:840} INFO - DAG(s) 'dag_etl_camara_diario' retrieved from /opt/airflow/dags/dag_etl_camara_diario.py
[2026-07-14T13:42:41.246+0000] {logging_mixin.py:188} INFO - [2026-07-14T13:42:41.246+0000] {dag.py:3036} INFO - Sync 1 DAGs
[2026-07-14T13:42:41.267+0000] {logging_mixin.py:188} INFO - [2026-07-14T13:42:41.267+0000] {dag.py:3823} INFO - Setting next_dagrun for dag_etl_camara_diario to 2026-07-13 03:00:00+00:00, run_after=2026-07-14 03:00:00+00:00
[2026-07-14T13:42:41.282+0000] {processor.py:183} INFO - Processing /opt/airflow/dags/dag_etl_camara_diario.py took 0.072 seconds
[2026-07-14T13:43:11.411+0000] {processor.py:161} INFO - Started process (PID=8651) to work on /opt/airflow/dags/dag_etl_camara_diario.py
[2026-07-14T13:43:11.412+0000] {processor.py:830} INFO - Processing file /opt/airflow/dags/dag_etl_camara_diario.py for tasks to queue
[2026-07-14T13:43:11.413+0000] {logging_mixin.py:188} INFO - [2026-07-14T13:43:11.412+0000] {dagbag.py:538} INFO - Filling up the DagBag from /opt/airflow/dags/dag_etl_camara_diario.py
[2026-07-14T13:43:11.423+0000] {processor.py:840} INFO - DAG(s) 'dag_etl_camara_diario' retrieved from /opt/airflow/dags/dag_etl_camara_diario.py
[2026-07-14T13:43:11.445+0000] {logging_mixin.py:188} INFO - [2026-07-14T13:43:11.444+0000] {dag.py:3036} INFO - Sync 1 DAGs
[2026-07-14T13:43:11.467+0000] {logging_mixin.py:188} INFO - [2026-07-14T13:43:11.467+0000] {dag.py:3823} INFO - Setting next_dagrun for dag_etl_camara_diario to 2026-07-13 03:00:00+00:00, run_after=2026-07-14 03:00:00+00:00
[2026-07-14T13:43:11.485+0000] {processor.py:183} INFO - Processing /opt/airflow/dags/dag_etl_camara_diario.py took 0.076 seconds
[2026-07-14T13:43:41.615+0000] {processor.py:161} INFO - Started process (PID=8666) to work on /opt/airflow/dags/dag_etl_camara_diario.py
[2026-07-14T13:43:41.616+0000] {processor.py:830} INFO - Processing file /opt/airflow/dags/dag_etl_camara_diario.py for tasks to queue
[2026-07-14T13:43:41.617+0000] {logging_mixin.py:188} INFO - [2026-07-14T13:43:41.616+0000] {dagbag.py:538} INFO - Filling up the DagBag from /opt/airflow/dags/dag_etl_camara_diario.py
[2026-07-14T13:43:41.626+0000] {processor.py:840} INFO - DAG(s) 'dag_etl_camara_diario' retrieved from /opt/airflow/dags/dag_etl_camara_diario.py
[2026-07-14T13:43:41.649+0000] {logging_mixin.py:188} INFO - [2026-07-14T13:43:41.649+0000] {dag.py:3036} INFO - Sync 1 DAGs
[2026-07-14T13:43:41.673+0000] {logging_mixin.py:188} INFO - [2026-07-14T13:43:41.673+0000] {dag.py:3823} INFO - Setting next_dagrun for dag_etl_camara_diario to 2026-07-13 03:00:00+00:00, run_after=2026-07-14 03:00:00+00:00
[2026-07-14T13:43:41.690+0000] {processor.py:183} INFO - Processing /opt/airflow/dags/dag_etl_camara_diario.py took 0.077 seconds
[2026-07-14T13:44:11.830+0000] {processor.py:161} INFO - Started process (PID=8681) to work on /opt/airflow/dags/dag_etl_camara_diario.py
[2026-07-14T13:44:11.831+0000] {processor.py:830} INFO - Processing file /opt/airflow/dags/dag_etl_camara_diario.py for tasks to queue
[2026-07-14T13:44:11.831+0000] {logging_mixin.py:188} INFO - [2026-07-14T13:44:11.831+0000] {dagbag.py:538} INFO - Filling up the DagBag from /opt/airflow/dags/dag_etl_camara_diario.py
[2026-07-14T13:44:11.841+0000] {processor.py:840} INFO - DAG(s) 'dag_etl_camara_diario' retrieved from /opt/airflow/dags/dag_etl_camara_diario.py
[2026-07-14T13:44:11.861+0000] {logging_mixin.py:188} INFO - [2026-07-14T13:44:11.861+0000] {dag.py:3036} INFO - Sync 1 DAGs
[2026-07-14T13:44:11.883+0000] {logging_mixin.py:188} INFO - [2026-07-14T13:44:11.883+0000] {dag.py:3823} INFO - Setting next_dagrun for dag_etl_camara_diario to 2026-07-13 03:00:00+00:00, run_after=2026-07-14 03:00:00+00:00
[2026-07-14T13:44:11.900+0000] {processor.py:183} INFO - Processing /opt/airflow/dags/dag_etl_camara_diario.py took 0.073 seconds
[2026-07-14T13:44:42.028+0000] {processor.py:161} INFO - Started process (PID=8696) to work on /opt/airflow/dags/dag_etl_camara_diario.py
[2026-07-14T13:44:42.029+0000] {processor.py:830} INFO - Processing file /opt/airflow/dags/dag_etl_camara_diario.py for tasks to queue
[2026-07-14T13:44:42.030+0000] {logging_mixin.py:188} INFO - [2026-07-14T13:44:42.030+0000] {dagbag.py:538} INFO - Filling up the DagBag from /opt/airflow/dags/dag_etl_camara_diario.py
[2026-07-14T13:44:42.038+0000] {processor.py:840} INFO - DAG(s) 'dag_etl_camara_diario' retrieved from /opt/airflow/dags/dag_etl_camara_diario.py
[2026-07-14T13:44:42.059+0000] {logging_mixin.py:188} INFO - [2026-07-14T13:44:42.059+0000] {dag.py:3036} INFO - Sync 1 DAGs
[2026-07-14T13:44:42.079+0000] {logging_mixin.py:188} INFO - [2026-07-14T13:44:42.079+0000] {dag.py:3823} INFO - Setting next_dagrun for dag_etl_camara_diario to 2026-07-13 03:00:00+00:00, run_after=2026-07-14 03:00:00+00:00
[2026-07-14T13:44:42.094+0000] {processor.py:183} INFO - Processing /opt/airflow/dags/dag_etl_camara_diario.py took 0.068 seconds
[2026-07-14T13:45:12.228+0000] {processor.py:161} INFO - Started process (PID=8711) to work on /opt/airflow/dags/dag_etl_camara_diario.py
[2026-07-14T13:45:12.228+0000] {processor.py:830} INFO - Processing file /opt/airflow/dags/dag_etl_camara_diario.py for tasks to queue
[2026-07-14T13:45:12.229+0000] {logging_mixin.py:188} INFO - [2026-07-14T13:45:12.229+0000] {dagbag.py:538} INFO - Filling up the DagBag from /opt/airflow/dags/dag_etl_camara_diario.py
[2026-07-14T13:45:12.238+0000] {processor.py:840} INFO - DAG(s) 'dag_etl_camara_diario' retrieved from /opt/airflow/dags/dag_etl_camara_diario.py
[2026-07-14T13:45:12.261+0000] {logging_mixin.py:188} INFO - [2026-07-14T13:45:12.261+0000] {dag.py:3036} INFO - Sync 1 DAGs
[2026-07-14T13:45:12.283+0000] {logging_mixin.py:188} INFO - [2026-07-14T13:45:12.283+0000] {dag.py:3823} INFO - Setting next_dagrun for dag_etl_camara_diario to 2026-07-13 03:00:00+00:00, run_after=2026-07-14 03:00:00+00:00
[2026-07-14T13:45:12.298+0000] {processor.py:183} INFO - Processing /opt/airflow/dags/dag_etl_camara_diario.py took 0.073 seconds
[2026-07-14T13:45:42.430+0000] {processor.py:161} INFO - Started process (PID=8726) to work on /opt/airflow/dags/dag_etl_camara_diario.py
[2026-07-14T13:45:42.431+0000] {processor.py:830} INFO - Processing file /opt/airflow/dags/dag_etl_camara_diario.py for tasks to queue
[2026-07-14T13:45:42.432+0000] {logging_mixin.py:188} INFO - [2026-07-14T13:45:42.432+0000] {dagbag.py:538} INFO - Filling up the DagBag from /opt/airflow/dags/dag_etl_camara_diario.py
[2026-07-14T13:45:42.441+0000] {processor.py:840} INFO - DAG(s) 'dag_etl_camara_diario' retrieved from /opt/airflow/dags/dag_etl_camara_diario.py
[2026-07-14T13:45:42.464+0000] {logging_mixin.py:188} INFO - [2026-07-14T13:45:42.464+0000] {dag.py:3036} INFO - Sync 1 DAGs
[2026-07-14T13:45:42.487+0000] {logging_mixin.py:188} INFO - [2026-07-14T13:45:42.487+0000] {dag.py:3823} INFO - Setting next_dagrun for dag_etl_camara_diario to 2026-07-13 03:00:00+00:00, run_after=2026-07-14 03:00:00+00:00
[2026-07-14T13:45:42.504+0000] {processor.py:183} INFO - Processing /opt/airflow/dags/dag_etl_camara_diario.py took 0.076 seconds
[2026-07-14T13:46:12.628+0000] {processor.py:161} INFO - Started process (PID=8741) to work on /opt/airflow/dags/dag_etl_camara_diario.py
[2026-07-14T13:46:12.628+0000] {processor.py:830} INFO - Processing file /opt/airflow/dags/dag_etl_camara_diario.py for tasks to queue
[2026-07-14T13:46:12.629+0000] {logging_mixin.py:188} INFO - [2026-07-14T13:46:12.629+0000] {dagbag.py:538} INFO - Filling up the DagBag from /opt/airflow/dags/dag_etl_camara_diario.py
[2026-07-14T13:46:12.639+0000] {processor.py:840} INFO - DAG(s) 'dag_etl_camara_diario' retrieved from /opt/airflow/dags/dag_etl_camara_diario.py
[2026-07-14T13:46:12.660+0000] {logging_mixin.py:188} INFO - [2026-07-14T13:46:12.660+0000] {dag.py:3036} INFO - Sync 1 DAGs
[2026-07-14T13:46:12.681+0000] {logging_mixin.py:188} INFO - [2026-07-14T13:46:12.681+0000] {dag.py:3823} INFO - Setting next_dagrun for dag_etl_camara_diario to 2026-07-13 03:00:00+00:00, run_after=2026-07-14 03:00:00+00:00
[2026-07-14T13:46:12.697+0000] {processor.py:183} INFO - Processing /opt/airflow/dags/dag_etl_camara_diario.py took 0.072 seconds
[2026-07-14T13:46:42.827+0000] {processor.py:161} INFO - Started process (PID=8756) to work on /opt/airflow/dags/dag_etl_camara_diario.py
[2026-07-14T13:46:42.828+0000] {processor.py:830} INFO - Processing file /opt/airflow/dags/dag_etl_camara_diario.py for tasks to queue
[2026-07-14T13:46:42.828+0000] {logging_mixin.py:188} INFO - [2026-07-14T13:46:42.828+0000] {dagbag.py:538} INFO - Filling up the DagBag from /opt/airflow/dags/dag_etl_camara_diario.py
[2026-07-14T13:46:42.837+0000] {processor.py:840} INFO - DAG(s) 'dag_etl_camara_diario' retrieved from /opt/airflow/dags/dag_etl_camara_diario.py
[2026-07-14T13:46:42.859+0000] {logging_mixin.py:188} INFO - [2026-07-14T13:46:42.859+0000] {dag.py:3036} INFO - Sync 1 DAGs
[2026-07-14T13:46:42.880+0000] {logging_mixin.py:188} INFO - [2026-07-14T13:46:42.880+0000] {dag.py:3823} INFO - Setting next_dagrun for dag_etl_camara_diario to 2026-07-13 03:00:00+00:00, run_after=2026-07-14 03:00:00+00:00
[2026-07-14T13:46:42.896+0000] {processor.py:183} INFO - Processing /opt/airflow/dags/dag_etl_camara_diario.py took 0.072 seconds
[2026-07-14T13:47:13.017+0000] {processor.py:161} INFO - Started process (PID=8771) to work on /opt/airflow/dags/dag_etl_camara_diario.py
[2026-07-14T13:47:13.017+0000] {processor.py:830} INFO - Processing file /opt/airflow/dags/dag_etl_camara_diario.py for tasks to queue
[2026-07-14T13:47:13.018+0000] {logging_mixin.py:188} INFO - [2026-07-14T13:47:13.018+0000] {dagbag.py:538} INFO - Filling up the DagBag from /opt/airflow/dags/dag_etl_camara_diario.py
[2026-07-14T13:47:13.026+0000] {processor.py:840} INFO - DAG(s) 'dag_etl_camara_diario' retrieved from /opt/airflow/dags/dag_etl_camara_diario.py
[2026-07-14T13:47:13.046+0000] {logging_mixin.py:188} INFO - [2026-07-14T13:47:13.046+0000] {dag.py:3036} INFO - Sync 1 DAGs
[2026-07-14T13:47:13.066+0000] {logging_mixin.py:188} INFO - [2026-07-14T13:47:13.065+0000] {dag.py:3823} INFO - Setting next_dagrun for dag_etl_camara_diario to 2026-07-13 03:00:00+00:00, run_after=2026-07-14 03:00:00+00:00
[2026-07-14T13:47:13.079+0000] {processor.py:183} INFO - Processing /opt/airflow/dags/dag_etl_camara_diario.py took 0.065 seconds
[2026-07-14T13:47:43.205+0000] {processor.py:161} INFO - Started process (PID=8786) to work on /opt/airflow/dags/dag_etl_camara_diario.py
[2026-07-14T13:47:43.206+0000] {processor.py:830} INFO - Processing file /opt/airflow/dags/dag_etl_camara_diario.py for tasks to queue
[2026-07-14T13:47:43.206+0000] {logging_mixin.py:188} INFO - [2026-07-14T13:47:43.206+0000] {dagbag.py:538} INFO - Filling up the DagBag from /opt/airflow/dags/dag_etl_camara_diario.py
[2026-07-14T13:47:43.215+0000] {processor.py:840} INFO - DAG(s) 'dag_etl_camara_diario' retrieved from /opt/airflow/dags/dag_etl_camara_diario.py
[2026-07-14T13:47:43.237+0000] {logging_mixin.py:188} INFO - [2026-07-14T13:47:43.236+0000] {dag.py:3036} INFO - Sync 1 DAGs
[2026-07-14T13:47:43.257+0000] {logging_mixin.py:188} INFO - [2026-07-14T13:47:43.257+0000] {dag.py:3823} INFO - Setting next_dagrun for dag_etl_camara_diario to 2026-07-13 03:00:00+00:00, run_after=2026-07-14 03:00:00+00:00
[2026-07-14T13:47:43.271+0000] {processor.py:183} INFO - Processing /opt/airflow/dags/dag_etl_camara_diario.py took 0.069 seconds
[2026-07-14T13:48:13.395+0000] {processor.py:161} INFO - Started process (PID=8801) to work on /opt/airflow/dags/dag_etl_camara_diario.py
[2026-07-14T13:48:13.396+0000] {processor.py:830} INFO - Processing file /opt/airflow/dags/dag_etl_camara_diario.py for tasks to queue
[2026-07-14T13:48:13.396+0000] {logging_mixin.py:188} INFO - [2026-07-14T13:48:13.396+0000] {dagbag.py:538} INFO - Filling up the DagBag from /opt/airflow/dags/dag_etl_camara_diario.py
[2026-07-14T13:48:13.405+0000] {processor.py:840} INFO - DAG(s) 'dag_etl_camara_diario' retrieved from /opt/airflow/dags/dag_etl_camara_diario.py
[2026-07-14T13:48:13.426+0000] {logging_mixin.py:188} INFO - [2026-07-14T13:48:13.425+0000] {dag.py:3036} INFO - Sync 1 DAGs
[2026-07-14T13:48:13.448+0000] {logging_mixin.py:188} INFO - [2026-07-14T13:48:13.448+0000] {dag.py:3823} INFO - Setting next_dagrun for dag_etl_camara_diario to 2026-07-13 03:00:00+00:00, run_after=2026-07-14 03:00:00+00:00
[2026-07-14T13:48:13.461+0000] {processor.py:183} INFO - Processing /opt/airflow/dags/dag_etl_camara_diario.py took 0.069 seconds
[2026-07-14T13:48:43.590+0000] {processor.py:161} INFO - Started process (PID=8816) to work on /opt/airflow/dags/dag_etl_camara_diario.py
[2026-07-14T13:48:43.591+0000] {processor.py:830} INFO - Processing file /opt/airflow/dags/dag_etl_camara_diario.py for tasks to queue
[2026-07-14T13:48:43.591+0000] {logging_mixin.py:188} INFO - [2026-07-14T13:48:43.591+0000] {dagbag.py:538} INFO - Filling up the DagBag from /opt/airflow/dags/dag_etl_camara_diario.py
[2026-07-14T13:48:43.600+0000] {processor.py:840} INFO - DAG(s) 'dag_etl_camara_diario' retrieved from /opt/airflow/dags/dag_etl_camara_diario.py
[2026-07-14T13:48:43.621+0000] {logging_mixin.py:188} INFO - [2026-07-14T13:48:43.621+0000] {dag.py:3036} INFO - Sync 1 DAGs
[2026-07-14T13:48:43.642+0000] {logging_mixin.py:188} INFO - [2026-07-14T13:48:43.642+0000] {dag.py:3823} INFO - Setting next_dagrun for dag_etl_camara_diario to 2026-07-13 03:00:00+00:00, run_after=2026-07-14 03:00:00+00:00
[2026-07-14T13:48:43.656+0000] {processor.py:183} INFO - Processing /opt/airflow/dags/dag_etl_camara_diario.py took 0.068 seconds
[2026-07-14T13:49:13.788+0000] {processor.py:161} INFO - Started process (PID=8831) to work on /opt/airflow/dags/dag_etl_camara_diario.py
[2026-07-14T13:49:13.788+0000] {processor.py:830} INFO - Processing file /opt/airflow/dags/dag_etl_camara_diario.py for tasks to queue
[2026-07-14T13:49:13.789+0000] {logging_mixin.py:188} INFO - [2026-07-14T13:49:13.789+0000] {dagbag.py:538} INFO - Filling up the DagBag from /opt/airflow/dags/dag_etl_camara_diario.py
[2026-07-14T13:49:13.799+0000] {processor.py:840} INFO - DAG(s) 'dag_etl_camara_diario' retrieved from /opt/airflow/dags/dag_etl_camara_diario.py
[2026-07-14T13:49:13.821+0000] {logging_mixin.py:188} INFO - [2026-07-14T13:49:13.821+0000] {dag.py:3036} INFO - Sync 1 DAGs
[2026-07-14T13:49:13.843+0000] {logging_mixin.py:188} INFO - [2026-07-14T13:49:13.843+0000] {dag.py:3823} INFO - Setting next_dagrun for dag_etl_camara_diario to 2026-07-13 03:00:00+00:00, run_after=2026-07-14 03:00:00+00:00
[2026-07-14T13:49:13.863+0000] {processor.py:183} INFO - Processing /opt/airflow/dags/dag_etl_camara_diario.py took 0.078 seconds
[2026-07-14T13:49:43.992+0000] {processor.py:161} INFO - Started process (PID=8846) to work on /opt/airflow/dags/dag_etl_camara_diario.py
[2026-07-14T13:49:43.993+0000] {processor.py:830} INFO - Processing file /opt/airflow/dags/dag_etl_camara_diario.py for tasks to queue
[2026-07-14T13:49:43.993+0000] {logging_mixin.py:188} INFO - [2026-07-14T13:49:43.993+0000] {dagbag.py:538} INFO - Filling up the DagBag from /opt/airflow/dags/dag_etl_camara_diario.py
[2026-07-14T13:49:44.003+0000] {processor.py:840} INFO - DAG(s) 'dag_etl_camara_diario' retrieved from /opt/airflow/dags/dag_etl_camara_diario.py
[2026-07-14T13:49:44.025+0000] {logging_mixin.py:188} INFO - [2026-07-14T13:49:44.025+0000] {dag.py:3036} INFO - Sync 1 DAGs
[2026-07-14T13:49:44.045+0000] {logging_mixin.py:188} INFO - [2026-07-14T13:49:44.045+0000] {dag.py:3823} INFO - Setting next_dagrun for dag_etl_camara_diario to 2026-07-13 03:00:00+00:00, run_after=2026-07-14 03:00:00+00:00
[2026-07-14T13:49:44.060+0000] {processor.py:183} INFO - Processing /opt/airflow/dags/dag_etl_camara_diario.py took 0.071 seconds
[2026-07-14T13:50:14.192+0000] {processor.py:161} INFO - Started process (PID=8861) to work on /opt/airflow/dags/dag_etl_camara_diario.py
[2026-07-14T13:50:14.192+0000] {processor.py:830} INFO - Processing file /opt/airflow/dags/dag_etl_camara_diario.py for tasks to queue
[2026-07-14T13:50:14.193+0000] {logging_mixin.py:188} INFO - [2026-07-14T13:50:14.193+0000] {dagbag.py:538} INFO - Filling up the DagBag from /opt/airflow/dags/dag_etl_camara_diario.py
[2026-07-14T13:50:14.202+0000] {processor.py:840} INFO - DAG(s) 'dag_etl_camara_diario' retrieved from /opt/airflow/dags/dag_etl_camara_diario.py
[2026-07-14T13:50:14.225+0000] {logging_mixin.py:188} INFO - [2026-07-14T13:50:14.225+0000] {dag.py:3036} INFO - Sync 1 DAGs
[2026-07-14T13:50:14.250+0000] {logging_mixin.py:188} INFO - [2026-07-14T13:50:14.250+0000] {dag.py:3823} INFO - Setting next_dagrun for dag_etl_camara_diario to 2026-07-13 03:00:00+00:00, run_after=2026-07-14 03:00:00+00:00
[2026-07-14T13:50:14.264+0000] {processor.py:183} INFO - Processing /opt/airflow/dags/dag_etl_camara_diario.py took 0.076 seconds
[2026-07-14T13:50:44.394+0000] {processor.py:161} INFO - Started process (PID=8876) to work on /opt/airflow/dags/dag_etl_camara_diario.py
[2026-07-14T13:50:44.394+0000] {processor.py:830} INFO - Processing file /opt/airflow/dags/dag_etl_camara_diario.py for tasks to queue
[2026-07-14T13:50:44.395+0000] {logging_mixin.py:188} INFO - [2026-07-14T13:50:44.395+0000] {dagbag.py:538} INFO - Filling up the DagBag from /opt/airflow/dags/dag_etl_camara_diario.py
[2026-07-14T13:50:44.404+0000] {processor.py:840} INFO - DAG(s) 'dag_etl_camara_diario' retrieved from /opt/airflow/dags/dag_etl_camara_diario.py
[2026-07-14T13:50:44.426+0000] {logging_mixin.py:188} INFO - [2026-07-14T13:50:44.426+0000] {dag.py:3036} INFO - Sync 1 DAGs
[2026-07-14T13:50:44.448+0000] {logging_mixin.py:188} INFO - [2026-07-14T13:50:44.447+0000] {dag.py:3823} INFO - Setting next_dagrun for dag_etl_camara_diario to 2026-07-13 03:00:00+00:00, run_after=2026-07-14 03:00:00+00:00
[2026-07-14T13:50:44.461+0000] {processor.py:183} INFO - Processing /opt/airflow/dags/dag_etl_camara_diario.py took 0.070 seconds
[2026-07-14T13:51:14.585+0000] {processor.py:161} INFO - Started process (PID=8891) to work on /opt/airflow/dags/dag_etl_camara_diario.py
[2026-07-14T13:51:14.585+0000] {processor.py:830} INFO - Processing file /opt/airflow/dags/dag_etl_camara_diario.py for tasks to queue
[2026-07-14T13:51:14.586+0000] {logging_mixin.py:188} INFO - [2026-07-14T13:51:14.586+0000] {dagbag.py:538} INFO - Filling up the DagBag from /opt/airflow/dags/dag_etl_camara_diario.py
[2026-07-14T13:51:14.596+0000] {processor.py:840} INFO - DAG(s) 'dag_etl_camara_diario' retrieved from /opt/airflow/dags/dag_etl_camara_diario.py
[2026-07-14T13:51:14.619+0000] {logging_mixin.py:188} INFO - [2026-07-14T13:51:14.619+0000] {dag.py:3036} INFO - Sync 1 DAGs
[2026-07-14T13:51:14.643+0000] {logging_mixin.py:188} INFO - [2026-07-14T13:51:14.643+0000] {dag.py:3823} INFO - Setting next_dagrun for dag_etl_camara_diario to 2026-07-13 03:00:00+00:00, run_after=2026-07-14 03:00:00+00:00
[2026-07-14T13:51:14.657+0000] {processor.py:183} INFO - Processing /opt/airflow/dags/dag_etl_camara_diario.py took 0.075 seconds
[2026-07-14T13:51:44.788+0000] {processor.py:161} INFO - Started process (PID=8906) to work on /opt/airflow/dags/dag_etl_camara_diario.py
[2026-07-14T13:51:44.789+0000] {processor.py:830} INFO - Processing file /opt/airflow/dags/dag_etl_camara_diario.py for tasks to queue
[2026-07-14T13:51:44.790+0000] {logging_mixin.py:188} INFO - [2026-07-14T13:51:44.790+0000] {dagbag.py:538} INFO - Filling up the DagBag from /opt/airflow/dags/dag_etl_camara_diario.py
[2026-07-14T13:51:44.800+0000] {processor.py:840} INFO - DAG(s) 'dag_etl_camara_diario' retrieved from /opt/airflow/dags/dag_etl_camara_diario.py
[2026-07-14T13:51:44.823+0000] {logging_mixin.py:188} INFO - [2026-07-14T13:51:44.823+0000] {dag.py:3036} INFO - Sync 1 DAGs
[2026-07-14T13:51:44.846+0000] {logging_mixin.py:188} INFO - [2026-07-14T13:51:44.846+0000] {dag.py:3823} INFO - Setting next_dagrun for dag_etl_camara_diario to 2026-07-13 03:00:00+00:00, run_after=2026-07-14 03:00:00+00:00
[2026-07-14T13:51:44.863+0000] {processor.py:183} INFO - Processing /opt/airflow/dags/dag_etl_camara_diario.py took 0.078 seconds
[2026-07-14T13:52:14.989+0000] {processor.py:161} INFO - Started process (PID=8921) to work on /opt/airflow/dags/dag_etl_camara_diario.py
[2026-07-14T13:52:14.990+0000] {processor.py:830} INFO - Processing file /opt/airflow/dags/dag_etl_camara_diario.py for tasks to queue
[2026-07-14T13:52:14.991+0000] {logging_mixin.py:188} INFO - [2026-07-14T13:52:14.991+0000] {dagbag.py:538} INFO - Filling up the DagBag from /opt/airflow/dags/dag_etl_camara_diario.py
[2026-07-14T13:52:15.000+0000] {processor.py:840} INFO - DAG(s) 'dag_etl_camara_diario' retrieved from /opt/airflow/dags/dag_etl_camara_diario.py
[2026-07-14T13:52:15.024+0000] {logging_mixin.py:188} INFO - [2026-07-14T13:52:15.024+0000] {dag.py:3036} INFO - Sync 1 DAGs
[2026-07-14T13:52:15.051+0000] {logging_mixin.py:188} INFO - [2026-07-14T13:52:15.050+0000] {dag.py:3823} INFO - Setting next_dagrun for dag_etl_camara_diario to 2026-07-13 03:00:00+00:00, run_after=2026-07-14 03:00:00+00:00
[2026-07-14T13:52:15.067+0000] {processor.py:183} INFO - Processing /opt/airflow/dags/dag_etl_camara_diario.py took 0.081 seconds
[2026-07-14T13:52:45.192+0000] {processor.py:161} INFO - Started process (PID=8936) to work on /opt/airflow/dags/dag_etl_camara_diario.py
[2026-07-14T13:52:45.193+0000] {processor.py:830} INFO - Processing file /opt/airflow/dags/dag_etl_camara_diario.py for tasks to queue
[2026-07-14T13:52:45.193+0000] {logging_mixin.py:188} INFO - [2026-07-14T13:52:45.193+0000] {dagbag.py:538} INFO - Filling up the DagBag from /opt/airflow/dags/dag_etl_camara_diario.py
[2026-07-14T13:52:45.202+0000] {processor.py:840} INFO - DAG(s) 'dag_etl_camara_diario' retrieved from /opt/airflow/dags/dag_etl_camara_diario.py
[2026-07-14T13:52:45.223+0000] {logging_mixin.py:188} INFO - [2026-07-14T13:52:45.223+0000] {dag.py:3036} INFO - Sync 1 DAGs
[2026-07-14T13:52:45.245+0000] {logging_mixin.py:188} INFO - [2026-07-14T13:52:45.245+0000] {dag.py:3823} INFO - Setting next_dagrun for dag_etl_camara_diario to 2026-07-13 03:00:00+00:00, run_after=2026-07-14 03:00:00+00:00
[2026-07-14T13:52:45.264+0000] {processor.py:183} INFO - Processing /opt/airflow/dags/dag_etl_camara_diario.py took 0.074 seconds
[2026-07-14T13:53:15.399+0000] {processor.py:161} INFO - Started process (PID=8951) to work on /opt/airflow/dags/dag_etl_camara_diario.py
[2026-07-14T13:53:15.400+0000] {processor.py:830} INFO - Processing file /opt/airflow/dags/dag_etl_camara_diario.py for tasks to queue
[2026-07-14T13:53:15.400+0000] {logging_mixin.py:188} INFO - [2026-07-14T13:53:15.400+0000] {dagbag.py:538} INFO - Filling up the DagBag from /opt/airflow/dags/dag_etl_camara_diario.py
[2026-07-14T13:53:15.409+0000] {processor.py:840} INFO - DAG(s) 'dag_etl_camara_diario' retrieved from /opt/airflow/dags/dag_etl_camara_diario.py
[2026-07-14T13:53:15.432+0000] {logging_mixin.py:188} INFO - [2026-07-14T13:53:15.431+0000] {dag.py:3036} INFO - Sync 1 DAGs
[2026-07-14T13:53:15.453+0000] {logging_mixin.py:188} INFO - [2026-07-14T13:53:15.453+0000] {dag.py:3823} INFO - Setting next_dagrun for dag_etl_camara_diario to 2026-07-13 03:00:00+00:00, run_after=2026-07-14 03:00:00+00:00
[2026-07-14T13:53:15.471+0000] {processor.py:183} INFO - Processing /opt/airflow/dags/dag_etl_camara_diario.py took 0.074 seconds
[2026-07-14T13:53:45.596+0000] {processor.py:161} INFO - Started process (PID=8966) to work on /opt/airflow/dags/dag_etl_camara_diario.py
[2026-07-14T13:53:45.597+0000] {processor.py:830} INFO - Processing file /opt/airflow/dags/dag_etl_camara_diario.py for tasks to queue
[2026-07-14T13:53:45.598+0000] {logging_mixin.py:188} INFO - [2026-07-14T13:53:45.597+0000] {dagbag.py:538} INFO - Filling up the DagBag from /opt/airflow/dags/dag_etl_camara_diario.py
[2026-07-14T13:53:45.607+0000] {processor.py:840} INFO - DAG(s) 'dag_etl_camara_diario' retrieved from /opt/airflow/dags/dag_etl_camara_diario.py
[2026-07-14T13:53:45.628+0000] {logging_mixin.py:188} INFO - [2026-07-14T13:53:45.628+0000] {dag.py:3036} INFO - Sync 1 DAGs
[2026-07-14T13:53:45.653+0000] {logging_mixin.py:188} INFO - [2026-07-14T13:53:45.652+0000] {dag.py:3823} INFO - Setting next_dagrun for dag_etl_camara_diario to 2026-07-13 03:00:00+00:00, run_after=2026-07-14 03:00:00+00:00
[2026-07-14T13:53:45.669+0000] {processor.py:183} INFO - Processing /opt/airflow/dags/dag_etl_camara_diario.py took 0.076 seconds
[2026-07-14T13:54:15.796+0000] {processor.py:161} INFO - Started process (PID=8981) to work on /opt/airflow/dags/dag_etl_camara_diario.py
[2026-07-14T13:54:15.797+0000] {processor.py:830} INFO - Processing file /opt/airflow/dags/dag_etl_camara_diario.py for tasks to queue
[2026-07-14T13:54:15.797+0000] {logging_mixin.py:188} INFO - [2026-07-14T13:54:15.797+0000] {dagbag.py:538} INFO - Filling up the DagBag from /opt/airflow/dags/dag_etl_camara_diario.py
[2026-07-14T13:54:15.806+0000] {processor.py:840} INFO - DAG(s) 'dag_etl_camara_diario' retrieved from /opt/airflow/dags/dag_etl_camara_diario.py
[2026-07-14T13:54:15.828+0000] {logging_mixin.py:188} INFO - [2026-07-14T13:54:15.828+0000] {dag.py:3036} INFO - Sync 1 DAGs
[2026-07-14T13:54:15.850+0000] {logging_mixin.py:188} INFO - [2026-07-14T13:54:15.850+0000] {dag.py:3823} INFO - Setting next_dagrun for dag_etl_camara_diario to 2026-07-13 03:00:00+00:00, run_after=2026-07-14 03:00:00+00:00
[2026-07-14T13:54:15.867+0000] {processor.py:183} INFO - Processing /opt/airflow/dags/dag_etl_camara_diario.py took 0.074 seconds
[2026-07-14T13:54:45.999+0000] {processor.py:161} INFO - Started process (PID=8996) to work on /opt/airflow/dags/dag_etl_camara_diario.py
[2026-07-14T13:54:46.000+0000] {processor.py:830} INFO - Processing file /opt/airflow/dags/dag_etl_camara_diario.py for tasks to queue
[2026-07-14T13:54:46.000+0000] {logging_mixin.py:188} INFO - [2026-07-14T13:54:46.000+0000] {dagbag.py:538} INFO - Filling up the DagBag from /opt/airflow/dags/dag_etl_camara_diario.py
[2026-07-14T13:54:46.009+0000] {processor.py:840} INFO - DAG(s) 'dag_etl_camara_diario' retrieved from /opt/airflow/dags/dag_etl_camara_diario.py
[2026-07-14T13:54:46.032+0000] {logging_mixin.py:188} INFO - [2026-07-14T13:54:46.032+0000] {dag.py:3036} INFO - Sync 1 DAGs
[2026-07-14T13:54:46.056+0000] {logging_mixin.py:188} INFO - [2026-07-14T13:54:46.056+0000] {dag.py:3823} INFO - Setting next_dagrun for dag_etl_camara_diario to 2026-07-13 03:00:00+00:00, run_after=2026-07-14 03:00:00+00:00
[2026-07-14T13:54:46.073+0000] {processor.py:183} INFO - Processing /opt/airflow/dags/dag_etl_camara_diario.py took 0.077 seconds
[2026-07-14T13:55:16.200+0000] {processor.py:161} INFO - Started process (PID=9011) to work on /opt/airflow/dags/dag_etl_camara_diario.py
[2026-07-14T13:55:16.201+0000] {processor.py:830} INFO - Processing file /opt/airflow/dags/dag_etl_camara_diario.py for tasks to queue
[2026-07-14T13:55:16.201+0000] {logging_mixin.py:188} INFO - [2026-07-14T13:55:16.201+0000] {dagbag.py:538} INFO - Filling up the DagBag from /opt/airflow/dags/dag_etl_camara_diario.py
[2026-07-14T13:55:16.210+0000] {processor.py:840} INFO - DAG(s) 'dag_etl_camara_diario' retrieved from /opt/airflow/dags/dag_etl_camara_diario.py
[2026-07-14T13:55:16.231+0000] {logging_mixin.py:188} INFO - [2026-07-14T13:55:16.231+0000] {dag.py:3036} INFO - Sync 1 DAGs
[2026-07-14T13:55:16.254+0000] {logging_mixin.py:188} INFO - [2026-07-14T13:55:16.253+0000] {dag.py:3823} INFO - Setting next_dagrun for dag_etl_camara_diario to 2026-07-13 03:00:00+00:00, run_after=2026-07-14 03:00:00+00:00
[2026-07-14T13:55:16.269+0000] {processor.py:183} INFO - Processing /opt/airflow/dags/dag_etl_camara_diario.py took 0.071 seconds
[2026-07-14T13:55:46.398+0000] {processor.py:161} INFO - Started process (PID=9026) to work on /opt/airflow/dags/dag_etl_camara_diario.py
[2026-07-14T13:55:46.399+0000] {processor.py:830} INFO - Processing file /opt/airflow/dags/dag_etl_camara_diario.py for tasks to queue
[2026-07-14T13:55:46.400+0000] {logging_mixin.py:188} INFO - [2026-07-14T13:55:46.400+0000] {dagbag.py:538} INFO - Filling up the DagBag from /opt/airflow/dags/dag_etl_camara_diario.py
[2026-07-14T13:55:46.411+0000] {processor.py:840} INFO - DAG(s) 'dag_etl_camara_diario' retrieved from /opt/airflow/dags/dag_etl_camara_diario.py
[2026-07-14T13:55:46.432+0000] {logging_mixin.py:188} INFO - [2026-07-14T13:55:46.431+0000] {dag.py:3036} INFO - Sync 1 DAGs
[2026-07-14T13:55:46.452+0000] {logging_mixin.py:188} INFO - [2026-07-14T13:55:46.452+0000] {dag.py:3823} INFO - Setting next_dagrun for dag_etl_camara_diario to 2026-07-13 03:00:00+00:00, run_after=2026-07-14 03:00:00+00:00
[2026-07-14T13:55:46.464+0000] {processor.py:183} INFO - Processing /opt/airflow/dags/dag_etl_camara_diario.py took 0.069 seconds
[2026-07-14T13:56:16.595+0000] {processor.py:161} INFO - Started process (PID=9041) to work on /opt/airflow/dags/dag_etl_camara_diario.py
[2026-07-14T13:56:16.596+0000] {processor.py:830} INFO - Processing file /opt/airflow/dags/dag_etl_camara_diario.py for tasks to queue
[2026-07-14T13:56:16.597+0000] {logging_mixin.py:188} INFO - [2026-07-14T13:56:16.596+0000] {dagbag.py:538} INFO - Filling up the DagBag from /opt/airflow/dags/dag_etl_camara_diario.py
[2026-07-14T13:56:16.607+0000] {processor.py:840} INFO - DAG(s) 'dag_etl_camara_diario' retrieved from /opt/airflow/dags/dag_etl_camara_diario.py
[2026-07-14T13:56:16.632+0000] {logging_mixin.py:188} INFO - [2026-07-14T13:56:16.632+0000] {dag.py:3036} INFO - Sync 1 DAGs
[2026-07-14T13:56:16.657+0000] {logging_mixin.py:188} INFO - [2026-07-14T13:56:16.657+0000] {dag.py:3823} INFO - Setting next_dagrun for dag_etl_camara_diario to 2026-07-13 03:00:00+00:00, run_after=2026-07-14 03:00:00+00:00
[2026-07-14T13:56:16.683+0000] {processor.py:183} INFO - Processing /opt/airflow/dags/dag_etl_camara_diario.py took 0.091 seconds
[2026-07-14T13:56:46.823+0000] {processor.py:161} INFO - Started process (PID=9056) to work on /opt/airflow/dags/dag_etl_camara_diario.py
[2026-07-14T13:56:46.824+0000] {processor.py:830} INFO - Processing file /opt/airflow/dags/dag_etl_camara_diario.py for tasks to queue
[2026-07-14T13:56:46.825+0000] {logging_mixin.py:188} INFO - [2026-07-14T13:56:46.825+0000] {dagbag.py:538} INFO - Filling up the DagBag from /opt/airflow/dags/dag_etl_camara_diario.py
[2026-07-14T13:56:46.836+0000] {processor.py:840} INFO - DAG(s) 'dag_etl_camara_diario' retrieved from /opt/airflow/dags/dag_etl_camara_diario.py
[2026-07-14T13:56:46.862+0000] {logging_mixin.py:188} INFO - [2026-07-14T13:56:46.862+0000] {dag.py:3036} INFO - Sync 1 DAGs
[2026-07-14T13:56:46.888+0000] {logging_mixin.py:188} INFO - [2026-07-14T13:56:46.888+0000] {dag.py:3823} INFO - Setting next_dagrun for dag_etl_camara_diario to 2026-07-13 03:00:00+00:00, run_after=2026-07-14 03:00:00+00:00
[2026-07-14T13:56:46.905+0000] {processor.py:183} INFO - Processing /opt/airflow/dags/dag_etl_camara_diario.py took 0.086 seconds
[2026-07-14T13:57:17.034+0000] {processor.py:161} INFO - Started process (PID=9071) to work on /opt/airflow/dags/dag_etl_camara_diario.py
[2026-07-14T13:57:17.035+0000] {processor.py:830} INFO - Processing file /opt/airflow/dags/dag_etl_camara_diario.py for tasks to queue
[2026-07-14T13:57:17.036+0000] {logging_mixin.py:188} INFO - [2026-07-14T13:57:17.035+0000] {dagbag.py:538} INFO - Filling up the DagBag from /opt/airflow/dags/dag_etl_camara_diario.py
[2026-07-14T13:57:17.045+0000] {processor.py:840} INFO - DAG(s) 'dag_etl_camara_diario' retrieved from /opt/airflow/dags/dag_etl_camara_diario.py
[2026-07-14T13:57:17.067+0000] {logging_mixin.py:188} INFO - [2026-07-14T13:57:17.067+0000] {dag.py:3036} INFO - Sync 1 DAGs
[2026-07-14T13:57:17.089+0000] {logging_mixin.py:188} INFO - [2026-07-14T13:57:17.089+0000] {dag.py:3823} INFO - Setting next_dagrun for dag_etl_camara_diario to 2026-07-13 03:00:00+00:00, run_after=2026-07-14 03:00:00+00:00
[2026-07-14T13:57:17.105+0000] {processor.py:183} INFO - Processing /opt/airflow/dags/dag_etl_camara_diario.py took 0.073 seconds
[2026-07-14T13:57:47.232+0000] {processor.py:161} INFO - Started process (PID=9086) to work on /opt/airflow/dags/dag_etl_camara_diario.py
[2026-07-14T13:57:47.233+0000] {processor.py:830} INFO - Processing file /opt/airflow/dags/dag_etl_camara_diario.py for tasks to queue
[2026-07-14T13:57:47.234+0000] {logging_mixin.py:188} INFO - [2026-07-14T13:57:47.233+0000] {dagbag.py:538} INFO - Filling up the DagBag from /opt/airflow/dags/dag_etl_camara_diario.py
[2026-07-14T13:57:47.243+0000] {processor.py:840} INFO - DAG(s) 'dag_etl_camara_diario' retrieved from /opt/airflow/dags/dag_etl_camara_diario.py
[2026-07-14T13:57:47.264+0000] {logging_mixin.py:188} INFO - [2026-07-14T13:57:47.263+0000] {dag.py:3036} INFO - Sync 1 DAGs
[2026-07-14T13:57:47.284+0000] {logging_mixin.py:188} INFO - [2026-07-14T13:57:47.284+0000] {dag.py:3823} INFO - Setting next_dagrun for dag_etl_camara_diario to 2026-07-13 03:00:00+00:00, run_after=2026-07-14 03:00:00+00:00
[2026-07-14T13:57:47.300+0000] {processor.py:183} INFO - Processing /opt/airflow/dags/dag_etl_camara_diario.py took 0.071 seconds
[2026-07-14T13:58:17.428+0000] {processor.py:161} INFO - Started process (PID=9101) to work on /opt/airflow/dags/dag_etl_camara_diario.py
[2026-07-14T13:58:17.429+0000] {processor.py:830} INFO - Processing file /opt/airflow/dags/dag_etl_camara_diario.py for tasks to queue
[2026-07-14T13:58:17.430+0000] {logging_mixin.py:188} INFO - [2026-07-14T13:58:17.430+0000] {dagbag.py:538} INFO - Filling up the DagBag from /opt/airflow/dags/dag_etl_camara_diario.py
[2026-07-14T13:58:17.439+0000] {processor.py:840} INFO - DAG(s) 'dag_etl_camara_diario' retrieved from /opt/airflow/dags/dag_etl_camara_diario.py
[2026-07-14T13:58:17.461+0000] {logging_mixin.py:188} INFO - [2026-07-14T13:58:17.461+0000] {dag.py:3036} INFO - Sync 1 DAGs
[2026-07-14T13:58:17.483+0000] {logging_mixin.py:188} INFO - [2026-07-14T13:58:17.483+0000] {dag.py:3823} INFO - Setting next_dagrun for dag_etl_camara_diario to 2026-07-13 03:00:00+00:00, run_after=2026-07-14 03:00:00+00:00
[2026-07-14T13:58:17.500+0000] {processor.py:183} INFO - Processing /opt/airflow/dags/dag_etl_camara_diario.py took 0.074 seconds
[2026-07-14T13:58:47.632+0000] {processor.py:161} INFO - Started process (PID=9116) to work on /opt/airflow/dags/dag_etl_camara_diario.py
[2026-07-14T13:58:47.633+0000] {processor.py:830} INFO - Processing file /opt/airflow/dags/dag_etl_camara_diario.py for tasks to queue
[2026-07-14T13:58:47.633+0000] {logging_mixin.py:188} INFO - [2026-07-14T13:58:47.633+0000] {dagbag.py:538} INFO - Filling up the DagBag from /opt/airflow/dags/dag_etl_camara_diario.py
[2026-07-14T13:58:47.641+0000] {processor.py:840} INFO - DAG(s) 'dag_etl_camara_diario' retrieved from /opt/airflow/dags/dag_etl_camara_diario.py
[2026-07-14T13:58:47.661+0000] {logging_mixin.py:188} INFO - [2026-07-14T13:58:47.661+0000] {dag.py:3036} INFO - Sync 1 DAGs
[2026-07-14T13:58:47.681+0000] {logging_mixin.py:188} INFO - [2026-07-14T13:58:47.681+0000] {dag.py:3823} INFO - Setting next_dagrun for dag_etl_camara_diario to 2026-07-13 03:00:00+00:00, run_after=2026-07-14 03:00:00+00:00
[2026-07-14T13:58:47.694+0000] {processor.py:183} INFO - Processing /opt/airflow/dags/dag_etl_camara_diario.py took 0.065 seconds
[2026-07-14T13:59:17.818+0000] {processor.py:161} INFO - Started process (PID=9131) to work on /opt/airflow/dags/dag_etl_camara_diario.py
[2026-07-14T13:59:17.819+0000] {processor.py:830} INFO - Processing file /opt/airflow/dags/dag_etl_camara_diario.py for tasks to queue
[2026-07-14T13:59:17.820+0000] {logging_mixin.py:188} INFO - [2026-07-14T13:59:17.820+0000] {dagbag.py:538} INFO - Filling up the DagBag from /opt/airflow/dags/dag_etl_camara_diario.py
[2026-07-14T13:59:17.829+0000] {processor.py:840} INFO - DAG(s) 'dag_etl_camara_diario' retrieved from /opt/airflow/dags/dag_etl_camara_diario.py
[2026-07-14T13:59:17.850+0000] {logging_mixin.py:188} INFO - [2026-07-14T13:59:17.850+0000] {dag.py:3036} INFO - Sync 1 DAGs
[2026-07-14T13:59:17.871+0000] {logging_mixin.py:188} INFO - [2026-07-14T13:59:17.871+0000] {dag.py:3823} INFO - Setting next_dagrun for dag_etl_camara_diario to 2026-07-13 03:00:00+00:00, run_after=2026-07-14 03:00:00+00:00
[2026-07-14T13:59:17.886+0000] {processor.py:183} INFO - Processing /opt/airflow/dags/dag_etl_camara_diario.py took 0.070 seconds
[2026-07-14T13:59:48.012+0000] {processor.py:161} INFO - Started process (PID=9146) to work on /opt/airflow/dags/dag_etl_camara_diario.py
[2026-07-14T13:59:48.013+0000] {processor.py:830} INFO - Processing file /opt/airflow/dags/dag_etl_camara_diario.py for tasks to queue
[2026-07-14T13:59:48.014+0000] {logging_mixin.py:188} INFO - [2026-07-14T13:59:48.014+0000] {dagbag.py:538} INFO - Filling up the DagBag from /opt/airflow/dags/dag_etl_camara_diario.py
[2026-07-14T13:59:48.023+0000] {processor.py:840} INFO - DAG(s) 'dag_etl_camara_diario' retrieved from /opt/airflow/dags/dag_etl_camara_diario.py
[2026-07-14T13:59:48.043+0000] {logging_mixin.py:188} INFO - [2026-07-14T13:59:48.043+0000] {dag.py:3036} INFO - Sync 1 DAGs
[2026-07-14T13:59:48.063+0000] {logging_mixin.py:188} INFO - [2026-07-14T13:59:48.063+0000] {dag.py:3823} INFO - Setting next_dagrun for dag_etl_camara_diario to 2026-07-13 03:00:00+00:00, run_after=2026-07-14 03:00:00+00:00
[2026-07-14T13:59:48.078+0000] {processor.py:183} INFO - Processing /opt/airflow/dags/dag_etl_camara_diario.py took 0.068 seconds
[2026-07-14T14:00:18.208+0000] {processor.py:161} INFO - Started process (PID=9161) to work on /opt/airflow/dags/dag_etl_camara_diario.py
[2026-07-14T14:00:18.208+0000] {processor.py:830} INFO - Processing file /opt/airflow/dags/dag_etl_camara_diario.py for tasks to queue
[2026-07-14T14:00:18.209+0000] {logging_mixin.py:188} INFO - [2026-07-14T14:00:18.209+0000] {dagbag.py:538} INFO - Filling up the DagBag from /opt/airflow/dags/dag_etl_camara_diario.py
[2026-07-14T14:00:18.218+0000] {processor.py:840} INFO - DAG(s) 'dag_etl_camara_diario' retrieved from /opt/airflow/dags/dag_etl_camara_diario.py
[2026-07-14T14:00:18.239+0000] {logging_mixin.py:188} INFO - [2026-07-14T14:00:18.239+0000] {dag.py:3036} INFO - Sync 1 DAGs
[2026-07-14T14:00:18.261+0000] {logging_mixin.py:188} INFO - [2026-07-14T14:00:18.261+0000] {dag.py:3823} INFO - Setting next_dagrun for dag_etl_camara_diario to 2026-07-13 03:00:00+00:00, run_after=2026-07-14 03:00:00+00:00
[2026-07-14T14:00:18.277+0000] {processor.py:183} INFO - Processing /opt/airflow/dags/dag_etl_camara_diario.py took 0.072 seconds
[2026-07-14T14:00:48.394+0000] {processor.py:161} INFO - Started process (PID=9176) to work on /opt/airflow/dags/dag_etl_camara_diario.py
[2026-07-14T14:00:48.395+0000] {processor.py:830} INFO - Processing file /opt/airflow/dags/dag_etl_camara_diario.py for tasks to queue
[2026-07-14T14:00:48.395+0000] {logging_mixin.py:188} INFO - [2026-07-14T14:00:48.395+0000] {dagbag.py:538} INFO - Filling up the DagBag from /opt/airflow/dags/dag_etl_camara_diario.py
[2026-07-14T14:00:48.404+0000] {processor.py:840} INFO - DAG(s) 'dag_etl_camara_diario' retrieved from /opt/airflow/dags/dag_etl_camara_diario.py
[2026-07-14T14:00:48.426+0000] {logging_mixin.py:188} INFO - [2026-07-14T14:00:48.425+0000] {dag.py:3036} INFO - Sync 1 DAGs
[2026-07-14T14:00:48.449+0000] {logging_mixin.py:188} INFO - [2026-07-14T14:00:48.448+0000] {dag.py:3823} INFO - Setting next_dagrun for dag_etl_camara_diario to 2026-07-13 03:00:00+00:00, run_after=2026-07-14 03:00:00+00:00
[2026-07-14T14:00:48.461+0000] {processor.py:183} INFO - Processing /opt/airflow/dags/dag_etl_camara_diario.py took 0.070 seconds
[2026-07-14T14:01:18.580+0000] {processor.py:161} INFO - Started process (PID=9191) to work on /opt/airflow/dags/dag_etl_camara_diario.py
[2026-07-14T14:01:18.580+0000] {processor.py:830} INFO - Processing file /opt/airflow/dags/dag_etl_camara_diario.py for tasks to queue
[2026-07-14T14:01:18.581+0000] {logging_mixin.py:188} INFO - [2026-07-14T14:01:18.581+0000] {dagbag.py:538} INFO - Filling up the DagBag from /opt/airflow/dags/dag_etl_camara_diario.py
[2026-07-14T14:01:18.590+0000] {processor.py:840} INFO - DAG(s) 'dag_etl_camara_diario' retrieved from /opt/airflow/dags/dag_etl_camara_diario.py
[2026-07-14T14:01:18.610+0000] {logging_mixin.py:188} INFO - [2026-07-14T14:01:18.610+0000] {dag.py:3036} INFO - Sync 1 DAGs
[2026-07-14T14:01:18.632+0000] {logging_mixin.py:188} INFO - [2026-07-14T14:01:18.632+0000] {dag.py:3823} INFO - Setting next_dagrun for dag_etl_camara_diario to 2026-07-13 03:00:00+00:00, run_after=2026-07-14 03:00:00+00:00
[2026-07-14T14:01:18.646+0000] {processor.py:183} INFO - Processing /opt/airflow/dags/dag_etl_camara_diario.py took 0.069 seconds
[2026-07-14T14:01:48.761+0000] {processor.py:161} INFO - Started process (PID=9206) to work on /opt/airflow/dags/dag_etl_camara_diario.py
[2026-07-14T14:01:48.762+0000] {processor.py:830} INFO - Processing file /opt/airflow/dags/dag_etl_camara_diario.py for tasks to queue
[2026-07-14T14:01:48.762+0000] {logging_mixin.py:188} INFO - [2026-07-14T14:01:48.762+0000] {dagbag.py:538} INFO - Filling up the DagBag from /opt/airflow/dags/dag_etl_camara_diario.py
[2026-07-14T14:01:48.771+0000] {processor.py:840} INFO - DAG(s) 'dag_etl_camara_diario' retrieved from /opt/airflow/dags/dag_etl_camara_diario.py
[2026-07-14T14:01:48.791+0000] {logging_mixin.py:188} INFO - [2026-07-14T14:01:48.790+0000] {dag.py:3036} INFO - Sync 1 DAGs
[2026-07-14T14:01:48.811+0000] {logging_mixin.py:188} INFO - [2026-07-14T14:01:48.810+0000] {dag.py:3823} INFO - Setting next_dagrun for dag_etl_camara_diario to 2026-07-13 03:00:00+00:00, run_after=2026-07-14 03:00:00+00:00
[2026-07-14T14:01:48.824+0000] {processor.py:183} INFO - Processing /opt/airflow/dags/dag_etl_camara_diario.py took 0.066 seconds
[2026-07-14T14:02:18.944+0000] {processor.py:161} INFO - Started process (PID=9221) to work on /opt/airflow/dags/dag_etl_camara_diario.py
[2026-07-14T14:02:18.944+0000] {processor.py:830} INFO - Processing file /opt/airflow/dags/dag_etl_camara_diario.py for tasks to queue
[2026-07-14T14:02:18.945+0000] {logging_mixin.py:188} INFO - [2026-07-14T14:02:18.944+0000] {dagbag.py:538} INFO - Filling up the DagBag from /opt/airflow/dags/dag_etl_camara_diario.py
[2026-07-14T14:02:18.953+0000] {processor.py:840} INFO - DAG(s) 'dag_etl_camara_diario' retrieved from /opt/airflow/dags/dag_etl_camara_diario.py
[2026-07-14T14:02:18.973+0000] {logging_mixin.py:188} INFO - [2026-07-14T14:02:18.973+0000] {dag.py:3036} INFO - Sync 1 DAGs
[2026-07-14T14:02:18.993+0000] {logging_mixin.py:188} INFO - [2026-07-14T14:02:18.993+0000] {dag.py:3823} INFO - Setting next_dagrun for dag_etl_camara_diario to 2026-07-13 03:00:00+00:00, run_after=2026-07-14 03:00:00+00:00
[2026-07-14T14:02:19.007+0000] {processor.py:183} INFO - Processing /opt/airflow/dags/dag_etl_camara_diario.py took 0.066 seconds
[2026-07-14T14:02:49.131+0000] {processor.py:161} INFO - Started process (PID=9236) to work on /opt/airflow/dags/dag_etl_camara_diario.py
[2026-07-14T14:02:49.132+0000] {processor.py:830} INFO - Processing file /opt/airflow/dags/dag_etl_camara_diario.py for tasks to queue
[2026-07-14T14:02:49.133+0000] {logging_mixin.py:188} INFO - [2026-07-14T14:02:49.132+0000] {dagbag.py:538} INFO - Filling up the DagBag from /opt/airflow/dags/dag_etl_camara_diario.py
[2026-07-14T14:02:49.141+0000] {processor.py:840} INFO - DAG(s) 'dag_etl_camara_diario' retrieved from /opt/airflow/dags/dag_etl_camara_diario.py
[2026-07-14T14:02:49.161+0000] {logging_mixin.py:188} INFO - [2026-07-14T14:02:49.161+0000] {dag.py:3036} INFO - Sync 1 DAGs
[2026-07-14T14:02:49.180+0000] {logging_mixin.py:188} INFO - [2026-07-14T14:02:49.180+0000] {dag.py:3823} INFO - Setting next_dagrun for dag_etl_camara_diario to 2026-07-13 03:00:00+00:00, run_after=2026-07-14 03:00:00+00:00
[2026-07-14T14:02:49.196+0000] {processor.py:183} INFO - Processing /opt/airflow/dags/dag_etl_camara_diario.py took 0.068 seconds
[2026-07-14T14:03:19.315+0000] {processor.py:161} INFO - Started process (PID=9251) to work on /opt/airflow/dags/dag_etl_camara_diario.py
[2026-07-14T14:03:19.316+0000] {processor.py:830} INFO - Processing file /opt/airflow/dags/dag_etl_camara_diario.py for tasks to queue
[2026-07-14T14:03:19.316+0000] {logging_mixin.py:188} INFO - [2026-07-14T14:03:19.316+0000] {dagbag.py:538} INFO - Filling up the DagBag from /opt/airflow/dags/dag_etl_camara_diario.py
[2026-07-14T14:03:19.325+0000] {processor.py:840} INFO - DAG(s) 'dag_etl_camara_diario' retrieved from /opt/airflow/dags/dag_etl_camara_diario.py
[2026-07-14T14:03:19.345+0000] {logging_mixin.py:188} INFO - [2026-07-14T14:03:19.344+0000] {dag.py:3036} INFO - Sync 1 DAGs
[2026-07-14T14:03:19.364+0000] {logging_mixin.py:188} INFO - [2026-07-14T14:03:19.364+0000] {dag.py:3823} INFO - Setting next_dagrun for dag_etl_camara_diario to 2026-07-13 03:00:00+00:00, run_after=2026-07-14 03:00:00+00:00
[2026-07-14T14:03:19.378+0000] {processor.py:183} INFO - Processing /opt/airflow/dags/dag_etl_camara_diario.py took 0.065 seconds
[2026-07-14T14:03:49.493+0000] {processor.py:161} INFO - Started process (PID=9266) to work on /opt/airflow/dags/dag_etl_camara_diario.py
[2026-07-14T14:03:49.493+0000] {processor.py:830} INFO - Processing file /opt/airflow/dags/dag_etl_camara_diario.py for tasks to queue
[2026-07-14T14:03:49.494+0000] {logging_mixin.py:188} INFO - [2026-07-14T14:03:49.494+0000] {dagbag.py:538} INFO - Filling up the DagBag from /opt/airflow/dags/dag_etl_camara_diario.py
[2026-07-14T14:03:49.502+0000] {processor.py:840} INFO - DAG(s) 'dag_etl_camara_diario' retrieved from /opt/airflow/dags/dag_etl_camara_diario.py
[2026-07-14T14:03:49.521+0000] {logging_mixin.py:188} INFO - [2026-07-14T14:03:49.521+0000] {dag.py:3036} INFO - Sync 1 DAGs
[2026-07-14T14:03:49.541+0000] {logging_mixin.py:188} INFO - [2026-07-14T14:03:49.541+0000] {dag.py:3823} INFO - Setting next_dagrun for dag_etl_camara_diario to 2026-07-13 03:00:00+00:00, run_after=2026-07-14 03:00:00+00:00
[2026-07-14T14:03:49.555+0000] {processor.py:183} INFO - Processing /opt/airflow/dags/dag_etl_camara_diario.py took 0.065 seconds
[2026-07-14T14:04:19.684+0000] {processor.py:161} INFO - Started process (PID=9281) to work on /opt/airflow/dags/dag_etl_camara_diario.py
[2026-07-14T14:04:19.685+0000] {processor.py:830} INFO - Processing file /opt/airflow/dags/dag_etl_camara_diario.py for tasks to queue
[2026-07-14T14:04:19.685+0000] {logging_mixin.py:188} INFO - [2026-07-14T14:04:19.685+0000] {dagbag.py:538} INFO - Filling up the DagBag from /opt/airflow/dags/dag_etl_camara_diario.py
[2026-07-14T14:04:19.694+0000] {processor.py:840} INFO - DAG(s) 'dag_etl_camara_diario' retrieved from /opt/airflow/dags/dag_etl_camara_diario.py
[2026-07-14T14:04:19.714+0000] {logging_mixin.py:188} INFO - [2026-07-14T14:04:19.714+0000] {dag.py:3036} INFO - Sync 1 DAGs
[2026-07-14T14:04:19.733+0000] {logging_mixin.py:188} INFO - [2026-07-14T14:04:19.733+0000] {dag.py:3823} INFO - Setting next_dagrun for dag_etl_camara_diario to 2026-07-13 03:00:00+00:00, run_after=2026-07-14 03:00:00+00:00
[2026-07-14T14:04:19.745+0000] {processor.py:183} INFO - Processing /opt/airflow/dags/dag_etl_camara_diario.py took 0.063 seconds
[2026-07-14T14:04:49.864+0000] {processor.py:161} INFO - Started process (PID=9296) to work on /opt/airflow/dags/dag_etl_camara_diario.py
[2026-07-14T14:04:49.865+0000] {processor.py:830} INFO - Processing file /opt/airflow/dags/dag_etl_camara_diario.py for tasks to queue
[2026-07-14T14:04:49.865+0000] {logging_mixin.py:188} INFO - [2026-07-14T14:04:49.865+0000] {dagbag.py:538} INFO - Filling up the DagBag from /opt/airflow/dags/dag_etl_camara_diario.py
[2026-07-14T14:04:49.876+0000] {processor.py:840} INFO - DAG(s) 'dag_etl_camara_diario' retrieved from /opt/airflow/dags/dag_etl_camara_diario.py
[2026-07-14T14:04:49.898+0000] {logging_mixin.py:188} INFO - [2026-07-14T14:04:49.898+0000] {dag.py:3036} INFO - Sync 1 DAGs
[2026-07-14T14:04:49.920+0000] {logging_mixin.py:188} INFO - [2026-07-14T14:04:49.920+0000] {dag.py:3823} INFO - Setting next_dagrun for dag_etl_camara_diario to 2026-07-13 03:00:00+00:00, run_after=2026-07-14 03:00:00+00:00
[2026-07-14T14:04:49.936+0000] {processor.py:183} INFO - Processing /opt/airflow/dags/dag_etl_camara_diario.py took 0.075 seconds
[2026-07-14T14:05:20.069+0000] {processor.py:161} INFO - Started process (PID=9311) to work on /opt/airflow/dags/dag_etl_camara_diario.py
[2026-07-14T14:05:20.070+0000] {processor.py:830} INFO - Processing file /opt/airflow/dags/dag_etl_camara_diario.py for tasks to queue
[2026-07-14T14:05:20.070+0000] {logging_mixin.py:188} INFO - [2026-07-14T14:05:20.070+0000] {dagbag.py:538} INFO - Filling up the DagBag from /opt/airflow/dags/dag_etl_camara_diario.py
[2026-07-14T14:05:20.080+0000] {processor.py:840} INFO - DAG(s) 'dag_etl_camara_diario' retrieved from /opt/airflow/dags/dag_etl_camara_diario.py
[2026-07-14T14:05:20.101+0000] {logging_mixin.py:188} INFO - [2026-07-14T14:05:20.101+0000] {dag.py:3036} INFO - Sync 1 DAGs
[2026-07-14T14:05:20.123+0000] {logging_mixin.py:188} INFO - [2026-07-14T14:05:20.123+0000] {dag.py:3823} INFO - Setting next_dagrun for dag_etl_camara_diario to 2026-07-13 03:00:00+00:00, run_after=2026-07-14 03:00:00+00:00
[2026-07-14T14:05:20.137+0000] {processor.py:183} INFO - Processing /opt/airflow/dags/dag_etl_camara_diario.py took 0.070 seconds
[2026-07-14T14:05:50.267+0000] {processor.py:161} INFO - Started process (PID=9326) to work on /opt/airflow/dags/dag_etl_camara_diario.py
[2026-07-14T14:05:50.268+0000] {processor.py:830} INFO - Processing file /opt/airflow/dags/dag_etl_camara_diario.py for tasks to queue
[2026-07-14T14:05:50.268+0000] {logging_mixin.py:188} INFO - [2026-07-14T14:05:50.268+0000] {dagbag.py:538} INFO - Filling up the DagBag from /opt/airflow/dags/dag_etl_camara_diario.py
[2026-07-14T14:05:50.277+0000] {processor.py:840} INFO - DAG(s) 'dag_etl_camara_diario' retrieved from /opt/airflow/dags/dag_etl_camara_diario.py
[2026-07-14T14:05:50.299+0000] {logging_mixin.py:188} INFO - [2026-07-14T14:05:50.299+0000] {dag.py:3036} INFO - Sync 1 DAGs
[2026-07-14T14:05:50.321+0000] {logging_mixin.py:188} INFO - [2026-07-14T14:05:50.321+0000] {dag.py:3823} INFO - Setting next_dagrun for dag_etl_camara_diario to 2026-07-13 03:00:00+00:00, run_after=2026-07-14 03:00:00+00:00
[2026-07-14T14:05:50.337+0000] {processor.py:183} INFO - Processing /opt/airflow/dags/dag_etl_camara_diario.py took 0.073 seconds
[2026-07-14T14:06:20.468+0000] {processor.py:161} INFO - Started process (PID=9341) to work on /opt/airflow/dags/dag_etl_camara_diario.py
[2026-07-14T14:06:20.469+0000] {processor.py:830} INFO - Processing file /opt/airflow/dags/dag_etl_camara_diario.py for tasks to queue
[2026-07-14T14:06:20.469+0000] {logging_mixin.py:188} INFO - [2026-07-14T14:06:20.469+0000] {dagbag.py:538} INFO - Filling up the DagBag from /opt/airflow/dags/dag_etl_camara_diario.py
[2026-07-14T14:06:20.478+0000] {processor.py:840} INFO - DAG(s) 'dag_etl_camara_diario' retrieved from /opt/airflow/dags/dag_etl_camara_diario.py
[2026-07-14T14:06:20.499+0000] {logging_mixin.py:188} INFO - [2026-07-14T14:06:20.498+0000] {dag.py:3036} INFO - Sync 1 DAGs
[2026-07-14T14:06:20.521+0000] {logging_mixin.py:188} INFO - [2026-07-14T14:06:20.521+0000] {dag.py:3823} INFO - Setting next_dagrun for dag_etl_camara_diario to 2026-07-13 03:00:00+00:00, run_after=2026-07-14 03:00:00+00:00
[2026-07-14T14:06:20.540+0000] {processor.py:183} INFO - Processing /opt/airflow/dags/dag_etl_camara_diario.py took 0.074 seconds
[2026-07-14T14:06:50.666+0000] {processor.py:161} INFO - Started process (PID=9356) to work on /opt/airflow/dags/dag_etl_camara_diario.py
[2026-07-14T14:06:50.667+0000] {processor.py:830} INFO - Processing file /opt/airflow/dags/dag_etl_camara_diario.py for tasks to queue
[2026-07-14T14:06:50.668+0000] {logging_mixin.py:188} INFO - [2026-07-14T14:06:50.668+0000] {dagbag.py:538} INFO - Filling up the DagBag from /opt/airflow/dags/dag_etl_camara_diario.py
[2026-07-14T14:06:50.677+0000] {processor.py:840} INFO - DAG(s) 'dag_etl_camara_diario' retrieved from /opt/airflow/dags/dag_etl_camara_diario.py
[2026-07-14T14:06:50.698+0000] {logging_mixin.py:188} INFO - [2026-07-14T14:06:50.698+0000] {dag.py:3036} INFO - Sync 1 DAGs
[2026-07-14T14:06:50.719+0000] {logging_mixin.py:188} INFO - [2026-07-14T14:06:50.719+0000] {dag.py:3823} INFO - Setting next_dagrun for dag_etl_camara_diario to 2026-07-13 03:00:00+00:00, run_after=2026-07-14 03:00:00+00:00
[2026-07-14T14:06:50.735+0000] {processor.py:183} INFO - Processing /opt/airflow/dags/dag_etl_camara_diario.py took 0.071 seconds
[2026-07-14T14:07:20.859+0000] {processor.py:161} INFO - Started process (PID=9371) to work on /opt/airflow/dags/dag_etl_camara_diario.py
[2026-07-14T14:07:20.860+0000] {processor.py:830} INFO - Processing file /opt/airflow/dags/dag_etl_camara_diario.py for tasks to queue
[2026-07-14T14:07:20.861+0000] {logging_mixin.py:188} INFO - [2026-07-14T14:07:20.860+0000] {dagbag.py:538} INFO - Filling up the DagBag from /opt/airflow/dags/dag_etl_camara_diario.py
[2026-07-14T14:07:20.870+0000] {processor.py:840} INFO - DAG(s) 'dag_etl_camara_diario' retrieved from /opt/airflow/dags/dag_etl_camara_diario.py
[2026-07-14T14:07:20.891+0000] {logging_mixin.py:188} INFO - [2026-07-14T14:07:20.891+0000] {dag.py:3036} INFO - Sync 1 DAGs
[2026-07-14T14:07:20.912+0000] {logging_mixin.py:188} INFO - [2026-07-14T14:07:20.912+0000] {dag.py:3823} INFO - Setting next_dagrun for dag_etl_camara_diario to 2026-07-13 03:00:00+00:00, run_after=2026-07-14 03:00:00+00:00
[2026-07-14T14:07:20.927+0000] {processor.py:183} INFO - Processing /opt/airflow/dags/dag_etl_camara_diario.py took 0.070 seconds
[2026-07-14T14:07:51.054+0000] {processor.py:161} INFO - Started process (PID=9386) to work on /opt/airflow/dags/dag_etl_camara_diario.py
[2026-07-14T14:07:51.055+0000] {processor.py:830} INFO - Processing file /opt/airflow/dags/dag_etl_camara_diario.py for tasks to queue
[2026-07-14T14:07:51.055+0000] {logging_mixin.py:188} INFO - [2026-07-14T14:07:51.055+0000] {dagbag.py:538} INFO - Filling up the DagBag from /opt/airflow/dags/dag_etl_camara_diario.py
[2026-07-14T14:07:51.065+0000] {processor.py:840} INFO - DAG(s) 'dag_etl_camara_diario' retrieved from /opt/airflow/dags/dag_etl_camara_diario.py
[2026-07-14T14:07:51.085+0000] {logging_mixin.py:188} INFO - [2026-07-14T14:07:51.085+0000] {dag.py:3036} INFO - Sync 1 DAGs
[2026-07-14T14:07:51.105+0000] {logging_mixin.py:188} INFO - [2026-07-14T14:07:51.105+0000] {dag.py:3823} INFO - Setting next_dagrun for dag_etl_camara_diario to 2026-07-13 03:00:00+00:00, run_after=2026-07-14 03:00:00+00:00
[2026-07-14T14:07:51.123+0000] {processor.py:183} INFO - Processing /opt/airflow/dags/dag_etl_camara_diario.py took 0.072 seconds
[2026-07-14T14:08:21.253+0000] {processor.py:161} INFO - Started process (PID=9401) to work on /opt/airflow/dags/dag_etl_camara_diario.py
[2026-07-14T14:08:21.254+0000] {processor.py:830} INFO - Processing file /opt/airflow/dags/dag_etl_camara_diario.py for tasks to queue
[2026-07-14T14:08:21.255+0000] {logging_mixin.py:188} INFO - [2026-07-14T14:08:21.254+0000] {dagbag.py:538} INFO - Filling up the DagBag from /opt/airflow/dags/dag_etl_camara_diario.py
[2026-07-14T14:08:21.263+0000] {processor.py:840} INFO - DAG(s) 'dag_etl_camara_diario' retrieved from /opt/airflow/dags/dag_etl_camara_diario.py
[2026-07-14T14:08:21.284+0000] {logging_mixin.py:188} INFO - [2026-07-14T14:08:21.284+0000] {dag.py:3036} INFO - Sync 1 DAGs
[2026-07-14T14:08:21.305+0000] {logging_mixin.py:188} INFO - [2026-07-14T14:08:21.305+0000] {dag.py:3823} INFO - Setting next_dagrun for dag_etl_camara_diario to 2026-07-13 03:00:00+00:00, run_after=2026-07-14 03:00:00+00:00
[2026-07-14T14:08:21.320+0000] {processor.py:183} INFO - Processing /opt/airflow/dags/dag_etl_camara_diario.py took 0.070 seconds
[2026-07-14T14:08:51.448+0000] {processor.py:161} INFO - Started process (PID=9416) to work on /opt/airflow/dags/dag_etl_camara_diario.py
[2026-07-14T14:08:51.449+0000] {processor.py:830} INFO - Processing file /opt/airflow/dags/dag_etl_camara_diario.py for tasks to queue
[2026-07-14T14:08:51.449+0000] {logging_mixin.py:188} INFO - [2026-07-14T14:08:51.449+0000] {dagbag.py:538} INFO - Filling up the DagBag from /opt/airflow/dags/dag_etl_camara_diario.py
[2026-07-14T14:08:51.458+0000] {processor.py:840} INFO - DAG(s) 'dag_etl_camara_diario' retrieved from /opt/airflow/dags/dag_etl_camara_diario.py
[2026-07-14T14:08:51.479+0000] {logging_mixin.py:188} INFO - [2026-07-14T14:08:51.479+0000] {dag.py:3036} INFO - Sync 1 DAGs
[2026-07-14T14:08:51.499+0000] {logging_mixin.py:188} INFO - [2026-07-14T14:08:51.499+0000] {dag.py:3823} INFO - Setting next_dagrun for dag_etl_camara_diario to 2026-07-13 03:00:00+00:00, run_after=2026-07-14 03:00:00+00:00
[2026-07-14T14:08:51.515+0000] {processor.py:183} INFO - Processing /opt/airflow/dags/dag_etl_camara_diario.py took 0.069 seconds
[2026-07-14T14:09:21.650+0000] {processor.py:161} INFO - Started process (PID=9431) to work on /opt/airflow/dags/dag_etl_camara_diario.py
[2026-07-14T14:09:21.650+0000] {processor.py:830} INFO - Processing file /opt/airflow/dags/dag_etl_camara_diario.py for tasks to queue
[2026-07-14T14:09:21.651+0000] {logging_mixin.py:188} INFO - [2026-07-14T14:09:21.651+0000] {dagbag.py:538} INFO - Filling up the DagBag from /opt/airflow/dags/dag_etl_camara_diario.py
[2026-07-14T14:09:21.660+0000] {processor.py:840} INFO - DAG(s) 'dag_etl_camara_diario' retrieved from /opt/airflow/dags/dag_etl_camara_diario.py
[2026-07-14T14:09:21.682+0000] {logging_mixin.py:188} INFO - [2026-07-14T14:09:21.682+0000] {dag.py:3036} INFO - Sync 1 DAGs
[2026-07-14T14:09:21.705+0000] {logging_mixin.py:188} INFO - [2026-07-14T14:09:21.705+0000] {dag.py:3823} INFO - Setting next_dagrun for dag_etl_camara_diario to 2026-07-13 03:00:00+00:00, run_after=2026-07-14 03:00:00+00:00
[2026-07-14T14:09:21.719+0000] {processor.py:183} INFO - Processing /opt/airflow/dags/dag_etl_camara_diario.py took 0.072 seconds
[2026-07-14T14:09:51.845+0000] {processor.py:161} INFO - Started process (PID=9446) to work on /opt/airflow/dags/dag_etl_camara_diario.py
[2026-07-14T14:09:51.846+0000] {processor.py:830} INFO - Processing file /opt/airflow/dags/dag_etl_camara_diario.py for tasks to queue
[2026-07-14T14:09:51.846+0000] {logging_mixin.py:188} INFO - [2026-07-14T14:09:51.846+0000] {dagbag.py:538} INFO - Filling up the DagBag from /opt/airflow/dags/dag_etl_camara_diario.py
[2026-07-14T14:09:51.855+0000] {processor.py:840} INFO - DAG(s) 'dag_etl_camara_diario' retrieved from /opt/airflow/dags/dag_etl_camara_diario.py
[2026-07-14T14:09:51.876+0000] {logging_mixin.py:188} INFO - [2026-07-14T14:09:51.875+0000] {dag.py:3036} INFO - Sync 1 DAGs
[2026-07-14T14:09:51.897+0000] {logging_mixin.py:188} INFO - [2026-07-14T14:09:51.897+0000] {dag.py:3823} INFO - Setting next_dagrun for dag_etl_camara_diario to 2026-07-13 03:00:00+00:00, run_after=2026-07-14 03:00:00+00:00
[2026-07-14T14:09:51.912+0000] {processor.py:183} INFO - Processing /opt/airflow/dags/dag_etl_camara_diario.py took 0.070 seconds
[2026-07-14T14:10:22.039+0000] {processor.py:161} INFO - Started process (PID=9461) to work on /opt/airflow/dags/dag_etl_camara_diario.py
[2026-07-14T14:10:22.039+0000] {processor.py:830} INFO - Processing file /opt/airflow/dags/dag_etl_camara_diario.py for tasks to queue
[2026-07-14T14:10:22.040+0000] {logging_mixin.py:188} INFO - [2026-07-14T14:10:22.040+0000] {dagbag.py:538} INFO - Filling up the DagBag from /opt/airflow/dags/dag_etl_camara_diario.py
[2026-07-14T14:10:22.049+0000] {processor.py:840} INFO - DAG(s) 'dag_etl_camara_diario' retrieved from /opt/airflow/dags/dag_etl_camara_diario.py
[2026-07-14T14:10:22.069+0000] {logging_mixin.py:188} INFO - [2026-07-14T14:10:22.068+0000] {dag.py:3036} INFO - Sync 1 DAGs
[2026-07-14T14:10:22.088+0000] {logging_mixin.py:188} INFO - [2026-07-14T14:10:22.088+0000] {dag.py:3823} INFO - Setting next_dagrun for dag_etl_camara_diario to 2026-07-13 03:00:00+00:00, run_after=2026-07-14 03:00:00+00:00
[2026-07-14T14:10:22.105+0000] {processor.py:183} INFO - Processing /opt/airflow/dags/dag_etl_camara_diario.py took 0.069 seconds
[2026-07-14T14:10:52.233+0000] {processor.py:161} INFO - Started process (PID=9476) to work on /opt/airflow/dags/dag_etl_camara_diario.py
[2026-07-14T14:10:52.234+0000] {processor.py:830} INFO - Processing file /opt/airflow/dags/dag_etl_camara_diario.py for tasks to queue
[2026-07-14T14:10:52.235+0000] {logging_mixin.py:188} INFO - [2026-07-14T14:10:52.235+0000] {dagbag.py:538} INFO - Filling up the DagBag from /opt/airflow/dags/dag_etl_camara_diario.py
[2026-07-14T14:10:52.244+0000] {processor.py:840} INFO - DAG(s) 'dag_etl_camara_diario' retrieved from /opt/airflow/dags/dag_etl_camara_diario.py
[2026-07-14T14:10:52.265+0000] {logging_mixin.py:188} INFO - [2026-07-14T14:10:52.265+0000] {dag.py:3036} INFO - Sync 1 DAGs
[2026-07-14T14:10:52.286+0000] {logging_mixin.py:188} INFO - [2026-07-14T14:10:52.286+0000] {dag.py:3823} INFO - Setting next_dagrun for dag_etl_camara_diario to 2026-07-13 03:00:00+00:00, run_after=2026-07-14 03:00:00+00:00
[2026-07-14T14:10:52.301+0000] {processor.py:183} INFO - Processing /opt/airflow/dags/dag_etl_camara_diario.py took 0.071 seconds
[2026-07-14T14:11:22.432+0000] {processor.py:161} INFO - Started process (PID=9491) to work on /opt/airflow/dags/dag_etl_camara_diario.py
[2026-07-14T14:11:22.432+0000] {processor.py:830} INFO - Processing file /opt/airflow/dags/dag_etl_camara_diario.py for tasks to queue
[2026-07-14T14:11:22.433+0000] {logging_mixin.py:188} INFO - [2026-07-14T14:11:22.433+0000] {dagbag.py:538} INFO - Filling up the DagBag from /opt/airflow/dags/dag_etl_camara_diario.py
[2026-07-14T14:11:22.441+0000] {processor.py:840} INFO - DAG(s) 'dag_etl_camara_diario' retrieved from /opt/airflow/dags/dag_etl_camara_diario.py
[2026-07-14T14:11:22.463+0000] {logging_mixin.py:188} INFO - [2026-07-14T14:11:22.462+0000] {dag.py:3036} INFO - Sync 1 DAGs
[2026-07-14T14:11:22.484+0000] {logging_mixin.py:188} INFO - [2026-07-14T14:11:22.484+0000] {dag.py:3823} INFO - Setting next_dagrun for dag_etl_camara_diario to 2026-07-13 03:00:00+00:00, run_after=2026-07-14 03:00:00+00:00
[2026-07-14T14:11:22.498+0000] {processor.py:183} INFO - Processing /opt/airflow/dags/dag_etl_camara_diario.py took 0.069 seconds
[2026-07-14T14:11:52.625+0000] {processor.py:161} INFO - Started process (PID=9506) to work on /opt/airflow/dags/dag_etl_camara_diario.py
[2026-07-14T14:11:52.626+0000] {processor.py:830} INFO - Processing file /opt/airflow/dags/dag_etl_camara_diario.py for tasks to queue
[2026-07-14T14:11:52.627+0000] {logging_mixin.py:188} INFO - [2026-07-14T14:11:52.627+0000] {dagbag.py:538} INFO - Filling up the DagBag from /opt/airflow/dags/dag_etl_camara_diario.py
[2026-07-14T14:11:52.635+0000] {processor.py:840} INFO - DAG(s) 'dag_etl_camara_diario' retrieved from /opt/airflow/dags/dag_etl_camara_diario.py
[2026-07-14T14:11:52.656+0000] {logging_mixin.py:188} INFO - [2026-07-14T14:11:52.656+0000] {dag.py:3036} INFO - Sync 1 DAGs
[2026-07-14T14:11:52.678+0000] {logging_mixin.py:188} INFO - [2026-07-14T14:11:52.678+0000] {dag.py:3823} INFO - Setting next_dagrun for dag_etl_camara_diario to 2026-07-13 03:00:00+00:00, run_after=2026-07-14 03:00:00+00:00
[2026-07-14T14:11:52.693+0000] {processor.py:183} INFO - Processing /opt/airflow/dags/dag_etl_camara_diario.py took 0.070 seconds
[2026-07-14T14:12:22.822+0000] {processor.py:161} INFO - Started process (PID=9521) to work on /opt/airflow/dags/dag_etl_camara_diario.py
[2026-07-14T14:12:22.822+0000] {processor.py:830} INFO - Processing file /opt/airflow/dags/dag_etl_camara_diario.py for tasks to queue
[2026-07-14T14:12:22.823+0000] {logging_mixin.py:188} INFO - [2026-07-14T14:12:22.823+0000] {dagbag.py:538} INFO - Filling up the DagBag from /opt/airflow/dags/dag_etl_camara_diario.py
[2026-07-14T14:12:22.831+0000] {processor.py:840} INFO - DAG(s) 'dag_etl_camara_diario' retrieved from /opt/airflow/dags/dag_etl_camara_diario.py
[2026-07-14T14:12:22.852+0000] {logging_mixin.py:188} INFO - [2026-07-14T14:12:22.852+0000] {dag.py:3036} INFO - Sync 1 DAGs
[2026-07-14T14:12:22.874+0000] {logging_mixin.py:188} INFO - [2026-07-14T14:12:22.873+0000] {dag.py:3823} INFO - Setting next_dagrun for dag_etl_camara_diario to 2026-07-13 03:00:00+00:00, run_after=2026-07-14 03:00:00+00:00
[2026-07-14T14:12:22.887+0000] {processor.py:183} INFO - Processing /opt/airflow/dags/dag_etl_camara_diario.py took 0.068 seconds
[2026-07-14T14:12:53.014+0000] {processor.py:161} INFO - Started process (PID=9536) to work on /opt/airflow/dags/dag_etl_camara_diario.py
[2026-07-14T14:12:53.015+0000] {processor.py:830} INFO - Processing file /opt/airflow/dags/dag_etl_camara_diario.py for tasks to queue
[2026-07-14T14:12:53.016+0000] {logging_mixin.py:188} INFO - [2026-07-14T14:12:53.016+0000] {dagbag.py:538} INFO - Filling up the DagBag from /opt/airflow/dags/dag_etl_camara_diario.py
[2026-07-14T14:12:53.025+0000] {processor.py:840} INFO - DAG(s) 'dag_etl_camara_diario' retrieved from /opt/airflow/dags/dag_etl_camara_diario.py
[2026-07-14T14:12:53.046+0000] {logging_mixin.py:188} INFO - [2026-07-14T14:12:53.046+0000] {dag.py:3036} INFO - Sync 1 DAGs
[2026-07-14T14:12:53.066+0000] {logging_mixin.py:188} INFO - [2026-07-14T14:12:53.066+0000] {dag.py:3823} INFO - Setting next_dagrun for dag_etl_camara_diario to 2026-07-13 03:00:00+00:00, run_after=2026-07-14 03:00:00+00:00
[2026-07-14T14:12:53.083+0000] {processor.py:183} INFO - Processing /opt/airflow/dags/dag_etl_camara_diario.py took 0.071 seconds
[2026-07-14T14:13:23.515+0000] {processor.py:161} INFO - Started process (PID=9551) to work on /opt/airflow/dags/dag_etl_camara_diario.py
[2026-07-14T14:13:23.515+0000] {processor.py:830} INFO - Processing file /opt/airflow/dags/dag_etl_camara_diario.py for tasks to queue
[2026-07-14T14:13:23.516+0000] {logging_mixin.py:188} INFO - [2026-07-14T14:13:23.516+0000] {dagbag.py:538} INFO - Filling up the DagBag from /opt/airflow/dags/dag_etl_camara_diario.py
[2026-07-14T14:13:23.525+0000] {processor.py:840} INFO - DAG(s) 'dag_etl_camara_diario' retrieved from /opt/airflow/dags/dag_etl_camara_diario.py
[2026-07-14T14:13:23.547+0000] {logging_mixin.py:188} INFO - [2026-07-14T14:13:23.547+0000] {dag.py:3036} INFO - Sync 1 DAGs
[2026-07-14T14:13:23.570+0000] {logging_mixin.py:188} INFO - [2026-07-14T14:13:23.569+0000] {dag.py:3823} INFO - Setting next_dagrun for dag_etl_camara_diario to 2026-07-13 03:00:00+00:00, run_after=2026-07-14 03:00:00+00:00
[2026-07-14T14:13:23.585+0000] {processor.py:183} INFO - Processing /opt/airflow/dags/dag_etl_camara_diario.py took 0.073 seconds
[2026-07-14T14:13:53.712+0000] {processor.py:161} INFO - Started process (PID=9566) to work on /opt/airflow/dags/dag_etl_camara_diario.py
[2026-07-14T14:13:53.712+0000] {processor.py:830} INFO - Processing file /opt/airflow/dags/dag_etl_camara_diario.py for tasks to queue
[2026-07-14T14:13:53.713+0000] {logging_mixin.py:188} INFO - [2026-07-14T14:13:53.713+0000] {dagbag.py:538} INFO - Filling up the DagBag from /opt/airflow/dags/dag_etl_camara_diario.py
[2026-07-14T14:13:53.722+0000] {processor.py:840} INFO - DAG(s) 'dag_etl_camara_diario' retrieved from /opt/airflow/dags/dag_etl_camara_diario.py
[2026-07-14T14:13:53.743+0000] {logging_mixin.py:188} INFO - [2026-07-14T14:13:53.743+0000] {dag.py:3036} INFO - Sync 1 DAGs
[2026-07-14T14:13:53.763+0000] {logging_mixin.py:188} INFO - [2026-07-14T14:13:53.763+0000] {dag.py:3823} INFO - Setting next_dagrun for dag_etl_camara_diario to 2026-07-13 03:00:00+00:00, run_after=2026-07-14 03:00:00+00:00
[2026-07-14T14:13:53.778+0000] {processor.py:183} INFO - Processing /opt/airflow/dags/dag_etl_camara_diario.py took 0.069 seconds
[2026-07-14T14:14:23.914+0000] {processor.py:161} INFO - Started process (PID=9581) to work on /opt/airflow/dags/dag_etl_camara_diario.py
[2026-07-14T14:14:23.915+0000] {processor.py:830} INFO - Processing file /opt/airflow/dags/dag_etl_camara_diario.py for tasks to queue
[2026-07-14T14:14:23.916+0000] {logging_mixin.py:188} INFO - [2026-07-14T14:14:23.915+0000] {dagbag.py:538} INFO - Filling up the DagBag from /opt/airflow/dags/dag_etl_camara_diario.py
[2026-07-14T14:14:23.924+0000] {processor.py:840} INFO - DAG(s) 'dag_etl_camara_diario' retrieved from /opt/airflow/dags/dag_etl_camara_diario.py
[2026-07-14T14:14:23.946+0000] {logging_mixin.py:188} INFO - [2026-07-14T14:14:23.945+0000] {dag.py:3036} INFO - Sync 1 DAGs
[2026-07-14T14:14:23.967+0000] {logging_mixin.py:188} INFO - [2026-07-14T14:14:23.966+0000] {dag.py:3823} INFO - Setting next_dagrun for dag_etl_camara_diario to 2026-07-13 03:00:00+00:00, run_after=2026-07-14 03:00:00+00:00
[2026-07-14T14:14:23.980+0000] {processor.py:183} INFO - Processing /opt/airflow/dags/dag_etl_camara_diario.py took 0.068 seconds
[2026-07-14T14:14:54.105+0000] {processor.py:161} INFO - Started process (PID=9596) to work on /opt/airflow/dags/dag_etl_camara_diario.py
[2026-07-14T14:14:54.105+0000] {processor.py:830} INFO - Processing file /opt/airflow/dags/dag_etl_camara_diario.py for tasks to queue
[2026-07-14T14:14:54.106+0000] {logging_mixin.py:188} INFO - [2026-07-14T14:14:54.106+0000] {dagbag.py:538} INFO - Filling up the DagBag from /opt/airflow/dags/dag_etl_camara_diario.py
[2026-07-14T14:14:54.115+0000] {processor.py:840} INFO - DAG(s) 'dag_etl_camara_diario' retrieved from /opt/airflow/dags/dag_etl_camara_diario.py
[2026-07-14T14:14:54.136+0000] {logging_mixin.py:188} INFO - [2026-07-14T14:14:54.136+0000] {dag.py:3036} INFO - Sync 1 DAGs
[2026-07-14T14:14:54.158+0000] {logging_mixin.py:188} INFO - [2026-07-14T14:14:54.158+0000] {dag.py:3823} INFO - Setting next_dagrun for dag_etl_camara_diario to 2026-07-13 03:00:00+00:00, run_after=2026-07-14 03:00:00+00:00
[2026-07-14T14:14:54.171+0000] {processor.py:183} INFO - Processing /opt/airflow/dags/dag_etl_camara_diario.py took 0.069 seconds
[2026-07-14T14:15:24.294+0000] {processor.py:161} INFO - Started process (PID=9611) to work on /opt/airflow/dags/dag_etl_camara_diario.py
[2026-07-14T14:15:24.295+0000] {processor.py:830} INFO - Processing file /opt/airflow/dags/dag_etl_camara_diario.py for tasks to queue
[2026-07-14T14:15:24.296+0000] {logging_mixin.py:188} INFO - [2026-07-14T14:15:24.295+0000] {dagbag.py:538} INFO - Filling up the DagBag from /opt/airflow/dags/dag_etl_camara_diario.py
[2026-07-14T14:15:24.304+0000] {processor.py:840} INFO - DAG(s) 'dag_etl_camara_diario' retrieved from /opt/airflow/dags/dag_etl_camara_diario.py
[2026-07-14T14:15:24.325+0000] {logging_mixin.py:188} INFO - [2026-07-14T14:15:24.325+0000] {dag.py:3036} INFO - Sync 1 DAGs
[2026-07-14T14:15:24.346+0000] {logging_mixin.py:188} INFO - [2026-07-14T14:15:24.346+0000] {dag.py:3823} INFO - Setting next_dagrun for dag_etl_camara_diario to 2026-07-13 03:00:00+00:00, run_after=2026-07-14 03:00:00+00:00
[2026-07-14T14:15:24.361+0000] {processor.py:183} INFO - Processing /opt/airflow/dags/dag_etl_camara_diario.py took 0.069 seconds
[2026-07-14T14:15:54.487+0000] {processor.py:161} INFO - Started process (PID=9626) to work on /opt/airflow/dags/dag_etl_camara_diario.py
[2026-07-14T14:15:54.488+0000] {processor.py:830} INFO - Processing file /opt/airflow/dags/dag_etl_camara_diario.py for tasks to queue
[2026-07-14T14:15:54.488+0000] {logging_mixin.py:188} INFO - [2026-07-14T14:15:54.488+0000] {dagbag.py:538} INFO - Filling up the DagBag from /opt/airflow/dags/dag_etl_camara_diario.py
[2026-07-14T14:15:54.497+0000] {processor.py:840} INFO - DAG(s) 'dag_etl_camara_diario' retrieved from /opt/airflow/dags/dag_etl_camara_diario.py
[2026-07-14T14:15:54.518+0000] {logging_mixin.py:188} INFO - [2026-07-14T14:15:54.518+0000] {dag.py:3036} INFO - Sync 1 DAGs
[2026-07-14T14:15:54.539+0000] {logging_mixin.py:188} INFO - [2026-07-14T14:15:54.539+0000] {dag.py:3823} INFO - Setting next_dagrun for dag_etl_camara_diario to 2026-07-13 03:00:00+00:00, run_after=2026-07-14 03:00:00+00:00
[2026-07-14T14:15:54.553+0000] {processor.py:183} INFO - Processing /opt/airflow/dags/dag_etl_camara_diario.py took 0.068 seconds
[2026-07-14T14:16:24.679+0000] {processor.py:161} INFO - Started process (PID=9641) to work on /opt/airflow/dags/dag_etl_camara_diario.py
[2026-07-14T14:16:24.680+0000] {processor.py:830} INFO - Processing file /opt/airflow/dags/dag_etl_camara_diario.py for tasks to queue
[2026-07-14T14:16:24.680+0000] {logging_mixin.py:188} INFO - [2026-07-14T14:16:24.680+0000] {dagbag.py:538} INFO - Filling up the DagBag from /opt/airflow/dags/dag_etl_camara_diario.py
[2026-07-14T14:16:24.689+0000] {processor.py:840} INFO - DAG(s) 'dag_etl_camara_diario' retrieved from /opt/airflow/dags/dag_etl_camara_diario.py
[2026-07-14T14:16:24.710+0000] {logging_mixin.py:188} INFO - [2026-07-14T14:16:24.710+0000] {dag.py:3036} INFO - Sync 1 DAGs
[2026-07-14T14:16:24.732+0000] {logging_mixin.py:188} INFO - [2026-07-14T14:16:24.731+0000] {dag.py:3823} INFO - Setting next_dagrun for dag_etl_camara_diario to 2026-07-13 03:00:00+00:00, run_after=2026-07-14 03:00:00+00:00
[2026-07-14T14:16:24.748+0000] {processor.py:183} INFO - Processing /opt/airflow/dags/dag_etl_camara_diario.py took 0.071 seconds
[2026-07-14T14:16:54.872+0000] {processor.py:161} INFO - Started process (PID=9656) to work on /opt/airflow/dags/dag_etl_camara_diario.py
[2026-07-14T14:16:54.873+0000] {processor.py:830} INFO - Processing file /opt/airflow/dags/dag_etl_camara_diario.py for tasks to queue
[2026-07-14T14:16:54.873+0000] {logging_mixin.py:188} INFO - [2026-07-14T14:16:54.873+0000] {dagbag.py:538} INFO - Filling up the DagBag from /opt/airflow/dags/dag_etl_camara_diario.py
[2026-07-14T14:16:54.882+0000] {processor.py:840} INFO - DAG(s) 'dag_etl_camara_diario' retrieved from /opt/airflow/dags/dag_etl_camara_diario.py
[2026-07-14T14:16:54.903+0000] {logging_mixin.py:188} INFO - [2026-07-14T14:16:54.903+0000] {dag.py:3036} INFO - Sync 1 DAGs
[2026-07-14T14:16:54.924+0000] {logging_mixin.py:188} INFO - [2026-07-14T14:16:54.924+0000] {dag.py:3823} INFO - Setting next_dagrun for dag_etl_camara_diario to 2026-07-13 03:00:00+00:00, run_after=2026-07-14 03:00:00+00:00
[2026-07-14T14:16:54.939+0000] {processor.py:183} INFO - Processing /opt/airflow/dags/dag_etl_camara_diario.py took 0.070 seconds
[2026-07-14T14:17:25.070+0000] {processor.py:161} INFO - Started process (PID=9671) to work on /opt/airflow/dags/dag_etl_camara_diario.py
[2026-07-14T14:17:25.070+0000] {processor.py:830} INFO - Processing file /opt/airflow/dags/dag_etl_camara_diario.py for tasks to queue
[2026-07-14T14:17:25.071+0000] {logging_mixin.py:188} INFO - [2026-07-14T14:17:25.071+0000] {dagbag.py:538} INFO - Filling up the DagBag from /opt/airflow/dags/dag_etl_camara_diario.py
[2026-07-14T14:17:25.081+0000] {processor.py:840} INFO - DAG(s) 'dag_etl_camara_diario' retrieved from /opt/airflow/dags/dag_etl_camara_diario.py
[2026-07-14T14:17:25.102+0000] {logging_mixin.py:188} INFO - [2026-07-14T14:17:25.102+0000] {dag.py:3036} INFO - Sync 1 DAGs
[2026-07-14T14:17:25.124+0000] {logging_mixin.py:188} INFO - [2026-07-14T14:17:25.124+0000] {dag.py:3823} INFO - Setting next_dagrun for dag_etl_camara_diario to 2026-07-13 03:00:00+00:00, run_after=2026-07-14 03:00:00+00:00
[2026-07-14T14:17:25.139+0000] {processor.py:183} INFO - Processing /opt/airflow/dags/dag_etl_camara_diario.py took 0.072 seconds
[2026-07-14T14:17:55.266+0000] {processor.py:161} INFO - Started process (PID=9686) to work on /opt/airflow/dags/dag_etl_camara_diario.py
[2026-07-14T14:17:55.267+0000] {processor.py:830} INFO - Processing file /opt/airflow/dags/dag_etl_camara_diario.py for tasks to queue
[2026-07-14T14:17:55.268+0000] {logging_mixin.py:188} INFO - [2026-07-14T14:17:55.267+0000] {dagbag.py:538} INFO - Filling up the DagBag from /opt/airflow/dags/dag_etl_camara_diario.py
[2026-07-14T14:17:55.276+0000] {processor.py:840} INFO - DAG(s) 'dag_etl_camara_diario' retrieved from /opt/airflow/dags/dag_etl_camara_diario.py
[2026-07-14T14:17:55.297+0000] {logging_mixin.py:188} INFO - [2026-07-14T14:17:55.297+0000] {dag.py:3036} INFO - Sync 1 DAGs
[2026-07-14T14:17:55.318+0000] {logging_mixin.py:188} INFO - [2026-07-14T14:17:55.317+0000] {dag.py:3823} INFO - Setting next_dagrun for dag_etl_camara_diario to 2026-07-13 03:00:00+00:00, run_after=2026-07-14 03:00:00+00:00
[2026-07-14T14:17:55.333+0000] {processor.py:183} INFO - Processing /opt/airflow/dags/dag_etl_camara_diario.py took 0.070 seconds
[2026-07-14T14:18:25.462+0000] {processor.py:161} INFO - Started process (PID=9701) to work on /opt/airflow/dags/dag_etl_camara_diario.py
[2026-07-14T14:18:25.463+0000] {processor.py:830} INFO - Processing file /opt/airflow/dags/dag_etl_camara_diario.py for tasks to queue
[2026-07-14T14:18:25.464+0000] {logging_mixin.py:188} INFO - [2026-07-14T14:18:25.464+0000] {dagbag.py:538} INFO - Filling up the DagBag from /opt/airflow/dags/dag_etl_camara_diario.py
[2026-07-14T14:18:25.473+0000] {processor.py:840} INFO - DAG(s) 'dag_etl_camara_diario' retrieved from /opt/airflow/dags/dag_etl_camara_diario.py
[2026-07-14T14:18:25.493+0000] {logging_mixin.py:188} INFO - [2026-07-14T14:18:25.493+0000] {dag.py:3036} INFO - Sync 1 DAGs
[2026-07-14T14:18:25.514+0000] {logging_mixin.py:188} INFO - [2026-07-14T14:18:25.514+0000] {dag.py:3823} INFO - Setting next_dagrun for dag_etl_camara_diario to 2026-07-13 03:00:00+00:00, run_after=2026-07-14 03:00:00+00:00
[2026-07-14T14:18:25.530+0000] {processor.py:183} INFO - Processing /opt/airflow/dags/dag_etl_camara_diario.py took 0.070 seconds
[2026-07-14T14:18:55.657+0000] {processor.py:161} INFO - Started process (PID=9716) to work on /opt/airflow/dags/dag_etl_camara_diario.py
[2026-07-14T14:18:55.658+0000] {processor.py:830} INFO - Processing file /opt/airflow/dags/dag_etl_camara_diario.py for tasks to queue
[2026-07-14T14:18:55.658+0000] {logging_mixin.py:188} INFO - [2026-07-14T14:18:55.658+0000] {dagbag.py:538} INFO - Filling up the DagBag from /opt/airflow/dags/dag_etl_camara_diario.py
[2026-07-14T14:18:55.668+0000] {processor.py:840} INFO - DAG(s) 'dag_etl_camara_diario' retrieved from /opt/airflow/dags/dag_etl_camara_diario.py
[2026-07-14T14:18:55.689+0000] {logging_mixin.py:188} INFO - [2026-07-14T14:18:55.689+0000] {dag.py:3036} INFO - Sync 1 DAGs
[2026-07-14T14:18:55.710+0000] {logging_mixin.py:188} INFO - [2026-07-14T14:18:55.710+0000] {dag.py:3823} INFO - Setting next_dagrun for dag_etl_camara_diario to 2026-07-13 03:00:00+00:00, run_after=2026-07-14 03:00:00+00:00
[2026-07-14T14:18:55.724+0000] {processor.py:183} INFO - Processing /opt/airflow/dags/dag_etl_camara_diario.py took 0.070 seconds
[2026-07-14T14:19:25.846+0000] {processor.py:161} INFO - Started process (PID=9731) to work on /opt/airflow/dags/dag_etl_camara_diario.py
[2026-07-14T14:19:25.847+0000] {processor.py:830} INFO - Processing file /opt/airflow/dags/dag_etl_camara_diario.py for tasks to queue
[2026-07-14T14:19:25.847+0000] {logging_mixin.py:188} INFO - [2026-07-14T14:19:25.847+0000] {dagbag.py:538} INFO - Filling up the DagBag from /opt/airflow/dags/dag_etl_camara_diario.py
[2026-07-14T14:19:25.856+0000] {processor.py:840} INFO - DAG(s) 'dag_etl_camara_diario' retrieved from /opt/airflow/dags/dag_etl_camara_diario.py
[2026-07-14T14:19:25.878+0000] {logging_mixin.py:188} INFO - [2026-07-14T14:19:25.878+0000] {dag.py:3036} INFO - Sync 1 DAGs
[2026-07-14T14:19:25.899+0000] {logging_mixin.py:188} INFO - [2026-07-14T14:19:25.899+0000] {dag.py:3823} INFO - Setting next_dagrun for dag_etl_camara_diario to 2026-07-13 03:00:00+00:00, run_after=2026-07-14 03:00:00+00:00
[2026-07-14T14:19:25.912+0000] {processor.py:183} INFO - Processing /opt/airflow/dags/dag_etl_camara_diario.py took 0.069 seconds
[2026-07-14T14:19:56.034+0000] {processor.py:161} INFO - Started process (PID=9746) to work on /opt/airflow/dags/dag_etl_camara_diario.py
[2026-07-14T14:19:56.035+0000] {processor.py:830} INFO - Processing file /opt/airflow/dags/dag_etl_camara_diario.py for tasks to queue
[2026-07-14T14:19:56.036+0000] {logging_mixin.py:188} INFO - [2026-07-14T14:19:56.035+0000] {dagbag.py:538} INFO - Filling up the DagBag from /opt/airflow/dags/dag_etl_camara_diario.py
[2026-07-14T14:19:56.045+0000] {processor.py:840} INFO - DAG(s) 'dag_etl_camara_diario' retrieved from /opt/airflow/dags/dag_etl_camara_diario.py
[2026-07-14T14:19:56.065+0000] {logging_mixin.py:188} INFO - [2026-07-14T14:19:56.065+0000] {dag.py:3036} INFO - Sync 1 DAGs
[2026-07-14T14:19:56.086+0000] {logging_mixin.py:188} INFO - [2026-07-14T14:19:56.086+0000] {dag.py:3823} INFO - Setting next_dagrun for dag_etl_camara_diario to 2026-07-13 03:00:00+00:00, run_after=2026-07-14 03:00:00+00:00
[2026-07-14T14:19:56.100+0000] {processor.py:183} INFO - Processing /opt/airflow/dags/dag_etl_camara_diario.py took 0.069 seconds
[2026-07-14T14:20:26.225+0000] {processor.py:161} INFO - Started process (PID=9761) to work on /opt/airflow/dags/dag_etl_camara_diario.py
[2026-07-14T14:20:26.226+0000] {processor.py:830} INFO - Processing file /opt/airflow/dags/dag_etl_camara_diario.py for tasks to queue
[2026-07-14T14:20:26.226+0000] {logging_mixin.py:188} INFO - [2026-07-14T14:20:26.226+0000] {dagbag.py:538} INFO - Filling up the DagBag from /opt/airflow/dags/dag_etl_camara_diario.py
[2026-07-14T14:20:26.235+0000] {processor.py:840} INFO - DAG(s) 'dag_etl_camara_diario' retrieved from /opt/airflow/dags/dag_etl_camara_diario.py
[2026-07-14T14:20:26.256+0000] {logging_mixin.py:188} INFO - [2026-07-14T14:20:26.256+0000] {dag.py:3036} INFO - Sync 1 DAGs
[2026-07-14T14:20:26.280+0000] {logging_mixin.py:188} INFO - [2026-07-14T14:20:26.279+0000] {dag.py:3823} INFO - Setting next_dagrun for dag_etl_camara_diario to 2026-07-13 03:00:00+00:00, run_after=2026-07-14 03:00:00+00:00
[2026-07-14T14:20:26.297+0000] {processor.py:183} INFO - Processing /opt/airflow/dags/dag_etl_camara_diario.py took 0.075 seconds
[2026-07-14T14:20:56.427+0000] {processor.py:161} INFO - Started process (PID=9776) to work on /opt/airflow/dags/dag_etl_camara_diario.py
[2026-07-14T14:20:56.427+0000] {processor.py:830} INFO - Processing file /opt/airflow/dags/dag_etl_camara_diario.py for tasks to queue
[2026-07-14T14:20:56.428+0000] {logging_mixin.py:188} INFO - [2026-07-14T14:20:56.428+0000] {dagbag.py:538} INFO - Filling up the DagBag from /opt/airflow/dags/dag_etl_camara_diario.py
[2026-07-14T14:20:56.437+0000] {processor.py:840} INFO - DAG(s) 'dag_etl_camara_diario' retrieved from /opt/airflow/dags/dag_etl_camara_diario.py
[2026-07-14T14:20:56.458+0000] {logging_mixin.py:188} INFO - [2026-07-14T14:20:56.458+0000] {dag.py:3036} INFO - Sync 1 DAGs
[2026-07-14T14:20:56.480+0000] {logging_mixin.py:188} INFO - [2026-07-14T14:20:56.480+0000] {dag.py:3823} INFO - Setting next_dagrun for dag_etl_camara_diario to 2026-07-13 03:00:00+00:00, run_after=2026-07-14 03:00:00+00:00
[2026-07-14T14:20:56.495+0000] {processor.py:183} INFO - Processing /opt/airflow/dags/dag_etl_camara_diario.py took 0.071 seconds
[2026-07-14T14:21:26.616+0000] {processor.py:161} INFO - Started process (PID=9791) to work on /opt/airflow/dags/dag_etl_camara_diario.py
[2026-07-14T14:21:26.617+0000] {processor.py:830} INFO - Processing file /opt/airflow/dags/dag_etl_camara_diario.py for tasks to queue
[2026-07-14T14:21:26.618+0000] {logging_mixin.py:188} INFO - [2026-07-14T14:21:26.618+0000] {dagbag.py:538} INFO - Filling up the DagBag from /opt/airflow/dags/dag_etl_camara_diario.py
[2026-07-14T14:21:26.627+0000] {processor.py:840} INFO - DAG(s) 'dag_etl_camara_diario' retrieved from /opt/airflow/dags/dag_etl_camara_diario.py
[2026-07-14T14:21:26.648+0000] {logging_mixin.py:188} INFO - [2026-07-14T14:21:26.648+0000] {dag.py:3036} INFO - Sync 1 DAGs
[2026-07-14T14:21:26.670+0000] {logging_mixin.py:188} INFO - [2026-07-14T14:21:26.670+0000] {dag.py:3823} INFO - Setting next_dagrun for dag_etl_camara_diario to 2026-07-13 03:00:00+00:00, run_after=2026-07-14 03:00:00+00:00
[2026-07-14T14:21:26.683+0000] {processor.py:183} INFO - Processing /opt/airflow/dags/dag_etl_camara_diario.py took 0.069 seconds
[2026-07-14T14:21:56.809+0000] {processor.py:161} INFO - Started process (PID=9806) to work on /opt/airflow/dags/dag_etl_camara_diario.py
[2026-07-14T14:21:56.810+0000] {processor.py:830} INFO - Processing file /opt/airflow/dags/dag_etl_camara_diario.py for tasks to queue
[2026-07-14T14:21:56.810+0000] {logging_mixin.py:188} INFO - [2026-07-14T14:21:56.810+0000] {dagbag.py:538} INFO - Filling up the DagBag from /opt/airflow/dags/dag_etl_camara_diario.py
[2026-07-14T14:21:56.819+0000] {processor.py:840} INFO - DAG(s) 'dag_etl_camara_diario' retrieved from /opt/airflow/dags/dag_etl_camara_diario.py
[2026-07-14T14:21:56.839+0000] {logging_mixin.py:188} INFO - [2026-07-14T14:21:56.839+0000] {dag.py:3036} INFO - Sync 1 DAGs
[2026-07-14T14:21:56.859+0000] {logging_mixin.py:188} INFO - [2026-07-14T14:21:56.859+0000] {dag.py:3823} INFO - Setting next_dagrun for dag_etl_camara_diario to 2026-07-13 03:00:00+00:00, run_after=2026-07-14 03:00:00+00:00
[2026-07-14T14:21:56.875+0000] {processor.py:183} INFO - Processing /opt/airflow/dags/dag_etl_camara_diario.py took 0.068 seconds
[2026-07-14T14:22:27.002+0000] {processor.py:161} INFO - Started process (PID=9821) to work on /opt/airflow/dags/dag_etl_camara_diario.py
[2026-07-14T14:22:27.002+0000] {processor.py:830} INFO - Processing file /opt/airflow/dags/dag_etl_camara_diario.py for tasks to queue
[2026-07-14T14:22:27.003+0000] {logging_mixin.py:188} INFO - [2026-07-14T14:22:27.003+0000] {dagbag.py:538} INFO - Filling up the DagBag from /opt/airflow/dags/dag_etl_camara_diario.py
[2026-07-14T14:22:27.012+0000] {processor.py:840} INFO - DAG(s) 'dag_etl_camara_diario' retrieved from /opt/airflow/dags/dag_etl_camara_diario.py
[2026-07-14T14:22:27.033+0000] {logging_mixin.py:188} INFO - [2026-07-14T14:22:27.033+0000] {dag.py:3036} INFO - Sync 1 DAGs
[2026-07-14T14:22:27.055+0000] {logging_mixin.py:188} INFO - [2026-07-14T14:22:27.054+0000] {dag.py:3823} INFO - Setting next_dagrun for dag_etl_camara_diario to 2026-07-13 03:00:00+00:00, run_after=2026-07-14 03:00:00+00:00
[2026-07-14T14:22:27.068+0000] {processor.py:183} INFO - Processing /opt/airflow/dags/dag_etl_camara_diario.py took 0.069 seconds
[2026-07-14T14:22:57.194+0000] {processor.py:161} INFO - Started process (PID=9836) to work on /opt/airflow/dags/dag_etl_camara_diario.py
[2026-07-14T14:22:57.194+0000] {processor.py:830} INFO - Processing file /opt/airflow/dags/dag_etl_camara_diario.py for tasks to queue
[2026-07-14T14:22:57.195+0000] {logging_mixin.py:188} INFO - [2026-07-14T14:22:57.195+0000] {dagbag.py:538} INFO - Filling up the DagBag from /opt/airflow/dags/dag_etl_camara_diario.py
[2026-07-14T14:22:57.203+0000] {processor.py:840} INFO - DAG(s) 'dag_etl_camara_diario' retrieved from /opt/airflow/dags/dag_etl_camara_diario.py
[2026-07-14T14:22:57.225+0000] {logging_mixin.py:188} INFO - [2026-07-14T14:22:57.225+0000] {dag.py:3036} INFO - Sync 1 DAGs
[2026-07-14T14:22:57.246+0000] {logging_mixin.py:188} INFO - [2026-07-14T14:22:57.246+0000] {dag.py:3823} INFO - Setting next_dagrun for dag_etl_camara_diario to 2026-07-13 03:00:00+00:00, run_after=2026-07-14 03:00:00+00:00
[2026-07-14T14:22:57.260+0000] {processor.py:183} INFO - Processing /opt/airflow/dags/dag_etl_camara_diario.py took 0.069 seconds
[2026-07-14T14:23:27.386+0000] {processor.py:161} INFO - Started process (PID=9851) to work on /opt/airflow/dags/dag_etl_camara_diario.py
[2026-07-14T14:23:27.387+0000] {processor.py:830} INFO - Processing file /opt/airflow/dags/dag_etl_camara_diario.py for tasks to queue
[2026-07-14T14:23:27.388+0000] {logging_mixin.py:188} INFO - [2026-07-14T14:23:27.388+0000] {dagbag.py:538} INFO - Filling up the DagBag from /opt/airflow/dags/dag_etl_camara_diario.py
[2026-07-14T14:23:27.397+0000] {processor.py:840} INFO - DAG(s) 'dag_etl_camara_diario' retrieved from /opt/airflow/dags/dag_etl_camara_diario.py
[2026-07-14T14:23:27.419+0000] {logging_mixin.py:188} INFO - [2026-07-14T14:23:27.419+0000] {dag.py:3036} INFO - Sync 1 DAGs
[2026-07-14T14:23:27.440+0000] {logging_mixin.py:188} INFO - [2026-07-14T14:23:27.440+0000] {dag.py:3823} INFO - Setting next_dagrun for dag_etl_camara_diario to 2026-07-13 03:00:00+00:00, run_after=2026-07-14 03:00:00+00:00
[2026-07-14T14:23:27.454+0000] {processor.py:183} INFO - Processing /opt/airflow/dags/dag_etl_camara_diario.py took 0.070 seconds
[2026-07-14T14:23:57.581+0000] {processor.py:161} INFO - Started process (PID=9866) to work on /opt/airflow/dags/dag_etl_camara_diario.py
[2026-07-14T14:23:57.582+0000] {processor.py:830} INFO - Processing file /opt/airflow/dags/dag_etl_camara_diario.py for tasks to queue
[2026-07-14T14:23:57.582+0000] {logging_mixin.py:188} INFO - [2026-07-14T14:23:57.582+0000] {dagbag.py:538} INFO - Filling up the DagBag from /opt/airflow/dags/dag_etl_camara_diario.py
[2026-07-14T14:23:57.591+0000] {processor.py:840} INFO - DAG(s) 'dag_etl_camara_diario' retrieved from /opt/airflow/dags/dag_etl_camara_diario.py
[2026-07-14T14:23:57.611+0000] {logging_mixin.py:188} INFO - [2026-07-14T14:23:57.611+0000] {dag.py:3036} INFO - Sync 1 DAGs
[2026-07-14T14:23:57.632+0000] {logging_mixin.py:188} INFO - [2026-07-14T14:23:57.631+0000] {dag.py:3823} INFO - Setting next_dagrun for dag_etl_camara_diario to 2026-07-13 03:00:00+00:00, run_after=2026-07-14 03:00:00+00:00
[2026-07-14T14:23:57.647+0000] {processor.py:183} INFO - Processing /opt/airflow/dags/dag_etl_camara_diario.py took 0.068 seconds
[2026-07-14T14:24:27.777+0000] {processor.py:161} INFO - Started process (PID=9881) to work on /opt/airflow/dags/dag_etl_camara_diario.py
[2026-07-14T14:24:27.778+0000] {processor.py:830} INFO - Processing file /opt/airflow/dags/dag_etl_camara_diario.py for tasks to queue
[2026-07-14T14:24:27.778+0000] {logging_mixin.py:188} INFO - [2026-07-14T14:24:27.778+0000] {dagbag.py:538} INFO - Filling up the DagBag from /opt/airflow/dags/dag_etl_camara_diario.py
[2026-07-14T14:24:27.788+0000] {processor.py:840} INFO - DAG(s) 'dag_etl_camara_diario' retrieved from /opt/airflow/dags/dag_etl_camara_diario.py
[2026-07-14T14:24:27.809+0000] {logging_mixin.py:188} INFO - [2026-07-14T14:24:27.808+0000] {dag.py:3036} INFO - Sync 1 DAGs
[2026-07-14T14:24:27.830+0000] {logging_mixin.py:188} INFO - [2026-07-14T14:24:27.830+0000] {dag.py:3823} INFO - Setting next_dagrun for dag_etl_camara_diario to 2026-07-13 03:00:00+00:00, run_after=2026-07-14 03:00:00+00:00
[2026-07-14T14:24:27.844+0000] {processor.py:183} INFO - Processing /opt/airflow/dags/dag_etl_camara_diario.py took 0.069 seconds
[2026-07-14T14:24:57.966+0000] {processor.py:161} INFO - Started process (PID=9896) to work on /opt/airflow/dags/dag_etl_camara_diario.py
[2026-07-14T14:24:57.966+0000] {processor.py:830} INFO - Processing file /opt/airflow/dags/dag_etl_camara_diario.py for tasks to queue
[2026-07-14T14:24:57.967+0000] {logging_mixin.py:188} INFO - [2026-07-14T14:24:57.966+0000] {dagbag.py:538} INFO - Filling up the DagBag from /opt/airflow/dags/dag_etl_camara_diario.py
[2026-07-14T14:24:57.975+0000] {processor.py:840} INFO - DAG(s) 'dag_etl_camara_diario' retrieved from /opt/airflow/dags/dag_etl_camara_diario.py
[2026-07-14T14:24:57.995+0000] {logging_mixin.py:188} INFO - [2026-07-14T14:24:57.995+0000] {dag.py:3036} INFO - Sync 1 DAGs
[2026-07-14T14:24:58.016+0000] {logging_mixin.py:188} INFO - [2026-07-14T14:24:58.016+0000] {dag.py:3823} INFO - Setting next_dagrun for dag_etl_camara_diario to 2026-07-13 03:00:00+00:00, run_after=2026-07-14 03:00:00+00:00
[2026-07-14T14:24:58.032+0000] {processor.py:183} INFO - Processing /opt/airflow/dags/dag_etl_camara_diario.py took 0.069 seconds
[2026-07-14T14:25:28.157+0000] {processor.py:161} INFO - Started process (PID=9911) to work on /opt/airflow/dags/dag_etl_camara_diario.py
[2026-07-14T14:25:28.158+0000] {processor.py:830} INFO - Processing file /opt/airflow/dags/dag_etl_camara_diario.py for tasks to queue
[2026-07-14T14:25:28.159+0000] {logging_mixin.py:188} INFO - [2026-07-14T14:25:28.158+0000] {dagbag.py:538} INFO - Filling up the DagBag from /opt/airflow/dags/dag_etl_camara_diario.py
[2026-07-14T14:25:28.167+0000] {processor.py:840} INFO - DAG(s) 'dag_etl_camara_diario' retrieved from /opt/airflow/dags/dag_etl_camara_diario.py
[2026-07-14T14:25:28.189+0000] {logging_mixin.py:188} INFO - [2026-07-14T14:25:28.189+0000] {dag.py:3036} INFO - Sync 1 DAGs
[2026-07-14T14:25:28.209+0000] {logging_mixin.py:188} INFO - [2026-07-14T14:25:28.209+0000] {dag.py:3823} INFO - Setting next_dagrun for dag_etl_camara_diario to 2026-07-13 03:00:00+00:00, run_after=2026-07-14 03:00:00+00:00
[2026-07-14T14:25:28.225+0000] {processor.py:183} INFO - Processing /opt/airflow/dags/dag_etl_camara_diario.py took 0.070 seconds
[2026-07-14T14:25:58.350+0000] {processor.py:161} INFO - Started process (PID=9926) to work on /opt/airflow/dags/dag_etl_camara_diario.py
[2026-07-14T14:25:58.351+0000] {processor.py:830} INFO - Processing file /opt/airflow/dags/dag_etl_camara_diario.py for tasks to queue
[2026-07-14T14:25:58.351+0000] {logging_mixin.py:188} INFO - [2026-07-14T14:25:58.351+0000] {dagbag.py:538} INFO - Filling up the DagBag from /opt/airflow/dags/dag_etl_camara_diario.py
[2026-07-14T14:25:58.360+0000] {processor.py:840} INFO - DAG(s) 'dag_etl_camara_diario' retrieved from /opt/airflow/dags/dag_etl_camara_diario.py
[2026-07-14T14:25:58.380+0000] {logging_mixin.py:188} INFO - [2026-07-14T14:25:58.380+0000] {dag.py:3036} INFO - Sync 1 DAGs
[2026-07-14T14:25:58.400+0000] {logging_mixin.py:188} INFO - [2026-07-14T14:25:58.400+0000] {dag.py:3823} INFO - Setting next_dagrun for dag_etl_camara_diario to 2026-07-13 03:00:00+00:00, run_after=2026-07-14 03:00:00+00:00
[2026-07-14T14:25:58.417+0000] {processor.py:183} INFO - Processing /opt/airflow/dags/dag_etl_camara_diario.py took 0.070 seconds
[2026-07-14T14:26:28.544+0000] {processor.py:161} INFO - Started process (PID=9941) to work on /opt/airflow/dags/dag_etl_camara_diario.py
[2026-07-14T14:26:28.545+0000] {processor.py:830} INFO - Processing file /opt/airflow/dags/dag_etl_camara_diario.py for tasks to queue
[2026-07-14T14:26:28.545+0000] {logging_mixin.py:188} INFO - [2026-07-14T14:26:28.545+0000] {dagbag.py:538} INFO - Filling up the DagBag from /opt/airflow/dags/dag_etl_camara_diario.py
[2026-07-14T14:26:28.554+0000] {processor.py:840} INFO - DAG(s) 'dag_etl_camara_diario' retrieved from /opt/airflow/dags/dag_etl_camara_diario.py
[2026-07-14T14:26:28.575+0000] {logging_mixin.py:188} INFO - [2026-07-14T14:26:28.575+0000] {dag.py:3036} INFO - Sync 1 DAGs
[2026-07-14T14:26:28.597+0000] {logging_mixin.py:188} INFO - [2026-07-14T14:26:28.596+0000] {dag.py:3823} INFO - Setting next_dagrun for dag_etl_camara_diario to 2026-07-13 03:00:00+00:00, run_after=2026-07-14 03:00:00+00:00
[2026-07-14T14:26:28.611+0000] {processor.py:183} INFO - Processing /opt/airflow/dags/dag_etl_camara_diario.py took 0.069 seconds
[2026-07-14T14:26:58.740+0000] {processor.py:161} INFO - Started process (PID=9956) to work on /opt/airflow/dags/dag_etl_camara_diario.py
[2026-07-14T14:26:58.741+0000] {processor.py:830} INFO - Processing file /opt/airflow/dags/dag_etl_camara_diario.py for tasks to queue
[2026-07-14T14:26:58.741+0000] {logging_mixin.py:188} INFO - [2026-07-14T14:26:58.741+0000] {dagbag.py:538} INFO - Filling up the DagBag from /opt/airflow/dags/dag_etl_camara_diario.py
[2026-07-14T14:26:58.750+0000] {processor.py:840} INFO - DAG(s) 'dag_etl_camara_diario' retrieved from /opt/airflow/dags/dag_etl_camara_diario.py
[2026-07-14T14:26:58.771+0000] {logging_mixin.py:188} INFO - [2026-07-14T14:26:58.771+0000] {dag.py:3036} INFO - Sync 1 DAGs
[2026-07-14T14:26:58.792+0000] {logging_mixin.py:188} INFO - [2026-07-14T14:26:58.792+0000] {dag.py:3823} INFO - Setting next_dagrun for dag_etl_camara_diario to 2026-07-13 03:00:00+00:00, run_after=2026-07-14 03:00:00+00:00
[2026-07-14T14:26:58.805+0000] {processor.py:183} INFO - Processing /opt/airflow/dags/dag_etl_camara_diario.py took 0.068 seconds
[2026-07-14T14:27:28.933+0000] {processor.py:161} INFO - Started process (PID=9971) to work on /opt/airflow/dags/dag_etl_camara_diario.py
[2026-07-14T14:27:28.934+0000] {processor.py:830} INFO - Processing file /opt/airflow/dags/dag_etl_camara_diario.py for tasks to queue
[2026-07-14T14:27:28.935+0000] {logging_mixin.py:188} INFO - [2026-07-14T14:27:28.935+0000] {dagbag.py:538} INFO - Filling up the DagBag from /opt/airflow/dags/dag_etl_camara_diario.py
[2026-07-14T14:27:28.944+0000] {processor.py:840} INFO - DAG(s) 'dag_etl_camara_diario' retrieved from /opt/airflow/dags/dag_etl_camara_diario.py
[2026-07-14T14:27:28.966+0000] {logging_mixin.py:188} INFO - [2026-07-14T14:27:28.966+0000] {dag.py:3036} INFO - Sync 1 DAGs
[2026-07-14T14:27:28.988+0000] {logging_mixin.py:188} INFO - [2026-07-14T14:27:28.988+0000] {dag.py:3823} INFO - Setting next_dagrun for dag_etl_camara_diario to 2026-07-13 03:00:00+00:00, run_after=2026-07-14 03:00:00+00:00
[2026-07-14T14:27:29.004+0000] {processor.py:183} INFO - Processing /opt/airflow/dags/dag_etl_camara_diario.py took 0.073 seconds
[2026-07-14T14:27:59.133+0000] {processor.py:161} INFO - Started process (PID=9986) to work on /opt/airflow/dags/dag_etl_camara_diario.py
[2026-07-14T14:27:59.134+0000] {processor.py:830} INFO - Processing file /opt/airflow/dags/dag_etl_camara_diario.py for tasks to queue
[2026-07-14T14:27:59.135+0000] {logging_mixin.py:188} INFO - [2026-07-14T14:27:59.135+0000] {dagbag.py:538} INFO - Filling up the DagBag from /opt/airflow/dags/dag_etl_camara_diario.py
[2026-07-14T14:27:59.144+0000] {processor.py:840} INFO - DAG(s) 'dag_etl_camara_diario' retrieved from /opt/airflow/dags/dag_etl_camara_diario.py
[2026-07-14T14:27:59.167+0000] {logging_mixin.py:188} INFO - [2026-07-14T14:27:59.167+0000] {dag.py:3036} INFO - Sync 1 DAGs
[2026-07-14T14:27:59.190+0000] {logging_mixin.py:188} INFO - [2026-07-14T14:27:59.190+0000] {dag.py:3823} INFO - Setting next_dagrun for dag_etl_camara_diario to 2026-07-13 03:00:00+00:00, run_after=2026-07-14 03:00:00+00:00
[2026-07-14T14:27:59.211+0000] {processor.py:183} INFO - Processing /opt/airflow/dags/dag_etl_camara_diario.py took 0.080 seconds
[2026-07-14T14:28:29.334+0000] {processor.py:161} INFO - Started process (PID=10001) to work on /opt/airflow/dags/dag_etl_camara_diario.py
[2026-07-14T14:28:29.335+0000] {processor.py:830} INFO - Processing file /opt/airflow/dags/dag_etl_camara_diario.py for tasks to queue
[2026-07-14T14:28:29.335+0000] {logging_mixin.py:188} INFO - [2026-07-14T14:28:29.335+0000] {dagbag.py:538} INFO - Filling up the DagBag from /opt/airflow/dags/dag_etl_camara_diario.py
[2026-07-14T14:28:29.344+0000] {processor.py:840} INFO - DAG(s) 'dag_etl_camara_diario' retrieved from /opt/airflow/dags/dag_etl_camara_diario.py
[2026-07-14T14:28:29.366+0000] {logging_mixin.py:188} INFO - [2026-07-14T14:28:29.366+0000] {dag.py:3036} INFO - Sync 1 DAGs
[2026-07-14T14:28:29.387+0000] {logging_mixin.py:188} INFO - [2026-07-14T14:28:29.387+0000] {dag.py:3823} INFO - Setting next_dagrun for dag_etl_camara_diario to 2026-07-13 03:00:00+00:00, run_after=2026-07-14 03:00:00+00:00
[2026-07-14T14:28:29.402+0000] {processor.py:183} INFO - Processing /opt/airflow/dags/dag_etl_camara_diario.py took 0.071 seconds
[2026-07-14T14:28:59.530+0000] {processor.py:161} INFO - Started process (PID=10016) to work on /opt/airflow/dags/dag_etl_camara_diario.py
[2026-07-14T14:28:59.530+0000] {processor.py:830} INFO - Processing file /opt/airflow/dags/dag_etl_camara_diario.py for tasks to queue
[2026-07-14T14:28:59.531+0000] {logging_mixin.py:188} INFO - [2026-07-14T14:28:59.531+0000] {dagbag.py:538} INFO - Filling up the DagBag from /opt/airflow/dags/dag_etl_camara_diario.py
[2026-07-14T14:28:59.540+0000] {processor.py:840} INFO - DAG(s) 'dag_etl_camara_diario' retrieved from /opt/airflow/dags/dag_etl_camara_diario.py
[2026-07-14T14:28:59.562+0000] {logging_mixin.py:188} INFO - [2026-07-14T14:28:59.562+0000] {dag.py:3036} INFO - Sync 1 DAGs
[2026-07-14T14:28:59.586+0000] {logging_mixin.py:188} INFO - [2026-07-14T14:28:59.585+0000] {dag.py:3823} INFO - Setting next_dagrun for dag_etl_camara_diario to 2026-07-13 03:00:00+00:00, run_after=2026-07-14 03:00:00+00:00
[2026-07-14T14:28:59.600+0000] {processor.py:183} INFO - Processing /opt/airflow/dags/dag_etl_camara_diario.py took 0.073 seconds
[2026-07-14T14:29:29.727+0000] {processor.py:161} INFO - Started process (PID=10031) to work on /opt/airflow/dags/dag_etl_camara_diario.py
[2026-07-14T14:29:29.728+0000] {processor.py:830} INFO - Processing file /opt/airflow/dags/dag_etl_camara_diario.py for tasks to queue
[2026-07-14T14:29:29.729+0000] {logging_mixin.py:188} INFO - [2026-07-14T14:29:29.729+0000] {dagbag.py:538} INFO - Filling up the DagBag from /opt/airflow/dags/dag_etl_camara_diario.py
[2026-07-14T14:29:29.738+0000] {processor.py:840} INFO - DAG(s) 'dag_etl_camara_diario' retrieved from /opt/airflow/dags/dag_etl_camara_diario.py
[2026-07-14T14:29:29.760+0000] {logging_mixin.py:188} INFO - [2026-07-14T14:29:29.759+0000] {dag.py:3036} INFO - Sync 1 DAGs
[2026-07-14T14:29:29.781+0000] {logging_mixin.py:188} INFO - [2026-07-14T14:29:29.781+0000] {dag.py:3823} INFO - Setting next_dagrun for dag_etl_camara_diario to 2026-07-13 03:00:00+00:00, run_after=2026-07-14 03:00:00+00:00
[2026-07-14T14:29:29.795+0000] {processor.py:183} INFO - Processing /opt/airflow/dags/dag_etl_camara_diario.py took 0.071 seconds
[2026-07-14T14:29:59.922+0000] {processor.py:161} INFO - Started process (PID=10046) to work on /opt/airflow/dags/dag_etl_camara_diario.py
[2026-07-14T14:29:59.923+0000] {processor.py:830} INFO - Processing file /opt/airflow/dags/dag_etl_camara_diario.py for tasks to queue
[2026-07-14T14:29:59.923+0000] {logging_mixin.py:188} INFO - [2026-07-14T14:29:59.923+0000] {dagbag.py:538} INFO - Filling up the DagBag from /opt/airflow/dags/dag_etl_camara_diario.py
[2026-07-14T14:29:59.932+0000] {processor.py:840} INFO - DAG(s) 'dag_etl_camara_diario' retrieved from /opt/airflow/dags/dag_etl_camara_diario.py
[2026-07-14T14:29:59.952+0000] {logging_mixin.py:188} INFO - [2026-07-14T14:29:59.952+0000] {dag.py:3036} INFO - Sync 1 DAGs
[2026-07-14T14:29:59.974+0000] {logging_mixin.py:188} INFO - [2026-07-14T14:29:59.973+0000] {dag.py:3823} INFO - Setting next_dagrun for dag_etl_camara_diario to 2026-07-13 03:00:00+00:00, run_after=2026-07-14 03:00:00+00:00
[2026-07-14T14:29:59.988+0000] {processor.py:183} INFO - Processing /opt/airflow/dags/dag_etl_camara_diario.py took 0.069 seconds
[2026-07-14T14:30:30.114+0000] {processor.py:161} INFO - Started process (PID=10061) to work on /opt/airflow/dags/dag_etl_camara_diario.py
[2026-07-14T14:30:30.115+0000] {processor.py:830} INFO - Processing file /opt/airflow/dags/dag_etl_camara_diario.py for tasks to queue
[2026-07-14T14:30:30.116+0000] {logging_mixin.py:188} INFO - [2026-07-14T14:30:30.115+0000] {dagbag.py:538} INFO - Filling up the DagBag from /opt/airflow/dags/dag_etl_camara_diario.py
[2026-07-14T14:30:30.125+0000] {processor.py:840} INFO - DAG(s) 'dag_etl_camara_diario' retrieved from /opt/airflow/dags/dag_etl_camara_diario.py
[2026-07-14T14:30:30.146+0000] {logging_mixin.py:188} INFO - [2026-07-14T14:30:30.145+0000] {dag.py:3036} INFO - Sync 1 DAGs
[2026-07-14T14:30:30.166+0000] {logging_mixin.py:188} INFO - [2026-07-14T14:30:30.166+0000] {dag.py:3823} INFO - Setting next_dagrun for dag_etl_camara_diario to 2026-07-13 03:00:00+00:00, run_after=2026-07-14 03:00:00+00:00
[2026-07-14T14:30:30.180+0000] {processor.py:183} INFO - Processing /opt/airflow/dags/dag_etl_camara_diario.py took 0.069 seconds
[2026-07-14T14:31:00.306+0000] {processor.py:161} INFO - Started process (PID=10076) to work on /opt/airflow/dags/dag_etl_camara_diario.py
[2026-07-14T14:31:00.307+0000] {processor.py:830} INFO - Processing file /opt/airflow/dags/dag_etl_camara_diario.py for tasks to queue
[2026-07-14T14:31:00.307+0000] {logging_mixin.py:188} INFO - [2026-07-14T14:31:00.307+0000] {dagbag.py:538} INFO - Filling up the DagBag from /opt/airflow/dags/dag_etl_camara_diario.py
[2026-07-14T14:31:00.316+0000] {processor.py:840} INFO - DAG(s) 'dag_etl_camara_diario' retrieved from /opt/airflow/dags/dag_etl_camara_diario.py
[2026-07-14T14:31:00.336+0000] {logging_mixin.py:188} INFO - [2026-07-14T14:31:00.336+0000] {dag.py:3036} INFO - Sync 1 DAGs
[2026-07-14T14:31:00.357+0000] {logging_mixin.py:188} INFO - [2026-07-14T14:31:00.357+0000] {dag.py:3823} INFO - Setting next_dagrun for dag_etl_camara_diario to 2026-07-13 03:00:00+00:00, run_after=2026-07-14 03:00:00+00:00
[2026-07-14T14:31:00.375+0000] {processor.py:183} INFO - Processing /opt/airflow/dags/dag_etl_camara_diario.py took 0.072 seconds
[2026-07-14T14:31:30.499+0000] {processor.py:161} INFO - Started process (PID=10091) to work on /opt/airflow/dags/dag_etl_camara_diario.py
[2026-07-14T14:31:30.500+0000] {processor.py:830} INFO - Processing file /opt/airflow/dags/dag_etl_camara_diario.py for tasks to queue
[2026-07-14T14:31:30.501+0000] {logging_mixin.py:188} INFO - [2026-07-14T14:31:30.501+0000] {dagbag.py:538} INFO - Filling up the DagBag from /opt/airflow/dags/dag_etl_camara_diario.py
[2026-07-14T14:31:30.509+0000] {processor.py:840} INFO - DAG(s) 'dag_etl_camara_diario' retrieved from /opt/airflow/dags/dag_etl_camara_diario.py
[2026-07-14T14:31:30.529+0000] {logging_mixin.py:188} INFO - [2026-07-14T14:31:30.529+0000] {dag.py:3036} INFO - Sync 1 DAGs
[2026-07-14T14:31:30.550+0000] {logging_mixin.py:188} INFO - [2026-07-14T14:31:30.550+0000] {dag.py:3823} INFO - Setting next_dagrun for dag_etl_camara_diario to 2026-07-13 03:00:00+00:00, run_after=2026-07-14 03:00:00+00:00
[2026-07-14T14:31:30.567+0000] {processor.py:183} INFO - Processing /opt/airflow/dags/dag_etl_camara_diario.py took 0.070 seconds
[2026-07-14T14:32:00.692+0000] {processor.py:161} INFO - Started process (PID=10106) to work on /opt/airflow/dags/dag_etl_camara_diario.py
[2026-07-14T14:32:00.693+0000] {processor.py:830} INFO - Processing file /opt/airflow/dags/dag_etl_camara_diario.py for tasks to queue
[2026-07-14T14:32:00.693+0000] {logging_mixin.py:188} INFO - [2026-07-14T14:32:00.693+0000] {dagbag.py:538} INFO - Filling up the DagBag from /opt/airflow/dags/dag_etl_camara_diario.py
[2026-07-14T14:32:00.702+0000] {processor.py:840} INFO - DAG(s) 'dag_etl_camara_diario' retrieved from /opt/airflow/dags/dag_etl_camara_diario.py
[2026-07-14T14:32:00.723+0000] {logging_mixin.py:188} INFO - [2026-07-14T14:32:00.723+0000] {dag.py:3036} INFO - Sync 1 DAGs
[2026-07-14T14:32:00.745+0000] {logging_mixin.py:188} INFO - [2026-07-14T14:32:00.745+0000] {dag.py:3823} INFO - Setting next_dagrun for dag_etl_camara_diario to 2026-07-13 03:00:00+00:00, run_after=2026-07-14 03:00:00+00:00
[2026-07-14T14:32:00.761+0000] {processor.py:183} INFO - Processing /opt/airflow/dags/dag_etl_camara_diario.py took 0.072 seconds
[2026-07-14T14:32:30.888+0000] {processor.py:161} INFO - Started process (PID=10121) to work on /opt/airflow/dags/dag_etl_camara_diario.py
[2026-07-14T14:32:30.889+0000] {processor.py:830} INFO - Processing file /opt/airflow/dags/dag_etl_camara_diario.py for tasks to queue
[2026-07-14T14:32:30.890+0000] {logging_mixin.py:188} INFO - [2026-07-14T14:32:30.890+0000] {dagbag.py:538} INFO - Filling up the DagBag from /opt/airflow/dags/dag_etl_camara_diario.py
[2026-07-14T14:32:30.900+0000] {processor.py:840} INFO - DAG(s) 'dag_etl_camara_diario' retrieved from /opt/airflow/dags/dag_etl_camara_diario.py
[2026-07-14T14:32:30.922+0000] {logging_mixin.py:188} INFO - [2026-07-14T14:32:30.922+0000] {dag.py:3036} INFO - Sync 1 DAGs
[2026-07-14T14:32:30.943+0000] {logging_mixin.py:188} INFO - [2026-07-14T14:32:30.942+0000] {dag.py:3823} INFO - Setting next_dagrun for dag_etl_camara_diario to 2026-07-13 03:00:00+00:00, run_after=2026-07-14 03:00:00+00:00
[2026-07-14T14:32:30.956+0000] {processor.py:183} INFO - Processing /opt/airflow/dags/dag_etl_camara_diario.py took 0.070 seconds
[2026-07-14T14:33:01.079+0000] {processor.py:161} INFO - Started process (PID=10136) to work on /opt/airflow/dags/dag_etl_camara_diario.py
[2026-07-14T14:33:01.080+0000] {processor.py:830} INFO - Processing file /opt/airflow/dags/dag_etl_camara_diario.py for tasks to queue
[2026-07-14T14:33:01.080+0000] {logging_mixin.py:188} INFO - [2026-07-14T14:33:01.080+0000] {dagbag.py:538} INFO - Filling up the DagBag from /opt/airflow/dags/dag_etl_camara_diario.py
[2026-07-14T14:33:01.089+0000] {processor.py:840} INFO - DAG(s) 'dag_etl_camara_diario' retrieved from /opt/airflow/dags/dag_etl_camara_diario.py
[2026-07-14T14:33:01.110+0000] {logging_mixin.py:188} INFO - [2026-07-14T14:33:01.110+0000] {dag.py:3036} INFO - Sync 1 DAGs
[2026-07-14T14:33:01.134+0000] {logging_mixin.py:188} INFO - [2026-07-14T14:33:01.134+0000] {dag.py:3823} INFO - Setting next_dagrun for dag_etl_camara_diario to 2026-07-13 03:00:00+00:00, run_after=2026-07-14 03:00:00+00:00
[2026-07-14T14:33:01.169+0000] {processor.py:183} INFO - Processing /opt/airflow/dags/dag_etl_camara_diario.py took 0.092 seconds
[2026-07-14T14:33:31.293+0000] {processor.py:161} INFO - Started process (PID=10151) to work on /opt/airflow/dags/dag_etl_camara_diario.py
[2026-07-14T14:33:31.294+0000] {processor.py:830} INFO - Processing file /opt/airflow/dags/dag_etl_camara_diario.py for tasks to queue
[2026-07-14T14:33:31.295+0000] {logging_mixin.py:188} INFO - [2026-07-14T14:33:31.294+0000] {dagbag.py:538} INFO - Filling up the DagBag from /opt/airflow/dags/dag_etl_camara_diario.py
[2026-07-14T14:33:31.303+0000] {processor.py:840} INFO - DAG(s) 'dag_etl_camara_diario' retrieved from /opt/airflow/dags/dag_etl_camara_diario.py
[2026-07-14T14:33:31.328+0000] {logging_mixin.py:188} INFO - [2026-07-14T14:33:31.328+0000] {dag.py:3036} INFO - Sync 1 DAGs
[2026-07-14T14:33:31.351+0000] {logging_mixin.py:188} INFO - [2026-07-14T14:33:31.351+0000] {dag.py:3823} INFO - Setting next_dagrun for dag_etl_camara_diario to 2026-07-13 03:00:00+00:00, run_after=2026-07-14 03:00:00+00:00
[2026-07-14T14:33:31.364+0000] {processor.py:183} INFO - Processing /opt/airflow/dags/dag_etl_camara_diario.py took 0.074 seconds
[2026-07-14T14:34:01.489+0000] {processor.py:161} INFO - Started process (PID=10166) to work on /opt/airflow/dags/dag_etl_camara_diario.py
[2026-07-14T14:34:01.489+0000] {processor.py:830} INFO - Processing file /opt/airflow/dags/dag_etl_camara_diario.py for tasks to queue
[2026-07-14T14:34:01.490+0000] {logging_mixin.py:188} INFO - [2026-07-14T14:34:01.490+0000] {dagbag.py:538} INFO - Filling up the DagBag from /opt/airflow/dags/dag_etl_camara_diario.py
[2026-07-14T14:34:01.499+0000] {processor.py:840} INFO - DAG(s) 'dag_etl_camara_diario' retrieved from /opt/airflow/dags/dag_etl_camara_diario.py
[2026-07-14T14:34:01.520+0000] {logging_mixin.py:188} INFO - [2026-07-14T14:34:01.520+0000] {dag.py:3036} INFO - Sync 1 DAGs
[2026-07-14T14:34:01.541+0000] {logging_mixin.py:188} INFO - [2026-07-14T14:34:01.540+0000] {dag.py:3823} INFO - Setting next_dagrun for dag_etl_camara_diario to 2026-07-13 03:00:00+00:00, run_after=2026-07-14 03:00:00+00:00
[2026-07-14T14:34:01.554+0000] {processor.py:183} INFO - Processing /opt/airflow/dags/dag_etl_camara_diario.py took 0.068 seconds
[2026-07-14T14:34:31.686+0000] {processor.py:161} INFO - Started process (PID=10181) to work on /opt/airflow/dags/dag_etl_camara_diario.py
[2026-07-14T14:34:31.687+0000] {processor.py:830} INFO - Processing file /opt/airflow/dags/dag_etl_camara_diario.py for tasks to queue
[2026-07-14T14:34:31.687+0000] {logging_mixin.py:188} INFO - [2026-07-14T14:34:31.687+0000] {dagbag.py:538} INFO - Filling up the DagBag from /opt/airflow/dags/dag_etl_camara_diario.py
[2026-07-14T14:34:31.696+0000] {processor.py:840} INFO - DAG(s) 'dag_etl_camara_diario' retrieved from /opt/airflow/dags/dag_etl_camara_diario.py
[2026-07-14T14:34:31.719+0000] {logging_mixin.py:188} INFO - [2026-07-14T14:34:31.719+0000] {dag.py:3036} INFO - Sync 1 DAGs
[2026-07-14T14:34:31.742+0000] {logging_mixin.py:188} INFO - [2026-07-14T14:34:31.742+0000] {dag.py:3823} INFO - Setting next_dagrun for dag_etl_camara_diario to 2026-07-13 03:00:00+00:00, run_after=2026-07-14 03:00:00+00:00
[2026-07-14T14:34:31.757+0000] {processor.py:183} INFO - Processing /opt/airflow/dags/dag_etl_camara_diario.py took 0.073 seconds
[2026-07-14T14:35:01.878+0000] {processor.py:161} INFO - Started process (PID=10196) to work on /opt/airflow/dags/dag_etl_camara_diario.py
[2026-07-14T14:35:01.878+0000] {processor.py:830} INFO - Processing file /opt/airflow/dags/dag_etl_camara_diario.py for tasks to queue
[2026-07-14T14:35:01.879+0000] {logging_mixin.py:188} INFO - [2026-07-14T14:35:01.879+0000] {dagbag.py:538} INFO - Filling up the DagBag from /opt/airflow/dags/dag_etl_camara_diario.py
[2026-07-14T14:35:01.888+0000] {processor.py:840} INFO - DAG(s) 'dag_etl_camara_diario' retrieved from /opt/airflow/dags/dag_etl_camara_diario.py
[2026-07-14T14:35:01.908+0000] {logging_mixin.py:188} INFO - [2026-07-14T14:35:01.908+0000] {dag.py:3036} INFO - Sync 1 DAGs
[2026-07-14T14:35:01.930+0000] {logging_mixin.py:188} INFO - [2026-07-14T14:35:01.930+0000] {dag.py:3823} INFO - Setting next_dagrun for dag_etl_camara_diario to 2026-07-13 03:00:00+00:00, run_after=2026-07-14 03:00:00+00:00
[2026-07-14T14:35:01.945+0000] {processor.py:183} INFO - Processing /opt/airflow/dags/dag_etl_camara_diario.py took 0.070 seconds
[2026-07-14T14:35:32.069+0000] {processor.py:161} INFO - Started process (PID=10211) to work on /opt/airflow/dags/dag_etl_camara_diario.py
[2026-07-14T14:35:32.070+0000] {processor.py:830} INFO - Processing file /opt/airflow/dags/dag_etl_camara_diario.py for tasks to queue
[2026-07-14T14:35:32.070+0000] {logging_mixin.py:188} INFO - [2026-07-14T14:35:32.070+0000] {dagbag.py:538} INFO - Filling up the DagBag from /opt/airflow/dags/dag_etl_camara_diario.py
[2026-07-14T14:35:32.080+0000] {processor.py:840} INFO - DAG(s) 'dag_etl_camara_diario' retrieved from /opt/airflow/dags/dag_etl_camara_diario.py
[2026-07-14T14:35:32.100+0000] {logging_mixin.py:188} INFO - [2026-07-14T14:35:32.100+0000] {dag.py:3036} INFO - Sync 1 DAGs
[2026-07-14T14:35:32.121+0000] {logging_mixin.py:188} INFO - [2026-07-14T14:35:32.121+0000] {dag.py:3823} INFO - Setting next_dagrun for dag_etl_camara_diario to 2026-07-13 03:00:00+00:00, run_after=2026-07-14 03:00:00+00:00
[2026-07-14T14:35:32.134+0000] {processor.py:183} INFO - Processing /opt/airflow/dags/dag_etl_camara_diario.py took 0.068 seconds
[2026-07-14T14:36:02.259+0000] {processor.py:161} INFO - Started process (PID=10226) to work on /opt/airflow/dags/dag_etl_camara_diario.py
[2026-07-14T14:36:02.260+0000] {processor.py:830} INFO - Processing file /opt/airflow/dags/dag_etl_camara_diario.py for tasks to queue
[2026-07-14T14:36:02.261+0000] {logging_mixin.py:188} INFO - [2026-07-14T14:36:02.260+0000] {dagbag.py:538} INFO - Filling up the DagBag from /opt/airflow/dags/dag_etl_camara_diario.py
[2026-07-14T14:36:02.270+0000] {processor.py:840} INFO - DAG(s) 'dag_etl_camara_diario' retrieved from /opt/airflow/dags/dag_etl_camara_diario.py
[2026-07-14T14:36:02.290+0000] {logging_mixin.py:188} INFO - [2026-07-14T14:36:02.290+0000] {dag.py:3036} INFO - Sync 1 DAGs
[2026-07-14T14:36:02.312+0000] {logging_mixin.py:188} INFO - [2026-07-14T14:36:02.312+0000] {dag.py:3823} INFO - Setting next_dagrun for dag_etl_camara_diario to 2026-07-13 03:00:00+00:00, run_after=2026-07-14 03:00:00+00:00
[2026-07-14T14:36:02.329+0000] {processor.py:183} INFO - Processing /opt/airflow/dags/dag_etl_camara_diario.py took 0.072 seconds
[2026-07-14T14:36:32.456+0000] {processor.py:161} INFO - Started process (PID=10241) to work on /opt/airflow/dags/dag_etl_camara_diario.py
[2026-07-14T14:36:32.457+0000] {processor.py:830} INFO - Processing file /opt/airflow/dags/dag_etl_camara_diario.py for tasks to queue
[2026-07-14T14:36:32.458+0000] {logging_mixin.py:188} INFO - [2026-07-14T14:36:32.457+0000] {dagbag.py:538} INFO - Filling up the DagBag from /opt/airflow/dags/dag_etl_camara_diario.py
[2026-07-14T14:36:32.466+0000] {processor.py:840} INFO - DAG(s) 'dag_etl_camara_diario' retrieved from /opt/airflow/dags/dag_etl_camara_diario.py
[2026-07-14T14:36:32.486+0000] {logging_mixin.py:188} INFO - [2026-07-14T14:36:32.486+0000] {dag.py:3036} INFO - Sync 1 DAGs
[2026-07-14T14:36:32.507+0000] {logging_mixin.py:188} INFO - [2026-07-14T14:36:32.506+0000] {dag.py:3823} INFO - Setting next_dagrun for dag_etl_camara_diario to 2026-07-13 03:00:00+00:00, run_after=2026-07-14 03:00:00+00:00
[2026-07-14T14:36:32.523+0000] {processor.py:183} INFO - Processing /opt/airflow/dags/dag_etl_camara_diario.py took 0.070 seconds
[2026-07-14T14:37:02.648+0000] {processor.py:161} INFO - Started process (PID=10256) to work on /opt/airflow/dags/dag_etl_camara_diario.py
[2026-07-14T14:37:02.649+0000] {processor.py:830} INFO - Processing file /opt/airflow/dags/dag_etl_camara_diario.py for tasks to queue
[2026-07-14T14:37:02.649+0000] {logging_mixin.py:188} INFO - [2026-07-14T14:37:02.649+0000] {dagbag.py:538} INFO - Filling up the DagBag from /opt/airflow/dags/dag_etl_camara_diario.py
[2026-07-14T14:37:02.658+0000] {processor.py:840} INFO - DAG(s) 'dag_etl_camara_diario' retrieved from /opt/airflow/dags/dag_etl_camara_diario.py
[2026-07-14T14:37:02.679+0000] {logging_mixin.py:188} INFO - [2026-07-14T14:37:02.678+0000] {dag.py:3036} INFO - Sync 1 DAGs
[2026-07-14T14:37:02.700+0000] {logging_mixin.py:188} INFO - [2026-07-14T14:37:02.700+0000] {dag.py:3823} INFO - Setting next_dagrun for dag_etl_camara_diario to 2026-07-13 03:00:00+00:00, run_after=2026-07-14 03:00:00+00:00
[2026-07-14T14:37:02.715+0000] {processor.py:183} INFO - Processing /opt/airflow/dags/dag_etl_camara_diario.py took 0.069 seconds
[2026-07-14T14:37:32.838+0000] {processor.py:161} INFO - Started process (PID=10271) to work on /opt/airflow/dags/dag_etl_camara_diario.py
[2026-07-14T14:37:32.839+0000] {processor.py:830} INFO - Processing file /opt/airflow/dags/dag_etl_camara_diario.py for tasks to queue
[2026-07-14T14:37:32.839+0000] {logging_mixin.py:188} INFO - [2026-07-14T14:37:32.839+0000] {dagbag.py:538} INFO - Filling up the DagBag from /opt/airflow/dags/dag_etl_camara_diario.py
[2026-07-14T14:37:32.848+0000] {processor.py:840} INFO - DAG(s) 'dag_etl_camara_diario' retrieved from /opt/airflow/dags/dag_etl_camara_diario.py
[2026-07-14T14:37:32.869+0000] {logging_mixin.py:188} INFO - [2026-07-14T14:37:32.869+0000] {dag.py:3036} INFO - Sync 1 DAGs
[2026-07-14T14:37:32.889+0000] {logging_mixin.py:188} INFO - [2026-07-14T14:37:32.889+0000] {dag.py:3823} INFO - Setting next_dagrun for dag_etl_camara_diario to 2026-07-13 03:00:00+00:00, run_after=2026-07-14 03:00:00+00:00
[2026-07-14T14:37:32.905+0000] {processor.py:183} INFO - Processing /opt/airflow/dags/dag_etl_camara_diario.py took 0.069 seconds
[2026-07-14T14:38:03.029+0000] {processor.py:161} INFO - Started process (PID=10286) to work on /opt/airflow/dags/dag_etl_camara_diario.py
[2026-07-14T14:38:03.030+0000] {processor.py:830} INFO - Processing file /opt/airflow/dags/dag_etl_camara_diario.py for tasks to queue
[2026-07-14T14:38:03.030+0000] {logging_mixin.py:188} INFO - [2026-07-14T14:38:03.030+0000] {dagbag.py:538} INFO - Filling up the DagBag from /opt/airflow/dags/dag_etl_camara_diario.py
[2026-07-14T14:38:03.039+0000] {processor.py:840} INFO - DAG(s) 'dag_etl_camara_diario' retrieved from /opt/airflow/dags/dag_etl_camara_diario.py
[2026-07-14T14:38:03.060+0000] {logging_mixin.py:188} INFO - [2026-07-14T14:38:03.060+0000] {dag.py:3036} INFO - Sync 1 DAGs
[2026-07-14T14:38:03.080+0000] {logging_mixin.py:188} INFO - [2026-07-14T14:38:03.080+0000] {dag.py:3823} INFO - Setting next_dagrun for dag_etl_camara_diario to 2026-07-13 03:00:00+00:00, run_after=2026-07-14 03:00:00+00:00
[2026-07-14T14:38:03.094+0000] {processor.py:183} INFO - Processing /opt/airflow/dags/dag_etl_camara_diario.py took 0.068 seconds
[2026-07-14T14:38:33.221+0000] {processor.py:161} INFO - Started process (PID=10301) to work on /opt/airflow/dags/dag_etl_camara_diario.py
[2026-07-14T14:38:33.222+0000] {processor.py:830} INFO - Processing file /opt/airflow/dags/dag_etl_camara_diario.py for tasks to queue
[2026-07-14T14:38:33.223+0000] {logging_mixin.py:188} INFO - [2026-07-14T14:38:33.222+0000] {dagbag.py:538} INFO - Filling up the DagBag from /opt/airflow/dags/dag_etl_camara_diario.py
[2026-07-14T14:38:33.232+0000] {processor.py:840} INFO - DAG(s) 'dag_etl_camara_diario' retrieved from /opt/airflow/dags/dag_etl_camara_diario.py
[2026-07-14T14:38:33.252+0000] {logging_mixin.py:188} INFO - [2026-07-14T14:38:33.252+0000] {dag.py:3036} INFO - Sync 1 DAGs
[2026-07-14T14:38:33.274+0000] {logging_mixin.py:188} INFO - [2026-07-14T14:38:33.273+0000] {dag.py:3823} INFO - Setting next_dagrun for dag_etl_camara_diario to 2026-07-13 03:00:00+00:00, run_after=2026-07-14 03:00:00+00:00
[2026-07-14T14:38:33.288+0000] {processor.py:183} INFO - Processing /opt/airflow/dags/dag_etl_camara_diario.py took 0.069 seconds
[2026-07-14T14:39:03.413+0000] {processor.py:161} INFO - Started process (PID=10316) to work on /opt/airflow/dags/dag_etl_camara_diario.py
[2026-07-14T14:39:03.414+0000] {processor.py:830} INFO - Processing file /opt/airflow/dags/dag_etl_camara_diario.py for tasks to queue
[2026-07-14T14:39:03.414+0000] {logging_mixin.py:188} INFO - [2026-07-14T14:39:03.414+0000] {dagbag.py:538} INFO - Filling up the DagBag from /opt/airflow/dags/dag_etl_camara_diario.py
[2026-07-14T14:39:03.423+0000] {processor.py:840} INFO - DAG(s) 'dag_etl_camara_diario' retrieved from /opt/airflow/dags/dag_etl_camara_diario.py
[2026-07-14T14:39:03.444+0000] {logging_mixin.py:188} INFO - [2026-07-14T14:39:03.444+0000] {dag.py:3036} INFO - Sync 1 DAGs
[2026-07-14T14:39:03.465+0000] {logging_mixin.py:188} INFO - [2026-07-14T14:39:03.465+0000] {dag.py:3823} INFO - Setting next_dagrun for dag_etl_camara_diario to 2026-07-13 03:00:00+00:00, run_after=2026-07-14 03:00:00+00:00
[2026-07-14T14:39:03.481+0000] {processor.py:183} INFO - Processing /opt/airflow/dags/dag_etl_camara_diario.py took 0.070 seconds
[2026-07-14T14:39:33.607+0000] {processor.py:161} INFO - Started process (PID=10331) to work on /opt/airflow/dags/dag_etl_camara_diario.py
[2026-07-14T14:39:33.608+0000] {processor.py:830} INFO - Processing file /opt/airflow/dags/dag_etl_camara_diario.py for tasks to queue
[2026-07-14T14:39:33.609+0000] {logging_mixin.py:188} INFO - [2026-07-14T14:39:33.609+0000] {dagbag.py:538} INFO - Filling up the DagBag from /opt/airflow/dags/dag_etl_camara_diario.py
[2026-07-14T14:39:33.618+0000] {processor.py:840} INFO - DAG(s) 'dag_etl_camara_diario' retrieved from /opt/airflow/dags/dag_etl_camara_diario.py
[2026-07-14T14:39:33.638+0000] {logging_mixin.py:188} INFO - [2026-07-14T14:39:33.638+0000] {dag.py:3036} INFO - Sync 1 DAGs
[2026-07-14T14:39:33.659+0000] {logging_mixin.py:188} INFO - [2026-07-14T14:39:33.659+0000] {dag.py:3823} INFO - Setting next_dagrun for dag_etl_camara_diario to 2026-07-13 03:00:00+00:00, run_after=2026-07-14 03:00:00+00:00
[2026-07-14T14:39:33.674+0000] {processor.py:183} INFO - Processing /opt/airflow/dags/dag_etl_camara_diario.py took 0.069 seconds
[2026-07-14T14:40:03.796+0000] {processor.py:161} INFO - Started process (PID=10346) to work on /opt/airflow/dags/dag_etl_camara_diario.py
[2026-07-14T14:40:03.796+0000] {processor.py:830} INFO - Processing file /opt/airflow/dags/dag_etl_camara_diario.py for tasks to queue
[2026-07-14T14:40:03.797+0000] {logging_mixin.py:188} INFO - [2026-07-14T14:40:03.797+0000] {dagbag.py:538} INFO - Filling up the DagBag from /opt/airflow/dags/dag_etl_camara_diario.py
[2026-07-14T14:40:03.806+0000] {processor.py:840} INFO - DAG(s) 'dag_etl_camara_diario' retrieved from /opt/airflow/dags/dag_etl_camara_diario.py
[2026-07-14T14:40:03.827+0000] {logging_mixin.py:188} INFO - [2026-07-14T14:40:03.827+0000] {dag.py:3036} INFO - Sync 1 DAGs
[2026-07-14T14:40:03.848+0000] {logging_mixin.py:188} INFO - [2026-07-14T14:40:03.848+0000] {dag.py:3823} INFO - Setting next_dagrun for dag_etl_camara_diario to 2026-07-13 03:00:00+00:00, run_after=2026-07-14 03:00:00+00:00
[2026-07-14T14:40:03.865+0000] {processor.py:183} INFO - Processing /opt/airflow/dags/dag_etl_camara_diario.py took 0.071 seconds
[2026-07-14T14:40:33.988+0000] {processor.py:161} INFO - Started process (PID=10361) to work on /opt/airflow/dags/dag_etl_camara_diario.py
[2026-07-14T14:40:33.989+0000] {processor.py:830} INFO - Processing file /opt/airflow/dags/dag_etl_camara_diario.py for tasks to queue
[2026-07-14T14:40:33.989+0000] {logging_mixin.py:188} INFO - [2026-07-14T14:40:33.989+0000] {dagbag.py:538} INFO - Filling up the DagBag from /opt/airflow/dags/dag_etl_camara_diario.py
[2026-07-14T14:40:33.998+0000] {processor.py:840} INFO - DAG(s) 'dag_etl_camara_diario' retrieved from /opt/airflow/dags/dag_etl_camara_diario.py
[2026-07-14T14:40:34.020+0000] {logging_mixin.py:188} INFO - [2026-07-14T14:40:34.019+0000] {dag.py:3036} INFO - Sync 1 DAGs
[2026-07-14T14:40:34.041+0000] {logging_mixin.py:188} INFO - [2026-07-14T14:40:34.041+0000] {dag.py:3823} INFO - Setting next_dagrun for dag_etl_camara_diario to 2026-07-13 03:00:00+00:00, run_after=2026-07-14 03:00:00+00:00
[2026-07-14T14:40:34.056+0000] {processor.py:183} INFO - Processing /opt/airflow/dags/dag_etl_camara_diario.py took 0.071 seconds
[2026-07-14T14:41:04.179+0000] {processor.py:161} INFO - Started process (PID=10376) to work on /opt/airflow/dags/dag_etl_camara_diario.py
[2026-07-14T14:41:04.180+0000] {processor.py:830} INFO - Processing file /opt/airflow/dags/dag_etl_camara_diario.py for tasks to queue
[2026-07-14T14:41:04.181+0000] {logging_mixin.py:188} INFO - [2026-07-14T14:41:04.180+0000] {dagbag.py:538} INFO - Filling up the DagBag from /opt/airflow/dags/dag_etl_camara_diario.py
[2026-07-14T14:41:04.189+0000] {processor.py:840} INFO - DAG(s) 'dag_etl_camara_diario' retrieved from /opt/airflow/dags/dag_etl_camara_diario.py
[2026-07-14T14:41:04.210+0000] {logging_mixin.py:188} INFO - [2026-07-14T14:41:04.210+0000] {dag.py:3036} INFO - Sync 1 DAGs
[2026-07-14T14:41:04.232+0000] {logging_mixin.py:188} INFO - [2026-07-14T14:41:04.231+0000] {dag.py:3823} INFO - Setting next_dagrun for dag_etl_camara_diario to 2026-07-13 03:00:00+00:00, run_after=2026-07-14 03:00:00+00:00
[2026-07-14T14:41:04.248+0000] {processor.py:183} INFO - Processing /opt/airflow/dags/dag_etl_camara_diario.py took 0.071 seconds
[2026-07-14T14:41:34.371+0000] {processor.py:161} INFO - Started process (PID=10391) to work on /opt/airflow/dags/dag_etl_camara_diario.py
[2026-07-14T14:41:34.372+0000] {processor.py:830} INFO - Processing file /opt/airflow/dags/dag_etl_camara_diario.py for tasks to queue
[2026-07-14T14:41:34.373+0000] {logging_mixin.py:188} INFO - [2026-07-14T14:41:34.372+0000] {dagbag.py:538} INFO - Filling up the DagBag from /opt/airflow/dags/dag_etl_camara_diario.py
[2026-07-14T14:41:34.381+0000] {processor.py:840} INFO - DAG(s) 'dag_etl_camara_diario' retrieved from /opt/airflow/dags/dag_etl_camara_diario.py
[2026-07-14T14:41:34.401+0000] {logging_mixin.py:188} INFO - [2026-07-14T14:41:34.401+0000] {dag.py:3036} INFO - Sync 1 DAGs
[2026-07-14T14:41:34.422+0000] {logging_mixin.py:188} INFO - [2026-07-14T14:41:34.422+0000] {dag.py:3823} INFO - Setting next_dagrun for dag_etl_camara_diario to 2026-07-13 03:00:00+00:00, run_after=2026-07-14 03:00:00+00:00
[2026-07-14T14:41:34.435+0000] {processor.py:183} INFO - Processing /opt/airflow/dags/dag_etl_camara_diario.py took 0.066 seconds
[2026-07-14T14:42:04.561+0000] {processor.py:161} INFO - Started process (PID=10406) to work on /opt/airflow/dags/dag_etl_camara_diario.py
[2026-07-14T14:42:04.561+0000] {processor.py:830} INFO - Processing file /opt/airflow/dags/dag_etl_camara_diario.py for tasks to queue
[2026-07-14T14:42:04.562+0000] {logging_mixin.py:188} INFO - [2026-07-14T14:42:04.562+0000] {dagbag.py:538} INFO - Filling up the DagBag from /opt/airflow/dags/dag_etl_camara_diario.py
[2026-07-14T14:42:04.571+0000] {processor.py:840} INFO - DAG(s) 'dag_etl_camara_diario' retrieved from /opt/airflow/dags/dag_etl_camara_diario.py
[2026-07-14T14:42:04.593+0000] {logging_mixin.py:188} INFO - [2026-07-14T14:42:04.593+0000] {dag.py:3036} INFO - Sync 1 DAGs
[2026-07-14T14:42:04.614+0000] {logging_mixin.py:188} INFO - [2026-07-14T14:42:04.614+0000] {dag.py:3823} INFO - Setting next_dagrun for dag_etl_camara_diario to 2026-07-13 03:00:00+00:00, run_after=2026-07-14 03:00:00+00:00
[2026-07-14T14:42:04.627+0000] {processor.py:183} INFO - Processing /opt/airflow/dags/dag_etl_camara_diario.py took 0.069 seconds
[2026-07-14T14:42:34.754+0000] {processor.py:161} INFO - Started process (PID=10421) to work on /opt/airflow/dags/dag_etl_camara_diario.py
[2026-07-14T14:42:34.755+0000] {processor.py:830} INFO - Processing file /opt/airflow/dags/dag_etl_camara_diario.py for tasks to queue
[2026-07-14T14:42:34.756+0000] {logging_mixin.py:188} INFO - [2026-07-14T14:42:34.756+0000] {dagbag.py:538} INFO - Filling up the DagBag from /opt/airflow/dags/dag_etl_camara_diario.py
[2026-07-14T14:42:34.765+0000] {processor.py:840} INFO - DAG(s) 'dag_etl_camara_diario' retrieved from /opt/airflow/dags/dag_etl_camara_diario.py
[2026-07-14T14:42:34.787+0000] {logging_mixin.py:188} INFO - [2026-07-14T14:42:34.787+0000] {dag.py:3036} INFO - Sync 1 DAGs
[2026-07-14T14:42:34.808+0000] {logging_mixin.py:188} INFO - [2026-07-14T14:42:34.808+0000] {dag.py:3823} INFO - Setting next_dagrun for dag_etl_camara_diario to 2026-07-13 03:00:00+00:00, run_after=2026-07-14 03:00:00+00:00
[2026-07-14T14:42:34.821+0000] {processor.py:183} INFO - Processing /opt/airflow/dags/dag_etl_camara_diario.py took 0.069 seconds
[2026-07-14T14:43:04.938+0000] {processor.py:161} INFO - Started process (PID=10436) to work on /opt/airflow/dags/dag_etl_camara_diario.py
[2026-07-14T14:43:04.939+0000] {processor.py:830} INFO - Processing file /opt/airflow/dags/dag_etl_camara_diario.py for tasks to queue
[2026-07-14T14:43:04.939+0000] {logging_mixin.py:188} INFO - [2026-07-14T14:43:04.939+0000] {dagbag.py:538} INFO - Filling up the DagBag from /opt/airflow/dags/dag_etl_camara_diario.py
[2026-07-14T14:43:04.948+0000] {processor.py:840} INFO - DAG(s) 'dag_etl_camara_diario' retrieved from /opt/airflow/dags/dag_etl_camara_diario.py
[2026-07-14T14:43:04.968+0000] {logging_mixin.py:188} INFO - [2026-07-14T14:43:04.967+0000] {dag.py:3036} INFO - Sync 1 DAGs
[2026-07-14T14:43:04.989+0000] {logging_mixin.py:188} INFO - [2026-07-14T14:43:04.989+0000] {dag.py:3823} INFO - Setting next_dagrun for dag_etl_camara_diario to 2026-07-13 03:00:00+00:00, run_after=2026-07-14 03:00:00+00:00
[2026-07-14T14:43:05.003+0000] {processor.py:183} INFO - Processing /opt/airflow/dags/dag_etl_camara_diario.py took 0.067 seconds
[2026-07-14T14:43:35.122+0000] {processor.py:161} INFO - Started process (PID=10451) to work on /opt/airflow/dags/dag_etl_camara_diario.py
[2026-07-14T14:43:35.123+0000] {processor.py:830} INFO - Processing file /opt/airflow/dags/dag_etl_camara_diario.py for tasks to queue
[2026-07-14T14:43:35.123+0000] {logging_mixin.py:188} INFO - [2026-07-14T14:43:35.123+0000] {dagbag.py:538} INFO - Filling up the DagBag from /opt/airflow/dags/dag_etl_camara_diario.py
[2026-07-14T14:43:35.131+0000] {processor.py:840} INFO - DAG(s) 'dag_etl_camara_diario' retrieved from /opt/airflow/dags/dag_etl_camara_diario.py
[2026-07-14T14:43:35.152+0000] {logging_mixin.py:188} INFO - [2026-07-14T14:43:35.152+0000] {dag.py:3036} INFO - Sync 1 DAGs
[2026-07-14T14:43:35.172+0000] {logging_mixin.py:188} INFO - [2026-07-14T14:43:35.172+0000] {dag.py:3823} INFO - Setting next_dagrun for dag_etl_camara_diario to 2026-07-13 03:00:00+00:00, run_after=2026-07-14 03:00:00+00:00
[2026-07-14T14:43:35.187+0000] {processor.py:183} INFO - Processing /opt/airflow/dags/dag_etl_camara_diario.py took 0.068 seconds
[2026-07-14T14:44:05.311+0000] {processor.py:161} INFO - Started process (PID=10466) to work on /opt/airflow/dags/dag_etl_camara_diario.py
[2026-07-14T14:44:05.312+0000] {processor.py:830} INFO - Processing file /opt/airflow/dags/dag_etl_camara_diario.py for tasks to queue
[2026-07-14T14:44:05.312+0000] {logging_mixin.py:188} INFO - [2026-07-14T14:44:05.312+0000] {dagbag.py:538} INFO - Filling up the DagBag from /opt/airflow/dags/dag_etl_camara_diario.py
[2026-07-14T14:44:05.321+0000] {processor.py:840} INFO - DAG(s) 'dag_etl_camara_diario' retrieved from /opt/airflow/dags/dag_etl_camara_diario.py
[2026-07-14T14:44:05.340+0000] {logging_mixin.py:188} INFO - [2026-07-14T14:44:05.340+0000] {dag.py:3036} INFO - Sync 1 DAGs
[2026-07-14T14:44:05.360+0000] {logging_mixin.py:188} INFO - [2026-07-14T14:44:05.359+0000] {dag.py:3823} INFO - Setting next_dagrun for dag_etl_camara_diario to 2026-07-13 03:00:00+00:00, run_after=2026-07-14 03:00:00+00:00
[2026-07-14T14:44:05.373+0000] {processor.py:183} INFO - Processing /opt/airflow/dags/dag_etl_camara_diario.py took 0.065 seconds
[2026-07-14T14:44:35.502+0000] {processor.py:161} INFO - Started process (PID=10481) to work on /opt/airflow/dags/dag_etl_camara_diario.py
[2026-07-14T14:44:35.503+0000] {processor.py:830} INFO - Processing file /opt/airflow/dags/dag_etl_camara_diario.py for tasks to queue
[2026-07-14T14:44:35.504+0000] {logging_mixin.py:188} INFO - [2026-07-14T14:44:35.503+0000] {dagbag.py:538} INFO - Filling up the DagBag from /opt/airflow/dags/dag_etl_camara_diario.py
[2026-07-14T14:44:35.512+0000] {processor.py:840} INFO - DAG(s) 'dag_etl_camara_diario' retrieved from /opt/airflow/dags/dag_etl_camara_diario.py
[2026-07-14T14:44:35.533+0000] {logging_mixin.py:188} INFO - [2026-07-14T14:44:35.532+0000] {dag.py:3036} INFO - Sync 1 DAGs
[2026-07-14T14:44:35.554+0000] {logging_mixin.py:188} INFO - [2026-07-14T14:44:35.554+0000] {dag.py:3823} INFO - Setting next_dagrun for dag_etl_camara_diario to 2026-07-13 03:00:00+00:00, run_after=2026-07-14 03:00:00+00:00
[2026-07-14T14:44:35.568+0000] {processor.py:183} INFO - Processing /opt/airflow/dags/dag_etl_camara_diario.py took 0.068 seconds
[2026-07-14T14:45:05.692+0000] {processor.py:161} INFO - Started process (PID=10496) to work on /opt/airflow/dags/dag_etl_camara_diario.py
[2026-07-14T14:45:05.693+0000] {processor.py:830} INFO - Processing file /opt/airflow/dags/dag_etl_camara_diario.py for tasks to queue
[2026-07-14T14:45:05.693+0000] {logging_mixin.py:188} INFO - [2026-07-14T14:45:05.693+0000] {dagbag.py:538} INFO - Filling up the DagBag from /opt/airflow/dags/dag_etl_camara_diario.py
[2026-07-14T14:45:05.701+0000] {processor.py:840} INFO - DAG(s) 'dag_etl_camara_diario' retrieved from /opt/airflow/dags/dag_etl_camara_diario.py
[2026-07-14T14:45:05.721+0000] {logging_mixin.py:188} INFO - [2026-07-14T14:45:05.721+0000] {dag.py:3036} INFO - Sync 1 DAGs
[2026-07-14T14:45:05.741+0000] {logging_mixin.py:188} INFO - [2026-07-14T14:45:05.741+0000] {dag.py:3823} INFO - Setting next_dagrun for dag_etl_camara_diario to 2026-07-13 03:00:00+00:00, run_after=2026-07-14 03:00:00+00:00
[2026-07-14T14:45:05.755+0000] {processor.py:183} INFO - Processing /opt/airflow/dags/dag_etl_camara_diario.py took 0.065 seconds
[2026-07-14T14:45:35.875+0000] {processor.py:161} INFO - Started process (PID=10511) to work on /opt/airflow/dags/dag_etl_camara_diario.py
[2026-07-14T14:45:35.876+0000] {processor.py:830} INFO - Processing file /opt/airflow/dags/dag_etl_camara_diario.py for tasks to queue
[2026-07-14T14:45:35.877+0000] {logging_mixin.py:188} INFO - [2026-07-14T14:45:35.877+0000] {dagbag.py:538} INFO - Filling up the DagBag from /opt/airflow/dags/dag_etl_camara_diario.py
[2026-07-14T14:45:35.886+0000] {processor.py:840} INFO - DAG(s) 'dag_etl_camara_diario' retrieved from /opt/airflow/dags/dag_etl_camara_diario.py
[2026-07-14T14:45:35.907+0000] {logging_mixin.py:188} INFO - [2026-07-14T14:45:35.907+0000] {dag.py:3036} INFO - Sync 1 DAGs
[2026-07-14T14:45:35.932+0000] {logging_mixin.py:188} INFO - [2026-07-14T14:45:35.932+0000] {dag.py:3823} INFO - Setting next_dagrun for dag_etl_camara_diario to 2026-07-13 03:00:00+00:00, run_after=2026-07-14 03:00:00+00:00
[2026-07-14T14:45:35.949+0000] {processor.py:183} INFO - Processing /opt/airflow/dags/dag_etl_camara_diario.py took 0.076 seconds
[2026-07-14T14:46:06.074+0000] {processor.py:161} INFO - Started process (PID=10526) to work on /opt/airflow/dags/dag_etl_camara_diario.py
[2026-07-14T14:46:06.075+0000] {processor.py:830} INFO - Processing file /opt/airflow/dags/dag_etl_camara_diario.py for tasks to queue
[2026-07-14T14:46:06.075+0000] {logging_mixin.py:188} INFO - [2026-07-14T14:46:06.075+0000] {dagbag.py:538} INFO - Filling up the DagBag from /opt/airflow/dags/dag_etl_camara_diario.py
[2026-07-14T14:46:06.084+0000] {processor.py:840} INFO - DAG(s) 'dag_etl_camara_diario' retrieved from /opt/airflow/dags/dag_etl_camara_diario.py
[2026-07-14T14:46:06.106+0000] {logging_mixin.py:188} INFO - [2026-07-14T14:46:06.106+0000] {dag.py:3036} INFO - Sync 1 DAGs
[2026-07-14T14:46:06.128+0000] {logging_mixin.py:188} INFO - [2026-07-14T14:46:06.128+0000] {dag.py:3823} INFO - Setting next_dagrun for dag_etl_camara_diario to 2026-07-13 03:00:00+00:00, run_after=2026-07-14 03:00:00+00:00
[2026-07-14T14:46:06.144+0000] {processor.py:183} INFO - Processing /opt/airflow/dags/dag_etl_camara_diario.py took 0.073 seconds
[2026-07-14T14:46:36.271+0000] {processor.py:161} INFO - Started process (PID=10541) to work on /opt/airflow/dags/dag_etl_camara_diario.py
[2026-07-14T14:46:36.272+0000] {processor.py:830} INFO - Processing file /opt/airflow/dags/dag_etl_camara_diario.py for tasks to queue
[2026-07-14T14:46:36.273+0000] {logging_mixin.py:188} INFO - [2026-07-14T14:46:36.273+0000] {dagbag.py:538} INFO - Filling up the DagBag from /opt/airflow/dags/dag_etl_camara_diario.py
[2026-07-14T14:46:36.282+0000] {processor.py:840} INFO - DAG(s) 'dag_etl_camara_diario' retrieved from /opt/airflow/dags/dag_etl_camara_diario.py
[2026-07-14T14:46:36.303+0000] {logging_mixin.py:188} INFO - [2026-07-14T14:46:36.303+0000] {dag.py:3036} INFO - Sync 1 DAGs
[2026-07-14T14:46:36.325+0000] {logging_mixin.py:188} INFO - [2026-07-14T14:46:36.325+0000] {dag.py:3823} INFO - Setting next_dagrun for dag_etl_camara_diario to 2026-07-13 03:00:00+00:00, run_after=2026-07-14 03:00:00+00:00
[2026-07-14T14:46:36.340+0000] {processor.py:183} INFO - Processing /opt/airflow/dags/dag_etl_camara_diario.py took 0.071 seconds
[2026-07-14T14:47:06.465+0000] {processor.py:161} INFO - Started process (PID=10556) to work on /opt/airflow/dags/dag_etl_camara_diario.py
[2026-07-14T14:47:06.466+0000] {processor.py:830} INFO - Processing file /opt/airflow/dags/dag_etl_camara_diario.py for tasks to queue
[2026-07-14T14:47:06.467+0000] {logging_mixin.py:188} INFO - [2026-07-14T14:47:06.466+0000] {dagbag.py:538} INFO - Filling up the DagBag from /opt/airflow/dags/dag_etl_camara_diario.py
[2026-07-14T14:47:06.475+0000] {processor.py:840} INFO - DAG(s) 'dag_etl_camara_diario' retrieved from /opt/airflow/dags/dag_etl_camara_diario.py
[2026-07-14T14:47:06.496+0000] {logging_mixin.py:188} INFO - [2026-07-14T14:47:06.496+0000] {dag.py:3036} INFO - Sync 1 DAGs
[2026-07-14T14:47:06.516+0000] {logging_mixin.py:188} INFO - [2026-07-14T14:47:06.516+0000] {dag.py:3823} INFO - Setting next_dagrun for dag_etl_camara_diario to 2026-07-13 03:00:00+00:00, run_after=2026-07-14 03:00:00+00:00
[2026-07-14T14:47:06.532+0000] {processor.py:183} INFO - Processing /opt/airflow/dags/dag_etl_camara_diario.py took 0.069 seconds
[2026-07-14T14:47:36.662+0000] {processor.py:161} INFO - Started process (PID=10571) to work on /opt/airflow/dags/dag_etl_camara_diario.py
[2026-07-14T14:47:36.663+0000] {processor.py:830} INFO - Processing file /opt/airflow/dags/dag_etl_camara_diario.py for tasks to queue
[2026-07-14T14:47:36.663+0000] {logging_mixin.py:188} INFO - [2026-07-14T14:47:36.663+0000] {dagbag.py:538} INFO - Filling up the DagBag from /opt/airflow/dags/dag_etl_camara_diario.py
[2026-07-14T14:47:36.672+0000] {processor.py:840} INFO - DAG(s) 'dag_etl_camara_diario' retrieved from /opt/airflow/dags/dag_etl_camara_diario.py
[2026-07-14T14:47:36.694+0000] {logging_mixin.py:188} INFO - [2026-07-14T14:47:36.693+0000] {dag.py:3036} INFO - Sync 1 DAGs
[2026-07-14T14:47:36.713+0000] {logging_mixin.py:188} INFO - [2026-07-14T14:47:36.712+0000] {dag.py:3823} INFO - Setting next_dagrun for dag_etl_camara_diario to 2026-07-13 03:00:00+00:00, run_after=2026-07-14 03:00:00+00:00
[2026-07-14T14:47:36.728+0000] {processor.py:183} INFO - Processing /opt/airflow/dags/dag_etl_camara_diario.py took 0.069 seconds
[2026-07-14T14:48:06.851+0000] {processor.py:161} INFO - Started process (PID=10586) to work on /opt/airflow/dags/dag_etl_camara_diario.py
[2026-07-14T14:48:06.852+0000] {processor.py:830} INFO - Processing file /opt/airflow/dags/dag_etl_camara_diario.py for tasks to queue
[2026-07-14T14:48:06.852+0000] {logging_mixin.py:188} INFO - [2026-07-14T14:48:06.852+0000] {dagbag.py:538} INFO - Filling up the DagBag from /opt/airflow/dags/dag_etl_camara_diario.py
[2026-07-14T14:48:06.862+0000] {processor.py:840} INFO - DAG(s) 'dag_etl_camara_diario' retrieved from /opt/airflow/dags/dag_etl_camara_diario.py
[2026-07-14T14:48:06.883+0000] {logging_mixin.py:188} INFO - [2026-07-14T14:48:06.883+0000] {dag.py:3036} INFO - Sync 1 DAGs
[2026-07-14T14:48:06.905+0000] {logging_mixin.py:188} INFO - [2026-07-14T14:48:06.905+0000] {dag.py:3823} INFO - Setting next_dagrun for dag_etl_camara_diario to 2026-07-13 03:00:00+00:00, run_after=2026-07-14 03:00:00+00:00
[2026-07-14T14:48:06.919+0000] {processor.py:183} INFO - Processing /opt/airflow/dags/dag_etl_camara_diario.py took 0.070 seconds
[2026-07-14T14:48:37.047+0000] {processor.py:161} INFO - Started process (PID=10601) to work on /opt/airflow/dags/dag_etl_camara_diario.py
[2026-07-14T14:48:37.048+0000] {processor.py:830} INFO - Processing file /opt/airflow/dags/dag_etl_camara_diario.py for tasks to queue
[2026-07-14T14:48:37.048+0000] {logging_mixin.py:188} INFO - [2026-07-14T14:48:37.048+0000] {dagbag.py:538} INFO - Filling up the DagBag from /opt/airflow/dags/dag_etl_camara_diario.py
[2026-07-14T14:48:37.057+0000] {processor.py:840} INFO - DAG(s) 'dag_etl_camara_diario' retrieved from /opt/airflow/dags/dag_etl_camara_diario.py
[2026-07-14T14:48:37.078+0000] {logging_mixin.py:188} INFO - [2026-07-14T14:48:37.078+0000] {dag.py:3036} INFO - Sync 1 DAGs
[2026-07-14T14:48:37.100+0000] {logging_mixin.py:188} INFO - [2026-07-14T14:48:37.100+0000] {dag.py:3823} INFO - Setting next_dagrun for dag_etl_camara_diario to 2026-07-13 03:00:00+00:00, run_after=2026-07-14 03:00:00+00:00
[2026-07-14T14:48:37.115+0000] {processor.py:183} INFO - Processing /opt/airflow/dags/dag_etl_camara_diario.py took 0.070 seconds
[2026-07-14T14:49:07.243+0000] {processor.py:161} INFO - Started process (PID=10616) to work on /opt/airflow/dags/dag_etl_camara_diario.py
[2026-07-14T14:49:07.244+0000] {processor.py:830} INFO - Processing file /opt/airflow/dags/dag_etl_camara_diario.py for tasks to queue
[2026-07-14T14:49:07.244+0000] {logging_mixin.py:188} INFO - [2026-07-14T14:49:07.244+0000] {dagbag.py:538} INFO - Filling up the DagBag from /opt/airflow/dags/dag_etl_camara_diario.py
[2026-07-14T14:49:07.254+0000] {processor.py:840} INFO - DAG(s) 'dag_etl_camara_diario' retrieved from /opt/airflow/dags/dag_etl_camara_diario.py
[2026-07-14T14:49:07.276+0000] {logging_mixin.py:188} INFO - [2026-07-14T14:49:07.276+0000] {dag.py:3036} INFO - Sync 1 DAGs
[2026-07-14T14:49:07.301+0000] {logging_mixin.py:188} INFO - [2026-07-14T14:49:07.301+0000] {dag.py:3823} INFO - Setting next_dagrun for dag_etl_camara_diario to 2026-07-13 03:00:00+00:00, run_after=2026-07-14 03:00:00+00:00
[2026-07-14T14:49:07.317+0000] {processor.py:183} INFO - Processing /opt/airflow/dags/dag_etl_camara_diario.py took 0.076 seconds
[2026-07-14T14:49:37.439+0000] {processor.py:161} INFO - Started process (PID=10631) to work on /opt/airflow/dags/dag_etl_camara_diario.py
[2026-07-14T14:49:37.440+0000] {processor.py:830} INFO - Processing file /opt/airflow/dags/dag_etl_camara_diario.py for tasks to queue
[2026-07-14T14:49:37.441+0000] {logging_mixin.py:188} INFO - [2026-07-14T14:49:37.441+0000] {dagbag.py:538} INFO - Filling up the DagBag from /opt/airflow/dags/dag_etl_camara_diario.py
[2026-07-14T14:49:37.450+0000] {processor.py:840} INFO - DAG(s) 'dag_etl_camara_diario' retrieved from /opt/airflow/dags/dag_etl_camara_diario.py
[2026-07-14T14:49:37.472+0000] {logging_mixin.py:188} INFO - [2026-07-14T14:49:37.472+0000] {dag.py:3036} INFO - Sync 1 DAGs
[2026-07-14T14:49:37.494+0000] {logging_mixin.py:188} INFO - [2026-07-14T14:49:37.494+0000] {dag.py:3823} INFO - Setting next_dagrun for dag_etl_camara_diario to 2026-07-13 03:00:00+00:00, run_after=2026-07-14 03:00:00+00:00
[2026-07-14T14:49:37.509+0000] {processor.py:183} INFO - Processing /opt/airflow/dags/dag_etl_camara_diario.py took 0.072 seconds
[2026-07-14T14:50:07.634+0000] {processor.py:161} INFO - Started process (PID=10646) to work on /opt/airflow/dags/dag_etl_camara_diario.py
[2026-07-14T14:50:07.635+0000] {processor.py:830} INFO - Processing file /opt/airflow/dags/dag_etl_camara_diario.py for tasks to queue
[2026-07-14T14:50:07.635+0000] {logging_mixin.py:188} INFO - [2026-07-14T14:50:07.635+0000] {dagbag.py:538} INFO - Filling up the DagBag from /opt/airflow/dags/dag_etl_camara_diario.py
[2026-07-14T14:50:07.644+0000] {processor.py:840} INFO - DAG(s) 'dag_etl_camara_diario' retrieved from /opt/airflow/dags/dag_etl_camara_diario.py
[2026-07-14T14:50:07.665+0000] {logging_mixin.py:188} INFO - [2026-07-14T14:50:07.665+0000] {dag.py:3036} INFO - Sync 1 DAGs
[2026-07-14T14:50:07.687+0000] {logging_mixin.py:188} INFO - [2026-07-14T14:50:07.687+0000] {dag.py:3823} INFO - Setting next_dagrun for dag_etl_camara_diario to 2026-07-13 03:00:00+00:00, run_after=2026-07-14 03:00:00+00:00
[2026-07-14T14:50:07.702+0000] {processor.py:183} INFO - Processing /opt/airflow/dags/dag_etl_camara_diario.py took 0.071 seconds
[2026-07-14T14:50:37.827+0000] {processor.py:161} INFO - Started process (PID=10661) to work on /opt/airflow/dags/dag_etl_camara_diario.py
[2026-07-14T14:50:37.828+0000] {processor.py:830} INFO - Processing file /opt/airflow/dags/dag_etl_camara_diario.py for tasks to queue
[2026-07-14T14:50:37.828+0000] {logging_mixin.py:188} INFO - [2026-07-14T14:50:37.828+0000] {dagbag.py:538} INFO - Filling up the DagBag from /opt/airflow/dags/dag_etl_camara_diario.py
[2026-07-14T14:50:37.837+0000] {processor.py:840} INFO - DAG(s) 'dag_etl_camara_diario' retrieved from /opt/airflow/dags/dag_etl_camara_diario.py
[2026-07-14T14:50:37.858+0000] {logging_mixin.py:188} INFO - [2026-07-14T14:50:37.858+0000] {dag.py:3036} INFO - Sync 1 DAGs
[2026-07-14T14:50:37.881+0000] {logging_mixin.py:188} INFO - [2026-07-14T14:50:37.881+0000] {dag.py:3823} INFO - Setting next_dagrun for dag_etl_camara_diario to 2026-07-13 03:00:00+00:00, run_after=2026-07-14 03:00:00+00:00
[2026-07-14T14:50:37.897+0000] {processor.py:183} INFO - Processing /opt/airflow/dags/dag_etl_camara_diario.py took 0.073 seconds
[2026-07-14T14:51:08.022+0000] {processor.py:161} INFO - Started process (PID=10676) to work on /opt/airflow/dags/dag_etl_camara_diario.py
[2026-07-14T14:51:08.023+0000] {processor.py:830} INFO - Processing file /opt/airflow/dags/dag_etl_camara_diario.py for tasks to queue
[2026-07-14T14:51:08.023+0000] {logging_mixin.py:188} INFO - [2026-07-14T14:51:08.023+0000] {dagbag.py:538} INFO - Filling up the DagBag from /opt/airflow/dags/dag_etl_camara_diario.py
[2026-07-14T14:51:08.032+0000] {processor.py:840} INFO - DAG(s) 'dag_etl_camara_diario' retrieved from /opt/airflow/dags/dag_etl_camara_diario.py
[2026-07-14T14:51:08.053+0000] {logging_mixin.py:188} INFO - [2026-07-14T14:51:08.053+0000] {dag.py:3036} INFO - Sync 1 DAGs
[2026-07-14T14:51:08.076+0000] {logging_mixin.py:188} INFO - [2026-07-14T14:51:08.076+0000] {dag.py:3823} INFO - Setting next_dagrun for dag_etl_camara_diario to 2026-07-13 03:00:00+00:00, run_after=2026-07-14 03:00:00+00:00
[2026-07-14T14:51:08.090+0000] {processor.py:183} INFO - Processing /opt/airflow/dags/dag_etl_camara_diario.py took 0.070 seconds
[2026-07-14T14:51:38.217+0000] {processor.py:161} INFO - Started process (PID=10691) to work on /opt/airflow/dags/dag_etl_camara_diario.py
[2026-07-14T14:51:38.218+0000] {processor.py:830} INFO - Processing file /opt/airflow/dags/dag_etl_camara_diario.py for tasks to queue
[2026-07-14T14:51:38.219+0000] {logging_mixin.py:188} INFO - [2026-07-14T14:51:38.219+0000] {dagbag.py:538} INFO - Filling up the DagBag from /opt/airflow/dags/dag_etl_camara_diario.py
[2026-07-14T14:51:38.227+0000] {processor.py:840} INFO - DAG(s) 'dag_etl_camara_diario' retrieved from /opt/airflow/dags/dag_etl_camara_diario.py
[2026-07-14T14:51:38.247+0000] {logging_mixin.py:188} INFO - [2026-07-14T14:51:38.247+0000] {dag.py:3036} INFO - Sync 1 DAGs
[2026-07-14T14:51:38.269+0000] {logging_mixin.py:188} INFO - [2026-07-14T14:51:38.269+0000] {dag.py:3823} INFO - Setting next_dagrun for dag_etl_camara_diario to 2026-07-13 03:00:00+00:00, run_after=2026-07-14 03:00:00+00:00
[2026-07-14T14:51:38.283+0000] {processor.py:183} INFO - Processing /opt/airflow/dags/dag_etl_camara_diario.py took 0.068 seconds
[2026-07-14T14:52:08.408+0000] {processor.py:161} INFO - Started process (PID=10706) to work on /opt/airflow/dags/dag_etl_camara_diario.py
[2026-07-14T14:52:08.408+0000] {processor.py:830} INFO - Processing file /opt/airflow/dags/dag_etl_camara_diario.py for tasks to queue
[2026-07-14T14:52:08.409+0000] {logging_mixin.py:188} INFO - [2026-07-14T14:52:08.409+0000] {dagbag.py:538} INFO - Filling up the DagBag from /opt/airflow/dags/dag_etl_camara_diario.py
[2026-07-14T14:52:08.418+0000] {processor.py:840} INFO - DAG(s) 'dag_etl_camara_diario' retrieved from /opt/airflow/dags/dag_etl_camara_diario.py
[2026-07-14T14:52:08.441+0000] {logging_mixin.py:188} INFO - [2026-07-14T14:52:08.440+0000] {dag.py:3036} INFO - Sync 1 DAGs
[2026-07-14T14:52:08.463+0000] {logging_mixin.py:188} INFO - [2026-07-14T14:52:08.463+0000] {dag.py:3823} INFO - Setting next_dagrun for dag_etl_camara_diario to 2026-07-13 03:00:00+00:00, run_after=2026-07-14 03:00:00+00:00
[2026-07-14T14:52:08.484+0000] {processor.py:183} INFO - Processing /opt/airflow/dags/dag_etl_camara_diario.py took 0.079 seconds
[2026-07-14T14:52:38.607+0000] {processor.py:161} INFO - Started process (PID=10721) to work on /opt/airflow/dags/dag_etl_camara_diario.py
[2026-07-14T14:52:38.608+0000] {processor.py:830} INFO - Processing file /opt/airflow/dags/dag_etl_camara_diario.py for tasks to queue
[2026-07-14T14:52:38.608+0000] {logging_mixin.py:188} INFO - [2026-07-14T14:52:38.608+0000] {dagbag.py:538} INFO - Filling up the DagBag from /opt/airflow/dags/dag_etl_camara_diario.py
[2026-07-14T14:52:38.616+0000] {processor.py:840} INFO - DAG(s) 'dag_etl_camara_diario' retrieved from /opt/airflow/dags/dag_etl_camara_diario.py
[2026-07-14T14:52:38.636+0000] {logging_mixin.py:188} INFO - [2026-07-14T14:52:38.636+0000] {dag.py:3036} INFO - Sync 1 DAGs
[2026-07-14T14:52:38.657+0000] {logging_mixin.py:188} INFO - [2026-07-14T14:52:38.656+0000] {dag.py:3823} INFO - Setting next_dagrun for dag_etl_camara_diario to 2026-07-13 03:00:00+00:00, run_after=2026-07-14 03:00:00+00:00
[2026-07-14T14:52:38.668+0000] {processor.py:183} INFO - Processing /opt/airflow/dags/dag_etl_camara_diario.py took 0.064 seconds
[2026-07-14T14:53:08.790+0000] {processor.py:161} INFO - Started process (PID=10736) to work on /opt/airflow/dags/dag_etl_camara_diario.py
[2026-07-14T14:53:08.791+0000] {processor.py:830} INFO - Processing file /opt/airflow/dags/dag_etl_camara_diario.py for tasks to queue
[2026-07-14T14:53:08.792+0000] {logging_mixin.py:188} INFO - [2026-07-14T14:53:08.791+0000] {dagbag.py:538} INFO - Filling up the DagBag from /opt/airflow/dags/dag_etl_camara_diario.py
[2026-07-14T14:53:08.800+0000] {processor.py:840} INFO - DAG(s) 'dag_etl_camara_diario' retrieved from /opt/airflow/dags/dag_etl_camara_diario.py
[2026-07-14T14:53:08.820+0000] {logging_mixin.py:188} INFO - [2026-07-14T14:53:08.819+0000] {dag.py:3036} INFO - Sync 1 DAGs
[2026-07-14T14:53:08.839+0000] {logging_mixin.py:188} INFO - [2026-07-14T14:53:08.839+0000] {dag.py:3823} INFO - Setting next_dagrun for dag_etl_camara_diario to 2026-07-13 03:00:00+00:00, run_after=2026-07-14 03:00:00+00:00
[2026-07-14T14:53:08.852+0000] {processor.py:183} INFO - Processing /opt/airflow/dags/dag_etl_camara_diario.py took 0.064 seconds
[2026-07-14T14:53:38.974+0000] {processor.py:161} INFO - Started process (PID=10751) to work on /opt/airflow/dags/dag_etl_camara_diario.py
[2026-07-14T14:53:38.975+0000] {processor.py:830} INFO - Processing file /opt/airflow/dags/dag_etl_camara_diario.py for tasks to queue
[2026-07-14T14:53:38.975+0000] {logging_mixin.py:188} INFO - [2026-07-14T14:53:38.975+0000] {dagbag.py:538} INFO - Filling up the DagBag from /opt/airflow/dags/dag_etl_camara_diario.py
[2026-07-14T14:53:38.984+0000] {processor.py:840} INFO - DAG(s) 'dag_etl_camara_diario' retrieved from /opt/airflow/dags/dag_etl_camara_diario.py
[2026-07-14T14:53:39.003+0000] {logging_mixin.py:188} INFO - [2026-07-14T14:53:39.003+0000] {dag.py:3036} INFO - Sync 1 DAGs
[2026-07-14T14:53:39.024+0000] {logging_mixin.py:188} INFO - [2026-07-14T14:53:39.023+0000] {dag.py:3823} INFO - Setting next_dagrun for dag_etl_camara_diario to 2026-07-13 03:00:00+00:00, run_after=2026-07-14 03:00:00+00:00
[2026-07-14T14:53:39.036+0000] {processor.py:183} INFO - Processing /opt/airflow/dags/dag_etl_camara_diario.py took 0.065 seconds
[2026-07-14T14:54:09.159+0000] {processor.py:161} INFO - Started process (PID=10766) to work on /opt/airflow/dags/dag_etl_camara_diario.py
[2026-07-14T14:54:09.159+0000] {processor.py:830} INFO - Processing file /opt/airflow/dags/dag_etl_camara_diario.py for tasks to queue
[2026-07-14T14:54:09.160+0000] {logging_mixin.py:188} INFO - [2026-07-14T14:54:09.160+0000] {dagbag.py:538} INFO - Filling up the DagBag from /opt/airflow/dags/dag_etl_camara_diario.py
[2026-07-14T14:54:09.169+0000] {processor.py:840} INFO - DAG(s) 'dag_etl_camara_diario' retrieved from /opt/airflow/dags/dag_etl_camara_diario.py
[2026-07-14T14:54:09.189+0000] {logging_mixin.py:188} INFO - [2026-07-14T14:54:09.188+0000] {dag.py:3036} INFO - Sync 1 DAGs
[2026-07-14T14:54:09.211+0000] {logging_mixin.py:188} INFO - [2026-07-14T14:54:09.211+0000] {dag.py:3823} INFO - Setting next_dagrun for dag_etl_camara_diario to 2026-07-13 03:00:00+00:00, run_after=2026-07-14 03:00:00+00:00
[2026-07-14T14:54:09.228+0000] {processor.py:183} INFO - Processing /opt/airflow/dags/dag_etl_camara_diario.py took 0.072 seconds
[2026-07-14T14:54:39.352+0000] {processor.py:161} INFO - Started process (PID=10781) to work on /opt/airflow/dags/dag_etl_camara_diario.py
[2026-07-14T14:54:39.353+0000] {processor.py:830} INFO - Processing file /opt/airflow/dags/dag_etl_camara_diario.py for tasks to queue
[2026-07-14T14:54:39.353+0000] {logging_mixin.py:188} INFO - [2026-07-14T14:54:39.353+0000] {dagbag.py:538} INFO - Filling up the DagBag from /opt/airflow/dags/dag_etl_camara_diario.py
[2026-07-14T14:54:39.362+0000] {processor.py:840} INFO - DAG(s) 'dag_etl_camara_diario' retrieved from /opt/airflow/dags/dag_etl_camara_diario.py
[2026-07-14T14:54:39.382+0000] {logging_mixin.py:188} INFO - [2026-07-14T14:54:39.381+0000] {dag.py:3036} INFO - Sync 1 DAGs
[2026-07-14T14:54:39.401+0000] {logging_mixin.py:188} INFO - [2026-07-14T14:54:39.401+0000] {dag.py:3823} INFO - Setting next_dagrun for dag_etl_camara_diario to 2026-07-13 03:00:00+00:00, run_after=2026-07-14 03:00:00+00:00
[2026-07-14T14:54:39.415+0000] {processor.py:183} INFO - Processing /opt/airflow/dags/dag_etl_camara_diario.py took 0.065 seconds
[2026-07-14T14:55:09.537+0000] {processor.py:161} INFO - Started process (PID=10796) to work on /opt/airflow/dags/dag_etl_camara_diario.py
[2026-07-14T14:55:09.538+0000] {processor.py:830} INFO - Processing file /opt/airflow/dags/dag_etl_camara_diario.py for tasks to queue
[2026-07-14T14:55:09.538+0000] {logging_mixin.py:188} INFO - [2026-07-14T14:55:09.538+0000] {dagbag.py:538} INFO - Filling up the DagBag from /opt/airflow/dags/dag_etl_camara_diario.py
[2026-07-14T14:55:09.548+0000] {processor.py:840} INFO - DAG(s) 'dag_etl_camara_diario' retrieved from /opt/airflow/dags/dag_etl_camara_diario.py
[2026-07-14T14:55:09.570+0000] {logging_mixin.py:188} INFO - [2026-07-14T14:55:09.570+0000] {dag.py:3036} INFO - Sync 1 DAGs
[2026-07-14T14:55:09.592+0000] {logging_mixin.py:188} INFO - [2026-07-14T14:55:09.592+0000] {dag.py:3823} INFO - Setting next_dagrun for dag_etl_camara_diario to 2026-07-13 03:00:00+00:00, run_after=2026-07-14 03:00:00+00:00
[2026-07-14T14:55:09.606+0000] {processor.py:183} INFO - Processing /opt/airflow/dags/dag_etl_camara_diario.py took 0.072 seconds
[2026-07-14T14:55:39.731+0000] {processor.py:161} INFO - Started process (PID=10811) to work on /opt/airflow/dags/dag_etl_camara_diario.py
[2026-07-14T14:55:39.732+0000] {processor.py:830} INFO - Processing file /opt/airflow/dags/dag_etl_camara_diario.py for tasks to queue
[2026-07-14T14:55:39.733+0000] {logging_mixin.py:188} INFO - [2026-07-14T14:55:39.733+0000] {dagbag.py:538} INFO - Filling up the DagBag from /opt/airflow/dags/dag_etl_camara_diario.py
[2026-07-14T14:55:39.741+0000] {processor.py:840} INFO - DAG(s) 'dag_etl_camara_diario' retrieved from /opt/airflow/dags/dag_etl_camara_diario.py
[2026-07-14T14:55:39.762+0000] {logging_mixin.py:188} INFO - [2026-07-14T14:55:39.762+0000] {dag.py:3036} INFO - Sync 1 DAGs
[2026-07-14T14:55:39.782+0000] {logging_mixin.py:188} INFO - [2026-07-14T14:55:39.782+0000] {dag.py:3823} INFO - Setting next_dagrun for dag_etl_camara_diario to 2026-07-13 03:00:00+00:00, run_after=2026-07-14 03:00:00+00:00
[2026-07-14T14:55:39.796+0000] {processor.py:183} INFO - Processing /opt/airflow/dags/dag_etl_camara_diario.py took 0.068 seconds
[2026-07-14T14:56:09.915+0000] {processor.py:161} INFO - Started process (PID=10826) to work on /opt/airflow/dags/dag_etl_camara_diario.py
[2026-07-14T14:56:09.916+0000] {processor.py:830} INFO - Processing file /opt/airflow/dags/dag_etl_camara_diario.py for tasks to queue
[2026-07-14T14:56:09.916+0000] {logging_mixin.py:188} INFO - [2026-07-14T14:56:09.916+0000] {dagbag.py:538} INFO - Filling up the DagBag from /opt/airflow/dags/dag_etl_camara_diario.py
[2026-07-14T14:56:09.925+0000] {processor.py:840} INFO - DAG(s) 'dag_etl_camara_diario' retrieved from /opt/airflow/dags/dag_etl_camara_diario.py
[2026-07-14T14:56:09.946+0000] {logging_mixin.py:188} INFO - [2026-07-14T14:56:09.945+0000] {dag.py:3036} INFO - Sync 1 DAGs
[2026-07-14T14:56:09.966+0000] {logging_mixin.py:188} INFO - [2026-07-14T14:56:09.966+0000] {dag.py:3823} INFO - Setting next_dagrun for dag_etl_camara_diario to 2026-07-13 03:00:00+00:00, run_after=2026-07-14 03:00:00+00:00
[2026-07-14T14:56:09.980+0000] {processor.py:183} INFO - Processing /opt/airflow/dags/dag_etl_camara_diario.py took 0.067 seconds
[2026-07-14T14:56:40.099+0000] {processor.py:161} INFO - Started process (PID=10841) to work on /opt/airflow/dags/dag_etl_camara_diario.py
[2026-07-14T14:56:40.100+0000] {processor.py:830} INFO - Processing file /opt/airflow/dags/dag_etl_camara_diario.py for tasks to queue
[2026-07-14T14:56:40.101+0000] {logging_mixin.py:188} INFO - [2026-07-14T14:56:40.100+0000] {dagbag.py:538} INFO - Filling up the DagBag from /opt/airflow/dags/dag_etl_camara_diario.py
[2026-07-14T14:56:40.109+0000] {processor.py:840} INFO - DAG(s) 'dag_etl_camara_diario' retrieved from /opt/airflow/dags/dag_etl_camara_diario.py
[2026-07-14T14:56:40.128+0000] {logging_mixin.py:188} INFO - [2026-07-14T14:56:40.128+0000] {dag.py:3036} INFO - Sync 1 DAGs
[2026-07-14T14:56:40.148+0000] {logging_mixin.py:188} INFO - [2026-07-14T14:56:40.147+0000] {dag.py:3823} INFO - Setting next_dagrun for dag_etl_camara_diario to 2026-07-13 03:00:00+00:00, run_after=2026-07-14 03:00:00+00:00
[2026-07-14T14:56:40.159+0000] {processor.py:183} INFO - Processing /opt/airflow/dags/dag_etl_camara_diario.py took 0.062 seconds
[2026-07-14T14:57:10.283+0000] {processor.py:161} INFO - Started process (PID=10856) to work on /opt/airflow/dags/dag_etl_camara_diario.py
[2026-07-14T14:57:10.283+0000] {processor.py:830} INFO - Processing file /opt/airflow/dags/dag_etl_camara_diario.py for tasks to queue
[2026-07-14T14:57:10.284+0000] {logging_mixin.py:188} INFO - [2026-07-14T14:57:10.284+0000] {dagbag.py:538} INFO - Filling up the DagBag from /opt/airflow/dags/dag_etl_camara_diario.py
[2026-07-14T14:57:10.294+0000] {processor.py:840} INFO - DAG(s) 'dag_etl_camara_diario' retrieved from /opt/airflow/dags/dag_etl_camara_diario.py
[2026-07-14T14:57:10.315+0000] {logging_mixin.py:188} INFO - [2026-07-14T14:57:10.315+0000] {dag.py:3036} INFO - Sync 1 DAGs
[2026-07-14T14:57:10.340+0000] {logging_mixin.py:188} INFO - [2026-07-14T14:57:10.340+0000] {dag.py:3823} INFO - Setting next_dagrun for dag_etl_camara_diario to 2026-07-13 03:00:00+00:00, run_after=2026-07-14 03:00:00+00:00
[2026-07-14T14:57:10.356+0000] {processor.py:183} INFO - Processing /opt/airflow/dags/dag_etl_camara_diario.py took 0.076 seconds
[2026-07-14T14:57:40.477+0000] {processor.py:161} INFO - Started process (PID=10871) to work on /opt/airflow/dags/dag_etl_camara_diario.py
[2026-07-14T14:57:40.478+0000] {processor.py:830} INFO - Processing file /opt/airflow/dags/dag_etl_camara_diario.py for tasks to queue
[2026-07-14T14:57:40.478+0000] {logging_mixin.py:188} INFO - [2026-07-14T14:57:40.478+0000] {dagbag.py:538} INFO - Filling up the DagBag from /opt/airflow/dags/dag_etl_camara_diario.py
[2026-07-14T14:57:40.487+0000] {processor.py:840} INFO - DAG(s) 'dag_etl_camara_diario' retrieved from /opt/airflow/dags/dag_etl_camara_diario.py
[2026-07-14T14:57:40.508+0000] {logging_mixin.py:188} INFO - [2026-07-14T14:57:40.508+0000] {dag.py:3036} INFO - Sync 1 DAGs
[2026-07-14T14:57:40.531+0000] {logging_mixin.py:188} INFO - [2026-07-14T14:57:40.531+0000] {dag.py:3823} INFO - Setting next_dagrun for dag_etl_camara_diario to 2026-07-13 03:00:00+00:00, run_after=2026-07-14 03:00:00+00:00
[2026-07-14T14:57:40.550+0000] {processor.py:183} INFO - Processing /opt/airflow/dags/dag_etl_camara_diario.py took 0.076 seconds
[2026-07-14T14:58:10.677+0000] {processor.py:161} INFO - Started process (PID=10886) to work on /opt/airflow/dags/dag_etl_camara_diario.py
[2026-07-14T14:58:10.677+0000] {processor.py:830} INFO - Processing file /opt/airflow/dags/dag_etl_camara_diario.py for tasks to queue
[2026-07-14T14:58:10.678+0000] {logging_mixin.py:188} INFO - [2026-07-14T14:58:10.678+0000] {dagbag.py:538} INFO - Filling up the DagBag from /opt/airflow/dags/dag_etl_camara_diario.py
[2026-07-14T14:58:10.686+0000] {processor.py:840} INFO - DAG(s) 'dag_etl_camara_diario' retrieved from /opt/airflow/dags/dag_etl_camara_diario.py
[2026-07-14T14:58:10.706+0000] {logging_mixin.py:188} INFO - [2026-07-14T14:58:10.706+0000] {dag.py:3036} INFO - Sync 1 DAGs
[2026-07-14T14:58:10.727+0000] {logging_mixin.py:188} INFO - [2026-07-14T14:58:10.727+0000] {dag.py:3823} INFO - Setting next_dagrun for dag_etl_camara_diario to 2026-07-13 03:00:00+00:00, run_after=2026-07-14 03:00:00+00:00
[2026-07-14T14:58:10.740+0000] {processor.py:183} INFO - Processing /opt/airflow/dags/dag_etl_camara_diario.py took 0.066 seconds
[2026-07-14T14:58:40.864+0000] {processor.py:161} INFO - Started process (PID=10901) to work on /opt/airflow/dags/dag_etl_camara_diario.py
[2026-07-14T14:58:40.865+0000] {processor.py:830} INFO - Processing file /opt/airflow/dags/dag_etl_camara_diario.py for tasks to queue
[2026-07-14T14:58:40.865+0000] {logging_mixin.py:188} INFO - [2026-07-14T14:58:40.865+0000] {dagbag.py:538} INFO - Filling up the DagBag from /opt/airflow/dags/dag_etl_camara_diario.py
[2026-07-14T14:58:40.874+0000] {processor.py:840} INFO - DAG(s) 'dag_etl_camara_diario' retrieved from /opt/airflow/dags/dag_etl_camara_diario.py
[2026-07-14T14:58:40.894+0000] {logging_mixin.py:188} INFO - [2026-07-14T14:58:40.894+0000] {dag.py:3036} INFO - Sync 1 DAGs
[2026-07-14T14:58:40.916+0000] {logging_mixin.py:188} INFO - [2026-07-14T14:58:40.916+0000] {dag.py:3823} INFO - Setting next_dagrun for dag_etl_camara_diario to 2026-07-13 03:00:00+00:00, run_after=2026-07-14 03:00:00+00:00
[2026-07-14T14:58:40.933+0000] {processor.py:183} INFO - Processing /opt/airflow/dags/dag_etl_camara_diario.py took 0.072 seconds
[2026-07-14T14:59:11.061+0000] {processor.py:161} INFO - Started process (PID=10916) to work on /opt/airflow/dags/dag_etl_camara_diario.py
[2026-07-14T14:59:11.062+0000] {processor.py:830} INFO - Processing file /opt/airflow/dags/dag_etl_camara_diario.py for tasks to queue
[2026-07-14T14:59:11.063+0000] {logging_mixin.py:188} INFO - [2026-07-14T14:59:11.062+0000] {dagbag.py:538} INFO - Filling up the DagBag from /opt/airflow/dags/dag_etl_camara_diario.py
[2026-07-14T14:59:11.071+0000] {processor.py:840} INFO - DAG(s) 'dag_etl_camara_diario' retrieved from /opt/airflow/dags/dag_etl_camara_diario.py
[2026-07-14T14:59:11.093+0000] {logging_mixin.py:188} INFO - [2026-07-14T14:59:11.093+0000] {dag.py:3036} INFO - Sync 1 DAGs
[2026-07-14T14:59:11.116+0000] {logging_mixin.py:188} INFO - [2026-07-14T14:59:11.116+0000] {dag.py:3823} INFO - Setting next_dagrun for dag_etl_camara_diario to 2026-07-13 03:00:00+00:00, run_after=2026-07-14 03:00:00+00:00
[2026-07-14T14:59:11.132+0000] {processor.py:183} INFO - Processing /opt/airflow/dags/dag_etl_camara_diario.py took 0.073 seconds
[2026-07-14T14:59:41.261+0000] {processor.py:161} INFO - Started process (PID=10931) to work on /opt/airflow/dags/dag_etl_camara_diario.py
[2026-07-14T14:59:41.262+0000] {processor.py:830} INFO - Processing file /opt/airflow/dags/dag_etl_camara_diario.py for tasks to queue
[2026-07-14T14:59:41.262+0000] {logging_mixin.py:188} INFO - [2026-07-14T14:59:41.262+0000] {dagbag.py:538} INFO - Filling up the DagBag from /opt/airflow/dags/dag_etl_camara_diario.py
[2026-07-14T14:59:41.272+0000] {processor.py:840} INFO - DAG(s) 'dag_etl_camara_diario' retrieved from /opt/airflow/dags/dag_etl_camara_diario.py
[2026-07-14T14:59:41.293+0000] {logging_mixin.py:188} INFO - [2026-07-14T14:59:41.293+0000] {dag.py:3036} INFO - Sync 1 DAGs
[2026-07-14T14:59:41.318+0000] {logging_mixin.py:188} INFO - [2026-07-14T14:59:41.318+0000] {dag.py:3823} INFO - Setting next_dagrun for dag_etl_camara_diario to 2026-07-13 03:00:00+00:00, run_after=2026-07-14 03:00:00+00:00
[2026-07-14T14:59:41.334+0000] {processor.py:183} INFO - Processing /opt/airflow/dags/dag_etl_camara_diario.py took 0.075 seconds
[2026-07-14T15:00:11.460+0000] {processor.py:161} INFO - Started process (PID=10946) to work on /opt/airflow/dags/dag_etl_camara_diario.py
[2026-07-14T15:00:11.461+0000] {processor.py:830} INFO - Processing file /opt/airflow/dags/dag_etl_camara_diario.py for tasks to queue
[2026-07-14T15:00:11.461+0000] {logging_mixin.py:188} INFO - [2026-07-14T15:00:11.461+0000] {dagbag.py:538} INFO - Filling up the DagBag from /opt/airflow/dags/dag_etl_camara_diario.py
[2026-07-14T15:00:11.470+0000] {processor.py:840} INFO - DAG(s) 'dag_etl_camara_diario' retrieved from /opt/airflow/dags/dag_etl_camara_diario.py
[2026-07-14T15:00:11.490+0000] {logging_mixin.py:188} INFO - [2026-07-14T15:00:11.490+0000] {dag.py:3036} INFO - Sync 1 DAGs
[2026-07-14T15:00:11.512+0000] {logging_mixin.py:188} INFO - [2026-07-14T15:00:11.511+0000] {dag.py:3823} INFO - Setting next_dagrun for dag_etl_camara_diario to 2026-07-13 03:00:00+00:00, run_after=2026-07-14 03:00:00+00:00
[2026-07-14T15:00:11.526+0000] {processor.py:183} INFO - Processing /opt/airflow/dags/dag_etl_camara_diario.py took 0.068 seconds
[2026-07-14T15:00:41.655+0000] {processor.py:161} INFO - Started process (PID=10961) to work on /opt/airflow/dags/dag_etl_camara_diario.py
[2026-07-14T15:00:41.656+0000] {processor.py:830} INFO - Processing file /opt/airflow/dags/dag_etl_camara_diario.py for tasks to queue
[2026-07-14T15:00:41.656+0000] {logging_mixin.py:188} INFO - [2026-07-14T15:00:41.656+0000] {dagbag.py:538} INFO - Filling up the DagBag from /opt/airflow/dags/dag_etl_camara_diario.py
[2026-07-14T15:00:41.665+0000] {processor.py:840} INFO - DAG(s) 'dag_etl_camara_diario' retrieved from /opt/airflow/dags/dag_etl_camara_diario.py
[2026-07-14T15:00:41.686+0000] {logging_mixin.py:188} INFO - [2026-07-14T15:00:41.686+0000] {dag.py:3036} INFO - Sync 1 DAGs
[2026-07-14T15:00:41.713+0000] {logging_mixin.py:188} INFO - [2026-07-14T15:00:41.713+0000] {dag.py:3823} INFO - Setting next_dagrun for dag_etl_camara_diario to 2026-07-13 03:00:00+00:00, run_after=2026-07-14 03:00:00+00:00
[2026-07-14T15:00:41.730+0000] {processor.py:183} INFO - Processing /opt/airflow/dags/dag_etl_camara_diario.py took 0.077 seconds
[2026-07-14T15:01:11.855+0000] {processor.py:161} INFO - Started process (PID=10976) to work on /opt/airflow/dags/dag_etl_camara_diario.py
[2026-07-14T15:01:11.856+0000] {processor.py:830} INFO - Processing file /opt/airflow/dags/dag_etl_camara_diario.py for tasks to queue
[2026-07-14T15:01:11.856+0000] {logging_mixin.py:188} INFO - [2026-07-14T15:01:11.856+0000] {dagbag.py:538} INFO - Filling up the DagBag from /opt/airflow/dags/dag_etl_camara_diario.py
[2026-07-14T15:01:11.865+0000] {processor.py:840} INFO - DAG(s) 'dag_etl_camara_diario' retrieved from /opt/airflow/dags/dag_etl_camara_diario.py
[2026-07-14T15:01:11.885+0000] {logging_mixin.py:188} INFO - [2026-07-14T15:01:11.885+0000] {dag.py:3036} INFO - Sync 1 DAGs
[2026-07-14T15:01:11.905+0000] {logging_mixin.py:188} INFO - [2026-07-14T15:01:11.904+0000] {dag.py:3823} INFO - Setting next_dagrun for dag_etl_camara_diario to 2026-07-13 03:00:00+00:00, run_after=2026-07-14 03:00:00+00:00
[2026-07-14T15:01:11.917+0000] {processor.py:183} INFO - Processing /opt/airflow/dags/dag_etl_camara_diario.py took 0.064 seconds
[2026-07-14T15:01:42.039+0000] {processor.py:161} INFO - Started process (PID=10991) to work on /opt/airflow/dags/dag_etl_camara_diario.py
[2026-07-14T15:01:42.040+0000] {processor.py:830} INFO - Processing file /opt/airflow/dags/dag_etl_camara_diario.py for tasks to queue
[2026-07-14T15:01:42.041+0000] {logging_mixin.py:188} INFO - [2026-07-14T15:01:42.041+0000] {dagbag.py:538} INFO - Filling up the DagBag from /opt/airflow/dags/dag_etl_camara_diario.py
[2026-07-14T15:01:42.051+0000] {processor.py:840} INFO - DAG(s) 'dag_etl_camara_diario' retrieved from /opt/airflow/dags/dag_etl_camara_diario.py
[2026-07-14T15:01:42.073+0000] {logging_mixin.py:188} INFO - [2026-07-14T15:01:42.073+0000] {dag.py:3036} INFO - Sync 1 DAGs
[2026-07-14T15:01:42.097+0000] {logging_mixin.py:188} INFO - [2026-07-14T15:01:42.096+0000] {dag.py:3823} INFO - Setting next_dagrun for dag_etl_camara_diario to 2026-07-13 03:00:00+00:00, run_after=2026-07-14 03:00:00+00:00
[2026-07-14T15:01:42.113+0000] {processor.py:183} INFO - Processing /opt/airflow/dags/dag_etl_camara_diario.py took 0.076 seconds
[2026-07-14T15:02:12.239+0000] {processor.py:161} INFO - Started process (PID=11006) to work on /opt/airflow/dags/dag_etl_camara_diario.py
[2026-07-14T15:02:12.240+0000] {processor.py:830} INFO - Processing file /opt/airflow/dags/dag_etl_camara_diario.py for tasks to queue
[2026-07-14T15:02:12.240+0000] {logging_mixin.py:188} INFO - [2026-07-14T15:02:12.240+0000] {dagbag.py:538} INFO - Filling up the DagBag from /opt/airflow/dags/dag_etl_camara_diario.py
[2026-07-14T15:02:12.249+0000] {processor.py:840} INFO - DAG(s) 'dag_etl_camara_diario' retrieved from /opt/airflow/dags/dag_etl_camara_diario.py
[2026-07-14T15:02:12.271+0000] {logging_mixin.py:188} INFO - [2026-07-14T15:02:12.271+0000] {dag.py:3036} INFO - Sync 1 DAGs
[2026-07-14T15:02:12.294+0000] {logging_mixin.py:188} INFO - [2026-07-14T15:02:12.294+0000] {dag.py:3823} INFO - Setting next_dagrun for dag_etl_camara_diario to 2026-07-13 03:00:00+00:00, run_after=2026-07-14 03:00:00+00:00
[2026-07-14T15:02:12.308+0000] {processor.py:183} INFO - Processing /opt/airflow/dags/dag_etl_camara_diario.py took 0.072 seconds
[2026-07-14T15:02:42.435+0000] {processor.py:161} INFO - Started process (PID=11021) to work on /opt/airflow/dags/dag_etl_camara_diario.py
[2026-07-14T15:02:42.436+0000] {processor.py:830} INFO - Processing file /opt/airflow/dags/dag_etl_camara_diario.py for tasks to queue
[2026-07-14T15:02:42.437+0000] {logging_mixin.py:188} INFO - [2026-07-14T15:02:42.436+0000] {dagbag.py:538} INFO - Filling up the DagBag from /opt/airflow/dags/dag_etl_camara_diario.py
[2026-07-14T15:02:42.448+0000] {processor.py:840} INFO - DAG(s) 'dag_etl_camara_diario' retrieved from /opt/airflow/dags/dag_etl_camara_diario.py
[2026-07-14T15:02:42.471+0000] {logging_mixin.py:188} INFO - [2026-07-14T15:02:42.470+0000] {dag.py:3036} INFO - Sync 1 DAGs
[2026-07-14T15:02:42.494+0000] {logging_mixin.py:188} INFO - [2026-07-14T15:02:42.493+0000] {dag.py:3823} INFO - Setting next_dagrun for dag_etl_camara_diario to 2026-07-13 03:00:00+00:00, run_after=2026-07-14 03:00:00+00:00
[2026-07-14T15:02:42.509+0000] {processor.py:183} INFO - Processing /opt/airflow/dags/dag_etl_camara_diario.py took 0.077 seconds
[2026-07-14T15:03:12.629+0000] {processor.py:161} INFO - Started process (PID=11036) to work on /opt/airflow/dags/dag_etl_camara_diario.py
[2026-07-14T15:03:12.630+0000] {processor.py:830} INFO - Processing file /opt/airflow/dags/dag_etl_camara_diario.py for tasks to queue
[2026-07-14T15:03:12.631+0000] {logging_mixin.py:188} INFO - [2026-07-14T15:03:12.630+0000] {dagbag.py:538} INFO - Filling up the DagBag from /opt/airflow/dags/dag_etl_camara_diario.py
[2026-07-14T15:03:12.639+0000] {processor.py:840} INFO - DAG(s) 'dag_etl_camara_diario' retrieved from /opt/airflow/dags/dag_etl_camara_diario.py
[2026-07-14T15:03:12.660+0000] {logging_mixin.py:188} INFO - [2026-07-14T15:03:12.660+0000] {dag.py:3036} INFO - Sync 1 DAGs
[2026-07-14T15:03:12.681+0000] {logging_mixin.py:188} INFO - [2026-07-14T15:03:12.680+0000] {dag.py:3823} INFO - Setting next_dagrun for dag_etl_camara_diario to 2026-07-13 03:00:00+00:00, run_after=2026-07-14 03:00:00+00:00
[2026-07-14T15:03:12.695+0000] {processor.py:183} INFO - Processing /opt/airflow/dags/dag_etl_camara_diario.py took 0.069 seconds
[2026-07-14T15:03:42.820+0000] {processor.py:161} INFO - Started process (PID=11051) to work on /opt/airflow/dags/dag_etl_camara_diario.py
[2026-07-14T15:03:42.821+0000] {processor.py:830} INFO - Processing file /opt/airflow/dags/dag_etl_camara_diario.py for tasks to queue
[2026-07-14T15:03:42.822+0000] {logging_mixin.py:188} INFO - [2026-07-14T15:03:42.822+0000] {dagbag.py:538} INFO - Filling up the DagBag from /opt/airflow/dags/dag_etl_camara_diario.py
[2026-07-14T15:03:42.832+0000] {processor.py:840} INFO - DAG(s) 'dag_etl_camara_diario' retrieved from /opt/airflow/dags/dag_etl_camara_diario.py
[2026-07-14T15:03:42.856+0000] {logging_mixin.py:188} INFO - [2026-07-14T15:03:42.856+0000] {dag.py:3036} INFO - Sync 1 DAGs
[2026-07-14T15:03:42.880+0000] {logging_mixin.py:188} INFO - [2026-07-14T15:03:42.880+0000] {dag.py:3823} INFO - Setting next_dagrun for dag_etl_camara_diario to 2026-07-13 03:00:00+00:00, run_after=2026-07-14 03:00:00+00:00
[2026-07-14T15:03:42.898+0000] {processor.py:183} INFO - Processing /opt/airflow/dags/dag_etl_camara_diario.py took 0.080 seconds
[2026-07-14T15:04:13.023+0000] {processor.py:161} INFO - Started process (PID=11066) to work on /opt/airflow/dags/dag_etl_camara_diario.py
[2026-07-14T15:04:13.024+0000] {processor.py:830} INFO - Processing file /opt/airflow/dags/dag_etl_camara_diario.py for tasks to queue
[2026-07-14T15:04:13.024+0000] {logging_mixin.py:188} INFO - [2026-07-14T15:04:13.024+0000] {dagbag.py:538} INFO - Filling up the DagBag from /opt/airflow/dags/dag_etl_camara_diario.py
[2026-07-14T15:04:13.034+0000] {processor.py:840} INFO - DAG(s) 'dag_etl_camara_diario' retrieved from /opt/airflow/dags/dag_etl_camara_diario.py
[2026-07-14T15:04:13.057+0000] {logging_mixin.py:188} INFO - [2026-07-14T15:04:13.056+0000] {dag.py:3036} INFO - Sync 1 DAGs
[2026-07-14T15:04:13.080+0000] {logging_mixin.py:188} INFO - [2026-07-14T15:04:13.080+0000] {dag.py:3823} INFO - Setting next_dagrun for dag_etl_camara_diario to 2026-07-13 03:00:00+00:00, run_after=2026-07-14 03:00:00+00:00
[2026-07-14T15:04:13.100+0000] {processor.py:183} INFO - Processing /opt/airflow/dags/dag_etl_camara_diario.py took 0.080 seconds
[2026-07-14T15:04:43.230+0000] {processor.py:161} INFO - Started process (PID=11081) to work on /opt/airflow/dags/dag_etl_camara_diario.py
[2026-07-14T15:04:43.231+0000] {processor.py:830} INFO - Processing file /opt/airflow/dags/dag_etl_camara_diario.py for tasks to queue
[2026-07-14T15:04:43.232+0000] {logging_mixin.py:188} INFO - [2026-07-14T15:04:43.232+0000] {dagbag.py:538} INFO - Filling up the DagBag from /opt/airflow/dags/dag_etl_camara_diario.py
[2026-07-14T15:04:43.242+0000] {processor.py:840} INFO - DAG(s) 'dag_etl_camara_diario' retrieved from /opt/airflow/dags/dag_etl_camara_diario.py
[2026-07-14T15:04:43.264+0000] {logging_mixin.py:188} INFO - [2026-07-14T15:04:43.264+0000] {dag.py:3036} INFO - Sync 1 DAGs
[2026-07-14T15:04:43.286+0000] {logging_mixin.py:188} INFO - [2026-07-14T15:04:43.285+0000] {dag.py:3823} INFO - Setting next_dagrun for dag_etl_camara_diario to 2026-07-13 03:00:00+00:00, run_after=2026-07-14 03:00:00+00:00
[2026-07-14T15:04:43.303+0000] {processor.py:183} INFO - Processing /opt/airflow/dags/dag_etl_camara_diario.py took 0.075 seconds
[2026-07-14T15:05:13.429+0000] {processor.py:161} INFO - Started process (PID=11096) to work on /opt/airflow/dags/dag_etl_camara_diario.py
[2026-07-14T15:05:13.429+0000] {processor.py:830} INFO - Processing file /opt/airflow/dags/dag_etl_camara_diario.py for tasks to queue
[2026-07-14T15:05:13.430+0000] {logging_mixin.py:188} INFO - [2026-07-14T15:05:13.430+0000] {dagbag.py:538} INFO - Filling up the DagBag from /opt/airflow/dags/dag_etl_camara_diario.py
[2026-07-14T15:05:13.440+0000] {processor.py:840} INFO - DAG(s) 'dag_etl_camara_diario' retrieved from /opt/airflow/dags/dag_etl_camara_diario.py
[2026-07-14T15:05:13.461+0000] {logging_mixin.py:188} INFO - [2026-07-14T15:05:13.460+0000] {dag.py:3036} INFO - Sync 1 DAGs
[2026-07-14T15:05:13.483+0000] {logging_mixin.py:188} INFO - [2026-07-14T15:05:13.482+0000] {dag.py:3823} INFO - Setting next_dagrun for dag_etl_camara_diario to 2026-07-13 03:00:00+00:00, run_after=2026-07-14 03:00:00+00:00
[2026-07-14T15:05:13.498+0000] {processor.py:183} INFO - Processing /opt/airflow/dags/dag_etl_camara_diario.py took 0.072 seconds
[2026-07-14T15:05:43.627+0000] {processor.py:161} INFO - Started process (PID=11111) to work on /opt/airflow/dags/dag_etl_camara_diario.py
[2026-07-14T15:05:43.628+0000] {processor.py:830} INFO - Processing file /opt/airflow/dags/dag_etl_camara_diario.py for tasks to queue
[2026-07-14T15:05:43.628+0000] {logging_mixin.py:188} INFO - [2026-07-14T15:05:43.628+0000] {dagbag.py:538} INFO - Filling up the DagBag from /opt/airflow/dags/dag_etl_camara_diario.py
[2026-07-14T15:05:43.637+0000] {processor.py:840} INFO - DAG(s) 'dag_etl_camara_diario' retrieved from /opt/airflow/dags/dag_etl_camara_diario.py
[2026-07-14T15:05:43.657+0000] {logging_mixin.py:188} INFO - [2026-07-14T15:05:43.657+0000] {dag.py:3036} INFO - Sync 1 DAGs
[2026-07-14T15:05:43.678+0000] {logging_mixin.py:188} INFO - [2026-07-14T15:05:43.678+0000] {dag.py:3823} INFO - Setting next_dagrun for dag_etl_camara_diario to 2026-07-13 03:00:00+00:00, run_after=2026-07-14 03:00:00+00:00
[2026-07-14T15:05:43.691+0000] {processor.py:183} INFO - Processing /opt/airflow/dags/dag_etl_camara_diario.py took 0.066 seconds
[2026-07-14T15:06:13.815+0000] {processor.py:161} INFO - Started process (PID=11126) to work on /opt/airflow/dags/dag_etl_camara_diario.py
[2026-07-14T15:06:13.815+0000] {processor.py:830} INFO - Processing file /opt/airflow/dags/dag_etl_camara_diario.py for tasks to queue
[2026-07-14T15:06:13.816+0000] {logging_mixin.py:188} INFO - [2026-07-14T15:06:13.816+0000] {dagbag.py:538} INFO - Filling up the DagBag from /opt/airflow/dags/dag_etl_camara_diario.py
[2026-07-14T15:06:13.825+0000] {processor.py:840} INFO - DAG(s) 'dag_etl_camara_diario' retrieved from /opt/airflow/dags/dag_etl_camara_diario.py
[2026-07-14T15:06:13.845+0000] {logging_mixin.py:188} INFO - [2026-07-14T15:06:13.845+0000] {dag.py:3036} INFO - Sync 1 DAGs
[2026-07-14T15:06:13.865+0000] {logging_mixin.py:188} INFO - [2026-07-14T15:06:13.865+0000] {dag.py:3823} INFO - Setting next_dagrun for dag_etl_camara_diario to 2026-07-13 03:00:00+00:00, run_after=2026-07-14 03:00:00+00:00
[2026-07-14T15:06:13.878+0000] {processor.py:183} INFO - Processing /opt/airflow/dags/dag_etl_camara_diario.py took 0.066 seconds
[2026-07-14T15:06:44.006+0000] {processor.py:161} INFO - Started process (PID=11141) to work on /opt/airflow/dags/dag_etl_camara_diario.py
[2026-07-14T15:06:44.007+0000] {processor.py:830} INFO - Processing file /opt/airflow/dags/dag_etl_camara_diario.py for tasks to queue
[2026-07-14T15:06:44.007+0000] {logging_mixin.py:188} INFO - [2026-07-14T15:06:44.007+0000] {dagbag.py:538} INFO - Filling up the DagBag from /opt/airflow/dags/dag_etl_camara_diario.py
[2026-07-14T15:06:44.016+0000] {processor.py:840} INFO - DAG(s) 'dag_etl_camara_diario' retrieved from /opt/airflow/dags/dag_etl_camara_diario.py
[2026-07-14T15:06:44.038+0000] {logging_mixin.py:188} INFO - [2026-07-14T15:06:44.037+0000] {dag.py:3036} INFO - Sync 1 DAGs
[2026-07-14T15:06:44.059+0000] {logging_mixin.py:188} INFO - [2026-07-14T15:06:44.059+0000] {dag.py:3823} INFO - Setting next_dagrun for dag_etl_camara_diario to 2026-07-13 03:00:00+00:00, run_after=2026-07-14 03:00:00+00:00
[2026-07-14T15:06:44.075+0000] {processor.py:183} INFO - Processing /opt/airflow/dags/dag_etl_camara_diario.py took 0.071 seconds
[2026-07-14T15:07:14.203+0000] {processor.py:161} INFO - Started process (PID=11156) to work on /opt/airflow/dags/dag_etl_camara_diario.py
[2026-07-14T15:07:14.204+0000] {processor.py:830} INFO - Processing file /opt/airflow/dags/dag_etl_camara_diario.py for tasks to queue
[2026-07-14T15:07:14.205+0000] {logging_mixin.py:188} INFO - [2026-07-14T15:07:14.204+0000] {dagbag.py:538} INFO - Filling up the DagBag from /opt/airflow/dags/dag_etl_camara_diario.py
[2026-07-14T15:07:14.214+0000] {processor.py:840} INFO - DAG(s) 'dag_etl_camara_diario' retrieved from /opt/airflow/dags/dag_etl_camara_diario.py
[2026-07-14T15:07:14.235+0000] {logging_mixin.py:188} INFO - [2026-07-14T15:07:14.235+0000] {dag.py:3036} INFO - Sync 1 DAGs
[2026-07-14T15:07:14.258+0000] {logging_mixin.py:188} INFO - [2026-07-14T15:07:14.257+0000] {dag.py:3823} INFO - Setting next_dagrun for dag_etl_camara_diario to 2026-07-13 03:00:00+00:00, run_after=2026-07-14 03:00:00+00:00
[2026-07-14T15:07:14.275+0000] {processor.py:183} INFO - Processing /opt/airflow/dags/dag_etl_camara_diario.py took 0.075 seconds
[2026-07-14T15:07:44.405+0000] {processor.py:161} INFO - Started process (PID=11171) to work on /opt/airflow/dags/dag_etl_camara_diario.py
[2026-07-14T15:07:44.406+0000] {processor.py:830} INFO - Processing file /opt/airflow/dags/dag_etl_camara_diario.py for tasks to queue
[2026-07-14T15:07:44.407+0000] {logging_mixin.py:188} INFO - [2026-07-14T15:07:44.406+0000] {dagbag.py:538} INFO - Filling up the DagBag from /opt/airflow/dags/dag_etl_camara_diario.py
[2026-07-14T15:07:44.416+0000] {processor.py:840} INFO - DAG(s) 'dag_etl_camara_diario' retrieved from /opt/airflow/dags/dag_etl_camara_diario.py
[2026-07-14T15:07:44.438+0000] {logging_mixin.py:188} INFO - [2026-07-14T15:07:44.438+0000] {dag.py:3036} INFO - Sync 1 DAGs
[2026-07-14T15:07:44.461+0000] {logging_mixin.py:188} INFO - [2026-07-14T15:07:44.461+0000] {dag.py:3823} INFO - Setting next_dagrun for dag_etl_camara_diario to 2026-07-13 03:00:00+00:00, run_after=2026-07-14 03:00:00+00:00
[2026-07-14T15:07:44.478+0000] {processor.py:183} INFO - Processing /opt/airflow/dags/dag_etl_camara_diario.py took 0.075 seconds
[2026-07-14T15:08:14.603+0000] {processor.py:161} INFO - Started process (PID=11186) to work on /opt/airflow/dags/dag_etl_camara_diario.py
[2026-07-14T15:08:14.604+0000] {processor.py:830} INFO - Processing file /opt/airflow/dags/dag_etl_camara_diario.py for tasks to queue
[2026-07-14T15:08:14.604+0000] {logging_mixin.py:188} INFO - [2026-07-14T15:08:14.604+0000] {dagbag.py:538} INFO - Filling up the DagBag from /opt/airflow/dags/dag_etl_camara_diario.py
[2026-07-14T15:08:14.614+0000] {processor.py:840} INFO - DAG(s) 'dag_etl_camara_diario' retrieved from /opt/airflow/dags/dag_etl_camara_diario.py
[2026-07-14T15:08:14.636+0000] {logging_mixin.py:188} INFO - [2026-07-14T15:08:14.635+0000] {dag.py:3036} INFO - Sync 1 DAGs
[2026-07-14T15:08:14.659+0000] {logging_mixin.py:188} INFO - [2026-07-14T15:08:14.658+0000] {dag.py:3823} INFO - Setting next_dagrun for dag_etl_camara_diario to 2026-07-13 03:00:00+00:00, run_after=2026-07-14 03:00:00+00:00
[2026-07-14T15:08:14.674+0000] {processor.py:183} INFO - Processing /opt/airflow/dags/dag_etl_camara_diario.py took 0.074 seconds
[2026-07-14T15:08:44.810+0000] {processor.py:161} INFO - Started process (PID=11201) to work on /opt/airflow/dags/dag_etl_camara_diario.py
[2026-07-14T15:08:44.812+0000] {processor.py:830} INFO - Processing file /opt/airflow/dags/dag_etl_camara_diario.py for tasks to queue
[2026-07-14T15:08:44.813+0000] {logging_mixin.py:188} INFO - [2026-07-14T15:08:44.812+0000] {dagbag.py:538} INFO - Filling up the DagBag from /opt/airflow/dags/dag_etl_camara_diario.py
[2026-07-14T15:08:44.826+0000] {processor.py:840} INFO - DAG(s) 'dag_etl_camara_diario' retrieved from /opt/airflow/dags/dag_etl_camara_diario.py
[2026-07-14T15:08:44.853+0000] {logging_mixin.py:188} INFO - [2026-07-14T15:08:44.853+0000] {dag.py:3036} INFO - Sync 1 DAGs
[2026-07-14T15:08:44.880+0000] {logging_mixin.py:188} INFO - [2026-07-14T15:08:44.879+0000] {dag.py:3823} INFO - Setting next_dagrun for dag_etl_camara_diario to 2026-07-13 03:00:00+00:00, run_after=2026-07-14 03:00:00+00:00
[2026-07-14T15:08:44.900+0000] {processor.py:183} INFO - Processing /opt/airflow/dags/dag_etl_camara_diario.py took 0.093 seconds
[2026-07-14T15:09:15.043+0000] {processor.py:161} INFO - Started process (PID=11216) to work on /opt/airflow/dags/dag_etl_camara_diario.py
[2026-07-14T15:09:15.044+0000] {processor.py:830} INFO - Processing file /opt/airflow/dags/dag_etl_camara_diario.py for tasks to queue
[2026-07-14T15:09:15.045+0000] {logging_mixin.py:188} INFO - [2026-07-14T15:09:15.044+0000] {dagbag.py:538} INFO - Filling up the DagBag from /opt/airflow/dags/dag_etl_camara_diario.py
[2026-07-14T15:09:15.054+0000] {processor.py:840} INFO - DAG(s) 'dag_etl_camara_diario' retrieved from /opt/airflow/dags/dag_etl_camara_diario.py
[2026-07-14T15:09:15.075+0000] {logging_mixin.py:188} INFO - [2026-07-14T15:09:15.075+0000] {dag.py:3036} INFO - Sync 1 DAGs
[2026-07-14T15:09:15.096+0000] {logging_mixin.py:188} INFO - [2026-07-14T15:09:15.096+0000] {dag.py:3823} INFO - Setting next_dagrun for dag_etl_camara_diario to 2026-07-13 03:00:00+00:00, run_after=2026-07-14 03:00:00+00:00
[2026-07-14T15:09:15.113+0000] {processor.py:183} INFO - Processing /opt/airflow/dags/dag_etl_camara_diario.py took 0.073 seconds
[2026-07-14T15:09:45.255+0000] {processor.py:161} INFO - Started process (PID=11231) to work on /opt/airflow/dags/dag_etl_camara_diario.py
[2026-07-14T15:09:45.256+0000] {processor.py:830} INFO - Processing file /opt/airflow/dags/dag_etl_camara_diario.py for tasks to queue
[2026-07-14T15:09:45.256+0000] {logging_mixin.py:188} INFO - [2026-07-14T15:09:45.256+0000] {dagbag.py:538} INFO - Filling up the DagBag from /opt/airflow/dags/dag_etl_camara_diario.py
[2026-07-14T15:09:45.265+0000] {processor.py:840} INFO - DAG(s) 'dag_etl_camara_diario' retrieved from /opt/airflow/dags/dag_etl_camara_diario.py
[2026-07-14T15:09:45.288+0000] {logging_mixin.py:188} INFO - [2026-07-14T15:09:45.287+0000] {dag.py:3036} INFO - Sync 1 DAGs
[2026-07-14T15:09:45.311+0000] {logging_mixin.py:188} INFO - [2026-07-14T15:09:45.311+0000] {dag.py:3823} INFO - Setting next_dagrun for dag_etl_camara_diario to 2026-07-13 03:00:00+00:00, run_after=2026-07-14 03:00:00+00:00
[2026-07-14T15:09:45.327+0000] {processor.py:183} INFO - Processing /opt/airflow/dags/dag_etl_camara_diario.py took 0.075 seconds
[2026-07-14T15:10:15.453+0000] {processor.py:161} INFO - Started process (PID=11246) to work on /opt/airflow/dags/dag_etl_camara_diario.py
[2026-07-14T15:10:15.454+0000] {processor.py:830} INFO - Processing file /opt/airflow/dags/dag_etl_camara_diario.py for tasks to queue
[2026-07-14T15:10:15.454+0000] {logging_mixin.py:188} INFO - [2026-07-14T15:10:15.454+0000] {dagbag.py:538} INFO - Filling up the DagBag from /opt/airflow/dags/dag_etl_camara_diario.py
[2026-07-14T15:10:15.463+0000] {processor.py:840} INFO - DAG(s) 'dag_etl_camara_diario' retrieved from /opt/airflow/dags/dag_etl_camara_diario.py
[2026-07-14T15:10:15.485+0000] {logging_mixin.py:188} INFO - [2026-07-14T15:10:15.485+0000] {dag.py:3036} INFO - Sync 1 DAGs
[2026-07-14T15:10:15.508+0000] {logging_mixin.py:188} INFO - [2026-07-14T15:10:15.508+0000] {dag.py:3823} INFO - Setting next_dagrun for dag_etl_camara_diario to 2026-07-13 03:00:00+00:00, run_after=2026-07-14 03:00:00+00:00
[2026-07-14T15:10:15.528+0000] {processor.py:183} INFO - Processing /opt/airflow/dags/dag_etl_camara_diario.py took 0.077 seconds
[2026-07-14T15:10:45.654+0000] {processor.py:161} INFO - Started process (PID=11261) to work on /opt/airflow/dags/dag_etl_camara_diario.py
[2026-07-14T15:10:45.655+0000] {processor.py:830} INFO - Processing file /opt/airflow/dags/dag_etl_camara_diario.py for tasks to queue
[2026-07-14T15:10:45.656+0000] {logging_mixin.py:188} INFO - [2026-07-14T15:10:45.656+0000] {dagbag.py:538} INFO - Filling up the DagBag from /opt/airflow/dags/dag_etl_camara_diario.py
[2026-07-14T15:10:45.664+0000] {processor.py:840} INFO - DAG(s) 'dag_etl_camara_diario' retrieved from /opt/airflow/dags/dag_etl_camara_diario.py
[2026-07-14T15:10:45.685+0000] {logging_mixin.py:188} INFO - [2026-07-14T15:10:45.685+0000] {dag.py:3036} INFO - Sync 1 DAGs
[2026-07-14T15:10:45.707+0000] {logging_mixin.py:188} INFO - [2026-07-14T15:10:45.706+0000] {dag.py:3823} INFO - Setting next_dagrun for dag_etl_camara_diario to 2026-07-13 03:00:00+00:00, run_after=2026-07-14 03:00:00+00:00
[2026-07-14T15:10:45.722+0000] {processor.py:183} INFO - Processing /opt/airflow/dags/dag_etl_camara_diario.py took 0.070 seconds
[2026-07-14T15:11:15.845+0000] {processor.py:161} INFO - Started process (PID=11276) to work on /opt/airflow/dags/dag_etl_camara_diario.py
[2026-07-14T15:11:15.846+0000] {processor.py:830} INFO - Processing file /opt/airflow/dags/dag_etl_camara_diario.py for tasks to queue
[2026-07-14T15:11:15.847+0000] {logging_mixin.py:188} INFO - [2026-07-14T15:11:15.846+0000] {dagbag.py:538} INFO - Filling up the DagBag from /opt/airflow/dags/dag_etl_camara_diario.py
[2026-07-14T15:11:15.855+0000] {processor.py:840} INFO - DAG(s) 'dag_etl_camara_diario' retrieved from /opt/airflow/dags/dag_etl_camara_diario.py
[2026-07-14T15:11:15.878+0000] {logging_mixin.py:188} INFO - [2026-07-14T15:11:15.877+0000] {dag.py:3036} INFO - Sync 1 DAGs
[2026-07-14T15:11:15.899+0000] {logging_mixin.py:188} INFO - [2026-07-14T15:11:15.899+0000] {dag.py:3823} INFO - Setting next_dagrun for dag_etl_camara_diario to 2026-07-13 03:00:00+00:00, run_after=2026-07-14 03:00:00+00:00
[2026-07-14T15:11:15.912+0000] {processor.py:183} INFO - Processing /opt/airflow/dags/dag_etl_camara_diario.py took 0.070 seconds
[2026-07-14T15:11:46.036+0000] {processor.py:161} INFO - Started process (PID=11291) to work on /opt/airflow/dags/dag_etl_camara_diario.py
[2026-07-14T15:11:46.037+0000] {processor.py:830} INFO - Processing file /opt/airflow/dags/dag_etl_camara_diario.py for tasks to queue
[2026-07-14T15:11:46.038+0000] {logging_mixin.py:188} INFO - [2026-07-14T15:11:46.037+0000] {dagbag.py:538} INFO - Filling up the DagBag from /opt/airflow/dags/dag_etl_camara_diario.py
[2026-07-14T15:11:46.047+0000] {processor.py:840} INFO - DAG(s) 'dag_etl_camara_diario' retrieved from /opt/airflow/dags/dag_etl_camara_diario.py
[2026-07-14T15:11:46.067+0000] {logging_mixin.py:188} INFO - [2026-07-14T15:11:46.067+0000] {dag.py:3036} INFO - Sync 1 DAGs
[2026-07-14T15:11:46.088+0000] {logging_mixin.py:188} INFO - [2026-07-14T15:11:46.088+0000] {dag.py:3823} INFO - Setting next_dagrun for dag_etl_camara_diario to 2026-07-13 03:00:00+00:00, run_after=2026-07-14 03:00:00+00:00
[2026-07-14T15:11:46.101+0000] {processor.py:183} INFO - Processing /opt/airflow/dags/dag_etl_camara_diario.py took 0.068 seconds
[2026-07-14T15:12:16.230+0000] {processor.py:161} INFO - Started process (PID=11306) to work on /opt/airflow/dags/dag_etl_camara_diario.py
[2026-07-14T15:12:16.231+0000] {processor.py:830} INFO - Processing file /opt/airflow/dags/dag_etl_camara_diario.py for tasks to queue
[2026-07-14T15:12:16.231+0000] {logging_mixin.py:188} INFO - [2026-07-14T15:12:16.231+0000] {dagbag.py:538} INFO - Filling up the DagBag from /opt/airflow/dags/dag_etl_camara_diario.py
[2026-07-14T15:12:16.240+0000] {processor.py:840} INFO - DAG(s) 'dag_etl_camara_diario' retrieved from /opt/airflow/dags/dag_etl_camara_diario.py
[2026-07-14T15:12:16.261+0000] {logging_mixin.py:188} INFO - [2026-07-14T15:12:16.260+0000] {dag.py:3036} INFO - Sync 1 DAGs
[2026-07-14T15:12:16.282+0000] {logging_mixin.py:188} INFO - [2026-07-14T15:12:16.281+0000] {dag.py:3823} INFO - Setting next_dagrun for dag_etl_camara_diario to 2026-07-13 03:00:00+00:00, run_after=2026-07-14 03:00:00+00:00
[2026-07-14T15:12:16.296+0000] {processor.py:183} INFO - Processing /opt/airflow/dags/dag_etl_camara_diario.py took 0.068 seconds
[2026-07-14T15:12:46.421+0000] {processor.py:161} INFO - Started process (PID=11321) to work on /opt/airflow/dags/dag_etl_camara_diario.py
[2026-07-14T15:12:46.422+0000] {processor.py:830} INFO - Processing file /opt/airflow/dags/dag_etl_camara_diario.py for tasks to queue
[2026-07-14T15:12:46.422+0000] {logging_mixin.py:188} INFO - [2026-07-14T15:12:46.422+0000] {dagbag.py:538} INFO - Filling up the DagBag from /opt/airflow/dags/dag_etl_camara_diario.py
[2026-07-14T15:12:46.431+0000] {processor.py:840} INFO - DAG(s) 'dag_etl_camara_diario' retrieved from /opt/airflow/dags/dag_etl_camara_diario.py
[2026-07-14T15:12:46.451+0000] {logging_mixin.py:188} INFO - [2026-07-14T15:12:46.451+0000] {dag.py:3036} INFO - Sync 1 DAGs
[2026-07-14T15:12:46.471+0000] {logging_mixin.py:188} INFO - [2026-07-14T15:12:46.471+0000] {dag.py:3823} INFO - Setting next_dagrun for dag_etl_camara_diario to 2026-07-13 03:00:00+00:00, run_after=2026-07-14 03:00:00+00:00
[2026-07-14T15:12:46.483+0000] {processor.py:183} INFO - Processing /opt/airflow/dags/dag_etl_camara_diario.py took 0.065 seconds
[2026-07-14T15:13:16.609+0000] {processor.py:161} INFO - Started process (PID=11336) to work on /opt/airflow/dags/dag_etl_camara_diario.py
[2026-07-14T15:13:16.610+0000] {processor.py:830} INFO - Processing file /opt/airflow/dags/dag_etl_camara_diario.py for tasks to queue
[2026-07-14T15:13:16.610+0000] {logging_mixin.py:188} INFO - [2026-07-14T15:13:16.610+0000] {dagbag.py:538} INFO - Filling up the DagBag from /opt/airflow/dags/dag_etl_camara_diario.py
[2026-07-14T15:13:16.619+0000] {processor.py:840} INFO - DAG(s) 'dag_etl_camara_diario' retrieved from /opt/airflow/dags/dag_etl_camara_diario.py
[2026-07-14T15:13:16.640+0000] {logging_mixin.py:188} INFO - [2026-07-14T15:13:16.640+0000] {dag.py:3036} INFO - Sync 1 DAGs
[2026-07-14T15:13:16.662+0000] {logging_mixin.py:188} INFO - [2026-07-14T15:13:16.662+0000] {dag.py:3823} INFO - Setting next_dagrun for dag_etl_camara_diario to 2026-07-13 03:00:00+00:00, run_after=2026-07-14 03:00:00+00:00
[2026-07-14T15:13:16.677+0000] {processor.py:183} INFO - Processing /opt/airflow/dags/dag_etl_camara_diario.py took 0.070 seconds
[2026-07-14T15:13:46.796+0000] {processor.py:161} INFO - Started process (PID=11351) to work on /opt/airflow/dags/dag_etl_camara_diario.py
[2026-07-14T15:13:46.797+0000] {processor.py:830} INFO - Processing file /opt/airflow/dags/dag_etl_camara_diario.py for tasks to queue
[2026-07-14T15:13:46.797+0000] {logging_mixin.py:188} INFO - [2026-07-14T15:13:46.797+0000] {dagbag.py:538} INFO - Filling up the DagBag from /opt/airflow/dags/dag_etl_camara_diario.py
[2026-07-14T15:13:46.806+0000] {processor.py:840} INFO - DAG(s) 'dag_etl_camara_diario' retrieved from /opt/airflow/dags/dag_etl_camara_diario.py
[2026-07-14T15:13:46.827+0000] {logging_mixin.py:188} INFO - [2026-07-14T15:13:46.827+0000] {dag.py:3036} INFO - Sync 1 DAGs
[2026-07-14T15:13:46.850+0000] {logging_mixin.py:188} INFO - [2026-07-14T15:13:46.850+0000] {dag.py:3823} INFO - Setting next_dagrun for dag_etl_camara_diario to 2026-07-13 03:00:00+00:00, run_after=2026-07-14 03:00:00+00:00
[2026-07-14T15:13:46.864+0000] {processor.py:183} INFO - Processing /opt/airflow/dags/dag_etl_camara_diario.py took 0.070 seconds
[2026-07-14T15:14:16.995+0000] {processor.py:161} INFO - Started process (PID=11366) to work on /opt/airflow/dags/dag_etl_camara_diario.py
[2026-07-14T15:14:16.996+0000] {processor.py:830} INFO - Processing file /opt/airflow/dags/dag_etl_camara_diario.py for tasks to queue
[2026-07-14T15:14:16.997+0000] {logging_mixin.py:188} INFO - [2026-07-14T15:14:16.997+0000] {dagbag.py:538} INFO - Filling up the DagBag from /opt/airflow/dags/dag_etl_camara_diario.py
[2026-07-14T15:14:17.006+0000] {processor.py:840} INFO - DAG(s) 'dag_etl_camara_diario' retrieved from /opt/airflow/dags/dag_etl_camara_diario.py
[2026-07-14T15:14:17.029+0000] {logging_mixin.py:188} INFO - [2026-07-14T15:14:17.028+0000] {dag.py:3036} INFO - Sync 1 DAGs
[2026-07-14T15:14:17.051+0000] {logging_mixin.py:188} INFO - [2026-07-14T15:14:17.050+0000] {dag.py:3823} INFO - Setting next_dagrun for dag_etl_camara_diario to 2026-07-13 03:00:00+00:00, run_after=2026-07-14 03:00:00+00:00
[2026-07-14T15:14:17.067+0000] {processor.py:183} INFO - Processing /opt/airflow/dags/dag_etl_camara_diario.py took 0.075 seconds
[2026-07-14T15:14:47.199+0000] {processor.py:161} INFO - Started process (PID=11381) to work on /opt/airflow/dags/dag_etl_camara_diario.py
[2026-07-14T15:14:47.200+0000] {processor.py:830} INFO - Processing file /opt/airflow/dags/dag_etl_camara_diario.py for tasks to queue
[2026-07-14T15:14:47.201+0000] {logging_mixin.py:188} INFO - [2026-07-14T15:14:47.200+0000] {dagbag.py:538} INFO - Filling up the DagBag from /opt/airflow/dags/dag_etl_camara_diario.py
[2026-07-14T15:14:47.209+0000] {processor.py:840} INFO - DAG(s) 'dag_etl_camara_diario' retrieved from /opt/airflow/dags/dag_etl_camara_diario.py
[2026-07-14T15:14:47.229+0000] {logging_mixin.py:188} INFO - [2026-07-14T15:14:47.229+0000] {dag.py:3036} INFO - Sync 1 DAGs
[2026-07-14T15:14:47.249+0000] {logging_mixin.py:188} INFO - [2026-07-14T15:14:47.249+0000] {dag.py:3823} INFO - Setting next_dagrun for dag_etl_camara_diario to 2026-07-13 03:00:00+00:00, run_after=2026-07-14 03:00:00+00:00
[2026-07-14T15:14:47.265+0000] {processor.py:183} INFO - Processing /opt/airflow/dags/dag_etl_camara_diario.py took 0.069 seconds
[2026-07-14T15:15:17.392+0000] {processor.py:161} INFO - Started process (PID=11396) to work on /opt/airflow/dags/dag_etl_camara_diario.py
[2026-07-14T15:15:17.392+0000] {processor.py:830} INFO - Processing file /opt/airflow/dags/dag_etl_camara_diario.py for tasks to queue
[2026-07-14T15:15:17.393+0000] {logging_mixin.py:188} INFO - [2026-07-14T15:15:17.393+0000] {dagbag.py:538} INFO - Filling up the DagBag from /opt/airflow/dags/dag_etl_camara_diario.py
[2026-07-14T15:15:17.402+0000] {processor.py:840} INFO - DAG(s) 'dag_etl_camara_diario' retrieved from /opt/airflow/dags/dag_etl_camara_diario.py
[2026-07-14T15:15:17.423+0000] {logging_mixin.py:188} INFO - [2026-07-14T15:15:17.423+0000] {dag.py:3036} INFO - Sync 1 DAGs
[2026-07-14T15:15:17.443+0000] {logging_mixin.py:188} INFO - [2026-07-14T15:15:17.443+0000] {dag.py:3823} INFO - Setting next_dagrun for dag_etl_camara_diario to 2026-07-13 03:00:00+00:00, run_after=2026-07-14 03:00:00+00:00
[2026-07-14T15:15:17.457+0000] {processor.py:183} INFO - Processing /opt/airflow/dags/dag_etl_camara_diario.py took 0.067 seconds
[2026-07-14T18:53:24.750+0000] {processor.py:161} INFO - Started process (PID=168) to work on /opt/airflow/dags/dag_etl_camara_diario.py
[2026-07-14T18:53:24.751+0000] {processor.py:830} INFO - Processing file /opt/airflow/dags/dag_etl_camara_diario.py for tasks to queue
[2026-07-14T18:53:24.751+0000] {logging_mixin.py:188} INFO - [2026-07-14T18:53:24.751+0000] {dagbag.py:538} INFO - Filling up the DagBag from /opt/airflow/dags/dag_etl_camara_diario.py
[2026-07-14T18:53:24.768+0000] {processor.py:840} INFO - DAG(s) 'dag_etl_camara_diario' retrieved from /opt/airflow/dags/dag_etl_camara_diario.py
[2026-07-14T18:53:24.791+0000] {logging_mixin.py:188} INFO - [2026-07-14T18:53:24.791+0000] {dag.py:3036} INFO - Sync 1 DAGs
[2026-07-14T18:53:24.818+0000] {logging_mixin.py:188} INFO - [2026-07-14T18:53:24.818+0000] {dag.py:3823} INFO - Setting next_dagrun for dag_etl_camara_diario to 2026-07-13 03:00:00+00:00, run_after=2026-07-14 03:00:00+00:00
[2026-07-14T18:53:24.837+0000] {processor.py:183} INFO - Processing /opt/airflow/dags/dag_etl_camara_diario.py took 0.090 seconds
[2026-07-14T18:53:54.961+0000] {processor.py:161} INFO - Started process (PID=184) to work on /opt/airflow/dags/dag_etl_camara_diario.py
[2026-07-14T18:53:54.962+0000] {processor.py:830} INFO - Processing file /opt/airflow/dags/dag_etl_camara_diario.py for tasks to queue
[2026-07-14T18:53:54.963+0000] {logging_mixin.py:188} INFO - [2026-07-14T18:53:54.962+0000] {dagbag.py:538} INFO - Filling up the DagBag from /opt/airflow/dags/dag_etl_camara_diario.py
[2026-07-14T18:53:54.972+0000] {processor.py:840} INFO - DAG(s) 'dag_etl_camara_diario' retrieved from /opt/airflow/dags/dag_etl_camara_diario.py
[2026-07-14T18:53:55.112+0000] {logging_mixin.py:188} INFO - [2026-07-14T18:53:55.112+0000] {dag.py:3036} INFO - Sync 1 DAGs
[2026-07-14T18:53:55.131+0000] {logging_mixin.py:188} INFO - [2026-07-14T18:53:55.131+0000] {dag.py:3823} INFO - Setting next_dagrun for dag_etl_camara_diario to 2026-07-13 03:00:00+00:00, run_after=2026-07-14 03:00:00+00:00
[2026-07-14T18:53:55.147+0000] {processor.py:183} INFO - Processing /opt/airflow/dags/dag_etl_camara_diario.py took 0.189 seconds
[2026-07-14T18:54:25.274+0000] {processor.py:161} INFO - Started process (PID=199) to work on /opt/airflow/dags/dag_etl_camara_diario.py
[2026-07-14T18:54:25.275+0000] {processor.py:830} INFO - Processing file /opt/airflow/dags/dag_etl_camara_diario.py for tasks to queue
[2026-07-14T18:54:25.276+0000] {logging_mixin.py:188} INFO - [2026-07-14T18:54:25.276+0000] {dagbag.py:538} INFO - Filling up the DagBag from /opt/airflow/dags/dag_etl_camara_diario.py
[2026-07-14T18:54:25.285+0000] {processor.py:840} INFO - DAG(s) 'dag_etl_camara_diario' retrieved from /opt/airflow/dags/dag_etl_camara_diario.py
[2026-07-14T18:54:25.305+0000] {logging_mixin.py:188} INFO - [2026-07-14T18:54:25.305+0000] {dag.py:3036} INFO - Sync 1 DAGs
[2026-07-14T18:54:25.326+0000] {logging_mixin.py:188} INFO - [2026-07-14T18:54:25.325+0000] {dag.py:3823} INFO - Setting next_dagrun for dag_etl_camara_diario to 2026-07-13 03:00:00+00:00, run_after=2026-07-14 03:00:00+00:00
[2026-07-14T18:54:25.341+0000] {processor.py:183} INFO - Processing /opt/airflow/dags/dag_etl_camara_diario.py took 0.069 seconds
[2026-07-14T18:54:55.467+0000] {processor.py:161} INFO - Started process (PID=214) to work on /opt/airflow/dags/dag_etl_camara_diario.py
[2026-07-14T18:54:55.468+0000] {processor.py:830} INFO - Processing file /opt/airflow/dags/dag_etl_camara_diario.py for tasks to queue
[2026-07-14T18:54:55.468+0000] {logging_mixin.py:188} INFO - [2026-07-14T18:54:55.468+0000] {dagbag.py:538} INFO - Filling up the DagBag from /opt/airflow/dags/dag_etl_camara_diario.py
[2026-07-14T18:54:55.477+0000] {processor.py:840} INFO - DAG(s) 'dag_etl_camara_diario' retrieved from /opt/airflow/dags/dag_etl_camara_diario.py
[2026-07-14T18:54:55.497+0000] {logging_mixin.py:188} INFO - [2026-07-14T18:54:55.497+0000] {dag.py:3036} INFO - Sync 1 DAGs
[2026-07-14T18:54:55.518+0000] {logging_mixin.py:188} INFO - [2026-07-14T18:54:55.518+0000] {dag.py:3823} INFO - Setting next_dagrun for dag_etl_camara_diario to 2026-07-13 03:00:00+00:00, run_after=2026-07-14 03:00:00+00:00
[2026-07-14T18:54:55.532+0000] {processor.py:183} INFO - Processing /opt/airflow/dags/dag_etl_camara_diario.py took 0.067 seconds
[2026-07-14T18:55:25.662+0000] {processor.py:161} INFO - Started process (PID=229) to work on /opt/airflow/dags/dag_etl_camara_diario.py
[2026-07-14T18:55:25.663+0000] {processor.py:830} INFO - Processing file /opt/airflow/dags/dag_etl_camara_diario.py for tasks to queue
[2026-07-14T18:55:25.664+0000] {logging_mixin.py:188} INFO - [2026-07-14T18:55:25.664+0000] {dagbag.py:538} INFO - Filling up the DagBag from /opt/airflow/dags/dag_etl_camara_diario.py
[2026-07-14T18:55:25.674+0000] {processor.py:840} INFO - DAG(s) 'dag_etl_camara_diario' retrieved from /opt/airflow/dags/dag_etl_camara_diario.py
[2026-07-14T18:55:25.697+0000] {logging_mixin.py:188} INFO - [2026-07-14T18:55:25.697+0000] {dag.py:3036} INFO - Sync 1 DAGs
[2026-07-14T18:55:25.722+0000] {logging_mixin.py:188} INFO - [2026-07-14T18:55:25.722+0000] {dag.py:3823} INFO - Setting next_dagrun for dag_etl_camara_diario to 2026-07-13 03:00:00+00:00, run_after=2026-07-14 03:00:00+00:00
[2026-07-14T18:55:25.743+0000] {processor.py:183} INFO - Processing /opt/airflow/dags/dag_etl_camara_diario.py took 0.083 seconds
[2026-07-14T18:55:55.872+0000] {processor.py:161} INFO - Started process (PID=244) to work on /opt/airflow/dags/dag_etl_camara_diario.py
[2026-07-14T18:55:55.872+0000] {processor.py:830} INFO - Processing file /opt/airflow/dags/dag_etl_camara_diario.py for tasks to queue
[2026-07-14T18:55:55.873+0000] {logging_mixin.py:188} INFO - [2026-07-14T18:55:55.873+0000] {dagbag.py:538} INFO - Filling up the DagBag from /opt/airflow/dags/dag_etl_camara_diario.py
[2026-07-14T18:55:55.881+0000] {processor.py:840} INFO - DAG(s) 'dag_etl_camara_diario' retrieved from /opt/airflow/dags/dag_etl_camara_diario.py
[2026-07-14T18:55:55.901+0000] {logging_mixin.py:188} INFO - [2026-07-14T18:55:55.901+0000] {dag.py:3036} INFO - Sync 1 DAGs
[2026-07-14T18:55:55.922+0000] {logging_mixin.py:188} INFO - [2026-07-14T18:55:55.922+0000] {dag.py:3823} INFO - Setting next_dagrun for dag_etl_camara_diario to 2026-07-13 03:00:00+00:00, run_after=2026-07-14 03:00:00+00:00
[2026-07-14T18:55:55.936+0000] {processor.py:183} INFO - Processing /opt/airflow/dags/dag_etl_camara_diario.py took 0.067 seconds
[2026-07-14T18:56:26.064+0000] {processor.py:161} INFO - Started process (PID=259) to work on /opt/airflow/dags/dag_etl_camara_diario.py
[2026-07-14T18:56:26.065+0000] {processor.py:830} INFO - Processing file /opt/airflow/dags/dag_etl_camara_diario.py for tasks to queue
[2026-07-14T18:56:26.066+0000] {logging_mixin.py:188} INFO - [2026-07-14T18:56:26.065+0000] {dagbag.py:538} INFO - Filling up the DagBag from /opt/airflow/dags/dag_etl_camara_diario.py
[2026-07-14T18:56:26.075+0000] {processor.py:840} INFO - DAG(s) 'dag_etl_camara_diario' retrieved from /opt/airflow/dags/dag_etl_camara_diario.py
[2026-07-14T18:56:26.096+0000] {logging_mixin.py:188} INFO - [2026-07-14T18:56:26.096+0000] {dag.py:3036} INFO - Sync 1 DAGs
[2026-07-14T18:56:26.119+0000] {logging_mixin.py:188} INFO - [2026-07-14T18:56:26.118+0000] {dag.py:3823} INFO - Setting next_dagrun for dag_etl_camara_diario to 2026-07-13 03:00:00+00:00, run_after=2026-07-14 03:00:00+00:00
[2026-07-14T18:56:26.133+0000] {processor.py:183} INFO - Processing /opt/airflow/dags/dag_etl_camara_diario.py took 0.071 seconds
[2026-07-14T18:56:56.263+0000] {processor.py:161} INFO - Started process (PID=274) to work on /opt/airflow/dags/dag_etl_camara_diario.py
[2026-07-14T18:56:56.263+0000] {processor.py:830} INFO - Processing file /opt/airflow/dags/dag_etl_camara_diario.py for tasks to queue
[2026-07-14T18:56:56.264+0000] {logging_mixin.py:188} INFO - [2026-07-14T18:56:56.264+0000] {dagbag.py:538} INFO - Filling up the DagBag from /opt/airflow/dags/dag_etl_camara_diario.py
[2026-07-14T18:56:56.273+0000] {processor.py:840} INFO - DAG(s) 'dag_etl_camara_diario' retrieved from /opt/airflow/dags/dag_etl_camara_diario.py
[2026-07-14T18:56:56.293+0000] {logging_mixin.py:188} INFO - [2026-07-14T18:56:56.293+0000] {dag.py:3036} INFO - Sync 1 DAGs
[2026-07-14T18:56:56.314+0000] {logging_mixin.py:188} INFO - [2026-07-14T18:56:56.314+0000] {dag.py:3823} INFO - Setting next_dagrun for dag_etl_camara_diario to 2026-07-13 03:00:00+00:00, run_after=2026-07-14 03:00:00+00:00
[2026-07-14T18:56:56.326+0000] {processor.py:183} INFO - Processing /opt/airflow/dags/dag_etl_camara_diario.py took 0.066 seconds
[2026-07-14T18:57:26.451+0000] {processor.py:161} INFO - Started process (PID=289) to work on /opt/airflow/dags/dag_etl_camara_diario.py
[2026-07-14T18:57:26.452+0000] {processor.py:830} INFO - Processing file /opt/airflow/dags/dag_etl_camara_diario.py for tasks to queue
[2026-07-14T18:57:26.453+0000] {logging_mixin.py:188} INFO - [2026-07-14T18:57:26.453+0000] {dagbag.py:538} INFO - Filling up the DagBag from /opt/airflow/dags/dag_etl_camara_diario.py
[2026-07-14T18:57:26.462+0000] {processor.py:840} INFO - DAG(s) 'dag_etl_camara_diario' retrieved from /opt/airflow/dags/dag_etl_camara_diario.py
[2026-07-14T18:57:26.483+0000] {logging_mixin.py:188} INFO - [2026-07-14T18:57:26.483+0000] {dag.py:3036} INFO - Sync 1 DAGs
[2026-07-14T18:57:26.505+0000] {logging_mixin.py:188} INFO - [2026-07-14T18:57:26.505+0000] {dag.py:3823} INFO - Setting next_dagrun for dag_etl_camara_diario to 2026-07-13 03:00:00+00:00, run_after=2026-07-14 03:00:00+00:00
[2026-07-14T18:57:26.520+0000] {processor.py:183} INFO - Processing /opt/airflow/dags/dag_etl_camara_diario.py took 0.071 seconds
[2026-07-14T18:57:56.645+0000] {processor.py:161} INFO - Started process (PID=304) to work on /opt/airflow/dags/dag_etl_camara_diario.py
[2026-07-14T18:57:56.645+0000] {processor.py:830} INFO - Processing file /opt/airflow/dags/dag_etl_camara_diario.py for tasks to queue
[2026-07-14T18:57:56.646+0000] {logging_mixin.py:188} INFO - [2026-07-14T18:57:56.646+0000] {dagbag.py:538} INFO - Filling up the DagBag from /opt/airflow/dags/dag_etl_camara_diario.py
[2026-07-14T18:57:56.656+0000] {processor.py:840} INFO - DAG(s) 'dag_etl_camara_diario' retrieved from /opt/airflow/dags/dag_etl_camara_diario.py
[2026-07-14T18:57:56.676+0000] {logging_mixin.py:188} INFO - [2026-07-14T18:57:56.676+0000] {dag.py:3036} INFO - Sync 1 DAGs
[2026-07-14T18:57:56.701+0000] {logging_mixin.py:188} INFO - [2026-07-14T18:57:56.701+0000] {dag.py:3823} INFO - Setting next_dagrun for dag_etl_camara_diario to 2026-07-13 03:00:00+00:00, run_after=2026-07-14 03:00:00+00:00
[2026-07-14T18:57:56.716+0000] {processor.py:183} INFO - Processing /opt/airflow/dags/dag_etl_camara_diario.py took 0.074 seconds
[2026-07-14T18:58:26.847+0000] {processor.py:161} INFO - Started process (PID=319) to work on /opt/airflow/dags/dag_etl_camara_diario.py
[2026-07-14T18:58:26.848+0000] {processor.py:830} INFO - Processing file /opt/airflow/dags/dag_etl_camara_diario.py for tasks to queue
[2026-07-14T18:58:26.848+0000] {logging_mixin.py:188} INFO - [2026-07-14T18:58:26.848+0000] {dagbag.py:538} INFO - Filling up the DagBag from /opt/airflow/dags/dag_etl_camara_diario.py
[2026-07-14T18:58:26.858+0000] {processor.py:840} INFO - DAG(s) 'dag_etl_camara_diario' retrieved from /opt/airflow/dags/dag_etl_camara_diario.py
[2026-07-14T18:58:26.878+0000] {logging_mixin.py:188} INFO - [2026-07-14T18:58:26.878+0000] {dag.py:3036} INFO - Sync 1 DAGs
[2026-07-14T18:58:26.901+0000] {logging_mixin.py:188} INFO - [2026-07-14T18:58:26.900+0000] {dag.py:3823} INFO - Setting next_dagrun for dag_etl_camara_diario to 2026-07-13 03:00:00+00:00, run_after=2026-07-14 03:00:00+00:00
[2026-07-14T18:58:26.912+0000] {processor.py:183} INFO - Processing /opt/airflow/dags/dag_etl_camara_diario.py took 0.068 seconds
[2026-07-14T18:58:57.041+0000] {processor.py:161} INFO - Started process (PID=334) to work on /opt/airflow/dags/dag_etl_camara_diario.py
[2026-07-14T18:58:57.042+0000] {processor.py:830} INFO - Processing file /opt/airflow/dags/dag_etl_camara_diario.py for tasks to queue
[2026-07-14T18:58:57.042+0000] {logging_mixin.py:188} INFO - [2026-07-14T18:58:57.042+0000] {dagbag.py:538} INFO - Filling up the DagBag from /opt/airflow/dags/dag_etl_camara_diario.py
[2026-07-14T18:58:57.051+0000] {processor.py:840} INFO - DAG(s) 'dag_etl_camara_diario' retrieved from /opt/airflow/dags/dag_etl_camara_diario.py
[2026-07-14T18:58:57.072+0000] {logging_mixin.py:188} INFO - [2026-07-14T18:58:57.071+0000] {dag.py:3036} INFO - Sync 1 DAGs
[2026-07-14T18:58:57.092+0000] {logging_mixin.py:188} INFO - [2026-07-14T18:58:57.092+0000] {dag.py:3823} INFO - Setting next_dagrun for dag_etl_camara_diario to 2026-07-13 03:00:00+00:00, run_after=2026-07-14 03:00:00+00:00
[2026-07-14T18:58:57.107+0000] {processor.py:183} INFO - Processing /opt/airflow/dags/dag_etl_camara_diario.py took 0.069 seconds
[2026-07-14T18:59:27.237+0000] {processor.py:161} INFO - Started process (PID=349) to work on /opt/airflow/dags/dag_etl_camara_diario.py
[2026-07-14T18:59:27.238+0000] {processor.py:830} INFO - Processing file /opt/airflow/dags/dag_etl_camara_diario.py for tasks to queue
[2026-07-14T18:59:27.238+0000] {logging_mixin.py:188} INFO - [2026-07-14T18:59:27.238+0000] {dagbag.py:538} INFO - Filling up the DagBag from /opt/airflow/dags/dag_etl_camara_diario.py
[2026-07-14T18:59:27.247+0000] {processor.py:840} INFO - DAG(s) 'dag_etl_camara_diario' retrieved from /opt/airflow/dags/dag_etl_camara_diario.py
[2026-07-14T18:59:27.268+0000] {logging_mixin.py:188} INFO - [2026-07-14T18:59:27.268+0000] {dag.py:3036} INFO - Sync 1 DAGs
[2026-07-14T18:59:27.290+0000] {logging_mixin.py:188} INFO - [2026-07-14T18:59:27.290+0000] {dag.py:3823} INFO - Setting next_dagrun for dag_etl_camara_diario to 2026-07-13 03:00:00+00:00, run_after=2026-07-14 03:00:00+00:00
[2026-07-14T18:59:27.305+0000] {processor.py:183} INFO - Processing /opt/airflow/dags/dag_etl_camara_diario.py took 0.070 seconds
[2026-07-14T18:59:57.431+0000] {processor.py:161} INFO - Started process (PID=364) to work on /opt/airflow/dags/dag_etl_camara_diario.py
[2026-07-14T18:59:57.432+0000] {processor.py:830} INFO - Processing file /opt/airflow/dags/dag_etl_camara_diario.py for tasks to queue
[2026-07-14T18:59:57.432+0000] {logging_mixin.py:188} INFO - [2026-07-14T18:59:57.432+0000] {dagbag.py:538} INFO - Filling up the DagBag from /opt/airflow/dags/dag_etl_camara_diario.py
[2026-07-14T18:59:57.441+0000] {processor.py:840} INFO - DAG(s) 'dag_etl_camara_diario' retrieved from /opt/airflow/dags/dag_etl_camara_diario.py
[2026-07-14T18:59:57.461+0000] {logging_mixin.py:188} INFO - [2026-07-14T18:59:57.460+0000] {dag.py:3036} INFO - Sync 1 DAGs
[2026-07-14T18:59:57.481+0000] {logging_mixin.py:188} INFO - [2026-07-14T18:59:57.481+0000] {dag.py:3823} INFO - Setting next_dagrun for dag_etl_camara_diario to 2026-07-13 03:00:00+00:00, run_after=2026-07-14 03:00:00+00:00
[2026-07-14T18:59:57.494+0000] {processor.py:183} INFO - Processing /opt/airflow/dags/dag_etl_camara_diario.py took 0.066 seconds
[2026-07-14T19:04:15.955+0000] {processor.py:161} INFO - Started process (PID=168) to work on /opt/airflow/dags/dag_etl_camara_diario.py
[2026-07-14T19:04:15.956+0000] {processor.py:830} INFO - Processing file /opt/airflow/dags/dag_etl_camara_diario.py for tasks to queue
[2026-07-14T19:04:15.957+0000] {logging_mixin.py:188} INFO - [2026-07-14T19:04:15.956+0000] {dagbag.py:538} INFO - Filling up the DagBag from /opt/airflow/dags/dag_etl_camara_diario.py
[2026-07-14T19:04:16.018+0000] {processor.py:840} INFO - DAG(s) 'dag_etl_camara_diario' retrieved from /opt/airflow/dags/dag_etl_camara_diario.py
[2026-07-14T19:04:16.045+0000] {logging_mixin.py:188} INFO - [2026-07-14T19:04:16.044+0000] {dag.py:3036} INFO - Sync 1 DAGs
[2026-07-14T19:04:16.077+0000] {logging_mixin.py:188} INFO - [2026-07-14T19:04:16.076+0000] {dag.py:3823} INFO - Setting next_dagrun for dag_etl_camara_diario to 2026-07-13 03:00:00+00:00, run_after=2026-07-14 03:00:00+00:00
[2026-07-14T19:04:16.098+0000] {processor.py:183} INFO - Processing /opt/airflow/dags/dag_etl_camara_diario.py took 0.148 seconds
[2026-07-14T19:04:46.229+0000] {processor.py:161} INFO - Started process (PID=184) to work on /opt/airflow/dags/dag_etl_camara_diario.py
[2026-07-14T19:04:46.230+0000] {processor.py:830} INFO - Processing file /opt/airflow/dags/dag_etl_camara_diario.py for tasks to queue
[2026-07-14T19:04:46.231+0000] {logging_mixin.py:188} INFO - [2026-07-14T19:04:46.230+0000] {dagbag.py:538} INFO - Filling up the DagBag from /opt/airflow/dags/dag_etl_camara_diario.py
[2026-07-14T19:04:46.240+0000] {processor.py:840} INFO - DAG(s) 'dag_etl_camara_diario' retrieved from /opt/airflow/dags/dag_etl_camara_diario.py
[2026-07-14T19:04:46.378+0000] {logging_mixin.py:188} INFO - [2026-07-14T19:04:46.378+0000] {dag.py:3036} INFO - Sync 1 DAGs
[2026-07-14T19:04:46.398+0000] {logging_mixin.py:188} INFO - [2026-07-14T19:04:46.398+0000] {dag.py:3823} INFO - Setting next_dagrun for dag_etl_camara_diario to 2026-07-13 03:00:00+00:00, run_after=2026-07-14 03:00:00+00:00
[2026-07-14T19:04:46.626+0000] {processor.py:183} INFO - Processing /opt/airflow/dags/dag_etl_camara_diario.py took 0.401 seconds
[2026-07-14T19:05:19.754+0000] {processor.py:161} INFO - Started process (PID=168) to work on /opt/airflow/dags/dag_etl_camara_diario.py
[2026-07-14T19:05:19.755+0000] {processor.py:830} INFO - Processing file /opt/airflow/dags/dag_etl_camara_diario.py for tasks to queue
[2026-07-14T19:05:19.756+0000] {logging_mixin.py:188} INFO - [2026-07-14T19:05:19.755+0000] {dagbag.py:538} INFO - Filling up the DagBag from /opt/airflow/dags/dag_etl_camara_diario.py
[2026-07-14T19:05:19.771+0000] {processor.py:840} INFO - DAG(s) 'dag_etl_camara_diario' retrieved from /opt/airflow/dags/dag_etl_camara_diario.py
[2026-07-14T19:05:19.796+0000] {logging_mixin.py:188} INFO - [2026-07-14T19:05:19.796+0000] {dag.py:3036} INFO - Sync 1 DAGs
[2026-07-14T19:05:19.820+0000] {logging_mixin.py:188} INFO - [2026-07-14T19:05:19.820+0000] {dag.py:3823} INFO - Setting next_dagrun for dag_etl_camara_diario to 2026-07-13 03:00:00+00:00, run_after=2026-07-14 03:00:00+00:00
[2026-07-14T19:05:19.836+0000] {processor.py:183} INFO - Processing /opt/airflow/dags/dag_etl_camara_diario.py took 0.084 seconds
[2026-07-14T19:05:49.964+0000] {processor.py:161} INFO - Started process (PID=184) to work on /opt/airflow/dags/dag_etl_camara_diario.py
[2026-07-14T19:05:49.964+0000] {processor.py:830} INFO - Processing file /opt/airflow/dags/dag_etl_camara_diario.py for tasks to queue
[2026-07-14T19:05:49.965+0000] {logging_mixin.py:188} INFO - [2026-07-14T19:05:49.965+0000] {dagbag.py:538} INFO - Filling up the DagBag from /opt/airflow/dags/dag_etl_camara_diario.py
[2026-07-14T19:05:49.974+0000] {processor.py:840} INFO - DAG(s) 'dag_etl_camara_diario' retrieved from /opt/airflow/dags/dag_etl_camara_diario.py
[2026-07-14T19:05:50.111+0000] {logging_mixin.py:188} INFO - [2026-07-14T19:05:50.111+0000] {dag.py:3036} INFO - Sync 1 DAGs
[2026-07-14T19:05:50.129+0000] {logging_mixin.py:188} INFO - [2026-07-14T19:05:50.129+0000] {dag.py:3823} INFO - Setting next_dagrun for dag_etl_camara_diario to 2026-07-13 03:00:00+00:00, run_after=2026-07-14 03:00:00+00:00
[2026-07-14T19:05:50.145+0000] {processor.py:183} INFO - Processing /opt/airflow/dags/dag_etl_camara_diario.py took 0.184 seconds
[2026-07-14T19:06:54.993+0000] {processor.py:161} INFO - Started process (PID=168) to work on /opt/airflow/dags/dag_etl_camara_diario.py
[2026-07-14T19:06:54.994+0000] {processor.py:830} INFO - Processing file /opt/airflow/dags/dag_etl_camara_diario.py for tasks to queue
[2026-07-14T19:06:54.995+0000] {logging_mixin.py:188} INFO - [2026-07-14T19:06:54.995+0000] {dagbag.py:538} INFO - Filling up the DagBag from /opt/airflow/dags/dag_etl_camara_diario.py
[2026-07-14T19:06:55.011+0000] {processor.py:840} INFO - DAG(s) 'dag_etl_camara_diario' retrieved from /opt/airflow/dags/dag_etl_camara_diario.py
[2026-07-14T19:06:55.037+0000] {logging_mixin.py:188} INFO - [2026-07-14T19:06:55.037+0000] {dag.py:3036} INFO - Sync 1 DAGs
[2026-07-14T19:06:55.063+0000] {logging_mixin.py:188} INFO - [2026-07-14T19:06:55.063+0000] {dag.py:3823} INFO - Setting next_dagrun for dag_etl_camara_diario to 2026-07-13 03:00:00+00:00, run_after=2026-07-14 03:00:00+00:00
[2026-07-14T19:06:55.081+0000] {processor.py:183} INFO - Processing /opt/airflow/dags/dag_etl_camara_diario.py took 0.090 seconds
[2026-07-14T19:07:25.206+0000] {processor.py:161} INFO - Started process (PID=184) to work on /opt/airflow/dags/dag_etl_camara_diario.py
[2026-07-14T19:07:25.207+0000] {processor.py:830} INFO - Processing file /opt/airflow/dags/dag_etl_camara_diario.py for tasks to queue
[2026-07-14T19:07:25.207+0000] {logging_mixin.py:188} INFO - [2026-07-14T19:07:25.207+0000] {dagbag.py:538} INFO - Filling up the DagBag from /opt/airflow/dags/dag_etl_camara_diario.py
[2026-07-14T19:07:25.217+0000] {processor.py:840} INFO - DAG(s) 'dag_etl_camara_diario' retrieved from /opt/airflow/dags/dag_etl_camara_diario.py
[2026-07-14T19:07:25.353+0000] {logging_mixin.py:188} INFO - [2026-07-14T19:07:25.353+0000] {dag.py:3036} INFO - Sync 1 DAGs
[2026-07-14T19:07:25.374+0000] {logging_mixin.py:188} INFO - [2026-07-14T19:07:25.374+0000] {dag.py:3823} INFO - Setting next_dagrun for dag_etl_camara_diario to 2026-07-13 03:00:00+00:00, run_after=2026-07-14 03:00:00+00:00
[2026-07-14T19:07:25.392+0000] {processor.py:183} INFO - Processing /opt/airflow/dags/dag_etl_camara_diario.py took 0.189 seconds
[2026-07-14T19:07:55.518+0000] {processor.py:161} INFO - Started process (PID=199) to work on /opt/airflow/dags/dag_etl_camara_diario.py
[2026-07-14T19:07:55.519+0000] {processor.py:830} INFO - Processing file /opt/airflow/dags/dag_etl_camara_diario.py for tasks to queue
[2026-07-14T19:07:55.519+0000] {logging_mixin.py:188} INFO - [2026-07-14T19:07:55.519+0000] {dagbag.py:538} INFO - Filling up the DagBag from /opt/airflow/dags/dag_etl_camara_diario.py
[2026-07-14T19:07:55.529+0000] {processor.py:840} INFO - DAG(s) 'dag_etl_camara_diario' retrieved from /opt/airflow/dags/dag_etl_camara_diario.py
[2026-07-14T19:07:55.551+0000] {logging_mixin.py:188} INFO - [2026-07-14T19:07:55.551+0000] {dag.py:3036} INFO - Sync 1 DAGs
[2026-07-14T19:07:55.574+0000] {logging_mixin.py:188} INFO - [2026-07-14T19:07:55.574+0000] {dag.py:3823} INFO - Setting next_dagrun for dag_etl_camara_diario to 2026-07-13 03:00:00+00:00, run_after=2026-07-14 03:00:00+00:00
[2026-07-14T19:07:55.587+0000] {processor.py:183} INFO - Processing /opt/airflow/dags/dag_etl_camara_diario.py took 0.072 seconds
[2026-07-14T19:08:25.711+0000] {processor.py:161} INFO - Started process (PID=214) to work on /opt/airflow/dags/dag_etl_camara_diario.py
[2026-07-14T19:08:25.712+0000] {processor.py:830} INFO - Processing file /opt/airflow/dags/dag_etl_camara_diario.py for tasks to queue
[2026-07-14T19:08:25.713+0000] {logging_mixin.py:188} INFO - [2026-07-14T19:08:25.712+0000] {dagbag.py:538} INFO - Filling up the DagBag from /opt/airflow/dags/dag_etl_camara_diario.py
[2026-07-14T19:08:25.721+0000] {processor.py:840} INFO - DAG(s) 'dag_etl_camara_diario' retrieved from /opt/airflow/dags/dag_etl_camara_diario.py
[2026-07-14T19:08:25.741+0000] {logging_mixin.py:188} INFO - [2026-07-14T19:08:25.741+0000] {dag.py:3036} INFO - Sync 1 DAGs
[2026-07-14T19:08:25.762+0000] {logging_mixin.py:188} INFO - [2026-07-14T19:08:25.762+0000] {dag.py:3823} INFO - Setting next_dagrun for dag_etl_camara_diario to 2026-07-13 03:00:00+00:00, run_after=2026-07-14 03:00:00+00:00
[2026-07-14T19:08:25.777+0000] {processor.py:183} INFO - Processing /opt/airflow/dags/dag_etl_camara_diario.py took 0.068 seconds
[2026-07-14T19:08:55.904+0000] {processor.py:161} INFO - Started process (PID=229) to work on /opt/airflow/dags/dag_etl_camara_diario.py
[2026-07-14T19:08:55.905+0000] {processor.py:830} INFO - Processing file /opt/airflow/dags/dag_etl_camara_diario.py for tasks to queue
[2026-07-14T19:08:55.906+0000] {logging_mixin.py:188} INFO - [2026-07-14T19:08:55.905+0000] {dagbag.py:538} INFO - Filling up the DagBag from /opt/airflow/dags/dag_etl_camara_diario.py
[2026-07-14T19:08:55.915+0000] {processor.py:840} INFO - DAG(s) 'dag_etl_camara_diario' retrieved from /opt/airflow/dags/dag_etl_camara_diario.py
[2026-07-14T19:08:55.935+0000] {logging_mixin.py:188} INFO - [2026-07-14T19:08:55.935+0000] {dag.py:3036} INFO - Sync 1 DAGs
[2026-07-14T19:08:55.957+0000] {logging_mixin.py:188} INFO - [2026-07-14T19:08:55.957+0000] {dag.py:3823} INFO - Setting next_dagrun for dag_etl_camara_diario to 2026-07-13 03:00:00+00:00, run_after=2026-07-14 03:00:00+00:00
[2026-07-14T19:08:55.970+0000] {processor.py:183} INFO - Processing /opt/airflow/dags/dag_etl_camara_diario.py took 0.069 seconds
[2026-07-14T19:09:26.100+0000] {processor.py:161} INFO - Started process (PID=244) to work on /opt/airflow/dags/dag_etl_camara_diario.py
[2026-07-14T19:09:26.100+0000] {processor.py:830} INFO - Processing file /opt/airflow/dags/dag_etl_camara_diario.py for tasks to queue
[2026-07-14T19:09:26.101+0000] {logging_mixin.py:188} INFO - [2026-07-14T19:09:26.101+0000] {dagbag.py:538} INFO - Filling up the DagBag from /opt/airflow/dags/dag_etl_camara_diario.py
[2026-07-14T19:09:26.110+0000] {processor.py:840} INFO - DAG(s) 'dag_etl_camara_diario' retrieved from /opt/airflow/dags/dag_etl_camara_diario.py
[2026-07-14T19:09:26.130+0000] {logging_mixin.py:188} INFO - [2026-07-14T19:09:26.130+0000] {dag.py:3036} INFO - Sync 1 DAGs
[2026-07-14T19:09:26.150+0000] {logging_mixin.py:188} INFO - [2026-07-14T19:09:26.150+0000] {dag.py:3823} INFO - Setting next_dagrun for dag_etl_camara_diario to 2026-07-13 03:00:00+00:00, run_after=2026-07-14 03:00:00+00:00
[2026-07-14T19:09:26.165+0000] {processor.py:183} INFO - Processing /opt/airflow/dags/dag_etl_camara_diario.py took 0.068 seconds
[2026-07-14T19:09:56.291+0000] {processor.py:161} INFO - Started process (PID=259) to work on /opt/airflow/dags/dag_etl_camara_diario.py
[2026-07-14T19:09:56.291+0000] {processor.py:830} INFO - Processing file /opt/airflow/dags/dag_etl_camara_diario.py for tasks to queue
[2026-07-14T19:09:56.292+0000] {logging_mixin.py:188} INFO - [2026-07-14T19:09:56.292+0000] {dagbag.py:538} INFO - Filling up the DagBag from /opt/airflow/dags/dag_etl_camara_diario.py
[2026-07-14T19:09:56.302+0000] {processor.py:840} INFO - DAG(s) 'dag_etl_camara_diario' retrieved from /opt/airflow/dags/dag_etl_camara_diario.py
[2026-07-14T19:09:56.325+0000] {logging_mixin.py:188} INFO - [2026-07-14T19:09:56.324+0000] {dag.py:3036} INFO - Sync 1 DAGs
[2026-07-14T19:09:56.350+0000] {logging_mixin.py:188} INFO - [2026-07-14T19:09:56.350+0000] {dag.py:3823} INFO - Setting next_dagrun for dag_etl_camara_diario to 2026-07-13 03:00:00+00:00, run_after=2026-07-14 03:00:00+00:00
[2026-07-14T19:09:56.368+0000] {processor.py:183} INFO - Processing /opt/airflow/dags/dag_etl_camara_diario.py took 0.080 seconds
[2026-07-14T19:10:26.495+0000] {processor.py:161} INFO - Started process (PID=274) to work on /opt/airflow/dags/dag_etl_camara_diario.py
[2026-07-14T19:10:26.496+0000] {processor.py:830} INFO - Processing file /opt/airflow/dags/dag_etl_camara_diario.py for tasks to queue
[2026-07-14T19:10:26.496+0000] {logging_mixin.py:188} INFO - [2026-07-14T19:10:26.496+0000] {dagbag.py:538} INFO - Filling up the DagBag from /opt/airflow/dags/dag_etl_camara_diario.py
[2026-07-14T19:10:26.506+0000] {processor.py:840} INFO - DAG(s) 'dag_etl_camara_diario' retrieved from /opt/airflow/dags/dag_etl_camara_diario.py
[2026-07-14T19:10:26.529+0000] {logging_mixin.py:188} INFO - [2026-07-14T19:10:26.529+0000] {dag.py:3036} INFO - Sync 1 DAGs
[2026-07-14T19:10:26.556+0000] {logging_mixin.py:188} INFO - [2026-07-14T19:10:26.556+0000] {dag.py:3823} INFO - Setting next_dagrun for dag_etl_camara_diario to 2026-07-13 03:00:00+00:00, run_after=2026-07-14 03:00:00+00:00
[2026-07-14T19:10:26.706+0000] {processor.py:183} INFO - Processing /opt/airflow/dags/dag_etl_camara_diario.py took 0.214 seconds
[2026-07-14T19:10:56.839+0000] {processor.py:161} INFO - Started process (PID=289) to work on /opt/airflow/dags/dag_etl_camara_diario.py
[2026-07-14T19:10:56.840+0000] {processor.py:830} INFO - Processing file /opt/airflow/dags/dag_etl_camara_diario.py for tasks to queue
[2026-07-14T19:10:56.841+0000] {logging_mixin.py:188} INFO - [2026-07-14T19:10:56.840+0000] {dagbag.py:538} INFO - Filling up the DagBag from /opt/airflow/dags/dag_etl_camara_diario.py
[2026-07-14T19:10:57.900+0000] {processor.py:840} INFO - DAG(s) 'dag_etl_camara_diario' retrieved from /opt/airflow/dags/dag_etl_camara_diario.py
[2026-07-14T19:10:58.217+0000] {logging_mixin.py:188} INFO - [2026-07-14T19:10:58.217+0000] {dag.py:3036} INFO - Sync 1 DAGs
[2026-07-14T19:10:58.239+0000] {logging_mixin.py:188} INFO - [2026-07-14T19:10:58.239+0000] {dag.py:3823} INFO - Setting next_dagrun for dag_etl_camara_diario to 2026-07-13 03:00:00+00:00, run_after=2026-07-14 03:00:00+00:00
[2026-07-14T19:10:58.381+0000] {processor.py:183} INFO - Processing /opt/airflow/dags/dag_etl_camara_diario.py took 1.545 seconds
[2026-07-14T19:11:28.517+0000] {processor.py:161} INFO - Started process (PID=304) to work on /opt/airflow/dags/dag_etl_camara_diario.py
[2026-07-14T19:11:28.517+0000] {processor.py:830} INFO - Processing file /opt/airflow/dags/dag_etl_camara_diario.py for tasks to queue
[2026-07-14T19:11:28.518+0000] {logging_mixin.py:188} INFO - [2026-07-14T19:11:28.518+0000] {dagbag.py:538} INFO - Filling up the DagBag from /opt/airflow/dags/dag_etl_camara_diario.py
[2026-07-14T19:11:28.528+0000] {processor.py:840} INFO - DAG(s) 'dag_etl_camara_diario' retrieved from /opt/airflow/dags/dag_etl_camara_diario.py
[2026-07-14T19:11:28.550+0000] {logging_mixin.py:188} INFO - [2026-07-14T19:11:28.550+0000] {dag.py:3036} INFO - Sync 1 DAGs
[2026-07-14T19:11:28.574+0000] {logging_mixin.py:188} INFO - [2026-07-14T19:11:28.574+0000] {dag.py:3823} INFO - Setting next_dagrun for dag_etl_camara_diario to 2026-07-13 03:00:00+00:00, run_after=2026-07-14 03:00:00+00:00
[2026-07-14T19:11:28.634+0000] {processor.py:183} INFO - Processing /opt/airflow/dags/dag_etl_camara_diario.py took 0.121 seconds
[2026-07-14T19:11:58.763+0000] {processor.py:161} INFO - Started process (PID=319) to work on /opt/airflow/dags/dag_etl_camara_diario.py
[2026-07-14T19:11:58.764+0000] {processor.py:830} INFO - Processing file /opt/airflow/dags/dag_etl_camara_diario.py for tasks to queue
[2026-07-14T19:11:58.765+0000] {logging_mixin.py:188} INFO - [2026-07-14T19:11:58.764+0000] {dagbag.py:538} INFO - Filling up the DagBag from /opt/airflow/dags/dag_etl_camara_diario.py
[2026-07-14T19:11:58.774+0000] {processor.py:840} INFO - DAG(s) 'dag_etl_camara_diario' retrieved from /opt/airflow/dags/dag_etl_camara_diario.py
[2026-07-14T19:11:58.797+0000] {logging_mixin.py:188} INFO - [2026-07-14T19:11:58.797+0000] {dag.py:3036} INFO - Sync 1 DAGs
[2026-07-14T19:11:58.821+0000] {logging_mixin.py:188} INFO - [2026-07-14T19:11:58.821+0000] {dag.py:3823} INFO - Setting next_dagrun for dag_etl_camara_diario to 2026-07-13 03:00:00+00:00, run_after=2026-07-14 03:00:00+00:00
[2026-07-14T19:11:59.181+0000] {processor.py:183} INFO - Processing /opt/airflow/dags/dag_etl_camara_diario.py took 0.420 seconds
[2026-07-14T19:12:29.303+0000] {processor.py:161} INFO - Started process (PID=334) to work on /opt/airflow/dags/dag_etl_camara_diario.py
[2026-07-14T19:12:29.304+0000] {processor.py:830} INFO - Processing file /opt/airflow/dags/dag_etl_camara_diario.py for tasks to queue
[2026-07-14T19:12:29.304+0000] {logging_mixin.py:188} INFO - [2026-07-14T19:12:29.304+0000] {dagbag.py:538} INFO - Filling up the DagBag from /opt/airflow/dags/dag_etl_camara_diario.py
[2026-07-14T19:12:29.314+0000] {processor.py:840} INFO - DAG(s) 'dag_etl_camara_diario' retrieved from /opt/airflow/dags/dag_etl_camara_diario.py
[2026-07-14T19:12:29.337+0000] {logging_mixin.py:188} INFO - [2026-07-14T19:12:29.337+0000] {dag.py:3036} INFO - Sync 1 DAGs
[2026-07-14T19:12:29.361+0000] {logging_mixin.py:188} INFO - [2026-07-14T19:12:29.361+0000] {dag.py:3823} INFO - Setting next_dagrun for dag_etl_camara_diario to 2026-07-13 03:00:00+00:00, run_after=2026-07-14 03:00:00+00:00
[2026-07-14T19:12:29.417+0000] {processor.py:183} INFO - Processing /opt/airflow/dags/dag_etl_camara_diario.py took 0.116 seconds
[2026-07-14T19:12:59.548+0000] {processor.py:161} INFO - Started process (PID=349) to work on /opt/airflow/dags/dag_etl_camara_diario.py
[2026-07-14T19:12:59.549+0000] {processor.py:830} INFO - Processing file /opt/airflow/dags/dag_etl_camara_diario.py for tasks to queue
[2026-07-14T19:12:59.550+0000] {logging_mixin.py:188} INFO - [2026-07-14T19:12:59.550+0000] {dagbag.py:538} INFO - Filling up the DagBag from /opt/airflow/dags/dag_etl_camara_diario.py
[2026-07-14T19:12:59.560+0000] {processor.py:840} INFO - DAG(s) 'dag_etl_camara_diario' retrieved from /opt/airflow/dags/dag_etl_camara_diario.py
[2026-07-14T19:12:59.582+0000] {logging_mixin.py:188} INFO - [2026-07-14T19:12:59.582+0000] {dag.py:3036} INFO - Sync 1 DAGs
[2026-07-14T19:12:59.605+0000] {logging_mixin.py:188} INFO - [2026-07-14T19:12:59.604+0000] {dag.py:3823} INFO - Setting next_dagrun for dag_etl_camara_diario to 2026-07-13 03:00:00+00:00, run_after=2026-07-14 03:00:00+00:00
[2026-07-14T19:13:00.286+0000] {processor.py:183} INFO - Processing /opt/airflow/dags/dag_etl_camara_diario.py took 0.741 seconds
[2026-07-14T19:13:30.696+0000] {processor.py:161} INFO - Started process (PID=364) to work on /opt/airflow/dags/dag_etl_camara_diario.py
[2026-07-14T19:13:30.697+0000] {processor.py:830} INFO - Processing file /opt/airflow/dags/dag_etl_camara_diario.py for tasks to queue
[2026-07-14T19:13:30.697+0000] {logging_mixin.py:188} INFO - [2026-07-14T19:13:30.697+0000] {dagbag.py:538} INFO - Filling up the DagBag from /opt/airflow/dags/dag_etl_camara_diario.py
[2026-07-14T19:13:30.706+0000] {processor.py:840} INFO - DAG(s) 'dag_etl_camara_diario' retrieved from /opt/airflow/dags/dag_etl_camara_diario.py
[2026-07-14T19:13:30.728+0000] {logging_mixin.py:188} INFO - [2026-07-14T19:13:30.727+0000] {dag.py:3036} INFO - Sync 1 DAGs
[2026-07-14T19:13:30.752+0000] {logging_mixin.py:188} INFO - [2026-07-14T19:13:30.752+0000] {dag.py:3823} INFO - Setting next_dagrun for dag_etl_camara_diario to 2026-07-13 03:00:00+00:00, run_after=2026-07-14 03:00:00+00:00
[2026-07-14T19:13:30.839+0000] {processor.py:183} INFO - Processing /opt/airflow/dags/dag_etl_camara_diario.py took 0.146 seconds
[2026-07-14T19:14:00.893+0000] {processor.py:161} INFO - Started process (PID=379) to work on /opt/airflow/dags/dag_etl_camara_diario.py
[2026-07-14T19:14:00.893+0000] {processor.py:830} INFO - Processing file /opt/airflow/dags/dag_etl_camara_diario.py for tasks to queue
[2026-07-14T19:14:00.894+0000] {logging_mixin.py:188} INFO - [2026-07-14T19:14:00.894+0000] {dagbag.py:538} INFO - Filling up the DagBag from /opt/airflow/dags/dag_etl_camara_diario.py
[2026-07-14T19:14:00.904+0000] {processor.py:840} INFO - DAG(s) 'dag_etl_camara_diario' retrieved from /opt/airflow/dags/dag_etl_camara_diario.py
[2026-07-14T19:14:00.927+0000] {logging_mixin.py:188} INFO - [2026-07-14T19:14:00.926+0000] {dag.py:3036} INFO - Sync 1 DAGs
[2026-07-14T19:14:00.949+0000] {logging_mixin.py:188} INFO - [2026-07-14T19:14:00.949+0000] {dag.py:3823} INFO - Setting next_dagrun for dag_etl_camara_diario to 2026-07-13 03:00:00+00:00, run_after=2026-07-14 03:00:00+00:00
[2026-07-14T19:14:00.990+0000] {processor.py:183} INFO - Processing /opt/airflow/dags/dag_etl_camara_diario.py took 0.100 seconds
[2026-07-14T19:14:31.019+0000] {processor.py:161} INFO - Started process (PID=394) to work on /opt/airflow/dags/dag_etl_camara_diario.py
[2026-07-14T19:14:31.020+0000] {processor.py:830} INFO - Processing file /opt/airflow/dags/dag_etl_camara_diario.py for tasks to queue
[2026-07-14T19:14:31.020+0000] {logging_mixin.py:188} INFO - [2026-07-14T19:14:31.020+0000] {dagbag.py:538} INFO - Filling up the DagBag from /opt/airflow/dags/dag_etl_camara_diario.py
[2026-07-14T19:14:31.030+0000] {processor.py:840} INFO - DAG(s) 'dag_etl_camara_diario' retrieved from /opt/airflow/dags/dag_etl_camara_diario.py
[2026-07-14T19:14:31.052+0000] {logging_mixin.py:188} INFO - [2026-07-14T19:14:31.051+0000] {dag.py:3036} INFO - Sync 1 DAGs
[2026-07-14T19:14:31.074+0000] {logging_mixin.py:188} INFO - [2026-07-14T19:14:31.074+0000] {dag.py:3823} INFO - Setting next_dagrun for dag_etl_camara_diario to 2026-07-13 03:00:00+00:00, run_after=2026-07-14 03:00:00+00:00
[2026-07-14T19:14:31.089+0000] {processor.py:183} INFO - Processing /opt/airflow/dags/dag_etl_camara_diario.py took 0.073 seconds
[2026-07-14T19:15:01.215+0000] {processor.py:161} INFO - Started process (PID=409) to work on /opt/airflow/dags/dag_etl_camara_diario.py
[2026-07-14T19:15:01.216+0000] {processor.py:830} INFO - Processing file /opt/airflow/dags/dag_etl_camara_diario.py for tasks to queue
[2026-07-14T19:15:01.217+0000] {logging_mixin.py:188} INFO - [2026-07-14T19:15:01.216+0000] {dagbag.py:538} INFO - Filling up the DagBag from /opt/airflow/dags/dag_etl_camara_diario.py
[2026-07-14T19:15:01.226+0000] {processor.py:840} INFO - DAG(s) 'dag_etl_camara_diario' retrieved from /opt/airflow/dags/dag_etl_camara_diario.py
[2026-07-14T19:15:01.248+0000] {logging_mixin.py:188} INFO - [2026-07-14T19:15:01.248+0000] {dag.py:3036} INFO - Sync 1 DAGs
[2026-07-14T19:15:01.271+0000] {logging_mixin.py:188} INFO - [2026-07-14T19:15:01.271+0000] {dag.py:3823} INFO - Setting next_dagrun for dag_etl_camara_diario to 2026-07-13 03:00:00+00:00, run_after=2026-07-14 03:00:00+00:00
[2026-07-14T19:15:01.330+0000] {processor.py:183} INFO - Processing /opt/airflow/dags/dag_etl_camara_diario.py took 0.117 seconds
[2026-07-14T19:15:31.458+0000] {processor.py:161} INFO - Started process (PID=424) to work on /opt/airflow/dags/dag_etl_camara_diario.py
[2026-07-14T19:15:31.459+0000] {processor.py:830} INFO - Processing file /opt/airflow/dags/dag_etl_camara_diario.py for tasks to queue
[2026-07-14T19:15:31.460+0000] {logging_mixin.py:188} INFO - [2026-07-14T19:15:31.459+0000] {dagbag.py:538} INFO - Filling up the DagBag from /opt/airflow/dags/dag_etl_camara_diario.py
[2026-07-14T19:15:31.472+0000] {processor.py:840} INFO - DAG(s) 'dag_etl_camara_diario' retrieved from /opt/airflow/dags/dag_etl_camara_diario.py
[2026-07-14T19:15:31.496+0000] {logging_mixin.py:188} INFO - [2026-07-14T19:15:31.496+0000] {dag.py:3036} INFO - Sync 1 DAGs
[2026-07-14T19:15:31.520+0000] {logging_mixin.py:188} INFO - [2026-07-14T19:15:31.519+0000] {dag.py:3823} INFO - Setting next_dagrun for dag_etl_camara_diario to 2026-07-13 03:00:00+00:00, run_after=2026-07-14 03:00:00+00:00
[2026-07-14T19:15:31.578+0000] {processor.py:183} INFO - Processing /opt/airflow/dags/dag_etl_camara_diario.py took 0.123 seconds
[2026-07-14T19:16:01.703+0000] {processor.py:161} INFO - Started process (PID=439) to work on /opt/airflow/dags/dag_etl_camara_diario.py
[2026-07-14T19:16:01.704+0000] {processor.py:830} INFO - Processing file /opt/airflow/dags/dag_etl_camara_diario.py for tasks to queue
[2026-07-14T19:16:01.705+0000] {logging_mixin.py:188} INFO - [2026-07-14T19:16:01.704+0000] {dagbag.py:538} INFO - Filling up the DagBag from /opt/airflow/dags/dag_etl_camara_diario.py
[2026-07-14T19:16:01.715+0000] {processor.py:840} INFO - DAG(s) 'dag_etl_camara_diario' retrieved from /opt/airflow/dags/dag_etl_camara_diario.py
[2026-07-14T19:16:01.737+0000] {logging_mixin.py:188} INFO - [2026-07-14T19:16:01.737+0000] {dag.py:3036} INFO - Sync 1 DAGs
[2026-07-14T19:16:01.760+0000] {logging_mixin.py:188} INFO - [2026-07-14T19:16:01.759+0000] {dag.py:3823} INFO - Setting next_dagrun for dag_etl_camara_diario to 2026-07-13 03:00:00+00:00, run_after=2026-07-14 03:00:00+00:00
[2026-07-14T19:16:01.815+0000] {processor.py:183} INFO - Processing /opt/airflow/dags/dag_etl_camara_diario.py took 0.114 seconds
[2026-07-14T19:16:31.935+0000] {processor.py:161} INFO - Started process (PID=454) to work on /opt/airflow/dags/dag_etl_camara_diario.py
[2026-07-14T19:16:31.936+0000] {processor.py:830} INFO - Processing file /opt/airflow/dags/dag_etl_camara_diario.py for tasks to queue
[2026-07-14T19:16:31.936+0000] {logging_mixin.py:188} INFO - [2026-07-14T19:16:31.936+0000] {dagbag.py:538} INFO - Filling up the DagBag from /opt/airflow/dags/dag_etl_camara_diario.py
[2026-07-14T19:16:31.946+0000] {processor.py:840} INFO - DAG(s) 'dag_etl_camara_diario' retrieved from /opt/airflow/dags/dag_etl_camara_diario.py
[2026-07-14T19:16:31.968+0000] {logging_mixin.py:188} INFO - [2026-07-14T19:16:31.968+0000] {dag.py:3036} INFO - Sync 1 DAGs
[2026-07-14T19:16:31.990+0000] {logging_mixin.py:188} INFO - [2026-07-14T19:16:31.990+0000] {dag.py:3823} INFO - Setting next_dagrun for dag_etl_camara_diario to 2026-07-13 03:00:00+00:00, run_after=2026-07-14 03:00:00+00:00
[2026-07-14T19:16:32.048+0000] {processor.py:183} INFO - Processing /opt/airflow/dags/dag_etl_camara_diario.py took 0.115 seconds
[2026-07-14T19:17:02.179+0000] {processor.py:161} INFO - Started process (PID=469) to work on /opt/airflow/dags/dag_etl_camara_diario.py
[2026-07-14T19:17:02.180+0000] {processor.py:830} INFO - Processing file /opt/airflow/dags/dag_etl_camara_diario.py for tasks to queue
[2026-07-14T19:17:02.181+0000] {logging_mixin.py:188} INFO - [2026-07-14T19:17:02.180+0000] {dagbag.py:538} INFO - Filling up the DagBag from /opt/airflow/dags/dag_etl_camara_diario.py
[2026-07-14T19:17:02.191+0000] {processor.py:840} INFO - DAG(s) 'dag_etl_camara_diario' retrieved from /opt/airflow/dags/dag_etl_camara_diario.py
[2026-07-14T19:17:02.212+0000] {logging_mixin.py:188} INFO - [2026-07-14T19:17:02.212+0000] {dag.py:3036} INFO - Sync 1 DAGs
[2026-07-14T19:17:02.235+0000] {logging_mixin.py:188} INFO - [2026-07-14T19:17:02.235+0000] {dag.py:3823} INFO - Setting next_dagrun for dag_etl_camara_diario to 2026-07-13 03:00:00+00:00, run_after=2026-07-14 03:00:00+00:00
[2026-07-14T19:17:02.263+0000] {processor.py:183} INFO - Processing /opt/airflow/dags/dag_etl_camara_diario.py took 0.087 seconds
[2026-07-14T19:17:32.384+0000] {processor.py:161} INFO - Started process (PID=484) to work on /opt/airflow/dags/dag_etl_camara_diario.py
[2026-07-14T19:17:32.385+0000] {processor.py:830} INFO - Processing file /opt/airflow/dags/dag_etl_camara_diario.py for tasks to queue
[2026-07-14T19:17:32.386+0000] {logging_mixin.py:188} INFO - [2026-07-14T19:17:32.385+0000] {dagbag.py:538} INFO - Filling up the DagBag from /opt/airflow/dags/dag_etl_camara_diario.py
[2026-07-14T19:17:32.395+0000] {processor.py:840} INFO - DAG(s) 'dag_etl_camara_diario' retrieved from /opt/airflow/dags/dag_etl_camara_diario.py
[2026-07-14T19:17:32.418+0000] {logging_mixin.py:188} INFO - [2026-07-14T19:17:32.418+0000] {dag.py:3036} INFO - Sync 1 DAGs
[2026-07-14T19:17:32.445+0000] {logging_mixin.py:188} INFO - [2026-07-14T19:17:32.445+0000] {dag.py:3823} INFO - Setting next_dagrun for dag_etl_camara_diario to 2026-07-13 03:00:00+00:00, run_after=2026-07-14 03:00:00+00:00
[2026-07-14T19:17:32.478+0000] {processor.py:183} INFO - Processing /opt/airflow/dags/dag_etl_camara_diario.py took 0.096 seconds
[2026-07-14T19:18:02.600+0000] {processor.py:161} INFO - Started process (PID=499) to work on /opt/airflow/dags/dag_etl_camara_diario.py
[2026-07-14T19:18:02.601+0000] {processor.py:830} INFO - Processing file /opt/airflow/dags/dag_etl_camara_diario.py for tasks to queue
[2026-07-14T19:18:02.602+0000] {logging_mixin.py:188} INFO - [2026-07-14T19:18:02.601+0000] {dagbag.py:538} INFO - Filling up the DagBag from /opt/airflow/dags/dag_etl_camara_diario.py
[2026-07-14T19:18:02.611+0000] {processor.py:840} INFO - DAG(s) 'dag_etl_camara_diario' retrieved from /opt/airflow/dags/dag_etl_camara_diario.py
[2026-07-14T19:18:02.634+0000] {logging_mixin.py:188} INFO - [2026-07-14T19:18:02.634+0000] {dag.py:3036} INFO - Sync 1 DAGs
[2026-07-14T19:18:02.656+0000] {logging_mixin.py:188} INFO - [2026-07-14T19:18:02.656+0000] {dag.py:3823} INFO - Setting next_dagrun for dag_etl_camara_diario to 2026-07-13 03:00:00+00:00, run_after=2026-07-14 03:00:00+00:00
[2026-07-14T19:18:02.683+0000] {processor.py:183} INFO - Processing /opt/airflow/dags/dag_etl_camara_diario.py took 0.086 seconds
[2026-07-14T19:24:35.816+0000] {processor.py:161} INFO - Started process (PID=168) to work on /opt/airflow/dags/dag_etl_camara_diario.py
[2026-07-14T19:24:35.817+0000] {processor.py:830} INFO - Processing file /opt/airflow/dags/dag_etl_camara_diario.py for tasks to queue
[2026-07-14T19:24:35.818+0000] {logging_mixin.py:188} INFO - [2026-07-14T19:24:35.817+0000] {dagbag.py:538} INFO - Filling up the DagBag from /opt/airflow/dags/dag_etl_camara_diario.py
[2026-07-14T19:24:35.848+0000] {processor.py:840} INFO - DAG(s) 'dag_etl_camara_diario' retrieved from /opt/airflow/dags/dag_etl_camara_diario.py
[2026-07-14T19:24:35.884+0000] {logging_mixin.py:188} INFO - [2026-07-14T19:24:35.883+0000] {dag.py:3036} INFO - Sync 1 DAGs
[2026-07-14T19:24:35.916+0000] {logging_mixin.py:188} INFO - [2026-07-14T19:24:35.916+0000] {dag.py:3823} INFO - Setting next_dagrun for dag_etl_camara_diario to 2026-07-13 03:00:00+00:00, run_after=2026-07-14 03:00:00+00:00
[2026-07-14T19:24:35.935+0000] {processor.py:183} INFO - Processing /opt/airflow/dags/dag_etl_camara_diario.py took 0.122 seconds
[2026-07-14T19:25:06.063+0000] {processor.py:161} INFO - Started process (PID=184) to work on /opt/airflow/dags/dag_etl_camara_diario.py
[2026-07-14T19:25:06.063+0000] {processor.py:830} INFO - Processing file /opt/airflow/dags/dag_etl_camara_diario.py for tasks to queue
[2026-07-14T19:25:06.064+0000] {logging_mixin.py:188} INFO - [2026-07-14T19:25:06.064+0000] {dagbag.py:538} INFO - Filling up the DagBag from /opt/airflow/dags/dag_etl_camara_diario.py
[2026-07-14T19:25:06.073+0000] {processor.py:840} INFO - DAG(s) 'dag_etl_camara_diario' retrieved from /opt/airflow/dags/dag_etl_camara_diario.py
[2026-07-14T19:25:06.221+0000] {logging_mixin.py:188} INFO - [2026-07-14T19:25:06.221+0000] {dag.py:3036} INFO - Sync 1 DAGs
[2026-07-14T19:25:06.244+0000] {logging_mixin.py:188} INFO - [2026-07-14T19:25:06.243+0000] {dag.py:3823} INFO - Setting next_dagrun for dag_etl_camara_diario to 2026-07-13 03:00:00+00:00, run_after=2026-07-14 03:00:00+00:00
[2026-07-14T19:25:06.291+0000] {processor.py:183} INFO - Processing /opt/airflow/dags/dag_etl_camara_diario.py took 0.231 seconds
[2026-07-14T19:25:36.418+0000] {processor.py:161} INFO - Started process (PID=199) to work on /opt/airflow/dags/dag_etl_camara_diario.py
[2026-07-14T19:25:36.419+0000] {processor.py:830} INFO - Processing file /opt/airflow/dags/dag_etl_camara_diario.py for tasks to queue
[2026-07-14T19:25:36.419+0000] {logging_mixin.py:188} INFO - [2026-07-14T19:25:36.419+0000] {dagbag.py:538} INFO - Filling up the DagBag from /opt/airflow/dags/dag_etl_camara_diario.py
[2026-07-14T19:25:36.429+0000] {processor.py:840} INFO - DAG(s) 'dag_etl_camara_diario' retrieved from /opt/airflow/dags/dag_etl_camara_diario.py
[2026-07-14T19:25:36.450+0000] {logging_mixin.py:188} INFO - [2026-07-14T19:25:36.449+0000] {dag.py:3036} INFO - Sync 1 DAGs
[2026-07-14T19:25:36.471+0000] {logging_mixin.py:188} INFO - [2026-07-14T19:25:36.470+0000] {dag.py:3823} INFO - Setting next_dagrun for dag_etl_camara_diario to 2026-07-13 03:00:00+00:00, run_after=2026-07-14 03:00:00+00:00
[2026-07-14T19:25:36.526+0000] {processor.py:183} INFO - Processing /opt/airflow/dags/dag_etl_camara_diario.py took 0.111 seconds
[2026-07-14T19:26:06.654+0000] {processor.py:161} INFO - Started process (PID=214) to work on /opt/airflow/dags/dag_etl_camara_diario.py
[2026-07-14T19:26:06.654+0000] {processor.py:830} INFO - Processing file /opt/airflow/dags/dag_etl_camara_diario.py for tasks to queue
[2026-07-14T19:26:06.655+0000] {logging_mixin.py:188} INFO - [2026-07-14T19:26:06.655+0000] {dagbag.py:538} INFO - Filling up the DagBag from /opt/airflow/dags/dag_etl_camara_diario.py
[2026-07-14T19:26:06.665+0000] {processor.py:840} INFO - DAG(s) 'dag_etl_camara_diario' retrieved from /opt/airflow/dags/dag_etl_camara_diario.py
[2026-07-14T19:26:06.688+0000] {logging_mixin.py:188} INFO - [2026-07-14T19:26:06.688+0000] {dag.py:3036} INFO - Sync 1 DAGs
[2026-07-14T19:26:06.713+0000] {logging_mixin.py:188} INFO - [2026-07-14T19:26:06.713+0000] {dag.py:3823} INFO - Setting next_dagrun for dag_etl_camara_diario to 2026-07-13 03:00:00+00:00, run_after=2026-07-14 03:00:00+00:00
[2026-07-14T19:26:06.732+0000] {processor.py:183} INFO - Processing /opt/airflow/dags/dag_etl_camara_diario.py took 0.080 seconds
[2026-07-14T19:26:36.857+0000] {processor.py:161} INFO - Started process (PID=229) to work on /opt/airflow/dags/dag_etl_camara_diario.py
[2026-07-14T19:26:36.858+0000] {processor.py:830} INFO - Processing file /opt/airflow/dags/dag_etl_camara_diario.py for tasks to queue
[2026-07-14T19:26:36.859+0000] {logging_mixin.py:188} INFO - [2026-07-14T19:26:36.859+0000] {dagbag.py:538} INFO - Filling up the DagBag from /opt/airflow/dags/dag_etl_camara_diario.py
[2026-07-14T19:26:36.868+0000] {processor.py:840} INFO - DAG(s) 'dag_etl_camara_diario' retrieved from /opt/airflow/dags/dag_etl_camara_diario.py
[2026-07-14T19:26:36.891+0000] {logging_mixin.py:188} INFO - [2026-07-14T19:26:36.891+0000] {dag.py:3036} INFO - Sync 1 DAGs
[2026-07-14T19:26:36.915+0000] {logging_mixin.py:188} INFO - [2026-07-14T19:26:36.915+0000] {dag.py:3823} INFO - Setting next_dagrun for dag_etl_camara_diario to 2026-07-13 03:00:00+00:00, run_after=2026-07-14 03:00:00+00:00
[2026-07-14T19:26:36.953+0000] {processor.py:183} INFO - Processing /opt/airflow/dags/dag_etl_camara_diario.py took 0.098 seconds
[2026-07-14T19:27:07.081+0000] {processor.py:161} INFO - Started process (PID=244) to work on /opt/airflow/dags/dag_etl_camara_diario.py
[2026-07-14T19:27:07.082+0000] {processor.py:830} INFO - Processing file /opt/airflow/dags/dag_etl_camara_diario.py for tasks to queue
[2026-07-14T19:27:07.082+0000] {logging_mixin.py:188} INFO - [2026-07-14T19:27:07.082+0000] {dagbag.py:538} INFO - Filling up the DagBag from /opt/airflow/dags/dag_etl_camara_diario.py
[2026-07-14T19:27:07.091+0000] {processor.py:840} INFO - DAG(s) 'dag_etl_camara_diario' retrieved from /opt/airflow/dags/dag_etl_camara_diario.py
[2026-07-14T19:27:07.114+0000] {logging_mixin.py:188} INFO - [2026-07-14T19:27:07.114+0000] {dag.py:3036} INFO - Sync 1 DAGs
[2026-07-14T19:27:07.137+0000] {logging_mixin.py:188} INFO - [2026-07-14T19:27:07.137+0000] {dag.py:3823} INFO - Setting next_dagrun for dag_etl_camara_diario to 2026-07-13 03:00:00+00:00, run_after=2026-07-14 03:00:00+00:00
[2026-07-14T19:27:07.171+0000] {processor.py:183} INFO - Processing /opt/airflow/dags/dag_etl_camara_diario.py took 0.093 seconds
[2026-07-14T19:27:37.303+0000] {processor.py:161} INFO - Started process (PID=259) to work on /opt/airflow/dags/dag_etl_camara_diario.py
[2026-07-14T19:27:37.304+0000] {processor.py:830} INFO - Processing file /opt/airflow/dags/dag_etl_camara_diario.py for tasks to queue
[2026-07-14T19:27:37.305+0000] {logging_mixin.py:188} INFO - [2026-07-14T19:27:37.305+0000] {dagbag.py:538} INFO - Filling up the DagBag from /opt/airflow/dags/dag_etl_camara_diario.py
[2026-07-14T19:27:37.315+0000] {processor.py:840} INFO - DAG(s) 'dag_etl_camara_diario' retrieved from /opt/airflow/dags/dag_etl_camara_diario.py
[2026-07-14T19:27:37.336+0000] {logging_mixin.py:188} INFO - [2026-07-14T19:27:37.336+0000] {dag.py:3036} INFO - Sync 1 DAGs
[2026-07-14T19:27:37.358+0000] {logging_mixin.py:188} INFO - [2026-07-14T19:27:37.358+0000] {dag.py:3823} INFO - Setting next_dagrun for dag_etl_camara_diario to 2026-07-13 03:00:00+00:00, run_after=2026-07-14 03:00:00+00:00
[2026-07-14T19:27:37.391+0000] {processor.py:183} INFO - Processing /opt/airflow/dags/dag_etl_camara_diario.py took 0.090 seconds
[2026-07-14T19:28:07.521+0000] {processor.py:161} INFO - Started process (PID=274) to work on /opt/airflow/dags/dag_etl_camara_diario.py
[2026-07-14T19:28:07.522+0000] {processor.py:830} INFO - Processing file /opt/airflow/dags/dag_etl_camara_diario.py for tasks to queue
[2026-07-14T19:28:07.522+0000] {logging_mixin.py:188} INFO - [2026-07-14T19:28:07.522+0000] {dagbag.py:538} INFO - Filling up the DagBag from /opt/airflow/dags/dag_etl_camara_diario.py
[2026-07-14T19:28:07.532+0000] {processor.py:840} INFO - DAG(s) 'dag_etl_camara_diario' retrieved from /opt/airflow/dags/dag_etl_camara_diario.py
[2026-07-14T19:28:07.553+0000] {logging_mixin.py:188} INFO - [2026-07-14T19:28:07.553+0000] {dag.py:3036} INFO - Sync 1 DAGs
[2026-07-14T19:28:07.578+0000] {logging_mixin.py:188} INFO - [2026-07-14T19:28:07.577+0000] {dag.py:3823} INFO - Setting next_dagrun for dag_etl_camara_diario to 2026-07-13 03:00:00+00:00, run_after=2026-07-14 03:00:00+00:00
[2026-07-14T19:28:07.610+0000] {processor.py:183} INFO - Processing /opt/airflow/dags/dag_etl_camara_diario.py took 0.092 seconds
[2026-07-14T19:28:37.743+0000] {processor.py:161} INFO - Started process (PID=289) to work on /opt/airflow/dags/dag_etl_camara_diario.py
[2026-07-14T19:28:37.744+0000] {processor.py:830} INFO - Processing file /opt/airflow/dags/dag_etl_camara_diario.py for tasks to queue
[2026-07-14T19:28:37.745+0000] {logging_mixin.py:188} INFO - [2026-07-14T19:28:37.745+0000] {dagbag.py:538} INFO - Filling up the DagBag from /opt/airflow/dags/dag_etl_camara_diario.py
[2026-07-14T19:28:37.755+0000] {processor.py:840} INFO - DAG(s) 'dag_etl_camara_diario' retrieved from /opt/airflow/dags/dag_etl_camara_diario.py
[2026-07-14T19:28:37.775+0000] {logging_mixin.py:188} INFO - [2026-07-14T19:28:37.775+0000] {dag.py:3036} INFO - Sync 1 DAGs
[2026-07-14T19:28:37.797+0000] {logging_mixin.py:188} INFO - [2026-07-14T19:28:37.796+0000] {dag.py:3823} INFO - Setting next_dagrun for dag_etl_camara_diario to 2026-07-13 03:00:00+00:00, run_after=2026-07-14 03:00:00+00:00
[2026-07-14T19:28:37.833+0000] {processor.py:183} INFO - Processing /opt/airflow/dags/dag_etl_camara_diario.py took 0.094 seconds
[2026-07-14T19:29:07.963+0000] {processor.py:161} INFO - Started process (PID=304) to work on /opt/airflow/dags/dag_etl_camara_diario.py
[2026-07-14T19:29:07.964+0000] {processor.py:830} INFO - Processing file /opt/airflow/dags/dag_etl_camara_diario.py for tasks to queue
[2026-07-14T19:29:07.965+0000] {logging_mixin.py:188} INFO - [2026-07-14T19:29:07.964+0000] {dagbag.py:538} INFO - Filling up the DagBag from /opt/airflow/dags/dag_etl_camara_diario.py
[2026-07-14T19:29:07.974+0000] {processor.py:840} INFO - DAG(s) 'dag_etl_camara_diario' retrieved from /opt/airflow/dags/dag_etl_camara_diario.py
[2026-07-14T19:29:07.995+0000] {logging_mixin.py:188} INFO - [2026-07-14T19:29:07.995+0000] {dag.py:3036} INFO - Sync 1 DAGs
[2026-07-14T19:29:08.018+0000] {logging_mixin.py:188} INFO - [2026-07-14T19:29:08.018+0000] {dag.py:3823} INFO - Setting next_dagrun for dag_etl_camara_diario to 2026-07-13 03:00:00+00:00, run_after=2026-07-14 03:00:00+00:00
[2026-07-14T19:29:08.057+0000] {processor.py:183} INFO - Processing /opt/airflow/dags/dag_etl_camara_diario.py took 0.097 seconds
[2026-07-14T19:29:38.197+0000] {processor.py:161} INFO - Started process (PID=319) to work on /opt/airflow/dags/dag_etl_camara_diario.py
[2026-07-14T19:29:38.198+0000] {processor.py:830} INFO - Processing file /opt/airflow/dags/dag_etl_camara_diario.py for tasks to queue
[2026-07-14T19:29:38.199+0000] {logging_mixin.py:188} INFO - [2026-07-14T19:29:38.198+0000] {dagbag.py:538} INFO - Filling up the DagBag from /opt/airflow/dags/dag_etl_camara_diario.py
[2026-07-14T19:29:38.209+0000] {processor.py:840} INFO - DAG(s) 'dag_etl_camara_diario' retrieved from /opt/airflow/dags/dag_etl_camara_diario.py
[2026-07-14T19:29:38.231+0000] {logging_mixin.py:188} INFO - [2026-07-14T19:29:38.230+0000] {dag.py:3036} INFO - Sync 1 DAGs
[2026-07-14T19:29:38.253+0000] {logging_mixin.py:188} INFO - [2026-07-14T19:29:38.253+0000] {dag.py:3823} INFO - Setting next_dagrun for dag_etl_camara_diario to 2026-07-13 03:00:00+00:00, run_after=2026-07-14 03:00:00+00:00
[2026-07-14T19:29:38.274+0000] {processor.py:183} INFO - Processing /opt/airflow/dags/dag_etl_camara_diario.py took 0.079 seconds
[2026-07-14T19:30:08.403+0000] {processor.py:161} INFO - Started process (PID=334) to work on /opt/airflow/dags/dag_etl_camara_diario.py
[2026-07-14T19:30:08.404+0000] {processor.py:830} INFO - Processing file /opt/airflow/dags/dag_etl_camara_diario.py for tasks to queue
[2026-07-14T19:30:08.405+0000] {logging_mixin.py:188} INFO - [2026-07-14T19:30:08.404+0000] {dagbag.py:538} INFO - Filling up the DagBag from /opt/airflow/dags/dag_etl_camara_diario.py
[2026-07-14T19:30:08.414+0000] {processor.py:840} INFO - DAG(s) 'dag_etl_camara_diario' retrieved from /opt/airflow/dags/dag_etl_camara_diario.py
[2026-07-14T19:30:08.436+0000] {logging_mixin.py:188} INFO - [2026-07-14T19:30:08.435+0000] {dag.py:3036} INFO - Sync 1 DAGs
[2026-07-14T19:30:08.457+0000] {logging_mixin.py:188} INFO - [2026-07-14T19:30:08.457+0000] {dag.py:3823} INFO - Setting next_dagrun for dag_etl_camara_diario to 2026-07-13 03:00:00+00:00, run_after=2026-07-14 03:00:00+00:00
[2026-07-14T19:30:08.472+0000] {processor.py:183} INFO - Processing /opt/airflow/dags/dag_etl_camara_diario.py took 0.072 seconds
[2026-07-14T19:30:38.600+0000] {processor.py:161} INFO - Started process (PID=349) to work on /opt/airflow/dags/dag_etl_camara_diario.py
[2026-07-14T19:30:38.601+0000] {processor.py:830} INFO - Processing file /opt/airflow/dags/dag_etl_camara_diario.py for tasks to queue
[2026-07-14T19:30:38.601+0000] {logging_mixin.py:188} INFO - [2026-07-14T19:30:38.601+0000] {dagbag.py:538} INFO - Filling up the DagBag from /opt/airflow/dags/dag_etl_camara_diario.py
[2026-07-14T19:30:38.610+0000] {processor.py:840} INFO - DAG(s) 'dag_etl_camara_diario' retrieved from /opt/airflow/dags/dag_etl_camara_diario.py
[2026-07-14T19:30:38.632+0000] {logging_mixin.py:188} INFO - [2026-07-14T19:30:38.631+0000] {dag.py:3036} INFO - Sync 1 DAGs
[2026-07-14T19:30:38.655+0000] {logging_mixin.py:188} INFO - [2026-07-14T19:30:38.655+0000] {dag.py:3823} INFO - Setting next_dagrun for dag_etl_camara_diario to 2026-07-13 03:00:00+00:00, run_after=2026-07-14 03:00:00+00:00
[2026-07-14T19:30:38.692+0000] {processor.py:183} INFO - Processing /opt/airflow/dags/dag_etl_camara_diario.py took 0.094 seconds
[2026-07-14T19:31:08.822+0000] {processor.py:161} INFO - Started process (PID=364) to work on /opt/airflow/dags/dag_etl_camara_diario.py
[2026-07-14T19:31:08.823+0000] {processor.py:830} INFO - Processing file /opt/airflow/dags/dag_etl_camara_diario.py for tasks to queue
[2026-07-14T19:31:08.823+0000] {logging_mixin.py:188} INFO - [2026-07-14T19:31:08.823+0000] {dagbag.py:538} INFO - Filling up the DagBag from /opt/airflow/dags/dag_etl_camara_diario.py
[2026-07-14T19:31:08.832+0000] {processor.py:840} INFO - DAG(s) 'dag_etl_camara_diario' retrieved from /opt/airflow/dags/dag_etl_camara_diario.py
[2026-07-14T19:31:08.856+0000] {logging_mixin.py:188} INFO - [2026-07-14T19:31:08.855+0000] {dag.py:3036} INFO - Sync 1 DAGs
[2026-07-14T19:31:08.879+0000] {logging_mixin.py:188} INFO - [2026-07-14T19:31:08.878+0000] {dag.py:3823} INFO - Setting next_dagrun for dag_etl_camara_diario to 2026-07-13 03:00:00+00:00, run_after=2026-07-14 03:00:00+00:00
[2026-07-14T19:31:08.915+0000] {processor.py:183} INFO - Processing /opt/airflow/dags/dag_etl_camara_diario.py took 0.096 seconds
[2026-07-14T19:31:39.047+0000] {processor.py:161} INFO - Started process (PID=379) to work on /opt/airflow/dags/dag_etl_camara_diario.py
[2026-07-14T19:31:39.047+0000] {processor.py:830} INFO - Processing file /opt/airflow/dags/dag_etl_camara_diario.py for tasks to queue
[2026-07-14T19:31:39.048+0000] {logging_mixin.py:188} INFO - [2026-07-14T19:31:39.048+0000] {dagbag.py:538} INFO - Filling up the DagBag from /opt/airflow/dags/dag_etl_camara_diario.py
[2026-07-14T19:31:39.057+0000] {processor.py:840} INFO - DAG(s) 'dag_etl_camara_diario' retrieved from /opt/airflow/dags/dag_etl_camara_diario.py
[2026-07-14T19:31:39.078+0000] {logging_mixin.py:188} INFO - [2026-07-14T19:31:39.078+0000] {dag.py:3036} INFO - Sync 1 DAGs
[2026-07-14T19:31:39.101+0000] {logging_mixin.py:188} INFO - [2026-07-14T19:31:39.101+0000] {dag.py:3823} INFO - Setting next_dagrun for dag_etl_camara_diario to 2026-07-13 03:00:00+00:00, run_after=2026-07-14 03:00:00+00:00
[2026-07-14T19:31:39.138+0000] {processor.py:183} INFO - Processing /opt/airflow/dags/dag_etl_camara_diario.py took 0.094 seconds
[2026-07-14T19:32:09.266+0000] {processor.py:161} INFO - Started process (PID=394) to work on /opt/airflow/dags/dag_etl_camara_diario.py
[2026-07-14T19:32:09.267+0000] {processor.py:830} INFO - Processing file /opt/airflow/dags/dag_etl_camara_diario.py for tasks to queue
[2026-07-14T19:32:09.268+0000] {logging_mixin.py:188} INFO - [2026-07-14T19:32:09.268+0000] {dagbag.py:538} INFO - Filling up the DagBag from /opt/airflow/dags/dag_etl_camara_diario.py
[2026-07-14T19:32:09.278+0000] {processor.py:840} INFO - DAG(s) 'dag_etl_camara_diario' retrieved from /opt/airflow/dags/dag_etl_camara_diario.py
[2026-07-14T19:32:09.299+0000] {logging_mixin.py:188} INFO - [2026-07-14T19:32:09.299+0000] {dag.py:3036} INFO - Sync 1 DAGs
[2026-07-14T19:32:09.322+0000] {logging_mixin.py:188} INFO - [2026-07-14T19:32:09.322+0000] {dag.py:3823} INFO - Setting next_dagrun for dag_etl_camara_diario to 2026-07-13 03:00:00+00:00, run_after=2026-07-14 03:00:00+00:00
[2026-07-14T19:32:09.362+0000] {processor.py:183} INFO - Processing /opt/airflow/dags/dag_etl_camara_diario.py took 0.098 seconds
[2026-07-14T19:32:39.493+0000] {processor.py:161} INFO - Started process (PID=409) to work on /opt/airflow/dags/dag_etl_camara_diario.py
[2026-07-14T19:32:39.494+0000] {processor.py:830} INFO - Processing file /opt/airflow/dags/dag_etl_camara_diario.py for tasks to queue
[2026-07-14T19:32:39.495+0000] {logging_mixin.py:188} INFO - [2026-07-14T19:32:39.494+0000] {dagbag.py:538} INFO - Filling up the DagBag from /opt/airflow/dags/dag_etl_camara_diario.py
[2026-07-14T19:32:39.505+0000] {processor.py:840} INFO - DAG(s) 'dag_etl_camara_diario' retrieved from /opt/airflow/dags/dag_etl_camara_diario.py
[2026-07-14T19:32:39.527+0000] {logging_mixin.py:188} INFO - [2026-07-14T19:32:39.526+0000] {dag.py:3036} INFO - Sync 1 DAGs
[2026-07-14T19:32:39.549+0000] {logging_mixin.py:188} INFO - [2026-07-14T19:32:39.548+0000] {dag.py:3823} INFO - Setting next_dagrun for dag_etl_camara_diario to 2026-07-13 03:00:00+00:00, run_after=2026-07-14 03:00:00+00:00
[2026-07-14T19:32:39.586+0000] {processor.py:183} INFO - Processing /opt/airflow/dags/dag_etl_camara_diario.py took 0.095 seconds
[2026-07-14T19:33:09.710+0000] {processor.py:161} INFO - Started process (PID=424) to work on /opt/airflow/dags/dag_etl_camara_diario.py
[2026-07-14T19:33:09.711+0000] {processor.py:830} INFO - Processing file /opt/airflow/dags/dag_etl_camara_diario.py for tasks to queue
[2026-07-14T19:33:09.711+0000] {logging_mixin.py:188} INFO - [2026-07-14T19:33:09.711+0000] {dagbag.py:538} INFO - Filling up the DagBag from /opt/airflow/dags/dag_etl_camara_diario.py
[2026-07-14T19:33:09.721+0000] {processor.py:840} INFO - DAG(s) 'dag_etl_camara_diario' retrieved from /opt/airflow/dags/dag_etl_camara_diario.py
[2026-07-14T19:33:09.742+0000] {logging_mixin.py:188} INFO - [2026-07-14T19:33:09.741+0000] {dag.py:3036} INFO - Sync 1 DAGs
[2026-07-14T19:33:09.764+0000] {logging_mixin.py:188} INFO - [2026-07-14T19:33:09.764+0000] {dag.py:3823} INFO - Setting next_dagrun for dag_etl_camara_diario to 2026-07-13 03:00:00+00:00, run_after=2026-07-14 03:00:00+00:00
[2026-07-14T19:33:09.802+0000] {processor.py:183} INFO - Processing /opt/airflow/dags/dag_etl_camara_diario.py took 0.095 seconds
[2026-07-14T19:33:39.928+0000] {processor.py:161} INFO - Started process (PID=439) to work on /opt/airflow/dags/dag_etl_camara_diario.py
[2026-07-14T19:33:39.929+0000] {processor.py:830} INFO - Processing file /opt/airflow/dags/dag_etl_camara_diario.py for tasks to queue
[2026-07-14T19:33:39.929+0000] {logging_mixin.py:188} INFO - [2026-07-14T19:33:39.929+0000] {dagbag.py:538} INFO - Filling up the DagBag from /opt/airflow/dags/dag_etl_camara_diario.py
[2026-07-14T19:33:39.938+0000] {processor.py:840} INFO - DAG(s) 'dag_etl_camara_diario' retrieved from /opt/airflow/dags/dag_etl_camara_diario.py
[2026-07-14T19:33:39.960+0000] {logging_mixin.py:188} INFO - [2026-07-14T19:33:39.960+0000] {dag.py:3036} INFO - Sync 1 DAGs
[2026-07-14T19:33:39.982+0000] {logging_mixin.py:188} INFO - [2026-07-14T19:33:39.982+0000] {dag.py:3823} INFO - Setting next_dagrun for dag_etl_camara_diario to 2026-07-13 03:00:00+00:00, run_after=2026-07-14 03:00:00+00:00
[2026-07-14T19:33:40.024+0000] {processor.py:183} INFO - Processing /opt/airflow/dags/dag_etl_camara_diario.py took 0.099 seconds
[2026-07-14T19:34:10.152+0000] {processor.py:161} INFO - Started process (PID=454) to work on /opt/airflow/dags/dag_etl_camara_diario.py
[2026-07-14T19:34:10.153+0000] {processor.py:830} INFO - Processing file /opt/airflow/dags/dag_etl_camara_diario.py for tasks to queue
[2026-07-14T19:34:10.153+0000] {logging_mixin.py:188} INFO - [2026-07-14T19:34:10.153+0000] {dagbag.py:538} INFO - Filling up the DagBag from /opt/airflow/dags/dag_etl_camara_diario.py
[2026-07-14T19:34:10.163+0000] {processor.py:840} INFO - DAG(s) 'dag_etl_camara_diario' retrieved from /opt/airflow/dags/dag_etl_camara_diario.py
[2026-07-14T19:34:10.185+0000] {logging_mixin.py:188} INFO - [2026-07-14T19:34:10.184+0000] {dag.py:3036} INFO - Sync 1 DAGs
[2026-07-14T19:34:10.207+0000] {logging_mixin.py:188} INFO - [2026-07-14T19:34:10.207+0000] {dag.py:3823} INFO - Setting next_dagrun for dag_etl_camara_diario to 2026-07-13 03:00:00+00:00, run_after=2026-07-14 03:00:00+00:00
[2026-07-14T19:34:10.246+0000] {processor.py:183} INFO - Processing /opt/airflow/dags/dag_etl_camara_diario.py took 0.096 seconds
[2026-07-14T19:34:40.385+0000] {processor.py:161} INFO - Started process (PID=469) to work on /opt/airflow/dags/dag_etl_camara_diario.py
[2026-07-14T19:34:40.386+0000] {processor.py:830} INFO - Processing file /opt/airflow/dags/dag_etl_camara_diario.py for tasks to queue
[2026-07-14T19:34:40.386+0000] {logging_mixin.py:188} INFO - [2026-07-14T19:34:40.386+0000] {dagbag.py:538} INFO - Filling up the DagBag from /opt/airflow/dags/dag_etl_camara_diario.py
[2026-07-14T19:34:40.396+0000] {processor.py:840} INFO - DAG(s) 'dag_etl_camara_diario' retrieved from /opt/airflow/dags/dag_etl_camara_diario.py
[2026-07-14T19:34:40.417+0000] {logging_mixin.py:188} INFO - [2026-07-14T19:34:40.417+0000] {dag.py:3036} INFO - Sync 1 DAGs
[2026-07-14T19:34:40.440+0000] {logging_mixin.py:188} INFO - [2026-07-14T19:34:40.440+0000] {dag.py:3823} INFO - Setting next_dagrun for dag_etl_camara_diario to 2026-07-13 03:00:00+00:00, run_after=2026-07-14 03:00:00+00:00
[2026-07-14T19:34:40.483+0000] {processor.py:183} INFO - Processing /opt/airflow/dags/dag_etl_camara_diario.py took 0.100 seconds
[2026-07-14T19:35:10.613+0000] {processor.py:161} INFO - Started process (PID=484) to work on /opt/airflow/dags/dag_etl_camara_diario.py
[2026-07-14T19:35:10.614+0000] {processor.py:830} INFO - Processing file /opt/airflow/dags/dag_etl_camara_diario.py for tasks to queue
[2026-07-14T19:35:10.615+0000] {logging_mixin.py:188} INFO - [2026-07-14T19:35:10.615+0000] {dagbag.py:538} INFO - Filling up the DagBag from /opt/airflow/dags/dag_etl_camara_diario.py
[2026-07-14T19:35:10.626+0000] {processor.py:840} INFO - DAG(s) 'dag_etl_camara_diario' retrieved from /opt/airflow/dags/dag_etl_camara_diario.py
[2026-07-14T19:35:10.648+0000] {logging_mixin.py:188} INFO - [2026-07-14T19:35:10.648+0000] {dag.py:3036} INFO - Sync 1 DAGs
[2026-07-14T19:35:10.672+0000] {logging_mixin.py:188} INFO - [2026-07-14T19:35:10.672+0000] {dag.py:3823} INFO - Setting next_dagrun for dag_etl_camara_diario to 2026-07-13 03:00:00+00:00, run_after=2026-07-14 03:00:00+00:00
[2026-07-14T19:35:10.710+0000] {processor.py:183} INFO - Processing /opt/airflow/dags/dag_etl_camara_diario.py took 0.100 seconds
[2026-07-14T19:35:40.842+0000] {processor.py:161} INFO - Started process (PID=499) to work on /opt/airflow/dags/dag_etl_camara_diario.py
[2026-07-14T19:35:40.843+0000] {processor.py:830} INFO - Processing file /opt/airflow/dags/dag_etl_camara_diario.py for tasks to queue
[2026-07-14T19:35:40.844+0000] {logging_mixin.py:188} INFO - [2026-07-14T19:35:40.844+0000] {dagbag.py:538} INFO - Filling up the DagBag from /opt/airflow/dags/dag_etl_camara_diario.py
[2026-07-14T19:35:40.853+0000] {processor.py:840} INFO - DAG(s) 'dag_etl_camara_diario' retrieved from /opt/airflow/dags/dag_etl_camara_diario.py
[2026-07-14T19:35:40.877+0000] {logging_mixin.py:188} INFO - [2026-07-14T19:35:40.876+0000] {dag.py:3036} INFO - Sync 1 DAGs
[2026-07-14T19:35:40.898+0000] {logging_mixin.py:188} INFO - [2026-07-14T19:35:40.898+0000] {dag.py:3823} INFO - Setting next_dagrun for dag_etl_camara_diario to 2026-07-13 03:00:00+00:00, run_after=2026-07-14 03:00:00+00:00
[2026-07-14T19:35:40.938+0000] {processor.py:183} INFO - Processing /opt/airflow/dags/dag_etl_camara_diario.py took 0.099 seconds
[2026-07-14T19:36:11.069+0000] {processor.py:161} INFO - Started process (PID=514) to work on /opt/airflow/dags/dag_etl_camara_diario.py
[2026-07-14T19:36:11.070+0000] {processor.py:830} INFO - Processing file /opt/airflow/dags/dag_etl_camara_diario.py for tasks to queue
[2026-07-14T19:36:11.071+0000] {logging_mixin.py:188} INFO - [2026-07-14T19:36:11.071+0000] {dagbag.py:538} INFO - Filling up the DagBag from /opt/airflow/dags/dag_etl_camara_diario.py
[2026-07-14T19:36:11.080+0000] {processor.py:840} INFO - DAG(s) 'dag_etl_camara_diario' retrieved from /opt/airflow/dags/dag_etl_camara_diario.py
[2026-07-14T19:36:11.102+0000] {logging_mixin.py:188} INFO - [2026-07-14T19:36:11.102+0000] {dag.py:3036} INFO - Sync 1 DAGs
[2026-07-14T19:36:11.124+0000] {logging_mixin.py:188} INFO - [2026-07-14T19:36:11.123+0000] {dag.py:3823} INFO - Setting next_dagrun for dag_etl_camara_diario to 2026-07-13 03:00:00+00:00, run_after=2026-07-14 03:00:00+00:00
[2026-07-14T19:36:11.167+0000] {processor.py:183} INFO - Processing /opt/airflow/dags/dag_etl_camara_diario.py took 0.101 seconds
[2026-07-14T19:36:41.295+0000] {processor.py:161} INFO - Started process (PID=529) to work on /opt/airflow/dags/dag_etl_camara_diario.py
[2026-07-14T19:36:41.296+0000] {processor.py:830} INFO - Processing file /opt/airflow/dags/dag_etl_camara_diario.py for tasks to queue
[2026-07-14T19:36:41.297+0000] {logging_mixin.py:188} INFO - [2026-07-14T19:36:41.296+0000] {dagbag.py:538} INFO - Filling up the DagBag from /opt/airflow/dags/dag_etl_camara_diario.py
[2026-07-14T19:36:41.307+0000] {processor.py:840} INFO - DAG(s) 'dag_etl_camara_diario' retrieved from /opt/airflow/dags/dag_etl_camara_diario.py
[2026-07-14T19:36:41.329+0000] {logging_mixin.py:188} INFO - [2026-07-14T19:36:41.329+0000] {dag.py:3036} INFO - Sync 1 DAGs
[2026-07-14T19:36:41.352+0000] {logging_mixin.py:188} INFO - [2026-07-14T19:36:41.352+0000] {dag.py:3823} INFO - Setting next_dagrun for dag_etl_camara_diario to 2026-07-13 03:00:00+00:00, run_after=2026-07-14 03:00:00+00:00
[2026-07-14T19:36:41.395+0000] {processor.py:183} INFO - Processing /opt/airflow/dags/dag_etl_camara_diario.py took 0.102 seconds
[2026-07-14T19:37:11.524+0000] {processor.py:161} INFO - Started process (PID=544) to work on /opt/airflow/dags/dag_etl_camara_diario.py
[2026-07-14T19:37:11.525+0000] {processor.py:830} INFO - Processing file /opt/airflow/dags/dag_etl_camara_diario.py for tasks to queue
[2026-07-14T19:37:11.525+0000] {logging_mixin.py:188} INFO - [2026-07-14T19:37:11.525+0000] {dagbag.py:538} INFO - Filling up the DagBag from /opt/airflow/dags/dag_etl_camara_diario.py
[2026-07-14T19:37:11.535+0000] {processor.py:840} INFO - DAG(s) 'dag_etl_camara_diario' retrieved from /opt/airflow/dags/dag_etl_camara_diario.py
[2026-07-14T19:37:11.557+0000] {logging_mixin.py:188} INFO - [2026-07-14T19:37:11.557+0000] {dag.py:3036} INFO - Sync 1 DAGs
[2026-07-14T19:37:11.581+0000] {logging_mixin.py:188} INFO - [2026-07-14T19:37:11.581+0000] {dag.py:3823} INFO - Setting next_dagrun for dag_etl_camara_diario to 2026-07-13 03:00:00+00:00, run_after=2026-07-14 03:00:00+00:00
[2026-07-14T19:37:11.623+0000] {processor.py:183} INFO - Processing /opt/airflow/dags/dag_etl_camara_diario.py took 0.101 seconds
[2026-07-14T19:37:41.756+0000] {processor.py:161} INFO - Started process (PID=559) to work on /opt/airflow/dags/dag_etl_camara_diario.py
[2026-07-14T19:37:41.756+0000] {processor.py:830} INFO - Processing file /opt/airflow/dags/dag_etl_camara_diario.py for tasks to queue
[2026-07-14T19:37:41.757+0000] {logging_mixin.py:188} INFO - [2026-07-14T19:37:41.757+0000] {dagbag.py:538} INFO - Filling up the DagBag from /opt/airflow/dags/dag_etl_camara_diario.py
[2026-07-14T19:37:41.767+0000] {processor.py:840} INFO - DAG(s) 'dag_etl_camara_diario' retrieved from /opt/airflow/dags/dag_etl_camara_diario.py
[2026-07-14T19:37:41.791+0000] {logging_mixin.py:188} INFO - [2026-07-14T19:37:41.791+0000] {dag.py:3036} INFO - Sync 1 DAGs
[2026-07-14T19:37:41.815+0000] {logging_mixin.py:188} INFO - [2026-07-14T19:37:41.815+0000] {dag.py:3823} INFO - Setting next_dagrun for dag_etl_camara_diario to 2026-07-13 03:00:00+00:00, run_after=2026-07-14 03:00:00+00:00
[2026-07-14T19:37:41.831+0000] {processor.py:183} INFO - Processing /opt/airflow/dags/dag_etl_camara_diario.py took 0.078 seconds
[2026-07-14T19:38:11.954+0000] {processor.py:161} INFO - Started process (PID=574) to work on /opt/airflow/dags/dag_etl_camara_diario.py
[2026-07-14T19:38:11.955+0000] {processor.py:830} INFO - Processing file /opt/airflow/dags/dag_etl_camara_diario.py for tasks to queue
[2026-07-14T19:38:11.956+0000] {logging_mixin.py:188} INFO - [2026-07-14T19:38:11.955+0000] {dagbag.py:538} INFO - Filling up the DagBag from /opt/airflow/dags/dag_etl_camara_diario.py
[2026-07-14T19:38:11.966+0000] {processor.py:840} INFO - DAG(s) 'dag_etl_camara_diario' retrieved from /opt/airflow/dags/dag_etl_camara_diario.py
[2026-07-14T19:38:11.987+0000] {logging_mixin.py:188} INFO - [2026-07-14T19:38:11.987+0000] {dag.py:3036} INFO - Sync 1 DAGs
[2026-07-14T19:38:12.009+0000] {logging_mixin.py:188} INFO - [2026-07-14T19:38:12.008+0000] {dag.py:3823} INFO - Setting next_dagrun for dag_etl_camara_diario to 2026-07-13 03:00:00+00:00, run_after=2026-07-14 03:00:00+00:00
[2026-07-14T19:38:12.050+0000] {processor.py:183} INFO - Processing /opt/airflow/dags/dag_etl_camara_diario.py took 0.099 seconds
[2026-07-14T19:38:42.180+0000] {processor.py:161} INFO - Started process (PID=589) to work on /opt/airflow/dags/dag_etl_camara_diario.py
[2026-07-14T19:38:42.180+0000] {processor.py:830} INFO - Processing file /opt/airflow/dags/dag_etl_camara_diario.py for tasks to queue
[2026-07-14T19:38:42.181+0000] {logging_mixin.py:188} INFO - [2026-07-14T19:38:42.181+0000] {dagbag.py:538} INFO - Filling up the DagBag from /opt/airflow/dags/dag_etl_camara_diario.py
[2026-07-14T19:38:42.191+0000] {processor.py:840} INFO - DAG(s) 'dag_etl_camara_diario' retrieved from /opt/airflow/dags/dag_etl_camara_diario.py
[2026-07-14T19:38:42.212+0000] {logging_mixin.py:188} INFO - [2026-07-14T19:38:42.212+0000] {dag.py:3036} INFO - Sync 1 DAGs
[2026-07-14T19:38:42.234+0000] {logging_mixin.py:188} INFO - [2026-07-14T19:38:42.234+0000] {dag.py:3823} INFO - Setting next_dagrun for dag_etl_camara_diario to 2026-07-13 03:00:00+00:00, run_after=2026-07-14 03:00:00+00:00
[2026-07-14T19:38:42.275+0000] {processor.py:183} INFO - Processing /opt/airflow/dags/dag_etl_camara_diario.py took 0.098 seconds
[2026-07-14T19:39:12.407+0000] {processor.py:161} INFO - Started process (PID=604) to work on /opt/airflow/dags/dag_etl_camara_diario.py
[2026-07-14T19:39:12.408+0000] {processor.py:830} INFO - Processing file /opt/airflow/dags/dag_etl_camara_diario.py for tasks to queue
[2026-07-14T19:39:12.409+0000] {logging_mixin.py:188} INFO - [2026-07-14T19:39:12.408+0000] {dagbag.py:538} INFO - Filling up the DagBag from /opt/airflow/dags/dag_etl_camara_diario.py
[2026-07-14T19:39:12.418+0000] {processor.py:840} INFO - DAG(s) 'dag_etl_camara_diario' retrieved from /opt/airflow/dags/dag_etl_camara_diario.py
[2026-07-14T19:39:12.440+0000] {logging_mixin.py:188} INFO - [2026-07-14T19:39:12.440+0000] {dag.py:3036} INFO - Sync 1 DAGs
[2026-07-14T19:39:12.463+0000] {logging_mixin.py:188} INFO - [2026-07-14T19:39:12.463+0000] {dag.py:3823} INFO - Setting next_dagrun for dag_etl_camara_diario to 2026-07-13 03:00:00+00:00, run_after=2026-07-14 03:00:00+00:00
[2026-07-14T19:39:12.503+0000] {processor.py:183} INFO - Processing /opt/airflow/dags/dag_etl_camara_diario.py took 0.099 seconds
[2026-07-14T19:39:42.642+0000] {processor.py:161} INFO - Started process (PID=619) to work on /opt/airflow/dags/dag_etl_camara_diario.py
[2026-07-14T19:39:42.642+0000] {processor.py:830} INFO - Processing file /opt/airflow/dags/dag_etl_camara_diario.py for tasks to queue
[2026-07-14T19:39:42.643+0000] {logging_mixin.py:188} INFO - [2026-07-14T19:39:42.643+0000] {dagbag.py:538} INFO - Filling up the DagBag from /opt/airflow/dags/dag_etl_camara_diario.py
[2026-07-14T19:39:42.653+0000] {processor.py:840} INFO - DAG(s) 'dag_etl_camara_diario' retrieved from /opt/airflow/dags/dag_etl_camara_diario.py
[2026-07-14T19:39:42.675+0000] {logging_mixin.py:188} INFO - [2026-07-14T19:39:42.674+0000] {dag.py:3036} INFO - Sync 1 DAGs
[2026-07-14T19:39:42.697+0000] {logging_mixin.py:188} INFO - [2026-07-14T19:39:42.697+0000] {dag.py:3823} INFO - Setting next_dagrun for dag_etl_camara_diario to 2026-07-13 03:00:00+00:00, run_after=2026-07-14 03:00:00+00:00
[2026-07-14T19:39:42.739+0000] {processor.py:183} INFO - Processing /opt/airflow/dags/dag_etl_camara_diario.py took 0.100 seconds
[2026-07-14T19:40:12.869+0000] {processor.py:161} INFO - Started process (PID=634) to work on /opt/airflow/dags/dag_etl_camara_diario.py
[2026-07-14T19:40:12.870+0000] {processor.py:830} INFO - Processing file /opt/airflow/dags/dag_etl_camara_diario.py for tasks to queue
[2026-07-14T19:40:12.871+0000] {logging_mixin.py:188} INFO - [2026-07-14T19:40:12.871+0000] {dagbag.py:538} INFO - Filling up the DagBag from /opt/airflow/dags/dag_etl_camara_diario.py
[2026-07-14T19:40:12.881+0000] {processor.py:840} INFO - DAG(s) 'dag_etl_camara_diario' retrieved from /opt/airflow/dags/dag_etl_camara_diario.py
[2026-07-14T19:40:12.903+0000] {logging_mixin.py:188} INFO - [2026-07-14T19:40:12.903+0000] {dag.py:3036} INFO - Sync 1 DAGs
[2026-07-14T19:40:12.925+0000] {logging_mixin.py:188} INFO - [2026-07-14T19:40:12.925+0000] {dag.py:3823} INFO - Setting next_dagrun for dag_etl_camara_diario to 2026-07-13 03:00:00+00:00, run_after=2026-07-14 03:00:00+00:00
[2026-07-14T19:40:12.941+0000] {processor.py:183} INFO - Processing /opt/airflow/dags/dag_etl_camara_diario.py took 0.074 seconds
[2026-07-14T19:40:43.068+0000] {processor.py:161} INFO - Started process (PID=649) to work on /opt/airflow/dags/dag_etl_camara_diario.py
[2026-07-14T19:40:43.068+0000] {processor.py:830} INFO - Processing file /opt/airflow/dags/dag_etl_camara_diario.py for tasks to queue
[2026-07-14T19:40:43.069+0000] {logging_mixin.py:188} INFO - [2026-07-14T19:40:43.069+0000] {dagbag.py:538} INFO - Filling up the DagBag from /opt/airflow/dags/dag_etl_camara_diario.py
[2026-07-14T19:40:43.080+0000] {processor.py:840} INFO - DAG(s) 'dag_etl_camara_diario' retrieved from /opt/airflow/dags/dag_etl_camara_diario.py
[2026-07-14T19:40:43.102+0000] {logging_mixin.py:188} INFO - [2026-07-14T19:40:43.102+0000] {dag.py:3036} INFO - Sync 1 DAGs
[2026-07-14T19:40:43.126+0000] {logging_mixin.py:188} INFO - [2026-07-14T19:40:43.126+0000] {dag.py:3823} INFO - Setting next_dagrun for dag_etl_camara_diario to 2026-07-13 03:00:00+00:00, run_after=2026-07-14 03:00:00+00:00
[2026-07-14T19:40:43.166+0000] {processor.py:183} INFO - Processing /opt/airflow/dags/dag_etl_camara_diario.py took 0.101 seconds
[2026-07-14T19:41:13.294+0000] {processor.py:161} INFO - Started process (PID=664) to work on /opt/airflow/dags/dag_etl_camara_diario.py
[2026-07-14T19:41:13.295+0000] {processor.py:830} INFO - Processing file /opt/airflow/dags/dag_etl_camara_diario.py for tasks to queue
[2026-07-14T19:41:13.296+0000] {logging_mixin.py:188} INFO - [2026-07-14T19:41:13.296+0000] {dagbag.py:538} INFO - Filling up the DagBag from /opt/airflow/dags/dag_etl_camara_diario.py
[2026-07-14T19:41:13.306+0000] {processor.py:840} INFO - DAG(s) 'dag_etl_camara_diario' retrieved from /opt/airflow/dags/dag_etl_camara_diario.py
[2026-07-14T19:41:13.328+0000] {logging_mixin.py:188} INFO - [2026-07-14T19:41:13.328+0000] {dag.py:3036} INFO - Sync 1 DAGs
[2026-07-14T19:41:13.350+0000] {logging_mixin.py:188} INFO - [2026-07-14T19:41:13.349+0000] {dag.py:3823} INFO - Setting next_dagrun for dag_etl_camara_diario to 2026-07-13 03:00:00+00:00, run_after=2026-07-14 03:00:00+00:00
[2026-07-14T19:41:13.393+0000] {processor.py:183} INFO - Processing /opt/airflow/dags/dag_etl_camara_diario.py took 0.101 seconds
[2026-07-14T19:41:43.526+0000] {processor.py:161} INFO - Started process (PID=679) to work on /opt/airflow/dags/dag_etl_camara_diario.py
[2026-07-14T19:41:43.527+0000] {processor.py:830} INFO - Processing file /opt/airflow/dags/dag_etl_camara_diario.py for tasks to queue
[2026-07-14T19:41:43.528+0000] {logging_mixin.py:188} INFO - [2026-07-14T19:41:43.527+0000] {dagbag.py:538} INFO - Filling up the DagBag from /opt/airflow/dags/dag_etl_camara_diario.py
[2026-07-14T19:41:43.538+0000] {processor.py:840} INFO - DAG(s) 'dag_etl_camara_diario' retrieved from /opt/airflow/dags/dag_etl_camara_diario.py
[2026-07-14T19:41:43.560+0000] {logging_mixin.py:188} INFO - [2026-07-14T19:41:43.560+0000] {dag.py:3036} INFO - Sync 1 DAGs
[2026-07-14T19:41:43.584+0000] {logging_mixin.py:188} INFO - [2026-07-14T19:41:43.584+0000] {dag.py:3823} INFO - Setting next_dagrun for dag_etl_camara_diario to 2026-07-13 03:00:00+00:00, run_after=2026-07-14 03:00:00+00:00
[2026-07-14T19:41:43.625+0000] {processor.py:183} INFO - Processing /opt/airflow/dags/dag_etl_camara_diario.py took 0.101 seconds
[2026-07-14T19:42:13.753+0000] {processor.py:161} INFO - Started process (PID=694) to work on /opt/airflow/dags/dag_etl_camara_diario.py
[2026-07-14T19:42:13.754+0000] {processor.py:830} INFO - Processing file /opt/airflow/dags/dag_etl_camara_diario.py for tasks to queue
[2026-07-14T19:42:13.754+0000] {logging_mixin.py:188} INFO - [2026-07-14T19:42:13.754+0000] {dagbag.py:538} INFO - Filling up the DagBag from /opt/airflow/dags/dag_etl_camara_diario.py
[2026-07-14T19:42:13.763+0000] {processor.py:840} INFO - DAG(s) 'dag_etl_camara_diario' retrieved from /opt/airflow/dags/dag_etl_camara_diario.py
[2026-07-14T19:42:13.785+0000] {logging_mixin.py:188} INFO - [2026-07-14T19:42:13.785+0000] {dag.py:3036} INFO - Sync 1 DAGs
[2026-07-14T19:42:13.806+0000] {logging_mixin.py:188} INFO - [2026-07-14T19:42:13.806+0000] {dag.py:3823} INFO - Setting next_dagrun for dag_etl_camara_diario to 2026-07-13 03:00:00+00:00, run_after=2026-07-14 03:00:00+00:00
[2026-07-14T19:42:13.850+0000] {processor.py:183} INFO - Processing /opt/airflow/dags/dag_etl_camara_diario.py took 0.100 seconds
[2026-07-14T19:42:43.983+0000] {processor.py:161} INFO - Started process (PID=709) to work on /opt/airflow/dags/dag_etl_camara_diario.py
[2026-07-14T19:42:43.984+0000] {processor.py:830} INFO - Processing file /opt/airflow/dags/dag_etl_camara_diario.py for tasks to queue
[2026-07-14T19:42:43.985+0000] {logging_mixin.py:188} INFO - [2026-07-14T19:42:43.985+0000] {dagbag.py:538} INFO - Filling up the DagBag from /opt/airflow/dags/dag_etl_camara_diario.py
[2026-07-14T19:42:43.995+0000] {processor.py:840} INFO - DAG(s) 'dag_etl_camara_diario' retrieved from /opt/airflow/dags/dag_etl_camara_diario.py
[2026-07-14T19:42:44.017+0000] {logging_mixin.py:188} INFO - [2026-07-14T19:42:44.016+0000] {dag.py:3036} INFO - Sync 1 DAGs
[2026-07-14T19:42:44.038+0000] {logging_mixin.py:188} INFO - [2026-07-14T19:42:44.038+0000] {dag.py:3823} INFO - Setting next_dagrun for dag_etl_camara_diario to 2026-07-13 03:00:00+00:00, run_after=2026-07-14 03:00:00+00:00
[2026-07-14T19:42:44.081+0000] {processor.py:183} INFO - Processing /opt/airflow/dags/dag_etl_camara_diario.py took 0.101 seconds
[2026-07-14T19:43:14.210+0000] {processor.py:161} INFO - Started process (PID=724) to work on /opt/airflow/dags/dag_etl_camara_diario.py
[2026-07-14T19:43:14.211+0000] {processor.py:830} INFO - Processing file /opt/airflow/dags/dag_etl_camara_diario.py for tasks to queue
[2026-07-14T19:43:14.212+0000] {logging_mixin.py:188} INFO - [2026-07-14T19:43:14.212+0000] {dagbag.py:538} INFO - Filling up the DagBag from /opt/airflow/dags/dag_etl_camara_diario.py
[2026-07-14T19:43:14.221+0000] {processor.py:840} INFO - DAG(s) 'dag_etl_camara_diario' retrieved from /opt/airflow/dags/dag_etl_camara_diario.py
[2026-07-14T19:43:14.242+0000] {logging_mixin.py:188} INFO - [2026-07-14T19:43:14.242+0000] {dag.py:3036} INFO - Sync 1 DAGs
[2026-07-14T19:43:14.264+0000] {logging_mixin.py:188} INFO - [2026-07-14T19:43:14.264+0000] {dag.py:3823} INFO - Setting next_dagrun for dag_etl_camara_diario to 2026-07-13 03:00:00+00:00, run_after=2026-07-14 03:00:00+00:00
[2026-07-14T19:43:14.308+0000] {processor.py:183} INFO - Processing /opt/airflow/dags/dag_etl_camara_diario.py took 0.101 seconds
[2026-07-14T19:43:44.439+0000] {processor.py:161} INFO - Started process (PID=739) to work on /opt/airflow/dags/dag_etl_camara_diario.py
[2026-07-14T19:43:44.440+0000] {processor.py:830} INFO - Processing file /opt/airflow/dags/dag_etl_camara_diario.py for tasks to queue
[2026-07-14T19:43:44.440+0000] {logging_mixin.py:188} INFO - [2026-07-14T19:43:44.440+0000] {dagbag.py:538} INFO - Filling up the DagBag from /opt/airflow/dags/dag_etl_camara_diario.py
[2026-07-14T19:43:44.450+0000] {processor.py:840} INFO - DAG(s) 'dag_etl_camara_diario' retrieved from /opt/airflow/dags/dag_etl_camara_diario.py
[2026-07-14T19:43:44.471+0000] {logging_mixin.py:188} INFO - [2026-07-14T19:43:44.471+0000] {dag.py:3036} INFO - Sync 1 DAGs
[2026-07-14T19:43:44.493+0000] {logging_mixin.py:188} INFO - [2026-07-14T19:43:44.493+0000] {dag.py:3823} INFO - Setting next_dagrun for dag_etl_camara_diario to 2026-07-13 03:00:00+00:00, run_after=2026-07-14 03:00:00+00:00
[2026-07-14T19:43:44.536+0000] {processor.py:183} INFO - Processing /opt/airflow/dags/dag_etl_camara_diario.py took 0.099 seconds
[2026-07-14T19:44:14.667+0000] {processor.py:161} INFO - Started process (PID=754) to work on /opt/airflow/dags/dag_etl_camara_diario.py
[2026-07-14T19:44:14.668+0000] {processor.py:830} INFO - Processing file /opt/airflow/dags/dag_etl_camara_diario.py for tasks to queue
[2026-07-14T19:44:14.669+0000] {logging_mixin.py:188} INFO - [2026-07-14T19:44:14.669+0000] {dagbag.py:538} INFO - Filling up the DagBag from /opt/airflow/dags/dag_etl_camara_diario.py
[2026-07-14T19:44:14.679+0000] {processor.py:840} INFO - DAG(s) 'dag_etl_camara_diario' retrieved from /opt/airflow/dags/dag_etl_camara_diario.py
[2026-07-14T19:44:14.702+0000] {logging_mixin.py:188} INFO - [2026-07-14T19:44:14.702+0000] {dag.py:3036} INFO - Sync 1 DAGs
[2026-07-14T19:44:14.724+0000] {logging_mixin.py:188} INFO - [2026-07-14T19:44:14.724+0000] {dag.py:3823} INFO - Setting next_dagrun for dag_etl_camara_diario to 2026-07-13 03:00:00+00:00, run_after=2026-07-14 03:00:00+00:00
[2026-07-14T19:44:14.766+0000] {processor.py:183} INFO - Processing /opt/airflow/dags/dag_etl_camara_diario.py took 0.102 seconds
[2026-07-14T19:44:44.907+0000] {processor.py:161} INFO - Started process (PID=769) to work on /opt/airflow/dags/dag_etl_camara_diario.py
[2026-07-14T19:44:44.907+0000] {processor.py:830} INFO - Processing file /opt/airflow/dags/dag_etl_camara_diario.py for tasks to queue
[2026-07-14T19:44:44.908+0000] {logging_mixin.py:188} INFO - [2026-07-14T19:44:44.908+0000] {dagbag.py:538} INFO - Filling up the DagBag from /opt/airflow/dags/dag_etl_camara_diario.py
[2026-07-14T19:44:44.917+0000] {processor.py:840} INFO - DAG(s) 'dag_etl_camara_diario' retrieved from /opt/airflow/dags/dag_etl_camara_diario.py
[2026-07-14T19:44:44.938+0000] {logging_mixin.py:188} INFO - [2026-07-14T19:44:44.938+0000] {dag.py:3036} INFO - Sync 1 DAGs
[2026-07-14T19:44:44.960+0000] {logging_mixin.py:188} INFO - [2026-07-14T19:44:44.960+0000] {dag.py:3823} INFO - Setting next_dagrun for dag_etl_camara_diario to 2026-07-13 03:00:00+00:00, run_after=2026-07-14 03:00:00+00:00
[2026-07-14T19:44:45.008+0000] {processor.py:183} INFO - Processing /opt/airflow/dags/dag_etl_camara_diario.py took 0.104 seconds
[2026-07-14T19:45:15.138+0000] {processor.py:161} INFO - Started process (PID=784) to work on /opt/airflow/dags/dag_etl_camara_diario.py
[2026-07-14T19:45:15.139+0000] {processor.py:830} INFO - Processing file /opt/airflow/dags/dag_etl_camara_diario.py for tasks to queue
[2026-07-14T19:45:15.140+0000] {logging_mixin.py:188} INFO - [2026-07-14T19:45:15.140+0000] {dagbag.py:538} INFO - Filling up the DagBag from /opt/airflow/dags/dag_etl_camara_diario.py
[2026-07-14T19:45:15.150+0000] {processor.py:840} INFO - DAG(s) 'dag_etl_camara_diario' retrieved from /opt/airflow/dags/dag_etl_camara_diario.py
[2026-07-14T19:45:15.172+0000] {logging_mixin.py:188} INFO - [2026-07-14T19:45:15.172+0000] {dag.py:3036} INFO - Sync 1 DAGs
[2026-07-14T19:45:15.194+0000] {logging_mixin.py:188} INFO - [2026-07-14T19:45:15.194+0000] {dag.py:3823} INFO - Setting next_dagrun for dag_etl_camara_diario to 2026-07-13 03:00:00+00:00, run_after=2026-07-14 03:00:00+00:00
[2026-07-14T19:45:15.241+0000] {processor.py:183} INFO - Processing /opt/airflow/dags/dag_etl_camara_diario.py took 0.105 seconds
[2026-07-14T19:45:45.370+0000] {processor.py:161} INFO - Started process (PID=799) to work on /opt/airflow/dags/dag_etl_camara_diario.py
[2026-07-14T19:45:45.371+0000] {processor.py:830} INFO - Processing file /opt/airflow/dags/dag_etl_camara_diario.py for tasks to queue
[2026-07-14T19:45:45.371+0000] {logging_mixin.py:188} INFO - [2026-07-14T19:45:45.371+0000] {dagbag.py:538} INFO - Filling up the DagBag from /opt/airflow/dags/dag_etl_camara_diario.py
[2026-07-14T19:45:45.380+0000] {processor.py:840} INFO - DAG(s) 'dag_etl_camara_diario' retrieved from /opt/airflow/dags/dag_etl_camara_diario.py
[2026-07-14T19:45:45.402+0000] {logging_mixin.py:188} INFO - [2026-07-14T19:45:45.402+0000] {dag.py:3036} INFO - Sync 1 DAGs
[2026-07-14T19:45:45.425+0000] {logging_mixin.py:188} INFO - [2026-07-14T19:45:45.425+0000] {dag.py:3823} INFO - Setting next_dagrun for dag_etl_camara_diario to 2026-07-13 03:00:00+00:00, run_after=2026-07-14 03:00:00+00:00
[2026-07-14T19:45:45.470+0000] {processor.py:183} INFO - Processing /opt/airflow/dags/dag_etl_camara_diario.py took 0.103 seconds
[2026-07-14T19:46:15.600+0000] {processor.py:161} INFO - Started process (PID=814) to work on /opt/airflow/dags/dag_etl_camara_diario.py
[2026-07-14T19:46:15.601+0000] {processor.py:830} INFO - Processing file /opt/airflow/dags/dag_etl_camara_diario.py for tasks to queue
[2026-07-14T19:46:15.602+0000] {logging_mixin.py:188} INFO - [2026-07-14T19:46:15.601+0000] {dagbag.py:538} INFO - Filling up the DagBag from /opt/airflow/dags/dag_etl_camara_diario.py
[2026-07-14T19:46:15.611+0000] {processor.py:840} INFO - DAG(s) 'dag_etl_camara_diario' retrieved from /opt/airflow/dags/dag_etl_camara_diario.py
[2026-07-14T19:46:15.632+0000] {logging_mixin.py:188} INFO - [2026-07-14T19:46:15.632+0000] {dag.py:3036} INFO - Sync 1 DAGs
[2026-07-14T19:46:15.653+0000] {logging_mixin.py:188} INFO - [2026-07-14T19:46:15.653+0000] {dag.py:3823} INFO - Setting next_dagrun for dag_etl_camara_diario to 2026-07-13 03:00:00+00:00, run_after=2026-07-14 03:00:00+00:00
[2026-07-14T19:46:15.699+0000] {processor.py:183} INFO - Processing /opt/airflow/dags/dag_etl_camara_diario.py took 0.102 seconds
[2026-07-14T19:46:45.831+0000] {processor.py:161} INFO - Started process (PID=829) to work on /opt/airflow/dags/dag_etl_camara_diario.py
[2026-07-14T19:46:45.831+0000] {processor.py:830} INFO - Processing file /opt/airflow/dags/dag_etl_camara_diario.py for tasks to queue
[2026-07-14T19:46:45.832+0000] {logging_mixin.py:188} INFO - [2026-07-14T19:46:45.832+0000] {dagbag.py:538} INFO - Filling up the DagBag from /opt/airflow/dags/dag_etl_camara_diario.py
[2026-07-14T19:46:45.842+0000] {processor.py:840} INFO - DAG(s) 'dag_etl_camara_diario' retrieved from /opt/airflow/dags/dag_etl_camara_diario.py
[2026-07-14T19:46:45.864+0000] {logging_mixin.py:188} INFO - [2026-07-14T19:46:45.864+0000] {dag.py:3036} INFO - Sync 1 DAGs
[2026-07-14T19:46:45.888+0000] {logging_mixin.py:188} INFO - [2026-07-14T19:46:45.887+0000] {dag.py:3823} INFO - Setting next_dagrun for dag_etl_camara_diario to 2026-07-13 03:00:00+00:00, run_after=2026-07-14 03:00:00+00:00
[2026-07-14T19:46:45.935+0000] {processor.py:183} INFO - Processing /opt/airflow/dags/dag_etl_camara_diario.py took 0.107 seconds
[2026-07-14T19:47:16.067+0000] {processor.py:161} INFO - Started process (PID=844) to work on /opt/airflow/dags/dag_etl_camara_diario.py
[2026-07-14T19:47:16.068+0000] {processor.py:830} INFO - Processing file /opt/airflow/dags/dag_etl_camara_diario.py for tasks to queue
[2026-07-14T19:47:16.069+0000] {logging_mixin.py:188} INFO - [2026-07-14T19:47:16.069+0000] {dagbag.py:538} INFO - Filling up the DagBag from /opt/airflow/dags/dag_etl_camara_diario.py
[2026-07-14T19:47:16.078+0000] {processor.py:840} INFO - DAG(s) 'dag_etl_camara_diario' retrieved from /opt/airflow/dags/dag_etl_camara_diario.py
[2026-07-14T19:47:16.100+0000] {logging_mixin.py:188} INFO - [2026-07-14T19:47:16.100+0000] {dag.py:3036} INFO - Sync 1 DAGs
[2026-07-14T19:47:16.124+0000] {logging_mixin.py:188} INFO - [2026-07-14T19:47:16.124+0000] {dag.py:3823} INFO - Setting next_dagrun for dag_etl_camara_diario to 2026-07-13 03:00:00+00:00, run_after=2026-07-14 03:00:00+00:00
[2026-07-14T19:47:16.171+0000] {processor.py:183} INFO - Processing /opt/airflow/dags/dag_etl_camara_diario.py took 0.106 seconds
[2026-07-14T19:47:46.305+0000] {processor.py:161} INFO - Started process (PID=859) to work on /opt/airflow/dags/dag_etl_camara_diario.py
[2026-07-14T19:47:46.306+0000] {processor.py:830} INFO - Processing file /opt/airflow/dags/dag_etl_camara_diario.py for tasks to queue
[2026-07-14T19:47:46.307+0000] {logging_mixin.py:188} INFO - [2026-07-14T19:47:46.307+0000] {dagbag.py:538} INFO - Filling up the DagBag from /opt/airflow/dags/dag_etl_camara_diario.py
[2026-07-14T19:47:46.317+0000] {processor.py:840} INFO - DAG(s) 'dag_etl_camara_diario' retrieved from /opt/airflow/dags/dag_etl_camara_diario.py
[2026-07-14T19:47:46.338+0000] {logging_mixin.py:188} INFO - [2026-07-14T19:47:46.338+0000] {dag.py:3036} INFO - Sync 1 DAGs
[2026-07-14T19:47:46.360+0000] {logging_mixin.py:188} INFO - [2026-07-14T19:47:46.360+0000] {dag.py:3823} INFO - Setting next_dagrun for dag_etl_camara_diario to 2026-07-13 03:00:00+00:00, run_after=2026-07-14 03:00:00+00:00
[2026-07-14T19:47:46.405+0000] {processor.py:183} INFO - Processing /opt/airflow/dags/dag_etl_camara_diario.py took 0.103 seconds
[2026-07-14T19:48:16.539+0000] {processor.py:161} INFO - Started process (PID=874) to work on /opt/airflow/dags/dag_etl_camara_diario.py
[2026-07-14T19:48:16.540+0000] {processor.py:830} INFO - Processing file /opt/airflow/dags/dag_etl_camara_diario.py for tasks to queue
[2026-07-14T19:48:16.541+0000] {logging_mixin.py:188} INFO - [2026-07-14T19:48:16.540+0000] {dagbag.py:538} INFO - Filling up the DagBag from /opt/airflow/dags/dag_etl_camara_diario.py
[2026-07-14T19:48:16.549+0000] {processor.py:840} INFO - DAG(s) 'dag_etl_camara_diario' retrieved from /opt/airflow/dags/dag_etl_camara_diario.py
[2026-07-14T19:48:16.570+0000] {logging_mixin.py:188} INFO - [2026-07-14T19:48:16.570+0000] {dag.py:3036} INFO - Sync 1 DAGs
[2026-07-14T19:48:16.593+0000] {logging_mixin.py:188} INFO - [2026-07-14T19:48:16.592+0000] {dag.py:3823} INFO - Setting next_dagrun for dag_etl_camara_diario to 2026-07-13 03:00:00+00:00, run_after=2026-07-14 03:00:00+00:00
[2026-07-14T19:48:16.638+0000] {processor.py:183} INFO - Processing /opt/airflow/dags/dag_etl_camara_diario.py took 0.102 seconds
[2026-07-14T19:48:46.770+0000] {processor.py:161} INFO - Started process (PID=889) to work on /opt/airflow/dags/dag_etl_camara_diario.py
[2026-07-14T19:48:46.771+0000] {processor.py:830} INFO - Processing file /opt/airflow/dags/dag_etl_camara_diario.py for tasks to queue
[2026-07-14T19:48:46.771+0000] {logging_mixin.py:188} INFO - [2026-07-14T19:48:46.771+0000] {dagbag.py:538} INFO - Filling up the DagBag from /opt/airflow/dags/dag_etl_camara_diario.py
[2026-07-14T19:48:46.782+0000] {processor.py:840} INFO - DAG(s) 'dag_etl_camara_diario' retrieved from /opt/airflow/dags/dag_etl_camara_diario.py
[2026-07-14T19:48:46.805+0000] {logging_mixin.py:188} INFO - [2026-07-14T19:48:46.805+0000] {dag.py:3036} INFO - Sync 1 DAGs
[2026-07-14T19:48:46.828+0000] {logging_mixin.py:188} INFO - [2026-07-14T19:48:46.828+0000] {dag.py:3823} INFO - Setting next_dagrun for dag_etl_camara_diario to 2026-07-13 03:00:00+00:00, run_after=2026-07-14 03:00:00+00:00
[2026-07-14T19:48:46.873+0000] {processor.py:183} INFO - Processing /opt/airflow/dags/dag_etl_camara_diario.py took 0.105 seconds
[2026-07-14T19:49:17.004+0000] {processor.py:161} INFO - Started process (PID=904) to work on /opt/airflow/dags/dag_etl_camara_diario.py
[2026-07-14T19:49:17.005+0000] {processor.py:830} INFO - Processing file /opt/airflow/dags/dag_etl_camara_diario.py for tasks to queue
[2026-07-14T19:49:17.006+0000] {logging_mixin.py:188} INFO - [2026-07-14T19:49:17.006+0000] {dagbag.py:538} INFO - Filling up the DagBag from /opt/airflow/dags/dag_etl_camara_diario.py
[2026-07-14T19:49:17.015+0000] {processor.py:840} INFO - DAG(s) 'dag_etl_camara_diario' retrieved from /opt/airflow/dags/dag_etl_camara_diario.py
[2026-07-14T19:49:17.038+0000] {logging_mixin.py:188} INFO - [2026-07-14T19:49:17.037+0000] {dag.py:3036} INFO - Sync 1 DAGs
[2026-07-14T19:49:17.061+0000] {logging_mixin.py:188} INFO - [2026-07-14T19:49:17.061+0000] {dag.py:3823} INFO - Setting next_dagrun for dag_etl_camara_diario to 2026-07-13 03:00:00+00:00, run_after=2026-07-14 03:00:00+00:00
[2026-07-14T19:49:17.107+0000] {processor.py:183} INFO - Processing /opt/airflow/dags/dag_etl_camara_diario.py took 0.105 seconds
[2026-07-14T19:49:47.247+0000] {processor.py:161} INFO - Started process (PID=919) to work on /opt/airflow/dags/dag_etl_camara_diario.py
[2026-07-14T19:49:47.248+0000] {processor.py:830} INFO - Processing file /opt/airflow/dags/dag_etl_camara_diario.py for tasks to queue
[2026-07-14T19:49:47.248+0000] {logging_mixin.py:188} INFO - [2026-07-14T19:49:47.248+0000] {dagbag.py:538} INFO - Filling up the DagBag from /opt/airflow/dags/dag_etl_camara_diario.py
[2026-07-14T19:49:47.258+0000] {processor.py:840} INFO - DAG(s) 'dag_etl_camara_diario' retrieved from /opt/airflow/dags/dag_etl_camara_diario.py
[2026-07-14T19:49:47.281+0000] {logging_mixin.py:188} INFO - [2026-07-14T19:49:47.281+0000] {dag.py:3036} INFO - Sync 1 DAGs
[2026-07-14T19:49:47.304+0000] {logging_mixin.py:188} INFO - [2026-07-14T19:49:47.304+0000] {dag.py:3823} INFO - Setting next_dagrun for dag_etl_camara_diario to 2026-07-13 03:00:00+00:00, run_after=2026-07-14 03:00:00+00:00
[2026-07-14T19:49:47.348+0000] {processor.py:183} INFO - Processing /opt/airflow/dags/dag_etl_camara_diario.py took 0.104 seconds
[2026-07-14T19:50:17.481+0000] {processor.py:161} INFO - Started process (PID=934) to work on /opt/airflow/dags/dag_etl_camara_diario.py
[2026-07-14T19:50:17.482+0000] {processor.py:830} INFO - Processing file /opt/airflow/dags/dag_etl_camara_diario.py for tasks to queue
[2026-07-14T19:50:17.483+0000] {logging_mixin.py:188} INFO - [2026-07-14T19:50:17.483+0000] {dagbag.py:538} INFO - Filling up the DagBag from /opt/airflow/dags/dag_etl_camara_diario.py
[2026-07-14T19:50:17.493+0000] {processor.py:840} INFO - DAG(s) 'dag_etl_camara_diario' retrieved from /opt/airflow/dags/dag_etl_camara_diario.py
[2026-07-14T19:50:17.513+0000] {logging_mixin.py:188} INFO - [2026-07-14T19:50:17.513+0000] {dag.py:3036} INFO - Sync 1 DAGs
[2026-07-14T19:50:17.536+0000] {logging_mixin.py:188} INFO - [2026-07-14T19:50:17.535+0000] {dag.py:3823} INFO - Setting next_dagrun for dag_etl_camara_diario to 2026-07-13 03:00:00+00:00, run_after=2026-07-14 03:00:00+00:00
[2026-07-14T19:50:17.587+0000] {processor.py:183} INFO - Processing /opt/airflow/dags/dag_etl_camara_diario.py took 0.108 seconds
[2026-07-14T19:50:47.717+0000] {processor.py:161} INFO - Started process (PID=949) to work on /opt/airflow/dags/dag_etl_camara_diario.py
[2026-07-14T19:50:47.718+0000] {processor.py:830} INFO - Processing file /opt/airflow/dags/dag_etl_camara_diario.py for tasks to queue
[2026-07-14T19:50:47.719+0000] {logging_mixin.py:188} INFO - [2026-07-14T19:50:47.719+0000] {dagbag.py:538} INFO - Filling up the DagBag from /opt/airflow/dags/dag_etl_camara_diario.py
[2026-07-14T19:50:47.728+0000] {processor.py:840} INFO - DAG(s) 'dag_etl_camara_diario' retrieved from /opt/airflow/dags/dag_etl_camara_diario.py
[2026-07-14T19:50:47.751+0000] {logging_mixin.py:188} INFO - [2026-07-14T19:50:47.750+0000] {dag.py:3036} INFO - Sync 1 DAGs
[2026-07-14T19:50:47.775+0000] {logging_mixin.py:188} INFO - [2026-07-14T19:50:47.775+0000] {dag.py:3823} INFO - Setting next_dagrun for dag_etl_camara_diario to 2026-07-13 03:00:00+00:00, run_after=2026-07-14 03:00:00+00:00
[2026-07-14T19:50:47.826+0000] {processor.py:183} INFO - Processing /opt/airflow/dags/dag_etl_camara_diario.py took 0.112 seconds
[2026-07-14T19:51:17.961+0000] {processor.py:161} INFO - Started process (PID=964) to work on /opt/airflow/dags/dag_etl_camara_diario.py
[2026-07-14T19:51:17.962+0000] {processor.py:830} INFO - Processing file /opt/airflow/dags/dag_etl_camara_diario.py for tasks to queue
[2026-07-14T19:51:17.962+0000] {logging_mixin.py:188} INFO - [2026-07-14T19:51:17.962+0000] {dagbag.py:538} INFO - Filling up the DagBag from /opt/airflow/dags/dag_etl_camara_diario.py
[2026-07-14T19:51:17.972+0000] {processor.py:840} INFO - DAG(s) 'dag_etl_camara_diario' retrieved from /opt/airflow/dags/dag_etl_camara_diario.py
[2026-07-14T19:51:17.993+0000] {logging_mixin.py:188} INFO - [2026-07-14T19:51:17.993+0000] {dag.py:3036} INFO - Sync 1 DAGs
[2026-07-14T19:51:18.015+0000] {logging_mixin.py:188} INFO - [2026-07-14T19:51:18.015+0000] {dag.py:3823} INFO - Setting next_dagrun for dag_etl_camara_diario to 2026-07-13 03:00:00+00:00, run_after=2026-07-14 03:00:00+00:00
[2026-07-14T19:51:18.062+0000] {processor.py:183} INFO - Processing /opt/airflow/dags/dag_etl_camara_diario.py took 0.104 seconds
[2026-07-14T19:51:48.188+0000] {processor.py:161} INFO - Started process (PID=979) to work on /opt/airflow/dags/dag_etl_camara_diario.py
[2026-07-14T19:51:48.189+0000] {processor.py:830} INFO - Processing file /opt/airflow/dags/dag_etl_camara_diario.py for tasks to queue
[2026-07-14T19:51:48.189+0000] {logging_mixin.py:188} INFO - [2026-07-14T19:51:48.189+0000] {dagbag.py:538} INFO - Filling up the DagBag from /opt/airflow/dags/dag_etl_camara_diario.py
[2026-07-14T19:51:48.199+0000] {processor.py:840} INFO - DAG(s) 'dag_etl_camara_diario' retrieved from /opt/airflow/dags/dag_etl_camara_diario.py
[2026-07-14T19:51:48.220+0000] {logging_mixin.py:188} INFO - [2026-07-14T19:51:48.220+0000] {dag.py:3036} INFO - Sync 1 DAGs
[2026-07-14T19:51:48.243+0000] {logging_mixin.py:188} INFO - [2026-07-14T19:51:48.243+0000] {dag.py:3823} INFO - Setting next_dagrun for dag_etl_camara_diario to 2026-07-13 03:00:00+00:00, run_after=2026-07-14 03:00:00+00:00
[2026-07-14T19:51:48.291+0000] {processor.py:183} INFO - Processing /opt/airflow/dags/dag_etl_camara_diario.py took 0.105 seconds
[2026-07-14T19:52:18.418+0000] {processor.py:161} INFO - Started process (PID=994) to work on /opt/airflow/dags/dag_etl_camara_diario.py
[2026-07-14T19:52:18.419+0000] {processor.py:830} INFO - Processing file /opt/airflow/dags/dag_etl_camara_diario.py for tasks to queue
[2026-07-14T19:52:18.420+0000] {logging_mixin.py:188} INFO - [2026-07-14T19:52:18.419+0000] {dagbag.py:538} INFO - Filling up the DagBag from /opt/airflow/dags/dag_etl_camara_diario.py
[2026-07-14T19:52:18.428+0000] {processor.py:840} INFO - DAG(s) 'dag_etl_camara_diario' retrieved from /opt/airflow/dags/dag_etl_camara_diario.py
[2026-07-14T19:52:18.449+0000] {logging_mixin.py:188} INFO - [2026-07-14T19:52:18.449+0000] {dag.py:3036} INFO - Sync 1 DAGs
[2026-07-14T19:52:18.469+0000] {logging_mixin.py:188} INFO - [2026-07-14T19:52:18.469+0000] {dag.py:3823} INFO - Setting next_dagrun for dag_etl_camara_diario to 2026-07-13 03:00:00+00:00, run_after=2026-07-14 03:00:00+00:00
[2026-07-14T19:52:18.518+0000] {processor.py:183} INFO - Processing /opt/airflow/dags/dag_etl_camara_diario.py took 0.103 seconds
[2026-07-14T19:52:48.648+0000] {processor.py:161} INFO - Started process (PID=1009) to work on /opt/airflow/dags/dag_etl_camara_diario.py
[2026-07-14T19:52:48.649+0000] {processor.py:830} INFO - Processing file /opt/airflow/dags/dag_etl_camara_diario.py for tasks to queue
[2026-07-14T19:52:48.650+0000] {logging_mixin.py:188} INFO - [2026-07-14T19:52:48.649+0000] {dagbag.py:538} INFO - Filling up the DagBag from /opt/airflow/dags/dag_etl_camara_diario.py
[2026-07-14T19:52:48.659+0000] {processor.py:840} INFO - DAG(s) 'dag_etl_camara_diario' retrieved from /opt/airflow/dags/dag_etl_camara_diario.py
[2026-07-14T19:52:48.680+0000] {logging_mixin.py:188} INFO - [2026-07-14T19:52:48.680+0000] {dag.py:3036} INFO - Sync 1 DAGs
[2026-07-14T19:52:48.702+0000] {logging_mixin.py:188} INFO - [2026-07-14T19:52:48.702+0000] {dag.py:3823} INFO - Setting next_dagrun for dag_etl_camara_diario to 2026-07-13 03:00:00+00:00, run_after=2026-07-14 03:00:00+00:00
[2026-07-14T19:52:48.750+0000] {processor.py:183} INFO - Processing /opt/airflow/dags/dag_etl_camara_diario.py took 0.104 seconds
[2026-07-14T19:53:18.883+0000] {processor.py:161} INFO - Started process (PID=1024) to work on /opt/airflow/dags/dag_etl_camara_diario.py
[2026-07-14T19:53:18.884+0000] {processor.py:830} INFO - Processing file /opt/airflow/dags/dag_etl_camara_diario.py for tasks to queue
[2026-07-14T19:53:18.884+0000] {logging_mixin.py:188} INFO - [2026-07-14T19:53:18.884+0000] {dagbag.py:538} INFO - Filling up the DagBag from /opt/airflow/dags/dag_etl_camara_diario.py
[2026-07-14T19:53:18.894+0000] {processor.py:840} INFO - DAG(s) 'dag_etl_camara_diario' retrieved from /opt/airflow/dags/dag_etl_camara_diario.py
[2026-07-14T19:53:18.918+0000] {logging_mixin.py:188} INFO - [2026-07-14T19:53:18.918+0000] {dag.py:3036} INFO - Sync 1 DAGs
[2026-07-14T19:53:18.944+0000] {logging_mixin.py:188} INFO - [2026-07-14T19:53:18.944+0000] {dag.py:3823} INFO - Setting next_dagrun for dag_etl_camara_diario to 2026-07-13 03:00:00+00:00, run_after=2026-07-14 03:00:00+00:00
[2026-07-14T19:53:18.990+0000] {processor.py:183} INFO - Processing /opt/airflow/dags/dag_etl_camara_diario.py took 0.109 seconds
[2026-07-14T19:53:49.121+0000] {processor.py:161} INFO - Started process (PID=1039) to work on /opt/airflow/dags/dag_etl_camara_diario.py
[2026-07-14T19:53:49.122+0000] {processor.py:830} INFO - Processing file /opt/airflow/dags/dag_etl_camara_diario.py for tasks to queue
[2026-07-14T19:53:49.122+0000] {logging_mixin.py:188} INFO - [2026-07-14T19:53:49.122+0000] {dagbag.py:538} INFO - Filling up the DagBag from /opt/airflow/dags/dag_etl_camara_diario.py
[2026-07-14T19:53:49.132+0000] {processor.py:840} INFO - DAG(s) 'dag_etl_camara_diario' retrieved from /opt/airflow/dags/dag_etl_camara_diario.py
[2026-07-14T19:53:49.155+0000] {logging_mixin.py:188} INFO - [2026-07-14T19:53:49.155+0000] {dag.py:3036} INFO - Sync 1 DAGs
[2026-07-14T19:53:49.178+0000] {logging_mixin.py:188} INFO - [2026-07-14T19:53:49.178+0000] {dag.py:3823} INFO - Setting next_dagrun for dag_etl_camara_diario to 2026-07-13 03:00:00+00:00, run_after=2026-07-14 03:00:00+00:00
[2026-07-14T19:53:49.207+0000] {processor.py:183} INFO - Processing /opt/airflow/dags/dag_etl_camara_diario.py took 0.089 seconds
[2026-07-14T19:54:19.337+0000] {processor.py:161} INFO - Started process (PID=1054) to work on /opt/airflow/dags/dag_etl_camara_diario.py
[2026-07-14T19:54:19.338+0000] {processor.py:830} INFO - Processing file /opt/airflow/dags/dag_etl_camara_diario.py for tasks to queue
[2026-07-14T19:54:19.339+0000] {logging_mixin.py:188} INFO - [2026-07-14T19:54:19.338+0000] {dagbag.py:538} INFO - Filling up the DagBag from /opt/airflow/dags/dag_etl_camara_diario.py
[2026-07-14T19:54:19.349+0000] {processor.py:840} INFO - DAG(s) 'dag_etl_camara_diario' retrieved from /opt/airflow/dags/dag_etl_camara_diario.py
[2026-07-14T19:54:19.370+0000] {logging_mixin.py:188} INFO - [2026-07-14T19:54:19.370+0000] {dag.py:3036} INFO - Sync 1 DAGs
[2026-07-14T19:54:19.393+0000] {logging_mixin.py:188} INFO - [2026-07-14T19:54:19.393+0000] {dag.py:3823} INFO - Setting next_dagrun for dag_etl_camara_diario to 2026-07-13 03:00:00+00:00, run_after=2026-07-14 03:00:00+00:00
[2026-07-14T19:54:19.421+0000] {processor.py:183} INFO - Processing /opt/airflow/dags/dag_etl_camara_diario.py took 0.086 seconds
[2026-07-14T19:54:49.569+0000] {processor.py:161} INFO - Started process (PID=1069) to work on /opt/airflow/dags/dag_etl_camara_diario.py
[2026-07-14T19:54:49.569+0000] {processor.py:830} INFO - Processing file /opt/airflow/dags/dag_etl_camara_diario.py for tasks to queue
[2026-07-14T19:54:49.570+0000] {logging_mixin.py:188} INFO - [2026-07-14T19:54:49.570+0000] {dagbag.py:538} INFO - Filling up the DagBag from /opt/airflow/dags/dag_etl_camara_diario.py
[2026-07-14T19:54:49.579+0000] {processor.py:840} INFO - DAG(s) 'dag_etl_camara_diario' retrieved from /opt/airflow/dags/dag_etl_camara_diario.py
[2026-07-14T19:54:49.601+0000] {logging_mixin.py:188} INFO - [2026-07-14T19:54:49.601+0000] {dag.py:3036} INFO - Sync 1 DAGs
[2026-07-14T19:54:49.624+0000] {logging_mixin.py:188} INFO - [2026-07-14T19:54:49.624+0000] {dag.py:3823} INFO - Setting next_dagrun for dag_etl_camara_diario to 2026-07-13 03:00:00+00:00, run_after=2026-07-14 03:00:00+00:00
[2026-07-14T19:54:49.639+0000] {processor.py:183} INFO - Processing /opt/airflow/dags/dag_etl_camara_diario.py took 0.073 seconds
[2026-07-14T19:55:19.766+0000] {processor.py:161} INFO - Started process (PID=1084) to work on /opt/airflow/dags/dag_etl_camara_diario.py
[2026-07-14T19:55:19.767+0000] {processor.py:830} INFO - Processing file /opt/airflow/dags/dag_etl_camara_diario.py for tasks to queue
[2026-07-14T19:55:19.768+0000] {logging_mixin.py:188} INFO - [2026-07-14T19:55:19.768+0000] {dagbag.py:538} INFO - Filling up the DagBag from /opt/airflow/dags/dag_etl_camara_diario.py
[2026-07-14T19:55:19.777+0000] {processor.py:840} INFO - DAG(s) 'dag_etl_camara_diario' retrieved from /opt/airflow/dags/dag_etl_camara_diario.py
[2026-07-14T19:55:19.800+0000] {logging_mixin.py:188} INFO - [2026-07-14T19:55:19.800+0000] {dag.py:3036} INFO - Sync 1 DAGs
[2026-07-14T19:55:19.825+0000] {logging_mixin.py:188} INFO - [2026-07-14T19:55:19.825+0000] {dag.py:3823} INFO - Setting next_dagrun for dag_etl_camara_diario to 2026-07-13 03:00:00+00:00, run_after=2026-07-14 03:00:00+00:00
[2026-07-14T19:55:19.842+0000] {processor.py:183} INFO - Processing /opt/airflow/dags/dag_etl_camara_diario.py took 0.078 seconds
[2026-07-14T19:55:49.970+0000] {processor.py:161} INFO - Started process (PID=1099) to work on /opt/airflow/dags/dag_etl_camara_diario.py
[2026-07-14T19:55:49.971+0000] {processor.py:830} INFO - Processing file /opt/airflow/dags/dag_etl_camara_diario.py for tasks to queue
[2026-07-14T19:55:49.972+0000] {logging_mixin.py:188} INFO - [2026-07-14T19:55:49.971+0000] {dagbag.py:538} INFO - Filling up the DagBag from /opt/airflow/dags/dag_etl_camara_diario.py
[2026-07-14T19:55:49.981+0000] {processor.py:840} INFO - DAG(s) 'dag_etl_camara_diario' retrieved from /opt/airflow/dags/dag_etl_camara_diario.py
[2026-07-14T19:55:50.003+0000] {logging_mixin.py:188} INFO - [2026-07-14T19:55:50.003+0000] {dag.py:3036} INFO - Sync 1 DAGs
[2026-07-14T19:55:50.024+0000] {logging_mixin.py:188} INFO - [2026-07-14T19:55:50.024+0000] {dag.py:3823} INFO - Setting next_dagrun for dag_etl_camara_diario to 2026-07-13 03:00:00+00:00, run_after=2026-07-14 03:00:00+00:00
[2026-07-14T19:55:50.057+0000] {processor.py:183} INFO - Processing /opt/airflow/dags/dag_etl_camara_diario.py took 0.090 seconds
[2026-07-14T19:56:20.189+0000] {processor.py:161} INFO - Started process (PID=1114) to work on /opt/airflow/dags/dag_etl_camara_diario.py
[2026-07-14T19:56:20.190+0000] {processor.py:830} INFO - Processing file /opt/airflow/dags/dag_etl_camara_diario.py for tasks to queue
[2026-07-14T19:56:20.191+0000] {logging_mixin.py:188} INFO - [2026-07-14T19:56:20.191+0000] {dagbag.py:538} INFO - Filling up the DagBag from /opt/airflow/dags/dag_etl_camara_diario.py
[2026-07-14T19:56:20.201+0000] {processor.py:840} INFO - DAG(s) 'dag_etl_camara_diario' retrieved from /opt/airflow/dags/dag_etl_camara_diario.py
[2026-07-14T19:56:20.223+0000] {logging_mixin.py:188} INFO - [2026-07-14T19:56:20.223+0000] {dag.py:3036} INFO - Sync 1 DAGs
[2026-07-14T19:56:20.246+0000] {logging_mixin.py:188} INFO - [2026-07-14T19:56:20.246+0000] {dag.py:3823} INFO - Setting next_dagrun for dag_etl_camara_diario to 2026-07-13 03:00:00+00:00, run_after=2026-07-14 03:00:00+00:00
[2026-07-14T19:56:20.276+0000] {processor.py:183} INFO - Processing /opt/airflow/dags/dag_etl_camara_diario.py took 0.090 seconds
[2026-07-14T19:56:50.407+0000] {processor.py:161} INFO - Started process (PID=1129) to work on /opt/airflow/dags/dag_etl_camara_diario.py
[2026-07-14T19:56:50.407+0000] {processor.py:830} INFO - Processing file /opt/airflow/dags/dag_etl_camara_diario.py for tasks to queue
[2026-07-14T19:56:50.408+0000] {logging_mixin.py:188} INFO - [2026-07-14T19:56:50.408+0000] {dagbag.py:538} INFO - Filling up the DagBag from /opt/airflow/dags/dag_etl_camara_diario.py
[2026-07-14T19:56:50.419+0000] {processor.py:840} INFO - DAG(s) 'dag_etl_camara_diario' retrieved from /opt/airflow/dags/dag_etl_camara_diario.py
[2026-07-14T19:56:50.441+0000] {logging_mixin.py:188} INFO - [2026-07-14T19:56:50.441+0000] {dag.py:3036} INFO - Sync 1 DAGs
[2026-07-14T19:56:50.463+0000] {logging_mixin.py:188} INFO - [2026-07-14T19:56:50.463+0000] {dag.py:3823} INFO - Setting next_dagrun for dag_etl_camara_diario to 2026-07-13 03:00:00+00:00, run_after=2026-07-14 03:00:00+00:00
[2026-07-14T19:56:50.498+0000] {processor.py:183} INFO - Processing /opt/airflow/dags/dag_etl_camara_diario.py took 0.094 seconds
[2026-07-14T19:57:20.622+0000] {processor.py:161} INFO - Started process (PID=1144) to work on /opt/airflow/dags/dag_etl_camara_diario.py
[2026-07-14T19:57:20.623+0000] {processor.py:830} INFO - Processing file /opt/airflow/dags/dag_etl_camara_diario.py for tasks to queue
[2026-07-14T19:57:20.624+0000] {logging_mixin.py:188} INFO - [2026-07-14T19:57:20.623+0000] {dagbag.py:538} INFO - Filling up the DagBag from /opt/airflow/dags/dag_etl_camara_diario.py
[2026-07-14T19:57:20.633+0000] {processor.py:840} INFO - DAG(s) 'dag_etl_camara_diario' retrieved from /opt/airflow/dags/dag_etl_camara_diario.py
[2026-07-14T19:57:20.656+0000] {logging_mixin.py:188} INFO - [2026-07-14T19:57:20.655+0000] {dag.py:3036} INFO - Sync 1 DAGs
[2026-07-14T19:57:20.678+0000] {logging_mixin.py:188} INFO - [2026-07-14T19:57:20.678+0000] {dag.py:3823} INFO - Setting next_dagrun for dag_etl_camara_diario to 2026-07-13 03:00:00+00:00, run_after=2026-07-14 03:00:00+00:00
[2026-07-14T19:57:20.711+0000] {processor.py:183} INFO - Processing /opt/airflow/dags/dag_etl_camara_diario.py took 0.092 seconds
[2026-07-14T19:57:50.840+0000] {processor.py:161} INFO - Started process (PID=1159) to work on /opt/airflow/dags/dag_etl_camara_diario.py
[2026-07-14T19:57:50.841+0000] {processor.py:830} INFO - Processing file /opt/airflow/dags/dag_etl_camara_diario.py for tasks to queue
[2026-07-14T19:57:50.841+0000] {logging_mixin.py:188} INFO - [2026-07-14T19:57:50.841+0000] {dagbag.py:538} INFO - Filling up the DagBag from /opt/airflow/dags/dag_etl_camara_diario.py
[2026-07-14T19:57:50.850+0000] {processor.py:840} INFO - DAG(s) 'dag_etl_camara_diario' retrieved from /opt/airflow/dags/dag_etl_camara_diario.py
[2026-07-14T19:57:50.872+0000] {logging_mixin.py:188} INFO - [2026-07-14T19:57:50.871+0000] {dag.py:3036} INFO - Sync 1 DAGs
[2026-07-14T19:57:50.895+0000] {logging_mixin.py:188} INFO - [2026-07-14T19:57:50.894+0000] {dag.py:3823} INFO - Setting next_dagrun for dag_etl_camara_diario to 2026-07-13 03:00:00+00:00, run_after=2026-07-14 03:00:00+00:00
[2026-07-14T19:57:50.929+0000] {processor.py:183} INFO - Processing /opt/airflow/dags/dag_etl_camara_diario.py took 0.092 seconds
[2026-07-14T19:58:21.062+0000] {processor.py:161} INFO - Started process (PID=1174) to work on /opt/airflow/dags/dag_etl_camara_diario.py
[2026-07-14T19:58:21.063+0000] {processor.py:830} INFO - Processing file /opt/airflow/dags/dag_etl_camara_diario.py for tasks to queue
[2026-07-14T19:58:21.063+0000] {logging_mixin.py:188} INFO - [2026-07-14T19:58:21.063+0000] {dagbag.py:538} INFO - Filling up the DagBag from /opt/airflow/dags/dag_etl_camara_diario.py
[2026-07-14T19:58:21.073+0000] {processor.py:840} INFO - DAG(s) 'dag_etl_camara_diario' retrieved from /opt/airflow/dags/dag_etl_camara_diario.py
[2026-07-14T19:58:21.095+0000] {logging_mixin.py:188} INFO - [2026-07-14T19:58:21.095+0000] {dag.py:3036} INFO - Sync 1 DAGs
[2026-07-14T19:58:21.118+0000] {logging_mixin.py:188} INFO - [2026-07-14T19:58:21.117+0000] {dag.py:3823} INFO - Setting next_dagrun for dag_etl_camara_diario to 2026-07-13 03:00:00+00:00, run_after=2026-07-14 03:00:00+00:00
[2026-07-14T19:58:21.149+0000] {processor.py:183} INFO - Processing /opt/airflow/dags/dag_etl_camara_diario.py took 0.090 seconds
[2026-07-14T19:58:51.283+0000] {processor.py:161} INFO - Started process (PID=1189) to work on /opt/airflow/dags/dag_etl_camara_diario.py
[2026-07-14T19:58:51.284+0000] {processor.py:830} INFO - Processing file /opt/airflow/dags/dag_etl_camara_diario.py for tasks to queue
[2026-07-14T19:58:51.285+0000] {logging_mixin.py:188} INFO - [2026-07-14T19:58:51.284+0000] {dagbag.py:538} INFO - Filling up the DagBag from /opt/airflow/dags/dag_etl_camara_diario.py
[2026-07-14T19:58:51.295+0000] {processor.py:840} INFO - DAG(s) 'dag_etl_camara_diario' retrieved from /opt/airflow/dags/dag_etl_camara_diario.py
[2026-07-14T19:58:51.318+0000] {logging_mixin.py:188} INFO - [2026-07-14T19:58:51.318+0000] {dag.py:3036} INFO - Sync 1 DAGs
[2026-07-14T19:58:51.340+0000] {logging_mixin.py:188} INFO - [2026-07-14T19:58:51.340+0000] {dag.py:3823} INFO - Setting next_dagrun for dag_etl_camara_diario to 2026-07-13 03:00:00+00:00, run_after=2026-07-14 03:00:00+00:00
[2026-07-14T19:58:51.370+0000] {processor.py:183} INFO - Processing /opt/airflow/dags/dag_etl_camara_diario.py took 0.090 seconds
[2026-07-14T19:59:21.501+0000] {processor.py:161} INFO - Started process (PID=1204) to work on /opt/airflow/dags/dag_etl_camara_diario.py
[2026-07-14T19:59:21.502+0000] {processor.py:830} INFO - Processing file /opt/airflow/dags/dag_etl_camara_diario.py for tasks to queue
[2026-07-14T19:59:21.503+0000] {logging_mixin.py:188} INFO - [2026-07-14T19:59:21.503+0000] {dagbag.py:538} INFO - Filling up the DagBag from /opt/airflow/dags/dag_etl_camara_diario.py
[2026-07-14T19:59:21.513+0000] {processor.py:840} INFO - DAG(s) 'dag_etl_camara_diario' retrieved from /opt/airflow/dags/dag_etl_camara_diario.py
[2026-07-14T19:59:21.535+0000] {logging_mixin.py:188} INFO - [2026-07-14T19:59:21.534+0000] {dag.py:3036} INFO - Sync 1 DAGs
[2026-07-14T19:59:21.558+0000] {logging_mixin.py:188} INFO - [2026-07-14T19:59:21.558+0000] {dag.py:3823} INFO - Setting next_dagrun for dag_etl_camara_diario to 2026-07-13 03:00:00+00:00, run_after=2026-07-14 03:00:00+00:00
[2026-07-14T19:59:21.590+0000] {processor.py:183} INFO - Processing /opt/airflow/dags/dag_etl_camara_diario.py took 0.091 seconds
[2026-07-14T19:59:51.729+0000] {processor.py:161} INFO - Started process (PID=1219) to work on /opt/airflow/dags/dag_etl_camara_diario.py
[2026-07-14T19:59:51.730+0000] {processor.py:830} INFO - Processing file /opt/airflow/dags/dag_etl_camara_diario.py for tasks to queue
[2026-07-14T19:59:51.730+0000] {logging_mixin.py:188} INFO - [2026-07-14T19:59:51.730+0000] {dagbag.py:538} INFO - Filling up the DagBag from /opt/airflow/dags/dag_etl_camara_diario.py
[2026-07-14T19:59:51.740+0000] {processor.py:840} INFO - DAG(s) 'dag_etl_camara_diario' retrieved from /opt/airflow/dags/dag_etl_camara_diario.py
[2026-07-14T19:59:51.762+0000] {logging_mixin.py:188} INFO - [2026-07-14T19:59:51.762+0000] {dag.py:3036} INFO - Sync 1 DAGs
[2026-07-14T19:59:51.786+0000] {logging_mixin.py:188} INFO - [2026-07-14T19:59:51.786+0000] {dag.py:3823} INFO - Setting next_dagrun for dag_etl_camara_diario to 2026-07-13 03:00:00+00:00, run_after=2026-07-14 03:00:00+00:00
[2026-07-14T19:59:51.820+0000] {processor.py:183} INFO - Processing /opt/airflow/dags/dag_etl_camara_diario.py took 0.094 seconds
[2026-07-14T20:00:21.950+0000] {processor.py:161} INFO - Started process (PID=1234) to work on /opt/airflow/dags/dag_etl_camara_diario.py
[2026-07-14T20:00:21.951+0000] {processor.py:830} INFO - Processing file /opt/airflow/dags/dag_etl_camara_diario.py for tasks to queue
[2026-07-14T20:00:21.952+0000] {logging_mixin.py:188} INFO - [2026-07-14T20:00:21.951+0000] {dagbag.py:538} INFO - Filling up the DagBag from /opt/airflow/dags/dag_etl_camara_diario.py
[2026-07-14T20:00:21.961+0000] {processor.py:840} INFO - DAG(s) 'dag_etl_camara_diario' retrieved from /opt/airflow/dags/dag_etl_camara_diario.py
[2026-07-14T20:00:21.982+0000] {logging_mixin.py:188} INFO - [2026-07-14T20:00:21.982+0000] {dag.py:3036} INFO - Sync 1 DAGs
[2026-07-14T20:00:22.005+0000] {logging_mixin.py:188} INFO - [2026-07-14T20:00:22.005+0000] {dag.py:3823} INFO - Setting next_dagrun for dag_etl_camara_diario to 2026-07-13 03:00:00+00:00, run_after=2026-07-14 03:00:00+00:00
[2026-07-14T20:00:22.043+0000] {processor.py:183} INFO - Processing /opt/airflow/dags/dag_etl_camara_diario.py took 0.095 seconds
[2026-07-14T20:00:52.173+0000] {processor.py:161} INFO - Started process (PID=1249) to work on /opt/airflow/dags/dag_etl_camara_diario.py
[2026-07-14T20:00:52.174+0000] {processor.py:830} INFO - Processing file /opt/airflow/dags/dag_etl_camara_diario.py for tasks to queue
[2026-07-14T20:00:52.174+0000] {logging_mixin.py:188} INFO - [2026-07-14T20:00:52.174+0000] {dagbag.py:538} INFO - Filling up the DagBag from /opt/airflow/dags/dag_etl_camara_diario.py
[2026-07-14T20:00:52.184+0000] {processor.py:840} INFO - DAG(s) 'dag_etl_camara_diario' retrieved from /opt/airflow/dags/dag_etl_camara_diario.py
[2026-07-14T20:00:52.206+0000] {logging_mixin.py:188} INFO - [2026-07-14T20:00:52.206+0000] {dag.py:3036} INFO - Sync 1 DAGs
[2026-07-14T20:00:52.228+0000] {logging_mixin.py:188} INFO - [2026-07-14T20:00:52.228+0000] {dag.py:3823} INFO - Setting next_dagrun for dag_etl_camara_diario to 2026-07-13 03:00:00+00:00, run_after=2026-07-14 03:00:00+00:00
[2026-07-14T20:00:52.249+0000] {processor.py:183} INFO - Processing /opt/airflow/dags/dag_etl_camara_diario.py took 0.078 seconds
[2026-07-14T20:01:22.376+0000] {processor.py:161} INFO - Started process (PID=1264) to work on /opt/airflow/dags/dag_etl_camara_diario.py
[2026-07-14T20:01:22.377+0000] {processor.py:830} INFO - Processing file /opt/airflow/dags/dag_etl_camara_diario.py for tasks to queue
[2026-07-14T20:01:22.378+0000] {logging_mixin.py:188} INFO - [2026-07-14T20:01:22.377+0000] {dagbag.py:538} INFO - Filling up the DagBag from /opt/airflow/dags/dag_etl_camara_diario.py
[2026-07-14T20:01:22.387+0000] {processor.py:840} INFO - DAG(s) 'dag_etl_camara_diario' retrieved from /opt/airflow/dags/dag_etl_camara_diario.py
[2026-07-14T20:01:22.409+0000] {logging_mixin.py:188} INFO - [2026-07-14T20:01:22.409+0000] {dag.py:3036} INFO - Sync 1 DAGs
[2026-07-14T20:01:22.430+0000] {logging_mixin.py:188} INFO - [2026-07-14T20:01:22.429+0000] {dag.py:3823} INFO - Setting next_dagrun for dag_etl_camara_diario to 2026-07-13 03:00:00+00:00, run_after=2026-07-14 03:00:00+00:00
[2026-07-14T20:01:22.466+0000] {processor.py:183} INFO - Processing /opt/airflow/dags/dag_etl_camara_diario.py took 0.093 seconds
[2026-07-14T20:01:52.593+0000] {processor.py:161} INFO - Started process (PID=1279) to work on /opt/airflow/dags/dag_etl_camara_diario.py
[2026-07-14T20:01:52.594+0000] {processor.py:830} INFO - Processing file /opt/airflow/dags/dag_etl_camara_diario.py for tasks to queue
[2026-07-14T20:01:52.594+0000] {logging_mixin.py:188} INFO - [2026-07-14T20:01:52.594+0000] {dagbag.py:538} INFO - Filling up the DagBag from /opt/airflow/dags/dag_etl_camara_diario.py
[2026-07-14T20:01:52.603+0000] {processor.py:840} INFO - DAG(s) 'dag_etl_camara_diario' retrieved from /opt/airflow/dags/dag_etl_camara_diario.py
[2026-07-14T20:01:52.623+0000] {logging_mixin.py:188} INFO - [2026-07-14T20:01:52.623+0000] {dag.py:3036} INFO - Sync 1 DAGs
[2026-07-14T20:01:52.645+0000] {logging_mixin.py:188} INFO - [2026-07-14T20:01:52.645+0000] {dag.py:3823} INFO - Setting next_dagrun for dag_etl_camara_diario to 2026-07-13 03:00:00+00:00, run_after=2026-07-14 03:00:00+00:00
[2026-07-14T20:01:52.682+0000] {processor.py:183} INFO - Processing /opt/airflow/dags/dag_etl_camara_diario.py took 0.092 seconds
[2026-07-14T20:02:47.597+0000] {processor.py:161} INFO - Started process (PID=168) to work on /opt/airflow/dags/dag_etl_camara_diario.py
[2026-07-14T20:02:47.598+0000] {processor.py:830} INFO - Processing file /opt/airflow/dags/dag_etl_camara_diario.py for tasks to queue
[2026-07-14T20:02:47.599+0000] {logging_mixin.py:188} INFO - [2026-07-14T20:02:47.598+0000] {dagbag.py:538} INFO - Filling up the DagBag from /opt/airflow/dags/dag_etl_camara_diario.py
[2026-07-14T20:02:47.614+0000] {processor.py:840} INFO - DAG(s) 'dag_etl_camara_diario' retrieved from /opt/airflow/dags/dag_etl_camara_diario.py
[2026-07-14T20:02:47.641+0000] {logging_mixin.py:188} INFO - [2026-07-14T20:02:47.641+0000] {dag.py:3036} INFO - Sync 1 DAGs
[2026-07-14T20:02:47.666+0000] {logging_mixin.py:188} INFO - [2026-07-14T20:02:47.666+0000] {dag.py:3823} INFO - Setting next_dagrun for dag_etl_camara_diario to 2026-07-13 03:00:00+00:00, run_after=2026-07-14 03:00:00+00:00
[2026-07-14T20:02:47.685+0000] {processor.py:183} INFO - Processing /opt/airflow/dags/dag_etl_camara_diario.py took 0.091 seconds
[2026-07-14T20:03:17.807+0000] {processor.py:161} INFO - Started process (PID=184) to work on /opt/airflow/dags/dag_etl_camara_diario.py
[2026-07-14T20:03:17.808+0000] {processor.py:830} INFO - Processing file /opt/airflow/dags/dag_etl_camara_diario.py for tasks to queue
[2026-07-14T20:03:17.809+0000] {logging_mixin.py:188} INFO - [2026-07-14T20:03:17.808+0000] {dagbag.py:538} INFO - Filling up the DagBag from /opt/airflow/dags/dag_etl_camara_diario.py
[2026-07-14T20:03:17.817+0000] {processor.py:840} INFO - DAG(s) 'dag_etl_camara_diario' retrieved from /opt/airflow/dags/dag_etl_camara_diario.py
[2026-07-14T20:03:17.966+0000] {logging_mixin.py:188} INFO - [2026-07-14T20:03:17.966+0000] {dag.py:3036} INFO - Sync 1 DAGs
[2026-07-14T20:03:17.990+0000] {logging_mixin.py:188} INFO - [2026-07-14T20:03:17.989+0000] {dag.py:3823} INFO - Setting next_dagrun for dag_etl_camara_diario to 2026-07-13 03:00:00+00:00, run_after=2026-07-14 03:00:00+00:00
[2026-07-14T20:03:18.008+0000] {processor.py:183} INFO - Processing /opt/airflow/dags/dag_etl_camara_diario.py took 0.203 seconds
[2026-07-14T20:03:48.134+0000] {processor.py:161} INFO - Started process (PID=199) to work on /opt/airflow/dags/dag_etl_camara_diario.py
[2026-07-14T20:03:48.135+0000] {processor.py:830} INFO - Processing file /opt/airflow/dags/dag_etl_camara_diario.py for tasks to queue
[2026-07-14T20:03:48.135+0000] {logging_mixin.py:188} INFO - [2026-07-14T20:03:48.135+0000] {dagbag.py:538} INFO - Filling up the DagBag from /opt/airflow/dags/dag_etl_camara_diario.py
[2026-07-14T20:03:48.145+0000] {processor.py:840} INFO - DAG(s) 'dag_etl_camara_diario' retrieved from /opt/airflow/dags/dag_etl_camara_diario.py
[2026-07-14T20:03:48.166+0000] {logging_mixin.py:188} INFO - [2026-07-14T20:03:48.166+0000] {dag.py:3036} INFO - Sync 1 DAGs
[2026-07-14T20:03:48.188+0000] {logging_mixin.py:188} INFO - [2026-07-14T20:03:48.188+0000] {dag.py:3823} INFO - Setting next_dagrun for dag_etl_camara_diario to 2026-07-13 03:00:00+00:00, run_after=2026-07-14 03:00:00+00:00
[2026-07-14T20:03:48.203+0000] {processor.py:183} INFO - Processing /opt/airflow/dags/dag_etl_camara_diario.py took 0.072 seconds
[2026-07-14T20:04:18.329+0000] {processor.py:161} INFO - Started process (PID=214) to work on /opt/airflow/dags/dag_etl_camara_diario.py
[2026-07-14T20:04:18.330+0000] {processor.py:830} INFO - Processing file /opt/airflow/dags/dag_etl_camara_diario.py for tasks to queue
[2026-07-14T20:04:18.330+0000] {logging_mixin.py:188} INFO - [2026-07-14T20:04:18.330+0000] {dagbag.py:538} INFO - Filling up the DagBag from /opt/airflow/dags/dag_etl_camara_diario.py
[2026-07-14T20:04:18.339+0000] {processor.py:840} INFO - DAG(s) 'dag_etl_camara_diario' retrieved from /opt/airflow/dags/dag_etl_camara_diario.py
[2026-07-14T20:04:18.361+0000] {logging_mixin.py:188} INFO - [2026-07-14T20:04:18.360+0000] {dag.py:3036} INFO - Sync 1 DAGs
[2026-07-14T20:04:18.383+0000] {logging_mixin.py:188} INFO - [2026-07-14T20:04:18.383+0000] {dag.py:3823} INFO - Setting next_dagrun for dag_etl_camara_diario to 2026-07-13 03:00:00+00:00, run_after=2026-07-14 03:00:00+00:00
[2026-07-14T20:04:18.403+0000] {processor.py:183} INFO - Processing /opt/airflow/dags/dag_etl_camara_diario.py took 0.077 seconds
[2026-07-14T20:04:48.536+0000] {processor.py:161} INFO - Started process (PID=229) to work on /opt/airflow/dags/dag_etl_camara_diario.py
[2026-07-14T20:04:48.537+0000] {processor.py:830} INFO - Processing file /opt/airflow/dags/dag_etl_camara_diario.py for tasks to queue
[2026-07-14T20:04:48.538+0000] {logging_mixin.py:188} INFO - [2026-07-14T20:04:48.538+0000] {dagbag.py:538} INFO - Filling up the DagBag from /opt/airflow/dags/dag_etl_camara_diario.py
[2026-07-14T20:04:48.548+0000] {processor.py:840} INFO - DAG(s) 'dag_etl_camara_diario' retrieved from /opt/airflow/dags/dag_etl_camara_diario.py
[2026-07-14T20:04:48.569+0000] {logging_mixin.py:188} INFO - [2026-07-14T20:04:48.569+0000] {dag.py:3036} INFO - Sync 1 DAGs
[2026-07-14T20:04:48.593+0000] {logging_mixin.py:188} INFO - [2026-07-14T20:04:48.593+0000] {dag.py:3823} INFO - Setting next_dagrun for dag_etl_camara_diario to 2026-07-13 03:00:00+00:00, run_after=2026-07-14 03:00:00+00:00
[2026-07-14T20:04:48.610+0000] {processor.py:183} INFO - Processing /opt/airflow/dags/dag_etl_camara_diario.py took 0.076 seconds
[2026-07-14T20:05:18.743+0000] {processor.py:161} INFO - Started process (PID=244) to work on /opt/airflow/dags/dag_etl_camara_diario.py
[2026-07-14T20:05:18.744+0000] {processor.py:830} INFO - Processing file /opt/airflow/dags/dag_etl_camara_diario.py for tasks to queue
[2026-07-14T20:05:18.744+0000] {logging_mixin.py:188} INFO - [2026-07-14T20:05:18.744+0000] {dagbag.py:538} INFO - Filling up the DagBag from /opt/airflow/dags/dag_etl_camara_diario.py
[2026-07-14T20:05:18.755+0000] {processor.py:840} INFO - DAG(s) 'dag_etl_camara_diario' retrieved from /opt/airflow/dags/dag_etl_camara_diario.py
[2026-07-14T20:05:18.778+0000] {logging_mixin.py:188} INFO - [2026-07-14T20:05:18.778+0000] {dag.py:3036} INFO - Sync 1 DAGs
[2026-07-14T20:05:18.803+0000] {logging_mixin.py:188} INFO - [2026-07-14T20:05:18.803+0000] {dag.py:3823} INFO - Setting next_dagrun for dag_etl_camara_diario to 2026-07-13 03:00:00+00:00, run_after=2026-07-14 03:00:00+00:00
[2026-07-14T20:05:18.818+0000] {processor.py:183} INFO - Processing /opt/airflow/dags/dag_etl_camara_diario.py took 0.078 seconds
[2026-07-14T20:05:48.947+0000] {processor.py:161} INFO - Started process (PID=259) to work on /opt/airflow/dags/dag_etl_camara_diario.py
[2026-07-14T20:05:48.948+0000] {processor.py:830} INFO - Processing file /opt/airflow/dags/dag_etl_camara_diario.py for tasks to queue
[2026-07-14T20:05:48.949+0000] {logging_mixin.py:188} INFO - [2026-07-14T20:05:48.949+0000] {dagbag.py:538} INFO - Filling up the DagBag from /opt/airflow/dags/dag_etl_camara_diario.py
[2026-07-14T20:05:48.958+0000] {processor.py:840} INFO - DAG(s) 'dag_etl_camara_diario' retrieved from /opt/airflow/dags/dag_etl_camara_diario.py
[2026-07-14T20:05:48.980+0000] {logging_mixin.py:188} INFO - [2026-07-14T20:05:48.979+0000] {dag.py:3036} INFO - Sync 1 DAGs
[2026-07-14T20:05:49.002+0000] {logging_mixin.py:188} INFO - [2026-07-14T20:05:49.002+0000] {dag.py:3823} INFO - Setting next_dagrun for dag_etl_camara_diario to 2026-07-13 03:00:00+00:00, run_after=2026-07-14 03:00:00+00:00
[2026-07-14T20:05:49.020+0000] {processor.py:183} INFO - Processing /opt/airflow/dags/dag_etl_camara_diario.py took 0.075 seconds
[2026-07-14T20:06:19.151+0000] {processor.py:161} INFO - Started process (PID=274) to work on /opt/airflow/dags/dag_etl_camara_diario.py
[2026-07-14T20:06:19.151+0000] {processor.py:830} INFO - Processing file /opt/airflow/dags/dag_etl_camara_diario.py for tasks to queue
[2026-07-14T20:06:19.152+0000] {logging_mixin.py:188} INFO - [2026-07-14T20:06:19.152+0000] {dagbag.py:538} INFO - Filling up the DagBag from /opt/airflow/dags/dag_etl_camara_diario.py
[2026-07-14T20:06:19.161+0000] {processor.py:840} INFO - DAG(s) 'dag_etl_camara_diario' retrieved from /opt/airflow/dags/dag_etl_camara_diario.py
[2026-07-14T20:06:19.182+0000] {logging_mixin.py:188} INFO - [2026-07-14T20:06:19.182+0000] {dag.py:3036} INFO - Sync 1 DAGs
[2026-07-14T20:06:19.204+0000] {logging_mixin.py:188} INFO - [2026-07-14T20:06:19.204+0000] {dag.py:3823} INFO - Setting next_dagrun for dag_etl_camara_diario to 2026-07-13 03:00:00+00:00, run_after=2026-07-14 03:00:00+00:00
[2026-07-14T20:06:19.220+0000] {processor.py:183} INFO - Processing /opt/airflow/dags/dag_etl_camara_diario.py took 0.072 seconds
[2026-07-14T20:06:49.350+0000] {processor.py:161} INFO - Started process (PID=289) to work on /opt/airflow/dags/dag_etl_camara_diario.py
[2026-07-14T20:06:49.351+0000] {processor.py:830} INFO - Processing file /opt/airflow/dags/dag_etl_camara_diario.py for tasks to queue
[2026-07-14T20:06:49.351+0000] {logging_mixin.py:188} INFO - [2026-07-14T20:06:49.351+0000] {dagbag.py:538} INFO - Filling up the DagBag from /opt/airflow/dags/dag_etl_camara_diario.py
[2026-07-14T20:06:49.361+0000] {processor.py:840} INFO - DAG(s) 'dag_etl_camara_diario' retrieved from /opt/airflow/dags/dag_etl_camara_diario.py
[2026-07-14T20:06:49.382+0000] {logging_mixin.py:188} INFO - [2026-07-14T20:06:49.382+0000] {dag.py:3036} INFO - Sync 1 DAGs
[2026-07-14T20:06:49.405+0000] {logging_mixin.py:188} INFO - [2026-07-14T20:06:49.405+0000] {dag.py:3823} INFO - Setting next_dagrun for dag_etl_camara_diario to 2026-07-13 03:00:00+00:00, run_after=2026-07-14 03:00:00+00:00
[2026-07-14T20:06:49.421+0000] {processor.py:183} INFO - Processing /opt/airflow/dags/dag_etl_camara_diario.py took 0.074 seconds
[2026-07-14T20:07:19.550+0000] {processor.py:161} INFO - Started process (PID=304) to work on /opt/airflow/dags/dag_etl_camara_diario.py
[2026-07-14T20:07:19.551+0000] {processor.py:830} INFO - Processing file /opt/airflow/dags/dag_etl_camara_diario.py for tasks to queue
[2026-07-14T20:07:19.552+0000] {logging_mixin.py:188} INFO - [2026-07-14T20:07:19.551+0000] {dagbag.py:538} INFO - Filling up the DagBag from /opt/airflow/dags/dag_etl_camara_diario.py
[2026-07-14T20:07:19.560+0000] {processor.py:840} INFO - DAG(s) 'dag_etl_camara_diario' retrieved from /opt/airflow/dags/dag_etl_camara_diario.py
[2026-07-14T20:07:19.581+0000] {logging_mixin.py:188} INFO - [2026-07-14T20:07:19.580+0000] {dag.py:3036} INFO - Sync 1 DAGs
[2026-07-14T20:07:19.604+0000] {logging_mixin.py:188} INFO - [2026-07-14T20:07:19.604+0000] {dag.py:3823} INFO - Setting next_dagrun for dag_etl_camara_diario to 2026-07-13 03:00:00+00:00, run_after=2026-07-14 03:00:00+00:00
[2026-07-14T20:07:19.620+0000] {processor.py:183} INFO - Processing /opt/airflow/dags/dag_etl_camara_diario.py took 0.072 seconds
[2026-07-14T20:07:49.759+0000] {processor.py:161} INFO - Started process (PID=319) to work on /opt/airflow/dags/dag_etl_camara_diario.py
[2026-07-14T20:07:49.760+0000] {processor.py:830} INFO - Processing file /opt/airflow/dags/dag_etl_camara_diario.py for tasks to queue
[2026-07-14T20:07:49.761+0000] {logging_mixin.py:188} INFO - [2026-07-14T20:07:49.760+0000] {dagbag.py:538} INFO - Filling up the DagBag from /opt/airflow/dags/dag_etl_camara_diario.py
[2026-07-14T20:07:49.770+0000] {processor.py:840} INFO - DAG(s) 'dag_etl_camara_diario' retrieved from /opt/airflow/dags/dag_etl_camara_diario.py
[2026-07-14T20:07:49.792+0000] {logging_mixin.py:188} INFO - [2026-07-14T20:07:49.791+0000] {dag.py:3036} INFO - Sync 1 DAGs
[2026-07-14T20:07:49.814+0000] {logging_mixin.py:188} INFO - [2026-07-14T20:07:49.814+0000] {dag.py:3823} INFO - Setting next_dagrun for dag_etl_camara_diario to 2026-07-13 03:00:00+00:00, run_after=2026-07-14 03:00:00+00:00
[2026-07-14T20:07:49.833+0000] {processor.py:183} INFO - Processing /opt/airflow/dags/dag_etl_camara_diario.py took 0.076 seconds
[2026-07-14T20:08:19.963+0000] {processor.py:161} INFO - Started process (PID=334) to work on /opt/airflow/dags/dag_etl_camara_diario.py
[2026-07-14T20:08:19.964+0000] {processor.py:830} INFO - Processing file /opt/airflow/dags/dag_etl_camara_diario.py for tasks to queue
[2026-07-14T20:08:19.964+0000] {logging_mixin.py:188} INFO - [2026-07-14T20:08:19.964+0000] {dagbag.py:538} INFO - Filling up the DagBag from /opt/airflow/dags/dag_etl_camara_diario.py
[2026-07-14T20:08:19.974+0000] {processor.py:840} INFO - DAG(s) 'dag_etl_camara_diario' retrieved from /opt/airflow/dags/dag_etl_camara_diario.py
[2026-07-14T20:08:19.995+0000] {logging_mixin.py:188} INFO - [2026-07-14T20:08:19.995+0000] {dag.py:3036} INFO - Sync 1 DAGs
[2026-07-14T20:08:20.017+0000] {logging_mixin.py:188} INFO - [2026-07-14T20:08:20.017+0000] {dag.py:3823} INFO - Setting next_dagrun for dag_etl_camara_diario to 2026-07-13 03:00:00+00:00, run_after=2026-07-14 03:00:00+00:00
[2026-07-14T20:08:20.032+0000] {processor.py:183} INFO - Processing /opt/airflow/dags/dag_etl_camara_diario.py took 0.072 seconds
[2026-07-14T20:08:50.168+0000] {processor.py:161} INFO - Started process (PID=349) to work on /opt/airflow/dags/dag_etl_camara_diario.py
[2026-07-14T20:08:50.169+0000] {processor.py:830} INFO - Processing file /opt/airflow/dags/dag_etl_camara_diario.py for tasks to queue
[2026-07-14T20:08:50.169+0000] {logging_mixin.py:188} INFO - [2026-07-14T20:08:50.169+0000] {dagbag.py:538} INFO - Filling up the DagBag from /opt/airflow/dags/dag_etl_camara_diario.py
[2026-07-14T20:08:50.179+0000] {processor.py:840} INFO - DAG(s) 'dag_etl_camara_diario' retrieved from /opt/airflow/dags/dag_etl_camara_diario.py
[2026-07-14T20:08:50.200+0000] {logging_mixin.py:188} INFO - [2026-07-14T20:08:50.200+0000] {dag.py:3036} INFO - Sync 1 DAGs
[2026-07-14T20:08:50.223+0000] {logging_mixin.py:188} INFO - [2026-07-14T20:08:50.222+0000] {dag.py:3823} INFO - Setting next_dagrun for dag_etl_camara_diario to 2026-07-13 03:00:00+00:00, run_after=2026-07-14 03:00:00+00:00
[2026-07-14T20:08:50.238+0000] {processor.py:183} INFO - Processing /opt/airflow/dags/dag_etl_camara_diario.py took 0.073 seconds
[2026-07-14T20:09:20.368+0000] {processor.py:161} INFO - Started process (PID=364) to work on /opt/airflow/dags/dag_etl_camara_diario.py
[2026-07-14T20:09:20.369+0000] {processor.py:830} INFO - Processing file /opt/airflow/dags/dag_etl_camara_diario.py for tasks to queue
[2026-07-14T20:09:20.369+0000] {logging_mixin.py:188} INFO - [2026-07-14T20:09:20.369+0000] {dagbag.py:538} INFO - Filling up the DagBag from /opt/airflow/dags/dag_etl_camara_diario.py
[2026-07-14T20:09:20.379+0000] {processor.py:840} INFO - DAG(s) 'dag_etl_camara_diario' retrieved from /opt/airflow/dags/dag_etl_camara_diario.py
[2026-07-14T20:09:20.402+0000] {logging_mixin.py:188} INFO - [2026-07-14T20:09:20.402+0000] {dag.py:3036} INFO - Sync 1 DAGs
[2026-07-14T20:09:20.431+0000] {logging_mixin.py:188} INFO - [2026-07-14T20:09:20.430+0000] {dag.py:3823} INFO - Setting next_dagrun for dag_etl_camara_diario to 2026-07-13 03:00:00+00:00, run_after=2026-07-14 03:00:00+00:00
[2026-07-14T20:09:20.453+0000] {processor.py:183} INFO - Processing /opt/airflow/dags/dag_etl_camara_diario.py took 0.088 seconds
[2026-07-14T20:09:50.586+0000] {processor.py:161} INFO - Started process (PID=379) to work on /opt/airflow/dags/dag_etl_camara_diario.py
[2026-07-14T20:09:50.586+0000] {processor.py:830} INFO - Processing file /opt/airflow/dags/dag_etl_camara_diario.py for tasks to queue
[2026-07-14T20:09:50.587+0000] {logging_mixin.py:188} INFO - [2026-07-14T20:09:50.587+0000] {dagbag.py:538} INFO - Filling up the DagBag from /opt/airflow/dags/dag_etl_camara_diario.py
[2026-07-14T20:09:50.596+0000] {processor.py:840} INFO - DAG(s) 'dag_etl_camara_diario' retrieved from /opt/airflow/dags/dag_etl_camara_diario.py
[2026-07-14T20:09:50.618+0000] {logging_mixin.py:188} INFO - [2026-07-14T20:09:50.618+0000] {dag.py:3036} INFO - Sync 1 DAGs
[2026-07-14T20:09:50.640+0000] {logging_mixin.py:188} INFO - [2026-07-14T20:09:50.640+0000] {dag.py:3823} INFO - Setting next_dagrun for dag_etl_camara_diario to 2026-07-13 03:00:00+00:00, run_after=2026-07-14 03:00:00+00:00
[2026-07-14T20:09:50.654+0000] {processor.py:183} INFO - Processing /opt/airflow/dags/dag_etl_camara_diario.py took 0.071 seconds
[2026-07-14T20:10:20.785+0000] {processor.py:161} INFO - Started process (PID=394) to work on /opt/airflow/dags/dag_etl_camara_diario.py
[2026-07-14T20:10:20.786+0000] {processor.py:830} INFO - Processing file /opt/airflow/dags/dag_etl_camara_diario.py for tasks to queue
[2026-07-14T20:10:20.786+0000] {logging_mixin.py:188} INFO - [2026-07-14T20:10:20.786+0000] {dagbag.py:538} INFO - Filling up the DagBag from /opt/airflow/dags/dag_etl_camara_diario.py
[2026-07-14T20:10:20.795+0000] {processor.py:840} INFO - DAG(s) 'dag_etl_camara_diario' retrieved from /opt/airflow/dags/dag_etl_camara_diario.py
[2026-07-14T20:10:20.818+0000] {logging_mixin.py:188} INFO - [2026-07-14T20:10:20.817+0000] {dag.py:3036} INFO - Sync 1 DAGs
[2026-07-14T20:10:20.839+0000] {logging_mixin.py:188} INFO - [2026-07-14T20:10:20.839+0000] {dag.py:3823} INFO - Setting next_dagrun for dag_etl_camara_diario to 2026-07-13 03:00:00+00:00, run_after=2026-07-14 03:00:00+00:00
[2026-07-14T20:10:20.854+0000] {processor.py:183} INFO - Processing /opt/airflow/dags/dag_etl_camara_diario.py took 0.073 seconds
[2026-07-14T20:10:50.985+0000] {processor.py:161} INFO - Started process (PID=409) to work on /opt/airflow/dags/dag_etl_camara_diario.py
[2026-07-14T20:10:50.985+0000] {processor.py:830} INFO - Processing file /opt/airflow/dags/dag_etl_camara_diario.py for tasks to queue
[2026-07-14T20:10:50.986+0000] {logging_mixin.py:188} INFO - [2026-07-14T20:10:50.986+0000] {dagbag.py:538} INFO - Filling up the DagBag from /opt/airflow/dags/dag_etl_camara_diario.py
[2026-07-14T20:10:50.995+0000] {processor.py:840} INFO - DAG(s) 'dag_etl_camara_diario' retrieved from /opt/airflow/dags/dag_etl_camara_diario.py
[2026-07-14T20:10:51.016+0000] {logging_mixin.py:188} INFO - [2026-07-14T20:10:51.016+0000] {dag.py:3036} INFO - Sync 1 DAGs
[2026-07-14T20:10:51.038+0000] {logging_mixin.py:188} INFO - [2026-07-14T20:10:51.037+0000] {dag.py:3823} INFO - Setting next_dagrun for dag_etl_camara_diario to 2026-07-13 03:00:00+00:00, run_after=2026-07-14 03:00:00+00:00
[2026-07-14T20:10:51.052+0000] {processor.py:183} INFO - Processing /opt/airflow/dags/dag_etl_camara_diario.py took 0.070 seconds
[2026-07-14T20:11:21.180+0000] {processor.py:161} INFO - Started process (PID=424) to work on /opt/airflow/dags/dag_etl_camara_diario.py
[2026-07-14T20:11:21.181+0000] {processor.py:830} INFO - Processing file /opt/airflow/dags/dag_etl_camara_diario.py for tasks to queue
[2026-07-14T20:11:21.182+0000] {logging_mixin.py:188} INFO - [2026-07-14T20:11:21.182+0000] {dagbag.py:538} INFO - Filling up the DagBag from /opt/airflow/dags/dag_etl_camara_diario.py
[2026-07-14T20:11:21.192+0000] {processor.py:840} INFO - DAG(s) 'dag_etl_camara_diario' retrieved from /opt/airflow/dags/dag_etl_camara_diario.py
[2026-07-14T20:11:21.215+0000] {logging_mixin.py:188} INFO - [2026-07-14T20:11:21.215+0000] {dag.py:3036} INFO - Sync 1 DAGs
[2026-07-14T20:11:21.240+0000] {logging_mixin.py:188} INFO - [2026-07-14T20:11:21.240+0000] {dag.py:3823} INFO - Setting next_dagrun for dag_etl_camara_diario to 2026-07-13 03:00:00+00:00, run_after=2026-07-14 03:00:00+00:00
[2026-07-14T20:11:21.255+0000] {processor.py:183} INFO - Processing /opt/airflow/dags/dag_etl_camara_diario.py took 0.077 seconds
[2026-07-14T20:11:51.385+0000] {processor.py:161} INFO - Started process (PID=439) to work on /opt/airflow/dags/dag_etl_camara_diario.py
[2026-07-14T20:11:51.386+0000] {processor.py:830} INFO - Processing file /opt/airflow/dags/dag_etl_camara_diario.py for tasks to queue
[2026-07-14T20:11:51.387+0000] {logging_mixin.py:188} INFO - [2026-07-14T20:11:51.386+0000] {dagbag.py:538} INFO - Filling up the DagBag from /opt/airflow/dags/dag_etl_camara_diario.py
[2026-07-14T20:11:51.395+0000] {processor.py:840} INFO - DAG(s) 'dag_etl_camara_diario' retrieved from /opt/airflow/dags/dag_etl_camara_diario.py
[2026-07-14T20:11:51.418+0000] {logging_mixin.py:188} INFO - [2026-07-14T20:11:51.417+0000] {dag.py:3036} INFO - Sync 1 DAGs
[2026-07-14T20:11:51.444+0000] {logging_mixin.py:188} INFO - [2026-07-14T20:11:51.443+0000] {dag.py:3823} INFO - Setting next_dagrun for dag_etl_camara_diario to 2026-07-13 03:00:00+00:00, run_after=2026-07-14 03:00:00+00:00
[2026-07-14T20:11:51.460+0000] {processor.py:183} INFO - Processing /opt/airflow/dags/dag_etl_camara_diario.py took 0.077 seconds
[2026-07-14T20:12:21.588+0000] {processor.py:161} INFO - Started process (PID=454) to work on /opt/airflow/dags/dag_etl_camara_diario.py
[2026-07-14T20:12:21.589+0000] {processor.py:830} INFO - Processing file /opt/airflow/dags/dag_etl_camara_diario.py for tasks to queue
[2026-07-14T20:12:21.590+0000] {logging_mixin.py:188} INFO - [2026-07-14T20:12:21.590+0000] {dagbag.py:538} INFO - Filling up the DagBag from /opt/airflow/dags/dag_etl_camara_diario.py
[2026-07-14T20:12:21.600+0000] {processor.py:840} INFO - DAG(s) 'dag_etl_camara_diario' retrieved from /opt/airflow/dags/dag_etl_camara_diario.py
[2026-07-14T20:12:21.623+0000] {logging_mixin.py:188} INFO - [2026-07-14T20:12:21.623+0000] {dag.py:3036} INFO - Sync 1 DAGs
[2026-07-14T20:12:21.649+0000] {logging_mixin.py:188} INFO - [2026-07-14T20:12:21.648+0000] {dag.py:3823} INFO - Setting next_dagrun for dag_etl_camara_diario to 2026-07-13 03:00:00+00:00, run_after=2026-07-14 03:00:00+00:00
[2026-07-14T20:12:21.665+0000] {processor.py:183} INFO - Processing /opt/airflow/dags/dag_etl_camara_diario.py took 0.080 seconds
[2026-07-14T20:12:51.798+0000] {processor.py:161} INFO - Started process (PID=469) to work on /opt/airflow/dags/dag_etl_camara_diario.py
[2026-07-14T20:12:51.799+0000] {processor.py:830} INFO - Processing file /opt/airflow/dags/dag_etl_camara_diario.py for tasks to queue
[2026-07-14T20:12:51.799+0000] {logging_mixin.py:188} INFO - [2026-07-14T20:12:51.799+0000] {dagbag.py:538} INFO - Filling up the DagBag from /opt/airflow/dags/dag_etl_camara_diario.py
[2026-07-14T20:12:51.809+0000] {processor.py:840} INFO - DAG(s) 'dag_etl_camara_diario' retrieved from /opt/airflow/dags/dag_etl_camara_diario.py
[2026-07-14T20:12:51.830+0000] {logging_mixin.py:188} INFO - [2026-07-14T20:12:51.830+0000] {dag.py:3036} INFO - Sync 1 DAGs
[2026-07-14T20:12:51.854+0000] {logging_mixin.py:188} INFO - [2026-07-14T20:12:51.854+0000] {dag.py:3823} INFO - Setting next_dagrun for dag_etl_camara_diario to 2026-07-13 03:00:00+00:00, run_after=2026-07-14 03:00:00+00:00
[2026-07-14T20:12:51.867+0000] {processor.py:183} INFO - Processing /opt/airflow/dags/dag_etl_camara_diario.py took 0.072 seconds
[2026-07-14T20:13:21.993+0000] {processor.py:161} INFO - Started process (PID=484) to work on /opt/airflow/dags/dag_etl_camara_diario.py
[2026-07-14T20:13:21.994+0000] {processor.py:830} INFO - Processing file /opt/airflow/dags/dag_etl_camara_diario.py for tasks to queue
[2026-07-14T20:13:21.994+0000] {logging_mixin.py:188} INFO - [2026-07-14T20:13:21.994+0000] {dagbag.py:538} INFO - Filling up the DagBag from /opt/airflow/dags/dag_etl_camara_diario.py
[2026-07-14T20:13:22.003+0000] {processor.py:840} INFO - DAG(s) 'dag_etl_camara_diario' retrieved from /opt/airflow/dags/dag_etl_camara_diario.py
[2026-07-14T20:13:22.024+0000] {logging_mixin.py:188} INFO - [2026-07-14T20:13:22.024+0000] {dag.py:3036} INFO - Sync 1 DAGs
[2026-07-14T20:13:22.047+0000] {logging_mixin.py:188} INFO - [2026-07-14T20:13:22.047+0000] {dag.py:3823} INFO - Setting next_dagrun for dag_etl_camara_diario to 2026-07-13 03:00:00+00:00, run_after=2026-07-14 03:00:00+00:00
[2026-07-14T20:13:22.063+0000] {processor.py:183} INFO - Processing /opt/airflow/dags/dag_etl_camara_diario.py took 0.073 seconds
[2026-07-14T20:13:52.192+0000] {processor.py:161} INFO - Started process (PID=499) to work on /opt/airflow/dags/dag_etl_camara_diario.py
[2026-07-14T20:13:52.192+0000] {processor.py:830} INFO - Processing file /opt/airflow/dags/dag_etl_camara_diario.py for tasks to queue
[2026-07-14T20:13:52.193+0000] {logging_mixin.py:188} INFO - [2026-07-14T20:13:52.193+0000] {dagbag.py:538} INFO - Filling up the DagBag from /opt/airflow/dags/dag_etl_camara_diario.py
[2026-07-14T20:13:52.202+0000] {processor.py:840} INFO - DAG(s) 'dag_etl_camara_diario' retrieved from /opt/airflow/dags/dag_etl_camara_diario.py
[2026-07-14T20:13:52.225+0000] {logging_mixin.py:188} INFO - [2026-07-14T20:13:52.224+0000] {dag.py:3036} INFO - Sync 1 DAGs
[2026-07-14T20:13:52.247+0000] {logging_mixin.py:188} INFO - [2026-07-14T20:13:52.247+0000] {dag.py:3823} INFO - Setting next_dagrun for dag_etl_camara_diario to 2026-07-13 03:00:00+00:00, run_after=2026-07-14 03:00:00+00:00
[2026-07-14T20:13:52.262+0000] {processor.py:183} INFO - Processing /opt/airflow/dags/dag_etl_camara_diario.py took 0.073 seconds
[2026-07-14T20:14:22.393+0000] {processor.py:161} INFO - Started process (PID=514) to work on /opt/airflow/dags/dag_etl_camara_diario.py
[2026-07-14T20:14:22.393+0000] {processor.py:830} INFO - Processing file /opt/airflow/dags/dag_etl_camara_diario.py for tasks to queue
[2026-07-14T20:14:22.394+0000] {logging_mixin.py:188} INFO - [2026-07-14T20:14:22.394+0000] {dagbag.py:538} INFO - Filling up the DagBag from /opt/airflow/dags/dag_etl_camara_diario.py
[2026-07-14T20:14:22.407+0000] {processor.py:840} INFO - DAG(s) 'dag_etl_camara_diario' retrieved from /opt/airflow/dags/dag_etl_camara_diario.py
[2026-07-14T20:14:22.455+0000] {logging_mixin.py:188} INFO - [2026-07-14T20:14:22.455+0000] {dag.py:3036} INFO - Sync 1 DAGs
[2026-07-14T20:14:22.477+0000] {logging_mixin.py:188} INFO - [2026-07-14T20:14:22.477+0000] {dag.py:3823} INFO - Setting next_dagrun for dag_etl_camara_diario to 2026-07-13 03:00:00+00:00, run_after=2026-07-14 03:00:00+00:00
[2026-07-14T20:14:22.493+0000] {processor.py:183} INFO - Processing /opt/airflow/dags/dag_etl_camara_diario.py took 0.103 seconds
[2026-07-14T20:14:52.620+0000] {processor.py:161} INFO - Started process (PID=529) to work on /opt/airflow/dags/dag_etl_camara_diario.py
[2026-07-14T20:14:52.621+0000] {processor.py:830} INFO - Processing file /opt/airflow/dags/dag_etl_camara_diario.py for tasks to queue
[2026-07-14T20:14:52.621+0000] {logging_mixin.py:188} INFO - [2026-07-14T20:14:52.621+0000] {dagbag.py:538} INFO - Filling up the DagBag from /opt/airflow/dags/dag_etl_camara_diario.py
[2026-07-14T20:14:52.631+0000] {processor.py:840} INFO - DAG(s) 'dag_etl_camara_diario' retrieved from /opt/airflow/dags/dag_etl_camara_diario.py
[2026-07-14T20:14:52.653+0000] {logging_mixin.py:188} INFO - [2026-07-14T20:14:52.652+0000] {dag.py:3036} INFO - Sync 1 DAGs
[2026-07-14T20:14:52.675+0000] {logging_mixin.py:188} INFO - [2026-07-14T20:14:52.674+0000] {dag.py:3823} INFO - Setting next_dagrun for dag_etl_camara_diario to 2026-07-13 03:00:00+00:00, run_after=2026-07-14 03:00:00+00:00
[2026-07-14T20:14:52.689+0000] {processor.py:183} INFO - Processing /opt/airflow/dags/dag_etl_camara_diario.py took 0.072 seconds
[2026-07-14T20:15:22.818+0000] {processor.py:161} INFO - Started process (PID=544) to work on /opt/airflow/dags/dag_etl_camara_diario.py
[2026-07-14T20:15:22.819+0000] {processor.py:830} INFO - Processing file /opt/airflow/dags/dag_etl_camara_diario.py for tasks to queue
[2026-07-14T20:15:22.820+0000] {logging_mixin.py:188} INFO - [2026-07-14T20:15:22.820+0000] {dagbag.py:538} INFO - Filling up the DagBag from /opt/airflow/dags/dag_etl_camara_diario.py
[2026-07-14T20:15:22.831+0000] {processor.py:840} INFO - DAG(s) 'dag_etl_camara_diario' retrieved from /opt/airflow/dags/dag_etl_camara_diario.py
[2026-07-14T20:15:22.855+0000] {logging_mixin.py:188} INFO - [2026-07-14T20:15:22.855+0000] {dag.py:3036} INFO - Sync 1 DAGs
[2026-07-14T20:15:22.881+0000] {logging_mixin.py:188} INFO - [2026-07-14T20:15:22.880+0000] {dag.py:3823} INFO - Setting next_dagrun for dag_etl_camara_diario to 2026-07-13 03:00:00+00:00, run_after=2026-07-14 03:00:00+00:00
[2026-07-14T20:15:22.898+0000] {processor.py:183} INFO - Processing /opt/airflow/dags/dag_etl_camara_diario.py took 0.082 seconds
[2026-07-14T20:15:53.034+0000] {processor.py:161} INFO - Started process (PID=559) to work on /opt/airflow/dags/dag_etl_camara_diario.py
[2026-07-14T20:15:53.035+0000] {processor.py:830} INFO - Processing file /opt/airflow/dags/dag_etl_camara_diario.py for tasks to queue
[2026-07-14T20:15:53.035+0000] {logging_mixin.py:188} INFO - [2026-07-14T20:15:53.035+0000] {dagbag.py:538} INFO - Filling up the DagBag from /opt/airflow/dags/dag_etl_camara_diario.py
[2026-07-14T20:15:53.045+0000] {processor.py:840} INFO - DAG(s) 'dag_etl_camara_diario' retrieved from /opt/airflow/dags/dag_etl_camara_diario.py
[2026-07-14T20:15:53.068+0000] {logging_mixin.py:188} INFO - [2026-07-14T20:15:53.067+0000] {dag.py:3036} INFO - Sync 1 DAGs
[2026-07-14T20:15:53.092+0000] {logging_mixin.py:188} INFO - [2026-07-14T20:15:53.091+0000] {dag.py:3823} INFO - Setting next_dagrun for dag_etl_camara_diario to 2026-07-13 03:00:00+00:00, run_after=2026-07-14 03:00:00+00:00
[2026-07-14T20:15:53.173+0000] {processor.py:183} INFO - Processing /opt/airflow/dags/dag_etl_camara_diario.py took 0.141 seconds
[2026-07-14T20:16:23.304+0000] {processor.py:161} INFO - Started process (PID=574) to work on /opt/airflow/dags/dag_etl_camara_diario.py
[2026-07-14T20:16:23.305+0000] {processor.py:830} INFO - Processing file /opt/airflow/dags/dag_etl_camara_diario.py for tasks to queue
[2026-07-14T20:16:23.306+0000] {logging_mixin.py:188} INFO - [2026-07-14T20:16:23.306+0000] {dagbag.py:538} INFO - Filling up the DagBag from /opt/airflow/dags/dag_etl_camara_diario.py
[2026-07-14T20:16:23.315+0000] {processor.py:840} INFO - DAG(s) 'dag_etl_camara_diario' retrieved from /opt/airflow/dags/dag_etl_camara_diario.py
[2026-07-14T20:16:23.337+0000] {logging_mixin.py:188} INFO - [2026-07-14T20:16:23.337+0000] {dag.py:3036} INFO - Sync 1 DAGs
[2026-07-14T20:16:23.360+0000] {logging_mixin.py:188} INFO - [2026-07-14T20:16:23.360+0000] {dag.py:3823} INFO - Setting next_dagrun for dag_etl_camara_diario to 2026-07-13 03:00:00+00:00, run_after=2026-07-14 03:00:00+00:00
[2026-07-14T20:16:23.377+0000] {processor.py:183} INFO - Processing /opt/airflow/dags/dag_etl_camara_diario.py took 0.075 seconds
[2026-07-14T20:16:53.509+0000] {processor.py:161} INFO - Started process (PID=589) to work on /opt/airflow/dags/dag_etl_camara_diario.py
[2026-07-14T20:16:53.510+0000] {processor.py:830} INFO - Processing file /opt/airflow/dags/dag_etl_camara_diario.py for tasks to queue
[2026-07-14T20:16:53.510+0000] {logging_mixin.py:188} INFO - [2026-07-14T20:16:53.510+0000] {dagbag.py:538} INFO - Filling up the DagBag from /opt/airflow/dags/dag_etl_camara_diario.py
[2026-07-14T20:16:53.520+0000] {processor.py:840} INFO - DAG(s) 'dag_etl_camara_diario' retrieved from /opt/airflow/dags/dag_etl_camara_diario.py
[2026-07-14T20:16:53.542+0000] {logging_mixin.py:188} INFO - [2026-07-14T20:16:53.542+0000] {dag.py:3036} INFO - Sync 1 DAGs
[2026-07-14T20:16:53.564+0000] {logging_mixin.py:188} INFO - [2026-07-14T20:16:53.563+0000] {dag.py:3823} INFO - Setting next_dagrun for dag_etl_camara_diario to 2026-07-13 03:00:00+00:00, run_after=2026-07-14 03:00:00+00:00
[2026-07-14T20:16:53.579+0000] {processor.py:183} INFO - Processing /opt/airflow/dags/dag_etl_camara_diario.py took 0.073 seconds
[2026-07-14T20:17:23.702+0000] {processor.py:161} INFO - Started process (PID=604) to work on /opt/airflow/dags/dag_etl_camara_diario.py
[2026-07-14T20:17:23.703+0000] {processor.py:830} INFO - Processing file /opt/airflow/dags/dag_etl_camara_diario.py for tasks to queue
[2026-07-14T20:17:23.704+0000] {logging_mixin.py:188} INFO - [2026-07-14T20:17:23.704+0000] {dagbag.py:538} INFO - Filling up the DagBag from /opt/airflow/dags/dag_etl_camara_diario.py
[2026-07-14T20:17:23.713+0000] {processor.py:840} INFO - DAG(s) 'dag_etl_camara_diario' retrieved from /opt/airflow/dags/dag_etl_camara_diario.py
[2026-07-14T20:17:23.735+0000] {logging_mixin.py:188} INFO - [2026-07-14T20:17:23.735+0000] {dag.py:3036} INFO - Sync 1 DAGs
[2026-07-14T20:17:23.756+0000] {logging_mixin.py:188} INFO - [2026-07-14T20:17:23.756+0000] {dag.py:3823} INFO - Setting next_dagrun for dag_etl_camara_diario to 2026-07-13 03:00:00+00:00, run_after=2026-07-14 03:00:00+00:00
[2026-07-14T20:17:23.772+0000] {processor.py:183} INFO - Processing /opt/airflow/dags/dag_etl_camara_diario.py took 0.072 seconds
[2026-07-14T20:17:53.907+0000] {processor.py:161} INFO - Started process (PID=619) to work on /opt/airflow/dags/dag_etl_camara_diario.py
[2026-07-14T20:17:53.908+0000] {processor.py:830} INFO - Processing file /opt/airflow/dags/dag_etl_camara_diario.py for tasks to queue
[2026-07-14T20:17:53.908+0000] {logging_mixin.py:188} INFO - [2026-07-14T20:17:53.908+0000] {dagbag.py:538} INFO - Filling up the DagBag from /opt/airflow/dags/dag_etl_camara_diario.py
[2026-07-14T20:17:53.918+0000] {processor.py:840} INFO - DAG(s) 'dag_etl_camara_diario' retrieved from /opt/airflow/dags/dag_etl_camara_diario.py
[2026-07-14T20:17:53.940+0000] {logging_mixin.py:188} INFO - [2026-07-14T20:17:53.940+0000] {dag.py:3036} INFO - Sync 1 DAGs
[2026-07-14T20:17:53.962+0000] {logging_mixin.py:188} INFO - [2026-07-14T20:17:53.962+0000] {dag.py:3823} INFO - Setting next_dagrun for dag_etl_camara_diario to 2026-07-13 03:00:00+00:00, run_after=2026-07-14 03:00:00+00:00
[2026-07-14T20:17:53.976+0000] {processor.py:183} INFO - Processing /opt/airflow/dags/dag_etl_camara_diario.py took 0.072 seconds
[2026-07-14T20:18:24.108+0000] {processor.py:161} INFO - Started process (PID=634) to work on /opt/airflow/dags/dag_etl_camara_diario.py
[2026-07-14T20:18:24.109+0000] {processor.py:830} INFO - Processing file /opt/airflow/dags/dag_etl_camara_diario.py for tasks to queue
[2026-07-14T20:18:24.109+0000] {logging_mixin.py:188} INFO - [2026-07-14T20:18:24.109+0000] {dagbag.py:538} INFO - Filling up the DagBag from /opt/airflow/dags/dag_etl_camara_diario.py
[2026-07-14T20:18:24.119+0000] {processor.py:840} INFO - DAG(s) 'dag_etl_camara_diario' retrieved from /opt/airflow/dags/dag_etl_camara_diario.py
[2026-07-14T20:18:24.140+0000] {logging_mixin.py:188} INFO - [2026-07-14T20:18:24.140+0000] {dag.py:3036} INFO - Sync 1 DAGs
[2026-07-14T20:18:24.163+0000] {logging_mixin.py:188} INFO - [2026-07-14T20:18:24.163+0000] {dag.py:3823} INFO - Setting next_dagrun for dag_etl_camara_diario to 2026-07-13 03:00:00+00:00, run_after=2026-07-14 03:00:00+00:00
[2026-07-14T20:18:24.179+0000] {processor.py:183} INFO - Processing /opt/airflow/dags/dag_etl_camara_diario.py took 0.074 seconds
[2026-07-14T20:18:54.310+0000] {processor.py:161} INFO - Started process (PID=649) to work on /opt/airflow/dags/dag_etl_camara_diario.py
[2026-07-14T20:18:54.311+0000] {processor.py:830} INFO - Processing file /opt/airflow/dags/dag_etl_camara_diario.py for tasks to queue
[2026-07-14T20:18:54.312+0000] {logging_mixin.py:188} INFO - [2026-07-14T20:18:54.311+0000] {dagbag.py:538} INFO - Filling up the DagBag from /opt/airflow/dags/dag_etl_camara_diario.py
[2026-07-14T20:18:54.322+0000] {processor.py:840} INFO - DAG(s) 'dag_etl_camara_diario' retrieved from /opt/airflow/dags/dag_etl_camara_diario.py
[2026-07-14T20:18:54.345+0000] {logging_mixin.py:188} INFO - [2026-07-14T20:18:54.345+0000] {dag.py:3036} INFO - Sync 1 DAGs
[2026-07-14T20:18:54.369+0000] {logging_mixin.py:188} INFO - [2026-07-14T20:18:54.369+0000] {dag.py:3823} INFO - Setting next_dagrun for dag_etl_camara_diario to 2026-07-13 03:00:00+00:00, run_after=2026-07-14 03:00:00+00:00
[2026-07-14T20:18:54.389+0000] {processor.py:183} INFO - Processing /opt/airflow/dags/dag_etl_camara_diario.py took 0.082 seconds
[2026-07-14T20:19:24.524+0000] {processor.py:161} INFO - Started process (PID=664) to work on /opt/airflow/dags/dag_etl_camara_diario.py
[2026-07-14T20:19:24.525+0000] {processor.py:830} INFO - Processing file /opt/airflow/dags/dag_etl_camara_diario.py for tasks to queue
[2026-07-14T20:19:24.527+0000] {logging_mixin.py:188} INFO - [2026-07-14T20:19:24.526+0000] {dagbag.py:538} INFO - Filling up the DagBag from /opt/airflow/dags/dag_etl_camara_diario.py
[2026-07-14T20:19:24.536+0000] {processor.py:840} INFO - DAG(s) 'dag_etl_camara_diario' retrieved from /opt/airflow/dags/dag_etl_camara_diario.py
[2026-07-14T20:19:24.559+0000] {logging_mixin.py:188} INFO - [2026-07-14T20:19:24.559+0000] {dag.py:3036} INFO - Sync 1 DAGs
[2026-07-14T20:19:24.582+0000] {logging_mixin.py:188} INFO - [2026-07-14T20:19:24.582+0000] {dag.py:3823} INFO - Setting next_dagrun for dag_etl_camara_diario to 2026-07-13 03:00:00+00:00, run_after=2026-07-14 03:00:00+00:00
[2026-07-14T20:19:24.601+0000] {processor.py:183} INFO - Processing /opt/airflow/dags/dag_etl_camara_diario.py took 0.079 seconds
[2026-07-14T20:19:54.732+0000] {processor.py:161} INFO - Started process (PID=679) to work on /opt/airflow/dags/dag_etl_camara_diario.py
[2026-07-14T20:19:54.733+0000] {processor.py:830} INFO - Processing file /opt/airflow/dags/dag_etl_camara_diario.py for tasks to queue
[2026-07-14T20:19:54.733+0000] {logging_mixin.py:188} INFO - [2026-07-14T20:19:54.733+0000] {dagbag.py:538} INFO - Filling up the DagBag from /opt/airflow/dags/dag_etl_camara_diario.py
[2026-07-14T20:19:54.742+0000] {processor.py:840} INFO - DAG(s) 'dag_etl_camara_diario' retrieved from /opt/airflow/dags/dag_etl_camara_diario.py
[2026-07-14T20:19:54.763+0000] {logging_mixin.py:188} INFO - [2026-07-14T20:19:54.763+0000] {dag.py:3036} INFO - Sync 1 DAGs
[2026-07-14T20:19:54.785+0000] {logging_mixin.py:188} INFO - [2026-07-14T20:19:54.785+0000] {dag.py:3823} INFO - Setting next_dagrun for dag_etl_camara_diario to 2026-07-13 03:00:00+00:00, run_after=2026-07-14 03:00:00+00:00
[2026-07-14T20:19:54.804+0000] {processor.py:183} INFO - Processing /opt/airflow/dags/dag_etl_camara_diario.py took 0.074 seconds
[2026-07-14T20:20:24.934+0000] {processor.py:161} INFO - Started process (PID=694) to work on /opt/airflow/dags/dag_etl_camara_diario.py
[2026-07-14T20:20:24.934+0000] {processor.py:830} INFO - Processing file /opt/airflow/dags/dag_etl_camara_diario.py for tasks to queue
[2026-07-14T20:20:24.935+0000] {logging_mixin.py:188} INFO - [2026-07-14T20:20:24.935+0000] {dagbag.py:538} INFO - Filling up the DagBag from /opt/airflow/dags/dag_etl_camara_diario.py
[2026-07-14T20:20:24.944+0000] {processor.py:840} INFO - DAG(s) 'dag_etl_camara_diario' retrieved from /opt/airflow/dags/dag_etl_camara_diario.py
[2026-07-14T20:20:24.967+0000] {logging_mixin.py:188} INFO - [2026-07-14T20:20:24.967+0000] {dag.py:3036} INFO - Sync 1 DAGs
[2026-07-14T20:20:24.990+0000] {logging_mixin.py:188} INFO - [2026-07-14T20:20:24.990+0000] {dag.py:3823} INFO - Setting next_dagrun for dag_etl_camara_diario to 2026-07-13 03:00:00+00:00, run_after=2026-07-14 03:00:00+00:00
[2026-07-14T20:20:25.006+0000] {processor.py:183} INFO - Processing /opt/airflow/dags/dag_etl_camara_diario.py took 0.075 seconds
[2026-07-14T20:20:55.138+0000] {processor.py:161} INFO - Started process (PID=709) to work on /opt/airflow/dags/dag_etl_camara_diario.py
[2026-07-14T20:20:55.138+0000] {processor.py:830} INFO - Processing file /opt/airflow/dags/dag_etl_camara_diario.py for tasks to queue
[2026-07-14T20:20:55.139+0000] {logging_mixin.py:188} INFO - [2026-07-14T20:20:55.139+0000] {dagbag.py:538} INFO - Filling up the DagBag from /opt/airflow/dags/dag_etl_camara_diario.py
[2026-07-14T20:20:55.150+0000] {processor.py:840} INFO - DAG(s) 'dag_etl_camara_diario' retrieved from /opt/airflow/dags/dag_etl_camara_diario.py
[2026-07-14T20:20:55.174+0000] {logging_mixin.py:188} INFO - [2026-07-14T20:20:55.174+0000] {dag.py:3036} INFO - Sync 1 DAGs
[2026-07-14T20:20:55.197+0000] {logging_mixin.py:188} INFO - [2026-07-14T20:20:55.197+0000] {dag.py:3823} INFO - Setting next_dagrun for dag_etl_camara_diario to 2026-07-13 03:00:00+00:00, run_after=2026-07-14 03:00:00+00:00
[2026-07-14T20:20:55.218+0000] {processor.py:183} INFO - Processing /opt/airflow/dags/dag_etl_camara_diario.py took 0.083 seconds
[2026-07-14T20:21:25.350+0000] {processor.py:161} INFO - Started process (PID=724) to work on /opt/airflow/dags/dag_etl_camara_diario.py
[2026-07-14T20:21:25.351+0000] {processor.py:830} INFO - Processing file /opt/airflow/dags/dag_etl_camara_diario.py for tasks to queue
[2026-07-14T20:21:25.352+0000] {logging_mixin.py:188} INFO - [2026-07-14T20:21:25.351+0000] {dagbag.py:538} INFO - Filling up the DagBag from /opt/airflow/dags/dag_etl_camara_diario.py
[2026-07-14T20:21:25.362+0000] {processor.py:840} INFO - DAG(s) 'dag_etl_camara_diario' retrieved from /opt/airflow/dags/dag_etl_camara_diario.py
[2026-07-14T20:21:25.385+0000] {logging_mixin.py:188} INFO - [2026-07-14T20:21:25.384+0000] {dag.py:3036} INFO - Sync 1 DAGs
[2026-07-14T20:21:25.407+0000] {logging_mixin.py:188} INFO - [2026-07-14T20:21:25.406+0000] {dag.py:3823} INFO - Setting next_dagrun for dag_etl_camara_diario to 2026-07-13 03:00:00+00:00, run_after=2026-07-14 03:00:00+00:00
[2026-07-14T20:21:25.424+0000] {processor.py:183} INFO - Processing /opt/airflow/dags/dag_etl_camara_diario.py took 0.076 seconds
[2026-07-14T20:21:55.551+0000] {processor.py:161} INFO - Started process (PID=739) to work on /opt/airflow/dags/dag_etl_camara_diario.py
[2026-07-14T20:21:55.552+0000] {processor.py:830} INFO - Processing file /opt/airflow/dags/dag_etl_camara_diario.py for tasks to queue
[2026-07-14T20:21:55.552+0000] {logging_mixin.py:188} INFO - [2026-07-14T20:21:55.552+0000] {dagbag.py:538} INFO - Filling up the DagBag from /opt/airflow/dags/dag_etl_camara_diario.py
[2026-07-14T20:21:55.562+0000] {processor.py:840} INFO - DAG(s) 'dag_etl_camara_diario' retrieved from /opt/airflow/dags/dag_etl_camara_diario.py
[2026-07-14T20:21:55.583+0000] {logging_mixin.py:188} INFO - [2026-07-14T20:21:55.583+0000] {dag.py:3036} INFO - Sync 1 DAGs
[2026-07-14T20:21:55.605+0000] {logging_mixin.py:188} INFO - [2026-07-14T20:21:55.604+0000] {dag.py:3823} INFO - Setting next_dagrun for dag_etl_camara_diario to 2026-07-13 03:00:00+00:00, run_after=2026-07-14 03:00:00+00:00
[2026-07-14T20:21:55.623+0000] {processor.py:183} INFO - Processing /opt/airflow/dags/dag_etl_camara_diario.py took 0.074 seconds
[2026-07-14T20:22:25.751+0000] {processor.py:161} INFO - Started process (PID=754) to work on /opt/airflow/dags/dag_etl_camara_diario.py
[2026-07-14T20:22:25.752+0000] {processor.py:830} INFO - Processing file /opt/airflow/dags/dag_etl_camara_diario.py for tasks to queue
[2026-07-14T20:22:25.753+0000] {logging_mixin.py:188} INFO - [2026-07-14T20:22:25.752+0000] {dagbag.py:538} INFO - Filling up the DagBag from /opt/airflow/dags/dag_etl_camara_diario.py
[2026-07-14T20:22:25.762+0000] {processor.py:840} INFO - DAG(s) 'dag_etl_camara_diario' retrieved from /opt/airflow/dags/dag_etl_camara_diario.py
[2026-07-14T20:22:25.785+0000] {logging_mixin.py:188} INFO - [2026-07-14T20:22:25.785+0000] {dag.py:3036} INFO - Sync 1 DAGs
[2026-07-14T20:22:25.808+0000] {logging_mixin.py:188} INFO - [2026-07-14T20:22:25.807+0000] {dag.py:3823} INFO - Setting next_dagrun for dag_etl_camara_diario to 2026-07-13 03:00:00+00:00, run_after=2026-07-14 03:00:00+00:00
[2026-07-14T20:22:25.823+0000] {processor.py:183} INFO - Processing /opt/airflow/dags/dag_etl_camara_diario.py took 0.074 seconds
[2026-07-14T20:22:55.960+0000] {processor.py:161} INFO - Started process (PID=769) to work on /opt/airflow/dags/dag_etl_camara_diario.py
[2026-07-14T20:22:55.960+0000] {processor.py:830} INFO - Processing file /opt/airflow/dags/dag_etl_camara_diario.py for tasks to queue
[2026-07-14T20:22:55.961+0000] {logging_mixin.py:188} INFO - [2026-07-14T20:22:55.961+0000] {dagbag.py:538} INFO - Filling up the DagBag from /opt/airflow/dags/dag_etl_camara_diario.py
[2026-07-14T20:22:55.970+0000] {processor.py:840} INFO - DAG(s) 'dag_etl_camara_diario' retrieved from /opt/airflow/dags/dag_etl_camara_diario.py
[2026-07-14T20:22:55.991+0000] {logging_mixin.py:188} INFO - [2026-07-14T20:22:55.991+0000] {dag.py:3036} INFO - Sync 1 DAGs
[2026-07-14T20:22:56.013+0000] {logging_mixin.py:188} INFO - [2026-07-14T20:22:56.013+0000] {dag.py:3823} INFO - Setting next_dagrun for dag_etl_camara_diario to 2026-07-13 03:00:00+00:00, run_after=2026-07-14 03:00:00+00:00
[2026-07-14T20:22:56.029+0000] {processor.py:183} INFO - Processing /opt/airflow/dags/dag_etl_camara_diario.py took 0.072 seconds
[2026-07-14T20:23:26.153+0000] {processor.py:161} INFO - Started process (PID=784) to work on /opt/airflow/dags/dag_etl_camara_diario.py
[2026-07-14T20:23:26.154+0000] {processor.py:830} INFO - Processing file /opt/airflow/dags/dag_etl_camara_diario.py for tasks to queue
[2026-07-14T20:23:26.155+0000] {logging_mixin.py:188} INFO - [2026-07-14T20:23:26.155+0000] {dagbag.py:538} INFO - Filling up the DagBag from /opt/airflow/dags/dag_etl_camara_diario.py
[2026-07-14T20:23:26.165+0000] {processor.py:840} INFO - DAG(s) 'dag_etl_camara_diario' retrieved from /opt/airflow/dags/dag_etl_camara_diario.py
[2026-07-14T20:23:26.187+0000] {logging_mixin.py:188} INFO - [2026-07-14T20:23:26.187+0000] {dag.py:3036} INFO - Sync 1 DAGs
[2026-07-14T20:23:26.210+0000] {logging_mixin.py:188} INFO - [2026-07-14T20:23:26.210+0000] {dag.py:3823} INFO - Setting next_dagrun for dag_etl_camara_diario to 2026-07-13 03:00:00+00:00, run_after=2026-07-14 03:00:00+00:00
[2026-07-14T20:23:26.225+0000] {processor.py:183} INFO - Processing /opt/airflow/dags/dag_etl_camara_diario.py took 0.074 seconds
[2026-07-14T20:23:56.355+0000] {processor.py:161} INFO - Started process (PID=799) to work on /opt/airflow/dags/dag_etl_camara_diario.py
[2026-07-14T20:23:56.355+0000] {processor.py:830} INFO - Processing file /opt/airflow/dags/dag_etl_camara_diario.py for tasks to queue
[2026-07-14T20:23:56.356+0000] {logging_mixin.py:188} INFO - [2026-07-14T20:23:56.356+0000] {dagbag.py:538} INFO - Filling up the DagBag from /opt/airflow/dags/dag_etl_camara_diario.py
[2026-07-14T20:23:56.366+0000] {processor.py:840} INFO - DAG(s) 'dag_etl_camara_diario' retrieved from /opt/airflow/dags/dag_etl_camara_diario.py
[2026-07-14T20:23:56.391+0000] {logging_mixin.py:188} INFO - [2026-07-14T20:23:56.390+0000] {dag.py:3036} INFO - Sync 1 DAGs
[2026-07-14T20:23:56.418+0000] {logging_mixin.py:188} INFO - [2026-07-14T20:23:56.417+0000] {dag.py:3823} INFO - Setting next_dagrun for dag_etl_camara_diario to 2026-07-13 03:00:00+00:00, run_after=2026-07-14 03:00:00+00:00
[2026-07-14T20:23:56.436+0000] {processor.py:183} INFO - Processing /opt/airflow/dags/dag_etl_camara_diario.py took 0.085 seconds
[2026-07-14T20:24:26.563+0000] {processor.py:161} INFO - Started process (PID=814) to work on /opt/airflow/dags/dag_etl_camara_diario.py
[2026-07-14T20:24:26.564+0000] {processor.py:830} INFO - Processing file /opt/airflow/dags/dag_etl_camara_diario.py for tasks to queue
[2026-07-14T20:24:26.564+0000] {logging_mixin.py:188} INFO - [2026-07-14T20:24:26.564+0000] {dagbag.py:538} INFO - Filling up the DagBag from /opt/airflow/dags/dag_etl_camara_diario.py
[2026-07-14T20:24:26.574+0000] {processor.py:840} INFO - DAG(s) 'dag_etl_camara_diario' retrieved from /opt/airflow/dags/dag_etl_camara_diario.py
[2026-07-14T20:24:26.595+0000] {logging_mixin.py:188} INFO - [2026-07-14T20:24:26.594+0000] {dag.py:3036} INFO - Sync 1 DAGs
[2026-07-14T20:24:26.616+0000] {logging_mixin.py:188} INFO - [2026-07-14T20:24:26.616+0000] {dag.py:3823} INFO - Setting next_dagrun for dag_etl_camara_diario to 2026-07-13 03:00:00+00:00, run_after=2026-07-14 03:00:00+00:00
[2026-07-14T20:24:26.632+0000] {processor.py:183} INFO - Processing /opt/airflow/dags/dag_etl_camara_diario.py took 0.071 seconds
[2026-07-14T20:24:56.761+0000] {processor.py:161} INFO - Started process (PID=829) to work on /opt/airflow/dags/dag_etl_camara_diario.py
[2026-07-14T20:24:56.762+0000] {processor.py:830} INFO - Processing file /opt/airflow/dags/dag_etl_camara_diario.py for tasks to queue
[2026-07-14T20:24:56.763+0000] {logging_mixin.py:188} INFO - [2026-07-14T20:24:56.762+0000] {dagbag.py:538} INFO - Filling up the DagBag from /opt/airflow/dags/dag_etl_camara_diario.py
[2026-07-14T20:24:56.772+0000] {processor.py:840} INFO - DAG(s) 'dag_etl_camara_diario' retrieved from /opt/airflow/dags/dag_etl_camara_diario.py
[2026-07-14T20:24:56.795+0000] {logging_mixin.py:188} INFO - [2026-07-14T20:24:56.795+0000] {dag.py:3036} INFO - Sync 1 DAGs
[2026-07-14T20:24:56.817+0000] {logging_mixin.py:188} INFO - [2026-07-14T20:24:56.817+0000] {dag.py:3823} INFO - Setting next_dagrun for dag_etl_camara_diario to 2026-07-13 03:00:00+00:00, run_after=2026-07-14 03:00:00+00:00
[2026-07-14T20:24:56.832+0000] {processor.py:183} INFO - Processing /opt/airflow/dags/dag_etl_camara_diario.py took 0.073 seconds
[2026-07-14T20:25:26.964+0000] {processor.py:161} INFO - Started process (PID=844) to work on /opt/airflow/dags/dag_etl_camara_diario.py
[2026-07-14T20:25:26.965+0000] {processor.py:830} INFO - Processing file /opt/airflow/dags/dag_etl_camara_diario.py for tasks to queue
[2026-07-14T20:25:26.966+0000] {logging_mixin.py:188} INFO - [2026-07-14T20:25:26.965+0000] {dagbag.py:538} INFO - Filling up the DagBag from /opt/airflow/dags/dag_etl_camara_diario.py
[2026-07-14T20:25:26.976+0000] {processor.py:840} INFO - DAG(s) 'dag_etl_camara_diario' retrieved from /opt/airflow/dags/dag_etl_camara_diario.py
[2026-07-14T20:25:26.998+0000] {logging_mixin.py:188} INFO - [2026-07-14T20:25:26.998+0000] {dag.py:3036} INFO - Sync 1 DAGs
[2026-07-14T20:25:27.020+0000] {logging_mixin.py:188} INFO - [2026-07-14T20:25:27.020+0000] {dag.py:3823} INFO - Setting next_dagrun for dag_etl_camara_diario to 2026-07-13 03:00:00+00:00, run_after=2026-07-14 03:00:00+00:00
[2026-07-14T20:25:27.036+0000] {processor.py:183} INFO - Processing /opt/airflow/dags/dag_etl_camara_diario.py took 0.075 seconds
[2026-07-14T20:25:57.164+0000] {processor.py:161} INFO - Started process (PID=859) to work on /opt/airflow/dags/dag_etl_camara_diario.py
[2026-07-14T20:25:57.165+0000] {processor.py:830} INFO - Processing file /opt/airflow/dags/dag_etl_camara_diario.py for tasks to queue
[2026-07-14T20:25:57.166+0000] {logging_mixin.py:188} INFO - [2026-07-14T20:25:57.165+0000] {dagbag.py:538} INFO - Filling up the DagBag from /opt/airflow/dags/dag_etl_camara_diario.py
[2026-07-14T20:25:57.175+0000] {processor.py:840} INFO - DAG(s) 'dag_etl_camara_diario' retrieved from /opt/airflow/dags/dag_etl_camara_diario.py
[2026-07-14T20:25:57.196+0000] {logging_mixin.py:188} INFO - [2026-07-14T20:25:57.196+0000] {dag.py:3036} INFO - Sync 1 DAGs
[2026-07-14T20:25:57.218+0000] {logging_mixin.py:188} INFO - [2026-07-14T20:25:57.217+0000] {dag.py:3823} INFO - Setting next_dagrun for dag_etl_camara_diario to 2026-07-13 03:00:00+00:00, run_after=2026-07-14 03:00:00+00:00
[2026-07-14T20:25:57.233+0000] {processor.py:183} INFO - Processing /opt/airflow/dags/dag_etl_camara_diario.py took 0.071 seconds
[2026-07-14T20:26:27.362+0000] {processor.py:161} INFO - Started process (PID=874) to work on /opt/airflow/dags/dag_etl_camara_diario.py
[2026-07-14T20:26:27.363+0000] {processor.py:830} INFO - Processing file /opt/airflow/dags/dag_etl_camara_diario.py for tasks to queue
[2026-07-14T20:26:27.364+0000] {logging_mixin.py:188} INFO - [2026-07-14T20:26:27.363+0000] {dagbag.py:538} INFO - Filling up the DagBag from /opt/airflow/dags/dag_etl_camara_diario.py
[2026-07-14T20:26:27.372+0000] {processor.py:840} INFO - DAG(s) 'dag_etl_camara_diario' retrieved from /opt/airflow/dags/dag_etl_camara_diario.py
[2026-07-14T20:26:27.394+0000] {logging_mixin.py:188} INFO - [2026-07-14T20:26:27.394+0000] {dag.py:3036} INFO - Sync 1 DAGs
[2026-07-14T20:26:27.416+0000] {logging_mixin.py:188} INFO - [2026-07-14T20:26:27.416+0000] {dag.py:3823} INFO - Setting next_dagrun for dag_etl_camara_diario to 2026-07-13 03:00:00+00:00, run_after=2026-07-14 03:00:00+00:00
[2026-07-14T20:26:27.432+0000] {processor.py:183} INFO - Processing /opt/airflow/dags/dag_etl_camara_diario.py took 0.072 seconds
[2026-07-14T20:26:57.564+0000] {processor.py:161} INFO - Started process (PID=889) to work on /opt/airflow/dags/dag_etl_camara_diario.py
[2026-07-14T20:26:57.565+0000] {processor.py:830} INFO - Processing file /opt/airflow/dags/dag_etl_camara_diario.py for tasks to queue
[2026-07-14T20:26:57.566+0000] {logging_mixin.py:188} INFO - [2026-07-14T20:26:57.565+0000] {dagbag.py:538} INFO - Filling up the DagBag from /opt/airflow/dags/dag_etl_camara_diario.py
[2026-07-14T20:26:57.575+0000] {processor.py:840} INFO - DAG(s) 'dag_etl_camara_diario' retrieved from /opt/airflow/dags/dag_etl_camara_diario.py
[2026-07-14T20:26:57.597+0000] {logging_mixin.py:188} INFO - [2026-07-14T20:26:57.597+0000] {dag.py:3036} INFO - Sync 1 DAGs
[2026-07-14T20:26:57.620+0000] {logging_mixin.py:188} INFO - [2026-07-14T20:26:57.619+0000] {dag.py:3823} INFO - Setting next_dagrun for dag_etl_camara_diario to 2026-07-13 03:00:00+00:00, run_after=2026-07-14 03:00:00+00:00
[2026-07-14T20:26:57.636+0000] {processor.py:183} INFO - Processing /opt/airflow/dags/dag_etl_camara_diario.py took 0.075 seconds
[2026-07-14T20:27:27.770+0000] {processor.py:161} INFO - Started process (PID=904) to work on /opt/airflow/dags/dag_etl_camara_diario.py
[2026-07-14T20:27:27.771+0000] {processor.py:830} INFO - Processing file /opt/airflow/dags/dag_etl_camara_diario.py for tasks to queue
[2026-07-14T20:27:27.772+0000] {logging_mixin.py:188} INFO - [2026-07-14T20:27:27.772+0000] {dagbag.py:538} INFO - Filling up the DagBag from /opt/airflow/dags/dag_etl_camara_diario.py
[2026-07-14T20:27:27.786+0000] {processor.py:840} INFO - DAG(s) 'dag_etl_camara_diario' retrieved from /opt/airflow/dags/dag_etl_camara_diario.py
[2026-07-14T20:27:27.819+0000] {logging_mixin.py:188} INFO - [2026-07-14T20:27:27.818+0000] {dag.py:3036} INFO - Sync 1 DAGs
[2026-07-14T20:27:27.851+0000] {logging_mixin.py:188} INFO - [2026-07-14T20:27:27.851+0000] {dag.py:3823} INFO - Setting next_dagrun for dag_etl_camara_diario to 2026-07-13 03:00:00+00:00, run_after=2026-07-14 03:00:00+00:00
[2026-07-14T20:27:27.875+0000] {processor.py:183} INFO - Processing /opt/airflow/dags/dag_etl_camara_diario.py took 0.108 seconds
[2026-07-14T20:27:58.026+0000] {processor.py:161} INFO - Started process (PID=919) to work on /opt/airflow/dags/dag_etl_camara_diario.py
[2026-07-14T20:27:58.027+0000] {processor.py:830} INFO - Processing file /opt/airflow/dags/dag_etl_camara_diario.py for tasks to queue
[2026-07-14T20:27:58.027+0000] {logging_mixin.py:188} INFO - [2026-07-14T20:27:58.027+0000] {dagbag.py:538} INFO - Filling up the DagBag from /opt/airflow/dags/dag_etl_camara_diario.py
[2026-07-14T20:27:58.038+0000] {processor.py:840} INFO - DAG(s) 'dag_etl_camara_diario' retrieved from /opt/airflow/dags/dag_etl_camara_diario.py
[2026-07-14T20:27:58.062+0000] {logging_mixin.py:188} INFO - [2026-07-14T20:27:58.061+0000] {dag.py:3036} INFO - Sync 1 DAGs
[2026-07-14T20:27:58.086+0000] {logging_mixin.py:188} INFO - [2026-07-14T20:27:58.086+0000] {dag.py:3823} INFO - Setting next_dagrun for dag_etl_camara_diario to 2026-07-13 03:00:00+00:00, run_after=2026-07-14 03:00:00+00:00
[2026-07-14T20:27:58.102+0000] {processor.py:183} INFO - Processing /opt/airflow/dags/dag_etl_camara_diario.py took 0.079 seconds
[2026-07-14T20:28:28.231+0000] {processor.py:161} INFO - Started process (PID=934) to work on /opt/airflow/dags/dag_etl_camara_diario.py
[2026-07-14T20:28:28.232+0000] {processor.py:830} INFO - Processing file /opt/airflow/dags/dag_etl_camara_diario.py for tasks to queue
[2026-07-14T20:28:28.233+0000] {logging_mixin.py:188} INFO - [2026-07-14T20:28:28.232+0000] {dagbag.py:538} INFO - Filling up the DagBag from /opt/airflow/dags/dag_etl_camara_diario.py
[2026-07-14T20:28:28.242+0000] {processor.py:840} INFO - DAG(s) 'dag_etl_camara_diario' retrieved from /opt/airflow/dags/dag_etl_camara_diario.py
[2026-07-14T20:28:28.263+0000] {logging_mixin.py:188} INFO - [2026-07-14T20:28:28.263+0000] {dag.py:3036} INFO - Sync 1 DAGs
[2026-07-14T20:28:28.287+0000] {logging_mixin.py:188} INFO - [2026-07-14T20:28:28.287+0000] {dag.py:3823} INFO - Setting next_dagrun for dag_etl_camara_diario to 2026-07-13 03:00:00+00:00, run_after=2026-07-14 03:00:00+00:00
[2026-07-14T20:28:28.303+0000] {processor.py:183} INFO - Processing /opt/airflow/dags/dag_etl_camara_diario.py took 0.075 seconds
[2026-07-14T20:28:58.435+0000] {processor.py:161} INFO - Started process (PID=949) to work on /opt/airflow/dags/dag_etl_camara_diario.py
[2026-07-14T20:28:58.436+0000] {processor.py:830} INFO - Processing file /opt/airflow/dags/dag_etl_camara_diario.py for tasks to queue
[2026-07-14T20:28:58.436+0000] {logging_mixin.py:188} INFO - [2026-07-14T20:28:58.436+0000] {dagbag.py:538} INFO - Filling up the DagBag from /opt/airflow/dags/dag_etl_camara_diario.py
[2026-07-14T20:28:58.448+0000] {processor.py:840} INFO - DAG(s) 'dag_etl_camara_diario' retrieved from /opt/airflow/dags/dag_etl_camara_diario.py
[2026-07-14T20:28:58.470+0000] {logging_mixin.py:188} INFO - [2026-07-14T20:28:58.470+0000] {dag.py:3036} INFO - Sync 1 DAGs
[2026-07-14T20:28:58.493+0000] {logging_mixin.py:188} INFO - [2026-07-14T20:28:58.493+0000] {dag.py:3823} INFO - Setting next_dagrun for dag_etl_camara_diario to 2026-07-13 03:00:00+00:00, run_after=2026-07-14 03:00:00+00:00
[2026-07-14T20:28:58.511+0000] {processor.py:183} INFO - Processing /opt/airflow/dags/dag_etl_camara_diario.py took 0.079 seconds
[2026-07-14T20:29:28.646+0000] {processor.py:161} INFO - Started process (PID=964) to work on /opt/airflow/dags/dag_etl_camara_diario.py
[2026-07-14T20:29:28.647+0000] {processor.py:830} INFO - Processing file /opt/airflow/dags/dag_etl_camara_diario.py for tasks to queue
[2026-07-14T20:29:28.647+0000] {logging_mixin.py:188} INFO - [2026-07-14T20:29:28.647+0000] {dagbag.py:538} INFO - Filling up the DagBag from /opt/airflow/dags/dag_etl_camara_diario.py
[2026-07-14T20:29:28.657+0000] {processor.py:840} INFO - DAG(s) 'dag_etl_camara_diario' retrieved from /opt/airflow/dags/dag_etl_camara_diario.py
[2026-07-14T20:29:28.679+0000] {logging_mixin.py:188} INFO - [2026-07-14T20:29:28.678+0000] {dag.py:3036} INFO - Sync 1 DAGs
[2026-07-14T20:29:28.702+0000] {logging_mixin.py:188} INFO - [2026-07-14T20:29:28.702+0000] {dag.py:3823} INFO - Setting next_dagrun for dag_etl_camara_diario to 2026-07-13 03:00:00+00:00, run_after=2026-07-14 03:00:00+00:00
[2026-07-14T20:29:28.719+0000] {processor.py:183} INFO - Processing /opt/airflow/dags/dag_etl_camara_diario.py took 0.075 seconds
[2026-07-14T20:29:58.850+0000] {processor.py:161} INFO - Started process (PID=979) to work on /opt/airflow/dags/dag_etl_camara_diario.py
[2026-07-14T20:29:58.851+0000] {processor.py:830} INFO - Processing file /opt/airflow/dags/dag_etl_camara_diario.py for tasks to queue
[2026-07-14T20:29:58.851+0000] {logging_mixin.py:188} INFO - [2026-07-14T20:29:58.851+0000] {dagbag.py:538} INFO - Filling up the DagBag from /opt/airflow/dags/dag_etl_camara_diario.py
[2026-07-14T20:29:58.860+0000] {processor.py:840} INFO - DAG(s) 'dag_etl_camara_diario' retrieved from /opt/airflow/dags/dag_etl_camara_diario.py
[2026-07-14T20:29:58.882+0000] {logging_mixin.py:188} INFO - [2026-07-14T20:29:58.881+0000] {dag.py:3036} INFO - Sync 1 DAGs
[2026-07-14T20:29:58.905+0000] {logging_mixin.py:188} INFO - [2026-07-14T20:29:58.905+0000] {dag.py:3823} INFO - Setting next_dagrun for dag_etl_camara_diario to 2026-07-13 03:00:00+00:00, run_after=2026-07-14 03:00:00+00:00
[2026-07-14T20:29:58.921+0000] {processor.py:183} INFO - Processing /opt/airflow/dags/dag_etl_camara_diario.py took 0.074 seconds
[2026-07-14T20:30:29.049+0000] {processor.py:161} INFO - Started process (PID=994) to work on /opt/airflow/dags/dag_etl_camara_diario.py
[2026-07-14T20:30:29.050+0000] {processor.py:830} INFO - Processing file /opt/airflow/dags/dag_etl_camara_diario.py for tasks to queue
[2026-07-14T20:30:29.051+0000] {logging_mixin.py:188} INFO - [2026-07-14T20:30:29.051+0000] {dagbag.py:538} INFO - Filling up the DagBag from /opt/airflow/dags/dag_etl_camara_diario.py
[2026-07-14T20:30:29.061+0000] {processor.py:840} INFO - DAG(s) 'dag_etl_camara_diario' retrieved from /opt/airflow/dags/dag_etl_camara_diario.py
[2026-07-14T20:30:29.083+0000] {logging_mixin.py:188} INFO - [2026-07-14T20:30:29.083+0000] {dag.py:3036} INFO - Sync 1 DAGs
[2026-07-14T20:30:29.106+0000] {logging_mixin.py:188} INFO - [2026-07-14T20:30:29.106+0000] {dag.py:3823} INFO - Setting next_dagrun for dag_etl_camara_diario to 2026-07-13 03:00:00+00:00, run_after=2026-07-14 03:00:00+00:00
[2026-07-14T20:30:29.123+0000] {processor.py:183} INFO - Processing /opt/airflow/dags/dag_etl_camara_diario.py took 0.076 seconds
[2026-07-14T20:30:59.254+0000] {processor.py:161} INFO - Started process (PID=1009) to work on /opt/airflow/dags/dag_etl_camara_diario.py
[2026-07-14T20:30:59.255+0000] {processor.py:830} INFO - Processing file /opt/airflow/dags/dag_etl_camara_diario.py for tasks to queue
[2026-07-14T20:30:59.255+0000] {logging_mixin.py:188} INFO - [2026-07-14T20:30:59.255+0000] {dagbag.py:538} INFO - Filling up the DagBag from /opt/airflow/dags/dag_etl_camara_diario.py
[2026-07-14T20:30:59.265+0000] {processor.py:840} INFO - DAG(s) 'dag_etl_camara_diario' retrieved from /opt/airflow/dags/dag_etl_camara_diario.py
[2026-07-14T20:30:59.288+0000] {logging_mixin.py:188} INFO - [2026-07-14T20:30:59.288+0000] {dag.py:3036} INFO - Sync 1 DAGs
[2026-07-14T20:30:59.311+0000] {logging_mixin.py:188} INFO - [2026-07-14T20:30:59.311+0000] {dag.py:3823} INFO - Setting next_dagrun for dag_etl_camara_diario to 2026-07-13 03:00:00+00:00, run_after=2026-07-14 03:00:00+00:00
[2026-07-14T20:30:59.326+0000] {processor.py:183} INFO - Processing /opt/airflow/dags/dag_etl_camara_diario.py took 0.075 seconds
[2026-07-14T20:31:29.451+0000] {processor.py:161} INFO - Started process (PID=1024) to work on /opt/airflow/dags/dag_etl_camara_diario.py
[2026-07-14T20:31:29.452+0000] {processor.py:830} INFO - Processing file /opt/airflow/dags/dag_etl_camara_diario.py for tasks to queue
[2026-07-14T20:31:29.453+0000] {logging_mixin.py:188} INFO - [2026-07-14T20:31:29.453+0000] {dagbag.py:538} INFO - Filling up the DagBag from /opt/airflow/dags/dag_etl_camara_diario.py
[2026-07-14T20:31:29.463+0000] {processor.py:840} INFO - DAG(s) 'dag_etl_camara_diario' retrieved from /opt/airflow/dags/dag_etl_camara_diario.py
[2026-07-14T20:31:29.484+0000] {logging_mixin.py:188} INFO - [2026-07-14T20:31:29.484+0000] {dag.py:3036} INFO - Sync 1 DAGs
[2026-07-14T20:31:29.506+0000] {logging_mixin.py:188} INFO - [2026-07-14T20:31:29.506+0000] {dag.py:3823} INFO - Setting next_dagrun for dag_etl_camara_diario to 2026-07-13 03:00:00+00:00, run_after=2026-07-14 03:00:00+00:00
[2026-07-14T20:31:29.522+0000] {processor.py:183} INFO - Processing /opt/airflow/dags/dag_etl_camara_diario.py took 0.073 seconds
[2026-07-14T20:31:59.651+0000] {processor.py:161} INFO - Started process (PID=1039) to work on /opt/airflow/dags/dag_etl_camara_diario.py
[2026-07-14T20:31:59.651+0000] {processor.py:830} INFO - Processing file /opt/airflow/dags/dag_etl_camara_diario.py for tasks to queue
[2026-07-14T20:31:59.652+0000] {logging_mixin.py:188} INFO - [2026-07-14T20:31:59.652+0000] {dagbag.py:538} INFO - Filling up the DagBag from /opt/airflow/dags/dag_etl_camara_diario.py
[2026-07-14T20:31:59.661+0000] {processor.py:840} INFO - DAG(s) 'dag_etl_camara_diario' retrieved from /opt/airflow/dags/dag_etl_camara_diario.py
[2026-07-14T20:31:59.682+0000] {logging_mixin.py:188} INFO - [2026-07-14T20:31:59.682+0000] {dag.py:3036} INFO - Sync 1 DAGs
[2026-07-14T20:31:59.705+0000] {logging_mixin.py:188} INFO - [2026-07-14T20:31:59.705+0000] {dag.py:3823} INFO - Setting next_dagrun for dag_etl_camara_diario to 2026-07-13 03:00:00+00:00, run_after=2026-07-14 03:00:00+00:00
[2026-07-14T20:31:59.721+0000] {processor.py:183} INFO - Processing /opt/airflow/dags/dag_etl_camara_diario.py took 0.072 seconds
[2026-07-14T20:32:29.852+0000] {processor.py:161} INFO - Started process (PID=1054) to work on /opt/airflow/dags/dag_etl_camara_diario.py
[2026-07-14T20:32:29.853+0000] {processor.py:830} INFO - Processing file /opt/airflow/dags/dag_etl_camara_diario.py for tasks to queue
[2026-07-14T20:32:29.854+0000] {logging_mixin.py:188} INFO - [2026-07-14T20:32:29.854+0000] {dagbag.py:538} INFO - Filling up the DagBag from /opt/airflow/dags/dag_etl_camara_diario.py
[2026-07-14T20:32:29.864+0000] {processor.py:840} INFO - DAG(s) 'dag_etl_camara_diario' retrieved from /opt/airflow/dags/dag_etl_camara_diario.py
[2026-07-14T20:32:29.886+0000] {logging_mixin.py:188} INFO - [2026-07-14T20:32:29.886+0000] {dag.py:3036} INFO - Sync 1 DAGs
[2026-07-14T20:32:29.912+0000] {logging_mixin.py:188} INFO - [2026-07-14T20:32:29.911+0000] {dag.py:3823} INFO - Setting next_dagrun for dag_etl_camara_diario to 2026-07-13 03:00:00+00:00, run_after=2026-07-14 03:00:00+00:00
[2026-07-14T20:32:29.940+0000] {processor.py:183} INFO - Processing /opt/airflow/dags/dag_etl_camara_diario.py took 0.090 seconds
[2026-07-14T20:33:00.090+0000] {processor.py:161} INFO - Started process (PID=1069) to work on /opt/airflow/dags/dag_etl_camara_diario.py
[2026-07-14T20:33:00.091+0000] {processor.py:830} INFO - Processing file /opt/airflow/dags/dag_etl_camara_diario.py for tasks to queue
[2026-07-14T20:33:00.092+0000] {logging_mixin.py:188} INFO - [2026-07-14T20:33:00.091+0000] {dagbag.py:538} INFO - Filling up the DagBag from /opt/airflow/dags/dag_etl_camara_diario.py
[2026-07-14T20:33:00.101+0000] {processor.py:840} INFO - DAG(s) 'dag_etl_camara_diario' retrieved from /opt/airflow/dags/dag_etl_camara_diario.py
[2026-07-14T20:33:00.123+0000] {logging_mixin.py:188} INFO - [2026-07-14T20:33:00.123+0000] {dag.py:3036} INFO - Sync 1 DAGs
[2026-07-14T20:33:00.145+0000] {logging_mixin.py:188} INFO - [2026-07-14T20:33:00.145+0000] {dag.py:3823} INFO - Setting next_dagrun for dag_etl_camara_diario to 2026-07-13 03:00:00+00:00, run_after=2026-07-14 03:00:00+00:00
[2026-07-14T20:33:00.163+0000] {processor.py:183} INFO - Processing /opt/airflow/dags/dag_etl_camara_diario.py took 0.076 seconds
[2026-07-14T20:33:30.292+0000] {processor.py:161} INFO - Started process (PID=1084) to work on /opt/airflow/dags/dag_etl_camara_diario.py
[2026-07-14T20:33:30.293+0000] {processor.py:830} INFO - Processing file /opt/airflow/dags/dag_etl_camara_diario.py for tasks to queue
[2026-07-14T20:33:30.294+0000] {logging_mixin.py:188} INFO - [2026-07-14T20:33:30.294+0000] {dagbag.py:538} INFO - Filling up the DagBag from /opt/airflow/dags/dag_etl_camara_diario.py
[2026-07-14T20:33:30.304+0000] {processor.py:840} INFO - DAG(s) 'dag_etl_camara_diario' retrieved from /opt/airflow/dags/dag_etl_camara_diario.py
[2026-07-14T20:33:30.327+0000] {logging_mixin.py:188} INFO - [2026-07-14T20:33:30.327+0000] {dag.py:3036} INFO - Sync 1 DAGs
[2026-07-14T20:33:30.352+0000] {logging_mixin.py:188} INFO - [2026-07-14T20:33:30.352+0000] {dag.py:3823} INFO - Setting next_dagrun for dag_etl_camara_diario to 2026-07-13 03:00:00+00:00, run_after=2026-07-14 03:00:00+00:00
[2026-07-14T20:33:30.366+0000] {processor.py:183} INFO - Processing /opt/airflow/dags/dag_etl_camara_diario.py took 0.077 seconds
[2026-07-14T20:34:00.501+0000] {processor.py:161} INFO - Started process (PID=1099) to work on /opt/airflow/dags/dag_etl_camara_diario.py
[2026-07-14T20:34:00.502+0000] {processor.py:830} INFO - Processing file /opt/airflow/dags/dag_etl_camara_diario.py for tasks to queue
[2026-07-14T20:34:00.502+0000] {logging_mixin.py:188} INFO - [2026-07-14T20:34:00.502+0000] {dagbag.py:538} INFO - Filling up the DagBag from /opt/airflow/dags/dag_etl_camara_diario.py
[2026-07-14T20:34:00.514+0000] {processor.py:840} INFO - DAG(s) 'dag_etl_camara_diario' retrieved from /opt/airflow/dags/dag_etl_camara_diario.py
[2026-07-14T20:34:00.539+0000] {logging_mixin.py:188} INFO - [2026-07-14T20:34:00.539+0000] {dag.py:3036} INFO - Sync 1 DAGs
[2026-07-14T20:34:00.564+0000] {logging_mixin.py:188} INFO - [2026-07-14T20:34:00.564+0000] {dag.py:3823} INFO - Setting next_dagrun for dag_etl_camara_diario to 2026-07-13 03:00:00+00:00, run_after=2026-07-14 03:00:00+00:00
[2026-07-14T20:34:00.586+0000] {processor.py:183} INFO - Processing /opt/airflow/dags/dag_etl_camara_diario.py took 0.089 seconds
[2026-07-14T20:34:30.723+0000] {processor.py:161} INFO - Started process (PID=1114) to work on /opt/airflow/dags/dag_etl_camara_diario.py
[2026-07-14T20:34:30.724+0000] {processor.py:830} INFO - Processing file /opt/airflow/dags/dag_etl_camara_diario.py for tasks to queue
[2026-07-14T20:34:30.725+0000] {logging_mixin.py:188} INFO - [2026-07-14T20:34:30.724+0000] {dagbag.py:538} INFO - Filling up the DagBag from /opt/airflow/dags/dag_etl_camara_diario.py
[2026-07-14T20:34:30.734+0000] {processor.py:840} INFO - DAG(s) 'dag_etl_camara_diario' retrieved from /opt/airflow/dags/dag_etl_camara_diario.py
[2026-07-14T20:34:30.755+0000] {logging_mixin.py:188} INFO - [2026-07-14T20:34:30.755+0000] {dag.py:3036} INFO - Sync 1 DAGs
[2026-07-14T20:34:30.778+0000] {logging_mixin.py:188} INFO - [2026-07-14T20:34:30.777+0000] {dag.py:3823} INFO - Setting next_dagrun for dag_etl_camara_diario to 2026-07-13 03:00:00+00:00, run_after=2026-07-14 03:00:00+00:00
[2026-07-14T20:34:30.792+0000] {processor.py:183} INFO - Processing /opt/airflow/dags/dag_etl_camara_diario.py took 0.072 seconds
[2026-07-14T20:35:00.923+0000] {processor.py:161} INFO - Started process (PID=1129) to work on /opt/airflow/dags/dag_etl_camara_diario.py
[2026-07-14T20:35:00.923+0000] {processor.py:830} INFO - Processing file /opt/airflow/dags/dag_etl_camara_diario.py for tasks to queue
[2026-07-14T20:35:00.924+0000] {logging_mixin.py:188} INFO - [2026-07-14T20:35:00.924+0000] {dagbag.py:538} INFO - Filling up the DagBag from /opt/airflow/dags/dag_etl_camara_diario.py
[2026-07-14T20:35:00.934+0000] {processor.py:840} INFO - DAG(s) 'dag_etl_camara_diario' retrieved from /opt/airflow/dags/dag_etl_camara_diario.py
[2026-07-14T20:35:00.956+0000] {logging_mixin.py:188} INFO - [2026-07-14T20:35:00.956+0000] {dag.py:3036} INFO - Sync 1 DAGs
[2026-07-14T20:35:00.979+0000] {logging_mixin.py:188} INFO - [2026-07-14T20:35:00.979+0000] {dag.py:3823} INFO - Setting next_dagrun for dag_etl_camara_diario to 2026-07-13 03:00:00+00:00, run_after=2026-07-14 03:00:00+00:00
[2026-07-14T20:35:00.995+0000] {processor.py:183} INFO - Processing /opt/airflow/dags/dag_etl_camara_diario.py took 0.076 seconds
[2026-07-14T20:35:31.128+0000] {processor.py:161} INFO - Started process (PID=1144) to work on /opt/airflow/dags/dag_etl_camara_diario.py
[2026-07-14T20:35:31.130+0000] {processor.py:830} INFO - Processing file /opt/airflow/dags/dag_etl_camara_diario.py for tasks to queue
[2026-07-14T20:35:31.130+0000] {logging_mixin.py:188} INFO - [2026-07-14T20:35:31.130+0000] {dagbag.py:538} INFO - Filling up the DagBag from /opt/airflow/dags/dag_etl_camara_diario.py
[2026-07-14T20:35:31.142+0000] {processor.py:840} INFO - DAG(s) 'dag_etl_camara_diario' retrieved from /opt/airflow/dags/dag_etl_camara_diario.py
[2026-07-14T20:35:31.165+0000] {logging_mixin.py:188} INFO - [2026-07-14T20:35:31.164+0000] {dag.py:3036} INFO - Sync 1 DAGs
[2026-07-14T20:35:31.189+0000] {logging_mixin.py:188} INFO - [2026-07-14T20:35:31.189+0000] {dag.py:3823} INFO - Setting next_dagrun for dag_etl_camara_diario to 2026-07-13 03:00:00+00:00, run_after=2026-07-14 03:00:00+00:00
[2026-07-14T20:35:31.207+0000] {processor.py:183} INFO - Processing /opt/airflow/dags/dag_etl_camara_diario.py took 0.082 seconds
[2026-07-14T20:36:01.341+0000] {processor.py:161} INFO - Started process (PID=1159) to work on /opt/airflow/dags/dag_etl_camara_diario.py
[2026-07-14T20:36:01.342+0000] {processor.py:830} INFO - Processing file /opt/airflow/dags/dag_etl_camara_diario.py for tasks to queue
[2026-07-14T20:36:01.342+0000] {logging_mixin.py:188} INFO - [2026-07-14T20:36:01.342+0000] {dagbag.py:538} INFO - Filling up the DagBag from /opt/airflow/dags/dag_etl_camara_diario.py
[2026-07-14T20:36:01.352+0000] {processor.py:840} INFO - DAG(s) 'dag_etl_camara_diario' retrieved from /opt/airflow/dags/dag_etl_camara_diario.py
[2026-07-14T20:36:01.374+0000] {logging_mixin.py:188} INFO - [2026-07-14T20:36:01.373+0000] {dag.py:3036} INFO - Sync 1 DAGs
[2026-07-14T20:36:01.398+0000] {logging_mixin.py:188} INFO - [2026-07-14T20:36:01.397+0000] {dag.py:3823} INFO - Setting next_dagrun for dag_etl_camara_diario to 2026-07-13 03:00:00+00:00, run_after=2026-07-14 03:00:00+00:00
[2026-07-14T20:36:01.416+0000] {processor.py:183} INFO - Processing /opt/airflow/dags/dag_etl_camara_diario.py took 0.078 seconds
[2026-07-14T20:36:31.552+0000] {processor.py:161} INFO - Started process (PID=1174) to work on /opt/airflow/dags/dag_etl_camara_diario.py
[2026-07-14T20:36:31.553+0000] {processor.py:830} INFO - Processing file /opt/airflow/dags/dag_etl_camara_diario.py for tasks to queue
[2026-07-14T20:36:31.554+0000] {logging_mixin.py:188} INFO - [2026-07-14T20:36:31.554+0000] {dagbag.py:538} INFO - Filling up the DagBag from /opt/airflow/dags/dag_etl_camara_diario.py
[2026-07-14T20:36:31.563+0000] {processor.py:840} INFO - DAG(s) 'dag_etl_camara_diario' retrieved from /opt/airflow/dags/dag_etl_camara_diario.py
[2026-07-14T20:36:31.587+0000] {logging_mixin.py:188} INFO - [2026-07-14T20:36:31.587+0000] {dag.py:3036} INFO - Sync 1 DAGs
[2026-07-14T20:36:31.610+0000] {logging_mixin.py:188} INFO - [2026-07-14T20:36:31.610+0000] {dag.py:3823} INFO - Setting next_dagrun for dag_etl_camara_diario to 2026-07-13 03:00:00+00:00, run_after=2026-07-14 03:00:00+00:00
[2026-07-14T20:36:31.628+0000] {processor.py:183} INFO - Processing /opt/airflow/dags/dag_etl_camara_diario.py took 0.078 seconds
[2026-07-14T20:37:01.759+0000] {processor.py:161} INFO - Started process (PID=1189) to work on /opt/airflow/dags/dag_etl_camara_diario.py
[2026-07-14T20:37:01.760+0000] {processor.py:830} INFO - Processing file /opt/airflow/dags/dag_etl_camara_diario.py for tasks to queue
[2026-07-14T20:37:01.761+0000] {logging_mixin.py:188} INFO - [2026-07-14T20:37:01.761+0000] {dagbag.py:538} INFO - Filling up the DagBag from /opt/airflow/dags/dag_etl_camara_diario.py
[2026-07-14T20:37:01.771+0000] {processor.py:840} INFO - DAG(s) 'dag_etl_camara_diario' retrieved from /opt/airflow/dags/dag_etl_camara_diario.py
[2026-07-14T20:37:01.795+0000] {logging_mixin.py:188} INFO - [2026-07-14T20:37:01.795+0000] {dag.py:3036} INFO - Sync 1 DAGs
[2026-07-14T20:37:01.820+0000] {logging_mixin.py:188} INFO - [2026-07-14T20:37:01.820+0000] {dag.py:3823} INFO - Setting next_dagrun for dag_etl_camara_diario to 2026-07-13 03:00:00+00:00, run_after=2026-07-14 03:00:00+00:00
[2026-07-14T20:37:01.838+0000] {processor.py:183} INFO - Processing /opt/airflow/dags/dag_etl_camara_diario.py took 0.082 seconds
[2026-07-14T20:37:31.964+0000] {processor.py:161} INFO - Started process (PID=1204) to work on /opt/airflow/dags/dag_etl_camara_diario.py
[2026-07-14T20:37:31.965+0000] {processor.py:830} INFO - Processing file /opt/airflow/dags/dag_etl_camara_diario.py for tasks to queue
[2026-07-14T20:37:31.965+0000] {logging_mixin.py:188} INFO - [2026-07-14T20:37:31.965+0000] {dagbag.py:538} INFO - Filling up the DagBag from /opt/airflow/dags/dag_etl_camara_diario.py
[2026-07-14T20:37:31.975+0000] {processor.py:840} INFO - DAG(s) 'dag_etl_camara_diario' retrieved from /opt/airflow/dags/dag_etl_camara_diario.py
[2026-07-14T20:37:31.997+0000] {logging_mixin.py:188} INFO - [2026-07-14T20:37:31.997+0000] {dag.py:3036} INFO - Sync 1 DAGs
[2026-07-14T20:37:32.019+0000] {logging_mixin.py:188} INFO - [2026-07-14T20:37:32.019+0000] {dag.py:3823} INFO - Setting next_dagrun for dag_etl_camara_diario to 2026-07-13 03:00:00+00:00, run_after=2026-07-14 03:00:00+00:00
[2026-07-14T20:37:32.036+0000] {processor.py:183} INFO - Processing /opt/airflow/dags/dag_etl_camara_diario.py took 0.075 seconds
[2026-07-14T20:38:02.178+0000] {processor.py:161} INFO - Started process (PID=1219) to work on /opt/airflow/dags/dag_etl_camara_diario.py
[2026-07-14T20:38:02.179+0000] {processor.py:830} INFO - Processing file /opt/airflow/dags/dag_etl_camara_diario.py for tasks to queue
[2026-07-14T20:38:02.180+0000] {logging_mixin.py:188} INFO - [2026-07-14T20:38:02.180+0000] {dagbag.py:538} INFO - Filling up the DagBag from /opt/airflow/dags/dag_etl_camara_diario.py
[2026-07-14T20:38:02.191+0000] {processor.py:840} INFO - DAG(s) 'dag_etl_camara_diario' retrieved from /opt/airflow/dags/dag_etl_camara_diario.py
[2026-07-14T20:38:02.216+0000] {logging_mixin.py:188} INFO - [2026-07-14T20:38:02.215+0000] {dag.py:3036} INFO - Sync 1 DAGs
[2026-07-14T20:38:02.243+0000] {logging_mixin.py:188} INFO - [2026-07-14T20:38:02.242+0000] {dag.py:3823} INFO - Setting next_dagrun for dag_etl_camara_diario to 2026-07-13 03:00:00+00:00, run_after=2026-07-14 03:00:00+00:00
[2026-07-14T20:38:02.260+0000] {processor.py:183} INFO - Processing /opt/airflow/dags/dag_etl_camara_diario.py took 0.085 seconds
[2026-07-14T20:38:32.388+0000] {processor.py:161} INFO - Started process (PID=1234) to work on /opt/airflow/dags/dag_etl_camara_diario.py
[2026-07-14T20:38:32.389+0000] {processor.py:830} INFO - Processing file /opt/airflow/dags/dag_etl_camara_diario.py for tasks to queue
[2026-07-14T20:38:32.390+0000] {logging_mixin.py:188} INFO - [2026-07-14T20:38:32.390+0000] {dagbag.py:538} INFO - Filling up the DagBag from /opt/airflow/dags/dag_etl_camara_diario.py
[2026-07-14T20:38:32.400+0000] {processor.py:840} INFO - DAG(s) 'dag_etl_camara_diario' retrieved from /opt/airflow/dags/dag_etl_camara_diario.py
[2026-07-14T20:38:32.423+0000] {logging_mixin.py:188} INFO - [2026-07-14T20:38:32.423+0000] {dag.py:3036} INFO - Sync 1 DAGs
[2026-07-14T20:38:32.447+0000] {logging_mixin.py:188} INFO - [2026-07-14T20:38:32.446+0000] {dag.py:3823} INFO - Setting next_dagrun for dag_etl_camara_diario to 2026-07-13 03:00:00+00:00, run_after=2026-07-14 03:00:00+00:00
[2026-07-14T20:38:32.465+0000] {processor.py:183} INFO - Processing /opt/airflow/dags/dag_etl_camara_diario.py took 0.079 seconds
[2026-07-14T20:39:02.599+0000] {processor.py:161} INFO - Started process (PID=1249) to work on /opt/airflow/dags/dag_etl_camara_diario.py
[2026-07-14T20:39:02.600+0000] {processor.py:830} INFO - Processing file /opt/airflow/dags/dag_etl_camara_diario.py for tasks to queue
[2026-07-14T20:39:02.600+0000] {logging_mixin.py:188} INFO - [2026-07-14T20:39:02.600+0000] {dagbag.py:538} INFO - Filling up the DagBag from /opt/airflow/dags/dag_etl_camara_diario.py
[2026-07-14T20:39:02.610+0000] {processor.py:840} INFO - DAG(s) 'dag_etl_camara_diario' retrieved from /opt/airflow/dags/dag_etl_camara_diario.py
[2026-07-14T20:39:02.633+0000] {logging_mixin.py:188} INFO - [2026-07-14T20:39:02.633+0000] {dag.py:3036} INFO - Sync 1 DAGs
[2026-07-14T20:39:02.656+0000] {logging_mixin.py:188} INFO - [2026-07-14T20:39:02.656+0000] {dag.py:3823} INFO - Setting next_dagrun for dag_etl_camara_diario to 2026-07-13 03:00:00+00:00, run_after=2026-07-14 03:00:00+00:00
[2026-07-14T20:39:02.676+0000] {processor.py:183} INFO - Processing /opt/airflow/dags/dag_etl_camara_diario.py took 0.079 seconds
[2026-07-14T20:39:32.804+0000] {processor.py:161} INFO - Started process (PID=1264) to work on /opt/airflow/dags/dag_etl_camara_diario.py
[2026-07-14T20:39:32.805+0000] {processor.py:830} INFO - Processing file /opt/airflow/dags/dag_etl_camara_diario.py for tasks to queue
[2026-07-14T20:39:32.806+0000] {logging_mixin.py:188} INFO - [2026-07-14T20:39:32.805+0000] {dagbag.py:538} INFO - Filling up the DagBag from /opt/airflow/dags/dag_etl_camara_diario.py
[2026-07-14T20:39:32.816+0000] {processor.py:840} INFO - DAG(s) 'dag_etl_camara_diario' retrieved from /opt/airflow/dags/dag_etl_camara_diario.py
[2026-07-14T20:39:32.840+0000] {logging_mixin.py:188} INFO - [2026-07-14T20:39:32.840+0000] {dag.py:3036} INFO - Sync 1 DAGs
[2026-07-14T20:39:32.863+0000] {logging_mixin.py:188} INFO - [2026-07-14T20:39:32.862+0000] {dag.py:3823} INFO - Setting next_dagrun for dag_etl_camara_diario to 2026-07-13 03:00:00+00:00, run_after=2026-07-14 03:00:00+00:00
[2026-07-14T20:39:32.881+0000] {processor.py:183} INFO - Processing /opt/airflow/dags/dag_etl_camara_diario.py took 0.080 seconds
[2026-07-14T20:40:03.012+0000] {processor.py:161} INFO - Started process (PID=1279) to work on /opt/airflow/dags/dag_etl_camara_diario.py
[2026-07-14T20:40:03.012+0000] {processor.py:830} INFO - Processing file /opt/airflow/dags/dag_etl_camara_diario.py for tasks to queue
[2026-07-14T20:40:03.013+0000] {logging_mixin.py:188} INFO - [2026-07-14T20:40:03.013+0000] {dagbag.py:538} INFO - Filling up the DagBag from /opt/airflow/dags/dag_etl_camara_diario.py
[2026-07-14T20:40:03.023+0000] {processor.py:840} INFO - DAG(s) 'dag_etl_camara_diario' retrieved from /opt/airflow/dags/dag_etl_camara_diario.py
[2026-07-14T20:40:03.046+0000] {logging_mixin.py:188} INFO - [2026-07-14T20:40:03.046+0000] {dag.py:3036} INFO - Sync 1 DAGs
[2026-07-14T20:40:03.072+0000] {logging_mixin.py:188} INFO - [2026-07-14T20:40:03.072+0000] {dag.py:3823} INFO - Setting next_dagrun for dag_etl_camara_diario to 2026-07-13 03:00:00+00:00, run_after=2026-07-14 03:00:00+00:00
[2026-07-14T20:40:03.089+0000] {processor.py:183} INFO - Processing /opt/airflow/dags/dag_etl_camara_diario.py took 0.080 seconds
[2026-07-14T20:40:33.222+0000] {processor.py:161} INFO - Started process (PID=1294) to work on /opt/airflow/dags/dag_etl_camara_diario.py
[2026-07-14T20:40:33.223+0000] {processor.py:830} INFO - Processing file /opt/airflow/dags/dag_etl_camara_diario.py for tasks to queue
[2026-07-14T20:40:33.224+0000] {logging_mixin.py:188} INFO - [2026-07-14T20:40:33.223+0000] {dagbag.py:538} INFO - Filling up the DagBag from /opt/airflow/dags/dag_etl_camara_diario.py
[2026-07-14T20:40:33.234+0000] {processor.py:840} INFO - DAG(s) 'dag_etl_camara_diario' retrieved from /opt/airflow/dags/dag_etl_camara_diario.py
[2026-07-14T20:40:33.257+0000] {logging_mixin.py:188} INFO - [2026-07-14T20:40:33.257+0000] {dag.py:3036} INFO - Sync 1 DAGs
[2026-07-14T20:40:33.280+0000] {logging_mixin.py:188} INFO - [2026-07-14T20:40:33.280+0000] {dag.py:3823} INFO - Setting next_dagrun for dag_etl_camara_diario to 2026-07-13 03:00:00+00:00, run_after=2026-07-14 03:00:00+00:00
[2026-07-14T20:40:33.297+0000] {processor.py:183} INFO - Processing /opt/airflow/dags/dag_etl_camara_diario.py took 0.078 seconds
[2026-07-14T20:41:03.430+0000] {processor.py:161} INFO - Started process (PID=1309) to work on /opt/airflow/dags/dag_etl_camara_diario.py
[2026-07-14T20:41:03.431+0000] {processor.py:830} INFO - Processing file /opt/airflow/dags/dag_etl_camara_diario.py for tasks to queue
[2026-07-14T20:41:03.432+0000] {logging_mixin.py:188} INFO - [2026-07-14T20:41:03.431+0000] {dagbag.py:538} INFO - Filling up the DagBag from /opt/airflow/dags/dag_etl_camara_diario.py
[2026-07-14T20:41:03.441+0000] {processor.py:840} INFO - DAG(s) 'dag_etl_camara_diario' retrieved from /opt/airflow/dags/dag_etl_camara_diario.py
[2026-07-14T20:41:03.464+0000] {logging_mixin.py:188} INFO - [2026-07-14T20:41:03.463+0000] {dag.py:3036} INFO - Sync 1 DAGs
[2026-07-14T20:41:03.487+0000] {logging_mixin.py:188} INFO - [2026-07-14T20:41:03.486+0000] {dag.py:3823} INFO - Setting next_dagrun for dag_etl_camara_diario to 2026-07-13 03:00:00+00:00, run_after=2026-07-14 03:00:00+00:00
[2026-07-14T20:41:03.505+0000] {processor.py:183} INFO - Processing /opt/airflow/dags/dag_etl_camara_diario.py took 0.077 seconds
[2026-07-14T20:41:33.640+0000] {processor.py:161} INFO - Started process (PID=1324) to work on /opt/airflow/dags/dag_etl_camara_diario.py
[2026-07-14T20:41:33.641+0000] {processor.py:830} INFO - Processing file /opt/airflow/dags/dag_etl_camara_diario.py for tasks to queue
[2026-07-14T20:41:33.642+0000] {logging_mixin.py:188} INFO - [2026-07-14T20:41:33.642+0000] {dagbag.py:538} INFO - Filling up the DagBag from /opt/airflow/dags/dag_etl_camara_diario.py
[2026-07-14T20:41:33.652+0000] {processor.py:840} INFO - DAG(s) 'dag_etl_camara_diario' retrieved from /opt/airflow/dags/dag_etl_camara_diario.py
[2026-07-14T20:41:33.675+0000] {logging_mixin.py:188} INFO - [2026-07-14T20:41:33.675+0000] {dag.py:3036} INFO - Sync 1 DAGs
[2026-07-14T20:41:33.699+0000] {logging_mixin.py:188} INFO - [2026-07-14T20:41:33.699+0000] {dag.py:3823} INFO - Setting next_dagrun for dag_etl_camara_diario to 2026-07-13 03:00:00+00:00, run_after=2026-07-14 03:00:00+00:00
[2026-07-14T20:41:33.714+0000] {processor.py:183} INFO - Processing /opt/airflow/dags/dag_etl_camara_diario.py took 0.076 seconds
[2026-07-14T20:42:03.849+0000] {processor.py:161} INFO - Started process (PID=1339) to work on /opt/airflow/dags/dag_etl_camara_diario.py
[2026-07-14T20:42:03.850+0000] {processor.py:830} INFO - Processing file /opt/airflow/dags/dag_etl_camara_diario.py for tasks to queue
[2026-07-14T20:42:03.851+0000] {logging_mixin.py:188} INFO - [2026-07-14T20:42:03.850+0000] {dagbag.py:538} INFO - Filling up the DagBag from /opt/airflow/dags/dag_etl_camara_diario.py
[2026-07-14T20:42:03.861+0000] {processor.py:840} INFO - DAG(s) 'dag_etl_camara_diario' retrieved from /opt/airflow/dags/dag_etl_camara_diario.py
[2026-07-14T20:42:03.885+0000] {logging_mixin.py:188} INFO - [2026-07-14T20:42:03.885+0000] {dag.py:3036} INFO - Sync 1 DAGs
[2026-07-14T20:42:03.910+0000] {logging_mixin.py:188} INFO - [2026-07-14T20:42:03.909+0000] {dag.py:3823} INFO - Setting next_dagrun for dag_etl_camara_diario to 2026-07-13 03:00:00+00:00, run_after=2026-07-14 03:00:00+00:00
[2026-07-14T20:42:03.929+0000] {processor.py:183} INFO - Processing /opt/airflow/dags/dag_etl_camara_diario.py took 0.083 seconds
[2026-07-14T20:42:34.058+0000] {processor.py:161} INFO - Started process (PID=1354) to work on /opt/airflow/dags/dag_etl_camara_diario.py
[2026-07-14T20:42:34.059+0000] {processor.py:830} INFO - Processing file /opt/airflow/dags/dag_etl_camara_diario.py for tasks to queue
[2026-07-14T20:42:34.059+0000] {logging_mixin.py:188} INFO - [2026-07-14T20:42:34.059+0000] {dagbag.py:538} INFO - Filling up the DagBag from /opt/airflow/dags/dag_etl_camara_diario.py
[2026-07-14T20:42:34.069+0000] {processor.py:840} INFO - DAG(s) 'dag_etl_camara_diario' retrieved from /opt/airflow/dags/dag_etl_camara_diario.py
[2026-07-14T20:42:34.092+0000] {logging_mixin.py:188} INFO - [2026-07-14T20:42:34.092+0000] {dag.py:3036} INFO - Sync 1 DAGs
[2026-07-14T20:42:34.115+0000] {logging_mixin.py:188} INFO - [2026-07-14T20:42:34.115+0000] {dag.py:3823} INFO - Setting next_dagrun for dag_etl_camara_diario to 2026-07-13 03:00:00+00:00, run_after=2026-07-14 03:00:00+00:00
[2026-07-14T20:42:34.133+0000] {processor.py:183} INFO - Processing /opt/airflow/dags/dag_etl_camara_diario.py took 0.078 seconds
[2026-07-14T20:43:04.279+0000] {processor.py:161} INFO - Started process (PID=1369) to work on /opt/airflow/dags/dag_etl_camara_diario.py
[2026-07-14T20:43:04.280+0000] {processor.py:830} INFO - Processing file /opt/airflow/dags/dag_etl_camara_diario.py for tasks to queue
[2026-07-14T20:43:04.280+0000] {logging_mixin.py:188} INFO - [2026-07-14T20:43:04.280+0000] {dagbag.py:538} INFO - Filling up the DagBag from /opt/airflow/dags/dag_etl_camara_diario.py
[2026-07-14T20:43:04.291+0000] {processor.py:840} INFO - DAG(s) 'dag_etl_camara_diario' retrieved from /opt/airflow/dags/dag_etl_camara_diario.py
[2026-07-14T20:43:04.313+0000] {logging_mixin.py:188} INFO - [2026-07-14T20:43:04.312+0000] {dag.py:3036} INFO - Sync 1 DAGs
[2026-07-14T20:43:04.336+0000] {logging_mixin.py:188} INFO - [2026-07-14T20:43:04.336+0000] {dag.py:3823} INFO - Setting next_dagrun for dag_etl_camara_diario to 2026-07-13 03:00:00+00:00, run_after=2026-07-14 03:00:00+00:00
[2026-07-14T20:43:04.356+0000] {processor.py:183} INFO - Processing /opt/airflow/dags/dag_etl_camara_diario.py took 0.080 seconds
[2026-07-14T20:43:34.489+0000] {processor.py:161} INFO - Started process (PID=1384) to work on /opt/airflow/dags/dag_etl_camara_diario.py
[2026-07-14T20:43:34.490+0000] {processor.py:830} INFO - Processing file /opt/airflow/dags/dag_etl_camara_diario.py for tasks to queue
[2026-07-14T20:43:34.491+0000] {logging_mixin.py:188} INFO - [2026-07-14T20:43:34.490+0000] {dagbag.py:538} INFO - Filling up the DagBag from /opt/airflow/dags/dag_etl_camara_diario.py
[2026-07-14T20:43:34.503+0000] {processor.py:840} INFO - DAG(s) 'dag_etl_camara_diario' retrieved from /opt/airflow/dags/dag_etl_camara_diario.py
[2026-07-14T20:43:34.526+0000] {logging_mixin.py:188} INFO - [2026-07-14T20:43:34.526+0000] {dag.py:3036} INFO - Sync 1 DAGs
[2026-07-14T20:43:34.551+0000] {logging_mixin.py:188} INFO - [2026-07-14T20:43:34.551+0000] {dag.py:3823} INFO - Setting next_dagrun for dag_etl_camara_diario to 2026-07-13 03:00:00+00:00, run_after=2026-07-14 03:00:00+00:00
[2026-07-14T20:43:34.569+0000] {processor.py:183} INFO - Processing /opt/airflow/dags/dag_etl_camara_diario.py took 0.083 seconds
[2026-07-14T20:44:04.698+0000] {processor.py:161} INFO - Started process (PID=1399) to work on /opt/airflow/dags/dag_etl_camara_diario.py
[2026-07-14T20:44:04.698+0000] {processor.py:830} INFO - Processing file /opt/airflow/dags/dag_etl_camara_diario.py for tasks to queue
[2026-07-14T20:44:04.699+0000] {logging_mixin.py:188} INFO - [2026-07-14T20:44:04.699+0000] {dagbag.py:538} INFO - Filling up the DagBag from /opt/airflow/dags/dag_etl_camara_diario.py
[2026-07-14T20:44:04.709+0000] {processor.py:840} INFO - DAG(s) 'dag_etl_camara_diario' retrieved from /opt/airflow/dags/dag_etl_camara_diario.py
[2026-07-14T20:44:04.731+0000] {logging_mixin.py:188} INFO - [2026-07-14T20:44:04.731+0000] {dag.py:3036} INFO - Sync 1 DAGs
[2026-07-14T20:44:04.756+0000] {logging_mixin.py:188} INFO - [2026-07-14T20:44:04.755+0000] {dag.py:3823} INFO - Setting next_dagrun for dag_etl_camara_diario to 2026-07-13 03:00:00+00:00, run_after=2026-07-14 03:00:00+00:00
[2026-07-14T20:44:04.776+0000] {processor.py:183} INFO - Processing /opt/airflow/dags/dag_etl_camara_diario.py took 0.081 seconds
[2026-07-14T20:44:34.907+0000] {processor.py:161} INFO - Started process (PID=1414) to work on /opt/airflow/dags/dag_etl_camara_diario.py
[2026-07-14T20:44:34.908+0000] {processor.py:830} INFO - Processing file /opt/airflow/dags/dag_etl_camara_diario.py for tasks to queue
[2026-07-14T20:44:34.909+0000] {logging_mixin.py:188} INFO - [2026-07-14T20:44:34.908+0000] {dagbag.py:538} INFO - Filling up the DagBag from /opt/airflow/dags/dag_etl_camara_diario.py
[2026-07-14T20:44:34.919+0000] {processor.py:840} INFO - DAG(s) 'dag_etl_camara_diario' retrieved from /opt/airflow/dags/dag_etl_camara_diario.py
[2026-07-14T20:44:34.942+0000] {logging_mixin.py:188} INFO - [2026-07-14T20:44:34.942+0000] {dag.py:3036} INFO - Sync 1 DAGs
[2026-07-14T20:44:34.966+0000] {logging_mixin.py:188} INFO - [2026-07-14T20:44:34.966+0000] {dag.py:3823} INFO - Setting next_dagrun for dag_etl_camara_diario to 2026-07-13 03:00:00+00:00, run_after=2026-07-14 03:00:00+00:00
[2026-07-14T20:44:34.981+0000] {processor.py:183} INFO - Processing /opt/airflow/dags/dag_etl_camara_diario.py took 0.077 seconds
[2026-07-14T20:45:05.114+0000] {processor.py:161} INFO - Started process (PID=1429) to work on /opt/airflow/dags/dag_etl_camara_diario.py
[2026-07-14T20:45:05.115+0000] {processor.py:830} INFO - Processing file /opt/airflow/dags/dag_etl_camara_diario.py for tasks to queue
[2026-07-14T20:45:05.116+0000] {logging_mixin.py:188} INFO - [2026-07-14T20:45:05.115+0000] {dagbag.py:538} INFO - Filling up the DagBag from /opt/airflow/dags/dag_etl_camara_diario.py
[2026-07-14T20:45:05.126+0000] {processor.py:840} INFO - DAG(s) 'dag_etl_camara_diario' retrieved from /opt/airflow/dags/dag_etl_camara_diario.py
[2026-07-14T20:45:05.149+0000] {logging_mixin.py:188} INFO - [2026-07-14T20:45:05.149+0000] {dag.py:3036} INFO - Sync 1 DAGs
[2026-07-14T20:45:05.173+0000] {logging_mixin.py:188} INFO - [2026-07-14T20:45:05.172+0000] {dag.py:3823} INFO - Setting next_dagrun for dag_etl_camara_diario to 2026-07-13 03:00:00+00:00, run_after=2026-07-14 03:00:00+00:00
[2026-07-14T20:45:05.190+0000] {processor.py:183} INFO - Processing /opt/airflow/dags/dag_etl_camara_diario.py took 0.079 seconds
[2026-07-14T20:45:35.319+0000] {processor.py:161} INFO - Started process (PID=1444) to work on /opt/airflow/dags/dag_etl_camara_diario.py
[2026-07-14T20:45:35.320+0000] {processor.py:830} INFO - Processing file /opt/airflow/dags/dag_etl_camara_diario.py for tasks to queue
[2026-07-14T20:45:35.320+0000] {logging_mixin.py:188} INFO - [2026-07-14T20:45:35.320+0000] {dagbag.py:538} INFO - Filling up the DagBag from /opt/airflow/dags/dag_etl_camara_diario.py
[2026-07-14T20:45:35.330+0000] {processor.py:840} INFO - DAG(s) 'dag_etl_camara_diario' retrieved from /opt/airflow/dags/dag_etl_camara_diario.py
[2026-07-14T20:45:35.352+0000] {logging_mixin.py:188} INFO - [2026-07-14T20:45:35.352+0000] {dag.py:3036} INFO - Sync 1 DAGs
[2026-07-14T20:45:35.375+0000] {logging_mixin.py:188} INFO - [2026-07-14T20:45:35.375+0000] {dag.py:3823} INFO - Setting next_dagrun for dag_etl_camara_diario to 2026-07-13 03:00:00+00:00, run_after=2026-07-14 03:00:00+00:00
[2026-07-14T20:45:35.392+0000] {processor.py:183} INFO - Processing /opt/airflow/dags/dag_etl_camara_diario.py took 0.076 seconds
[2026-07-14T20:46:05.523+0000] {processor.py:161} INFO - Started process (PID=1459) to work on /opt/airflow/dags/dag_etl_camara_diario.py
[2026-07-14T20:46:05.523+0000] {processor.py:830} INFO - Processing file /opt/airflow/dags/dag_etl_camara_diario.py for tasks to queue
[2026-07-14T20:46:05.524+0000] {logging_mixin.py:188} INFO - [2026-07-14T20:46:05.524+0000] {dagbag.py:538} INFO - Filling up the DagBag from /opt/airflow/dags/dag_etl_camara_diario.py
[2026-07-14T20:46:05.534+0000] {processor.py:840} INFO - DAG(s) 'dag_etl_camara_diario' retrieved from /opt/airflow/dags/dag_etl_camara_diario.py
[2026-07-14T20:46:05.556+0000] {logging_mixin.py:188} INFO - [2026-07-14T20:46:05.556+0000] {dag.py:3036} INFO - Sync 1 DAGs
[2026-07-14T20:46:05.581+0000] {logging_mixin.py:188} INFO - [2026-07-14T20:46:05.581+0000] {dag.py:3823} INFO - Setting next_dagrun for dag_etl_camara_diario to 2026-07-13 03:00:00+00:00, run_after=2026-07-14 03:00:00+00:00
[2026-07-14T20:46:05.599+0000] {processor.py:183} INFO - Processing /opt/airflow/dags/dag_etl_camara_diario.py took 0.079 seconds
[2026-07-14T20:46:35.726+0000] {processor.py:161} INFO - Started process (PID=1474) to work on /opt/airflow/dags/dag_etl_camara_diario.py
[2026-07-14T20:46:35.727+0000] {processor.py:830} INFO - Processing file /opt/airflow/dags/dag_etl_camara_diario.py for tasks to queue
[2026-07-14T20:46:35.728+0000] {logging_mixin.py:188} INFO - [2026-07-14T20:46:35.728+0000] {dagbag.py:538} INFO - Filling up the DagBag from /opt/airflow/dags/dag_etl_camara_diario.py
[2026-07-14T20:46:35.738+0000] {processor.py:840} INFO - DAG(s) 'dag_etl_camara_diario' retrieved from /opt/airflow/dags/dag_etl_camara_diario.py
[2026-07-14T20:46:35.762+0000] {logging_mixin.py:188} INFO - [2026-07-14T20:46:35.761+0000] {dag.py:3036} INFO - Sync 1 DAGs
[2026-07-14T20:46:35.786+0000] {logging_mixin.py:188} INFO - [2026-07-14T20:46:35.786+0000] {dag.py:3823} INFO - Setting next_dagrun for dag_etl_camara_diario to 2026-07-13 03:00:00+00:00, run_after=2026-07-14 03:00:00+00:00
[2026-07-14T20:46:35.802+0000] {processor.py:183} INFO - Processing /opt/airflow/dags/dag_etl_camara_diario.py took 0.078 seconds
[2026-07-14T20:47:05.935+0000] {processor.py:161} INFO - Started process (PID=1489) to work on /opt/airflow/dags/dag_etl_camara_diario.py
[2026-07-14T20:47:05.936+0000] {processor.py:830} INFO - Processing file /opt/airflow/dags/dag_etl_camara_diario.py for tasks to queue
[2026-07-14T20:47:05.937+0000] {logging_mixin.py:188} INFO - [2026-07-14T20:47:05.936+0000] {dagbag.py:538} INFO - Filling up the DagBag from /opt/airflow/dags/dag_etl_camara_diario.py
[2026-07-14T20:47:05.946+0000] {processor.py:840} INFO - DAG(s) 'dag_etl_camara_diario' retrieved from /opt/airflow/dags/dag_etl_camara_diario.py
[2026-07-14T20:47:05.969+0000] {logging_mixin.py:188} INFO - [2026-07-14T20:47:05.969+0000] {dag.py:3036} INFO - Sync 1 DAGs
[2026-07-14T20:47:05.991+0000] {logging_mixin.py:188} INFO - [2026-07-14T20:47:05.991+0000] {dag.py:3823} INFO - Setting next_dagrun for dag_etl_camara_diario to 2026-07-13 03:00:00+00:00, run_after=2026-07-14 03:00:00+00:00
[2026-07-14T20:47:06.010+0000] {processor.py:183} INFO - Processing /opt/airflow/dags/dag_etl_camara_diario.py took 0.078 seconds
[2026-07-14T20:47:36.145+0000] {processor.py:161} INFO - Started process (PID=1504) to work on /opt/airflow/dags/dag_etl_camara_diario.py
[2026-07-14T20:47:36.146+0000] {processor.py:830} INFO - Processing file /opt/airflow/dags/dag_etl_camara_diario.py for tasks to queue
[2026-07-14T20:47:36.147+0000] {logging_mixin.py:188} INFO - [2026-07-14T20:47:36.147+0000] {dagbag.py:538} INFO - Filling up the DagBag from /opt/airflow/dags/dag_etl_camara_diario.py
[2026-07-14T20:47:36.157+0000] {processor.py:840} INFO - DAG(s) 'dag_etl_camara_diario' retrieved from /opt/airflow/dags/dag_etl_camara_diario.py
[2026-07-14T20:47:36.180+0000] {logging_mixin.py:188} INFO - [2026-07-14T20:47:36.180+0000] {dag.py:3036} INFO - Sync 1 DAGs
[2026-07-14T20:47:36.203+0000] {logging_mixin.py:188} INFO - [2026-07-14T20:47:36.203+0000] {dag.py:3823} INFO - Setting next_dagrun for dag_etl_camara_diario to 2026-07-13 03:00:00+00:00, run_after=2026-07-14 03:00:00+00:00
[2026-07-14T20:47:36.221+0000] {processor.py:183} INFO - Processing /opt/airflow/dags/dag_etl_camara_diario.py took 0.078 seconds
[2026-07-14T20:48:06.362+0000] {processor.py:161} INFO - Started process (PID=1519) to work on /opt/airflow/dags/dag_etl_camara_diario.py
[2026-07-14T20:48:06.363+0000] {processor.py:830} INFO - Processing file /opt/airflow/dags/dag_etl_camara_diario.py for tasks to queue
[2026-07-14T20:48:06.363+0000] {logging_mixin.py:188} INFO - [2026-07-14T20:48:06.363+0000] {dagbag.py:538} INFO - Filling up the DagBag from /opt/airflow/dags/dag_etl_camara_diario.py
[2026-07-14T20:48:06.373+0000] {processor.py:840} INFO - DAG(s) 'dag_etl_camara_diario' retrieved from /opt/airflow/dags/dag_etl_camara_diario.py
[2026-07-14T20:48:06.396+0000] {logging_mixin.py:188} INFO - [2026-07-14T20:48:06.396+0000] {dag.py:3036} INFO - Sync 1 DAGs
[2026-07-14T20:48:06.420+0000] {logging_mixin.py:188} INFO - [2026-07-14T20:48:06.419+0000] {dag.py:3823} INFO - Setting next_dagrun for dag_etl_camara_diario to 2026-07-13 03:00:00+00:00, run_after=2026-07-14 03:00:00+00:00
[2026-07-14T20:48:06.435+0000] {processor.py:183} INFO - Processing /opt/airflow/dags/dag_etl_camara_diario.py took 0.076 seconds
[2026-07-14T20:48:36.571+0000] {processor.py:161} INFO - Started process (PID=1534) to work on /opt/airflow/dags/dag_etl_camara_diario.py
[2026-07-14T20:48:36.572+0000] {processor.py:830} INFO - Processing file /opt/airflow/dags/dag_etl_camara_diario.py for tasks to queue
[2026-07-14T20:48:36.573+0000] {logging_mixin.py:188} INFO - [2026-07-14T20:48:36.573+0000] {dagbag.py:538} INFO - Filling up the DagBag from /opt/airflow/dags/dag_etl_camara_diario.py
[2026-07-14T20:48:36.584+0000] {processor.py:840} INFO - DAG(s) 'dag_etl_camara_diario' retrieved from /opt/airflow/dags/dag_etl_camara_diario.py
[2026-07-14T20:48:36.607+0000] {logging_mixin.py:188} INFO - [2026-07-14T20:48:36.606+0000] {dag.py:3036} INFO - Sync 1 DAGs
[2026-07-14T20:48:36.629+0000] {logging_mixin.py:188} INFO - [2026-07-14T20:48:36.629+0000] {dag.py:3823} INFO - Setting next_dagrun for dag_etl_camara_diario to 2026-07-13 03:00:00+00:00, run_after=2026-07-14 03:00:00+00:00
[2026-07-14T20:48:36.646+0000] {processor.py:183} INFO - Processing /opt/airflow/dags/dag_etl_camara_diario.py took 0.078 seconds
[2026-07-14T20:49:06.779+0000] {processor.py:161} INFO - Started process (PID=1549) to work on /opt/airflow/dags/dag_etl_camara_diario.py
[2026-07-14T20:49:06.779+0000] {processor.py:830} INFO - Processing file /opt/airflow/dags/dag_etl_camara_diario.py for tasks to queue
[2026-07-14T20:49:06.780+0000] {logging_mixin.py:188} INFO - [2026-07-14T20:49:06.780+0000] {dagbag.py:538} INFO - Filling up the DagBag from /opt/airflow/dags/dag_etl_camara_diario.py
[2026-07-14T20:49:06.790+0000] {processor.py:840} INFO - DAG(s) 'dag_etl_camara_diario' retrieved from /opt/airflow/dags/dag_etl_camara_diario.py
[2026-07-14T20:49:06.815+0000] {logging_mixin.py:188} INFO - [2026-07-14T20:49:06.814+0000] {dag.py:3036} INFO - Sync 1 DAGs
[2026-07-14T20:49:06.841+0000] {logging_mixin.py:188} INFO - [2026-07-14T20:49:06.841+0000] {dag.py:3823} INFO - Setting next_dagrun for dag_etl_camara_diario to 2026-07-13 03:00:00+00:00, run_after=2026-07-14 03:00:00+00:00
[2026-07-14T20:49:06.860+0000] {processor.py:183} INFO - Processing /opt/airflow/dags/dag_etl_camara_diario.py took 0.084 seconds
[2026-07-14T20:49:36.991+0000] {processor.py:161} INFO - Started process (PID=1564) to work on /opt/airflow/dags/dag_etl_camara_diario.py
[2026-07-14T20:49:36.992+0000] {processor.py:830} INFO - Processing file /opt/airflow/dags/dag_etl_camara_diario.py for tasks to queue
[2026-07-14T20:49:36.993+0000] {logging_mixin.py:188} INFO - [2026-07-14T20:49:36.993+0000] {dagbag.py:538} INFO - Filling up the DagBag from /opt/airflow/dags/dag_etl_camara_diario.py
[2026-07-14T20:49:37.003+0000] {processor.py:840} INFO - DAG(s) 'dag_etl_camara_diario' retrieved from /opt/airflow/dags/dag_etl_camara_diario.py
[2026-07-14T20:49:37.026+0000] {logging_mixin.py:188} INFO - [2026-07-14T20:49:37.026+0000] {dag.py:3036} INFO - Sync 1 DAGs
[2026-07-14T20:49:37.050+0000] {logging_mixin.py:188} INFO - [2026-07-14T20:49:37.050+0000] {dag.py:3823} INFO - Setting next_dagrun for dag_etl_camara_diario to 2026-07-13 03:00:00+00:00, run_after=2026-07-14 03:00:00+00:00
[2026-07-14T20:49:37.067+0000] {processor.py:183} INFO - Processing /opt/airflow/dags/dag_etl_camara_diario.py took 0.079 seconds
[2026-07-14T20:50:07.205+0000] {processor.py:161} INFO - Started process (PID=1579) to work on /opt/airflow/dags/dag_etl_camara_diario.py
[2026-07-14T20:50:07.206+0000] {processor.py:830} INFO - Processing file /opt/airflow/dags/dag_etl_camara_diario.py for tasks to queue
[2026-07-14T20:50:07.207+0000] {logging_mixin.py:188} INFO - [2026-07-14T20:50:07.206+0000] {dagbag.py:538} INFO - Filling up the DagBag from /opt/airflow/dags/dag_etl_camara_diario.py
[2026-07-14T20:50:07.217+0000] {processor.py:840} INFO - DAG(s) 'dag_etl_camara_diario' retrieved from /opt/airflow/dags/dag_etl_camara_diario.py
[2026-07-14T20:50:07.243+0000] {logging_mixin.py:188} INFO - [2026-07-14T20:50:07.243+0000] {dag.py:3036} INFO - Sync 1 DAGs
[2026-07-14T20:50:07.268+0000] {logging_mixin.py:188} INFO - [2026-07-14T20:50:07.267+0000] {dag.py:3823} INFO - Setting next_dagrun for dag_etl_camara_diario to 2026-07-13 03:00:00+00:00, run_after=2026-07-14 03:00:00+00:00
[2026-07-14T20:50:07.284+0000] {processor.py:183} INFO - Processing /opt/airflow/dags/dag_etl_camara_diario.py took 0.082 seconds
[2026-07-14T20:50:37.410+0000] {processor.py:161} INFO - Started process (PID=1594) to work on /opt/airflow/dags/dag_etl_camara_diario.py
[2026-07-14T20:50:37.412+0000] {processor.py:830} INFO - Processing file /opt/airflow/dags/dag_etl_camara_diario.py for tasks to queue
[2026-07-14T20:50:37.412+0000] {logging_mixin.py:188} INFO - [2026-07-14T20:50:37.412+0000] {dagbag.py:538} INFO - Filling up the DagBag from /opt/airflow/dags/dag_etl_camara_diario.py
[2026-07-14T20:50:37.422+0000] {processor.py:840} INFO - DAG(s) 'dag_etl_camara_diario' retrieved from /opt/airflow/dags/dag_etl_camara_diario.py
[2026-07-14T20:50:37.445+0000] {logging_mixin.py:188} INFO - [2026-07-14T20:50:37.445+0000] {dag.py:3036} INFO - Sync 1 DAGs
[2026-07-14T20:50:37.470+0000] {logging_mixin.py:188} INFO - [2026-07-14T20:50:37.469+0000] {dag.py:3823} INFO - Setting next_dagrun for dag_etl_camara_diario to 2026-07-13 03:00:00+00:00, run_after=2026-07-14 03:00:00+00:00
[2026-07-14T20:50:37.486+0000] {processor.py:183} INFO - Processing /opt/airflow/dags/dag_etl_camara_diario.py took 0.078 seconds
[2026-07-14T20:51:07.623+0000] {processor.py:161} INFO - Started process (PID=1609) to work on /opt/airflow/dags/dag_etl_camara_diario.py
[2026-07-14T20:51:07.624+0000] {processor.py:830} INFO - Processing file /opt/airflow/dags/dag_etl_camara_diario.py for tasks to queue
[2026-07-14T20:51:07.625+0000] {logging_mixin.py:188} INFO - [2026-07-14T20:51:07.624+0000] {dagbag.py:538} INFO - Filling up the DagBag from /opt/airflow/dags/dag_etl_camara_diario.py
[2026-07-14T20:51:07.636+0000] {processor.py:840} INFO - DAG(s) 'dag_etl_camara_diario' retrieved from /opt/airflow/dags/dag_etl_camara_diario.py
[2026-07-14T20:51:07.659+0000] {logging_mixin.py:188} INFO - [2026-07-14T20:51:07.659+0000] {dag.py:3036} INFO - Sync 1 DAGs
[2026-07-14T20:51:07.683+0000] {logging_mixin.py:188} INFO - [2026-07-14T20:51:07.683+0000] {dag.py:3823} INFO - Setting next_dagrun for dag_etl_camara_diario to 2026-07-13 03:00:00+00:00, run_after=2026-07-14 03:00:00+00:00
[2026-07-14T20:51:07.700+0000] {processor.py:183} INFO - Processing /opt/airflow/dags/dag_etl_camara_diario.py took 0.079 seconds
[2026-07-14T20:51:37.829+0000] {processor.py:161} INFO - Started process (PID=1624) to work on /opt/airflow/dags/dag_etl_camara_diario.py
[2026-07-14T20:51:37.830+0000] {processor.py:830} INFO - Processing file /opt/airflow/dags/dag_etl_camara_diario.py for tasks to queue
[2026-07-14T20:51:37.831+0000] {logging_mixin.py:188} INFO - [2026-07-14T20:51:37.831+0000] {dagbag.py:538} INFO - Filling up the DagBag from /opt/airflow/dags/dag_etl_camara_diario.py
[2026-07-14T20:51:37.841+0000] {processor.py:840} INFO - DAG(s) 'dag_etl_camara_diario' retrieved from /opt/airflow/dags/dag_etl_camara_diario.py
[2026-07-14T20:51:37.863+0000] {logging_mixin.py:188} INFO - [2026-07-14T20:51:37.863+0000] {dag.py:3036} INFO - Sync 1 DAGs
[2026-07-14T20:51:37.886+0000] {logging_mixin.py:188} INFO - [2026-07-14T20:51:37.886+0000] {dag.py:3823} INFO - Setting next_dagrun for dag_etl_camara_diario to 2026-07-13 03:00:00+00:00, run_after=2026-07-14 03:00:00+00:00
[2026-07-14T20:51:37.906+0000] {processor.py:183} INFO - Processing /opt/airflow/dags/dag_etl_camara_diario.py took 0.080 seconds
[2026-07-14T20:52:08.039+0000] {processor.py:161} INFO - Started process (PID=1639) to work on /opt/airflow/dags/dag_etl_camara_diario.py
[2026-07-14T20:52:08.040+0000] {processor.py:830} INFO - Processing file /opt/airflow/dags/dag_etl_camara_diario.py for tasks to queue
[2026-07-14T20:52:08.040+0000] {logging_mixin.py:188} INFO - [2026-07-14T20:52:08.040+0000] {dagbag.py:538} INFO - Filling up the DagBag from /opt/airflow/dags/dag_etl_camara_diario.py
[2026-07-14T20:52:08.051+0000] {processor.py:840} INFO - DAG(s) 'dag_etl_camara_diario' retrieved from /opt/airflow/dags/dag_etl_camara_diario.py
[2026-07-14T20:52:08.073+0000] {logging_mixin.py:188} INFO - [2026-07-14T20:52:08.073+0000] {dag.py:3036} INFO - Sync 1 DAGs
[2026-07-14T20:52:08.098+0000] {logging_mixin.py:188} INFO - [2026-07-14T20:52:08.097+0000] {dag.py:3823} INFO - Setting next_dagrun for dag_etl_camara_diario to 2026-07-13 03:00:00+00:00, run_after=2026-07-14 03:00:00+00:00
[2026-07-14T20:52:08.116+0000] {processor.py:183} INFO - Processing /opt/airflow/dags/dag_etl_camara_diario.py took 0.079 seconds
[2026-07-14T20:52:38.244+0000] {processor.py:161} INFO - Started process (PID=1654) to work on /opt/airflow/dags/dag_etl_camara_diario.py
[2026-07-14T20:52:38.245+0000] {processor.py:830} INFO - Processing file /opt/airflow/dags/dag_etl_camara_diario.py for tasks to queue
[2026-07-14T20:52:38.245+0000] {logging_mixin.py:188} INFO - [2026-07-14T20:52:38.245+0000] {dagbag.py:538} INFO - Filling up the DagBag from /opt/airflow/dags/dag_etl_camara_diario.py
[2026-07-14T20:52:38.255+0000] {processor.py:840} INFO - DAG(s) 'dag_etl_camara_diario' retrieved from /opt/airflow/dags/dag_etl_camara_diario.py
[2026-07-14T20:52:38.278+0000] {logging_mixin.py:188} INFO - [2026-07-14T20:52:38.278+0000] {dag.py:3036} INFO - Sync 1 DAGs
[2026-07-14T20:52:38.302+0000] {logging_mixin.py:188} INFO - [2026-07-14T20:52:38.302+0000] {dag.py:3823} INFO - Setting next_dagrun for dag_etl_camara_diario to 2026-07-13 03:00:00+00:00, run_after=2026-07-14 03:00:00+00:00
[2026-07-14T20:52:38.319+0000] {processor.py:183} INFO - Processing /opt/airflow/dags/dag_etl_camara_diario.py took 0.079 seconds
[2026-07-14T20:53:08.457+0000] {processor.py:161} INFO - Started process (PID=1669) to work on /opt/airflow/dags/dag_etl_camara_diario.py
[2026-07-14T20:53:08.458+0000] {processor.py:830} INFO - Processing file /opt/airflow/dags/dag_etl_camara_diario.py for tasks to queue
[2026-07-14T20:53:08.459+0000] {logging_mixin.py:188} INFO - [2026-07-14T20:53:08.458+0000] {dagbag.py:538} INFO - Filling up the DagBag from /opt/airflow/dags/dag_etl_camara_diario.py
[2026-07-14T20:53:08.469+0000] {processor.py:840} INFO - DAG(s) 'dag_etl_camara_diario' retrieved from /opt/airflow/dags/dag_etl_camara_diario.py
[2026-07-14T20:53:08.493+0000] {logging_mixin.py:188} INFO - [2026-07-14T20:53:08.493+0000] {dag.py:3036} INFO - Sync 1 DAGs
[2026-07-14T20:53:08.520+0000] {logging_mixin.py:188} INFO - [2026-07-14T20:53:08.519+0000] {dag.py:3823} INFO - Setting next_dagrun for dag_etl_camara_diario to 2026-07-13 03:00:00+00:00, run_after=2026-07-14 03:00:00+00:00
[2026-07-14T20:53:08.538+0000] {processor.py:183} INFO - Processing /opt/airflow/dags/dag_etl_camara_diario.py took 0.084 seconds
[2026-07-14T20:53:38.674+0000] {processor.py:161} INFO - Started process (PID=1684) to work on /opt/airflow/dags/dag_etl_camara_diario.py
[2026-07-14T20:53:38.675+0000] {processor.py:830} INFO - Processing file /opt/airflow/dags/dag_etl_camara_diario.py for tasks to queue
[2026-07-14T20:53:38.676+0000] {logging_mixin.py:188} INFO - [2026-07-14T20:53:38.676+0000] {dagbag.py:538} INFO - Filling up the DagBag from /opt/airflow/dags/dag_etl_camara_diario.py
[2026-07-14T20:53:38.686+0000] {processor.py:840} INFO - DAG(s) 'dag_etl_camara_diario' retrieved from /opt/airflow/dags/dag_etl_camara_diario.py
[2026-07-14T20:53:38.711+0000] {logging_mixin.py:188} INFO - [2026-07-14T20:53:38.710+0000] {dag.py:3036} INFO - Sync 1 DAGs
[2026-07-14T20:53:38.737+0000] {logging_mixin.py:188} INFO - [2026-07-14T20:53:38.736+0000] {dag.py:3823} INFO - Setting next_dagrun for dag_etl_camara_diario to 2026-07-13 03:00:00+00:00, run_after=2026-07-14 03:00:00+00:00
[2026-07-14T20:53:38.758+0000] {processor.py:183} INFO - Processing /opt/airflow/dags/dag_etl_camara_diario.py took 0.087 seconds
[2026-07-14T20:54:08.895+0000] {processor.py:161} INFO - Started process (PID=1699) to work on /opt/airflow/dags/dag_etl_camara_diario.py
[2026-07-14T20:54:08.896+0000] {processor.py:830} INFO - Processing file /opt/airflow/dags/dag_etl_camara_diario.py for tasks to queue
[2026-07-14T20:54:08.897+0000] {logging_mixin.py:188} INFO - [2026-07-14T20:54:08.896+0000] {dagbag.py:538} INFO - Filling up the DagBag from /opt/airflow/dags/dag_etl_camara_diario.py
[2026-07-14T20:54:08.907+0000] {processor.py:840} INFO - DAG(s) 'dag_etl_camara_diario' retrieved from /opt/airflow/dags/dag_etl_camara_diario.py
[2026-07-14T20:54:08.929+0000] {logging_mixin.py:188} INFO - [2026-07-14T20:54:08.929+0000] {dag.py:3036} INFO - Sync 1 DAGs
[2026-07-14T20:54:08.954+0000] {logging_mixin.py:188} INFO - [2026-07-14T20:54:08.954+0000] {dag.py:3823} INFO - Setting next_dagrun for dag_etl_camara_diario to 2026-07-13 03:00:00+00:00, run_after=2026-07-14 03:00:00+00:00
[2026-07-14T20:54:08.972+0000] {processor.py:183} INFO - Processing /opt/airflow/dags/dag_etl_camara_diario.py took 0.080 seconds
[2026-07-14T20:54:39.104+0000] {processor.py:161} INFO - Started process (PID=1714) to work on /opt/airflow/dags/dag_etl_camara_diario.py
[2026-07-14T20:54:39.105+0000] {processor.py:830} INFO - Processing file /opt/airflow/dags/dag_etl_camara_diario.py for tasks to queue
[2026-07-14T20:54:39.105+0000] {logging_mixin.py:188} INFO - [2026-07-14T20:54:39.105+0000] {dagbag.py:538} INFO - Filling up the DagBag from /opt/airflow/dags/dag_etl_camara_diario.py
[2026-07-14T20:54:39.116+0000] {processor.py:840} INFO - DAG(s) 'dag_etl_camara_diario' retrieved from /opt/airflow/dags/dag_etl_camara_diario.py
[2026-07-14T20:54:39.140+0000] {logging_mixin.py:188} INFO - [2026-07-14T20:54:39.140+0000] {dag.py:3036} INFO - Sync 1 DAGs
[2026-07-14T20:54:39.165+0000] {logging_mixin.py:188} INFO - [2026-07-14T20:54:39.164+0000] {dag.py:3823} INFO - Setting next_dagrun for dag_etl_camara_diario to 2026-07-13 03:00:00+00:00, run_after=2026-07-14 03:00:00+00:00
[2026-07-14T20:54:39.184+0000] {processor.py:183} INFO - Processing /opt/airflow/dags/dag_etl_camara_diario.py took 0.083 seconds
[2026-07-14T20:55:09.309+0000] {processor.py:161} INFO - Started process (PID=1729) to work on /opt/airflow/dags/dag_etl_camara_diario.py
[2026-07-14T20:55:09.310+0000] {processor.py:830} INFO - Processing file /opt/airflow/dags/dag_etl_camara_diario.py for tasks to queue
[2026-07-14T20:55:09.312+0000] {logging_mixin.py:188} INFO - [2026-07-14T20:55:09.311+0000] {dagbag.py:538} INFO - Filling up the DagBag from /opt/airflow/dags/dag_etl_camara_diario.py
[2026-07-14T20:55:09.322+0000] {processor.py:840} INFO - DAG(s) 'dag_etl_camara_diario' retrieved from /opt/airflow/dags/dag_etl_camara_diario.py
[2026-07-14T20:55:09.346+0000] {logging_mixin.py:188} INFO - [2026-07-14T20:55:09.345+0000] {dag.py:3036} INFO - Sync 1 DAGs
[2026-07-14T20:55:09.370+0000] {logging_mixin.py:188} INFO - [2026-07-14T20:55:09.370+0000] {dag.py:3823} INFO - Setting next_dagrun for dag_etl_camara_diario to 2026-07-13 03:00:00+00:00, run_after=2026-07-14 03:00:00+00:00
[2026-07-14T20:55:09.387+0000] {processor.py:183} INFO - Processing /opt/airflow/dags/dag_etl_camara_diario.py took 0.080 seconds
[2026-07-14T20:55:39.520+0000] {processor.py:161} INFO - Started process (PID=1744) to work on /opt/airflow/dags/dag_etl_camara_diario.py
[2026-07-14T20:55:39.521+0000] {processor.py:830} INFO - Processing file /opt/airflow/dags/dag_etl_camara_diario.py for tasks to queue
[2026-07-14T20:55:39.522+0000] {logging_mixin.py:188} INFO - [2026-07-14T20:55:39.522+0000] {dagbag.py:538} INFO - Filling up the DagBag from /opt/airflow/dags/dag_etl_camara_diario.py
[2026-07-14T20:55:39.534+0000] {processor.py:840} INFO - DAG(s) 'dag_etl_camara_diario' retrieved from /opt/airflow/dags/dag_etl_camara_diario.py
[2026-07-14T20:55:39.560+0000] {logging_mixin.py:188} INFO - [2026-07-14T20:55:39.560+0000] {dag.py:3036} INFO - Sync 1 DAGs
[2026-07-14T20:55:39.586+0000] {logging_mixin.py:188} INFO - [2026-07-14T20:55:39.585+0000] {dag.py:3823} INFO - Setting next_dagrun for dag_etl_camara_diario to 2026-07-13 03:00:00+00:00, run_after=2026-07-14 03:00:00+00:00
[2026-07-14T20:55:39.605+0000] {processor.py:183} INFO - Processing /opt/airflow/dags/dag_etl_camara_diario.py took 0.088 seconds
[2026-07-14T20:56:09.740+0000] {processor.py:161} INFO - Started process (PID=1759) to work on /opt/airflow/dags/dag_etl_camara_diario.py
[2026-07-14T20:56:09.741+0000] {processor.py:830} INFO - Processing file /opt/airflow/dags/dag_etl_camara_diario.py for tasks to queue
[2026-07-14T20:56:09.742+0000] {logging_mixin.py:188} INFO - [2026-07-14T20:56:09.742+0000] {dagbag.py:538} INFO - Filling up the DagBag from /opt/airflow/dags/dag_etl_camara_diario.py
[2026-07-14T20:56:09.752+0000] {processor.py:840} INFO - DAG(s) 'dag_etl_camara_diario' retrieved from /opt/airflow/dags/dag_etl_camara_diario.py
[2026-07-14T20:56:09.776+0000] {logging_mixin.py:188} INFO - [2026-07-14T20:56:09.776+0000] {dag.py:3036} INFO - Sync 1 DAGs
[2026-07-14T20:56:09.800+0000] {logging_mixin.py:188} INFO - [2026-07-14T20:56:09.800+0000] {dag.py:3823} INFO - Setting next_dagrun for dag_etl_camara_diario to 2026-07-13 03:00:00+00:00, run_after=2026-07-14 03:00:00+00:00
[2026-07-14T20:56:09.820+0000] {processor.py:183} INFO - Processing /opt/airflow/dags/dag_etl_camara_diario.py took 0.082 seconds
[2026-07-14T20:56:39.950+0000] {processor.py:161} INFO - Started process (PID=1774) to work on /opt/airflow/dags/dag_etl_camara_diario.py
[2026-07-14T20:56:39.952+0000] {processor.py:830} INFO - Processing file /opt/airflow/dags/dag_etl_camara_diario.py for tasks to queue
[2026-07-14T20:56:39.952+0000] {logging_mixin.py:188} INFO - [2026-07-14T20:56:39.952+0000] {dagbag.py:538} INFO - Filling up the DagBag from /opt/airflow/dags/dag_etl_camara_diario.py
[2026-07-14T20:56:39.964+0000] {processor.py:840} INFO - DAG(s) 'dag_etl_camara_diario' retrieved from /opt/airflow/dags/dag_etl_camara_diario.py
[2026-07-14T20:56:39.988+0000] {logging_mixin.py:188} INFO - [2026-07-14T20:56:39.987+0000] {dag.py:3036} INFO - Sync 1 DAGs
[2026-07-14T20:56:40.013+0000] {logging_mixin.py:188} INFO - [2026-07-14T20:56:40.013+0000] {dag.py:3823} INFO - Setting next_dagrun for dag_etl_camara_diario to 2026-07-13 03:00:00+00:00, run_after=2026-07-14 03:00:00+00:00
[2026-07-14T20:56:40.032+0000] {processor.py:183} INFO - Processing /opt/airflow/dags/dag_etl_camara_diario.py took 0.085 seconds
[2026-07-14T20:57:10.160+0000] {processor.py:161} INFO - Started process (PID=1789) to work on /opt/airflow/dags/dag_etl_camara_diario.py
[2026-07-14T20:57:10.161+0000] {processor.py:830} INFO - Processing file /opt/airflow/dags/dag_etl_camara_diario.py for tasks to queue
[2026-07-14T20:57:10.161+0000] {logging_mixin.py:188} INFO - [2026-07-14T20:57:10.161+0000] {dagbag.py:538} INFO - Filling up the DagBag from /opt/airflow/dags/dag_etl_camara_diario.py
[2026-07-14T20:57:10.171+0000] {processor.py:840} INFO - DAG(s) 'dag_etl_camara_diario' retrieved from /opt/airflow/dags/dag_etl_camara_diario.py
[2026-07-14T20:57:10.195+0000] {logging_mixin.py:188} INFO - [2026-07-14T20:57:10.195+0000] {dag.py:3036} INFO - Sync 1 DAGs
[2026-07-14T20:57:10.220+0000] {logging_mixin.py:188} INFO - [2026-07-14T20:57:10.220+0000] {dag.py:3823} INFO - Setting next_dagrun for dag_etl_camara_diario to 2026-07-13 03:00:00+00:00, run_after=2026-07-14 03:00:00+00:00
[2026-07-14T20:57:10.238+0000] {processor.py:183} INFO - Processing /opt/airflow/dags/dag_etl_camara_diario.py took 0.080 seconds
[2026-07-14T20:57:40.367+0000] {processor.py:161} INFO - Started process (PID=1804) to work on /opt/airflow/dags/dag_etl_camara_diario.py
[2026-07-14T20:57:40.368+0000] {processor.py:830} INFO - Processing file /opt/airflow/dags/dag_etl_camara_diario.py for tasks to queue
[2026-07-14T20:57:40.369+0000] {logging_mixin.py:188} INFO - [2026-07-14T20:57:40.368+0000] {dagbag.py:538} INFO - Filling up the DagBag from /opt/airflow/dags/dag_etl_camara_diario.py
[2026-07-14T20:57:40.380+0000] {processor.py:840} INFO - DAG(s) 'dag_etl_camara_diario' retrieved from /opt/airflow/dags/dag_etl_camara_diario.py
[2026-07-14T20:57:40.403+0000] {logging_mixin.py:188} INFO - [2026-07-14T20:57:40.403+0000] {dag.py:3036} INFO - Sync 1 DAGs
[2026-07-14T20:57:40.428+0000] {logging_mixin.py:188} INFO - [2026-07-14T20:57:40.428+0000] {dag.py:3823} INFO - Setting next_dagrun for dag_etl_camara_diario to 2026-07-13 03:00:00+00:00, run_after=2026-07-14 03:00:00+00:00
[2026-07-14T20:57:40.445+0000] {processor.py:183} INFO - Processing /opt/airflow/dags/dag_etl_camara_diario.py took 0.081 seconds
[2026-07-14T20:58:10.582+0000] {processor.py:161} INFO - Started process (PID=1819) to work on /opt/airflow/dags/dag_etl_camara_diario.py
[2026-07-14T20:58:10.583+0000] {processor.py:830} INFO - Processing file /opt/airflow/dags/dag_etl_camara_diario.py for tasks to queue
[2026-07-14T20:58:10.583+0000] {logging_mixin.py:188} INFO - [2026-07-14T20:58:10.583+0000] {dagbag.py:538} INFO - Filling up the DagBag from /opt/airflow/dags/dag_etl_camara_diario.py
[2026-07-14T20:58:10.593+0000] {processor.py:840} INFO - DAG(s) 'dag_etl_camara_diario' retrieved from /opt/airflow/dags/dag_etl_camara_diario.py
[2026-07-14T20:58:10.615+0000] {logging_mixin.py:188} INFO - [2026-07-14T20:58:10.615+0000] {dag.py:3036} INFO - Sync 1 DAGs
[2026-07-14T20:58:10.638+0000] {logging_mixin.py:188} INFO - [2026-07-14T20:58:10.638+0000] {dag.py:3823} INFO - Setting next_dagrun for dag_etl_camara_diario to 2026-07-13 03:00:00+00:00, run_after=2026-07-14 03:00:00+00:00
[2026-07-14T20:58:10.655+0000] {processor.py:183} INFO - Processing /opt/airflow/dags/dag_etl_camara_diario.py took 0.075 seconds
[2026-07-14T20:58:40.790+0000] {processor.py:161} INFO - Started process (PID=1834) to work on /opt/airflow/dags/dag_etl_camara_diario.py
[2026-07-14T20:58:40.791+0000] {processor.py:830} INFO - Processing file /opt/airflow/dags/dag_etl_camara_diario.py for tasks to queue
[2026-07-14T20:58:40.791+0000] {logging_mixin.py:188} INFO - [2026-07-14T20:58:40.791+0000] {dagbag.py:538} INFO - Filling up the DagBag from /opt/airflow/dags/dag_etl_camara_diario.py
[2026-07-14T20:58:40.801+0000] {processor.py:840} INFO - DAG(s) 'dag_etl_camara_diario' retrieved from /opt/airflow/dags/dag_etl_camara_diario.py
[2026-07-14T20:58:40.824+0000] {logging_mixin.py:188} INFO - [2026-07-14T20:58:40.824+0000] {dag.py:3036} INFO - Sync 1 DAGs
[2026-07-14T20:58:40.848+0000] {logging_mixin.py:188} INFO - [2026-07-14T20:58:40.848+0000] {dag.py:3823} INFO - Setting next_dagrun for dag_etl_camara_diario to 2026-07-13 03:00:00+00:00, run_after=2026-07-14 03:00:00+00:00
[2026-07-14T20:58:40.864+0000] {processor.py:183} INFO - Processing /opt/airflow/dags/dag_etl_camara_diario.py took 0.077 seconds
[2026-07-14T20:59:10.995+0000] {processor.py:161} INFO - Started process (PID=1849) to work on /opt/airflow/dags/dag_etl_camara_diario.py
[2026-07-14T20:59:10.996+0000] {processor.py:830} INFO - Processing file /opt/airflow/dags/dag_etl_camara_diario.py for tasks to queue
[2026-07-14T20:59:10.997+0000] {logging_mixin.py:188} INFO - [2026-07-14T20:59:10.996+0000] {dagbag.py:538} INFO - Filling up the DagBag from /opt/airflow/dags/dag_etl_camara_diario.py
[2026-07-14T20:59:11.007+0000] {processor.py:840} INFO - DAG(s) 'dag_etl_camara_diario' retrieved from /opt/airflow/dags/dag_etl_camara_diario.py
[2026-07-14T20:59:11.031+0000] {logging_mixin.py:188} INFO - [2026-07-14T20:59:11.030+0000] {dag.py:3036} INFO - Sync 1 DAGs
[2026-07-14T20:59:11.053+0000] {logging_mixin.py:188} INFO - [2026-07-14T20:59:11.053+0000] {dag.py:3823} INFO - Setting next_dagrun for dag_etl_camara_diario to 2026-07-13 03:00:00+00:00, run_after=2026-07-14 03:00:00+00:00
[2026-07-14T20:59:11.070+0000] {processor.py:183} INFO - Processing /opt/airflow/dags/dag_etl_camara_diario.py took 0.078 seconds
[2026-07-14T20:59:41.200+0000] {processor.py:161} INFO - Started process (PID=1864) to work on /opt/airflow/dags/dag_etl_camara_diario.py
[2026-07-14T20:59:41.201+0000] {processor.py:830} INFO - Processing file /opt/airflow/dags/dag_etl_camara_diario.py for tasks to queue
[2026-07-14T20:59:41.202+0000] {logging_mixin.py:188} INFO - [2026-07-14T20:59:41.201+0000] {dagbag.py:538} INFO - Filling up the DagBag from /opt/airflow/dags/dag_etl_camara_diario.py
[2026-07-14T20:59:41.212+0000] {processor.py:840} INFO - DAG(s) 'dag_etl_camara_diario' retrieved from /opt/airflow/dags/dag_etl_camara_diario.py
[2026-07-14T20:59:41.237+0000] {logging_mixin.py:188} INFO - [2026-07-14T20:59:41.237+0000] {dag.py:3036} INFO - Sync 1 DAGs
[2026-07-14T20:59:41.262+0000] {logging_mixin.py:188} INFO - [2026-07-14T20:59:41.261+0000] {dag.py:3823} INFO - Setting next_dagrun for dag_etl_camara_diario to 2026-07-13 03:00:00+00:00, run_after=2026-07-14 03:00:00+00:00
[2026-07-14T20:59:41.279+0000] {processor.py:183} INFO - Processing /opt/airflow/dags/dag_etl_camara_diario.py took 0.082 seconds
[2026-07-14T21:00:11.409+0000] {processor.py:161} INFO - Started process (PID=1879) to work on /opt/airflow/dags/dag_etl_camara_diario.py
[2026-07-14T21:00:11.410+0000] {processor.py:830} INFO - Processing file /opt/airflow/dags/dag_etl_camara_diario.py for tasks to queue
[2026-07-14T21:00:11.410+0000] {logging_mixin.py:188} INFO - [2026-07-14T21:00:11.410+0000] {dagbag.py:538} INFO - Filling up the DagBag from /opt/airflow/dags/dag_etl_camara_diario.py
[2026-07-14T21:00:11.421+0000] {processor.py:840} INFO - DAG(s) 'dag_etl_camara_diario' retrieved from /opt/airflow/dags/dag_etl_camara_diario.py
[2026-07-14T21:00:11.444+0000] {logging_mixin.py:188} INFO - [2026-07-14T21:00:11.444+0000] {dag.py:3036} INFO - Sync 1 DAGs
[2026-07-14T21:00:11.468+0000] {logging_mixin.py:188} INFO - [2026-07-14T21:00:11.468+0000] {dag.py:3823} INFO - Setting next_dagrun for dag_etl_camara_diario to 2026-07-13 03:00:00+00:00, run_after=2026-07-14 03:00:00+00:00
[2026-07-14T21:00:11.486+0000] {processor.py:183} INFO - Processing /opt/airflow/dags/dag_etl_camara_diario.py took 0.080 seconds
[2026-07-14T21:00:41.608+0000] {processor.py:161} INFO - Started process (PID=1894) to work on /opt/airflow/dags/dag_etl_camara_diario.py
[2026-07-14T21:00:41.609+0000] {processor.py:830} INFO - Processing file /opt/airflow/dags/dag_etl_camara_diario.py for tasks to queue
[2026-07-14T21:00:41.610+0000] {logging_mixin.py:188} INFO - [2026-07-14T21:00:41.610+0000] {dagbag.py:538} INFO - Filling up the DagBag from /opt/airflow/dags/dag_etl_camara_diario.py
[2026-07-14T21:00:41.621+0000] {processor.py:840} INFO - DAG(s) 'dag_etl_camara_diario' retrieved from /opt/airflow/dags/dag_etl_camara_diario.py
[2026-07-14T21:00:41.644+0000] {logging_mixin.py:188} INFO - [2026-07-14T21:00:41.644+0000] {dag.py:3036} INFO - Sync 1 DAGs
[2026-07-14T21:00:41.668+0000] {logging_mixin.py:188} INFO - [2026-07-14T21:00:41.668+0000] {dag.py:3823} INFO - Setting next_dagrun for dag_etl_camara_diario to 2026-07-13 03:00:00+00:00, run_after=2026-07-14 03:00:00+00:00
[2026-07-14T21:00:41.686+0000] {processor.py:183} INFO - Processing /opt/airflow/dags/dag_etl_camara_diario.py took 0.081 seconds
[2026-07-14T21:01:11.813+0000] {processor.py:161} INFO - Started process (PID=1909) to work on /opt/airflow/dags/dag_etl_camara_diario.py
[2026-07-14T21:01:11.814+0000] {processor.py:830} INFO - Processing file /opt/airflow/dags/dag_etl_camara_diario.py for tasks to queue
[2026-07-14T21:01:11.814+0000] {logging_mixin.py:188} INFO - [2026-07-14T21:01:11.814+0000] {dagbag.py:538} INFO - Filling up the DagBag from /opt/airflow/dags/dag_etl_camara_diario.py
[2026-07-14T21:01:11.824+0000] {processor.py:840} INFO - DAG(s) 'dag_etl_camara_diario' retrieved from /opt/airflow/dags/dag_etl_camara_diario.py
[2026-07-14T21:01:11.845+0000] {logging_mixin.py:188} INFO - [2026-07-14T21:01:11.845+0000] {dag.py:3036} INFO - Sync 1 DAGs
[2026-07-14T21:01:11.868+0000] {logging_mixin.py:188} INFO - [2026-07-14T21:01:11.868+0000] {dag.py:3823} INFO - Setting next_dagrun for dag_etl_camara_diario to 2026-07-13 03:00:00+00:00, run_after=2026-07-14 03:00:00+00:00
[2026-07-14T21:01:11.883+0000] {processor.py:183} INFO - Processing /opt/airflow/dags/dag_etl_camara_diario.py took 0.073 seconds
[2026-07-14T21:01:42.014+0000] {processor.py:161} INFO - Started process (PID=1924) to work on /opt/airflow/dags/dag_etl_camara_diario.py
[2026-07-14T21:01:42.016+0000] {processor.py:830} INFO - Processing file /opt/airflow/dags/dag_etl_camara_diario.py for tasks to queue
[2026-07-14T21:01:42.017+0000] {logging_mixin.py:188} INFO - [2026-07-14T21:01:42.016+0000] {dagbag.py:538} INFO - Filling up the DagBag from /opt/airflow/dags/dag_etl_camara_diario.py
[2026-07-14T21:01:42.028+0000] {processor.py:840} INFO - DAG(s) 'dag_etl_camara_diario' retrieved from /opt/airflow/dags/dag_etl_camara_diario.py
[2026-07-14T21:01:42.052+0000] {logging_mixin.py:188} INFO - [2026-07-14T21:01:42.052+0000] {dag.py:3036} INFO - Sync 1 DAGs
[2026-07-14T21:01:42.078+0000] {logging_mixin.py:188} INFO - [2026-07-14T21:01:42.077+0000] {dag.py:3823} INFO - Setting next_dagrun for dag_etl_camara_diario to 2026-07-13 03:00:00+00:00, run_after=2026-07-14 03:00:00+00:00
[2026-07-14T21:01:42.093+0000] {processor.py:183} INFO - Processing /opt/airflow/dags/dag_etl_camara_diario.py took 0.083 seconds
[2026-07-14T21:02:12.218+0000] {processor.py:161} INFO - Started process (PID=1939) to work on /opt/airflow/dags/dag_etl_camara_diario.py
[2026-07-14T21:02:12.219+0000] {processor.py:830} INFO - Processing file /opt/airflow/dags/dag_etl_camara_diario.py for tasks to queue
[2026-07-14T21:02:12.219+0000] {logging_mixin.py:188} INFO - [2026-07-14T21:02:12.219+0000] {dagbag.py:538} INFO - Filling up the DagBag from /opt/airflow/dags/dag_etl_camara_diario.py
[2026-07-14T21:02:12.229+0000] {processor.py:840} INFO - DAG(s) 'dag_etl_camara_diario' retrieved from /opt/airflow/dags/dag_etl_camara_diario.py
[2026-07-14T21:02:12.252+0000] {logging_mixin.py:188} INFO - [2026-07-14T21:02:12.252+0000] {dag.py:3036} INFO - Sync 1 DAGs
[2026-07-14T21:02:12.275+0000] {logging_mixin.py:188} INFO - [2026-07-14T21:02:12.275+0000] {dag.py:3823} INFO - Setting next_dagrun for dag_etl_camara_diario to 2026-07-13 03:00:00+00:00, run_after=2026-07-14 03:00:00+00:00
[2026-07-14T21:02:12.293+0000] {processor.py:183} INFO - Processing /opt/airflow/dags/dag_etl_camara_diario.py took 0.078 seconds
[2026-07-14T21:02:42.423+0000] {processor.py:161} INFO - Started process (PID=1954) to work on /opt/airflow/dags/dag_etl_camara_diario.py
[2026-07-14T21:02:42.424+0000] {processor.py:830} INFO - Processing file /opt/airflow/dags/dag_etl_camara_diario.py for tasks to queue
[2026-07-14T21:02:42.424+0000] {logging_mixin.py:188} INFO - [2026-07-14T21:02:42.424+0000] {dagbag.py:538} INFO - Filling up the DagBag from /opt/airflow/dags/dag_etl_camara_diario.py
[2026-07-14T21:02:42.433+0000] {processor.py:840} INFO - DAG(s) 'dag_etl_camara_diario' retrieved from /opt/airflow/dags/dag_etl_camara_diario.py
[2026-07-14T21:02:42.455+0000] {logging_mixin.py:188} INFO - [2026-07-14T21:02:42.455+0000] {dag.py:3036} INFO - Sync 1 DAGs
[2026-07-14T21:02:42.479+0000] {logging_mixin.py:188} INFO - [2026-07-14T21:02:42.478+0000] {dag.py:3823} INFO - Setting next_dagrun for dag_etl_camara_diario to 2026-07-13 03:00:00+00:00, run_after=2026-07-14 03:00:00+00:00
[2026-07-14T21:02:42.496+0000] {processor.py:183} INFO - Processing /opt/airflow/dags/dag_etl_camara_diario.py took 0.076 seconds
[2026-07-14T21:03:12.647+0000] {processor.py:161} INFO - Started process (PID=1969) to work on /opt/airflow/dags/dag_etl_camara_diario.py
[2026-07-14T21:03:12.648+0000] {processor.py:830} INFO - Processing file /opt/airflow/dags/dag_etl_camara_diario.py for tasks to queue
[2026-07-14T21:03:12.649+0000] {logging_mixin.py:188} INFO - [2026-07-14T21:03:12.649+0000] {dagbag.py:538} INFO - Filling up the DagBag from /opt/airflow/dags/dag_etl_camara_diario.py
[2026-07-14T21:03:12.659+0000] {processor.py:840} INFO - DAG(s) 'dag_etl_camara_diario' retrieved from /opt/airflow/dags/dag_etl_camara_diario.py
[2026-07-14T21:03:12.681+0000] {logging_mixin.py:188} INFO - [2026-07-14T21:03:12.681+0000] {dag.py:3036} INFO - Sync 1 DAGs
[2026-07-14T21:03:12.708+0000] {logging_mixin.py:188} INFO - [2026-07-14T21:03:12.707+0000] {dag.py:3823} INFO - Setting next_dagrun for dag_etl_camara_diario to 2026-07-13 03:00:00+00:00, run_after=2026-07-14 03:00:00+00:00
[2026-07-14T21:03:12.725+0000] {processor.py:183} INFO - Processing /opt/airflow/dags/dag_etl_camara_diario.py took 0.080 seconds
[2026-07-14T21:03:42.858+0000] {processor.py:161} INFO - Started process (PID=1984) to work on /opt/airflow/dags/dag_etl_camara_diario.py
[2026-07-14T21:03:42.859+0000] {processor.py:830} INFO - Processing file /opt/airflow/dags/dag_etl_camara_diario.py for tasks to queue
[2026-07-14T21:03:42.860+0000] {logging_mixin.py:188} INFO - [2026-07-14T21:03:42.860+0000] {dagbag.py:538} INFO - Filling up the DagBag from /opt/airflow/dags/dag_etl_camara_diario.py
[2026-07-14T21:03:42.869+0000] {processor.py:840} INFO - DAG(s) 'dag_etl_camara_diario' retrieved from /opt/airflow/dags/dag_etl_camara_diario.py
[2026-07-14T21:03:42.892+0000] {logging_mixin.py:188} INFO - [2026-07-14T21:03:42.892+0000] {dag.py:3036} INFO - Sync 1 DAGs
[2026-07-14T21:03:42.915+0000] {logging_mixin.py:188} INFO - [2026-07-14T21:03:42.915+0000] {dag.py:3823} INFO - Setting next_dagrun for dag_etl_camara_diario to 2026-07-13 03:00:00+00:00, run_after=2026-07-14 03:00:00+00:00
[2026-07-14T21:03:42.930+0000] {processor.py:183} INFO - Processing /opt/airflow/dags/dag_etl_camara_diario.py took 0.074 seconds
[2026-07-14T21:04:13.061+0000] {processor.py:161} INFO - Started process (PID=1999) to work on /opt/airflow/dags/dag_etl_camara_diario.py
[2026-07-14T21:04:13.061+0000] {processor.py:830} INFO - Processing file /opt/airflow/dags/dag_etl_camara_diario.py for tasks to queue
[2026-07-14T21:04:13.062+0000] {logging_mixin.py:188} INFO - [2026-07-14T21:04:13.062+0000] {dagbag.py:538} INFO - Filling up the DagBag from /opt/airflow/dags/dag_etl_camara_diario.py
[2026-07-14T21:04:13.071+0000] {processor.py:840} INFO - DAG(s) 'dag_etl_camara_diario' retrieved from /opt/airflow/dags/dag_etl_camara_diario.py
[2026-07-14T21:04:13.093+0000] {logging_mixin.py:188} INFO - [2026-07-14T21:04:13.093+0000] {dag.py:3036} INFO - Sync 1 DAGs
[2026-07-14T21:04:13.115+0000] {logging_mixin.py:188} INFO - [2026-07-14T21:04:13.115+0000] {dag.py:3823} INFO - Setting next_dagrun for dag_etl_camara_diario to 2026-07-13 03:00:00+00:00, run_after=2026-07-14 03:00:00+00:00
[2026-07-14T21:04:13.131+0000] {processor.py:183} INFO - Processing /opt/airflow/dags/dag_etl_camara_diario.py took 0.073 seconds
[2026-07-14T21:04:43.261+0000] {processor.py:161} INFO - Started process (PID=2014) to work on /opt/airflow/dags/dag_etl_camara_diario.py
[2026-07-14T21:04:43.262+0000] {processor.py:830} INFO - Processing file /opt/airflow/dags/dag_etl_camara_diario.py for tasks to queue
[2026-07-14T21:04:43.263+0000] {logging_mixin.py:188} INFO - [2026-07-14T21:04:43.262+0000] {dagbag.py:538} INFO - Filling up the DagBag from /opt/airflow/dags/dag_etl_camara_diario.py
[2026-07-14T21:04:43.273+0000] {processor.py:840} INFO - DAG(s) 'dag_etl_camara_diario' retrieved from /opt/airflow/dags/dag_etl_camara_diario.py
[2026-07-14T21:04:43.294+0000] {logging_mixin.py:188} INFO - [2026-07-14T21:04:43.294+0000] {dag.py:3036} INFO - Sync 1 DAGs
[2026-07-14T21:04:43.317+0000] {logging_mixin.py:188} INFO - [2026-07-14T21:04:43.316+0000] {dag.py:3823} INFO - Setting next_dagrun for dag_etl_camara_diario to 2026-07-13 03:00:00+00:00, run_after=2026-07-14 03:00:00+00:00
[2026-07-14T21:04:43.330+0000] {processor.py:183} INFO - Processing /opt/airflow/dags/dag_etl_camara_diario.py took 0.072 seconds
[2026-07-14T21:05:13.461+0000] {processor.py:161} INFO - Started process (PID=2029) to work on /opt/airflow/dags/dag_etl_camara_diario.py
[2026-07-14T21:05:13.461+0000] {processor.py:830} INFO - Processing file /opt/airflow/dags/dag_etl_camara_diario.py for tasks to queue
[2026-07-14T21:05:13.462+0000] {logging_mixin.py:188} INFO - [2026-07-14T21:05:13.462+0000] {dagbag.py:538} INFO - Filling up the DagBag from /opt/airflow/dags/dag_etl_camara_diario.py
[2026-07-14T21:05:13.471+0000] {processor.py:840} INFO - DAG(s) 'dag_etl_camara_diario' retrieved from /opt/airflow/dags/dag_etl_camara_diario.py
[2026-07-14T21:05:13.492+0000] {logging_mixin.py:188} INFO - [2026-07-14T21:05:13.492+0000] {dag.py:3036} INFO - Sync 1 DAGs
[2026-07-14T21:05:13.513+0000] {logging_mixin.py:188} INFO - [2026-07-14T21:05:13.513+0000] {dag.py:3823} INFO - Setting next_dagrun for dag_etl_camara_diario to 2026-07-13 03:00:00+00:00, run_after=2026-07-14 03:00:00+00:00
[2026-07-14T21:05:13.531+0000] {processor.py:183} INFO - Processing /opt/airflow/dags/dag_etl_camara_diario.py took 0.074 seconds
[2026-07-14T21:05:43.663+0000] {processor.py:161} INFO - Started process (PID=2044) to work on /opt/airflow/dags/dag_etl_camara_diario.py
[2026-07-14T21:05:43.664+0000] {processor.py:830} INFO - Processing file /opt/airflow/dags/dag_etl_camara_diario.py for tasks to queue
[2026-07-14T21:05:43.665+0000] {logging_mixin.py:188} INFO - [2026-07-14T21:05:43.664+0000] {dagbag.py:538} INFO - Filling up the DagBag from /opt/airflow/dags/dag_etl_camara_diario.py
[2026-07-14T21:05:43.674+0000] {processor.py:840} INFO - DAG(s) 'dag_etl_camara_diario' retrieved from /opt/airflow/dags/dag_etl_camara_diario.py
[2026-07-14T21:05:43.695+0000] {logging_mixin.py:188} INFO - [2026-07-14T21:05:43.695+0000] {dag.py:3036} INFO - Sync 1 DAGs
[2026-07-14T21:05:43.718+0000] {logging_mixin.py:188} INFO - [2026-07-14T21:05:43.717+0000] {dag.py:3823} INFO - Setting next_dagrun for dag_etl_camara_diario to 2026-07-13 03:00:00+00:00, run_after=2026-07-14 03:00:00+00:00
[2026-07-14T21:05:43.735+0000] {processor.py:183} INFO - Processing /opt/airflow/dags/dag_etl_camara_diario.py took 0.074 seconds
[2026-07-14T21:06:13.868+0000] {processor.py:161} INFO - Started process (PID=2059) to work on /opt/airflow/dags/dag_etl_camara_diario.py
[2026-07-14T21:06:13.868+0000] {processor.py:830} INFO - Processing file /opt/airflow/dags/dag_etl_camara_diario.py for tasks to queue
[2026-07-14T21:06:13.869+0000] {logging_mixin.py:188} INFO - [2026-07-14T21:06:13.869+0000] {dagbag.py:538} INFO - Filling up the DagBag from /opt/airflow/dags/dag_etl_camara_diario.py
[2026-07-14T21:06:13.878+0000] {processor.py:840} INFO - DAG(s) 'dag_etl_camara_diario' retrieved from /opt/airflow/dags/dag_etl_camara_diario.py
[2026-07-14T21:06:13.901+0000] {logging_mixin.py:188} INFO - [2026-07-14T21:06:13.900+0000] {dag.py:3036} INFO - Sync 1 DAGs
[2026-07-14T21:06:13.923+0000] {logging_mixin.py:188} INFO - [2026-07-14T21:06:13.923+0000] {dag.py:3823} INFO - Setting next_dagrun for dag_etl_camara_diario to 2026-07-13 03:00:00+00:00, run_after=2026-07-14 03:00:00+00:00
[2026-07-14T21:06:13.959+0000] {processor.py:183} INFO - Processing /opt/airflow/dags/dag_etl_camara_diario.py took 0.094 seconds
[2026-07-14T21:06:44.091+0000] {processor.py:161} INFO - Started process (PID=2074) to work on /opt/airflow/dags/dag_etl_camara_diario.py
[2026-07-14T21:06:44.092+0000] {processor.py:830} INFO - Processing file /opt/airflow/dags/dag_etl_camara_diario.py for tasks to queue
[2026-07-14T21:06:44.093+0000] {logging_mixin.py:188} INFO - [2026-07-14T21:06:44.093+0000] {dagbag.py:538} INFO - Filling up the DagBag from /opt/airflow/dags/dag_etl_camara_diario.py
[2026-07-14T21:06:44.103+0000] {processor.py:840} INFO - DAG(s) 'dag_etl_camara_diario' retrieved from /opt/airflow/dags/dag_etl_camara_diario.py
[2026-07-14T21:06:44.125+0000] {logging_mixin.py:188} INFO - [2026-07-14T21:06:44.125+0000] {dag.py:3036} INFO - Sync 1 DAGs
[2026-07-14T21:06:44.147+0000] {logging_mixin.py:188} INFO - [2026-07-14T21:06:44.147+0000] {dag.py:3823} INFO - Setting next_dagrun for dag_etl_camara_diario to 2026-07-13 03:00:00+00:00, run_after=2026-07-14 03:00:00+00:00
[2026-07-14T21:06:44.184+0000] {processor.py:183} INFO - Processing /opt/airflow/dags/dag_etl_camara_diario.py took 0.096 seconds
[2026-07-14T21:07:14.315+0000] {processor.py:161} INFO - Started process (PID=2089) to work on /opt/airflow/dags/dag_etl_camara_diario.py
[2026-07-14T21:07:14.315+0000] {processor.py:830} INFO - Processing file /opt/airflow/dags/dag_etl_camara_diario.py for tasks to queue
[2026-07-14T21:07:14.316+0000] {logging_mixin.py:188} INFO - [2026-07-14T21:07:14.316+0000] {dagbag.py:538} INFO - Filling up the DagBag from /opt/airflow/dags/dag_etl_camara_diario.py
[2026-07-14T21:07:14.326+0000] {processor.py:840} INFO - DAG(s) 'dag_etl_camara_diario' retrieved from /opt/airflow/dags/dag_etl_camara_diario.py
[2026-07-14T21:07:14.349+0000] {logging_mixin.py:188} INFO - [2026-07-14T21:07:14.349+0000] {dag.py:3036} INFO - Sync 1 DAGs
[2026-07-14T21:07:14.373+0000] {logging_mixin.py:188} INFO - [2026-07-14T21:07:14.372+0000] {dag.py:3823} INFO - Setting next_dagrun for dag_etl_camara_diario to 2026-07-13 03:00:00+00:00, run_after=2026-07-14 03:00:00+00:00
[2026-07-14T21:07:14.408+0000] {processor.py:183} INFO - Processing /opt/airflow/dags/dag_etl_camara_diario.py took 0.096 seconds
[2026-07-14T21:07:44.534+0000] {processor.py:161} INFO - Started process (PID=2104) to work on /opt/airflow/dags/dag_etl_camara_diario.py
[2026-07-14T21:07:44.535+0000] {processor.py:830} INFO - Processing file /opt/airflow/dags/dag_etl_camara_diario.py for tasks to queue
[2026-07-14T21:07:44.535+0000] {logging_mixin.py:188} INFO - [2026-07-14T21:07:44.535+0000] {dagbag.py:538} INFO - Filling up the DagBag from /opt/airflow/dags/dag_etl_camara_diario.py
[2026-07-14T21:07:44.545+0000] {processor.py:840} INFO - DAG(s) 'dag_etl_camara_diario' retrieved from /opt/airflow/dags/dag_etl_camara_diario.py
[2026-07-14T21:07:44.567+0000] {logging_mixin.py:188} INFO - [2026-07-14T21:07:44.567+0000] {dag.py:3036} INFO - Sync 1 DAGs
[2026-07-14T21:07:44.590+0000] {logging_mixin.py:188} INFO - [2026-07-14T21:07:44.590+0000] {dag.py:3823} INFO - Setting next_dagrun for dag_etl_camara_diario to 2026-07-13 03:00:00+00:00, run_after=2026-07-14 03:00:00+00:00
[2026-07-14T21:07:44.622+0000] {processor.py:183} INFO - Processing /opt/airflow/dags/dag_etl_camara_diario.py took 0.091 seconds
[2026-07-14T21:08:14.765+0000] {processor.py:161} INFO - Started process (PID=2119) to work on /opt/airflow/dags/dag_etl_camara_diario.py
[2026-07-14T21:08:14.765+0000] {processor.py:830} INFO - Processing file /opt/airflow/dags/dag_etl_camara_diario.py for tasks to queue
[2026-07-14T21:08:14.766+0000] {logging_mixin.py:188} INFO - [2026-07-14T21:08:14.766+0000] {dagbag.py:538} INFO - Filling up the DagBag from /opt/airflow/dags/dag_etl_camara_diario.py
[2026-07-14T21:08:14.775+0000] {processor.py:840} INFO - DAG(s) 'dag_etl_camara_diario' retrieved from /opt/airflow/dags/dag_etl_camara_diario.py
[2026-07-14T21:08:14.797+0000] {logging_mixin.py:188} INFO - [2026-07-14T21:08:14.797+0000] {dag.py:3036} INFO - Sync 1 DAGs
[2026-07-14T21:08:14.820+0000] {logging_mixin.py:188} INFO - [2026-07-14T21:08:14.820+0000] {dag.py:3823} INFO - Setting next_dagrun for dag_etl_camara_diario to 2026-07-13 03:00:00+00:00, run_after=2026-07-14 03:00:00+00:00
[2026-07-14T21:08:14.858+0000] {processor.py:183} INFO - Processing /opt/airflow/dags/dag_etl_camara_diario.py took 0.097 seconds
[2026-07-14T21:08:44.989+0000] {processor.py:161} INFO - Started process (PID=2134) to work on /opt/airflow/dags/dag_etl_camara_diario.py
[2026-07-14T21:08:44.990+0000] {processor.py:830} INFO - Processing file /opt/airflow/dags/dag_etl_camara_diario.py for tasks to queue
[2026-07-14T21:08:44.990+0000] {logging_mixin.py:188} INFO - [2026-07-14T21:08:44.990+0000] {dagbag.py:538} INFO - Filling up the DagBag from /opt/airflow/dags/dag_etl_camara_diario.py
[2026-07-14T21:08:45.000+0000] {processor.py:840} INFO - DAG(s) 'dag_etl_camara_diario' retrieved from /opt/airflow/dags/dag_etl_camara_diario.py
[2026-07-14T21:08:45.023+0000] {logging_mixin.py:188} INFO - [2026-07-14T21:08:45.023+0000] {dag.py:3036} INFO - Sync 1 DAGs
[2026-07-14T21:08:45.045+0000] {logging_mixin.py:188} INFO - [2026-07-14T21:08:45.045+0000] {dag.py:3823} INFO - Setting next_dagrun for dag_etl_camara_diario to 2026-07-13 03:00:00+00:00, run_after=2026-07-14 03:00:00+00:00
[2026-07-14T21:08:45.081+0000] {processor.py:183} INFO - Processing /opt/airflow/dags/dag_etl_camara_diario.py took 0.095 seconds
[2026-07-14T21:09:15.215+0000] {processor.py:161} INFO - Started process (PID=2149) to work on /opt/airflow/dags/dag_etl_camara_diario.py
[2026-07-14T21:09:15.216+0000] {processor.py:830} INFO - Processing file /opt/airflow/dags/dag_etl_camara_diario.py for tasks to queue
[2026-07-14T21:09:15.217+0000] {logging_mixin.py:188} INFO - [2026-07-14T21:09:15.217+0000] {dagbag.py:538} INFO - Filling up the DagBag from /opt/airflow/dags/dag_etl_camara_diario.py
[2026-07-14T21:09:15.226+0000] {processor.py:840} INFO - DAG(s) 'dag_etl_camara_diario' retrieved from /opt/airflow/dags/dag_etl_camara_diario.py
[2026-07-14T21:09:15.247+0000] {logging_mixin.py:188} INFO - [2026-07-14T21:09:15.247+0000] {dag.py:3036} INFO - Sync 1 DAGs
[2026-07-14T21:09:15.269+0000] {logging_mixin.py:188} INFO - [2026-07-14T21:09:15.269+0000] {dag.py:3823} INFO - Setting next_dagrun for dag_etl_camara_diario to 2026-07-13 03:00:00+00:00, run_after=2026-07-14 03:00:00+00:00
[2026-07-14T21:09:15.308+0000] {processor.py:183} INFO - Processing /opt/airflow/dags/dag_etl_camara_diario.py took 0.096 seconds
[2026-07-14T21:09:45.437+0000] {processor.py:161} INFO - Started process (PID=2164) to work on /opt/airflow/dags/dag_etl_camara_diario.py
[2026-07-14T21:09:45.438+0000] {processor.py:830} INFO - Processing file /opt/airflow/dags/dag_etl_camara_diario.py for tasks to queue
[2026-07-14T21:09:45.438+0000] {logging_mixin.py:188} INFO - [2026-07-14T21:09:45.438+0000] {dagbag.py:538} INFO - Filling up the DagBag from /opt/airflow/dags/dag_etl_camara_diario.py
[2026-07-14T21:09:45.448+0000] {processor.py:840} INFO - DAG(s) 'dag_etl_camara_diario' retrieved from /opt/airflow/dags/dag_etl_camara_diario.py
[2026-07-14T21:09:45.470+0000] {logging_mixin.py:188} INFO - [2026-07-14T21:09:45.470+0000] {dag.py:3036} INFO - Sync 1 DAGs
[2026-07-14T21:09:45.492+0000] {logging_mixin.py:188} INFO - [2026-07-14T21:09:45.492+0000] {dag.py:3823} INFO - Setting next_dagrun for dag_etl_camara_diario to 2026-07-13 03:00:00+00:00, run_after=2026-07-14 03:00:00+00:00
[2026-07-14T21:09:45.507+0000] {processor.py:183} INFO - Processing /opt/airflow/dags/dag_etl_camara_diario.py took 0.073 seconds
[2026-07-14T21:10:15.637+0000] {processor.py:161} INFO - Started process (PID=2179) to work on /opt/airflow/dags/dag_etl_camara_diario.py
[2026-07-14T21:10:15.637+0000] {processor.py:830} INFO - Processing file /opt/airflow/dags/dag_etl_camara_diario.py for tasks to queue
[2026-07-14T21:10:15.638+0000] {logging_mixin.py:188} INFO - [2026-07-14T21:10:15.638+0000] {dagbag.py:538} INFO - Filling up the DagBag from /opt/airflow/dags/dag_etl_camara_diario.py
[2026-07-14T21:10:15.648+0000] {processor.py:840} INFO - DAG(s) 'dag_etl_camara_diario' retrieved from /opt/airflow/dags/dag_etl_camara_diario.py
[2026-07-14T21:10:15.669+0000] {logging_mixin.py:188} INFO - [2026-07-14T21:10:15.668+0000] {dag.py:3036} INFO - Sync 1 DAGs
[2026-07-14T21:10:15.689+0000] {logging_mixin.py:188} INFO - [2026-07-14T21:10:15.689+0000] {dag.py:3823} INFO - Setting next_dagrun for dag_etl_camara_diario to 2026-07-13 03:00:00+00:00, run_after=2026-07-14 03:00:00+00:00
[2026-07-14T21:10:15.727+0000] {processor.py:183} INFO - Processing /opt/airflow/dags/dag_etl_camara_diario.py took 0.093 seconds
[2026-07-14T21:10:45.858+0000] {processor.py:161} INFO - Started process (PID=2194) to work on /opt/airflow/dags/dag_etl_camara_diario.py
[2026-07-14T21:10:45.859+0000] {processor.py:830} INFO - Processing file /opt/airflow/dags/dag_etl_camara_diario.py for tasks to queue
[2026-07-14T21:10:45.860+0000] {logging_mixin.py:188} INFO - [2026-07-14T21:10:45.860+0000] {dagbag.py:538} INFO - Filling up the DagBag from /opt/airflow/dags/dag_etl_camara_diario.py
[2026-07-14T21:10:45.870+0000] {processor.py:840} INFO - DAG(s) 'dag_etl_camara_diario' retrieved from /opt/airflow/dags/dag_etl_camara_diario.py
[2026-07-14T21:10:45.892+0000] {logging_mixin.py:188} INFO - [2026-07-14T21:10:45.892+0000] {dag.py:3036} INFO - Sync 1 DAGs
[2026-07-14T21:10:45.914+0000] {logging_mixin.py:188} INFO - [2026-07-14T21:10:45.914+0000] {dag.py:3823} INFO - Setting next_dagrun for dag_etl_camara_diario to 2026-07-13 03:00:00+00:00, run_after=2026-07-14 03:00:00+00:00
[2026-07-14T21:10:45.954+0000] {processor.py:183} INFO - Processing /opt/airflow/dags/dag_etl_camara_diario.py took 0.098 seconds
[2026-07-14T21:11:16.086+0000] {processor.py:161} INFO - Started process (PID=2209) to work on /opt/airflow/dags/dag_etl_camara_diario.py
[2026-07-14T21:11:16.086+0000] {processor.py:830} INFO - Processing file /opt/airflow/dags/dag_etl_camara_diario.py for tasks to queue
[2026-07-14T21:11:16.087+0000] {logging_mixin.py:188} INFO - [2026-07-14T21:11:16.087+0000] {dagbag.py:538} INFO - Filling up the DagBag from /opt/airflow/dags/dag_etl_camara_diario.py
[2026-07-14T21:11:16.097+0000] {processor.py:840} INFO - DAG(s) 'dag_etl_camara_diario' retrieved from /opt/airflow/dags/dag_etl_camara_diario.py
[2026-07-14T21:11:16.121+0000] {logging_mixin.py:188} INFO - [2026-07-14T21:11:16.120+0000] {dag.py:3036} INFO - Sync 1 DAGs
[2026-07-14T21:11:16.144+0000] {logging_mixin.py:188} INFO - [2026-07-14T21:11:16.144+0000] {dag.py:3823} INFO - Setting next_dagrun for dag_etl_camara_diario to 2026-07-13 03:00:00+00:00, run_after=2026-07-14 03:00:00+00:00
[2026-07-14T21:11:16.162+0000] {processor.py:183} INFO - Processing /opt/airflow/dags/dag_etl_camara_diario.py took 0.079 seconds
[2026-07-14T21:11:46.295+0000] {processor.py:161} INFO - Started process (PID=2224) to work on /opt/airflow/dags/dag_etl_camara_diario.py
[2026-07-14T21:11:46.296+0000] {processor.py:830} INFO - Processing file /opt/airflow/dags/dag_etl_camara_diario.py for tasks to queue
[2026-07-14T21:11:46.297+0000] {logging_mixin.py:188} INFO - [2026-07-14T21:11:46.296+0000] {dagbag.py:538} INFO - Filling up the DagBag from /opt/airflow/dags/dag_etl_camara_diario.py
[2026-07-14T21:11:46.306+0000] {processor.py:840} INFO - DAG(s) 'dag_etl_camara_diario' retrieved from /opt/airflow/dags/dag_etl_camara_diario.py
[2026-07-14T21:11:46.329+0000] {logging_mixin.py:188} INFO - [2026-07-14T21:11:46.329+0000] {dag.py:3036} INFO - Sync 1 DAGs
[2026-07-14T21:11:46.354+0000] {logging_mixin.py:188} INFO - [2026-07-14T21:11:46.354+0000] {dag.py:3823} INFO - Setting next_dagrun for dag_etl_camara_diario to 2026-07-13 03:00:00+00:00, run_after=2026-07-14 03:00:00+00:00
[2026-07-14T21:11:46.397+0000] {processor.py:183} INFO - Processing /opt/airflow/dags/dag_etl_camara_diario.py took 0.105 seconds
[2026-07-14T21:12:16.533+0000] {processor.py:161} INFO - Started process (PID=2239) to work on /opt/airflow/dags/dag_etl_camara_diario.py
[2026-07-14T21:12:16.534+0000] {processor.py:830} INFO - Processing file /opt/airflow/dags/dag_etl_camara_diario.py for tasks to queue
[2026-07-14T21:12:16.535+0000] {logging_mixin.py:188} INFO - [2026-07-14T21:12:16.534+0000] {dagbag.py:538} INFO - Filling up the DagBag from /opt/airflow/dags/dag_etl_camara_diario.py
[2026-07-14T21:12:16.545+0000] {processor.py:840} INFO - DAG(s) 'dag_etl_camara_diario' retrieved from /opt/airflow/dags/dag_etl_camara_diario.py
[2026-07-14T21:12:16.568+0000] {logging_mixin.py:188} INFO - [2026-07-14T21:12:16.567+0000] {dag.py:3036} INFO - Sync 1 DAGs
[2026-07-14T21:12:16.590+0000] {logging_mixin.py:188} INFO - [2026-07-14T21:12:16.590+0000] {dag.py:3823} INFO - Setting next_dagrun for dag_etl_camara_diario to 2026-07-13 03:00:00+00:00, run_after=2026-07-14 03:00:00+00:00
[2026-07-14T21:12:16.632+0000] {processor.py:183} INFO - Processing /opt/airflow/dags/dag_etl_camara_diario.py took 0.102 seconds
[2026-07-14T21:12:46.767+0000] {processor.py:161} INFO - Started process (PID=2254) to work on /opt/airflow/dags/dag_etl_camara_diario.py
[2026-07-14T21:12:46.768+0000] {processor.py:830} INFO - Processing file /opt/airflow/dags/dag_etl_camara_diario.py for tasks to queue
[2026-07-14T21:12:46.768+0000] {logging_mixin.py:188} INFO - [2026-07-14T21:12:46.768+0000] {dagbag.py:538} INFO - Filling up the DagBag from /opt/airflow/dags/dag_etl_camara_diario.py
[2026-07-14T21:12:46.778+0000] {processor.py:840} INFO - DAG(s) 'dag_etl_camara_diario' retrieved from /opt/airflow/dags/dag_etl_camara_diario.py
[2026-07-14T21:12:46.800+0000] {logging_mixin.py:188} INFO - [2026-07-14T21:12:46.800+0000] {dag.py:3036} INFO - Sync 1 DAGs
[2026-07-14T21:12:46.820+0000] {logging_mixin.py:188} INFO - [2026-07-14T21:12:46.820+0000] {dag.py:3823} INFO - Setting next_dagrun for dag_etl_camara_diario to 2026-07-13 03:00:00+00:00, run_after=2026-07-14 03:00:00+00:00
[2026-07-14T21:12:46.858+0000] {processor.py:183} INFO - Processing /opt/airflow/dags/dag_etl_camara_diario.py took 0.094 seconds
[2026-07-14T21:13:16.991+0000] {processor.py:161} INFO - Started process (PID=2269) to work on /opt/airflow/dags/dag_etl_camara_diario.py
[2026-07-14T21:13:16.992+0000] {processor.py:830} INFO - Processing file /opt/airflow/dags/dag_etl_camara_diario.py for tasks to queue
[2026-07-14T21:13:16.992+0000] {logging_mixin.py:188} INFO - [2026-07-14T21:13:16.992+0000] {dagbag.py:538} INFO - Filling up the DagBag from /opt/airflow/dags/dag_etl_camara_diario.py
[2026-07-14T21:13:17.002+0000] {processor.py:840} INFO - DAG(s) 'dag_etl_camara_diario' retrieved from /opt/airflow/dags/dag_etl_camara_diario.py
[2026-07-14T21:13:17.023+0000] {logging_mixin.py:188} INFO - [2026-07-14T21:13:17.023+0000] {dag.py:3036} INFO - Sync 1 DAGs
[2026-07-14T21:13:17.046+0000] {logging_mixin.py:188} INFO - [2026-07-14T21:13:17.046+0000] {dag.py:3823} INFO - Setting next_dagrun for dag_etl_camara_diario to 2026-07-13 03:00:00+00:00, run_after=2026-07-14 03:00:00+00:00
[2026-07-14T21:13:17.086+0000] {processor.py:183} INFO - Processing /opt/airflow/dags/dag_etl_camara_diario.py took 0.097 seconds
[2026-07-14T21:13:47.218+0000] {processor.py:161} INFO - Started process (PID=2284) to work on /opt/airflow/dags/dag_etl_camara_diario.py
[2026-07-14T21:13:47.219+0000] {processor.py:830} INFO - Processing file /opt/airflow/dags/dag_etl_camara_diario.py for tasks to queue
[2026-07-14T21:13:47.220+0000] {logging_mixin.py:188} INFO - [2026-07-14T21:13:47.219+0000] {dagbag.py:538} INFO - Filling up the DagBag from /opt/airflow/dags/dag_etl_camara_diario.py
[2026-07-14T21:13:47.230+0000] {processor.py:840} INFO - DAG(s) 'dag_etl_camara_diario' retrieved from /opt/airflow/dags/dag_etl_camara_diario.py
[2026-07-14T21:13:47.253+0000] {logging_mixin.py:188} INFO - [2026-07-14T21:13:47.253+0000] {dag.py:3036} INFO - Sync 1 DAGs
[2026-07-14T21:13:47.277+0000] {logging_mixin.py:188} INFO - [2026-07-14T21:13:47.277+0000] {dag.py:3823} INFO - Setting next_dagrun for dag_etl_camara_diario to 2026-07-13 03:00:00+00:00, run_after=2026-07-14 03:00:00+00:00
[2026-07-14T21:13:47.317+0000] {processor.py:183} INFO - Processing /opt/airflow/dags/dag_etl_camara_diario.py took 0.102 seconds
[2026-07-14T21:14:17.457+0000] {processor.py:161} INFO - Started process (PID=2299) to work on /opt/airflow/dags/dag_etl_camara_diario.py
[2026-07-14T21:14:17.457+0000] {processor.py:830} INFO - Processing file /opt/airflow/dags/dag_etl_camara_diario.py for tasks to queue
[2026-07-14T21:14:17.458+0000] {logging_mixin.py:188} INFO - [2026-07-14T21:14:17.458+0000] {dagbag.py:538} INFO - Filling up the DagBag from /opt/airflow/dags/dag_etl_camara_diario.py
[2026-07-14T21:14:17.468+0000] {processor.py:840} INFO - DAG(s) 'dag_etl_camara_diario' retrieved from /opt/airflow/dags/dag_etl_camara_diario.py
[2026-07-14T21:14:17.490+0000] {logging_mixin.py:188} INFO - [2026-07-14T21:14:17.490+0000] {dag.py:3036} INFO - Sync 1 DAGs
[2026-07-14T21:14:17.512+0000] {logging_mixin.py:188} INFO - [2026-07-14T21:14:17.512+0000] {dag.py:3823} INFO - Setting next_dagrun for dag_etl_camara_diario to 2026-07-13 03:00:00+00:00, run_after=2026-07-14 03:00:00+00:00
[2026-07-14T21:14:17.548+0000] {processor.py:183} INFO - Processing /opt/airflow/dags/dag_etl_camara_diario.py took 0.095 seconds
[2026-07-14T21:14:47.681+0000] {processor.py:161} INFO - Started process (PID=2314) to work on /opt/airflow/dags/dag_etl_camara_diario.py
[2026-07-14T21:14:47.682+0000] {processor.py:830} INFO - Processing file /opt/airflow/dags/dag_etl_camara_diario.py for tasks to queue
[2026-07-14T21:14:47.683+0000] {logging_mixin.py:188} INFO - [2026-07-14T21:14:47.683+0000] {dagbag.py:538} INFO - Filling up the DagBag from /opt/airflow/dags/dag_etl_camara_diario.py
[2026-07-14T21:14:47.693+0000] {processor.py:840} INFO - DAG(s) 'dag_etl_camara_diario' retrieved from /opt/airflow/dags/dag_etl_camara_diario.py
[2026-07-14T21:14:47.715+0000] {logging_mixin.py:188} INFO - [2026-07-14T21:14:47.715+0000] {dag.py:3036} INFO - Sync 1 DAGs
[2026-07-14T21:14:47.737+0000] {logging_mixin.py:188} INFO - [2026-07-14T21:14:47.737+0000] {dag.py:3823} INFO - Setting next_dagrun for dag_etl_camara_diario to 2026-07-13 03:00:00+00:00, run_after=2026-07-14 03:00:00+00:00
[2026-07-14T21:14:47.752+0000] {processor.py:183} INFO - Processing /opt/airflow/dags/dag_etl_camara_diario.py took 0.074 seconds
[2026-07-14T21:15:17.876+0000] {processor.py:161} INFO - Started process (PID=2329) to work on /opt/airflow/dags/dag_etl_camara_diario.py
[2026-07-14T21:15:17.876+0000] {processor.py:830} INFO - Processing file /opt/airflow/dags/dag_etl_camara_diario.py for tasks to queue
[2026-07-14T21:15:17.877+0000] {logging_mixin.py:188} INFO - [2026-07-14T21:15:17.877+0000] {dagbag.py:538} INFO - Filling up the DagBag from /opt/airflow/dags/dag_etl_camara_diario.py
[2026-07-14T21:15:17.887+0000] {processor.py:840} INFO - DAG(s) 'dag_etl_camara_diario' retrieved from /opt/airflow/dags/dag_etl_camara_diario.py
[2026-07-14T21:15:17.910+0000] {logging_mixin.py:188} INFO - [2026-07-14T21:15:17.910+0000] {dag.py:3036} INFO - Sync 1 DAGs
[2026-07-14T21:15:17.932+0000] {logging_mixin.py:188} INFO - [2026-07-14T21:15:17.932+0000] {dag.py:3823} INFO - Setting next_dagrun for dag_etl_camara_diario to 2026-07-13 03:00:00+00:00, run_after=2026-07-14 03:00:00+00:00
[2026-07-14T21:15:17.971+0000] {processor.py:183} INFO - Processing /opt/airflow/dags/dag_etl_camara_diario.py took 0.098 seconds
[2026-07-14T21:15:48.107+0000] {processor.py:161} INFO - Started process (PID=2344) to work on /opt/airflow/dags/dag_etl_camara_diario.py
[2026-07-14T21:15:48.108+0000] {processor.py:830} INFO - Processing file /opt/airflow/dags/dag_etl_camara_diario.py for tasks to queue
[2026-07-14T21:15:48.108+0000] {logging_mixin.py:188} INFO - [2026-07-14T21:15:48.108+0000] {dagbag.py:538} INFO - Filling up the DagBag from /opt/airflow/dags/dag_etl_camara_diario.py
[2026-07-14T21:15:48.117+0000] {processor.py:840} INFO - DAG(s) 'dag_etl_camara_diario' retrieved from /opt/airflow/dags/dag_etl_camara_diario.py
[2026-07-14T21:15:48.139+0000] {logging_mixin.py:188} INFO - [2026-07-14T21:15:48.139+0000] {dag.py:3036} INFO - Sync 1 DAGs
[2026-07-14T21:15:48.162+0000] {logging_mixin.py:188} INFO - [2026-07-14T21:15:48.162+0000] {dag.py:3823} INFO - Setting next_dagrun for dag_etl_camara_diario to 2026-07-13 03:00:00+00:00, run_after=2026-07-14 03:00:00+00:00
[2026-07-14T21:15:48.203+0000] {processor.py:183} INFO - Processing /opt/airflow/dags/dag_etl_camara_diario.py took 0.099 seconds
[2026-07-14T21:16:18.335+0000] {processor.py:161} INFO - Started process (PID=2359) to work on /opt/airflow/dags/dag_etl_camara_diario.py
[2026-07-14T21:16:18.336+0000] {processor.py:830} INFO - Processing file /opt/airflow/dags/dag_etl_camara_diario.py for tasks to queue
[2026-07-14T21:16:18.337+0000] {logging_mixin.py:188} INFO - [2026-07-14T21:16:18.337+0000] {dagbag.py:538} INFO - Filling up the DagBag from /opt/airflow/dags/dag_etl_camara_diario.py
[2026-07-14T21:16:18.347+0000] {processor.py:840} INFO - DAG(s) 'dag_etl_camara_diario' retrieved from /opt/airflow/dags/dag_etl_camara_diario.py
[2026-07-14T21:16:18.369+0000] {logging_mixin.py:188} INFO - [2026-07-14T21:16:18.369+0000] {dag.py:3036} INFO - Sync 1 DAGs
[2026-07-14T21:16:18.392+0000] {logging_mixin.py:188} INFO - [2026-07-14T21:16:18.391+0000] {dag.py:3823} INFO - Setting next_dagrun for dag_etl_camara_diario to 2026-07-13 03:00:00+00:00, run_after=2026-07-14 03:00:00+00:00
[2026-07-14T21:16:18.430+0000] {processor.py:183} INFO - Processing /opt/airflow/dags/dag_etl_camara_diario.py took 0.097 seconds
[2026-07-14T21:16:48.563+0000] {processor.py:161} INFO - Started process (PID=2374) to work on /opt/airflow/dags/dag_etl_camara_diario.py
[2026-07-14T21:16:48.564+0000] {processor.py:830} INFO - Processing file /opt/airflow/dags/dag_etl_camara_diario.py for tasks to queue
[2026-07-14T21:16:48.564+0000] {logging_mixin.py:188} INFO - [2026-07-14T21:16:48.564+0000] {dagbag.py:538} INFO - Filling up the DagBag from /opt/airflow/dags/dag_etl_camara_diario.py
[2026-07-14T21:16:48.574+0000] {processor.py:840} INFO - DAG(s) 'dag_etl_camara_diario' retrieved from /opt/airflow/dags/dag_etl_camara_diario.py
[2026-07-14T21:16:48.596+0000] {logging_mixin.py:188} INFO - [2026-07-14T21:16:48.595+0000] {dag.py:3036} INFO - Sync 1 DAGs
[2026-07-14T21:16:48.618+0000] {logging_mixin.py:188} INFO - [2026-07-14T21:16:48.618+0000] {dag.py:3823} INFO - Setting next_dagrun for dag_etl_camara_diario to 2026-07-13 03:00:00+00:00, run_after=2026-07-14 03:00:00+00:00
[2026-07-14T21:16:48.657+0000] {processor.py:183} INFO - Processing /opt/airflow/dags/dag_etl_camara_diario.py took 0.097 seconds
[2026-07-14T21:17:18.786+0000] {processor.py:161} INFO - Started process (PID=2389) to work on /opt/airflow/dags/dag_etl_camara_diario.py
[2026-07-14T21:17:18.787+0000] {processor.py:830} INFO - Processing file /opt/airflow/dags/dag_etl_camara_diario.py for tasks to queue
[2026-07-14T21:17:18.787+0000] {logging_mixin.py:188} INFO - [2026-07-14T21:17:18.787+0000] {dagbag.py:538} INFO - Filling up the DagBag from /opt/airflow/dags/dag_etl_camara_diario.py
[2026-07-14T21:17:18.797+0000] {processor.py:840} INFO - DAG(s) 'dag_etl_camara_diario' retrieved from /opt/airflow/dags/dag_etl_camara_diario.py
[2026-07-14T21:17:18.818+0000] {logging_mixin.py:188} INFO - [2026-07-14T21:17:18.818+0000] {dag.py:3036} INFO - Sync 1 DAGs
[2026-07-14T21:17:18.841+0000] {logging_mixin.py:188} INFO - [2026-07-14T21:17:18.841+0000] {dag.py:3823} INFO - Setting next_dagrun for dag_etl_camara_diario to 2026-07-13 03:00:00+00:00, run_after=2026-07-14 03:00:00+00:00
[2026-07-14T21:17:18.880+0000] {processor.py:183} INFO - Processing /opt/airflow/dags/dag_etl_camara_diario.py took 0.097 seconds
[2026-07-14T21:17:49.016+0000] {processor.py:161} INFO - Started process (PID=2404) to work on /opt/airflow/dags/dag_etl_camara_diario.py
[2026-07-14T21:17:49.016+0000] {processor.py:830} INFO - Processing file /opt/airflow/dags/dag_etl_camara_diario.py for tasks to queue
[2026-07-14T21:17:49.017+0000] {logging_mixin.py:188} INFO - [2026-07-14T21:17:49.017+0000] {dagbag.py:538} INFO - Filling up the DagBag from /opt/airflow/dags/dag_etl_camara_diario.py
[2026-07-14T21:17:49.026+0000] {processor.py:840} INFO - DAG(s) 'dag_etl_camara_diario' retrieved from /opt/airflow/dags/dag_etl_camara_diario.py
[2026-07-14T21:17:49.047+0000] {logging_mixin.py:188} INFO - [2026-07-14T21:17:49.047+0000] {dag.py:3036} INFO - Sync 1 DAGs
[2026-07-14T21:17:49.070+0000] {logging_mixin.py:188} INFO - [2026-07-14T21:17:49.070+0000] {dag.py:3823} INFO - Setting next_dagrun for dag_etl_camara_diario to 2026-07-13 03:00:00+00:00, run_after=2026-07-14 03:00:00+00:00
[2026-07-14T21:17:49.114+0000] {processor.py:183} INFO - Processing /opt/airflow/dags/dag_etl_camara_diario.py took 0.102 seconds
[2026-07-14T21:18:19.244+0000] {processor.py:161} INFO - Started process (PID=2419) to work on /opt/airflow/dags/dag_etl_camara_diario.py
[2026-07-14T21:18:19.245+0000] {processor.py:830} INFO - Processing file /opt/airflow/dags/dag_etl_camara_diario.py for tasks to queue
[2026-07-14T21:18:19.246+0000] {logging_mixin.py:188} INFO - [2026-07-14T21:18:19.245+0000] {dagbag.py:538} INFO - Filling up the DagBag from /opt/airflow/dags/dag_etl_camara_diario.py
[2026-07-14T21:18:19.256+0000] {processor.py:840} INFO - DAG(s) 'dag_etl_camara_diario' retrieved from /opt/airflow/dags/dag_etl_camara_diario.py
[2026-07-14T21:18:19.279+0000] {logging_mixin.py:188} INFO - [2026-07-14T21:18:19.279+0000] {dag.py:3036} INFO - Sync 1 DAGs
[2026-07-14T21:18:19.301+0000] {logging_mixin.py:188} INFO - [2026-07-14T21:18:19.301+0000] {dag.py:3823} INFO - Setting next_dagrun for dag_etl_camara_diario to 2026-07-13 03:00:00+00:00, run_after=2026-07-14 03:00:00+00:00
[2026-07-14T21:18:19.347+0000] {processor.py:183} INFO - Processing /opt/airflow/dags/dag_etl_camara_diario.py took 0.105 seconds
[2026-07-14T21:18:49.478+0000] {processor.py:161} INFO - Started process (PID=2434) to work on /opt/airflow/dags/dag_etl_camara_diario.py
[2026-07-14T21:18:49.479+0000] {processor.py:830} INFO - Processing file /opt/airflow/dags/dag_etl_camara_diario.py for tasks to queue
[2026-07-14T21:18:49.480+0000] {logging_mixin.py:188} INFO - [2026-07-14T21:18:49.479+0000] {dagbag.py:538} INFO - Filling up the DagBag from /opt/airflow/dags/dag_etl_camara_diario.py
[2026-07-14T21:18:49.489+0000] {processor.py:840} INFO - DAG(s) 'dag_etl_camara_diario' retrieved from /opt/airflow/dags/dag_etl_camara_diario.py
[2026-07-14T21:18:49.511+0000] {logging_mixin.py:188} INFO - [2026-07-14T21:18:49.511+0000] {dag.py:3036} INFO - Sync 1 DAGs
[2026-07-14T21:18:49.538+0000] {logging_mixin.py:188} INFO - [2026-07-14T21:18:49.538+0000] {dag.py:3823} INFO - Setting next_dagrun for dag_etl_camara_diario to 2026-07-13 03:00:00+00:00, run_after=2026-07-14 03:00:00+00:00
[2026-07-14T21:18:49.582+0000] {processor.py:183} INFO - Processing /opt/airflow/dags/dag_etl_camara_diario.py took 0.107 seconds
[2026-07-14T21:19:19.720+0000] {processor.py:161} INFO - Started process (PID=2449) to work on /opt/airflow/dags/dag_etl_camara_diario.py
[2026-07-14T21:19:19.721+0000] {processor.py:830} INFO - Processing file /opt/airflow/dags/dag_etl_camara_diario.py for tasks to queue
[2026-07-14T21:19:19.722+0000] {logging_mixin.py:188} INFO - [2026-07-14T21:19:19.722+0000] {dagbag.py:538} INFO - Filling up the DagBag from /opt/airflow/dags/dag_etl_camara_diario.py
[2026-07-14T21:19:19.732+0000] {processor.py:840} INFO - DAG(s) 'dag_etl_camara_diario' retrieved from /opt/airflow/dags/dag_etl_camara_diario.py
[2026-07-14T21:19:19.753+0000] {logging_mixin.py:188} INFO - [2026-07-14T21:19:19.753+0000] {dag.py:3036} INFO - Sync 1 DAGs
[2026-07-14T21:19:19.775+0000] {logging_mixin.py:188} INFO - [2026-07-14T21:19:19.774+0000] {dag.py:3823} INFO - Setting next_dagrun for dag_etl_camara_diario to 2026-07-13 03:00:00+00:00, run_after=2026-07-14 03:00:00+00:00
[2026-07-14T21:19:19.792+0000] {processor.py:183} INFO - Processing /opt/airflow/dags/dag_etl_camara_diario.py took 0.074 seconds
[2026-07-14T21:19:49.910+0000] {processor.py:161} INFO - Started process (PID=2464) to work on /opt/airflow/dags/dag_etl_camara_diario.py
[2026-07-14T21:19:49.911+0000] {processor.py:830} INFO - Processing file /opt/airflow/dags/dag_etl_camara_diario.py for tasks to queue
[2026-07-14T21:19:49.912+0000] {logging_mixin.py:188} INFO - [2026-07-14T21:19:49.911+0000] {dagbag.py:538} INFO - Filling up the DagBag from /opt/airflow/dags/dag_etl_camara_diario.py
[2026-07-14T21:19:49.922+0000] {processor.py:840} INFO - DAG(s) 'dag_etl_camara_diario' retrieved from /opt/airflow/dags/dag_etl_camara_diario.py
[2026-07-14T21:19:49.946+0000] {logging_mixin.py:188} INFO - [2026-07-14T21:19:49.945+0000] {dag.py:3036} INFO - Sync 1 DAGs
[2026-07-14T21:19:49.969+0000] {logging_mixin.py:188} INFO - [2026-07-14T21:19:49.969+0000] {dag.py:3823} INFO - Setting next_dagrun for dag_etl_camara_diario to 2026-07-13 03:00:00+00:00, run_after=2026-07-14 03:00:00+00:00
[2026-07-14T21:19:49.987+0000] {processor.py:183} INFO - Processing /opt/airflow/dags/dag_etl_camara_diario.py took 0.080 seconds
[2026-07-14T21:20:20.121+0000] {processor.py:161} INFO - Started process (PID=2479) to work on /opt/airflow/dags/dag_etl_camara_diario.py
[2026-07-14T21:20:20.121+0000] {processor.py:830} INFO - Processing file /opt/airflow/dags/dag_etl_camara_diario.py for tasks to queue
[2026-07-14T21:20:20.122+0000] {logging_mixin.py:188} INFO - [2026-07-14T21:20:20.122+0000] {dagbag.py:538} INFO - Filling up the DagBag from /opt/airflow/dags/dag_etl_camara_diario.py
[2026-07-14T21:20:20.132+0000] {processor.py:840} INFO - DAG(s) 'dag_etl_camara_diario' retrieved from /opt/airflow/dags/dag_etl_camara_diario.py
[2026-07-14T21:20:20.154+0000] {logging_mixin.py:188} INFO - [2026-07-14T21:20:20.154+0000] {dag.py:3036} INFO - Sync 1 DAGs
[2026-07-14T21:20:20.177+0000] {logging_mixin.py:188} INFO - [2026-07-14T21:20:20.177+0000] {dag.py:3823} INFO - Setting next_dagrun for dag_etl_camara_diario to 2026-07-13 03:00:00+00:00, run_after=2026-07-14 03:00:00+00:00
[2026-07-14T21:20:20.194+0000] {processor.py:183} INFO - Processing /opt/airflow/dags/dag_etl_camara_diario.py took 0.076 seconds
[2026-07-14T21:20:50.318+0000] {processor.py:161} INFO - Started process (PID=2494) to work on /opt/airflow/dags/dag_etl_camara_diario.py
[2026-07-14T21:20:50.319+0000] {processor.py:830} INFO - Processing file /opt/airflow/dags/dag_etl_camara_diario.py for tasks to queue
[2026-07-14T21:20:50.319+0000] {logging_mixin.py:188} INFO - [2026-07-14T21:20:50.319+0000] {dagbag.py:538} INFO - Filling up the DagBag from /opt/airflow/dags/dag_etl_camara_diario.py
[2026-07-14T21:20:50.329+0000] {processor.py:840} INFO - DAG(s) 'dag_etl_camara_diario' retrieved from /opt/airflow/dags/dag_etl_camara_diario.py
[2026-07-14T21:20:50.351+0000] {logging_mixin.py:188} INFO - [2026-07-14T21:20:50.350+0000] {dag.py:3036} INFO - Sync 1 DAGs
[2026-07-14T21:20:50.375+0000] {logging_mixin.py:188} INFO - [2026-07-14T21:20:50.375+0000] {dag.py:3823} INFO - Setting next_dagrun for dag_etl_camara_diario to 2026-07-13 03:00:00+00:00, run_after=2026-07-14 03:00:00+00:00
[2026-07-14T21:20:50.390+0000] {processor.py:183} INFO - Processing /opt/airflow/dags/dag_etl_camara_diario.py took 0.075 seconds
[2026-07-14T21:21:20.511+0000] {processor.py:161} INFO - Started process (PID=2509) to work on /opt/airflow/dags/dag_etl_camara_diario.py
[2026-07-14T21:21:20.511+0000] {processor.py:830} INFO - Processing file /opt/airflow/dags/dag_etl_camara_diario.py for tasks to queue
[2026-07-14T21:21:20.512+0000] {logging_mixin.py:188} INFO - [2026-07-14T21:21:20.512+0000] {dagbag.py:538} INFO - Filling up the DagBag from /opt/airflow/dags/dag_etl_camara_diario.py
[2026-07-14T21:21:20.521+0000] {processor.py:840} INFO - DAG(s) 'dag_etl_camara_diario' retrieved from /opt/airflow/dags/dag_etl_camara_diario.py
[2026-07-14T21:21:20.543+0000] {logging_mixin.py:188} INFO - [2026-07-14T21:21:20.543+0000] {dag.py:3036} INFO - Sync 1 DAGs
[2026-07-14T21:21:20.566+0000] {logging_mixin.py:188} INFO - [2026-07-14T21:21:20.566+0000] {dag.py:3823} INFO - Setting next_dagrun for dag_etl_camara_diario to 2026-07-13 03:00:00+00:00, run_after=2026-07-14 03:00:00+00:00
[2026-07-14T21:21:20.582+0000] {processor.py:183} INFO - Processing /opt/airflow/dags/dag_etl_camara_diario.py took 0.074 seconds
[2026-07-14T21:21:50.696+0000] {processor.py:161} INFO - Started process (PID=2524) to work on /opt/airflow/dags/dag_etl_camara_diario.py
[2026-07-14T21:21:50.697+0000] {processor.py:830} INFO - Processing file /opt/airflow/dags/dag_etl_camara_diario.py for tasks to queue
[2026-07-14T21:21:50.698+0000] {logging_mixin.py:188} INFO - [2026-07-14T21:21:50.697+0000] {dagbag.py:538} INFO - Filling up the DagBag from /opt/airflow/dags/dag_etl_camara_diario.py
[2026-07-14T21:21:50.707+0000] {processor.py:840} INFO - DAG(s) 'dag_etl_camara_diario' retrieved from /opt/airflow/dags/dag_etl_camara_diario.py
[2026-07-14T21:21:50.729+0000] {logging_mixin.py:188} INFO - [2026-07-14T21:21:50.729+0000] {dag.py:3036} INFO - Sync 1 DAGs
[2026-07-14T21:21:50.752+0000] {logging_mixin.py:188} INFO - [2026-07-14T21:21:50.752+0000] {dag.py:3823} INFO - Setting next_dagrun for dag_etl_camara_diario to 2026-07-13 03:00:00+00:00, run_after=2026-07-14 03:00:00+00:00
[2026-07-14T21:21:50.768+0000] {processor.py:183} INFO - Processing /opt/airflow/dags/dag_etl_camara_diario.py took 0.074 seconds
[2026-07-14T21:22:20.884+0000] {processor.py:161} INFO - Started process (PID=2539) to work on /opt/airflow/dags/dag_etl_camara_diario.py
[2026-07-14T21:22:20.885+0000] {processor.py:830} INFO - Processing file /opt/airflow/dags/dag_etl_camara_diario.py for tasks to queue
[2026-07-14T21:22:20.885+0000] {logging_mixin.py:188} INFO - [2026-07-14T21:22:20.885+0000] {dagbag.py:538} INFO - Filling up the DagBag from /opt/airflow/dags/dag_etl_camara_diario.py
[2026-07-14T21:22:20.895+0000] {processor.py:840} INFO - DAG(s) 'dag_etl_camara_diario' retrieved from /opt/airflow/dags/dag_etl_camara_diario.py
[2026-07-14T21:22:20.916+0000] {logging_mixin.py:188} INFO - [2026-07-14T21:22:20.916+0000] {dag.py:3036} INFO - Sync 1 DAGs
[2026-07-14T21:22:20.939+0000] {logging_mixin.py:188} INFO - [2026-07-14T21:22:20.939+0000] {dag.py:3823} INFO - Setting next_dagrun for dag_etl_camara_diario to 2026-07-13 03:00:00+00:00, run_after=2026-07-14 03:00:00+00:00
[2026-07-14T21:22:20.953+0000] {processor.py:183} INFO - Processing /opt/airflow/dags/dag_etl_camara_diario.py took 0.071 seconds
[2026-07-14T21:22:51.076+0000] {processor.py:161} INFO - Started process (PID=2554) to work on /opt/airflow/dags/dag_etl_camara_diario.py
[2026-07-14T21:22:51.077+0000] {processor.py:830} INFO - Processing file /opt/airflow/dags/dag_etl_camara_diario.py for tasks to queue
[2026-07-14T21:22:51.078+0000] {logging_mixin.py:188} INFO - [2026-07-14T21:22:51.077+0000] {dagbag.py:538} INFO - Filling up the DagBag from /opt/airflow/dags/dag_etl_camara_diario.py
[2026-07-14T21:22:51.087+0000] {processor.py:840} INFO - DAG(s) 'dag_etl_camara_diario' retrieved from /opt/airflow/dags/dag_etl_camara_diario.py
[2026-07-14T21:22:51.109+0000] {logging_mixin.py:188} INFO - [2026-07-14T21:22:51.109+0000] {dag.py:3036} INFO - Sync 1 DAGs
[2026-07-14T21:22:51.134+0000] {logging_mixin.py:188} INFO - [2026-07-14T21:22:51.134+0000] {dag.py:3823} INFO - Setting next_dagrun for dag_etl_camara_diario to 2026-07-13 03:00:00+00:00, run_after=2026-07-14 03:00:00+00:00
[2026-07-14T21:22:51.149+0000] {processor.py:183} INFO - Processing /opt/airflow/dags/dag_etl_camara_diario.py took 0.075 seconds
[2026-07-14T21:23:21.262+0000] {processor.py:161} INFO - Started process (PID=2569) to work on /opt/airflow/dags/dag_etl_camara_diario.py
[2026-07-14T21:23:21.263+0000] {processor.py:830} INFO - Processing file /opt/airflow/dags/dag_etl_camara_diario.py for tasks to queue
[2026-07-14T21:23:21.264+0000] {logging_mixin.py:188} INFO - [2026-07-14T21:23:21.263+0000] {dagbag.py:538} INFO - Filling up the DagBag from /opt/airflow/dags/dag_etl_camara_diario.py
[2026-07-14T21:23:21.273+0000] {processor.py:840} INFO - DAG(s) 'dag_etl_camara_diario' retrieved from /opt/airflow/dags/dag_etl_camara_diario.py
[2026-07-14T21:23:21.295+0000] {logging_mixin.py:188} INFO - [2026-07-14T21:23:21.295+0000] {dag.py:3036} INFO - Sync 1 DAGs
[2026-07-14T21:23:21.317+0000] {logging_mixin.py:188} INFO - [2026-07-14T21:23:21.317+0000] {dag.py:3823} INFO - Setting next_dagrun for dag_etl_camara_diario to 2026-07-13 03:00:00+00:00, run_after=2026-07-14 03:00:00+00:00
[2026-07-14T21:23:21.334+0000] {processor.py:183} INFO - Processing /opt/airflow/dags/dag_etl_camara_diario.py took 0.074 seconds
[2026-07-14T21:23:51.452+0000] {processor.py:161} INFO - Started process (PID=2584) to work on /opt/airflow/dags/dag_etl_camara_diario.py
[2026-07-14T21:23:51.453+0000] {processor.py:830} INFO - Processing file /opt/airflow/dags/dag_etl_camara_diario.py for tasks to queue
[2026-07-14T21:23:51.453+0000] {logging_mixin.py:188} INFO - [2026-07-14T21:23:51.453+0000] {dagbag.py:538} INFO - Filling up the DagBag from /opt/airflow/dags/dag_etl_camara_diario.py
[2026-07-14T21:23:51.463+0000] {processor.py:840} INFO - DAG(s) 'dag_etl_camara_diario' retrieved from /opt/airflow/dags/dag_etl_camara_diario.py
[2026-07-14T21:23:51.486+0000] {logging_mixin.py:188} INFO - [2026-07-14T21:23:51.486+0000] {dag.py:3036} INFO - Sync 1 DAGs
[2026-07-14T21:23:51.509+0000] {logging_mixin.py:188} INFO - [2026-07-14T21:23:51.509+0000] {dag.py:3823} INFO - Setting next_dagrun for dag_etl_camara_diario to 2026-07-13 03:00:00+00:00, run_after=2026-07-14 03:00:00+00:00
[2026-07-14T21:23:51.523+0000] {processor.py:183} INFO - Processing /opt/airflow/dags/dag_etl_camara_diario.py took 0.073 seconds
[2026-07-14T21:24:21.648+0000] {processor.py:161} INFO - Started process (PID=2599) to work on /opt/airflow/dags/dag_etl_camara_diario.py
[2026-07-14T21:24:21.649+0000] {processor.py:830} INFO - Processing file /opt/airflow/dags/dag_etl_camara_diario.py for tasks to queue
[2026-07-14T21:24:21.650+0000] {logging_mixin.py:188} INFO - [2026-07-14T21:24:21.650+0000] {dagbag.py:538} INFO - Filling up the DagBag from /opt/airflow/dags/dag_etl_camara_diario.py
[2026-07-14T21:24:21.660+0000] {processor.py:840} INFO - DAG(s) 'dag_etl_camara_diario' retrieved from /opt/airflow/dags/dag_etl_camara_diario.py
[2026-07-14T21:24:21.682+0000] {logging_mixin.py:188} INFO - [2026-07-14T21:24:21.682+0000] {dag.py:3036} INFO - Sync 1 DAGs
[2026-07-14T21:24:21.707+0000] {logging_mixin.py:188} INFO - [2026-07-14T21:24:21.707+0000] {dag.py:3823} INFO - Setting next_dagrun for dag_etl_camara_diario to 2026-07-13 03:00:00+00:00, run_after=2026-07-14 03:00:00+00:00
[2026-07-14T21:24:21.724+0000] {processor.py:183} INFO - Processing /opt/airflow/dags/dag_etl_camara_diario.py took 0.079 seconds
[2026-07-14T21:24:51.860+0000] {processor.py:161} INFO - Started process (PID=2614) to work on /opt/airflow/dags/dag_etl_camara_diario.py
[2026-07-14T21:24:51.860+0000] {processor.py:830} INFO - Processing file /opt/airflow/dags/dag_etl_camara_diario.py for tasks to queue
[2026-07-14T21:24:51.861+0000] {logging_mixin.py:188} INFO - [2026-07-14T21:24:51.861+0000] {dagbag.py:538} INFO - Filling up the DagBag from /opt/airflow/dags/dag_etl_camara_diario.py
[2026-07-14T21:24:51.871+0000] {processor.py:840} INFO - DAG(s) 'dag_etl_camara_diario' retrieved from /opt/airflow/dags/dag_etl_camara_diario.py
[2026-07-14T21:24:51.894+0000] {logging_mixin.py:188} INFO - [2026-07-14T21:24:51.894+0000] {dag.py:3036} INFO - Sync 1 DAGs
[2026-07-14T21:24:51.917+0000] {logging_mixin.py:188} INFO - [2026-07-14T21:24:51.917+0000] {dag.py:3823} INFO - Setting next_dagrun for dag_etl_camara_diario to 2026-07-13 03:00:00+00:00, run_after=2026-07-14 03:00:00+00:00
[2026-07-14T21:24:51.934+0000] {processor.py:183} INFO - Processing /opt/airflow/dags/dag_etl_camara_diario.py took 0.078 seconds
[2026-07-14T21:25:22.062+0000] {processor.py:161} INFO - Started process (PID=2629) to work on /opt/airflow/dags/dag_etl_camara_diario.py
[2026-07-14T21:25:22.062+0000] {processor.py:830} INFO - Processing file /opt/airflow/dags/dag_etl_camara_diario.py for tasks to queue
[2026-07-14T21:25:22.063+0000] {logging_mixin.py:188} INFO - [2026-07-14T21:25:22.063+0000] {dagbag.py:538} INFO - Filling up the DagBag from /opt/airflow/dags/dag_etl_camara_diario.py
[2026-07-14T21:25:22.073+0000] {processor.py:840} INFO - DAG(s) 'dag_etl_camara_diario' retrieved from /opt/airflow/dags/dag_etl_camara_diario.py
[2026-07-14T21:25:22.096+0000] {logging_mixin.py:188} INFO - [2026-07-14T21:25:22.096+0000] {dag.py:3036} INFO - Sync 1 DAGs
[2026-07-14T21:25:22.122+0000] {logging_mixin.py:188} INFO - [2026-07-14T21:25:22.122+0000] {dag.py:3823} INFO - Setting next_dagrun for dag_etl_camara_diario to 2026-07-13 03:00:00+00:00, run_after=2026-07-14 03:00:00+00:00
[2026-07-14T21:25:22.140+0000] {processor.py:183} INFO - Processing /opt/airflow/dags/dag_etl_camara_diario.py took 0.081 seconds
[2026-07-14T21:25:52.272+0000] {processor.py:161} INFO - Started process (PID=2644) to work on /opt/airflow/dags/dag_etl_camara_diario.py
[2026-07-14T21:25:52.273+0000] {processor.py:830} INFO - Processing file /opt/airflow/dags/dag_etl_camara_diario.py for tasks to queue
[2026-07-14T21:25:52.273+0000] {logging_mixin.py:188} INFO - [2026-07-14T21:25:52.273+0000] {dagbag.py:538} INFO - Filling up the DagBag from /opt/airflow/dags/dag_etl_camara_diario.py
[2026-07-14T21:25:52.283+0000] {processor.py:840} INFO - DAG(s) 'dag_etl_camara_diario' retrieved from /opt/airflow/dags/dag_etl_camara_diario.py
[2026-07-14T21:25:52.307+0000] {logging_mixin.py:188} INFO - [2026-07-14T21:25:52.307+0000] {dag.py:3036} INFO - Sync 1 DAGs
[2026-07-14T21:25:52.332+0000] {logging_mixin.py:188} INFO - [2026-07-14T21:25:52.332+0000] {dag.py:3823} INFO - Setting next_dagrun for dag_etl_camara_diario to 2026-07-13 03:00:00+00:00, run_after=2026-07-14 03:00:00+00:00
[2026-07-14T21:25:52.347+0000] {processor.py:183} INFO - Processing /opt/airflow/dags/dag_etl_camara_diario.py took 0.079 seconds
[2026-07-14T21:26:22.476+0000] {processor.py:161} INFO - Started process (PID=2659) to work on /opt/airflow/dags/dag_etl_camara_diario.py
[2026-07-14T21:26:22.477+0000] {processor.py:830} INFO - Processing file /opt/airflow/dags/dag_etl_camara_diario.py for tasks to queue
[2026-07-14T21:26:22.477+0000] {logging_mixin.py:188} INFO - [2026-07-14T21:26:22.477+0000] {dagbag.py:538} INFO - Filling up the DagBag from /opt/airflow/dags/dag_etl_camara_diario.py
[2026-07-14T21:26:22.487+0000] {processor.py:840} INFO - DAG(s) 'dag_etl_camara_diario' retrieved from /opt/airflow/dags/dag_etl_camara_diario.py
[2026-07-14T21:26:22.509+0000] {logging_mixin.py:188} INFO - [2026-07-14T21:26:22.509+0000] {dag.py:3036} INFO - Sync 1 DAGs
[2026-07-14T21:26:22.532+0000] {logging_mixin.py:188} INFO - [2026-07-14T21:26:22.532+0000] {dag.py:3823} INFO - Setting next_dagrun for dag_etl_camara_diario to 2026-07-13 03:00:00+00:00, run_after=2026-07-14 03:00:00+00:00
[2026-07-14T21:26:22.546+0000] {processor.py:183} INFO - Processing /opt/airflow/dags/dag_etl_camara_diario.py took 0.073 seconds
[2026-07-14T21:26:52.673+0000] {processor.py:161} INFO - Started process (PID=2674) to work on /opt/airflow/dags/dag_etl_camara_diario.py
[2026-07-14T21:26:52.673+0000] {processor.py:830} INFO - Processing file /opt/airflow/dags/dag_etl_camara_diario.py for tasks to queue
[2026-07-14T21:26:52.674+0000] {logging_mixin.py:188} INFO - [2026-07-14T21:26:52.674+0000] {dagbag.py:538} INFO - Filling up the DagBag from /opt/airflow/dags/dag_etl_camara_diario.py
[2026-07-14T21:26:52.684+0000] {processor.py:840} INFO - DAG(s) 'dag_etl_camara_diario' retrieved from /opt/airflow/dags/dag_etl_camara_diario.py
[2026-07-14T21:26:52.707+0000] {logging_mixin.py:188} INFO - [2026-07-14T21:26:52.706+0000] {dag.py:3036} INFO - Sync 1 DAGs
[2026-07-14T21:26:52.729+0000] {logging_mixin.py:188} INFO - [2026-07-14T21:26:52.728+0000] {dag.py:3823} INFO - Setting next_dagrun for dag_etl_camara_diario to 2026-07-13 03:00:00+00:00, run_after=2026-07-14 03:00:00+00:00
[2026-07-14T21:26:52.742+0000] {processor.py:183} INFO - Processing /opt/airflow/dags/dag_etl_camara_diario.py took 0.072 seconds
[2026-07-14T21:27:22.865+0000] {processor.py:161} INFO - Started process (PID=2689) to work on /opt/airflow/dags/dag_etl_camara_diario.py
[2026-07-14T21:27:22.866+0000] {processor.py:830} INFO - Processing file /opt/airflow/dags/dag_etl_camara_diario.py for tasks to queue
[2026-07-14T21:27:22.867+0000] {logging_mixin.py:188} INFO - [2026-07-14T21:27:22.867+0000] {dagbag.py:538} INFO - Filling up the DagBag from /opt/airflow/dags/dag_etl_camara_diario.py
[2026-07-14T21:27:22.877+0000] {processor.py:840} INFO - DAG(s) 'dag_etl_camara_diario' retrieved from /opt/airflow/dags/dag_etl_camara_diario.py
[2026-07-14T21:27:22.900+0000] {logging_mixin.py:188} INFO - [2026-07-14T21:27:22.900+0000] {dag.py:3036} INFO - Sync 1 DAGs
[2026-07-14T21:27:22.923+0000] {logging_mixin.py:188} INFO - [2026-07-14T21:27:22.923+0000] {dag.py:3823} INFO - Setting next_dagrun for dag_etl_camara_diario to 2026-07-13 03:00:00+00:00, run_after=2026-07-14 03:00:00+00:00
[2026-07-14T21:27:22.941+0000] {processor.py:183} INFO - Processing /opt/airflow/dags/dag_etl_camara_diario.py took 0.078 seconds
[2026-07-14T21:27:53.069+0000] {processor.py:161} INFO - Started process (PID=2704) to work on /opt/airflow/dags/dag_etl_camara_diario.py
[2026-07-14T21:27:53.070+0000] {processor.py:830} INFO - Processing file /opt/airflow/dags/dag_etl_camara_diario.py for tasks to queue
[2026-07-14T21:27:53.070+0000] {logging_mixin.py:188} INFO - [2026-07-14T21:27:53.070+0000] {dagbag.py:538} INFO - Filling up the DagBag from /opt/airflow/dags/dag_etl_camara_diario.py
[2026-07-14T21:27:53.080+0000] {processor.py:840} INFO - DAG(s) 'dag_etl_camara_diario' retrieved from /opt/airflow/dags/dag_etl_camara_diario.py
[2026-07-14T21:27:53.102+0000] {logging_mixin.py:188} INFO - [2026-07-14T21:27:53.102+0000] {dag.py:3036} INFO - Sync 1 DAGs
[2026-07-14T21:27:53.124+0000] {logging_mixin.py:188} INFO - [2026-07-14T21:27:53.124+0000] {dag.py:3823} INFO - Setting next_dagrun for dag_etl_camara_diario to 2026-07-13 03:00:00+00:00, run_after=2026-07-14 03:00:00+00:00
[2026-07-14T21:27:53.140+0000] {processor.py:183} INFO - Processing /opt/airflow/dags/dag_etl_camara_diario.py took 0.074 seconds
[2026-07-14T21:28:23.257+0000] {processor.py:161} INFO - Started process (PID=2719) to work on /opt/airflow/dags/dag_etl_camara_diario.py
[2026-07-14T21:28:23.258+0000] {processor.py:830} INFO - Processing file /opt/airflow/dags/dag_etl_camara_diario.py for tasks to queue
[2026-07-14T21:28:23.259+0000] {logging_mixin.py:188} INFO - [2026-07-14T21:28:23.258+0000] {dagbag.py:538} INFO - Filling up the DagBag from /opt/airflow/dags/dag_etl_camara_diario.py
[2026-07-14T21:28:23.268+0000] {processor.py:840} INFO - DAG(s) 'dag_etl_camara_diario' retrieved from /opt/airflow/dags/dag_etl_camara_diario.py
[2026-07-14T21:28:23.291+0000] {logging_mixin.py:188} INFO - [2026-07-14T21:28:23.291+0000] {dag.py:3036} INFO - Sync 1 DAGs
[2026-07-14T21:28:23.312+0000] {logging_mixin.py:188} INFO - [2026-07-14T21:28:23.312+0000] {dag.py:3823} INFO - Setting next_dagrun for dag_etl_camara_diario to 2026-07-13 03:00:00+00:00, run_after=2026-07-14 03:00:00+00:00
[2026-07-14T21:28:23.329+0000] {processor.py:183} INFO - Processing /opt/airflow/dags/dag_etl_camara_diario.py took 0.075 seconds
[2026-07-14T21:28:53.451+0000] {processor.py:161} INFO - Started process (PID=2734) to work on /opt/airflow/dags/dag_etl_camara_diario.py
[2026-07-14T21:28:53.451+0000] {processor.py:830} INFO - Processing file /opt/airflow/dags/dag_etl_camara_diario.py for tasks to queue
[2026-07-14T21:28:53.452+0000] {logging_mixin.py:188} INFO - [2026-07-14T21:28:53.452+0000] {dagbag.py:538} INFO - Filling up the DagBag from /opt/airflow/dags/dag_etl_camara_diario.py
[2026-07-14T21:28:53.461+0000] {processor.py:840} INFO - DAG(s) 'dag_etl_camara_diario' retrieved from /opt/airflow/dags/dag_etl_camara_diario.py
[2026-07-14T21:28:53.483+0000] {logging_mixin.py:188} INFO - [2026-07-14T21:28:53.482+0000] {dag.py:3036} INFO - Sync 1 DAGs
[2026-07-14T21:28:53.504+0000] {logging_mixin.py:188} INFO - [2026-07-14T21:28:53.504+0000] {dag.py:3823} INFO - Setting next_dagrun for dag_etl_camara_diario to 2026-07-13 03:00:00+00:00, run_after=2026-07-14 03:00:00+00:00
[2026-07-14T21:28:53.521+0000] {processor.py:183} INFO - Processing /opt/airflow/dags/dag_etl_camara_diario.py took 0.073 seconds
[2026-07-14T21:29:23.644+0000] {processor.py:161} INFO - Started process (PID=2749) to work on /opt/airflow/dags/dag_etl_camara_diario.py
[2026-07-14T21:29:23.645+0000] {processor.py:830} INFO - Processing file /opt/airflow/dags/dag_etl_camara_diario.py for tasks to queue
[2026-07-14T21:29:23.646+0000] {logging_mixin.py:188} INFO - [2026-07-14T21:29:23.646+0000] {dagbag.py:538} INFO - Filling up the DagBag from /opt/airflow/dags/dag_etl_camara_diario.py
[2026-07-14T21:29:23.655+0000] {processor.py:840} INFO - DAG(s) 'dag_etl_camara_diario' retrieved from /opt/airflow/dags/dag_etl_camara_diario.py
[2026-07-14T21:29:23.677+0000] {logging_mixin.py:188} INFO - [2026-07-14T21:29:23.677+0000] {dag.py:3036} INFO - Sync 1 DAGs
[2026-07-14T21:29:23.700+0000] {logging_mixin.py:188} INFO - [2026-07-14T21:29:23.700+0000] {dag.py:3823} INFO - Setting next_dagrun for dag_etl_camara_diario to 2026-07-13 03:00:00+00:00, run_after=2026-07-14 03:00:00+00:00
[2026-07-14T21:29:23.716+0000] {processor.py:183} INFO - Processing /opt/airflow/dags/dag_etl_camara_diario.py took 0.074 seconds
[2026-07-14T21:29:53.836+0000] {processor.py:161} INFO - Started process (PID=2764) to work on /opt/airflow/dags/dag_etl_camara_diario.py
[2026-07-14T21:29:53.837+0000] {processor.py:830} INFO - Processing file /opt/airflow/dags/dag_etl_camara_diario.py for tasks to queue
[2026-07-14T21:29:53.837+0000] {logging_mixin.py:188} INFO - [2026-07-14T21:29:53.837+0000] {dagbag.py:538} INFO - Filling up the DagBag from /opt/airflow/dags/dag_etl_camara_diario.py
[2026-07-14T21:29:53.848+0000] {processor.py:840} INFO - DAG(s) 'dag_etl_camara_diario' retrieved from /opt/airflow/dags/dag_etl_camara_diario.py
[2026-07-14T21:29:53.869+0000] {logging_mixin.py:188} INFO - [2026-07-14T21:29:53.869+0000] {dag.py:3036} INFO - Sync 1 DAGs
[2026-07-14T21:29:53.892+0000] {logging_mixin.py:188} INFO - [2026-07-14T21:29:53.892+0000] {dag.py:3823} INFO - Setting next_dagrun for dag_etl_camara_diario to 2026-07-13 03:00:00+00:00, run_after=2026-07-14 03:00:00+00:00
[2026-07-14T21:29:53.907+0000] {processor.py:183} INFO - Processing /opt/airflow/dags/dag_etl_camara_diario.py took 0.074 seconds
[2026-07-14T21:30:24.029+0000] {processor.py:161} INFO - Started process (PID=2779) to work on /opt/airflow/dags/dag_etl_camara_diario.py
[2026-07-14T21:30:24.030+0000] {processor.py:830} INFO - Processing file /opt/airflow/dags/dag_etl_camara_diario.py for tasks to queue
[2026-07-14T21:30:24.031+0000] {logging_mixin.py:188} INFO - [2026-07-14T21:30:24.031+0000] {dagbag.py:538} INFO - Filling up the DagBag from /opt/airflow/dags/dag_etl_camara_diario.py
[2026-07-14T21:30:24.040+0000] {processor.py:840} INFO - DAG(s) 'dag_etl_camara_diario' retrieved from /opt/airflow/dags/dag_etl_camara_diario.py
[2026-07-14T21:30:24.063+0000] {logging_mixin.py:188} INFO - [2026-07-14T21:30:24.063+0000] {dag.py:3036} INFO - Sync 1 DAGs
[2026-07-14T21:30:24.085+0000] {logging_mixin.py:188} INFO - [2026-07-14T21:30:24.084+0000] {dag.py:3823} INFO - Setting next_dagrun for dag_etl_camara_diario to 2026-07-13 03:00:00+00:00, run_after=2026-07-14 03:00:00+00:00
[2026-07-14T21:30:24.102+0000] {processor.py:183} INFO - Processing /opt/airflow/dags/dag_etl_camara_diario.py took 0.075 seconds
[2026-07-14T21:30:54.222+0000] {processor.py:161} INFO - Started process (PID=2794) to work on /opt/airflow/dags/dag_etl_camara_diario.py
[2026-07-14T21:30:54.223+0000] {processor.py:830} INFO - Processing file /opt/airflow/dags/dag_etl_camara_diario.py for tasks to queue
[2026-07-14T21:30:54.224+0000] {logging_mixin.py:188} INFO - [2026-07-14T21:30:54.223+0000] {dagbag.py:538} INFO - Filling up the DagBag from /opt/airflow/dags/dag_etl_camara_diario.py
[2026-07-14T21:30:54.233+0000] {processor.py:840} INFO - DAG(s) 'dag_etl_camara_diario' retrieved from /opt/airflow/dags/dag_etl_camara_diario.py
[2026-07-14T21:30:54.254+0000] {logging_mixin.py:188} INFO - [2026-07-14T21:30:54.253+0000] {dag.py:3036} INFO - Sync 1 DAGs
[2026-07-14T21:30:54.276+0000] {logging_mixin.py:188} INFO - [2026-07-14T21:30:54.276+0000] {dag.py:3823} INFO - Setting next_dagrun for dag_etl_camara_diario to 2026-07-13 03:00:00+00:00, run_after=2026-07-14 03:00:00+00:00
[2026-07-14T21:30:54.294+0000] {processor.py:183} INFO - Processing /opt/airflow/dags/dag_etl_camara_diario.py took 0.075 seconds
[2026-07-14T21:31:24.419+0000] {processor.py:161} INFO - Started process (PID=2809) to work on /opt/airflow/dags/dag_etl_camara_diario.py
[2026-07-14T21:31:24.420+0000] {processor.py:830} INFO - Processing file /opt/airflow/dags/dag_etl_camara_diario.py for tasks to queue
[2026-07-14T21:31:24.421+0000] {logging_mixin.py:188} INFO - [2026-07-14T21:31:24.421+0000] {dagbag.py:538} INFO - Filling up the DagBag from /opt/airflow/dags/dag_etl_camara_diario.py
[2026-07-14T21:31:24.431+0000] {processor.py:840} INFO - DAG(s) 'dag_etl_camara_diario' retrieved from /opt/airflow/dags/dag_etl_camara_diario.py
[2026-07-14T21:31:24.452+0000] {logging_mixin.py:188} INFO - [2026-07-14T21:31:24.452+0000] {dag.py:3036} INFO - Sync 1 DAGs
[2026-07-14T21:31:24.476+0000] {logging_mixin.py:188} INFO - [2026-07-14T21:31:24.476+0000] {dag.py:3823} INFO - Setting next_dagrun for dag_etl_camara_diario to 2026-07-13 03:00:00+00:00, run_after=2026-07-14 03:00:00+00:00
[2026-07-14T21:31:24.493+0000] {processor.py:183} INFO - Processing /opt/airflow/dags/dag_etl_camara_diario.py took 0.078 seconds
[2026-07-14T21:31:54.618+0000] {processor.py:161} INFO - Started process (PID=2824) to work on /opt/airflow/dags/dag_etl_camara_diario.py
[2026-07-14T21:31:54.618+0000] {processor.py:830} INFO - Processing file /opt/airflow/dags/dag_etl_camara_diario.py for tasks to queue
[2026-07-14T21:31:54.619+0000] {logging_mixin.py:188} INFO - [2026-07-14T21:31:54.619+0000] {dagbag.py:538} INFO - Filling up the DagBag from /opt/airflow/dags/dag_etl_camara_diario.py
[2026-07-14T21:31:54.628+0000] {processor.py:840} INFO - DAG(s) 'dag_etl_camara_diario' retrieved from /opt/airflow/dags/dag_etl_camara_diario.py
[2026-07-14T21:31:54.651+0000] {logging_mixin.py:188} INFO - [2026-07-14T21:31:54.650+0000] {dag.py:3036} INFO - Sync 1 DAGs
[2026-07-14T21:31:54.672+0000] {logging_mixin.py:188} INFO - [2026-07-14T21:31:54.672+0000] {dag.py:3823} INFO - Setting next_dagrun for dag_etl_camara_diario to 2026-07-13 03:00:00+00:00, run_after=2026-07-14 03:00:00+00:00
[2026-07-14T21:31:54.688+0000] {processor.py:183} INFO - Processing /opt/airflow/dags/dag_etl_camara_diario.py took 0.073 seconds
[2026-07-14T21:32:24.814+0000] {processor.py:161} INFO - Started process (PID=2839) to work on /opt/airflow/dags/dag_etl_camara_diario.py
[2026-07-14T21:32:24.815+0000] {processor.py:830} INFO - Processing file /opt/airflow/dags/dag_etl_camara_diario.py for tasks to queue
[2026-07-14T21:32:24.815+0000] {logging_mixin.py:188} INFO - [2026-07-14T21:32:24.815+0000] {dagbag.py:538} INFO - Filling up the DagBag from /opt/airflow/dags/dag_etl_camara_diario.py
[2026-07-14T21:32:24.825+0000] {processor.py:840} INFO - DAG(s) 'dag_etl_camara_diario' retrieved from /opt/airflow/dags/dag_etl_camara_diario.py
[2026-07-14T21:32:24.848+0000] {logging_mixin.py:188} INFO - [2026-07-14T21:32:24.847+0000] {dag.py:3036} INFO - Sync 1 DAGs
[2026-07-14T21:32:24.870+0000] {logging_mixin.py:188} INFO - [2026-07-14T21:32:24.869+0000] {dag.py:3823} INFO - Setting next_dagrun for dag_etl_camara_diario to 2026-07-13 03:00:00+00:00, run_after=2026-07-14 03:00:00+00:00
[2026-07-14T21:32:24.886+0000] {processor.py:183} INFO - Processing /opt/airflow/dags/dag_etl_camara_diario.py took 0.075 seconds
[2026-07-14T21:32:55.025+0000] {processor.py:161} INFO - Started process (PID=2854) to work on /opt/airflow/dags/dag_etl_camara_diario.py
[2026-07-14T21:32:55.026+0000] {processor.py:830} INFO - Processing file /opt/airflow/dags/dag_etl_camara_diario.py for tasks to queue
[2026-07-14T21:32:55.027+0000] {logging_mixin.py:188} INFO - [2026-07-14T21:32:55.026+0000] {dagbag.py:538} INFO - Filling up the DagBag from /opt/airflow/dags/dag_etl_camara_diario.py
[2026-07-14T21:32:55.037+0000] {processor.py:840} INFO - DAG(s) 'dag_etl_camara_diario' retrieved from /opt/airflow/dags/dag_etl_camara_diario.py
[2026-07-14T21:32:55.058+0000] {logging_mixin.py:188} INFO - [2026-07-14T21:32:55.058+0000] {dag.py:3036} INFO - Sync 1 DAGs
[2026-07-14T21:32:55.080+0000] {logging_mixin.py:188} INFO - [2026-07-14T21:32:55.080+0000] {dag.py:3823} INFO - Setting next_dagrun for dag_etl_camara_diario to 2026-07-13 03:00:00+00:00, run_after=2026-07-14 03:00:00+00:00
[2026-07-14T21:32:55.095+0000] {processor.py:183} INFO - Processing /opt/airflow/dags/dag_etl_camara_diario.py took 0.073 seconds
[2026-07-14T21:33:25.219+0000] {processor.py:161} INFO - Started process (PID=2869) to work on /opt/airflow/dags/dag_etl_camara_diario.py
[2026-07-14T21:33:25.220+0000] {processor.py:830} INFO - Processing file /opt/airflow/dags/dag_etl_camara_diario.py for tasks to queue
[2026-07-14T21:33:25.221+0000] {logging_mixin.py:188} INFO - [2026-07-14T21:33:25.220+0000] {dagbag.py:538} INFO - Filling up the DagBag from /opt/airflow/dags/dag_etl_camara_diario.py
[2026-07-14T21:33:25.231+0000] {processor.py:840} INFO - DAG(s) 'dag_etl_camara_diario' retrieved from /opt/airflow/dags/dag_etl_camara_diario.py
[2026-07-14T21:33:25.253+0000] {logging_mixin.py:188} INFO - [2026-07-14T21:33:25.253+0000] {dag.py:3036} INFO - Sync 1 DAGs
[2026-07-14T21:33:25.275+0000] {logging_mixin.py:188} INFO - [2026-07-14T21:33:25.275+0000] {dag.py:3823} INFO - Setting next_dagrun for dag_etl_camara_diario to 2026-07-13 03:00:00+00:00, run_after=2026-07-14 03:00:00+00:00
[2026-07-14T21:33:25.291+0000] {processor.py:183} INFO - Processing /opt/airflow/dags/dag_etl_camara_diario.py took 0.075 seconds
[2026-07-14T21:33:55.408+0000] {processor.py:161} INFO - Started process (PID=2884) to work on /opt/airflow/dags/dag_etl_camara_diario.py
[2026-07-14T21:33:55.409+0000] {processor.py:830} INFO - Processing file /opt/airflow/dags/dag_etl_camara_diario.py for tasks to queue
[2026-07-14T21:33:55.410+0000] {logging_mixin.py:188} INFO - [2026-07-14T21:33:55.409+0000] {dagbag.py:538} INFO - Filling up the DagBag from /opt/airflow/dags/dag_etl_camara_diario.py
[2026-07-14T21:33:55.419+0000] {processor.py:840} INFO - DAG(s) 'dag_etl_camara_diario' retrieved from /opt/airflow/dags/dag_etl_camara_diario.py
[2026-07-14T21:33:55.441+0000] {logging_mixin.py:188} INFO - [2026-07-14T21:33:55.441+0000] {dag.py:3036} INFO - Sync 1 DAGs
[2026-07-14T21:33:55.462+0000] {logging_mixin.py:188} INFO - [2026-07-14T21:33:55.462+0000] {dag.py:3823} INFO - Setting next_dagrun for dag_etl_camara_diario to 2026-07-13 03:00:00+00:00, run_after=2026-07-14 03:00:00+00:00
[2026-07-14T21:33:55.477+0000] {processor.py:183} INFO - Processing /opt/airflow/dags/dag_etl_camara_diario.py took 0.073 seconds
[2026-07-14T21:34:25.596+0000] {processor.py:161} INFO - Started process (PID=2899) to work on /opt/airflow/dags/dag_etl_camara_diario.py
[2026-07-14T21:34:25.597+0000] {processor.py:830} INFO - Processing file /opt/airflow/dags/dag_etl_camara_diario.py for tasks to queue
[2026-07-14T21:34:25.597+0000] {logging_mixin.py:188} INFO - [2026-07-14T21:34:25.597+0000] {dagbag.py:538} INFO - Filling up the DagBag from /opt/airflow/dags/dag_etl_camara_diario.py
[2026-07-14T21:34:25.607+0000] {processor.py:840} INFO - DAG(s) 'dag_etl_camara_diario' retrieved from /opt/airflow/dags/dag_etl_camara_diario.py
[2026-07-14T21:34:25.629+0000] {logging_mixin.py:188} INFO - [2026-07-14T21:34:25.629+0000] {dag.py:3036} INFO - Sync 1 DAGs
[2026-07-14T21:34:25.652+0000] {logging_mixin.py:188} INFO - [2026-07-14T21:34:25.652+0000] {dag.py:3823} INFO - Setting next_dagrun for dag_etl_camara_diario to 2026-07-13 03:00:00+00:00, run_after=2026-07-14 03:00:00+00:00
[2026-07-14T21:34:25.670+0000] {processor.py:183} INFO - Processing /opt/airflow/dags/dag_etl_camara_diario.py took 0.077 seconds
[2026-07-14T21:34:55.789+0000] {processor.py:161} INFO - Started process (PID=2914) to work on /opt/airflow/dags/dag_etl_camara_diario.py
[2026-07-14T21:34:55.790+0000] {processor.py:830} INFO - Processing file /opt/airflow/dags/dag_etl_camara_diario.py for tasks to queue
[2026-07-14T21:34:55.791+0000] {logging_mixin.py:188} INFO - [2026-07-14T21:34:55.791+0000] {dagbag.py:538} INFO - Filling up the DagBag from /opt/airflow/dags/dag_etl_camara_diario.py
[2026-07-14T21:34:55.801+0000] {processor.py:840} INFO - DAG(s) 'dag_etl_camara_diario' retrieved from /opt/airflow/dags/dag_etl_camara_diario.py
[2026-07-14T21:34:55.825+0000] {logging_mixin.py:188} INFO - [2026-07-14T21:34:55.825+0000] {dag.py:3036} INFO - Sync 1 DAGs
[2026-07-14T21:34:55.849+0000] {logging_mixin.py:188} INFO - [2026-07-14T21:34:55.848+0000] {dag.py:3823} INFO - Setting next_dagrun for dag_etl_camara_diario to 2026-07-13 03:00:00+00:00, run_after=2026-07-14 03:00:00+00:00
[2026-07-14T21:34:55.865+0000] {processor.py:183} INFO - Processing /opt/airflow/dags/dag_etl_camara_diario.py took 0.078 seconds
[2026-07-14T21:35:25.985+0000] {processor.py:161} INFO - Started process (PID=2929) to work on /opt/airflow/dags/dag_etl_camara_diario.py
[2026-07-14T21:35:25.986+0000] {processor.py:830} INFO - Processing file /opt/airflow/dags/dag_etl_camara_diario.py for tasks to queue
[2026-07-14T21:35:25.986+0000] {logging_mixin.py:188} INFO - [2026-07-14T21:35:25.986+0000] {dagbag.py:538} INFO - Filling up the DagBag from /opt/airflow/dags/dag_etl_camara_diario.py
[2026-07-14T21:35:25.996+0000] {processor.py:840} INFO - DAG(s) 'dag_etl_camara_diario' retrieved from /opt/airflow/dags/dag_etl_camara_diario.py
[2026-07-14T21:35:26.017+0000] {logging_mixin.py:188} INFO - [2026-07-14T21:35:26.017+0000] {dag.py:3036} INFO - Sync 1 DAGs
[2026-07-14T21:35:26.038+0000] {logging_mixin.py:188} INFO - [2026-07-14T21:35:26.038+0000] {dag.py:3823} INFO - Setting next_dagrun for dag_etl_camara_diario to 2026-07-13 03:00:00+00:00, run_after=2026-07-14 03:00:00+00:00
[2026-07-14T21:35:26.054+0000] {processor.py:183} INFO - Processing /opt/airflow/dags/dag_etl_camara_diario.py took 0.072 seconds
[2026-07-14T21:35:56.177+0000] {processor.py:161} INFO - Started process (PID=2944) to work on /opt/airflow/dags/dag_etl_camara_diario.py
[2026-07-14T21:35:56.178+0000] {processor.py:830} INFO - Processing file /opt/airflow/dags/dag_etl_camara_diario.py for tasks to queue
[2026-07-14T21:35:56.179+0000] {logging_mixin.py:188} INFO - [2026-07-14T21:35:56.178+0000] {dagbag.py:538} INFO - Filling up the DagBag from /opt/airflow/dags/dag_etl_camara_diario.py
[2026-07-14T21:35:56.188+0000] {processor.py:840} INFO - DAG(s) 'dag_etl_camara_diario' retrieved from /opt/airflow/dags/dag_etl_camara_diario.py
[2026-07-14T21:35:56.211+0000] {logging_mixin.py:188} INFO - [2026-07-14T21:35:56.210+0000] {dag.py:3036} INFO - Sync 1 DAGs
[2026-07-14T21:35:56.233+0000] {logging_mixin.py:188} INFO - [2026-07-14T21:35:56.232+0000] {dag.py:3823} INFO - Setting next_dagrun for dag_etl_camara_diario to 2026-07-13 03:00:00+00:00, run_after=2026-07-14 03:00:00+00:00
[2026-07-14T21:35:56.247+0000] {processor.py:183} INFO - Processing /opt/airflow/dags/dag_etl_camara_diario.py took 0.072 seconds
[2026-07-14T21:36:26.369+0000] {processor.py:161} INFO - Started process (PID=2959) to work on /opt/airflow/dags/dag_etl_camara_diario.py
[2026-07-14T21:36:26.370+0000] {processor.py:830} INFO - Processing file /opt/airflow/dags/dag_etl_camara_diario.py for tasks to queue
[2026-07-14T21:36:26.371+0000] {logging_mixin.py:188} INFO - [2026-07-14T21:36:26.371+0000] {dagbag.py:538} INFO - Filling up the DagBag from /opt/airflow/dags/dag_etl_camara_diario.py
[2026-07-14T21:36:26.381+0000] {processor.py:840} INFO - DAG(s) 'dag_etl_camara_diario' retrieved from /opt/airflow/dags/dag_etl_camara_diario.py
[2026-07-14T21:36:26.403+0000] {logging_mixin.py:188} INFO - [2026-07-14T21:36:26.403+0000] {dag.py:3036} INFO - Sync 1 DAGs
[2026-07-14T21:36:26.426+0000] {logging_mixin.py:188} INFO - [2026-07-14T21:36:26.426+0000] {dag.py:3823} INFO - Setting next_dagrun for dag_etl_camara_diario to 2026-07-13 03:00:00+00:00, run_after=2026-07-14 03:00:00+00:00
[2026-07-14T21:36:26.441+0000] {processor.py:183} INFO - Processing /opt/airflow/dags/dag_etl_camara_diario.py took 0.075 seconds
[2026-07-14T21:36:56.567+0000] {processor.py:161} INFO - Started process (PID=2974) to work on /opt/airflow/dags/dag_etl_camara_diario.py
[2026-07-14T21:36:56.567+0000] {processor.py:830} INFO - Processing file /opt/airflow/dags/dag_etl_camara_diario.py for tasks to queue
[2026-07-14T21:36:56.568+0000] {logging_mixin.py:188} INFO - [2026-07-14T21:36:56.568+0000] {dagbag.py:538} INFO - Filling up the DagBag from /opt/airflow/dags/dag_etl_camara_diario.py
[2026-07-14T21:36:56.578+0000] {processor.py:840} INFO - DAG(s) 'dag_etl_camara_diario' retrieved from /opt/airflow/dags/dag_etl_camara_diario.py
[2026-07-14T21:36:56.599+0000] {logging_mixin.py:188} INFO - [2026-07-14T21:36:56.599+0000] {dag.py:3036} INFO - Sync 1 DAGs
[2026-07-14T21:36:56.621+0000] {logging_mixin.py:188} INFO - [2026-07-14T21:36:56.621+0000] {dag.py:3823} INFO - Setting next_dagrun for dag_etl_camara_diario to 2026-07-13 03:00:00+00:00, run_after=2026-07-14 03:00:00+00:00
[2026-07-14T21:36:56.636+0000] {processor.py:183} INFO - Processing /opt/airflow/dags/dag_etl_camara_diario.py took 0.072 seconds
[2026-07-14T21:37:26.761+0000] {processor.py:161} INFO - Started process (PID=2989) to work on /opt/airflow/dags/dag_etl_camara_diario.py
[2026-07-14T21:37:26.762+0000] {processor.py:830} INFO - Processing file /opt/airflow/dags/dag_etl_camara_diario.py for tasks to queue
[2026-07-14T21:37:26.763+0000] {logging_mixin.py:188} INFO - [2026-07-14T21:37:26.762+0000] {dagbag.py:538} INFO - Filling up the DagBag from /opt/airflow/dags/dag_etl_camara_diario.py
[2026-07-14T21:37:26.773+0000] {processor.py:840} INFO - DAG(s) 'dag_etl_camara_diario' retrieved from /opt/airflow/dags/dag_etl_camara_diario.py
[2026-07-14T21:37:26.795+0000] {logging_mixin.py:188} INFO - [2026-07-14T21:37:26.795+0000] {dag.py:3036} INFO - Sync 1 DAGs
[2026-07-14T21:37:26.817+0000] {logging_mixin.py:188} INFO - [2026-07-14T21:37:26.817+0000] {dag.py:3823} INFO - Setting next_dagrun for dag_etl_camara_diario to 2026-07-13 03:00:00+00:00, run_after=2026-07-14 03:00:00+00:00
[2026-07-14T21:37:26.833+0000] {processor.py:183} INFO - Processing /opt/airflow/dags/dag_etl_camara_diario.py took 0.075 seconds
[2026-07-14T21:37:56.962+0000] {processor.py:161} INFO - Started process (PID=3004) to work on /opt/airflow/dags/dag_etl_camara_diario.py
[2026-07-14T21:37:56.963+0000] {processor.py:830} INFO - Processing file /opt/airflow/dags/dag_etl_camara_diario.py for tasks to queue
[2026-07-14T21:37:56.963+0000] {logging_mixin.py:188} INFO - [2026-07-14T21:37:56.963+0000] {dagbag.py:538} INFO - Filling up the DagBag from /opt/airflow/dags/dag_etl_camara_diario.py
[2026-07-14T21:37:56.976+0000] {processor.py:840} INFO - DAG(s) 'dag_etl_camara_diario' retrieved from /opt/airflow/dags/dag_etl_camara_diario.py
[2026-07-14T21:37:57.001+0000] {logging_mixin.py:188} INFO - [2026-07-14T21:37:57.001+0000] {dag.py:3036} INFO - Sync 1 DAGs
[2026-07-14T21:37:57.026+0000] {logging_mixin.py:188} INFO - [2026-07-14T21:37:57.026+0000] {dag.py:3823} INFO - Setting next_dagrun for dag_etl_camara_diario to 2026-07-13 03:00:00+00:00, run_after=2026-07-14 03:00:00+00:00
[2026-07-14T21:37:57.044+0000] {processor.py:183} INFO - Processing /opt/airflow/dags/dag_etl_camara_diario.py took 0.085 seconds
[2026-07-14T21:38:27.175+0000] {processor.py:161} INFO - Started process (PID=3019) to work on /opt/airflow/dags/dag_etl_camara_diario.py
[2026-07-14T21:38:27.176+0000] {processor.py:830} INFO - Processing file /opt/airflow/dags/dag_etl_camara_diario.py for tasks to queue
[2026-07-14T21:38:27.177+0000] {logging_mixin.py:188} INFO - [2026-07-14T21:38:27.177+0000] {dagbag.py:538} INFO - Filling up the DagBag from /opt/airflow/dags/dag_etl_camara_diario.py
[2026-07-14T21:38:27.187+0000] {processor.py:840} INFO - DAG(s) 'dag_etl_camara_diario' retrieved from /opt/airflow/dags/dag_etl_camara_diario.py
[2026-07-14T21:38:27.211+0000] {logging_mixin.py:188} INFO - [2026-07-14T21:38:27.210+0000] {dag.py:3036} INFO - Sync 1 DAGs
[2026-07-14T21:38:27.236+0000] {logging_mixin.py:188} INFO - [2026-07-14T21:38:27.236+0000] {dag.py:3823} INFO - Setting next_dagrun for dag_etl_camara_diario to 2026-07-13 03:00:00+00:00, run_after=2026-07-14 03:00:00+00:00
[2026-07-14T21:38:27.253+0000] {processor.py:183} INFO - Processing /opt/airflow/dags/dag_etl_camara_diario.py took 0.080 seconds
[2026-07-14T21:38:57.376+0000] {processor.py:161} INFO - Started process (PID=3034) to work on /opt/airflow/dags/dag_etl_camara_diario.py
[2026-07-14T21:38:57.376+0000] {processor.py:830} INFO - Processing file /opt/airflow/dags/dag_etl_camara_diario.py for tasks to queue
[2026-07-14T21:38:57.377+0000] {logging_mixin.py:188} INFO - [2026-07-14T21:38:57.377+0000] {dagbag.py:538} INFO - Filling up the DagBag from /opt/airflow/dags/dag_etl_camara_diario.py
[2026-07-14T21:38:57.387+0000] {processor.py:840} INFO - DAG(s) 'dag_etl_camara_diario' retrieved from /opt/airflow/dags/dag_etl_camara_diario.py
[2026-07-14T21:38:57.410+0000] {logging_mixin.py:188} INFO - [2026-07-14T21:38:57.409+0000] {dag.py:3036} INFO - Sync 1 DAGs
[2026-07-14T21:38:57.434+0000] {logging_mixin.py:188} INFO - [2026-07-14T21:38:57.434+0000] {dag.py:3823} INFO - Setting next_dagrun for dag_etl_camara_diario to 2026-07-13 03:00:00+00:00, run_after=2026-07-14 03:00:00+00:00
[2026-07-14T21:38:57.455+0000] {processor.py:183} INFO - Processing /opt/airflow/dags/dag_etl_camara_diario.py took 0.082 seconds
[2026-07-14T21:39:27.583+0000] {processor.py:161} INFO - Started process (PID=3049) to work on /opt/airflow/dags/dag_etl_camara_diario.py
[2026-07-14T21:39:27.584+0000] {processor.py:830} INFO - Processing file /opt/airflow/dags/dag_etl_camara_diario.py for tasks to queue
[2026-07-14T21:39:27.585+0000] {logging_mixin.py:188} INFO - [2026-07-14T21:39:27.585+0000] {dagbag.py:538} INFO - Filling up the DagBag from /opt/airflow/dags/dag_etl_camara_diario.py
[2026-07-14T21:39:27.595+0000] {processor.py:840} INFO - DAG(s) 'dag_etl_camara_diario' retrieved from /opt/airflow/dags/dag_etl_camara_diario.py
[2026-07-14T21:39:27.619+0000] {logging_mixin.py:188} INFO - [2026-07-14T21:39:27.619+0000] {dag.py:3036} INFO - Sync 1 DAGs
[2026-07-14T21:39:27.642+0000] {logging_mixin.py:188} INFO - [2026-07-14T21:39:27.641+0000] {dag.py:3823} INFO - Setting next_dagrun for dag_etl_camara_diario to 2026-07-13 03:00:00+00:00, run_after=2026-07-14 03:00:00+00:00
[2026-07-14T21:39:27.658+0000] {processor.py:183} INFO - Processing /opt/airflow/dags/dag_etl_camara_diario.py took 0.078 seconds
[2026-07-14T21:39:57.789+0000] {processor.py:161} INFO - Started process (PID=3064) to work on /opt/airflow/dags/dag_etl_camara_diario.py
[2026-07-14T21:39:57.789+0000] {processor.py:830} INFO - Processing file /opt/airflow/dags/dag_etl_camara_diario.py for tasks to queue
[2026-07-14T21:39:57.790+0000] {logging_mixin.py:188} INFO - [2026-07-14T21:39:57.790+0000] {dagbag.py:538} INFO - Filling up the DagBag from /opt/airflow/dags/dag_etl_camara_diario.py
[2026-07-14T21:39:57.800+0000] {processor.py:840} INFO - DAG(s) 'dag_etl_camara_diario' retrieved from /opt/airflow/dags/dag_etl_camara_diario.py
[2026-07-14T21:39:57.821+0000] {logging_mixin.py:188} INFO - [2026-07-14T21:39:57.821+0000] {dag.py:3036} INFO - Sync 1 DAGs
[2026-07-14T21:39:57.843+0000] {logging_mixin.py:188} INFO - [2026-07-14T21:39:57.843+0000] {dag.py:3823} INFO - Setting next_dagrun for dag_etl_camara_diario to 2026-07-13 03:00:00+00:00, run_after=2026-07-14 03:00:00+00:00
[2026-07-14T21:39:57.859+0000] {processor.py:183} INFO - Processing /opt/airflow/dags/dag_etl_camara_diario.py took 0.073 seconds
[2026-07-14T21:40:27.981+0000] {processor.py:161} INFO - Started process (PID=3079) to work on /opt/airflow/dags/dag_etl_camara_diario.py
[2026-07-14T21:40:27.982+0000] {processor.py:830} INFO - Processing file /opt/airflow/dags/dag_etl_camara_diario.py for tasks to queue
[2026-07-14T21:40:27.982+0000] {logging_mixin.py:188} INFO - [2026-07-14T21:40:27.982+0000] {dagbag.py:538} INFO - Filling up the DagBag from /opt/airflow/dags/dag_etl_camara_diario.py
[2026-07-14T21:40:27.992+0000] {processor.py:840} INFO - DAG(s) 'dag_etl_camara_diario' retrieved from /opt/airflow/dags/dag_etl_camara_diario.py
[2026-07-14T21:40:28.014+0000] {logging_mixin.py:188} INFO - [2026-07-14T21:40:28.013+0000] {dag.py:3036} INFO - Sync 1 DAGs
[2026-07-14T21:40:28.036+0000] {logging_mixin.py:188} INFO - [2026-07-14T21:40:28.036+0000] {dag.py:3823} INFO - Setting next_dagrun for dag_etl_camara_diario to 2026-07-13 03:00:00+00:00, run_after=2026-07-14 03:00:00+00:00
[2026-07-14T21:40:28.053+0000] {processor.py:183} INFO - Processing /opt/airflow/dags/dag_etl_camara_diario.py took 0.076 seconds
[2026-07-14T21:40:58.180+0000] {processor.py:161} INFO - Started process (PID=3094) to work on /opt/airflow/dags/dag_etl_camara_diario.py
[2026-07-14T21:40:58.180+0000] {processor.py:830} INFO - Processing file /opt/airflow/dags/dag_etl_camara_diario.py for tasks to queue
[2026-07-14T21:40:58.181+0000] {logging_mixin.py:188} INFO - [2026-07-14T21:40:58.181+0000] {dagbag.py:538} INFO - Filling up the DagBag from /opt/airflow/dags/dag_etl_camara_diario.py
[2026-07-14T21:40:58.191+0000] {processor.py:840} INFO - DAG(s) 'dag_etl_camara_diario' retrieved from /opt/airflow/dags/dag_etl_camara_diario.py
[2026-07-14T21:40:58.212+0000] {logging_mixin.py:188} INFO - [2026-07-14T21:40:58.212+0000] {dag.py:3036} INFO - Sync 1 DAGs
[2026-07-14T21:40:58.236+0000] {logging_mixin.py:188} INFO - [2026-07-14T21:40:58.235+0000] {dag.py:3823} INFO - Setting next_dagrun for dag_etl_camara_diario to 2026-07-13 03:00:00+00:00, run_after=2026-07-14 03:00:00+00:00
[2026-07-14T21:40:58.250+0000] {processor.py:183} INFO - Processing /opt/airflow/dags/dag_etl_camara_diario.py took 0.073 seconds
[2026-07-14T21:41:28.371+0000] {processor.py:161} INFO - Started process (PID=3109) to work on /opt/airflow/dags/dag_etl_camara_diario.py
[2026-07-14T21:41:28.372+0000] {processor.py:830} INFO - Processing file /opt/airflow/dags/dag_etl_camara_diario.py for tasks to queue
[2026-07-14T21:41:28.373+0000] {logging_mixin.py:188} INFO - [2026-07-14T21:41:28.373+0000] {dagbag.py:538} INFO - Filling up the DagBag from /opt/airflow/dags/dag_etl_camara_diario.py
[2026-07-14T21:41:28.382+0000] {processor.py:840} INFO - DAG(s) 'dag_etl_camara_diario' retrieved from /opt/airflow/dags/dag_etl_camara_diario.py
[2026-07-14T21:41:28.404+0000] {logging_mixin.py:188} INFO - [2026-07-14T21:41:28.404+0000] {dag.py:3036} INFO - Sync 1 DAGs
[2026-07-14T21:41:28.429+0000] {logging_mixin.py:188} INFO - [2026-07-14T21:41:28.428+0000] {dag.py:3823} INFO - Setting next_dagrun for dag_etl_camara_diario to 2026-07-13 03:00:00+00:00, run_after=2026-07-14 03:00:00+00:00
[2026-07-14T21:41:28.444+0000] {processor.py:183} INFO - Processing /opt/airflow/dags/dag_etl_camara_diario.py took 0.075 seconds
[2026-07-14T21:41:58.568+0000] {processor.py:161} INFO - Started process (PID=3124) to work on /opt/airflow/dags/dag_etl_camara_diario.py
[2026-07-14T21:41:58.569+0000] {processor.py:830} INFO - Processing file /opt/airflow/dags/dag_etl_camara_diario.py for tasks to queue
[2026-07-14T21:41:58.569+0000] {logging_mixin.py:188} INFO - [2026-07-14T21:41:58.569+0000] {dagbag.py:538} INFO - Filling up the DagBag from /opt/airflow/dags/dag_etl_camara_diario.py
[2026-07-14T21:41:58.579+0000] {processor.py:840} INFO - DAG(s) 'dag_etl_camara_diario' retrieved from /opt/airflow/dags/dag_etl_camara_diario.py
[2026-07-14T21:41:58.602+0000] {logging_mixin.py:188} INFO - [2026-07-14T21:41:58.601+0000] {dag.py:3036} INFO - Sync 1 DAGs
[2026-07-14T21:41:58.624+0000] {logging_mixin.py:188} INFO - [2026-07-14T21:41:58.624+0000] {dag.py:3823} INFO - Setting next_dagrun for dag_etl_camara_diario to 2026-07-13 03:00:00+00:00, run_after=2026-07-14 03:00:00+00:00
[2026-07-14T21:41:58.639+0000] {processor.py:183} INFO - Processing /opt/airflow/dags/dag_etl_camara_diario.py took 0.074 seconds
[2026-07-14T21:42:28.765+0000] {processor.py:161} INFO - Started process (PID=3139) to work on /opt/airflow/dags/dag_etl_camara_diario.py
[2026-07-14T21:42:28.766+0000] {processor.py:830} INFO - Processing file /opt/airflow/dags/dag_etl_camara_diario.py for tasks to queue
[2026-07-14T21:42:28.767+0000] {logging_mixin.py:188} INFO - [2026-07-14T21:42:28.766+0000] {dagbag.py:538} INFO - Filling up the DagBag from /opt/airflow/dags/dag_etl_camara_diario.py
[2026-07-14T21:42:28.776+0000] {processor.py:840} INFO - DAG(s) 'dag_etl_camara_diario' retrieved from /opt/airflow/dags/dag_etl_camara_diario.py
[2026-07-14T21:42:28.798+0000] {logging_mixin.py:188} INFO - [2026-07-14T21:42:28.798+0000] {dag.py:3036} INFO - Sync 1 DAGs
[2026-07-14T21:42:28.822+0000] {logging_mixin.py:188} INFO - [2026-07-14T21:42:28.822+0000] {dag.py:3823} INFO - Setting next_dagrun for dag_etl_camara_diario to 2026-07-13 03:00:00+00:00, run_after=2026-07-14 03:00:00+00:00
[2026-07-14T21:42:28.836+0000] {processor.py:183} INFO - Processing /opt/airflow/dags/dag_etl_camara_diario.py took 0.074 seconds
[2026-07-14T21:42:58.962+0000] {processor.py:161} INFO - Started process (PID=3154) to work on /opt/airflow/dags/dag_etl_camara_diario.py
[2026-07-14T21:42:58.963+0000] {processor.py:830} INFO - Processing file /opt/airflow/dags/dag_etl_camara_diario.py for tasks to queue
[2026-07-14T21:42:58.964+0000] {logging_mixin.py:188} INFO - [2026-07-14T21:42:58.963+0000] {dagbag.py:538} INFO - Filling up the DagBag from /opt/airflow/dags/dag_etl_camara_diario.py
[2026-07-14T21:42:58.974+0000] {processor.py:840} INFO - DAG(s) 'dag_etl_camara_diario' retrieved from /opt/airflow/dags/dag_etl_camara_diario.py
[2026-07-14T21:42:58.995+0000] {logging_mixin.py:188} INFO - [2026-07-14T21:42:58.995+0000] {dag.py:3036} INFO - Sync 1 DAGs
[2026-07-14T21:42:59.018+0000] {logging_mixin.py:188} INFO - [2026-07-14T21:42:59.018+0000] {dag.py:3823} INFO - Setting next_dagrun for dag_etl_camara_diario to 2026-07-13 03:00:00+00:00, run_after=2026-07-14 03:00:00+00:00
[2026-07-14T21:42:59.034+0000] {processor.py:183} INFO - Processing /opt/airflow/dags/dag_etl_camara_diario.py took 0.074 seconds
[2026-07-14T21:43:29.155+0000] {processor.py:161} INFO - Started process (PID=3169) to work on /opt/airflow/dags/dag_etl_camara_diario.py
[2026-07-14T21:43:29.156+0000] {processor.py:830} INFO - Processing file /opt/airflow/dags/dag_etl_camara_diario.py for tasks to queue
[2026-07-14T21:43:29.157+0000] {logging_mixin.py:188} INFO - [2026-07-14T21:43:29.156+0000] {dagbag.py:538} INFO - Filling up the DagBag from /opt/airflow/dags/dag_etl_camara_diario.py
[2026-07-14T21:43:29.168+0000] {processor.py:840} INFO - DAG(s) 'dag_etl_camara_diario' retrieved from /opt/airflow/dags/dag_etl_camara_diario.py
[2026-07-14T21:43:29.192+0000] {logging_mixin.py:188} INFO - [2026-07-14T21:43:29.192+0000] {dag.py:3036} INFO - Sync 1 DAGs
[2026-07-14T21:43:29.218+0000] {logging_mixin.py:188} INFO - [2026-07-14T21:43:29.218+0000] {dag.py:3823} INFO - Setting next_dagrun for dag_etl_camara_diario to 2026-07-13 03:00:00+00:00, run_after=2026-07-14 03:00:00+00:00
[2026-07-14T21:43:29.239+0000] {processor.py:183} INFO - Processing /opt/airflow/dags/dag_etl_camara_diario.py took 0.087 seconds
[2026-07-14T21:43:42.310+0000] {processor.py:161} INFO - Started process (PID=3184) to work on /opt/airflow/dags/dag_etl_camara_diario.py
[2026-07-14T21:43:42.310+0000] {processor.py:830} INFO - Processing file /opt/airflow/dags/dag_etl_camara_diario.py for tasks to queue
[2026-07-14T21:43:42.311+0000] {logging_mixin.py:188} INFO - [2026-07-14T21:43:42.311+0000] {dagbag.py:538} INFO - Filling up the DagBag from /opt/airflow/dags/dag_etl_camara_diario.py
[2026-07-14T21:43:42.322+0000] {processor.py:840} INFO - DAG(s) 'dag_etl_camara_diario' retrieved from /opt/airflow/dags/dag_etl_camara_diario.py
[2026-07-14T21:43:42.439+0000] {logging_mixin.py:188} INFO - [2026-07-14T21:43:42.438+0000] {dag.py:3036} INFO - Sync 1 DAGs
[2026-07-14T21:43:42.460+0000] {logging_mixin.py:188} INFO - [2026-07-14T21:43:42.460+0000] {dag.py:3823} INFO - Setting next_dagrun for dag_etl_camara_diario to 2026-07-13 03:00:00+00:00, run_after=2026-07-14 03:00:00+00:00
[2026-07-14T21:43:42.480+0000] {processor.py:183} INFO - Processing /opt/airflow/dags/dag_etl_camara_diario.py took 0.173 seconds
[2026-07-14T21:44:12.505+0000] {processor.py:161} INFO - Started process (PID=3199) to work on /opt/airflow/dags/dag_etl_camara_diario.py
[2026-07-14T21:44:12.506+0000] {processor.py:830} INFO - Processing file /opt/airflow/dags/dag_etl_camara_diario.py for tasks to queue
[2026-07-14T21:44:12.507+0000] {logging_mixin.py:188} INFO - [2026-07-14T21:44:12.507+0000] {dagbag.py:538} INFO - Filling up the DagBag from /opt/airflow/dags/dag_etl_camara_diario.py
[2026-07-14T21:44:12.516+0000] {processor.py:840} INFO - DAG(s) 'dag_etl_camara_diario' retrieved from /opt/airflow/dags/dag_etl_camara_diario.py
[2026-07-14T21:44:12.538+0000] {logging_mixin.py:188} INFO - [2026-07-14T21:44:12.537+0000] {dag.py:3036} INFO - Sync 1 DAGs
[2026-07-14T21:44:12.559+0000] {logging_mixin.py:188} INFO - [2026-07-14T21:44:12.559+0000] {dag.py:3823} INFO - Setting next_dagrun for dag_etl_camara_diario to 2026-07-13 03:00:00+00:00, run_after=2026-07-14 03:00:00+00:00
[2026-07-14T21:44:12.578+0000] {processor.py:183} INFO - Processing /opt/airflow/dags/dag_etl_camara_diario.py took 0.074 seconds
[2026-07-14T21:44:42.715+0000] {processor.py:161} INFO - Started process (PID=3214) to work on /opt/airflow/dags/dag_etl_camara_diario.py
[2026-07-14T21:44:42.716+0000] {processor.py:830} INFO - Processing file /opt/airflow/dags/dag_etl_camara_diario.py for tasks to queue
[2026-07-14T21:44:42.716+0000] {logging_mixin.py:188} INFO - [2026-07-14T21:44:42.716+0000] {dagbag.py:538} INFO - Filling up the DagBag from /opt/airflow/dags/dag_etl_camara_diario.py
[2026-07-14T21:44:42.726+0000] {processor.py:840} INFO - DAG(s) 'dag_etl_camara_diario' retrieved from /opt/airflow/dags/dag_etl_camara_diario.py
[2026-07-14T21:44:42.748+0000] {logging_mixin.py:188} INFO - [2026-07-14T21:44:42.748+0000] {dag.py:3036} INFO - Sync 1 DAGs
[2026-07-14T21:44:42.771+0000] {logging_mixin.py:188} INFO - [2026-07-14T21:44:42.770+0000] {dag.py:3823} INFO - Setting next_dagrun for dag_etl_camara_diario to 2026-07-13 03:00:00+00:00, run_after=2026-07-14 03:00:00+00:00
[2026-07-14T21:44:42.789+0000] {processor.py:183} INFO - Processing /opt/airflow/dags/dag_etl_camara_diario.py took 0.077 seconds
[2026-07-14T21:45:12.959+0000] {processor.py:161} INFO - Started process (PID=3229) to work on /opt/airflow/dags/dag_etl_camara_diario.py
[2026-07-14T21:45:12.959+0000] {processor.py:830} INFO - Processing file /opt/airflow/dags/dag_etl_camara_diario.py for tasks to queue
[2026-07-14T21:45:12.960+0000] {logging_mixin.py:188} INFO - [2026-07-14T21:45:12.960+0000] {dagbag.py:538} INFO - Filling up the DagBag from /opt/airflow/dags/dag_etl_camara_diario.py
[2026-07-14T21:45:12.970+0000] {processor.py:840} INFO - DAG(s) 'dag_etl_camara_diario' retrieved from /opt/airflow/dags/dag_etl_camara_diario.py
[2026-07-14T21:45:12.990+0000] {logging_mixin.py:188} INFO - [2026-07-14T21:45:12.990+0000] {dag.py:3036} INFO - Sync 1 DAGs
[2026-07-14T21:45:13.012+0000] {logging_mixin.py:188} INFO - [2026-07-14T21:45:13.011+0000] {dag.py:3823} INFO - Setting next_dagrun for dag_etl_camara_diario to 2026-07-13 03:00:00+00:00, run_after=2026-07-14 03:00:00+00:00
[2026-07-14T21:45:13.029+0000] {processor.py:183} INFO - Processing /opt/airflow/dags/dag_etl_camara_diario.py took 0.073 seconds
[2026-07-14T21:45:43.170+0000] {processor.py:161} INFO - Started process (PID=3244) to work on /opt/airflow/dags/dag_etl_camara_diario.py
[2026-07-14T21:45:43.170+0000] {processor.py:830} INFO - Processing file /opt/airflow/dags/dag_etl_camara_diario.py for tasks to queue
[2026-07-14T21:45:43.171+0000] {logging_mixin.py:188} INFO - [2026-07-14T21:45:43.171+0000] {dagbag.py:538} INFO - Filling up the DagBag from /opt/airflow/dags/dag_etl_camara_diario.py
[2026-07-14T21:45:43.180+0000] {processor.py:840} INFO - DAG(s) 'dag_etl_camara_diario' retrieved from /opt/airflow/dags/dag_etl_camara_diario.py
[2026-07-14T21:45:43.203+0000] {logging_mixin.py:188} INFO - [2026-07-14T21:45:43.202+0000] {dag.py:3036} INFO - Sync 1 DAGs
[2026-07-14T21:45:43.225+0000] {logging_mixin.py:188} INFO - [2026-07-14T21:45:43.225+0000] {dag.py:3823} INFO - Setting next_dagrun for dag_etl_camara_diario to 2026-07-13 03:00:00+00:00, run_after=2026-07-14 03:00:00+00:00
[2026-07-14T21:45:43.243+0000] {processor.py:183} INFO - Processing /opt/airflow/dags/dag_etl_camara_diario.py took 0.077 seconds
[2026-07-14T21:46:13.415+0000] {processor.py:161} INFO - Started process (PID=3259) to work on /opt/airflow/dags/dag_etl_camara_diario.py
[2026-07-14T21:46:13.416+0000] {processor.py:830} INFO - Processing file /opt/airflow/dags/dag_etl_camara_diario.py for tasks to queue
[2026-07-14T21:46:13.417+0000] {logging_mixin.py:188} INFO - [2026-07-14T21:46:13.417+0000] {dagbag.py:538} INFO - Filling up the DagBag from /opt/airflow/dags/dag_etl_camara_diario.py
[2026-07-14T21:46:13.426+0000] {processor.py:840} INFO - DAG(s) 'dag_etl_camara_diario' retrieved from /opt/airflow/dags/dag_etl_camara_diario.py
[2026-07-14T21:46:13.448+0000] {logging_mixin.py:188} INFO - [2026-07-14T21:46:13.448+0000] {dag.py:3036} INFO - Sync 1 DAGs
[2026-07-14T21:46:13.469+0000] {logging_mixin.py:188} INFO - [2026-07-14T21:46:13.469+0000] {dag.py:3823} INFO - Setting next_dagrun for dag_etl_camara_diario to 2026-07-13 03:00:00+00:00, run_after=2026-07-14 03:00:00+00:00
[2026-07-14T21:46:13.486+0000] {processor.py:183} INFO - Processing /opt/airflow/dags/dag_etl_camara_diario.py took 0.074 seconds
[2026-07-14T21:46:43.633+0000] {processor.py:161} INFO - Started process (PID=3274) to work on /opt/airflow/dags/dag_etl_camara_diario.py
[2026-07-14T21:46:43.633+0000] {processor.py:830} INFO - Processing file /opt/airflow/dags/dag_etl_camara_diario.py for tasks to queue
[2026-07-14T21:46:43.634+0000] {logging_mixin.py:188} INFO - [2026-07-14T21:46:43.634+0000] {dagbag.py:538} INFO - Filling up the DagBag from /opt/airflow/dags/dag_etl_camara_diario.py
[2026-07-14T21:46:43.643+0000] {processor.py:840} INFO - DAG(s) 'dag_etl_camara_diario' retrieved from /opt/airflow/dags/dag_etl_camara_diario.py
[2026-07-14T21:46:43.665+0000] {logging_mixin.py:188} INFO - [2026-07-14T21:46:43.664+0000] {dag.py:3036} INFO - Sync 1 DAGs
[2026-07-14T21:46:43.687+0000] {logging_mixin.py:188} INFO - [2026-07-14T21:46:43.687+0000] {dag.py:3823} INFO - Setting next_dagrun for dag_etl_camara_diario to 2026-07-13 03:00:00+00:00, run_after=2026-07-14 03:00:00+00:00
[2026-07-14T21:46:43.704+0000] {processor.py:183} INFO - Processing /opt/airflow/dags/dag_etl_camara_diario.py took 0.074 seconds
[2026-07-14T21:47:13.881+0000] {processor.py:161} INFO - Started process (PID=3289) to work on /opt/airflow/dags/dag_etl_camara_diario.py
[2026-07-14T21:47:13.882+0000] {processor.py:830} INFO - Processing file /opt/airflow/dags/dag_etl_camara_diario.py for tasks to queue
[2026-07-14T21:47:13.883+0000] {logging_mixin.py:188} INFO - [2026-07-14T21:47:13.883+0000] {dagbag.py:538} INFO - Filling up the DagBag from /opt/airflow/dags/dag_etl_camara_diario.py
[2026-07-14T21:47:13.894+0000] {processor.py:840} INFO - DAG(s) 'dag_etl_camara_diario' retrieved from /opt/airflow/dags/dag_etl_camara_diario.py
[2026-07-14T21:47:13.916+0000] {logging_mixin.py:188} INFO - [2026-07-14T21:47:13.915+0000] {dag.py:3036} INFO - Sync 1 DAGs
[2026-07-14T21:47:13.936+0000] {logging_mixin.py:188} INFO - [2026-07-14T21:47:13.936+0000] {dag.py:3823} INFO - Setting next_dagrun for dag_etl_camara_diario to 2026-07-13 03:00:00+00:00, run_after=2026-07-14 03:00:00+00:00
[2026-07-14T21:47:13.954+0000] {processor.py:183} INFO - Processing /opt/airflow/dags/dag_etl_camara_diario.py took 0.076 seconds
[2026-07-14T21:52:31.027+0000] {processor.py:161} INFO - Started process (PID=168) to work on /opt/airflow/dags/dag_etl_camara_diario.py
[2026-07-14T21:52:31.028+0000] {processor.py:830} INFO - Processing file /opt/airflow/dags/dag_etl_camara_diario.py for tasks to queue
[2026-07-14T21:52:31.029+0000] {logging_mixin.py:188} INFO - [2026-07-14T21:52:31.029+0000] {dagbag.py:538} INFO - Filling up the DagBag from /opt/airflow/dags/dag_etl_camara_diario.py
[2026-07-14T21:52:31.044+0000] {processor.py:840} INFO - DAG(s) 'dag_etl_camara_diario' retrieved from /opt/airflow/dags/dag_etl_camara_diario.py
[2026-07-14T21:52:31.072+0000] {logging_mixin.py:188} INFO - [2026-07-14T21:52:31.071+0000] {dag.py:3036} INFO - Sync 1 DAGs
[2026-07-14T21:52:31.099+0000] {logging_mixin.py:188} INFO - [2026-07-14T21:52:31.098+0000] {dag.py:3823} INFO - Setting next_dagrun for dag_etl_camara_diario to 2026-07-13 03:00:00+00:00, run_after=2026-07-14 03:00:00+00:00
[2026-07-14T21:52:31.116+0000] {processor.py:183} INFO - Processing /opt/airflow/dags/dag_etl_camara_diario.py took 0.091 seconds
[2026-07-14T21:53:01.246+0000] {processor.py:161} INFO - Started process (PID=184) to work on /opt/airflow/dags/dag_etl_camara_diario.py
[2026-07-14T21:53:01.247+0000] {processor.py:830} INFO - Processing file /opt/airflow/dags/dag_etl_camara_diario.py for tasks to queue
[2026-07-14T21:53:01.247+0000] {logging_mixin.py:188} INFO - [2026-07-14T21:53:01.247+0000] {dagbag.py:538} INFO - Filling up the DagBag from /opt/airflow/dags/dag_etl_camara_diario.py
[2026-07-14T21:53:01.256+0000] {processor.py:840} INFO - DAG(s) 'dag_etl_camara_diario' retrieved from /opt/airflow/dags/dag_etl_camara_diario.py
[2026-07-14T21:53:01.407+0000] {logging_mixin.py:188} INFO - [2026-07-14T21:53:01.407+0000] {dag.py:3036} INFO - Sync 1 DAGs
[2026-07-14T21:53:01.430+0000] {logging_mixin.py:188} INFO - [2026-07-14T21:53:01.430+0000] {dag.py:3823} INFO - Setting next_dagrun for dag_etl_camara_diario to 2026-07-13 03:00:00+00:00, run_after=2026-07-14 03:00:00+00:00
[2026-07-14T21:53:01.451+0000] {processor.py:183} INFO - Processing /opt/airflow/dags/dag_etl_camara_diario.py took 0.208 seconds
