[2026-07-14T00:00:30.103+0000] {processor.py:161} INFO - Started process (PID=3657) to work on /opt/airflow/dags/dag_enriquecimento_dados.py
[2026-07-14T00:00:30.104+0000] {processor.py:830} INFO - Processing file /opt/airflow/dags/dag_enriquecimento_dados.py for tasks to queue
[2026-07-14T00:00:30.105+0000] {logging_mixin.py:188} INFO - [2026-07-14T00:00:30.105+0000] {dagbag.py:538} INFO - Filling up the DagBag from /opt/airflow/dags/dag_enriquecimento_dados.py
[2026-07-14T00:00:30.112+0000] {processor.py:840} INFO - DAG(s) 'dag_enriquecimento_dados' retrieved from /opt/airflow/dags/dag_enriquecimento_dados.py
[2026-07-14T00:00:30.133+0000] {logging_mixin.py:188} INFO - [2026-07-14T00:00:30.133+0000] {dag.py:3036} INFO - Sync 1 DAGs
[2026-07-14T00:00:30.144+0000] {logging_mixin.py:188} INFO - [2026-07-14T00:00:30.144+0000] {dag.py:3823} INFO - Setting next_dagrun for dag_enriquecimento_dados to None, run_after=None
[2026-07-14T00:00:30.162+0000] {processor.py:183} INFO - Processing /opt/airflow/dags/dag_enriquecimento_dados.py took 0.061 seconds
[2026-07-14T00:01:00.302+0000] {processor.py:161} INFO - Started process (PID=3672) to work on /opt/airflow/dags/dag_enriquecimento_dados.py
[2026-07-14T00:01:00.303+0000] {processor.py:830} INFO - Processing file /opt/airflow/dags/dag_enriquecimento_dados.py for tasks to queue
[2026-07-14T00:01:00.303+0000] {logging_mixin.py:188} INFO - [2026-07-14T00:01:00.303+0000] {dagbag.py:538} INFO - Filling up the DagBag from /opt/airflow/dags/dag_enriquecimento_dados.py
[2026-07-14T00:01:00.312+0000] {processor.py:840} INFO - DAG(s) 'dag_enriquecimento_dados' retrieved from /opt/airflow/dags/dag_enriquecimento_dados.py
[2026-07-14T00:01:00.335+0000] {logging_mixin.py:188} INFO - [2026-07-14T00:01:00.334+0000] {dag.py:3036} INFO - Sync 1 DAGs
[2026-07-14T00:01:00.347+0000] {logging_mixin.py:188} INFO - [2026-07-14T00:01:00.347+0000] {dag.py:3823} INFO - Setting next_dagrun for dag_enriquecimento_dados to None, run_after=None
[2026-07-14T00:01:00.367+0000] {processor.py:183} INFO - Processing /opt/airflow/dags/dag_enriquecimento_dados.py took 0.067 seconds
[2026-07-14T00:01:30.505+0000] {processor.py:161} INFO - Started process (PID=3687) to work on /opt/airflow/dags/dag_enriquecimento_dados.py
[2026-07-14T00:01:30.506+0000] {processor.py:830} INFO - Processing file /opt/airflow/dags/dag_enriquecimento_dados.py for tasks to queue
[2026-07-14T00:01:30.507+0000] {logging_mixin.py:188} INFO - [2026-07-14T00:01:30.507+0000] {dagbag.py:538} INFO - Filling up the DagBag from /opt/airflow/dags/dag_enriquecimento_dados.py
[2026-07-14T00:01:30.515+0000] {processor.py:840} INFO - DAG(s) 'dag_enriquecimento_dados' retrieved from /opt/airflow/dags/dag_enriquecimento_dados.py
[2026-07-14T00:01:30.537+0000] {logging_mixin.py:188} INFO - [2026-07-14T00:01:30.537+0000] {dag.py:3036} INFO - Sync 1 DAGs
[2026-07-14T00:01:30.550+0000] {logging_mixin.py:188} INFO - [2026-07-14T00:01:30.550+0000] {dag.py:3823} INFO - Setting next_dagrun for dag_enriquecimento_dados to None, run_after=None
[2026-07-14T00:01:30.569+0000] {processor.py:183} INFO - Processing /opt/airflow/dags/dag_enriquecimento_dados.py took 0.066 seconds
[2026-07-14T00:02:00.705+0000] {processor.py:161} INFO - Started process (PID=3702) to work on /opt/airflow/dags/dag_enriquecimento_dados.py
[2026-07-14T00:02:00.706+0000] {processor.py:830} INFO - Processing file /opt/airflow/dags/dag_enriquecimento_dados.py for tasks to queue
[2026-07-14T00:02:00.707+0000] {logging_mixin.py:188} INFO - [2026-07-14T00:02:00.706+0000] {dagbag.py:538} INFO - Filling up the DagBag from /opt/airflow/dags/dag_enriquecimento_dados.py
[2026-07-14T00:02:00.716+0000] {processor.py:840} INFO - DAG(s) 'dag_enriquecimento_dados' retrieved from /opt/airflow/dags/dag_enriquecimento_dados.py
[2026-07-14T00:02:00.738+0000] {logging_mixin.py:188} INFO - [2026-07-14T00:02:00.738+0000] {dag.py:3036} INFO - Sync 1 DAGs
[2026-07-14T00:02:00.749+0000] {logging_mixin.py:188} INFO - [2026-07-14T00:02:00.749+0000] {dag.py:3823} INFO - Setting next_dagrun for dag_enriquecimento_dados to None, run_after=None
[2026-07-14T00:02:00.768+0000] {processor.py:183} INFO - Processing /opt/airflow/dags/dag_enriquecimento_dados.py took 0.065 seconds
[2026-07-14T00:02:30.904+0000] {processor.py:161} INFO - Started process (PID=3717) to work on /opt/airflow/dags/dag_enriquecimento_dados.py
[2026-07-14T00:02:30.905+0000] {processor.py:830} INFO - Processing file /opt/airflow/dags/dag_enriquecimento_dados.py for tasks to queue
[2026-07-14T00:02:30.906+0000] {logging_mixin.py:188} INFO - [2026-07-14T00:02:30.906+0000] {dagbag.py:538} INFO - Filling up the DagBag from /opt/airflow/dags/dag_enriquecimento_dados.py
[2026-07-14T00:02:30.915+0000] {processor.py:840} INFO - DAG(s) 'dag_enriquecimento_dados' retrieved from /opt/airflow/dags/dag_enriquecimento_dados.py
[2026-07-14T00:02:30.937+0000] {logging_mixin.py:188} INFO - [2026-07-14T00:02:30.936+0000] {dag.py:3036} INFO - Sync 1 DAGs
[2026-07-14T00:02:30.948+0000] {logging_mixin.py:188} INFO - [2026-07-14T00:02:30.948+0000] {dag.py:3823} INFO - Setting next_dagrun for dag_enriquecimento_dados to None, run_after=None
[2026-07-14T00:02:30.967+0000] {processor.py:183} INFO - Processing /opt/airflow/dags/dag_enriquecimento_dados.py took 0.065 seconds
[2026-07-14T00:03:01.110+0000] {processor.py:161} INFO - Started process (PID=3732) to work on /opt/airflow/dags/dag_enriquecimento_dados.py
[2026-07-14T00:03:01.111+0000] {processor.py:830} INFO - Processing file /opt/airflow/dags/dag_enriquecimento_dados.py for tasks to queue
[2026-07-14T00:03:01.111+0000] {logging_mixin.py:188} INFO - [2026-07-14T00:03:01.111+0000] {dagbag.py:538} INFO - Filling up the DagBag from /opt/airflow/dags/dag_enriquecimento_dados.py
[2026-07-14T00:03:01.121+0000] {processor.py:840} INFO - DAG(s) 'dag_enriquecimento_dados' retrieved from /opt/airflow/dags/dag_enriquecimento_dados.py
[2026-07-14T00:03:01.144+0000] {logging_mixin.py:188} INFO - [2026-07-14T00:03:01.143+0000] {dag.py:3036} INFO - Sync 1 DAGs
[2026-07-14T00:03:01.156+0000] {logging_mixin.py:188} INFO - [2026-07-14T00:03:01.156+0000] {dag.py:3823} INFO - Setting next_dagrun for dag_enriquecimento_dados to None, run_after=None
[2026-07-14T00:03:01.174+0000] {processor.py:183} INFO - Processing /opt/airflow/dags/dag_enriquecimento_dados.py took 0.068 seconds
[2026-07-14T00:03:31.315+0000] {processor.py:161} INFO - Started process (PID=3747) to work on /opt/airflow/dags/dag_enriquecimento_dados.py
[2026-07-14T00:03:31.315+0000] {processor.py:830} INFO - Processing file /opt/airflow/dags/dag_enriquecimento_dados.py for tasks to queue
[2026-07-14T00:03:31.316+0000] {logging_mixin.py:188} INFO - [2026-07-14T00:03:31.316+0000] {dagbag.py:538} INFO - Filling up the DagBag from /opt/airflow/dags/dag_enriquecimento_dados.py
[2026-07-14T00:03:31.325+0000] {processor.py:840} INFO - DAG(s) 'dag_enriquecimento_dados' retrieved from /opt/airflow/dags/dag_enriquecimento_dados.py
[2026-07-14T00:03:31.350+0000] {logging_mixin.py:188} INFO - [2026-07-14T00:03:31.350+0000] {dag.py:3036} INFO - Sync 1 DAGs
[2026-07-14T00:03:31.363+0000] {logging_mixin.py:188} INFO - [2026-07-14T00:03:31.363+0000] {dag.py:3823} INFO - Setting next_dagrun for dag_enriquecimento_dados to None, run_after=None
[2026-07-14T00:03:31.385+0000] {processor.py:183} INFO - Processing /opt/airflow/dags/dag_enriquecimento_dados.py took 0.073 seconds
[2026-07-14T00:04:01.541+0000] {processor.py:161} INFO - Started process (PID=3762) to work on /opt/airflow/dags/dag_enriquecimento_dados.py
[2026-07-14T00:04:01.542+0000] {processor.py:830} INFO - Processing file /opt/airflow/dags/dag_enriquecimento_dados.py for tasks to queue
[2026-07-14T00:04:01.542+0000] {logging_mixin.py:188} INFO - [2026-07-14T00:04:01.542+0000] {dagbag.py:538} INFO - Filling up the DagBag from /opt/airflow/dags/dag_enriquecimento_dados.py
[2026-07-14T00:04:01.550+0000] {processor.py:840} INFO - DAG(s) 'dag_enriquecimento_dados' retrieved from /opt/airflow/dags/dag_enriquecimento_dados.py
[2026-07-14T00:04:01.571+0000] {logging_mixin.py:188} INFO - [2026-07-14T00:04:01.571+0000] {dag.py:3036} INFO - Sync 1 DAGs
[2026-07-14T00:04:01.583+0000] {logging_mixin.py:188} INFO - [2026-07-14T00:04:01.583+0000] {dag.py:3823} INFO - Setting next_dagrun for dag_enriquecimento_dados to None, run_after=None
[2026-07-14T00:04:01.602+0000] {processor.py:183} INFO - Processing /opt/airflow/dags/dag_enriquecimento_dados.py took 0.064 seconds
[2026-07-14T00:04:31.744+0000] {processor.py:161} INFO - Started process (PID=3777) to work on /opt/airflow/dags/dag_enriquecimento_dados.py
[2026-07-14T00:04:31.745+0000] {processor.py:830} INFO - Processing file /opt/airflow/dags/dag_enriquecimento_dados.py for tasks to queue
[2026-07-14T00:04:31.745+0000] {logging_mixin.py:188} INFO - [2026-07-14T00:04:31.745+0000] {dagbag.py:538} INFO - Filling up the DagBag from /opt/airflow/dags/dag_enriquecimento_dados.py
[2026-07-14T00:04:31.754+0000] {processor.py:840} INFO - DAG(s) 'dag_enriquecimento_dados' retrieved from /opt/airflow/dags/dag_enriquecimento_dados.py
[2026-07-14T00:04:31.777+0000] {logging_mixin.py:188} INFO - [2026-07-14T00:04:31.777+0000] {dag.py:3036} INFO - Sync 1 DAGs
[2026-07-14T00:04:31.790+0000] {logging_mixin.py:188} INFO - [2026-07-14T00:04:31.789+0000] {dag.py:3823} INFO - Setting next_dagrun for dag_enriquecimento_dados to None, run_after=None
[2026-07-14T00:04:31.809+0000] {processor.py:183} INFO - Processing /opt/airflow/dags/dag_enriquecimento_dados.py took 0.068 seconds
[2026-07-14T00:05:01.947+0000] {processor.py:161} INFO - Started process (PID=3792) to work on /opt/airflow/dags/dag_enriquecimento_dados.py
[2026-07-14T00:05:01.947+0000] {processor.py:830} INFO - Processing file /opt/airflow/dags/dag_enriquecimento_dados.py for tasks to queue
[2026-07-14T00:05:01.948+0000] {logging_mixin.py:188} INFO - [2026-07-14T00:05:01.948+0000] {dagbag.py:538} INFO - Filling up the DagBag from /opt/airflow/dags/dag_enriquecimento_dados.py
[2026-07-14T00:05:01.957+0000] {processor.py:840} INFO - DAG(s) 'dag_enriquecimento_dados' retrieved from /opt/airflow/dags/dag_enriquecimento_dados.py
[2026-07-14T00:05:01.980+0000] {logging_mixin.py:188} INFO - [2026-07-14T00:05:01.980+0000] {dag.py:3036} INFO - Sync 1 DAGs
[2026-07-14T00:05:01.992+0000] {logging_mixin.py:188} INFO - [2026-07-14T00:05:01.992+0000] {dag.py:3823} INFO - Setting next_dagrun for dag_enriquecimento_dados to None, run_after=None
[2026-07-14T00:05:02.011+0000] {processor.py:183} INFO - Processing /opt/airflow/dags/dag_enriquecimento_dados.py took 0.068 seconds
[2026-07-14T00:05:32.146+0000] {processor.py:161} INFO - Started process (PID=3807) to work on /opt/airflow/dags/dag_enriquecimento_dados.py
[2026-07-14T00:05:32.147+0000] {processor.py:830} INFO - Processing file /opt/airflow/dags/dag_enriquecimento_dados.py for tasks to queue
[2026-07-14T00:05:32.147+0000] {logging_mixin.py:188} INFO - [2026-07-14T00:05:32.147+0000] {dagbag.py:538} INFO - Filling up the DagBag from /opt/airflow/dags/dag_enriquecimento_dados.py
[2026-07-14T00:05:32.156+0000] {processor.py:840} INFO - DAG(s) 'dag_enriquecimento_dados' retrieved from /opt/airflow/dags/dag_enriquecimento_dados.py
[2026-07-14T00:05:32.177+0000] {logging_mixin.py:188} INFO - [2026-07-14T00:05:32.177+0000] {dag.py:3036} INFO - Sync 1 DAGs
[2026-07-14T00:05:32.189+0000] {logging_mixin.py:188} INFO - [2026-07-14T00:05:32.189+0000] {dag.py:3823} INFO - Setting next_dagrun for dag_enriquecimento_dados to None, run_after=None
[2026-07-14T00:05:32.208+0000] {processor.py:183} INFO - Processing /opt/airflow/dags/dag_enriquecimento_dados.py took 0.065 seconds
[2026-07-14T00:06:02.343+0000] {processor.py:161} INFO - Started process (PID=3822) to work on /opt/airflow/dags/dag_enriquecimento_dados.py
[2026-07-14T00:06:02.344+0000] {processor.py:830} INFO - Processing file /opt/airflow/dags/dag_enriquecimento_dados.py for tasks to queue
[2026-07-14T00:06:02.345+0000] {logging_mixin.py:188} INFO - [2026-07-14T00:06:02.345+0000] {dagbag.py:538} INFO - Filling up the DagBag from /opt/airflow/dags/dag_enriquecimento_dados.py
[2026-07-14T00:06:02.356+0000] {processor.py:840} INFO - DAG(s) 'dag_enriquecimento_dados' retrieved from /opt/airflow/dags/dag_enriquecimento_dados.py
[2026-07-14T00:06:02.378+0000] {logging_mixin.py:188} INFO - [2026-07-14T00:06:02.378+0000] {dag.py:3036} INFO - Sync 1 DAGs
[2026-07-14T00:06:02.390+0000] {logging_mixin.py:188} INFO - [2026-07-14T00:06:02.389+0000] {dag.py:3823} INFO - Setting next_dagrun for dag_enriquecimento_dados to None, run_after=None
[2026-07-14T00:06:02.408+0000] {processor.py:183} INFO - Processing /opt/airflow/dags/dag_enriquecimento_dados.py took 0.068 seconds
[2026-07-14T00:06:32.543+0000] {processor.py:161} INFO - Started process (PID=3837) to work on /opt/airflow/dags/dag_enriquecimento_dados.py
[2026-07-14T00:06:32.544+0000] {processor.py:830} INFO - Processing file /opt/airflow/dags/dag_enriquecimento_dados.py for tasks to queue
[2026-07-14T00:06:32.545+0000] {logging_mixin.py:188} INFO - [2026-07-14T00:06:32.544+0000] {dagbag.py:538} INFO - Filling up the DagBag from /opt/airflow/dags/dag_enriquecimento_dados.py
[2026-07-14T00:06:32.552+0000] {processor.py:840} INFO - DAG(s) 'dag_enriquecimento_dados' retrieved from /opt/airflow/dags/dag_enriquecimento_dados.py
[2026-07-14T00:06:32.574+0000] {logging_mixin.py:188} INFO - [2026-07-14T00:06:32.573+0000] {dag.py:3036} INFO - Sync 1 DAGs
[2026-07-14T00:06:32.584+0000] {logging_mixin.py:188} INFO - [2026-07-14T00:06:32.584+0000] {dag.py:3823} INFO - Setting next_dagrun for dag_enriquecimento_dados to None, run_after=None
[2026-07-14T00:06:32.602+0000] {processor.py:183} INFO - Processing /opt/airflow/dags/dag_enriquecimento_dados.py took 0.062 seconds
[2026-07-14T00:07:02.737+0000] {processor.py:161} INFO - Started process (PID=3852) to work on /opt/airflow/dags/dag_enriquecimento_dados.py
[2026-07-14T00:07:02.737+0000] {processor.py:830} INFO - Processing file /opt/airflow/dags/dag_enriquecimento_dados.py for tasks to queue
[2026-07-14T00:07:02.738+0000] {logging_mixin.py:188} INFO - [2026-07-14T00:07:02.738+0000] {dagbag.py:538} INFO - Filling up the DagBag from /opt/airflow/dags/dag_enriquecimento_dados.py
[2026-07-14T00:07:02.746+0000] {processor.py:840} INFO - DAG(s) 'dag_enriquecimento_dados' retrieved from /opt/airflow/dags/dag_enriquecimento_dados.py
[2026-07-14T00:07:02.766+0000] {logging_mixin.py:188} INFO - [2026-07-14T00:07:02.766+0000] {dag.py:3036} INFO - Sync 1 DAGs
[2026-07-14T00:07:02.778+0000] {logging_mixin.py:188} INFO - [2026-07-14T00:07:02.778+0000] {dag.py:3823} INFO - Setting next_dagrun for dag_enriquecimento_dados to None, run_after=None
[2026-07-14T00:07:02.795+0000] {processor.py:183} INFO - Processing /opt/airflow/dags/dag_enriquecimento_dados.py took 0.061 seconds
[2026-07-14T00:07:32.929+0000] {processor.py:161} INFO - Started process (PID=3867) to work on /opt/airflow/dags/dag_enriquecimento_dados.py
[2026-07-14T00:07:32.929+0000] {processor.py:830} INFO - Processing file /opt/airflow/dags/dag_enriquecimento_dados.py for tasks to queue
[2026-07-14T00:07:32.930+0000] {logging_mixin.py:188} INFO - [2026-07-14T00:07:32.930+0000] {dagbag.py:538} INFO - Filling up the DagBag from /opt/airflow/dags/dag_enriquecimento_dados.py
[2026-07-14T00:07:32.937+0000] {processor.py:840} INFO - DAG(s) 'dag_enriquecimento_dados' retrieved from /opt/airflow/dags/dag_enriquecimento_dados.py
[2026-07-14T00:07:32.958+0000] {logging_mixin.py:188} INFO - [2026-07-14T00:07:32.958+0000] {dag.py:3036} INFO - Sync 1 DAGs
[2026-07-14T00:07:32.969+0000] {logging_mixin.py:188} INFO - [2026-07-14T00:07:32.969+0000] {dag.py:3823} INFO - Setting next_dagrun for dag_enriquecimento_dados to None, run_after=None
[2026-07-14T00:07:32.987+0000] {processor.py:183} INFO - Processing /opt/airflow/dags/dag_enriquecimento_dados.py took 0.061 seconds
[2026-07-14T00:08:03.122+0000] {processor.py:161} INFO - Started process (PID=3882) to work on /opt/airflow/dags/dag_enriquecimento_dados.py
[2026-07-14T00:08:03.123+0000] {processor.py:830} INFO - Processing file /opt/airflow/dags/dag_enriquecimento_dados.py for tasks to queue
[2026-07-14T00:08:03.123+0000] {logging_mixin.py:188} INFO - [2026-07-14T00:08:03.123+0000] {dagbag.py:538} INFO - Filling up the DagBag from /opt/airflow/dags/dag_enriquecimento_dados.py
[2026-07-14T00:08:03.131+0000] {processor.py:840} INFO - DAG(s) 'dag_enriquecimento_dados' retrieved from /opt/airflow/dags/dag_enriquecimento_dados.py
[2026-07-14T00:08:03.152+0000] {logging_mixin.py:188} INFO - [2026-07-14T00:08:03.151+0000] {dag.py:3036} INFO - Sync 1 DAGs
[2026-07-14T00:08:03.163+0000] {logging_mixin.py:188} INFO - [2026-07-14T00:08:03.163+0000] {dag.py:3823} INFO - Setting next_dagrun for dag_enriquecimento_dados to None, run_after=None
[2026-07-14T00:08:03.180+0000] {processor.py:183} INFO - Processing /opt/airflow/dags/dag_enriquecimento_dados.py took 0.060 seconds
[2026-07-14T00:08:33.316+0000] {processor.py:161} INFO - Started process (PID=3897) to work on /opt/airflow/dags/dag_enriquecimento_dados.py
[2026-07-14T00:08:33.317+0000] {processor.py:830} INFO - Processing file /opt/airflow/dags/dag_enriquecimento_dados.py for tasks to queue
[2026-07-14T00:08:33.318+0000] {logging_mixin.py:188} INFO - [2026-07-14T00:08:33.317+0000] {dagbag.py:538} INFO - Filling up the DagBag from /opt/airflow/dags/dag_enriquecimento_dados.py
[2026-07-14T00:08:33.325+0000] {processor.py:840} INFO - DAG(s) 'dag_enriquecimento_dados' retrieved from /opt/airflow/dags/dag_enriquecimento_dados.py
[2026-07-14T00:08:33.347+0000] {logging_mixin.py:188} INFO - [2026-07-14T00:08:33.347+0000] {dag.py:3036} INFO - Sync 1 DAGs
[2026-07-14T00:08:33.359+0000] {logging_mixin.py:188} INFO - [2026-07-14T00:08:33.358+0000] {dag.py:3823} INFO - Setting next_dagrun for dag_enriquecimento_dados to None, run_after=None
[2026-07-14T00:08:33.377+0000] {processor.py:183} INFO - Processing /opt/airflow/dags/dag_enriquecimento_dados.py took 0.063 seconds
[2026-07-14T00:09:03.512+0000] {processor.py:161} INFO - Started process (PID=3912) to work on /opt/airflow/dags/dag_enriquecimento_dados.py
[2026-07-14T00:09:03.513+0000] {processor.py:830} INFO - Processing file /opt/airflow/dags/dag_enriquecimento_dados.py for tasks to queue
[2026-07-14T00:09:03.513+0000] {logging_mixin.py:188} INFO - [2026-07-14T00:09:03.513+0000] {dagbag.py:538} INFO - Filling up the DagBag from /opt/airflow/dags/dag_enriquecimento_dados.py
[2026-07-14T00:09:03.522+0000] {processor.py:840} INFO - DAG(s) 'dag_enriquecimento_dados' retrieved from /opt/airflow/dags/dag_enriquecimento_dados.py
[2026-07-14T00:09:03.542+0000] {logging_mixin.py:188} INFO - [2026-07-14T00:09:03.542+0000] {dag.py:3036} INFO - Sync 1 DAGs
[2026-07-14T00:09:03.555+0000] {logging_mixin.py:188} INFO - [2026-07-14T00:09:03.554+0000] {dag.py:3823} INFO - Setting next_dagrun for dag_enriquecimento_dados to None, run_after=None
[2026-07-14T00:09:03.572+0000] {processor.py:183} INFO - Processing /opt/airflow/dags/dag_enriquecimento_dados.py took 0.063 seconds
[2026-07-14T00:09:33.711+0000] {processor.py:161} INFO - Started process (PID=3927) to work on /opt/airflow/dags/dag_enriquecimento_dados.py
[2026-07-14T00:09:33.711+0000] {processor.py:830} INFO - Processing file /opt/airflow/dags/dag_enriquecimento_dados.py for tasks to queue
[2026-07-14T00:09:33.712+0000] {logging_mixin.py:188} INFO - [2026-07-14T00:09:33.712+0000] {dagbag.py:538} INFO - Filling up the DagBag from /opt/airflow/dags/dag_enriquecimento_dados.py
[2026-07-14T00:09:33.719+0000] {processor.py:840} INFO - DAG(s) 'dag_enriquecimento_dados' retrieved from /opt/airflow/dags/dag_enriquecimento_dados.py
[2026-07-14T00:09:33.739+0000] {logging_mixin.py:188} INFO - [2026-07-14T00:09:33.739+0000] {dag.py:3036} INFO - Sync 1 DAGs
[2026-07-14T00:09:33.750+0000] {logging_mixin.py:188} INFO - [2026-07-14T00:09:33.750+0000] {dag.py:3823} INFO - Setting next_dagrun for dag_enriquecimento_dados to None, run_after=None
[2026-07-14T00:09:33.766+0000] {processor.py:183} INFO - Processing /opt/airflow/dags/dag_enriquecimento_dados.py took 0.058 seconds
[2026-07-14T00:10:03.896+0000] {processor.py:161} INFO - Started process (PID=3942) to work on /opt/airflow/dags/dag_enriquecimento_dados.py
[2026-07-14T00:10:03.897+0000] {processor.py:830} INFO - Processing file /opt/airflow/dags/dag_enriquecimento_dados.py for tasks to queue
[2026-07-14T00:10:03.898+0000] {logging_mixin.py:188} INFO - [2026-07-14T00:10:03.897+0000] {dagbag.py:538} INFO - Filling up the DagBag from /opt/airflow/dags/dag_enriquecimento_dados.py
[2026-07-14T00:10:03.905+0000] {processor.py:840} INFO - DAG(s) 'dag_enriquecimento_dados' retrieved from /opt/airflow/dags/dag_enriquecimento_dados.py
[2026-07-14T00:10:03.926+0000] {logging_mixin.py:188} INFO - [2026-07-14T00:10:03.926+0000] {dag.py:3036} INFO - Sync 1 DAGs
[2026-07-14T00:10:03.938+0000] {logging_mixin.py:188} INFO - [2026-07-14T00:10:03.938+0000] {dag.py:3823} INFO - Setting next_dagrun for dag_enriquecimento_dados to None, run_after=None
[2026-07-14T00:10:03.957+0000] {processor.py:183} INFO - Processing /opt/airflow/dags/dag_enriquecimento_dados.py took 0.063 seconds
[2026-07-14T00:10:34.094+0000] {processor.py:161} INFO - Started process (PID=3957) to work on /opt/airflow/dags/dag_enriquecimento_dados.py
[2026-07-14T00:10:34.095+0000] {processor.py:830} INFO - Processing file /opt/airflow/dags/dag_enriquecimento_dados.py for tasks to queue
[2026-07-14T00:10:34.096+0000] {logging_mixin.py:188} INFO - [2026-07-14T00:10:34.095+0000] {dagbag.py:538} INFO - Filling up the DagBag from /opt/airflow/dags/dag_enriquecimento_dados.py
[2026-07-14T00:10:34.103+0000] {processor.py:840} INFO - DAG(s) 'dag_enriquecimento_dados' retrieved from /opt/airflow/dags/dag_enriquecimento_dados.py
[2026-07-14T00:10:34.125+0000] {logging_mixin.py:188} INFO - [2026-07-14T00:10:34.125+0000] {dag.py:3036} INFO - Sync 1 DAGs
[2026-07-14T00:10:34.136+0000] {logging_mixin.py:188} INFO - [2026-07-14T00:10:34.135+0000] {dag.py:3823} INFO - Setting next_dagrun for dag_enriquecimento_dados to None, run_after=None
[2026-07-14T00:10:34.153+0000] {processor.py:183} INFO - Processing /opt/airflow/dags/dag_enriquecimento_dados.py took 0.062 seconds
[2026-07-14T00:11:04.289+0000] {processor.py:161} INFO - Started process (PID=3972) to work on /opt/airflow/dags/dag_enriquecimento_dados.py
[2026-07-14T00:11:04.290+0000] {processor.py:830} INFO - Processing file /opt/airflow/dags/dag_enriquecimento_dados.py for tasks to queue
[2026-07-14T00:11:04.291+0000] {logging_mixin.py:188} INFO - [2026-07-14T00:11:04.290+0000] {dagbag.py:538} INFO - Filling up the DagBag from /opt/airflow/dags/dag_enriquecimento_dados.py
[2026-07-14T00:11:04.298+0000] {processor.py:840} INFO - DAG(s) 'dag_enriquecimento_dados' retrieved from /opt/airflow/dags/dag_enriquecimento_dados.py
[2026-07-14T00:11:04.321+0000] {logging_mixin.py:188} INFO - [2026-07-14T00:11:04.321+0000] {dag.py:3036} INFO - Sync 1 DAGs
[2026-07-14T00:11:04.333+0000] {logging_mixin.py:188} INFO - [2026-07-14T00:11:04.333+0000] {dag.py:3823} INFO - Setting next_dagrun for dag_enriquecimento_dados to None, run_after=None
[2026-07-14T00:11:04.350+0000] {processor.py:183} INFO - Processing /opt/airflow/dags/dag_enriquecimento_dados.py took 0.063 seconds
[2026-07-14T00:11:34.488+0000] {processor.py:161} INFO - Started process (PID=3987) to work on /opt/airflow/dags/dag_enriquecimento_dados.py
[2026-07-14T00:11:34.489+0000] {processor.py:830} INFO - Processing file /opt/airflow/dags/dag_enriquecimento_dados.py for tasks to queue
[2026-07-14T00:11:34.489+0000] {logging_mixin.py:188} INFO - [2026-07-14T00:11:34.489+0000] {dagbag.py:538} INFO - Filling up the DagBag from /opt/airflow/dags/dag_enriquecimento_dados.py
[2026-07-14T00:11:34.497+0000] {processor.py:840} INFO - DAG(s) 'dag_enriquecimento_dados' retrieved from /opt/airflow/dags/dag_enriquecimento_dados.py
[2026-07-14T00:11:34.518+0000] {logging_mixin.py:188} INFO - [2026-07-14T00:11:34.518+0000] {dag.py:3036} INFO - Sync 1 DAGs
[2026-07-14T00:11:34.530+0000] {logging_mixin.py:188} INFO - [2026-07-14T00:11:34.530+0000] {dag.py:3823} INFO - Setting next_dagrun for dag_enriquecimento_dados to None, run_after=None
[2026-07-14T00:11:34.547+0000] {processor.py:183} INFO - Processing /opt/airflow/dags/dag_enriquecimento_dados.py took 0.062 seconds
[2026-07-14T00:12:04.682+0000] {processor.py:161} INFO - Started process (PID=4002) to work on /opt/airflow/dags/dag_enriquecimento_dados.py
[2026-07-14T00:12:04.683+0000] {processor.py:830} INFO - Processing file /opt/airflow/dags/dag_enriquecimento_dados.py for tasks to queue
[2026-07-14T00:12:04.683+0000] {logging_mixin.py:188} INFO - [2026-07-14T00:12:04.683+0000] {dagbag.py:538} INFO - Filling up the DagBag from /opt/airflow/dags/dag_enriquecimento_dados.py
[2026-07-14T00:12:04.691+0000] {processor.py:840} INFO - DAG(s) 'dag_enriquecimento_dados' retrieved from /opt/airflow/dags/dag_enriquecimento_dados.py
[2026-07-14T00:12:04.713+0000] {logging_mixin.py:188} INFO - [2026-07-14T00:12:04.713+0000] {dag.py:3036} INFO - Sync 1 DAGs
[2026-07-14T00:12:04.725+0000] {logging_mixin.py:188} INFO - [2026-07-14T00:12:04.725+0000] {dag.py:3823} INFO - Setting next_dagrun for dag_enriquecimento_dados to None, run_after=None
[2026-07-14T00:12:04.744+0000] {processor.py:183} INFO - Processing /opt/airflow/dags/dag_enriquecimento_dados.py took 0.064 seconds
[2026-07-14T00:12:34.886+0000] {processor.py:161} INFO - Started process (PID=4017) to work on /opt/airflow/dags/dag_enriquecimento_dados.py
[2026-07-14T00:12:34.887+0000] {processor.py:830} INFO - Processing file /opt/airflow/dags/dag_enriquecimento_dados.py for tasks to queue
[2026-07-14T00:12:34.888+0000] {logging_mixin.py:188} INFO - [2026-07-14T00:12:34.887+0000] {dagbag.py:538} INFO - Filling up the DagBag from /opt/airflow/dags/dag_enriquecimento_dados.py
[2026-07-14T00:12:34.896+0000] {processor.py:840} INFO - DAG(s) 'dag_enriquecimento_dados' retrieved from /opt/airflow/dags/dag_enriquecimento_dados.py
[2026-07-14T00:12:34.917+0000] {logging_mixin.py:188} INFO - [2026-07-14T00:12:34.917+0000] {dag.py:3036} INFO - Sync 1 DAGs
[2026-07-14T00:12:34.929+0000] {logging_mixin.py:188} INFO - [2026-07-14T00:12:34.929+0000] {dag.py:3823} INFO - Setting next_dagrun for dag_enriquecimento_dados to None, run_after=None
[2026-07-14T00:12:34.949+0000] {processor.py:183} INFO - Processing /opt/airflow/dags/dag_enriquecimento_dados.py took 0.066 seconds
[2026-07-14T00:13:05.084+0000] {processor.py:161} INFO - Started process (PID=4032) to work on /opt/airflow/dags/dag_enriquecimento_dados.py
[2026-07-14T00:13:05.085+0000] {processor.py:830} INFO - Processing file /opt/airflow/dags/dag_enriquecimento_dados.py for tasks to queue
[2026-07-14T00:13:05.085+0000] {logging_mixin.py:188} INFO - [2026-07-14T00:13:05.085+0000] {dagbag.py:538} INFO - Filling up the DagBag from /opt/airflow/dags/dag_enriquecimento_dados.py
[2026-07-14T00:13:05.093+0000] {processor.py:840} INFO - DAG(s) 'dag_enriquecimento_dados' retrieved from /opt/airflow/dags/dag_enriquecimento_dados.py
[2026-07-14T00:13:05.115+0000] {logging_mixin.py:188} INFO - [2026-07-14T00:13:05.115+0000] {dag.py:3036} INFO - Sync 1 DAGs
[2026-07-14T00:13:05.126+0000] {logging_mixin.py:188} INFO - [2026-07-14T00:13:05.126+0000] {dag.py:3823} INFO - Setting next_dagrun for dag_enriquecimento_dados to None, run_after=None
[2026-07-14T00:13:05.145+0000] {processor.py:183} INFO - Processing /opt/airflow/dags/dag_enriquecimento_dados.py took 0.064 seconds
[2026-07-14T00:13:35.277+0000] {processor.py:161} INFO - Started process (PID=4047) to work on /opt/airflow/dags/dag_enriquecimento_dados.py
[2026-07-14T00:13:35.278+0000] {processor.py:830} INFO - Processing file /opt/airflow/dags/dag_enriquecimento_dados.py for tasks to queue
[2026-07-14T00:13:35.279+0000] {logging_mixin.py:188} INFO - [2026-07-14T00:13:35.278+0000] {dagbag.py:538} INFO - Filling up the DagBag from /opt/airflow/dags/dag_enriquecimento_dados.py
[2026-07-14T00:13:35.287+0000] {processor.py:840} INFO - DAG(s) 'dag_enriquecimento_dados' retrieved from /opt/airflow/dags/dag_enriquecimento_dados.py
[2026-07-14T00:13:35.312+0000] {logging_mixin.py:188} INFO - [2026-07-14T00:13:35.312+0000] {dag.py:3036} INFO - Sync 1 DAGs
[2026-07-14T00:13:35.324+0000] {logging_mixin.py:188} INFO - [2026-07-14T00:13:35.323+0000] {dag.py:3823} INFO - Setting next_dagrun for dag_enriquecimento_dados to None, run_after=None
[2026-07-14T00:13:35.338+0000] {processor.py:183} INFO - Processing /opt/airflow/dags/dag_enriquecimento_dados.py took 0.064 seconds
[2026-07-14T00:14:05.481+0000] {processor.py:161} INFO - Started process (PID=4062) to work on /opt/airflow/dags/dag_enriquecimento_dados.py
[2026-07-14T00:14:05.481+0000] {processor.py:830} INFO - Processing file /opt/airflow/dags/dag_enriquecimento_dados.py for tasks to queue
[2026-07-14T00:14:05.482+0000] {logging_mixin.py:188} INFO - [2026-07-14T00:14:05.482+0000] {dagbag.py:538} INFO - Filling up the DagBag from /opt/airflow/dags/dag_enriquecimento_dados.py
[2026-07-14T00:14:05.494+0000] {processor.py:840} INFO - DAG(s) 'dag_enriquecimento_dados' retrieved from /opt/airflow/dags/dag_enriquecimento_dados.py
[2026-07-14T00:14:05.515+0000] {logging_mixin.py:188} INFO - [2026-07-14T00:14:05.515+0000] {dag.py:3036} INFO - Sync 1 DAGs
[2026-07-14T00:14:05.526+0000] {logging_mixin.py:188} INFO - [2026-07-14T00:14:05.526+0000] {dag.py:3823} INFO - Setting next_dagrun for dag_enriquecimento_dados to None, run_after=None
[2026-07-14T00:14:05.542+0000] {processor.py:183} INFO - Processing /opt/airflow/dags/dag_enriquecimento_dados.py took 0.064 seconds
[2026-07-14T00:14:35.677+0000] {processor.py:161} INFO - Started process (PID=4077) to work on /opt/airflow/dags/dag_enriquecimento_dados.py
[2026-07-14T00:14:35.678+0000] {processor.py:830} INFO - Processing file /opt/airflow/dags/dag_enriquecimento_dados.py for tasks to queue
[2026-07-14T00:14:35.678+0000] {logging_mixin.py:188} INFO - [2026-07-14T00:14:35.678+0000] {dagbag.py:538} INFO - Filling up the DagBag from /opt/airflow/dags/dag_enriquecimento_dados.py
[2026-07-14T00:14:35.689+0000] {processor.py:840} INFO - DAG(s) 'dag_enriquecimento_dados' retrieved from /opt/airflow/dags/dag_enriquecimento_dados.py
[2026-07-14T00:14:35.709+0000] {logging_mixin.py:188} INFO - [2026-07-14T00:14:35.709+0000] {dag.py:3036} INFO - Sync 1 DAGs
[2026-07-14T00:14:35.722+0000] {logging_mixin.py:188} INFO - [2026-07-14T00:14:35.722+0000] {dag.py:3823} INFO - Setting next_dagrun for dag_enriquecimento_dados to None, run_after=None
[2026-07-14T00:14:35.740+0000] {processor.py:183} INFO - Processing /opt/airflow/dags/dag_enriquecimento_dados.py took 0.066 seconds
[2026-07-14T00:15:05.873+0000] {processor.py:161} INFO - Started process (PID=4092) to work on /opt/airflow/dags/dag_enriquecimento_dados.py
[2026-07-14T00:15:05.874+0000] {processor.py:830} INFO - Processing file /opt/airflow/dags/dag_enriquecimento_dados.py for tasks to queue
[2026-07-14T00:15:05.875+0000] {logging_mixin.py:188} INFO - [2026-07-14T00:15:05.874+0000] {dagbag.py:538} INFO - Filling up the DagBag from /opt/airflow/dags/dag_enriquecimento_dados.py
[2026-07-14T00:15:05.886+0000] {processor.py:840} INFO - DAG(s) 'dag_enriquecimento_dados' retrieved from /opt/airflow/dags/dag_enriquecimento_dados.py
[2026-07-14T00:15:05.907+0000] {logging_mixin.py:188} INFO - [2026-07-14T00:15:05.906+0000] {dag.py:3036} INFO - Sync 1 DAGs
[2026-07-14T00:15:05.918+0000] {logging_mixin.py:188} INFO - [2026-07-14T00:15:05.918+0000] {dag.py:3823} INFO - Setting next_dagrun for dag_enriquecimento_dados to None, run_after=None
[2026-07-14T00:15:05.935+0000] {processor.py:183} INFO - Processing /opt/airflow/dags/dag_enriquecimento_dados.py took 0.064 seconds
[2026-07-14T00:15:36.070+0000] {processor.py:161} INFO - Started process (PID=4107) to work on /opt/airflow/dags/dag_enriquecimento_dados.py
[2026-07-14T00:15:36.071+0000] {processor.py:830} INFO - Processing file /opt/airflow/dags/dag_enriquecimento_dados.py for tasks to queue
[2026-07-14T00:15:36.071+0000] {logging_mixin.py:188} INFO - [2026-07-14T00:15:36.071+0000] {dagbag.py:538} INFO - Filling up the DagBag from /opt/airflow/dags/dag_enriquecimento_dados.py
[2026-07-14T00:15:36.082+0000] {processor.py:840} INFO - DAG(s) 'dag_enriquecimento_dados' retrieved from /opt/airflow/dags/dag_enriquecimento_dados.py
[2026-07-14T00:15:36.104+0000] {logging_mixin.py:188} INFO - [2026-07-14T00:15:36.104+0000] {dag.py:3036} INFO - Sync 1 DAGs
[2026-07-14T00:15:36.116+0000] {logging_mixin.py:188} INFO - [2026-07-14T00:15:36.116+0000] {dag.py:3823} INFO - Setting next_dagrun for dag_enriquecimento_dados to None, run_after=None
[2026-07-14T00:15:36.132+0000] {processor.py:183} INFO - Processing /opt/airflow/dags/dag_enriquecimento_dados.py took 0.065 seconds
[2026-07-14T00:16:06.269+0000] {processor.py:161} INFO - Started process (PID=4122) to work on /opt/airflow/dags/dag_enriquecimento_dados.py
[2026-07-14T00:16:06.270+0000] {processor.py:830} INFO - Processing file /opt/airflow/dags/dag_enriquecimento_dados.py for tasks to queue
[2026-07-14T00:16:06.270+0000] {logging_mixin.py:188} INFO - [2026-07-14T00:16:06.270+0000] {dagbag.py:538} INFO - Filling up the DagBag from /opt/airflow/dags/dag_enriquecimento_dados.py
[2026-07-14T00:16:06.278+0000] {processor.py:840} INFO - DAG(s) 'dag_enriquecimento_dados' retrieved from /opt/airflow/dags/dag_enriquecimento_dados.py
[2026-07-14T00:16:06.300+0000] {logging_mixin.py:188} INFO - [2026-07-14T00:16:06.299+0000] {dag.py:3036} INFO - Sync 1 DAGs
[2026-07-14T00:16:06.310+0000] {logging_mixin.py:188} INFO - [2026-07-14T00:16:06.310+0000] {dag.py:3823} INFO - Setting next_dagrun for dag_enriquecimento_dados to None, run_after=None
[2026-07-14T00:16:06.328+0000] {processor.py:183} INFO - Processing /opt/airflow/dags/dag_enriquecimento_dados.py took 0.062 seconds
[2026-07-14T00:16:36.466+0000] {processor.py:161} INFO - Started process (PID=4137) to work on /opt/airflow/dags/dag_enriquecimento_dados.py
[2026-07-14T00:16:36.467+0000] {processor.py:830} INFO - Processing file /opt/airflow/dags/dag_enriquecimento_dados.py for tasks to queue
[2026-07-14T00:16:36.467+0000] {logging_mixin.py:188} INFO - [2026-07-14T00:16:36.467+0000] {dagbag.py:538} INFO - Filling up the DagBag from /opt/airflow/dags/dag_enriquecimento_dados.py
[2026-07-14T00:16:36.476+0000] {processor.py:840} INFO - DAG(s) 'dag_enriquecimento_dados' retrieved from /opt/airflow/dags/dag_enriquecimento_dados.py
[2026-07-14T00:16:36.499+0000] {logging_mixin.py:188} INFO - [2026-07-14T00:16:36.498+0000] {dag.py:3036} INFO - Sync 1 DAGs
[2026-07-14T00:16:36.511+0000] {logging_mixin.py:188} INFO - [2026-07-14T00:16:36.511+0000] {dag.py:3823} INFO - Setting next_dagrun for dag_enriquecimento_dados to None, run_after=None
[2026-07-14T00:16:36.533+0000] {processor.py:183} INFO - Processing /opt/airflow/dags/dag_enriquecimento_dados.py took 0.070 seconds
[2026-07-14T00:17:06.671+0000] {processor.py:161} INFO - Started process (PID=4152) to work on /opt/airflow/dags/dag_enriquecimento_dados.py
[2026-07-14T00:17:06.672+0000] {processor.py:830} INFO - Processing file /opt/airflow/dags/dag_enriquecimento_dados.py for tasks to queue
[2026-07-14T00:17:06.672+0000] {logging_mixin.py:188} INFO - [2026-07-14T00:17:06.672+0000] {dagbag.py:538} INFO - Filling up the DagBag from /opt/airflow/dags/dag_enriquecimento_dados.py
[2026-07-14T00:17:06.680+0000] {processor.py:840} INFO - DAG(s) 'dag_enriquecimento_dados' retrieved from /opt/airflow/dags/dag_enriquecimento_dados.py
[2026-07-14T00:17:06.703+0000] {logging_mixin.py:188} INFO - [2026-07-14T00:17:06.703+0000] {dag.py:3036} INFO - Sync 1 DAGs
[2026-07-14T00:17:06.716+0000] {logging_mixin.py:188} INFO - [2026-07-14T00:17:06.716+0000] {dag.py:3823} INFO - Setting next_dagrun for dag_enriquecimento_dados to None, run_after=None
[2026-07-14T00:17:06.739+0000] {processor.py:183} INFO - Processing /opt/airflow/dags/dag_enriquecimento_dados.py took 0.071 seconds
[2026-07-14T00:17:36.877+0000] {processor.py:161} INFO - Started process (PID=4167) to work on /opt/airflow/dags/dag_enriquecimento_dados.py
[2026-07-14T00:17:36.877+0000] {processor.py:830} INFO - Processing file /opt/airflow/dags/dag_enriquecimento_dados.py for tasks to queue
[2026-07-14T00:17:36.878+0000] {logging_mixin.py:188} INFO - [2026-07-14T00:17:36.878+0000] {dagbag.py:538} INFO - Filling up the DagBag from /opt/airflow/dags/dag_enriquecimento_dados.py
[2026-07-14T00:17:36.886+0000] {processor.py:840} INFO - DAG(s) 'dag_enriquecimento_dados' retrieved from /opt/airflow/dags/dag_enriquecimento_dados.py
[2026-07-14T00:17:36.907+0000] {logging_mixin.py:188} INFO - [2026-07-14T00:17:36.907+0000] {dag.py:3036} INFO - Sync 1 DAGs
[2026-07-14T00:17:36.918+0000] {logging_mixin.py:188} INFO - [2026-07-14T00:17:36.918+0000] {dag.py:3823} INFO - Setting next_dagrun for dag_enriquecimento_dados to None, run_after=None
[2026-07-14T00:17:36.935+0000] {processor.py:183} INFO - Processing /opt/airflow/dags/dag_enriquecimento_dados.py took 0.061 seconds
[2026-07-14T00:18:07.073+0000] {processor.py:161} INFO - Started process (PID=4182) to work on /opt/airflow/dags/dag_enriquecimento_dados.py
[2026-07-14T00:18:07.073+0000] {processor.py:830} INFO - Processing file /opt/airflow/dags/dag_enriquecimento_dados.py for tasks to queue
[2026-07-14T00:18:07.074+0000] {logging_mixin.py:188} INFO - [2026-07-14T00:18:07.074+0000] {dagbag.py:538} INFO - Filling up the DagBag from /opt/airflow/dags/dag_enriquecimento_dados.py
[2026-07-14T00:18:07.082+0000] {processor.py:840} INFO - DAG(s) 'dag_enriquecimento_dados' retrieved from /opt/airflow/dags/dag_enriquecimento_dados.py
[2026-07-14T00:18:07.104+0000] {logging_mixin.py:188} INFO - [2026-07-14T00:18:07.104+0000] {dag.py:3036} INFO - Sync 1 DAGs
[2026-07-14T00:18:07.116+0000] {logging_mixin.py:188} INFO - [2026-07-14T00:18:07.116+0000] {dag.py:3823} INFO - Setting next_dagrun for dag_enriquecimento_dados to None, run_after=None
[2026-07-14T00:18:07.132+0000] {processor.py:183} INFO - Processing /opt/airflow/dags/dag_enriquecimento_dados.py took 0.062 seconds
[2026-07-14T00:18:37.269+0000] {processor.py:161} INFO - Started process (PID=4197) to work on /opt/airflow/dags/dag_enriquecimento_dados.py
[2026-07-14T00:18:37.269+0000] {processor.py:830} INFO - Processing file /opt/airflow/dags/dag_enriquecimento_dados.py for tasks to queue
[2026-07-14T00:18:37.270+0000] {logging_mixin.py:188} INFO - [2026-07-14T00:18:37.270+0000] {dagbag.py:538} INFO - Filling up the DagBag from /opt/airflow/dags/dag_enriquecimento_dados.py
[2026-07-14T00:18:37.278+0000] {processor.py:840} INFO - DAG(s) 'dag_enriquecimento_dados' retrieved from /opt/airflow/dags/dag_enriquecimento_dados.py
[2026-07-14T00:18:37.298+0000] {logging_mixin.py:188} INFO - [2026-07-14T00:18:37.298+0000] {dag.py:3036} INFO - Sync 1 DAGs
[2026-07-14T00:18:37.309+0000] {logging_mixin.py:188} INFO - [2026-07-14T00:18:37.309+0000] {dag.py:3823} INFO - Setting next_dagrun for dag_enriquecimento_dados to None, run_after=None
[2026-07-14T00:18:37.327+0000] {processor.py:183} INFO - Processing /opt/airflow/dags/dag_enriquecimento_dados.py took 0.061 seconds
[2026-07-14T00:19:07.469+0000] {processor.py:161} INFO - Started process (PID=4212) to work on /opt/airflow/dags/dag_enriquecimento_dados.py
[2026-07-14T00:19:07.470+0000] {processor.py:830} INFO - Processing file /opt/airflow/dags/dag_enriquecimento_dados.py for tasks to queue
[2026-07-14T00:19:07.470+0000] {logging_mixin.py:188} INFO - [2026-07-14T00:19:07.470+0000] {dagbag.py:538} INFO - Filling up the DagBag from /opt/airflow/dags/dag_enriquecimento_dados.py
[2026-07-14T00:19:07.478+0000] {processor.py:840} INFO - DAG(s) 'dag_enriquecimento_dados' retrieved from /opt/airflow/dags/dag_enriquecimento_dados.py
[2026-07-14T00:19:07.497+0000] {logging_mixin.py:188} INFO - [2026-07-14T00:19:07.497+0000] {dag.py:3036} INFO - Sync 1 DAGs
[2026-07-14T00:19:07.508+0000] {logging_mixin.py:188} INFO - [2026-07-14T00:19:07.508+0000] {dag.py:3823} INFO - Setting next_dagrun for dag_enriquecimento_dados to None, run_after=None
[2026-07-14T00:19:07.526+0000] {processor.py:183} INFO - Processing /opt/airflow/dags/dag_enriquecimento_dados.py took 0.059 seconds
[2026-07-14T00:19:37.664+0000] {processor.py:161} INFO - Started process (PID=4227) to work on /opt/airflow/dags/dag_enriquecimento_dados.py
[2026-07-14T00:19:37.665+0000] {processor.py:830} INFO - Processing file /opt/airflow/dags/dag_enriquecimento_dados.py for tasks to queue
[2026-07-14T00:19:37.665+0000] {logging_mixin.py:188} INFO - [2026-07-14T00:19:37.665+0000] {dagbag.py:538} INFO - Filling up the DagBag from /opt/airflow/dags/dag_enriquecimento_dados.py
[2026-07-14T00:19:37.673+0000] {processor.py:840} INFO - DAG(s) 'dag_enriquecimento_dados' retrieved from /opt/airflow/dags/dag_enriquecimento_dados.py
[2026-07-14T00:19:37.693+0000] {logging_mixin.py:188} INFO - [2026-07-14T00:19:37.692+0000] {dag.py:3036} INFO - Sync 1 DAGs
[2026-07-14T00:19:37.703+0000] {logging_mixin.py:188} INFO - [2026-07-14T00:19:37.703+0000] {dag.py:3823} INFO - Setting next_dagrun for dag_enriquecimento_dados to None, run_after=None
[2026-07-14T00:19:37.721+0000] {processor.py:183} INFO - Processing /opt/airflow/dags/dag_enriquecimento_dados.py took 0.060 seconds
[2026-07-14T00:20:07.860+0000] {processor.py:161} INFO - Started process (PID=4242) to work on /opt/airflow/dags/dag_enriquecimento_dados.py
[2026-07-14T00:20:07.861+0000] {processor.py:830} INFO - Processing file /opt/airflow/dags/dag_enriquecimento_dados.py for tasks to queue
[2026-07-14T00:20:07.862+0000] {logging_mixin.py:188} INFO - [2026-07-14T00:20:07.861+0000] {dagbag.py:538} INFO - Filling up the DagBag from /opt/airflow/dags/dag_enriquecimento_dados.py
[2026-07-14T00:20:07.870+0000] {processor.py:840} INFO - DAG(s) 'dag_enriquecimento_dados' retrieved from /opt/airflow/dags/dag_enriquecimento_dados.py
[2026-07-14T00:20:07.892+0000] {logging_mixin.py:188} INFO - [2026-07-14T00:20:07.892+0000] {dag.py:3036} INFO - Sync 1 DAGs
[2026-07-14T00:20:07.904+0000] {logging_mixin.py:188} INFO - [2026-07-14T00:20:07.904+0000] {dag.py:3823} INFO - Setting next_dagrun for dag_enriquecimento_dados to None, run_after=None
[2026-07-14T00:20:07.923+0000] {processor.py:183} INFO - Processing /opt/airflow/dags/dag_enriquecimento_dados.py took 0.065 seconds
[2026-07-14T00:20:38.063+0000] {processor.py:161} INFO - Started process (PID=4257) to work on /opt/airflow/dags/dag_enriquecimento_dados.py
[2026-07-14T00:20:38.063+0000] {processor.py:830} INFO - Processing file /opt/airflow/dags/dag_enriquecimento_dados.py for tasks to queue
[2026-07-14T00:20:38.064+0000] {logging_mixin.py:188} INFO - [2026-07-14T00:20:38.064+0000] {dagbag.py:538} INFO - Filling up the DagBag from /opt/airflow/dags/dag_enriquecimento_dados.py
[2026-07-14T00:20:38.072+0000] {processor.py:840} INFO - DAG(s) 'dag_enriquecimento_dados' retrieved from /opt/airflow/dags/dag_enriquecimento_dados.py
[2026-07-14T00:20:38.095+0000] {logging_mixin.py:188} INFO - [2026-07-14T00:20:38.095+0000] {dag.py:3036} INFO - Sync 1 DAGs
[2026-07-14T00:20:38.107+0000] {logging_mixin.py:188} INFO - [2026-07-14T00:20:38.107+0000] {dag.py:3823} INFO - Setting next_dagrun for dag_enriquecimento_dados to None, run_after=None
[2026-07-14T00:20:38.126+0000] {processor.py:183} INFO - Processing /opt/airflow/dags/dag_enriquecimento_dados.py took 0.067 seconds
[2026-07-14T00:21:08.257+0000] {processor.py:161} INFO - Started process (PID=4272) to work on /opt/airflow/dags/dag_enriquecimento_dados.py
[2026-07-14T00:21:08.258+0000] {processor.py:830} INFO - Processing file /opt/airflow/dags/dag_enriquecimento_dados.py for tasks to queue
[2026-07-14T00:21:08.259+0000] {logging_mixin.py:188} INFO - [2026-07-14T00:21:08.259+0000] {dagbag.py:538} INFO - Filling up the DagBag from /opt/airflow/dags/dag_enriquecimento_dados.py
[2026-07-14T00:21:08.267+0000] {processor.py:840} INFO - DAG(s) 'dag_enriquecimento_dados' retrieved from /opt/airflow/dags/dag_enriquecimento_dados.py
[2026-07-14T00:21:08.289+0000] {logging_mixin.py:188} INFO - [2026-07-14T00:21:08.289+0000] {dag.py:3036} INFO - Sync 1 DAGs
[2026-07-14T00:21:08.301+0000] {logging_mixin.py:188} INFO - [2026-07-14T00:21:08.300+0000] {dag.py:3823} INFO - Setting next_dagrun for dag_enriquecimento_dados to None, run_after=None
[2026-07-14T00:21:08.315+0000] {processor.py:183} INFO - Processing /opt/airflow/dags/dag_enriquecimento_dados.py took 0.060 seconds
[2026-07-14T00:21:38.454+0000] {processor.py:161} INFO - Started process (PID=4287) to work on /opt/airflow/dags/dag_enriquecimento_dados.py
[2026-07-14T00:21:38.454+0000] {processor.py:830} INFO - Processing file /opt/airflow/dags/dag_enriquecimento_dados.py for tasks to queue
[2026-07-14T00:21:38.455+0000] {logging_mixin.py:188} INFO - [2026-07-14T00:21:38.455+0000] {dagbag.py:538} INFO - Filling up the DagBag from /opt/airflow/dags/dag_enriquecimento_dados.py
[2026-07-14T00:21:38.465+0000] {processor.py:840} INFO - DAG(s) 'dag_enriquecimento_dados' retrieved from /opt/airflow/dags/dag_enriquecimento_dados.py
[2026-07-14T00:21:38.487+0000] {logging_mixin.py:188} INFO - [2026-07-14T00:21:38.486+0000] {dag.py:3036} INFO - Sync 1 DAGs
[2026-07-14T00:21:38.497+0000] {logging_mixin.py:188} INFO - [2026-07-14T00:21:38.497+0000] {dag.py:3823} INFO - Setting next_dagrun for dag_enriquecimento_dados to None, run_after=None
[2026-07-14T00:21:38.516+0000] {processor.py:183} INFO - Processing /opt/airflow/dags/dag_enriquecimento_dados.py took 0.065 seconds
[2026-07-14T00:22:08.652+0000] {processor.py:161} INFO - Started process (PID=4302) to work on /opt/airflow/dags/dag_enriquecimento_dados.py
[2026-07-14T00:22:08.652+0000] {processor.py:830} INFO - Processing file /opt/airflow/dags/dag_enriquecimento_dados.py for tasks to queue
[2026-07-14T00:22:08.653+0000] {logging_mixin.py:188} INFO - [2026-07-14T00:22:08.653+0000] {dagbag.py:538} INFO - Filling up the DagBag from /opt/airflow/dags/dag_enriquecimento_dados.py
[2026-07-14T00:22:08.660+0000] {processor.py:840} INFO - DAG(s) 'dag_enriquecimento_dados' retrieved from /opt/airflow/dags/dag_enriquecimento_dados.py
[2026-07-14T00:22:08.682+0000] {logging_mixin.py:188} INFO - [2026-07-14T00:22:08.681+0000] {dag.py:3036} INFO - Sync 1 DAGs
[2026-07-14T00:22:08.693+0000] {logging_mixin.py:188} INFO - [2026-07-14T00:22:08.693+0000] {dag.py:3823} INFO - Setting next_dagrun for dag_enriquecimento_dados to None, run_after=None
[2026-07-14T00:22:08.710+0000] {processor.py:183} INFO - Processing /opt/airflow/dags/dag_enriquecimento_dados.py took 0.061 seconds
[2026-07-14T00:22:38.850+0000] {processor.py:161} INFO - Started process (PID=4317) to work on /opt/airflow/dags/dag_enriquecimento_dados.py
[2026-07-14T00:22:38.850+0000] {processor.py:830} INFO - Processing file /opt/airflow/dags/dag_enriquecimento_dados.py for tasks to queue
[2026-07-14T00:22:38.851+0000] {logging_mixin.py:188} INFO - [2026-07-14T00:22:38.851+0000] {dagbag.py:538} INFO - Filling up the DagBag from /opt/airflow/dags/dag_enriquecimento_dados.py
[2026-07-14T00:22:38.858+0000] {processor.py:840} INFO - DAG(s) 'dag_enriquecimento_dados' retrieved from /opt/airflow/dags/dag_enriquecimento_dados.py
[2026-07-14T00:22:38.881+0000] {logging_mixin.py:188} INFO - [2026-07-14T00:22:38.881+0000] {dag.py:3036} INFO - Sync 1 DAGs
[2026-07-14T00:22:38.892+0000] {logging_mixin.py:188} INFO - [2026-07-14T00:22:38.892+0000] {dag.py:3823} INFO - Setting next_dagrun for dag_enriquecimento_dados to None, run_after=None
[2026-07-14T00:22:38.911+0000] {processor.py:183} INFO - Processing /opt/airflow/dags/dag_enriquecimento_dados.py took 0.065 seconds
[2026-07-14T00:23:09.048+0000] {processor.py:161} INFO - Started process (PID=4332) to work on /opt/airflow/dags/dag_enriquecimento_dados.py
[2026-07-14T00:23:09.049+0000] {processor.py:830} INFO - Processing file /opt/airflow/dags/dag_enriquecimento_dados.py for tasks to queue
[2026-07-14T00:23:09.049+0000] {logging_mixin.py:188} INFO - [2026-07-14T00:23:09.049+0000] {dagbag.py:538} INFO - Filling up the DagBag from /opt/airflow/dags/dag_enriquecimento_dados.py
[2026-07-14T00:23:09.057+0000] {processor.py:840} INFO - DAG(s) 'dag_enriquecimento_dados' retrieved from /opt/airflow/dags/dag_enriquecimento_dados.py
[2026-07-14T00:23:09.081+0000] {logging_mixin.py:188} INFO - [2026-07-14T00:23:09.080+0000] {dag.py:3036} INFO - Sync 1 DAGs
[2026-07-14T00:23:09.098+0000] {logging_mixin.py:188} INFO - [2026-07-14T00:23:09.097+0000] {dag.py:3823} INFO - Setting next_dagrun for dag_enriquecimento_dados to None, run_after=None
[2026-07-14T00:23:09.119+0000] {processor.py:183} INFO - Processing /opt/airflow/dags/dag_enriquecimento_dados.py took 0.074 seconds
[2026-07-14T00:23:39.259+0000] {processor.py:161} INFO - Started process (PID=4347) to work on /opt/airflow/dags/dag_enriquecimento_dados.py
[2026-07-14T00:23:39.259+0000] {processor.py:830} INFO - Processing file /opt/airflow/dags/dag_enriquecimento_dados.py for tasks to queue
[2026-07-14T00:23:39.260+0000] {logging_mixin.py:188} INFO - [2026-07-14T00:23:39.260+0000] {dagbag.py:538} INFO - Filling up the DagBag from /opt/airflow/dags/dag_enriquecimento_dados.py
[2026-07-14T00:23:39.268+0000] {processor.py:840} INFO - DAG(s) 'dag_enriquecimento_dados' retrieved from /opt/airflow/dags/dag_enriquecimento_dados.py
[2026-07-14T00:23:39.290+0000] {logging_mixin.py:188} INFO - [2026-07-14T00:23:39.290+0000] {dag.py:3036} INFO - Sync 1 DAGs
[2026-07-14T00:23:39.302+0000] {logging_mixin.py:188} INFO - [2026-07-14T00:23:39.302+0000] {dag.py:3823} INFO - Setting next_dagrun for dag_enriquecimento_dados to None, run_after=None
[2026-07-14T00:23:39.323+0000] {processor.py:183} INFO - Processing /opt/airflow/dags/dag_enriquecimento_dados.py took 0.067 seconds
[2026-07-14T00:24:09.460+0000] {processor.py:161} INFO - Started process (PID=4362) to work on /opt/airflow/dags/dag_enriquecimento_dados.py
[2026-07-14T00:24:09.461+0000] {processor.py:830} INFO - Processing file /opt/airflow/dags/dag_enriquecimento_dados.py for tasks to queue
[2026-07-14T00:24:09.461+0000] {logging_mixin.py:188} INFO - [2026-07-14T00:24:09.461+0000] {dagbag.py:538} INFO - Filling up the DagBag from /opt/airflow/dags/dag_enriquecimento_dados.py
[2026-07-14T00:24:09.469+0000] {processor.py:840} INFO - DAG(s) 'dag_enriquecimento_dados' retrieved from /opt/airflow/dags/dag_enriquecimento_dados.py
[2026-07-14T00:24:09.492+0000] {logging_mixin.py:188} INFO - [2026-07-14T00:24:09.492+0000] {dag.py:3036} INFO - Sync 1 DAGs
[2026-07-14T00:24:09.505+0000] {logging_mixin.py:188} INFO - [2026-07-14T00:24:09.505+0000] {dag.py:3823} INFO - Setting next_dagrun for dag_enriquecimento_dados to None, run_after=None
[2026-07-14T00:24:09.527+0000] {processor.py:183} INFO - Processing /opt/airflow/dags/dag_enriquecimento_dados.py took 0.070 seconds
[2026-07-14T00:24:39.665+0000] {processor.py:161} INFO - Started process (PID=4377) to work on /opt/airflow/dags/dag_enriquecimento_dados.py
[2026-07-14T00:24:39.666+0000] {processor.py:830} INFO - Processing file /opt/airflow/dags/dag_enriquecimento_dados.py for tasks to queue
[2026-07-14T00:24:39.667+0000] {logging_mixin.py:188} INFO - [2026-07-14T00:24:39.667+0000] {dagbag.py:538} INFO - Filling up the DagBag from /opt/airflow/dags/dag_enriquecimento_dados.py
[2026-07-14T00:24:39.675+0000] {processor.py:840} INFO - DAG(s) 'dag_enriquecimento_dados' retrieved from /opt/airflow/dags/dag_enriquecimento_dados.py
[2026-07-14T00:24:39.696+0000] {logging_mixin.py:188} INFO - [2026-07-14T00:24:39.696+0000] {dag.py:3036} INFO - Sync 1 DAGs
[2026-07-14T00:24:39.709+0000] {logging_mixin.py:188} INFO - [2026-07-14T00:24:39.708+0000] {dag.py:3823} INFO - Setting next_dagrun for dag_enriquecimento_dados to None, run_after=None
[2026-07-14T00:24:39.729+0000] {processor.py:183} INFO - Processing /opt/airflow/dags/dag_enriquecimento_dados.py took 0.066 seconds
[2026-07-14T00:25:09.864+0000] {processor.py:161} INFO - Started process (PID=4392) to work on /opt/airflow/dags/dag_enriquecimento_dados.py
[2026-07-14T00:25:09.865+0000] {processor.py:830} INFO - Processing file /opt/airflow/dags/dag_enriquecimento_dados.py for tasks to queue
[2026-07-14T00:25:09.866+0000] {logging_mixin.py:188} INFO - [2026-07-14T00:25:09.866+0000] {dagbag.py:538} INFO - Filling up the DagBag from /opt/airflow/dags/dag_enriquecimento_dados.py
[2026-07-14T00:25:09.874+0000] {processor.py:840} INFO - DAG(s) 'dag_enriquecimento_dados' retrieved from /opt/airflow/dags/dag_enriquecimento_dados.py
[2026-07-14T00:25:09.894+0000] {logging_mixin.py:188} INFO - [2026-07-14T00:25:09.894+0000] {dag.py:3036} INFO - Sync 1 DAGs
[2026-07-14T00:25:09.905+0000] {logging_mixin.py:188} INFO - [2026-07-14T00:25:09.904+0000] {dag.py:3823} INFO - Setting next_dagrun for dag_enriquecimento_dados to None, run_after=None
[2026-07-14T00:25:09.921+0000] {processor.py:183} INFO - Processing /opt/airflow/dags/dag_enriquecimento_dados.py took 0.059 seconds
[2026-07-14T00:25:40.055+0000] {processor.py:161} INFO - Started process (PID=4407) to work on /opt/airflow/dags/dag_enriquecimento_dados.py
[2026-07-14T00:25:40.055+0000] {processor.py:830} INFO - Processing file /opt/airflow/dags/dag_enriquecimento_dados.py for tasks to queue
[2026-07-14T00:25:40.056+0000] {logging_mixin.py:188} INFO - [2026-07-14T00:25:40.056+0000] {dagbag.py:538} INFO - Filling up the DagBag from /opt/airflow/dags/dag_enriquecimento_dados.py
[2026-07-14T00:25:40.064+0000] {processor.py:840} INFO - DAG(s) 'dag_enriquecimento_dados' retrieved from /opt/airflow/dags/dag_enriquecimento_dados.py
[2026-07-14T00:25:40.085+0000] {logging_mixin.py:188} INFO - [2026-07-14T00:25:40.085+0000] {dag.py:3036} INFO - Sync 1 DAGs
[2026-07-14T00:25:40.096+0000] {logging_mixin.py:188} INFO - [2026-07-14T00:25:40.096+0000] {dag.py:3823} INFO - Setting next_dagrun for dag_enriquecimento_dados to None, run_after=None
[2026-07-14T00:25:40.115+0000] {processor.py:183} INFO - Processing /opt/airflow/dags/dag_enriquecimento_dados.py took 0.062 seconds
[2026-07-14T00:26:10.253+0000] {processor.py:161} INFO - Started process (PID=4422) to work on /opt/airflow/dags/dag_enriquecimento_dados.py
[2026-07-14T00:26:10.254+0000] {processor.py:830} INFO - Processing file /opt/airflow/dags/dag_enriquecimento_dados.py for tasks to queue
[2026-07-14T00:26:10.255+0000] {logging_mixin.py:188} INFO - [2026-07-14T00:26:10.255+0000] {dagbag.py:538} INFO - Filling up the DagBag from /opt/airflow/dags/dag_enriquecimento_dados.py
[2026-07-14T00:26:10.263+0000] {processor.py:840} INFO - DAG(s) 'dag_enriquecimento_dados' retrieved from /opt/airflow/dags/dag_enriquecimento_dados.py
[2026-07-14T00:26:10.286+0000] {logging_mixin.py:188} INFO - [2026-07-14T00:26:10.286+0000] {dag.py:3036} INFO - Sync 1 DAGs
[2026-07-14T00:26:10.298+0000] {logging_mixin.py:188} INFO - [2026-07-14T00:26:10.298+0000] {dag.py:3823} INFO - Setting next_dagrun for dag_enriquecimento_dados to None, run_after=None
[2026-07-14T00:26:10.318+0000] {processor.py:183} INFO - Processing /opt/airflow/dags/dag_enriquecimento_dados.py took 0.067 seconds
[2026-07-14T00:26:40.455+0000] {processor.py:161} INFO - Started process (PID=4437) to work on /opt/airflow/dags/dag_enriquecimento_dados.py
[2026-07-14T00:26:40.456+0000] {processor.py:830} INFO - Processing file /opt/airflow/dags/dag_enriquecimento_dados.py for tasks to queue
[2026-07-14T00:26:40.456+0000] {logging_mixin.py:188} INFO - [2026-07-14T00:26:40.456+0000] {dagbag.py:538} INFO - Filling up the DagBag from /opt/airflow/dags/dag_enriquecimento_dados.py
[2026-07-14T00:26:40.464+0000] {processor.py:840} INFO - DAG(s) 'dag_enriquecimento_dados' retrieved from /opt/airflow/dags/dag_enriquecimento_dados.py
[2026-07-14T00:26:40.485+0000] {logging_mixin.py:188} INFO - [2026-07-14T00:26:40.485+0000] {dag.py:3036} INFO - Sync 1 DAGs
[2026-07-14T00:26:40.496+0000] {logging_mixin.py:188} INFO - [2026-07-14T00:26:40.496+0000] {dag.py:3823} INFO - Setting next_dagrun for dag_enriquecimento_dados to None, run_after=None
[2026-07-14T00:26:40.514+0000] {processor.py:183} INFO - Processing /opt/airflow/dags/dag_enriquecimento_dados.py took 0.062 seconds
[2026-07-14T00:27:10.653+0000] {processor.py:161} INFO - Started process (PID=4452) to work on /opt/airflow/dags/dag_enriquecimento_dados.py
[2026-07-14T00:27:10.654+0000] {processor.py:830} INFO - Processing file /opt/airflow/dags/dag_enriquecimento_dados.py for tasks to queue
[2026-07-14T00:27:10.654+0000] {logging_mixin.py:188} INFO - [2026-07-14T00:27:10.654+0000] {dagbag.py:538} INFO - Filling up the DagBag from /opt/airflow/dags/dag_enriquecimento_dados.py
[2026-07-14T00:27:10.662+0000] {processor.py:840} INFO - DAG(s) 'dag_enriquecimento_dados' retrieved from /opt/airflow/dags/dag_enriquecimento_dados.py
[2026-07-14T00:27:10.685+0000] {logging_mixin.py:188} INFO - [2026-07-14T00:27:10.685+0000] {dag.py:3036} INFO - Sync 1 DAGs
[2026-07-14T00:27:10.698+0000] {logging_mixin.py:188} INFO - [2026-07-14T00:27:10.697+0000] {dag.py:3823} INFO - Setting next_dagrun for dag_enriquecimento_dados to None, run_after=None
[2026-07-14T00:27:10.717+0000] {processor.py:183} INFO - Processing /opt/airflow/dags/dag_enriquecimento_dados.py took 0.067 seconds
[2026-07-14T00:27:40.855+0000] {processor.py:161} INFO - Started process (PID=4467) to work on /opt/airflow/dags/dag_enriquecimento_dados.py
[2026-07-14T00:27:40.856+0000] {processor.py:830} INFO - Processing file /opt/airflow/dags/dag_enriquecimento_dados.py for tasks to queue
[2026-07-14T00:27:40.857+0000] {logging_mixin.py:188} INFO - [2026-07-14T00:27:40.856+0000] {dagbag.py:538} INFO - Filling up the DagBag from /opt/airflow/dags/dag_enriquecimento_dados.py
[2026-07-14T00:27:40.865+0000] {processor.py:840} INFO - DAG(s) 'dag_enriquecimento_dados' retrieved from /opt/airflow/dags/dag_enriquecimento_dados.py
[2026-07-14T00:27:40.887+0000] {logging_mixin.py:188} INFO - [2026-07-14T00:27:40.887+0000] {dag.py:3036} INFO - Sync 1 DAGs
[2026-07-14T00:27:40.899+0000] {logging_mixin.py:188} INFO - [2026-07-14T00:27:40.899+0000] {dag.py:3823} INFO - Setting next_dagrun for dag_enriquecimento_dados to None, run_after=None
[2026-07-14T00:27:40.918+0000] {processor.py:183} INFO - Processing /opt/airflow/dags/dag_enriquecimento_dados.py took 0.066 seconds
[2026-07-14T00:28:11.053+0000] {processor.py:161} INFO - Started process (PID=4482) to work on /opt/airflow/dags/dag_enriquecimento_dados.py
[2026-07-14T00:28:11.054+0000] {processor.py:830} INFO - Processing file /opt/airflow/dags/dag_enriquecimento_dados.py for tasks to queue
[2026-07-14T00:28:11.055+0000] {logging_mixin.py:188} INFO - [2026-07-14T00:28:11.054+0000] {dagbag.py:538} INFO - Filling up the DagBag from /opt/airflow/dags/dag_enriquecimento_dados.py
[2026-07-14T00:28:11.062+0000] {processor.py:840} INFO - DAG(s) 'dag_enriquecimento_dados' retrieved from /opt/airflow/dags/dag_enriquecimento_dados.py
[2026-07-14T00:28:11.085+0000] {logging_mixin.py:188} INFO - [2026-07-14T00:28:11.085+0000] {dag.py:3036} INFO - Sync 1 DAGs
[2026-07-14T00:28:11.097+0000] {logging_mixin.py:188} INFO - [2026-07-14T00:28:11.097+0000] {dag.py:3823} INFO - Setting next_dagrun for dag_enriquecimento_dados to None, run_after=None
[2026-07-14T00:28:11.115+0000] {processor.py:183} INFO - Processing /opt/airflow/dags/dag_enriquecimento_dados.py took 0.064 seconds
[2026-07-14T00:28:41.250+0000] {processor.py:161} INFO - Started process (PID=4497) to work on /opt/airflow/dags/dag_enriquecimento_dados.py
[2026-07-14T00:28:41.250+0000] {processor.py:830} INFO - Processing file /opt/airflow/dags/dag_enriquecimento_dados.py for tasks to queue
[2026-07-14T00:28:41.251+0000] {logging_mixin.py:188} INFO - [2026-07-14T00:28:41.251+0000] {dagbag.py:538} INFO - Filling up the DagBag from /opt/airflow/dags/dag_enriquecimento_dados.py
[2026-07-14T00:28:41.258+0000] {processor.py:840} INFO - DAG(s) 'dag_enriquecimento_dados' retrieved from /opt/airflow/dags/dag_enriquecimento_dados.py
[2026-07-14T00:28:41.279+0000] {logging_mixin.py:188} INFO - [2026-07-14T00:28:41.279+0000] {dag.py:3036} INFO - Sync 1 DAGs
[2026-07-14T00:28:41.290+0000] {logging_mixin.py:188} INFO - [2026-07-14T00:28:41.290+0000] {dag.py:3823} INFO - Setting next_dagrun for dag_enriquecimento_dados to None, run_after=None
[2026-07-14T00:28:41.308+0000] {processor.py:183} INFO - Processing /opt/airflow/dags/dag_enriquecimento_dados.py took 0.061 seconds
[2026-07-14T00:29:11.450+0000] {processor.py:161} INFO - Started process (PID=4512) to work on /opt/airflow/dags/dag_enriquecimento_dados.py
[2026-07-14T00:29:11.451+0000] {processor.py:830} INFO - Processing file /opt/airflow/dags/dag_enriquecimento_dados.py for tasks to queue
[2026-07-14T00:29:11.451+0000] {logging_mixin.py:188} INFO - [2026-07-14T00:29:11.451+0000] {dagbag.py:538} INFO - Filling up the DagBag from /opt/airflow/dags/dag_enriquecimento_dados.py
[2026-07-14T00:29:11.460+0000] {processor.py:840} INFO - DAG(s) 'dag_enriquecimento_dados' retrieved from /opt/airflow/dags/dag_enriquecimento_dados.py
[2026-07-14T00:29:11.484+0000] {logging_mixin.py:188} INFO - [2026-07-14T00:29:11.483+0000] {dag.py:3036} INFO - Sync 1 DAGs
[2026-07-14T00:29:11.495+0000] {logging_mixin.py:188} INFO - [2026-07-14T00:29:11.495+0000] {dag.py:3823} INFO - Setting next_dagrun for dag_enriquecimento_dados to None, run_after=None
[2026-07-14T00:29:11.514+0000] {processor.py:183} INFO - Processing /opt/airflow/dags/dag_enriquecimento_dados.py took 0.066 seconds
[2026-07-14T00:29:41.651+0000] {processor.py:161} INFO - Started process (PID=4527) to work on /opt/airflow/dags/dag_enriquecimento_dados.py
[2026-07-14T00:29:41.652+0000] {processor.py:830} INFO - Processing file /opt/airflow/dags/dag_enriquecimento_dados.py for tasks to queue
[2026-07-14T00:29:41.652+0000] {logging_mixin.py:188} INFO - [2026-07-14T00:29:41.652+0000] {dagbag.py:538} INFO - Filling up the DagBag from /opt/airflow/dags/dag_enriquecimento_dados.py
[2026-07-14T00:29:41.660+0000] {processor.py:840} INFO - DAG(s) 'dag_enriquecimento_dados' retrieved from /opt/airflow/dags/dag_enriquecimento_dados.py
[2026-07-14T00:29:41.680+0000] {logging_mixin.py:188} INFO - [2026-07-14T00:29:41.680+0000] {dag.py:3036} INFO - Sync 1 DAGs
[2026-07-14T00:29:41.691+0000] {logging_mixin.py:188} INFO - [2026-07-14T00:29:41.691+0000] {dag.py:3823} INFO - Setting next_dagrun for dag_enriquecimento_dados to None, run_after=None
[2026-07-14T00:29:41.710+0000] {processor.py:183} INFO - Processing /opt/airflow/dags/dag_enriquecimento_dados.py took 0.062 seconds
[2026-07-14T00:30:11.845+0000] {processor.py:161} INFO - Started process (PID=4542) to work on /opt/airflow/dags/dag_enriquecimento_dados.py
[2026-07-14T00:30:11.846+0000] {processor.py:830} INFO - Processing file /opt/airflow/dags/dag_enriquecimento_dados.py for tasks to queue
[2026-07-14T00:30:11.847+0000] {logging_mixin.py:188} INFO - [2026-07-14T00:30:11.847+0000] {dagbag.py:538} INFO - Filling up the DagBag from /opt/airflow/dags/dag_enriquecimento_dados.py
[2026-07-14T00:30:11.857+0000] {processor.py:840} INFO - DAG(s) 'dag_enriquecimento_dados' retrieved from /opt/airflow/dags/dag_enriquecimento_dados.py
[2026-07-14T00:30:11.880+0000] {logging_mixin.py:188} INFO - [2026-07-14T00:30:11.880+0000] {dag.py:3036} INFO - Sync 1 DAGs
[2026-07-14T00:30:11.892+0000] {logging_mixin.py:188} INFO - [2026-07-14T00:30:11.892+0000] {dag.py:3823} INFO - Setting next_dagrun for dag_enriquecimento_dados to None, run_after=None
[2026-07-14T00:30:11.910+0000] {processor.py:183} INFO - Processing /opt/airflow/dags/dag_enriquecimento_dados.py took 0.067 seconds
[2026-07-14T00:30:42.045+0000] {processor.py:161} INFO - Started process (PID=4557) to work on /opt/airflow/dags/dag_enriquecimento_dados.py
[2026-07-14T00:30:42.046+0000] {processor.py:830} INFO - Processing file /opt/airflow/dags/dag_enriquecimento_dados.py for tasks to queue
[2026-07-14T00:30:42.046+0000] {logging_mixin.py:188} INFO - [2026-07-14T00:30:42.046+0000] {dagbag.py:538} INFO - Filling up the DagBag from /opt/airflow/dags/dag_enriquecimento_dados.py
[2026-07-14T00:30:42.053+0000] {processor.py:840} INFO - DAG(s) 'dag_enriquecimento_dados' retrieved from /opt/airflow/dags/dag_enriquecimento_dados.py
[2026-07-14T00:30:42.073+0000] {logging_mixin.py:188} INFO - [2026-07-14T00:30:42.073+0000] {dag.py:3036} INFO - Sync 1 DAGs
[2026-07-14T00:30:42.084+0000] {logging_mixin.py:188} INFO - [2026-07-14T00:30:42.083+0000] {dag.py:3823} INFO - Setting next_dagrun for dag_enriquecimento_dados to None, run_after=None
[2026-07-14T00:30:42.121+0000] {processor.py:183} INFO - Processing /opt/airflow/dags/dag_enriquecimento_dados.py took 0.078 seconds
[2026-07-14T00:31:12.258+0000] {processor.py:161} INFO - Started process (PID=4572) to work on /opt/airflow/dags/dag_enriquecimento_dados.py
[2026-07-14T00:31:12.259+0000] {processor.py:830} INFO - Processing file /opt/airflow/dags/dag_enriquecimento_dados.py for tasks to queue
[2026-07-14T00:31:12.260+0000] {logging_mixin.py:188} INFO - [2026-07-14T00:31:12.260+0000] {dagbag.py:538} INFO - Filling up the DagBag from /opt/airflow/dags/dag_enriquecimento_dados.py
[2026-07-14T00:31:12.268+0000] {processor.py:840} INFO - DAG(s) 'dag_enriquecimento_dados' retrieved from /opt/airflow/dags/dag_enriquecimento_dados.py
[2026-07-14T00:31:12.293+0000] {logging_mixin.py:188} INFO - [2026-07-14T00:31:12.292+0000] {dag.py:3036} INFO - Sync 1 DAGs
[2026-07-14T00:31:12.306+0000] {logging_mixin.py:188} INFO - [2026-07-14T00:31:12.306+0000] {dag.py:3823} INFO - Setting next_dagrun for dag_enriquecimento_dados to None, run_after=None
[2026-07-14T00:31:12.345+0000] {processor.py:183} INFO - Processing /opt/airflow/dags/dag_enriquecimento_dados.py took 0.090 seconds
[2026-07-14T00:31:42.479+0000] {processor.py:161} INFO - Started process (PID=4587) to work on /opt/airflow/dags/dag_enriquecimento_dados.py
[2026-07-14T00:31:42.480+0000] {processor.py:830} INFO - Processing file /opt/airflow/dags/dag_enriquecimento_dados.py for tasks to queue
[2026-07-14T00:31:42.480+0000] {logging_mixin.py:188} INFO - [2026-07-14T00:31:42.480+0000] {dagbag.py:538} INFO - Filling up the DagBag from /opt/airflow/dags/dag_enriquecimento_dados.py
[2026-07-14T00:31:42.488+0000] {processor.py:840} INFO - DAG(s) 'dag_enriquecimento_dados' retrieved from /opt/airflow/dags/dag_enriquecimento_dados.py
[2026-07-14T00:31:42.508+0000] {logging_mixin.py:188} INFO - [2026-07-14T00:31:42.508+0000] {dag.py:3036} INFO - Sync 1 DAGs
[2026-07-14T00:31:42.520+0000] {logging_mixin.py:188} INFO - [2026-07-14T00:31:42.520+0000] {dag.py:3823} INFO - Setting next_dagrun for dag_enriquecimento_dados to None, run_after=None
[2026-07-14T00:31:42.560+0000] {processor.py:183} INFO - Processing /opt/airflow/dags/dag_enriquecimento_dados.py took 0.083 seconds
[2026-07-14T00:32:12.697+0000] {processor.py:161} INFO - Started process (PID=4602) to work on /opt/airflow/dags/dag_enriquecimento_dados.py
[2026-07-14T00:32:12.698+0000] {processor.py:830} INFO - Processing file /opt/airflow/dags/dag_enriquecimento_dados.py for tasks to queue
[2026-07-14T00:32:12.699+0000] {logging_mixin.py:188} INFO - [2026-07-14T00:32:12.698+0000] {dagbag.py:538} INFO - Filling up the DagBag from /opt/airflow/dags/dag_enriquecimento_dados.py
[2026-07-14T00:32:12.707+0000] {processor.py:840} INFO - DAG(s) 'dag_enriquecimento_dados' retrieved from /opt/airflow/dags/dag_enriquecimento_dados.py
[2026-07-14T00:32:12.730+0000] {logging_mixin.py:188} INFO - [2026-07-14T00:32:12.729+0000] {dag.py:3036} INFO - Sync 1 DAGs
[2026-07-14T00:32:12.743+0000] {logging_mixin.py:188} INFO - [2026-07-14T00:32:12.742+0000] {dag.py:3823} INFO - Setting next_dagrun for dag_enriquecimento_dados to None, run_after=None
[2026-07-14T00:32:12.785+0000] {processor.py:183} INFO - Processing /opt/airflow/dags/dag_enriquecimento_dados.py took 0.091 seconds
[2026-07-14T00:32:42.924+0000] {processor.py:161} INFO - Started process (PID=4617) to work on /opt/airflow/dags/dag_enriquecimento_dados.py
[2026-07-14T00:32:42.925+0000] {processor.py:830} INFO - Processing file /opt/airflow/dags/dag_enriquecimento_dados.py for tasks to queue
[2026-07-14T00:32:42.926+0000] {logging_mixin.py:188} INFO - [2026-07-14T00:32:42.925+0000] {dagbag.py:538} INFO - Filling up the DagBag from /opt/airflow/dags/dag_enriquecimento_dados.py
[2026-07-14T00:32:42.933+0000] {processor.py:840} INFO - DAG(s) 'dag_enriquecimento_dados' retrieved from /opt/airflow/dags/dag_enriquecimento_dados.py
[2026-07-14T00:32:42.954+0000] {logging_mixin.py:188} INFO - [2026-07-14T00:32:42.954+0000] {dag.py:3036} INFO - Sync 1 DAGs
[2026-07-14T00:32:42.966+0000] {logging_mixin.py:188} INFO - [2026-07-14T00:32:42.965+0000] {dag.py:3823} INFO - Setting next_dagrun for dag_enriquecimento_dados to None, run_after=None
[2026-07-14T00:32:43.005+0000] {processor.py:183} INFO - Processing /opt/airflow/dags/dag_enriquecimento_dados.py took 0.084 seconds
[2026-07-14T00:33:13.143+0000] {processor.py:161} INFO - Started process (PID=4632) to work on /opt/airflow/dags/dag_enriquecimento_dados.py
[2026-07-14T00:33:13.144+0000] {processor.py:830} INFO - Processing file /opt/airflow/dags/dag_enriquecimento_dados.py for tasks to queue
[2026-07-14T00:33:13.145+0000] {logging_mixin.py:188} INFO - [2026-07-14T00:33:13.144+0000] {dagbag.py:538} INFO - Filling up the DagBag from /opt/airflow/dags/dag_enriquecimento_dados.py
[2026-07-14T00:33:13.153+0000] {processor.py:840} INFO - DAG(s) 'dag_enriquecimento_dados' retrieved from /opt/airflow/dags/dag_enriquecimento_dados.py
[2026-07-14T00:33:13.175+0000] {logging_mixin.py:188} INFO - [2026-07-14T00:33:13.175+0000] {dag.py:3036} INFO - Sync 1 DAGs
[2026-07-14T00:33:13.187+0000] {logging_mixin.py:188} INFO - [2026-07-14T00:33:13.187+0000] {dag.py:3823} INFO - Setting next_dagrun for dag_enriquecimento_dados to None, run_after=None
[2026-07-14T00:33:13.204+0000] {processor.py:183} INFO - Processing /opt/airflow/dags/dag_enriquecimento_dados.py took 0.063 seconds
[2026-07-14T00:33:43.351+0000] {processor.py:161} INFO - Started process (PID=4647) to work on /opt/airflow/dags/dag_enriquecimento_dados.py
[2026-07-14T00:33:43.351+0000] {processor.py:830} INFO - Processing file /opt/airflow/dags/dag_enriquecimento_dados.py for tasks to queue
[2026-07-14T00:33:43.352+0000] {logging_mixin.py:188} INFO - [2026-07-14T00:33:43.352+0000] {dagbag.py:538} INFO - Filling up the DagBag from /opt/airflow/dags/dag_enriquecimento_dados.py
[2026-07-14T00:33:43.359+0000] {processor.py:840} INFO - DAG(s) 'dag_enriquecimento_dados' retrieved from /opt/airflow/dags/dag_enriquecimento_dados.py
[2026-07-14T00:33:43.380+0000] {logging_mixin.py:188} INFO - [2026-07-14T00:33:43.380+0000] {dag.py:3036} INFO - Sync 1 DAGs
[2026-07-14T00:33:43.391+0000] {logging_mixin.py:188} INFO - [2026-07-14T00:33:43.391+0000] {dag.py:3823} INFO - Setting next_dagrun for dag_enriquecimento_dados to None, run_after=None
[2026-07-14T00:33:43.431+0000] {processor.py:183} INFO - Processing /opt/airflow/dags/dag_enriquecimento_dados.py took 0.083 seconds
[2026-07-14T00:34:13.574+0000] {processor.py:161} INFO - Started process (PID=4662) to work on /opt/airflow/dags/dag_enriquecimento_dados.py
[2026-07-14T00:34:13.574+0000] {processor.py:830} INFO - Processing file /opt/airflow/dags/dag_enriquecimento_dados.py for tasks to queue
[2026-07-14T00:34:13.575+0000] {logging_mixin.py:188} INFO - [2026-07-14T00:34:13.575+0000] {dagbag.py:538} INFO - Filling up the DagBag from /opt/airflow/dags/dag_enriquecimento_dados.py
[2026-07-14T00:34:13.583+0000] {processor.py:840} INFO - DAG(s) 'dag_enriquecimento_dados' retrieved from /opt/airflow/dags/dag_enriquecimento_dados.py
[2026-07-14T00:34:13.604+0000] {logging_mixin.py:188} INFO - [2026-07-14T00:34:13.604+0000] {dag.py:3036} INFO - Sync 1 DAGs
[2026-07-14T00:34:13.616+0000] {logging_mixin.py:188} INFO - [2026-07-14T00:34:13.615+0000] {dag.py:3823} INFO - Setting next_dagrun for dag_enriquecimento_dados to None, run_after=None
[2026-07-14T00:34:13.655+0000] {processor.py:183} INFO - Processing /opt/airflow/dags/dag_enriquecimento_dados.py took 0.084 seconds
[2026-07-14T00:34:43.801+0000] {processor.py:161} INFO - Started process (PID=4677) to work on /opt/airflow/dags/dag_enriquecimento_dados.py
[2026-07-14T00:34:43.802+0000] {processor.py:830} INFO - Processing file /opt/airflow/dags/dag_enriquecimento_dados.py for tasks to queue
[2026-07-14T00:34:43.802+0000] {logging_mixin.py:188} INFO - [2026-07-14T00:34:43.802+0000] {dagbag.py:538} INFO - Filling up the DagBag from /opt/airflow/dags/dag_enriquecimento_dados.py
[2026-07-14T00:34:43.813+0000] {processor.py:840} INFO - DAG(s) 'dag_enriquecimento_dados' retrieved from /opt/airflow/dags/dag_enriquecimento_dados.py
[2026-07-14T00:34:43.836+0000] {logging_mixin.py:188} INFO - [2026-07-14T00:34:43.836+0000] {dag.py:3036} INFO - Sync 1 DAGs
[2026-07-14T00:34:43.849+0000] {logging_mixin.py:188} INFO - [2026-07-14T00:34:43.849+0000] {dag.py:3823} INFO - Setting next_dagrun for dag_enriquecimento_dados to None, run_after=None
[2026-07-14T00:34:43.890+0000] {processor.py:183} INFO - Processing /opt/airflow/dags/dag_enriquecimento_dados.py took 0.093 seconds
[2026-07-14T00:35:14.026+0000] {processor.py:161} INFO - Started process (PID=4692) to work on /opt/airflow/dags/dag_enriquecimento_dados.py
[2026-07-14T00:35:14.026+0000] {processor.py:830} INFO - Processing file /opt/airflow/dags/dag_enriquecimento_dados.py for tasks to queue
[2026-07-14T00:35:14.027+0000] {logging_mixin.py:188} INFO - [2026-07-14T00:35:14.027+0000] {dagbag.py:538} INFO - Filling up the DagBag from /opt/airflow/dags/dag_enriquecimento_dados.py
[2026-07-14T00:35:14.034+0000] {processor.py:840} INFO - DAG(s) 'dag_enriquecimento_dados' retrieved from /opt/airflow/dags/dag_enriquecimento_dados.py
[2026-07-14T00:35:14.054+0000] {logging_mixin.py:188} INFO - [2026-07-14T00:35:14.054+0000] {dag.py:3036} INFO - Sync 1 DAGs
[2026-07-14T00:35:14.066+0000] {logging_mixin.py:188} INFO - [2026-07-14T00:35:14.066+0000] {dag.py:3823} INFO - Setting next_dagrun for dag_enriquecimento_dados to None, run_after=None
[2026-07-14T00:35:14.106+0000] {processor.py:183} INFO - Processing /opt/airflow/dags/dag_enriquecimento_dados.py took 0.083 seconds
[2026-07-14T00:35:44.242+0000] {processor.py:161} INFO - Started process (PID=4707) to work on /opt/airflow/dags/dag_enriquecimento_dados.py
[2026-07-14T00:35:44.243+0000] {processor.py:830} INFO - Processing file /opt/airflow/dags/dag_enriquecimento_dados.py for tasks to queue
[2026-07-14T00:35:44.244+0000] {logging_mixin.py:188} INFO - [2026-07-14T00:35:44.244+0000] {dagbag.py:538} INFO - Filling up the DagBag from /opt/airflow/dags/dag_enriquecimento_dados.py
[2026-07-14T00:35:44.252+0000] {processor.py:840} INFO - DAG(s) 'dag_enriquecimento_dados' retrieved from /opt/airflow/dags/dag_enriquecimento_dados.py
[2026-07-14T00:35:44.275+0000] {logging_mixin.py:188} INFO - [2026-07-14T00:35:44.275+0000] {dag.py:3036} INFO - Sync 1 DAGs
[2026-07-14T00:35:44.287+0000] {logging_mixin.py:188} INFO - [2026-07-14T00:35:44.287+0000] {dag.py:3823} INFO - Setting next_dagrun for dag_enriquecimento_dados to None, run_after=None
[2026-07-14T00:35:44.331+0000] {processor.py:183} INFO - Processing /opt/airflow/dags/dag_enriquecimento_dados.py took 0.091 seconds
[2026-07-14T00:36:14.463+0000] {processor.py:161} INFO - Started process (PID=4722) to work on /opt/airflow/dags/dag_enriquecimento_dados.py
[2026-07-14T00:36:14.464+0000] {processor.py:830} INFO - Processing file /opt/airflow/dags/dag_enriquecimento_dados.py for tasks to queue
[2026-07-14T00:36:14.464+0000] {logging_mixin.py:188} INFO - [2026-07-14T00:36:14.464+0000] {dagbag.py:538} INFO - Filling up the DagBag from /opt/airflow/dags/dag_enriquecimento_dados.py
[2026-07-14T00:36:14.472+0000] {processor.py:840} INFO - DAG(s) 'dag_enriquecimento_dados' retrieved from /opt/airflow/dags/dag_enriquecimento_dados.py
[2026-07-14T00:36:14.493+0000] {logging_mixin.py:188} INFO - [2026-07-14T00:36:14.493+0000] {dag.py:3036} INFO - Sync 1 DAGs
[2026-07-14T00:36:14.504+0000] {logging_mixin.py:188} INFO - [2026-07-14T00:36:14.504+0000] {dag.py:3823} INFO - Setting next_dagrun for dag_enriquecimento_dados to None, run_after=None
[2026-07-14T00:36:14.547+0000] {processor.py:183} INFO - Processing /opt/airflow/dags/dag_enriquecimento_dados.py took 0.087 seconds
[2026-07-14T00:36:44.684+0000] {processor.py:161} INFO - Started process (PID=4737) to work on /opt/airflow/dags/dag_enriquecimento_dados.py
[2026-07-14T00:36:44.684+0000] {processor.py:830} INFO - Processing file /opt/airflow/dags/dag_enriquecimento_dados.py for tasks to queue
[2026-07-14T00:36:44.685+0000] {logging_mixin.py:188} INFO - [2026-07-14T00:36:44.685+0000] {dagbag.py:538} INFO - Filling up the DagBag from /opt/airflow/dags/dag_enriquecimento_dados.py
[2026-07-14T00:36:44.692+0000] {processor.py:840} INFO - DAG(s) 'dag_enriquecimento_dados' retrieved from /opt/airflow/dags/dag_enriquecimento_dados.py
[2026-07-14T00:36:44.714+0000] {logging_mixin.py:188} INFO - [2026-07-14T00:36:44.713+0000] {dag.py:3036} INFO - Sync 1 DAGs
[2026-07-14T00:36:44.725+0000] {logging_mixin.py:188} INFO - [2026-07-14T00:36:44.725+0000] {dag.py:3823} INFO - Setting next_dagrun for dag_enriquecimento_dados to None, run_after=None
[2026-07-14T00:36:44.770+0000] {processor.py:183} INFO - Processing /opt/airflow/dags/dag_enriquecimento_dados.py took 0.089 seconds
[2026-07-14T00:37:14.904+0000] {processor.py:161} INFO - Started process (PID=4752) to work on /opt/airflow/dags/dag_enriquecimento_dados.py
[2026-07-14T00:37:14.905+0000] {processor.py:830} INFO - Processing file /opt/airflow/dags/dag_enriquecimento_dados.py for tasks to queue
[2026-07-14T00:37:14.905+0000] {logging_mixin.py:188} INFO - [2026-07-14T00:37:14.905+0000] {dagbag.py:538} INFO - Filling up the DagBag from /opt/airflow/dags/dag_enriquecimento_dados.py
[2026-07-14T00:37:14.913+0000] {processor.py:840} INFO - DAG(s) 'dag_enriquecimento_dados' retrieved from /opt/airflow/dags/dag_enriquecimento_dados.py
[2026-07-14T00:37:14.937+0000] {logging_mixin.py:188} INFO - [2026-07-14T00:37:14.936+0000] {dag.py:3036} INFO - Sync 1 DAGs
[2026-07-14T00:37:14.950+0000] {logging_mixin.py:188} INFO - [2026-07-14T00:37:14.949+0000] {dag.py:3823} INFO - Setting next_dagrun for dag_enriquecimento_dados to None, run_after=None
[2026-07-14T00:37:14.994+0000] {processor.py:183} INFO - Processing /opt/airflow/dags/dag_enriquecimento_dados.py took 0.092 seconds
[2026-07-14T00:37:45.129+0000] {processor.py:161} INFO - Started process (PID=4767) to work on /opt/airflow/dags/dag_enriquecimento_dados.py
[2026-07-14T00:37:45.130+0000] {processor.py:830} INFO - Processing file /opt/airflow/dags/dag_enriquecimento_dados.py for tasks to queue
[2026-07-14T00:37:45.130+0000] {logging_mixin.py:188} INFO - [2026-07-14T00:37:45.130+0000] {dagbag.py:538} INFO - Filling up the DagBag from /opt/airflow/dags/dag_enriquecimento_dados.py
[2026-07-14T00:37:45.138+0000] {processor.py:840} INFO - DAG(s) 'dag_enriquecimento_dados' retrieved from /opt/airflow/dags/dag_enriquecimento_dados.py
[2026-07-14T00:37:45.159+0000] {logging_mixin.py:188} INFO - [2026-07-14T00:37:45.159+0000] {dag.py:3036} INFO - Sync 1 DAGs
[2026-07-14T00:37:45.171+0000] {logging_mixin.py:188} INFO - [2026-07-14T00:37:45.170+0000] {dag.py:3823} INFO - Setting next_dagrun for dag_enriquecimento_dados to None, run_after=None
[2026-07-14T00:37:45.186+0000] {processor.py:183} INFO - Processing /opt/airflow/dags/dag_enriquecimento_dados.py took 0.059 seconds
[2026-07-14T00:38:15.321+0000] {processor.py:161} INFO - Started process (PID=4782) to work on /opt/airflow/dags/dag_enriquecimento_dados.py
[2026-07-14T00:38:15.322+0000] {processor.py:830} INFO - Processing file /opt/airflow/dags/dag_enriquecimento_dados.py for tasks to queue
[2026-07-14T00:38:15.323+0000] {logging_mixin.py:188} INFO - [2026-07-14T00:38:15.323+0000] {dagbag.py:538} INFO - Filling up the DagBag from /opt/airflow/dags/dag_enriquecimento_dados.py
[2026-07-14T00:38:15.331+0000] {processor.py:840} INFO - DAG(s) 'dag_enriquecimento_dados' retrieved from /opt/airflow/dags/dag_enriquecimento_dados.py
[2026-07-14T00:38:15.353+0000] {logging_mixin.py:188} INFO - [2026-07-14T00:38:15.353+0000] {dag.py:3036} INFO - Sync 1 DAGs
[2026-07-14T00:38:15.365+0000] {logging_mixin.py:188} INFO - [2026-07-14T00:38:15.364+0000] {dag.py:3823} INFO - Setting next_dagrun for dag_enriquecimento_dados to None, run_after=None
[2026-07-14T00:38:15.404+0000] {processor.py:183} INFO - Processing /opt/airflow/dags/dag_enriquecimento_dados.py took 0.086 seconds
[2026-07-14T00:38:45.544+0000] {processor.py:161} INFO - Started process (PID=4797) to work on /opt/airflow/dags/dag_enriquecimento_dados.py
[2026-07-14T00:38:45.544+0000] {processor.py:830} INFO - Processing file /opt/airflow/dags/dag_enriquecimento_dados.py for tasks to queue
[2026-07-14T00:38:45.545+0000] {logging_mixin.py:188} INFO - [2026-07-14T00:38:45.545+0000] {dagbag.py:538} INFO - Filling up the DagBag from /opt/airflow/dags/dag_enriquecimento_dados.py
[2026-07-14T00:38:45.553+0000] {processor.py:840} INFO - DAG(s) 'dag_enriquecimento_dados' retrieved from /opt/airflow/dags/dag_enriquecimento_dados.py
[2026-07-14T00:38:45.573+0000] {logging_mixin.py:188} INFO - [2026-07-14T00:38:45.573+0000] {dag.py:3036} INFO - Sync 1 DAGs
[2026-07-14T00:38:45.585+0000] {logging_mixin.py:188} INFO - [2026-07-14T00:38:45.584+0000] {dag.py:3823} INFO - Setting next_dagrun for dag_enriquecimento_dados to None, run_after=None
[2026-07-14T00:38:45.627+0000] {processor.py:183} INFO - Processing /opt/airflow/dags/dag_enriquecimento_dados.py took 0.086 seconds
[2026-07-14T00:39:15.769+0000] {processor.py:161} INFO - Started process (PID=4812) to work on /opt/airflow/dags/dag_enriquecimento_dados.py
[2026-07-14T00:39:15.770+0000] {processor.py:830} INFO - Processing file /opt/airflow/dags/dag_enriquecimento_dados.py for tasks to queue
[2026-07-14T00:39:15.770+0000] {logging_mixin.py:188} INFO - [2026-07-14T00:39:15.770+0000] {dagbag.py:538} INFO - Filling up the DagBag from /opt/airflow/dags/dag_enriquecimento_dados.py
[2026-07-14T00:39:15.779+0000] {processor.py:840} INFO - DAG(s) 'dag_enriquecimento_dados' retrieved from /opt/airflow/dags/dag_enriquecimento_dados.py
[2026-07-14T00:39:15.800+0000] {logging_mixin.py:188} INFO - [2026-07-14T00:39:15.800+0000] {dag.py:3036} INFO - Sync 1 DAGs
[2026-07-14T00:39:15.811+0000] {logging_mixin.py:188} INFO - [2026-07-14T00:39:15.811+0000] {dag.py:3823} INFO - Setting next_dagrun for dag_enriquecimento_dados to None, run_after=None
[2026-07-14T00:39:15.844+0000] {processor.py:183} INFO - Processing /opt/airflow/dags/dag_enriquecimento_dados.py took 0.078 seconds
[2026-07-14T00:39:45.981+0000] {processor.py:161} INFO - Started process (PID=4827) to work on /opt/airflow/dags/dag_enriquecimento_dados.py
[2026-07-14T00:39:45.982+0000] {processor.py:830} INFO - Processing file /opt/airflow/dags/dag_enriquecimento_dados.py for tasks to queue
[2026-07-14T00:39:45.983+0000] {logging_mixin.py:188} INFO - [2026-07-14T00:39:45.982+0000] {dagbag.py:538} INFO - Filling up the DagBag from /opt/airflow/dags/dag_enriquecimento_dados.py
[2026-07-14T00:39:45.991+0000] {processor.py:840} INFO - DAG(s) 'dag_enriquecimento_dados' retrieved from /opt/airflow/dags/dag_enriquecimento_dados.py
[2026-07-14T00:39:46.014+0000] {logging_mixin.py:188} INFO - [2026-07-14T00:39:46.014+0000] {dag.py:3036} INFO - Sync 1 DAGs
[2026-07-14T00:39:46.026+0000] {logging_mixin.py:188} INFO - [2026-07-14T00:39:46.026+0000] {dag.py:3823} INFO - Setting next_dagrun for dag_enriquecimento_dados to None, run_after=None
[2026-07-14T00:39:46.063+0000] {processor.py:183} INFO - Processing /opt/airflow/dags/dag_enriquecimento_dados.py took 0.085 seconds
[2026-07-14T00:40:16.202+0000] {processor.py:161} INFO - Started process (PID=4842) to work on /opt/airflow/dags/dag_enriquecimento_dados.py
[2026-07-14T00:40:16.203+0000] {processor.py:830} INFO - Processing file /opt/airflow/dags/dag_enriquecimento_dados.py for tasks to queue
[2026-07-14T00:40:16.204+0000] {logging_mixin.py:188} INFO - [2026-07-14T00:40:16.204+0000] {dagbag.py:538} INFO - Filling up the DagBag from /opt/airflow/dags/dag_enriquecimento_dados.py
[2026-07-14T00:40:16.212+0000] {processor.py:840} INFO - DAG(s) 'dag_enriquecimento_dados' retrieved from /opt/airflow/dags/dag_enriquecimento_dados.py
[2026-07-14T00:40:16.233+0000] {logging_mixin.py:188} INFO - [2026-07-14T00:40:16.233+0000] {dag.py:3036} INFO - Sync 1 DAGs
[2026-07-14T00:40:16.245+0000] {logging_mixin.py:188} INFO - [2026-07-14T00:40:16.245+0000] {dag.py:3823} INFO - Setting next_dagrun for dag_enriquecimento_dados to None, run_after=None
[2026-07-14T00:40:16.281+0000] {processor.py:183} INFO - Processing /opt/airflow/dags/dag_enriquecimento_dados.py took 0.081 seconds
[2026-07-14T00:40:46.418+0000] {processor.py:161} INFO - Started process (PID=4857) to work on /opt/airflow/dags/dag_enriquecimento_dados.py
[2026-07-14T00:40:46.418+0000] {processor.py:830} INFO - Processing file /opt/airflow/dags/dag_enriquecimento_dados.py for tasks to queue
[2026-07-14T00:40:46.419+0000] {logging_mixin.py:188} INFO - [2026-07-14T00:40:46.419+0000] {dagbag.py:538} INFO - Filling up the DagBag from /opt/airflow/dags/dag_enriquecimento_dados.py
[2026-07-14T00:40:46.427+0000] {processor.py:840} INFO - DAG(s) 'dag_enriquecimento_dados' retrieved from /opt/airflow/dags/dag_enriquecimento_dados.py
[2026-07-14T00:40:46.448+0000] {logging_mixin.py:188} INFO - [2026-07-14T00:40:46.448+0000] {dag.py:3036} INFO - Sync 1 DAGs
[2026-07-14T00:40:46.460+0000] {logging_mixin.py:188} INFO - [2026-07-14T00:40:46.459+0000] {dag.py:3823} INFO - Setting next_dagrun for dag_enriquecimento_dados to None, run_after=None
[2026-07-14T00:40:46.492+0000] {processor.py:183} INFO - Processing /opt/airflow/dags/dag_enriquecimento_dados.py took 0.078 seconds
[2026-07-14T00:41:16.627+0000] {processor.py:161} INFO - Started process (PID=4872) to work on /opt/airflow/dags/dag_enriquecimento_dados.py
[2026-07-14T00:41:16.627+0000] {processor.py:830} INFO - Processing file /opt/airflow/dags/dag_enriquecimento_dados.py for tasks to queue
[2026-07-14T00:41:16.628+0000] {logging_mixin.py:188} INFO - [2026-07-14T00:41:16.628+0000] {dagbag.py:538} INFO - Filling up the DagBag from /opt/airflow/dags/dag_enriquecimento_dados.py
[2026-07-14T00:41:16.636+0000] {processor.py:840} INFO - DAG(s) 'dag_enriquecimento_dados' retrieved from /opt/airflow/dags/dag_enriquecimento_dados.py
[2026-07-14T00:41:16.657+0000] {logging_mixin.py:188} INFO - [2026-07-14T00:41:16.656+0000] {dag.py:3036} INFO - Sync 1 DAGs
[2026-07-14T00:41:16.668+0000] {logging_mixin.py:188} INFO - [2026-07-14T00:41:16.667+0000] {dag.py:3823} INFO - Setting next_dagrun for dag_enriquecimento_dados to None, run_after=None
[2026-07-14T00:41:16.702+0000] {processor.py:183} INFO - Processing /opt/airflow/dags/dag_enriquecimento_dados.py took 0.078 seconds
[2026-07-14T00:41:46.836+0000] {processor.py:161} INFO - Started process (PID=4887) to work on /opt/airflow/dags/dag_enriquecimento_dados.py
[2026-07-14T00:41:46.837+0000] {processor.py:830} INFO - Processing file /opt/airflow/dags/dag_enriquecimento_dados.py for tasks to queue
[2026-07-14T00:41:46.838+0000] {logging_mixin.py:188} INFO - [2026-07-14T00:41:46.838+0000] {dagbag.py:538} INFO - Filling up the DagBag from /opt/airflow/dags/dag_enriquecimento_dados.py
[2026-07-14T00:41:46.845+0000] {processor.py:840} INFO - DAG(s) 'dag_enriquecimento_dados' retrieved from /opt/airflow/dags/dag_enriquecimento_dados.py
[2026-07-14T00:41:46.865+0000] {logging_mixin.py:188} INFO - [2026-07-14T00:41:46.865+0000] {dag.py:3036} INFO - Sync 1 DAGs
[2026-07-14T00:41:46.876+0000] {logging_mixin.py:188} INFO - [2026-07-14T00:41:46.876+0000] {dag.py:3823} INFO - Setting next_dagrun for dag_enriquecimento_dados to None, run_after=None
[2026-07-14T00:41:46.910+0000] {processor.py:183} INFO - Processing /opt/airflow/dags/dag_enriquecimento_dados.py took 0.077 seconds
[2026-07-14T00:42:17.039+0000] {processor.py:161} INFO - Started process (PID=4902) to work on /opt/airflow/dags/dag_enriquecimento_dados.py
[2026-07-14T00:42:17.039+0000] {processor.py:830} INFO - Processing file /opt/airflow/dags/dag_enriquecimento_dados.py for tasks to queue
[2026-07-14T00:42:17.040+0000] {logging_mixin.py:188} INFO - [2026-07-14T00:42:17.040+0000] {dagbag.py:538} INFO - Filling up the DagBag from /opt/airflow/dags/dag_enriquecimento_dados.py
[2026-07-14T00:42:17.048+0000] {processor.py:840} INFO - DAG(s) 'dag_enriquecimento_dados' retrieved from /opt/airflow/dags/dag_enriquecimento_dados.py
[2026-07-14T00:42:17.068+0000] {logging_mixin.py:188} INFO - [2026-07-14T00:42:17.068+0000] {dag.py:3036} INFO - Sync 1 DAGs
[2026-07-14T00:42:17.080+0000] {logging_mixin.py:188} INFO - [2026-07-14T00:42:17.080+0000] {dag.py:3823} INFO - Setting next_dagrun for dag_enriquecimento_dados to None, run_after=None
[2026-07-14T00:42:17.115+0000] {processor.py:183} INFO - Processing /opt/airflow/dags/dag_enriquecimento_dados.py took 0.079 seconds
[2026-07-14T00:42:47.252+0000] {processor.py:161} INFO - Started process (PID=4917) to work on /opt/airflow/dags/dag_enriquecimento_dados.py
[2026-07-14T00:42:47.253+0000] {processor.py:830} INFO - Processing file /opt/airflow/dags/dag_enriquecimento_dados.py for tasks to queue
[2026-07-14T00:42:47.253+0000] {logging_mixin.py:188} INFO - [2026-07-14T00:42:47.253+0000] {dagbag.py:538} INFO - Filling up the DagBag from /opt/airflow/dags/dag_enriquecimento_dados.py
[2026-07-14T00:42:47.261+0000] {processor.py:840} INFO - DAG(s) 'dag_enriquecimento_dados' retrieved from /opt/airflow/dags/dag_enriquecimento_dados.py
[2026-07-14T00:42:47.282+0000] {logging_mixin.py:188} INFO - [2026-07-14T00:42:47.281+0000] {dag.py:3036} INFO - Sync 1 DAGs
[2026-07-14T00:42:47.293+0000] {logging_mixin.py:188} INFO - [2026-07-14T00:42:47.292+0000] {dag.py:3823} INFO - Setting next_dagrun for dag_enriquecimento_dados to None, run_after=None
[2026-07-14T00:42:47.329+0000] {processor.py:183} INFO - Processing /opt/airflow/dags/dag_enriquecimento_dados.py took 0.080 seconds
[2026-07-14T00:43:17.468+0000] {processor.py:161} INFO - Started process (PID=4932) to work on /opt/airflow/dags/dag_enriquecimento_dados.py
[2026-07-14T00:43:17.468+0000] {processor.py:830} INFO - Processing file /opt/airflow/dags/dag_enriquecimento_dados.py for tasks to queue
[2026-07-14T00:43:17.469+0000] {logging_mixin.py:188} INFO - [2026-07-14T00:43:17.469+0000] {dagbag.py:538} INFO - Filling up the DagBag from /opt/airflow/dags/dag_enriquecimento_dados.py
[2026-07-14T00:43:17.478+0000] {processor.py:840} INFO - DAG(s) 'dag_enriquecimento_dados' retrieved from /opt/airflow/dags/dag_enriquecimento_dados.py
[2026-07-14T00:43:17.500+0000] {logging_mixin.py:188} INFO - [2026-07-14T00:43:17.500+0000] {dag.py:3036} INFO - Sync 1 DAGs
[2026-07-14T00:43:17.512+0000] {logging_mixin.py:188} INFO - [2026-07-14T00:43:17.512+0000] {dag.py:3823} INFO - Setting next_dagrun for dag_enriquecimento_dados to None, run_after=None
[2026-07-14T00:43:17.529+0000] {processor.py:183} INFO - Processing /opt/airflow/dags/dag_enriquecimento_dados.py took 0.064 seconds
[2026-07-14T00:43:47.666+0000] {processor.py:161} INFO - Started process (PID=4947) to work on /opt/airflow/dags/dag_enriquecimento_dados.py
[2026-07-14T00:43:47.667+0000] {processor.py:830} INFO - Processing file /opt/airflow/dags/dag_enriquecimento_dados.py for tasks to queue
[2026-07-14T00:43:47.667+0000] {logging_mixin.py:188} INFO - [2026-07-14T00:43:47.667+0000] {dagbag.py:538} INFO - Filling up the DagBag from /opt/airflow/dags/dag_enriquecimento_dados.py
[2026-07-14T00:43:47.675+0000] {processor.py:840} INFO - DAG(s) 'dag_enriquecimento_dados' retrieved from /opt/airflow/dags/dag_enriquecimento_dados.py
[2026-07-14T00:43:47.699+0000] {logging_mixin.py:188} INFO - [2026-07-14T00:43:47.698+0000] {dag.py:3036} INFO - Sync 1 DAGs
[2026-07-14T00:43:47.710+0000] {logging_mixin.py:188} INFO - [2026-07-14T00:43:47.710+0000] {dag.py:3823} INFO - Setting next_dagrun for dag_enriquecimento_dados to None, run_after=None
[2026-07-14T00:43:47.727+0000] {processor.py:183} INFO - Processing /opt/airflow/dags/dag_enriquecimento_dados.py took 0.064 seconds
[2026-07-14T00:44:17.864+0000] {processor.py:161} INFO - Started process (PID=4962) to work on /opt/airflow/dags/dag_enriquecimento_dados.py
[2026-07-14T00:44:17.864+0000] {processor.py:830} INFO - Processing file /opt/airflow/dags/dag_enriquecimento_dados.py for tasks to queue
[2026-07-14T00:44:17.865+0000] {logging_mixin.py:188} INFO - [2026-07-14T00:44:17.865+0000] {dagbag.py:538} INFO - Filling up the DagBag from /opt/airflow/dags/dag_enriquecimento_dados.py
[2026-07-14T00:44:17.873+0000] {processor.py:840} INFO - DAG(s) 'dag_enriquecimento_dados' retrieved from /opt/airflow/dags/dag_enriquecimento_dados.py
[2026-07-14T00:44:17.895+0000] {logging_mixin.py:188} INFO - [2026-07-14T00:44:17.895+0000] {dag.py:3036} INFO - Sync 1 DAGs
[2026-07-14T00:44:17.909+0000] {logging_mixin.py:188} INFO - [2026-07-14T00:44:17.908+0000] {dag.py:3823} INFO - Setting next_dagrun for dag_enriquecimento_dados to None, run_after=None
[2026-07-14T00:44:17.948+0000] {processor.py:183} INFO - Processing /opt/airflow/dags/dag_enriquecimento_dados.py took 0.088 seconds
[2026-07-14T00:44:48.083+0000] {processor.py:161} INFO - Started process (PID=4977) to work on /opt/airflow/dags/dag_enriquecimento_dados.py
[2026-07-14T00:44:48.084+0000] {processor.py:830} INFO - Processing file /opt/airflow/dags/dag_enriquecimento_dados.py for tasks to queue
[2026-07-14T00:44:48.084+0000] {logging_mixin.py:188} INFO - [2026-07-14T00:44:48.084+0000] {dagbag.py:538} INFO - Filling up the DagBag from /opt/airflow/dags/dag_enriquecimento_dados.py
[2026-07-14T00:44:48.092+0000] {processor.py:840} INFO - DAG(s) 'dag_enriquecimento_dados' retrieved from /opt/airflow/dags/dag_enriquecimento_dados.py
[2026-07-14T00:44:48.112+0000] {logging_mixin.py:188} INFO - [2026-07-14T00:44:48.112+0000] {dag.py:3036} INFO - Sync 1 DAGs
[2026-07-14T00:44:48.123+0000] {logging_mixin.py:188} INFO - [2026-07-14T00:44:48.122+0000] {dag.py:3823} INFO - Setting next_dagrun for dag_enriquecimento_dados to None, run_after=None
[2026-07-14T00:44:48.160+0000] {processor.py:183} INFO - Processing /opt/airflow/dags/dag_enriquecimento_dados.py took 0.079 seconds
[2026-07-14T00:45:18.292+0000] {processor.py:161} INFO - Started process (PID=4992) to work on /opt/airflow/dags/dag_enriquecimento_dados.py
[2026-07-14T00:45:18.293+0000] {processor.py:830} INFO - Processing file /opt/airflow/dags/dag_enriquecimento_dados.py for tasks to queue
[2026-07-14T00:45:18.294+0000] {logging_mixin.py:188} INFO - [2026-07-14T00:45:18.293+0000] {dagbag.py:538} INFO - Filling up the DagBag from /opt/airflow/dags/dag_enriquecimento_dados.py
[2026-07-14T00:45:18.301+0000] {processor.py:840} INFO - DAG(s) 'dag_enriquecimento_dados' retrieved from /opt/airflow/dags/dag_enriquecimento_dados.py
[2026-07-14T00:45:18.322+0000] {logging_mixin.py:188} INFO - [2026-07-14T00:45:18.322+0000] {dag.py:3036} INFO - Sync 1 DAGs
[2026-07-14T00:45:18.332+0000] {logging_mixin.py:188} INFO - [2026-07-14T00:45:18.332+0000] {dag.py:3823} INFO - Setting next_dagrun for dag_enriquecimento_dados to None, run_after=None
[2026-07-14T00:45:18.369+0000] {processor.py:183} INFO - Processing /opt/airflow/dags/dag_enriquecimento_dados.py took 0.080 seconds
[2026-07-14T00:45:48.510+0000] {processor.py:161} INFO - Started process (PID=5007) to work on /opt/airflow/dags/dag_enriquecimento_dados.py
[2026-07-14T00:45:48.511+0000] {processor.py:830} INFO - Processing file /opt/airflow/dags/dag_enriquecimento_dados.py for tasks to queue
[2026-07-14T00:45:48.511+0000] {logging_mixin.py:188} INFO - [2026-07-14T00:45:48.511+0000] {dagbag.py:538} INFO - Filling up the DagBag from /opt/airflow/dags/dag_enriquecimento_dados.py
[2026-07-14T00:45:48.519+0000] {processor.py:840} INFO - DAG(s) 'dag_enriquecimento_dados' retrieved from /opt/airflow/dags/dag_enriquecimento_dados.py
[2026-07-14T00:45:48.541+0000] {logging_mixin.py:188} INFO - [2026-07-14T00:45:48.541+0000] {dag.py:3036} INFO - Sync 1 DAGs
[2026-07-14T00:45:48.552+0000] {logging_mixin.py:188} INFO - [2026-07-14T00:45:48.552+0000] {dag.py:3823} INFO - Setting next_dagrun for dag_enriquecimento_dados to None, run_after=None
[2026-07-14T00:45:48.591+0000] {processor.py:183} INFO - Processing /opt/airflow/dags/dag_enriquecimento_dados.py took 0.084 seconds
[2026-07-14T00:46:18.725+0000] {processor.py:161} INFO - Started process (PID=5022) to work on /opt/airflow/dags/dag_enriquecimento_dados.py
[2026-07-14T00:46:18.726+0000] {processor.py:830} INFO - Processing file /opt/airflow/dags/dag_enriquecimento_dados.py for tasks to queue
[2026-07-14T00:46:18.727+0000] {logging_mixin.py:188} INFO - [2026-07-14T00:46:18.727+0000] {dagbag.py:538} INFO - Filling up the DagBag from /opt/airflow/dags/dag_enriquecimento_dados.py
[2026-07-14T00:46:18.734+0000] {processor.py:840} INFO - DAG(s) 'dag_enriquecimento_dados' retrieved from /opt/airflow/dags/dag_enriquecimento_dados.py
[2026-07-14T00:46:18.754+0000] {logging_mixin.py:188} INFO - [2026-07-14T00:46:18.754+0000] {dag.py:3036} INFO - Sync 1 DAGs
[2026-07-14T00:46:18.766+0000] {logging_mixin.py:188} INFO - [2026-07-14T00:46:18.765+0000] {dag.py:3823} INFO - Setting next_dagrun for dag_enriquecimento_dados to None, run_after=None
[2026-07-14T00:46:18.804+0000] {processor.py:183} INFO - Processing /opt/airflow/dags/dag_enriquecimento_dados.py took 0.081 seconds
[2026-07-14T00:46:48.941+0000] {processor.py:161} INFO - Started process (PID=5037) to work on /opt/airflow/dags/dag_enriquecimento_dados.py
[2026-07-14T00:46:48.942+0000] {processor.py:830} INFO - Processing file /opt/airflow/dags/dag_enriquecimento_dados.py for tasks to queue
[2026-07-14T00:46:48.942+0000] {logging_mixin.py:188} INFO - [2026-07-14T00:46:48.942+0000] {dagbag.py:538} INFO - Filling up the DagBag from /opt/airflow/dags/dag_enriquecimento_dados.py
[2026-07-14T00:46:48.950+0000] {processor.py:840} INFO - DAG(s) 'dag_enriquecimento_dados' retrieved from /opt/airflow/dags/dag_enriquecimento_dados.py
[2026-07-14T00:46:48.973+0000] {logging_mixin.py:188} INFO - [2026-07-14T00:46:48.972+0000] {dag.py:3036} INFO - Sync 1 DAGs
[2026-07-14T00:46:48.984+0000] {logging_mixin.py:188} INFO - [2026-07-14T00:46:48.984+0000] {dag.py:3823} INFO - Setting next_dagrun for dag_enriquecimento_dados to None, run_after=None
[2026-07-14T00:46:49.001+0000] {processor.py:183} INFO - Processing /opt/airflow/dags/dag_enriquecimento_dados.py took 0.063 seconds
[2026-07-14T00:47:19.140+0000] {processor.py:161} INFO - Started process (PID=5052) to work on /opt/airflow/dags/dag_enriquecimento_dados.py
[2026-07-14T00:47:19.140+0000] {processor.py:830} INFO - Processing file /opt/airflow/dags/dag_enriquecimento_dados.py for tasks to queue
[2026-07-14T00:47:19.141+0000] {logging_mixin.py:188} INFO - [2026-07-14T00:47:19.141+0000] {dagbag.py:538} INFO - Filling up the DagBag from /opt/airflow/dags/dag_enriquecimento_dados.py
[2026-07-14T00:47:19.149+0000] {processor.py:840} INFO - DAG(s) 'dag_enriquecimento_dados' retrieved from /opt/airflow/dags/dag_enriquecimento_dados.py
[2026-07-14T00:47:19.170+0000] {logging_mixin.py:188} INFO - [2026-07-14T00:47:19.170+0000] {dag.py:3036} INFO - Sync 1 DAGs
[2026-07-14T00:47:19.181+0000] {logging_mixin.py:188} INFO - [2026-07-14T00:47:19.181+0000] {dag.py:3823} INFO - Setting next_dagrun for dag_enriquecimento_dados to None, run_after=None
[2026-07-14T00:47:19.221+0000] {processor.py:183} INFO - Processing /opt/airflow/dags/dag_enriquecimento_dados.py took 0.084 seconds
[2026-07-14T00:47:49.360+0000] {processor.py:161} INFO - Started process (PID=5067) to work on /opt/airflow/dags/dag_enriquecimento_dados.py
[2026-07-14T00:47:49.361+0000] {processor.py:830} INFO - Processing file /opt/airflow/dags/dag_enriquecimento_dados.py for tasks to queue
[2026-07-14T00:47:49.361+0000] {logging_mixin.py:188} INFO - [2026-07-14T00:47:49.361+0000] {dagbag.py:538} INFO - Filling up the DagBag from /opt/airflow/dags/dag_enriquecimento_dados.py
[2026-07-14T00:47:49.369+0000] {processor.py:840} INFO - DAG(s) 'dag_enriquecimento_dados' retrieved from /opt/airflow/dags/dag_enriquecimento_dados.py
[2026-07-14T00:47:49.390+0000] {logging_mixin.py:188} INFO - [2026-07-14T00:47:49.389+0000] {dag.py:3036} INFO - Sync 1 DAGs
[2026-07-14T00:47:49.402+0000] {logging_mixin.py:188} INFO - [2026-07-14T00:47:49.402+0000] {dag.py:3823} INFO - Setting next_dagrun for dag_enriquecimento_dados to None, run_after=None
[2026-07-14T00:47:49.441+0000] {processor.py:183} INFO - Processing /opt/airflow/dags/dag_enriquecimento_dados.py took 0.084 seconds
[2026-07-14T00:48:19.575+0000] {processor.py:161} INFO - Started process (PID=5082) to work on /opt/airflow/dags/dag_enriquecimento_dados.py
[2026-07-14T00:48:19.576+0000] {processor.py:830} INFO - Processing file /opt/airflow/dags/dag_enriquecimento_dados.py for tasks to queue
[2026-07-14T00:48:19.577+0000] {logging_mixin.py:188} INFO - [2026-07-14T00:48:19.576+0000] {dagbag.py:538} INFO - Filling up the DagBag from /opt/airflow/dags/dag_enriquecimento_dados.py
[2026-07-14T00:48:19.585+0000] {processor.py:840} INFO - DAG(s) 'dag_enriquecimento_dados' retrieved from /opt/airflow/dags/dag_enriquecimento_dados.py
[2026-07-14T00:48:19.606+0000] {logging_mixin.py:188} INFO - [2026-07-14T00:48:19.606+0000] {dag.py:3036} INFO - Sync 1 DAGs
[2026-07-14T00:48:19.617+0000] {logging_mixin.py:188} INFO - [2026-07-14T00:48:19.617+0000] {dag.py:3823} INFO - Setting next_dagrun for dag_enriquecimento_dados to None, run_after=None
[2026-07-14T00:48:19.634+0000] {processor.py:183} INFO - Processing /opt/airflow/dags/dag_enriquecimento_dados.py took 0.062 seconds
[2026-07-14T00:48:49.776+0000] {processor.py:161} INFO - Started process (PID=5097) to work on /opt/airflow/dags/dag_enriquecimento_dados.py
[2026-07-14T00:48:49.776+0000] {processor.py:830} INFO - Processing file /opt/airflow/dags/dag_enriquecimento_dados.py for tasks to queue
[2026-07-14T00:48:49.777+0000] {logging_mixin.py:188} INFO - [2026-07-14T00:48:49.777+0000] {dagbag.py:538} INFO - Filling up the DagBag from /opt/airflow/dags/dag_enriquecimento_dados.py
[2026-07-14T00:48:49.785+0000] {processor.py:840} INFO - DAG(s) 'dag_enriquecimento_dados' retrieved from /opt/airflow/dags/dag_enriquecimento_dados.py
[2026-07-14T00:48:49.807+0000] {logging_mixin.py:188} INFO - [2026-07-14T00:48:49.806+0000] {dag.py:3036} INFO - Sync 1 DAGs
[2026-07-14T00:48:49.819+0000] {logging_mixin.py:188} INFO - [2026-07-14T00:48:49.818+0000] {dag.py:3823} INFO - Setting next_dagrun for dag_enriquecimento_dados to None, run_after=None
[2026-07-14T00:48:49.859+0000] {processor.py:183} INFO - Processing /opt/airflow/dags/dag_enriquecimento_dados.py took 0.086 seconds
[2026-07-14T00:49:19.994+0000] {processor.py:161} INFO - Started process (PID=5112) to work on /opt/airflow/dags/dag_enriquecimento_dados.py
[2026-07-14T00:49:19.995+0000] {processor.py:830} INFO - Processing file /opt/airflow/dags/dag_enriquecimento_dados.py for tasks to queue
[2026-07-14T00:49:19.996+0000] {logging_mixin.py:188} INFO - [2026-07-14T00:49:19.996+0000] {dagbag.py:538} INFO - Filling up the DagBag from /opt/airflow/dags/dag_enriquecimento_dados.py
[2026-07-14T00:49:20.003+0000] {processor.py:840} INFO - DAG(s) 'dag_enriquecimento_dados' retrieved from /opt/airflow/dags/dag_enriquecimento_dados.py
[2026-07-14T00:49:20.024+0000] {logging_mixin.py:188} INFO - [2026-07-14T00:49:20.024+0000] {dag.py:3036} INFO - Sync 1 DAGs
[2026-07-14T00:49:20.036+0000] {logging_mixin.py:188} INFO - [2026-07-14T00:49:20.036+0000] {dag.py:3823} INFO - Setting next_dagrun for dag_enriquecimento_dados to None, run_after=None
[2026-07-14T00:49:20.075+0000] {processor.py:183} INFO - Processing /opt/airflow/dags/dag_enriquecimento_dados.py took 0.083 seconds
[2026-07-14T00:49:50.210+0000] {processor.py:161} INFO - Started process (PID=5127) to work on /opt/airflow/dags/dag_enriquecimento_dados.py
[2026-07-14T00:49:50.211+0000] {processor.py:830} INFO - Processing file /opt/airflow/dags/dag_enriquecimento_dados.py for tasks to queue
[2026-07-14T00:49:50.211+0000] {logging_mixin.py:188} INFO - [2026-07-14T00:49:50.211+0000] {dagbag.py:538} INFO - Filling up the DagBag from /opt/airflow/dags/dag_enriquecimento_dados.py
[2026-07-14T00:49:50.219+0000] {processor.py:840} INFO - DAG(s) 'dag_enriquecimento_dados' retrieved from /opt/airflow/dags/dag_enriquecimento_dados.py
[2026-07-14T00:49:50.240+0000] {logging_mixin.py:188} INFO - [2026-07-14T00:49:50.240+0000] {dag.py:3036} INFO - Sync 1 DAGs
[2026-07-14T00:49:50.250+0000] {logging_mixin.py:188} INFO - [2026-07-14T00:49:50.250+0000] {dag.py:3823} INFO - Setting next_dagrun for dag_enriquecimento_dados to None, run_after=None
[2026-07-14T00:49:50.291+0000] {processor.py:183} INFO - Processing /opt/airflow/dags/dag_enriquecimento_dados.py took 0.084 seconds
[2026-07-14T00:50:20.424+0000] {processor.py:161} INFO - Started process (PID=5142) to work on /opt/airflow/dags/dag_enriquecimento_dados.py
[2026-07-14T00:50:20.425+0000] {processor.py:830} INFO - Processing file /opt/airflow/dags/dag_enriquecimento_dados.py for tasks to queue
[2026-07-14T00:50:20.425+0000] {logging_mixin.py:188} INFO - [2026-07-14T00:50:20.425+0000] {dagbag.py:538} INFO - Filling up the DagBag from /opt/airflow/dags/dag_enriquecimento_dados.py
[2026-07-14T00:50:20.433+0000] {processor.py:840} INFO - DAG(s) 'dag_enriquecimento_dados' retrieved from /opt/airflow/dags/dag_enriquecimento_dados.py
[2026-07-14T00:50:20.454+0000] {logging_mixin.py:188} INFO - [2026-07-14T00:50:20.454+0000] {dag.py:3036} INFO - Sync 1 DAGs
[2026-07-14T00:50:20.465+0000] {logging_mixin.py:188} INFO - [2026-07-14T00:50:20.465+0000] {dag.py:3823} INFO - Setting next_dagrun for dag_enriquecimento_dados to None, run_after=None
[2026-07-14T00:50:20.506+0000] {processor.py:183} INFO - Processing /opt/airflow/dags/dag_enriquecimento_dados.py took 0.085 seconds
[2026-07-14T00:50:50.643+0000] {processor.py:161} INFO - Started process (PID=5157) to work on /opt/airflow/dags/dag_enriquecimento_dados.py
[2026-07-14T00:50:50.644+0000] {processor.py:830} INFO - Processing file /opt/airflow/dags/dag_enriquecimento_dados.py for tasks to queue
[2026-07-14T00:50:50.644+0000] {logging_mixin.py:188} INFO - [2026-07-14T00:50:50.644+0000] {dagbag.py:538} INFO - Filling up the DagBag from /opt/airflow/dags/dag_enriquecimento_dados.py
[2026-07-14T00:50:50.652+0000] {processor.py:840} INFO - DAG(s) 'dag_enriquecimento_dados' retrieved from /opt/airflow/dags/dag_enriquecimento_dados.py
[2026-07-14T00:50:50.673+0000] {logging_mixin.py:188} INFO - [2026-07-14T00:50:50.672+0000] {dag.py:3036} INFO - Sync 1 DAGs
[2026-07-14T00:50:50.685+0000] {logging_mixin.py:188} INFO - [2026-07-14T00:50:50.684+0000] {dag.py:3823} INFO - Setting next_dagrun for dag_enriquecimento_dados to None, run_after=None
[2026-07-14T00:50:50.726+0000] {processor.py:183} INFO - Processing /opt/airflow/dags/dag_enriquecimento_dados.py took 0.085 seconds
[2026-07-14T00:51:20.862+0000] {processor.py:161} INFO - Started process (PID=5172) to work on /opt/airflow/dags/dag_enriquecimento_dados.py
[2026-07-14T00:51:20.863+0000] {processor.py:830} INFO - Processing file /opt/airflow/dags/dag_enriquecimento_dados.py for tasks to queue
[2026-07-14T00:51:20.863+0000] {logging_mixin.py:188} INFO - [2026-07-14T00:51:20.863+0000] {dagbag.py:538} INFO - Filling up the DagBag from /opt/airflow/dags/dag_enriquecimento_dados.py
[2026-07-14T00:51:20.871+0000] {processor.py:840} INFO - DAG(s) 'dag_enriquecimento_dados' retrieved from /opt/airflow/dags/dag_enriquecimento_dados.py
[2026-07-14T00:51:20.892+0000] {logging_mixin.py:188} INFO - [2026-07-14T00:51:20.892+0000] {dag.py:3036} INFO - Sync 1 DAGs
[2026-07-14T00:51:20.903+0000] {logging_mixin.py:188} INFO - [2026-07-14T00:51:20.902+0000] {dag.py:3823} INFO - Setting next_dagrun for dag_enriquecimento_dados to None, run_after=None
[2026-07-14T00:51:20.945+0000] {processor.py:183} INFO - Processing /opt/airflow/dags/dag_enriquecimento_dados.py took 0.085 seconds
[2026-07-14T00:51:51.079+0000] {processor.py:161} INFO - Started process (PID=5187) to work on /opt/airflow/dags/dag_enriquecimento_dados.py
[2026-07-14T00:51:51.079+0000] {processor.py:830} INFO - Processing file /opt/airflow/dags/dag_enriquecimento_dados.py for tasks to queue
[2026-07-14T00:51:51.080+0000] {logging_mixin.py:188} INFO - [2026-07-14T00:51:51.080+0000] {dagbag.py:538} INFO - Filling up the DagBag from /opt/airflow/dags/dag_enriquecimento_dados.py
[2026-07-14T00:51:51.088+0000] {processor.py:840} INFO - DAG(s) 'dag_enriquecimento_dados' retrieved from /opt/airflow/dags/dag_enriquecimento_dados.py
[2026-07-14T00:51:51.109+0000] {logging_mixin.py:188} INFO - [2026-07-14T00:51:51.109+0000] {dag.py:3036} INFO - Sync 1 DAGs
[2026-07-14T00:51:51.121+0000] {logging_mixin.py:188} INFO - [2026-07-14T00:51:51.121+0000] {dag.py:3823} INFO - Setting next_dagrun for dag_enriquecimento_dados to None, run_after=None
[2026-07-14T00:51:51.161+0000] {processor.py:183} INFO - Processing /opt/airflow/dags/dag_enriquecimento_dados.py took 0.085 seconds
[2026-07-14T00:52:21.300+0000] {processor.py:161} INFO - Started process (PID=5202) to work on /opt/airflow/dags/dag_enriquecimento_dados.py
[2026-07-14T00:52:21.301+0000] {processor.py:830} INFO - Processing file /opt/airflow/dags/dag_enriquecimento_dados.py for tasks to queue
[2026-07-14T00:52:21.301+0000] {logging_mixin.py:188} INFO - [2026-07-14T00:52:21.301+0000] {dagbag.py:538} INFO - Filling up the DagBag from /opt/airflow/dags/dag_enriquecimento_dados.py
[2026-07-14T00:52:21.310+0000] {processor.py:840} INFO - DAG(s) 'dag_enriquecimento_dados' retrieved from /opt/airflow/dags/dag_enriquecimento_dados.py
[2026-07-14T00:52:21.332+0000] {logging_mixin.py:188} INFO - [2026-07-14T00:52:21.332+0000] {dag.py:3036} INFO - Sync 1 DAGs
[2026-07-14T00:52:21.345+0000] {logging_mixin.py:188} INFO - [2026-07-14T00:52:21.344+0000] {dag.py:3823} INFO - Setting next_dagrun for dag_enriquecimento_dados to None, run_after=None
[2026-07-14T00:52:21.387+0000] {processor.py:183} INFO - Processing /opt/airflow/dags/dag_enriquecimento_dados.py took 0.091 seconds
[2026-07-14T00:52:51.525+0000] {processor.py:161} INFO - Started process (PID=5217) to work on /opt/airflow/dags/dag_enriquecimento_dados.py
[2026-07-14T00:52:51.526+0000] {processor.py:830} INFO - Processing file /opt/airflow/dags/dag_enriquecimento_dados.py for tasks to queue
[2026-07-14T00:52:51.526+0000] {logging_mixin.py:188} INFO - [2026-07-14T00:52:51.526+0000] {dagbag.py:538} INFO - Filling up the DagBag from /opt/airflow/dags/dag_enriquecimento_dados.py
[2026-07-14T00:52:51.534+0000] {processor.py:840} INFO - DAG(s) 'dag_enriquecimento_dados' retrieved from /opt/airflow/dags/dag_enriquecimento_dados.py
[2026-07-14T00:52:51.556+0000] {logging_mixin.py:188} INFO - [2026-07-14T00:52:51.556+0000] {dag.py:3036} INFO - Sync 1 DAGs
[2026-07-14T00:52:51.567+0000] {logging_mixin.py:188} INFO - [2026-07-14T00:52:51.567+0000] {dag.py:3823} INFO - Setting next_dagrun for dag_enriquecimento_dados to None, run_after=None
[2026-07-14T00:52:51.583+0000] {processor.py:183} INFO - Processing /opt/airflow/dags/dag_enriquecimento_dados.py took 0.060 seconds
[2026-07-14T00:53:21.706+0000] {processor.py:161} INFO - Started process (PID=5232) to work on /opt/airflow/dags/dag_enriquecimento_dados.py
[2026-07-14T00:53:21.706+0000] {processor.py:830} INFO - Processing file /opt/airflow/dags/dag_enriquecimento_dados.py for tasks to queue
[2026-07-14T00:53:21.707+0000] {logging_mixin.py:188} INFO - [2026-07-14T00:53:21.707+0000] {dagbag.py:538} INFO - Filling up the DagBag from /opt/airflow/dags/dag_enriquecimento_dados.py
[2026-07-14T00:53:21.715+0000] {processor.py:840} INFO - DAG(s) 'dag_enriquecimento_dados' retrieved from /opt/airflow/dags/dag_enriquecimento_dados.py
[2026-07-14T00:53:21.735+0000] {logging_mixin.py:188} INFO - [2026-07-14T00:53:21.734+0000] {dag.py:3036} INFO - Sync 1 DAGs
[2026-07-14T00:53:21.745+0000] {logging_mixin.py:188} INFO - [2026-07-14T00:53:21.745+0000] {dag.py:3823} INFO - Setting next_dagrun for dag_enriquecimento_dados to None, run_after=None
[2026-07-14T00:53:21.785+0000] {processor.py:183} INFO - Processing /opt/airflow/dags/dag_enriquecimento_dados.py took 0.082 seconds
[2026-07-14T00:53:51.919+0000] {processor.py:161} INFO - Started process (PID=5247) to work on /opt/airflow/dags/dag_enriquecimento_dados.py
[2026-07-14T00:53:51.919+0000] {processor.py:830} INFO - Processing file /opt/airflow/dags/dag_enriquecimento_dados.py for tasks to queue
[2026-07-14T00:53:51.920+0000] {logging_mixin.py:188} INFO - [2026-07-14T00:53:51.920+0000] {dagbag.py:538} INFO - Filling up the DagBag from /opt/airflow/dags/dag_enriquecimento_dados.py
[2026-07-14T00:53:51.927+0000] {processor.py:840} INFO - DAG(s) 'dag_enriquecimento_dados' retrieved from /opt/airflow/dags/dag_enriquecimento_dados.py
[2026-07-14T00:53:51.949+0000] {logging_mixin.py:188} INFO - [2026-07-14T00:53:51.949+0000] {dag.py:3036} INFO - Sync 1 DAGs
[2026-07-14T00:53:51.960+0000] {logging_mixin.py:188} INFO - [2026-07-14T00:53:51.959+0000] {dag.py:3823} INFO - Setting next_dagrun for dag_enriquecimento_dados to None, run_after=None
[2026-07-14T00:53:52.001+0000] {processor.py:183} INFO - Processing /opt/airflow/dags/dag_enriquecimento_dados.py took 0.084 seconds
[2026-07-14T00:54:22.125+0000] {processor.py:161} INFO - Started process (PID=5262) to work on /opt/airflow/dags/dag_enriquecimento_dados.py
[2026-07-14T00:54:22.126+0000] {processor.py:830} INFO - Processing file /opt/airflow/dags/dag_enriquecimento_dados.py for tasks to queue
[2026-07-14T00:54:22.127+0000] {logging_mixin.py:188} INFO - [2026-07-14T00:54:22.126+0000] {dagbag.py:538} INFO - Filling up the DagBag from /opt/airflow/dags/dag_enriquecimento_dados.py
[2026-07-14T00:54:22.135+0000] {processor.py:840} INFO - DAG(s) 'dag_enriquecimento_dados' retrieved from /opt/airflow/dags/dag_enriquecimento_dados.py
[2026-07-14T00:54:22.158+0000] {logging_mixin.py:188} INFO - [2026-07-14T00:54:22.158+0000] {dag.py:3036} INFO - Sync 1 DAGs
[2026-07-14T00:54:22.170+0000] {logging_mixin.py:188} INFO - [2026-07-14T00:54:22.169+0000] {dag.py:3823} INFO - Setting next_dagrun for dag_enriquecimento_dados to None, run_after=None
[2026-07-14T00:54:22.213+0000] {processor.py:183} INFO - Processing /opt/airflow/dags/dag_enriquecimento_dados.py took 0.090 seconds
[2026-07-14T00:54:52.348+0000] {processor.py:161} INFO - Started process (PID=5277) to work on /opt/airflow/dags/dag_enriquecimento_dados.py
[2026-07-14T00:54:52.349+0000] {processor.py:830} INFO - Processing file /opt/airflow/dags/dag_enriquecimento_dados.py for tasks to queue
[2026-07-14T00:54:52.350+0000] {logging_mixin.py:188} INFO - [2026-07-14T00:54:52.349+0000] {dagbag.py:538} INFO - Filling up the DagBag from /opt/airflow/dags/dag_enriquecimento_dados.py
[2026-07-14T00:54:52.357+0000] {processor.py:840} INFO - DAG(s) 'dag_enriquecimento_dados' retrieved from /opt/airflow/dags/dag_enriquecimento_dados.py
[2026-07-14T00:54:52.378+0000] {logging_mixin.py:188} INFO - [2026-07-14T00:54:52.378+0000] {dag.py:3036} INFO - Sync 1 DAGs
[2026-07-14T00:54:52.389+0000] {logging_mixin.py:188} INFO - [2026-07-14T00:54:52.389+0000] {dag.py:3823} INFO - Setting next_dagrun for dag_enriquecimento_dados to None, run_after=None
[2026-07-14T00:54:52.432+0000] {processor.py:183} INFO - Processing /opt/airflow/dags/dag_enriquecimento_dados.py took 0.086 seconds
[2026-07-14T00:55:22.559+0000] {processor.py:161} INFO - Started process (PID=5292) to work on /opt/airflow/dags/dag_enriquecimento_dados.py
[2026-07-14T00:55:22.559+0000] {processor.py:830} INFO - Processing file /opt/airflow/dags/dag_enriquecimento_dados.py for tasks to queue
[2026-07-14T00:55:22.560+0000] {logging_mixin.py:188} INFO - [2026-07-14T00:55:22.560+0000] {dagbag.py:538} INFO - Filling up the DagBag from /opt/airflow/dags/dag_enriquecimento_dados.py
[2026-07-14T00:55:22.567+0000] {processor.py:840} INFO - DAG(s) 'dag_enriquecimento_dados' retrieved from /opt/airflow/dags/dag_enriquecimento_dados.py
[2026-07-14T00:55:22.587+0000] {logging_mixin.py:188} INFO - [2026-07-14T00:55:22.587+0000] {dag.py:3036} INFO - Sync 1 DAGs
[2026-07-14T00:55:22.598+0000] {logging_mixin.py:188} INFO - [2026-07-14T00:55:22.598+0000] {dag.py:3823} INFO - Setting next_dagrun for dag_enriquecimento_dados to None, run_after=None
[2026-07-14T00:55:22.639+0000] {processor.py:183} INFO - Processing /opt/airflow/dags/dag_enriquecimento_dados.py took 0.082 seconds
[2026-07-14T00:55:52.768+0000] {processor.py:161} INFO - Started process (PID=5307) to work on /opt/airflow/dags/dag_enriquecimento_dados.py
[2026-07-14T00:55:52.769+0000] {processor.py:830} INFO - Processing file /opt/airflow/dags/dag_enriquecimento_dados.py for tasks to queue
[2026-07-14T00:55:52.769+0000] {logging_mixin.py:188} INFO - [2026-07-14T00:55:52.769+0000] {dagbag.py:538} INFO - Filling up the DagBag from /opt/airflow/dags/dag_enriquecimento_dados.py
[2026-07-14T00:55:52.777+0000] {processor.py:840} INFO - DAG(s) 'dag_enriquecimento_dados' retrieved from /opt/airflow/dags/dag_enriquecimento_dados.py
[2026-07-14T00:55:52.796+0000] {logging_mixin.py:188} INFO - [2026-07-14T00:55:52.796+0000] {dag.py:3036} INFO - Sync 1 DAGs
[2026-07-14T00:55:52.808+0000] {logging_mixin.py:188} INFO - [2026-07-14T00:55:52.808+0000] {dag.py:3823} INFO - Setting next_dagrun for dag_enriquecimento_dados to None, run_after=None
[2026-07-14T00:55:52.850+0000] {processor.py:183} INFO - Processing /opt/airflow/dags/dag_enriquecimento_dados.py took 0.084 seconds
[2026-07-14T00:56:22.979+0000] {processor.py:161} INFO - Started process (PID=5322) to work on /opt/airflow/dags/dag_enriquecimento_dados.py
[2026-07-14T00:56:22.980+0000] {processor.py:830} INFO - Processing file /opt/airflow/dags/dag_enriquecimento_dados.py for tasks to queue
[2026-07-14T00:56:22.981+0000] {logging_mixin.py:188} INFO - [2026-07-14T00:56:22.980+0000] {dagbag.py:538} INFO - Filling up the DagBag from /opt/airflow/dags/dag_enriquecimento_dados.py
[2026-07-14T00:56:22.988+0000] {processor.py:840} INFO - DAG(s) 'dag_enriquecimento_dados' retrieved from /opt/airflow/dags/dag_enriquecimento_dados.py
[2026-07-14T00:56:23.007+0000] {logging_mixin.py:188} INFO - [2026-07-14T00:56:23.007+0000] {dag.py:3036} INFO - Sync 1 DAGs
[2026-07-14T00:56:23.017+0000] {logging_mixin.py:188} INFO - [2026-07-14T00:56:23.017+0000] {dag.py:3823} INFO - Setting next_dagrun for dag_enriquecimento_dados to None, run_after=None
[2026-07-14T00:56:23.059+0000] {processor.py:183} INFO - Processing /opt/airflow/dags/dag_enriquecimento_dados.py took 0.081 seconds
[2026-07-14T00:56:53.106+0000] {processor.py:161} INFO - Started process (PID=5337) to work on /opt/airflow/dags/dag_enriquecimento_dados.py
[2026-07-14T00:56:53.107+0000] {processor.py:830} INFO - Processing file /opt/airflow/dags/dag_enriquecimento_dados.py for tasks to queue
[2026-07-14T00:56:53.107+0000] {logging_mixin.py:188} INFO - [2026-07-14T00:56:53.107+0000] {dagbag.py:538} INFO - Filling up the DagBag from /opt/airflow/dags/dag_enriquecimento_dados.py
[2026-07-14T00:56:53.116+0000] {processor.py:840} INFO - DAG(s) 'dag_enriquecimento_dados' retrieved from /opt/airflow/dags/dag_enriquecimento_dados.py
[2026-07-14T00:56:53.139+0000] {logging_mixin.py:188} INFO - [2026-07-14T00:56:53.139+0000] {dag.py:3036} INFO - Sync 1 DAGs
[2026-07-14T00:56:53.151+0000] {logging_mixin.py:188} INFO - [2026-07-14T00:56:53.151+0000] {dag.py:3823} INFO - Setting next_dagrun for dag_enriquecimento_dados to None, run_after=None
[2026-07-14T00:56:53.194+0000] {processor.py:183} INFO - Processing /opt/airflow/dags/dag_enriquecimento_dados.py took 0.091 seconds
[2026-07-14T00:57:23.324+0000] {processor.py:161} INFO - Started process (PID=5352) to work on /opt/airflow/dags/dag_enriquecimento_dados.py
[2026-07-14T00:57:23.325+0000] {processor.py:830} INFO - Processing file /opt/airflow/dags/dag_enriquecimento_dados.py for tasks to queue
[2026-07-14T00:57:23.326+0000] {logging_mixin.py:188} INFO - [2026-07-14T00:57:23.325+0000] {dagbag.py:538} INFO - Filling up the DagBag from /opt/airflow/dags/dag_enriquecimento_dados.py
[2026-07-14T00:57:23.333+0000] {processor.py:840} INFO - DAG(s) 'dag_enriquecimento_dados' retrieved from /opt/airflow/dags/dag_enriquecimento_dados.py
[2026-07-14T00:57:23.352+0000] {logging_mixin.py:188} INFO - [2026-07-14T00:57:23.352+0000] {dag.py:3036} INFO - Sync 1 DAGs
[2026-07-14T00:57:23.363+0000] {logging_mixin.py:188} INFO - [2026-07-14T00:57:23.363+0000] {dag.py:3823} INFO - Setting next_dagrun for dag_enriquecimento_dados to None, run_after=None
[2026-07-14T00:57:23.404+0000] {processor.py:183} INFO - Processing /opt/airflow/dags/dag_enriquecimento_dados.py took 0.082 seconds
[2026-07-14T00:57:53.527+0000] {processor.py:161} INFO - Started process (PID=5367) to work on /opt/airflow/dags/dag_enriquecimento_dados.py
[2026-07-14T00:57:53.528+0000] {processor.py:830} INFO - Processing file /opt/airflow/dags/dag_enriquecimento_dados.py for tasks to queue
[2026-07-14T00:57:53.528+0000] {logging_mixin.py:188} INFO - [2026-07-14T00:57:53.528+0000] {dagbag.py:538} INFO - Filling up the DagBag from /opt/airflow/dags/dag_enriquecimento_dados.py
[2026-07-14T00:57:53.537+0000] {processor.py:840} INFO - DAG(s) 'dag_enriquecimento_dados' retrieved from /opt/airflow/dags/dag_enriquecimento_dados.py
[2026-07-14T00:57:53.558+0000] {logging_mixin.py:188} INFO - [2026-07-14T00:57:53.558+0000] {dag.py:3036} INFO - Sync 1 DAGs
[2026-07-14T00:57:53.571+0000] {logging_mixin.py:188} INFO - [2026-07-14T00:57:53.571+0000] {dag.py:3823} INFO - Setting next_dagrun for dag_enriquecimento_dados to None, run_after=None
[2026-07-14T00:57:53.615+0000] {processor.py:183} INFO - Processing /opt/airflow/dags/dag_enriquecimento_dados.py took 0.091 seconds
[2026-07-14T00:58:23.741+0000] {processor.py:161} INFO - Started process (PID=5382) to work on /opt/airflow/dags/dag_enriquecimento_dados.py
[2026-07-14T00:58:23.741+0000] {processor.py:830} INFO - Processing file /opt/airflow/dags/dag_enriquecimento_dados.py for tasks to queue
[2026-07-14T00:58:23.742+0000] {logging_mixin.py:188} INFO - [2026-07-14T00:58:23.742+0000] {dagbag.py:538} INFO - Filling up the DagBag from /opt/airflow/dags/dag_enriquecimento_dados.py
[2026-07-14T00:58:23.750+0000] {processor.py:840} INFO - DAG(s) 'dag_enriquecimento_dados' retrieved from /opt/airflow/dags/dag_enriquecimento_dados.py
[2026-07-14T00:58:23.771+0000] {logging_mixin.py:188} INFO - [2026-07-14T00:58:23.771+0000] {dag.py:3036} INFO - Sync 1 DAGs
[2026-07-14T00:58:23.782+0000] {logging_mixin.py:188} INFO - [2026-07-14T00:58:23.782+0000] {dag.py:3823} INFO - Setting next_dagrun for dag_enriquecimento_dados to None, run_after=None
[2026-07-14T00:58:23.826+0000] {processor.py:183} INFO - Processing /opt/airflow/dags/dag_enriquecimento_dados.py took 0.088 seconds
[2026-07-14T00:58:53.958+0000] {processor.py:161} INFO - Started process (PID=5397) to work on /opt/airflow/dags/dag_enriquecimento_dados.py
[2026-07-14T00:58:53.958+0000] {processor.py:830} INFO - Processing file /opt/airflow/dags/dag_enriquecimento_dados.py for tasks to queue
[2026-07-14T00:58:53.959+0000] {logging_mixin.py:188} INFO - [2026-07-14T00:58:53.959+0000] {dagbag.py:538} INFO - Filling up the DagBag from /opt/airflow/dags/dag_enriquecimento_dados.py
[2026-07-14T00:58:53.966+0000] {processor.py:840} INFO - DAG(s) 'dag_enriquecimento_dados' retrieved from /opt/airflow/dags/dag_enriquecimento_dados.py
[2026-07-14T00:58:53.986+0000] {logging_mixin.py:188} INFO - [2026-07-14T00:58:53.986+0000] {dag.py:3036} INFO - Sync 1 DAGs
[2026-07-14T00:58:53.997+0000] {logging_mixin.py:188} INFO - [2026-07-14T00:58:53.997+0000] {dag.py:3823} INFO - Setting next_dagrun for dag_enriquecimento_dados to None, run_after=None
[2026-07-14T00:58:54.040+0000] {processor.py:183} INFO - Processing /opt/airflow/dags/dag_enriquecimento_dados.py took 0.084 seconds
[2026-07-14T00:59:24.168+0000] {processor.py:161} INFO - Started process (PID=5412) to work on /opt/airflow/dags/dag_enriquecimento_dados.py
[2026-07-14T00:59:24.169+0000] {processor.py:830} INFO - Processing file /opt/airflow/dags/dag_enriquecimento_dados.py for tasks to queue
[2026-07-14T00:59:24.170+0000] {logging_mixin.py:188} INFO - [2026-07-14T00:59:24.169+0000] {dagbag.py:538} INFO - Filling up the DagBag from /opt/airflow/dags/dag_enriquecimento_dados.py
[2026-07-14T00:59:24.177+0000] {processor.py:840} INFO - DAG(s) 'dag_enriquecimento_dados' retrieved from /opt/airflow/dags/dag_enriquecimento_dados.py
[2026-07-14T00:59:24.195+0000] {logging_mixin.py:188} INFO - [2026-07-14T00:59:24.195+0000] {dag.py:3036} INFO - Sync 1 DAGs
[2026-07-14T00:59:24.207+0000] {logging_mixin.py:188} INFO - [2026-07-14T00:59:24.207+0000] {dag.py:3823} INFO - Setting next_dagrun for dag_enriquecimento_dados to None, run_after=None
[2026-07-14T00:59:24.248+0000] {processor.py:183} INFO - Processing /opt/airflow/dags/dag_enriquecimento_dados.py took 0.082 seconds
[2026-07-14T00:59:54.378+0000] {processor.py:161} INFO - Started process (PID=5427) to work on /opt/airflow/dags/dag_enriquecimento_dados.py
[2026-07-14T00:59:54.378+0000] {processor.py:830} INFO - Processing file /opt/airflow/dags/dag_enriquecimento_dados.py for tasks to queue
[2026-07-14T00:59:54.379+0000] {logging_mixin.py:188} INFO - [2026-07-14T00:59:54.379+0000] {dagbag.py:538} INFO - Filling up the DagBag from /opt/airflow/dags/dag_enriquecimento_dados.py
[2026-07-14T00:59:54.388+0000] {processor.py:840} INFO - DAG(s) 'dag_enriquecimento_dados' retrieved from /opt/airflow/dags/dag_enriquecimento_dados.py
[2026-07-14T00:59:54.413+0000] {logging_mixin.py:188} INFO - [2026-07-14T00:59:54.412+0000] {dag.py:3036} INFO - Sync 1 DAGs
[2026-07-14T00:59:54.426+0000] {logging_mixin.py:188} INFO - [2026-07-14T00:59:54.425+0000] {dag.py:3823} INFO - Setting next_dagrun for dag_enriquecimento_dados to None, run_after=None
[2026-07-14T00:59:54.470+0000] {processor.py:183} INFO - Processing /opt/airflow/dags/dag_enriquecimento_dados.py took 0.095 seconds
[2026-07-14T01:00:24.603+0000] {processor.py:161} INFO - Started process (PID=5442) to work on /opt/airflow/dags/dag_enriquecimento_dados.py
[2026-07-14T01:00:24.603+0000] {processor.py:830} INFO - Processing file /opt/airflow/dags/dag_enriquecimento_dados.py for tasks to queue
[2026-07-14T01:00:24.604+0000] {logging_mixin.py:188} INFO - [2026-07-14T01:00:24.604+0000] {dagbag.py:538} INFO - Filling up the DagBag from /opt/airflow/dags/dag_enriquecimento_dados.py
[2026-07-14T01:00:24.611+0000] {processor.py:840} INFO - DAG(s) 'dag_enriquecimento_dados' retrieved from /opt/airflow/dags/dag_enriquecimento_dados.py
[2026-07-14T01:00:24.631+0000] {logging_mixin.py:188} INFO - [2026-07-14T01:00:24.631+0000] {dag.py:3036} INFO - Sync 1 DAGs
[2026-07-14T01:00:24.642+0000] {logging_mixin.py:188} INFO - [2026-07-14T01:00:24.642+0000] {dag.py:3823} INFO - Setting next_dagrun for dag_enriquecimento_dados to None, run_after=None
[2026-07-14T01:00:24.686+0000] {processor.py:183} INFO - Processing /opt/airflow/dags/dag_enriquecimento_dados.py took 0.086 seconds
[2026-07-14T01:00:54.812+0000] {processor.py:161} INFO - Started process (PID=5457) to work on /opt/airflow/dags/dag_enriquecimento_dados.py
[2026-07-14T01:00:54.812+0000] {processor.py:830} INFO - Processing file /opt/airflow/dags/dag_enriquecimento_dados.py for tasks to queue
[2026-07-14T01:00:54.813+0000] {logging_mixin.py:188} INFO - [2026-07-14T01:00:54.813+0000] {dagbag.py:538} INFO - Filling up the DagBag from /opt/airflow/dags/dag_enriquecimento_dados.py
[2026-07-14T01:00:54.820+0000] {processor.py:840} INFO - DAG(s) 'dag_enriquecimento_dados' retrieved from /opt/airflow/dags/dag_enriquecimento_dados.py
[2026-07-14T01:00:54.840+0000] {logging_mixin.py:188} INFO - [2026-07-14T01:00:54.840+0000] {dag.py:3036} INFO - Sync 1 DAGs
[2026-07-14T01:00:54.850+0000] {logging_mixin.py:188} INFO - [2026-07-14T01:00:54.850+0000] {dag.py:3823} INFO - Setting next_dagrun for dag_enriquecimento_dados to None, run_after=None
[2026-07-14T01:00:54.892+0000] {processor.py:183} INFO - Processing /opt/airflow/dags/dag_enriquecimento_dados.py took 0.083 seconds
[2026-07-14T01:01:25.013+0000] {processor.py:161} INFO - Started process (PID=5472) to work on /opt/airflow/dags/dag_enriquecimento_dados.py
[2026-07-14T01:01:25.014+0000] {processor.py:830} INFO - Processing file /opt/airflow/dags/dag_enriquecimento_dados.py for tasks to queue
[2026-07-14T01:01:25.014+0000] {logging_mixin.py:188} INFO - [2026-07-14T01:01:25.014+0000] {dagbag.py:538} INFO - Filling up the DagBag from /opt/airflow/dags/dag_enriquecimento_dados.py
[2026-07-14T01:01:25.022+0000] {processor.py:840} INFO - DAG(s) 'dag_enriquecimento_dados' retrieved from /opt/airflow/dags/dag_enriquecimento_dados.py
[2026-07-14T01:01:25.042+0000] {logging_mixin.py:188} INFO - [2026-07-14T01:01:25.041+0000] {dag.py:3036} INFO - Sync 1 DAGs
[2026-07-14T01:01:25.052+0000] {logging_mixin.py:188} INFO - [2026-07-14T01:01:25.052+0000] {dag.py:3823} INFO - Setting next_dagrun for dag_enriquecimento_dados to None, run_after=None
[2026-07-14T01:01:25.067+0000] {processor.py:183} INFO - Processing /opt/airflow/dags/dag_enriquecimento_dados.py took 0.057 seconds
[2026-07-14T01:01:55.206+0000] {processor.py:161} INFO - Started process (PID=5487) to work on /opt/airflow/dags/dag_enriquecimento_dados.py
[2026-07-14T01:01:55.207+0000] {processor.py:830} INFO - Processing file /opt/airflow/dags/dag_enriquecimento_dados.py for tasks to queue
[2026-07-14T01:01:55.207+0000] {logging_mixin.py:188} INFO - [2026-07-14T01:01:55.207+0000] {dagbag.py:538} INFO - Filling up the DagBag from /opt/airflow/dags/dag_enriquecimento_dados.py
[2026-07-14T01:01:55.215+0000] {processor.py:840} INFO - DAG(s) 'dag_enriquecimento_dados' retrieved from /opt/airflow/dags/dag_enriquecimento_dados.py
[2026-07-14T01:01:55.235+0000] {logging_mixin.py:188} INFO - [2026-07-14T01:01:55.235+0000] {dag.py:3036} INFO - Sync 1 DAGs
[2026-07-14T01:01:55.246+0000] {logging_mixin.py:188} INFO - [2026-07-14T01:01:55.246+0000] {dag.py:3823} INFO - Setting next_dagrun for dag_enriquecimento_dados to None, run_after=None
[2026-07-14T01:01:55.289+0000] {processor.py:183} INFO - Processing /opt/airflow/dags/dag_enriquecimento_dados.py took 0.086 seconds
[2026-07-14T01:02:25.416+0000] {processor.py:161} INFO - Started process (PID=5502) to work on /opt/airflow/dags/dag_enriquecimento_dados.py
[2026-07-14T01:02:25.417+0000] {processor.py:830} INFO - Processing file /opt/airflow/dags/dag_enriquecimento_dados.py for tasks to queue
[2026-07-14T01:02:25.418+0000] {logging_mixin.py:188} INFO - [2026-07-14T01:02:25.417+0000] {dagbag.py:538} INFO - Filling up the DagBag from /opt/airflow/dags/dag_enriquecimento_dados.py
[2026-07-14T01:02:25.425+0000] {processor.py:840} INFO - DAG(s) 'dag_enriquecimento_dados' retrieved from /opt/airflow/dags/dag_enriquecimento_dados.py
[2026-07-14T01:02:25.446+0000] {logging_mixin.py:188} INFO - [2026-07-14T01:02:25.445+0000] {dag.py:3036} INFO - Sync 1 DAGs
[2026-07-14T01:02:25.457+0000] {logging_mixin.py:188} INFO - [2026-07-14T01:02:25.457+0000] {dag.py:3823} INFO - Setting next_dagrun for dag_enriquecimento_dados to None, run_after=None
[2026-07-14T01:02:25.490+0000] {processor.py:183} INFO - Processing /opt/airflow/dags/dag_enriquecimento_dados.py took 0.077 seconds
[2026-07-14T01:02:55.620+0000] {processor.py:161} INFO - Started process (PID=5517) to work on /opt/airflow/dags/dag_enriquecimento_dados.py
[2026-07-14T01:02:55.621+0000] {processor.py:830} INFO - Processing file /opt/airflow/dags/dag_enriquecimento_dados.py for tasks to queue
[2026-07-14T01:02:55.621+0000] {logging_mixin.py:188} INFO - [2026-07-14T01:02:55.621+0000] {dagbag.py:538} INFO - Filling up the DagBag from /opt/airflow/dags/dag_enriquecimento_dados.py
[2026-07-14T01:02:55.628+0000] {processor.py:840} INFO - DAG(s) 'dag_enriquecimento_dados' retrieved from /opt/airflow/dags/dag_enriquecimento_dados.py
[2026-07-14T01:02:55.648+0000] {logging_mixin.py:188} INFO - [2026-07-14T01:02:55.648+0000] {dag.py:3036} INFO - Sync 1 DAGs
[2026-07-14T01:02:55.659+0000] {logging_mixin.py:188} INFO - [2026-07-14T01:02:55.658+0000] {dag.py:3823} INFO - Setting next_dagrun for dag_enriquecimento_dados to None, run_after=None
[2026-07-14T01:02:55.692+0000] {processor.py:183} INFO - Processing /opt/airflow/dags/dag_enriquecimento_dados.py took 0.074 seconds
[2026-07-14T01:03:25.817+0000] {processor.py:161} INFO - Started process (PID=5532) to work on /opt/airflow/dags/dag_enriquecimento_dados.py
[2026-07-14T01:03:25.818+0000] {processor.py:830} INFO - Processing file /opt/airflow/dags/dag_enriquecimento_dados.py for tasks to queue
[2026-07-14T01:03:25.818+0000] {logging_mixin.py:188} INFO - [2026-07-14T01:03:25.818+0000] {dagbag.py:538} INFO - Filling up the DagBag from /opt/airflow/dags/dag_enriquecimento_dados.py
[2026-07-14T01:03:25.825+0000] {processor.py:840} INFO - DAG(s) 'dag_enriquecimento_dados' retrieved from /opt/airflow/dags/dag_enriquecimento_dados.py
[2026-07-14T01:03:25.845+0000] {logging_mixin.py:188} INFO - [2026-07-14T01:03:25.845+0000] {dag.py:3036} INFO - Sync 1 DAGs
[2026-07-14T01:03:25.857+0000] {logging_mixin.py:188} INFO - [2026-07-14T01:03:25.856+0000] {dag.py:3823} INFO - Setting next_dagrun for dag_enriquecimento_dados to None, run_after=None
[2026-07-14T01:03:25.890+0000] {processor.py:183} INFO - Processing /opt/airflow/dags/dag_enriquecimento_dados.py took 0.075 seconds
[2026-07-14T01:03:56.030+0000] {processor.py:161} INFO - Started process (PID=5547) to work on /opt/airflow/dags/dag_enriquecimento_dados.py
[2026-07-14T01:03:56.031+0000] {processor.py:830} INFO - Processing file /opt/airflow/dags/dag_enriquecimento_dados.py for tasks to queue
[2026-07-14T01:03:56.031+0000] {logging_mixin.py:188} INFO - [2026-07-14T01:03:56.031+0000] {dagbag.py:538} INFO - Filling up the DagBag from /opt/airflow/dags/dag_enriquecimento_dados.py
[2026-07-14T01:03:56.039+0000] {processor.py:840} INFO - DAG(s) 'dag_enriquecimento_dados' retrieved from /opt/airflow/dags/dag_enriquecimento_dados.py
[2026-07-14T01:03:56.058+0000] {logging_mixin.py:188} INFO - [2026-07-14T01:03:56.058+0000] {dag.py:3036} INFO - Sync 1 DAGs
[2026-07-14T01:03:56.070+0000] {logging_mixin.py:188} INFO - [2026-07-14T01:03:56.069+0000] {dag.py:3823} INFO - Setting next_dagrun for dag_enriquecimento_dados to None, run_after=None
[2026-07-14T01:03:56.102+0000] {processor.py:183} INFO - Processing /opt/airflow/dags/dag_enriquecimento_dados.py took 0.074 seconds
[2026-07-14T01:04:26.223+0000] {processor.py:161} INFO - Started process (PID=5562) to work on /opt/airflow/dags/dag_enriquecimento_dados.py
[2026-07-14T01:04:26.224+0000] {processor.py:830} INFO - Processing file /opt/airflow/dags/dag_enriquecimento_dados.py for tasks to queue
[2026-07-14T01:04:26.224+0000] {logging_mixin.py:188} INFO - [2026-07-14T01:04:26.224+0000] {dagbag.py:538} INFO - Filling up the DagBag from /opt/airflow/dags/dag_enriquecimento_dados.py
[2026-07-14T01:04:26.231+0000] {processor.py:840} INFO - DAG(s) 'dag_enriquecimento_dados' retrieved from /opt/airflow/dags/dag_enriquecimento_dados.py
[2026-07-14T01:04:26.251+0000] {logging_mixin.py:188} INFO - [2026-07-14T01:04:26.251+0000] {dag.py:3036} INFO - Sync 1 DAGs
[2026-07-14T01:04:26.262+0000] {logging_mixin.py:188} INFO - [2026-07-14T01:04:26.261+0000] {dag.py:3823} INFO - Setting next_dagrun for dag_enriquecimento_dados to None, run_after=None
[2026-07-14T01:04:26.295+0000] {processor.py:183} INFO - Processing /opt/airflow/dags/dag_enriquecimento_dados.py took 0.075 seconds
[2026-07-14T01:04:56.418+0000] {processor.py:161} INFO - Started process (PID=5577) to work on /opt/airflow/dags/dag_enriquecimento_dados.py
[2026-07-14T01:04:56.419+0000] {processor.py:830} INFO - Processing file /opt/airflow/dags/dag_enriquecimento_dados.py for tasks to queue
[2026-07-14T01:04:56.419+0000] {logging_mixin.py:188} INFO - [2026-07-14T01:04:56.419+0000] {dagbag.py:538} INFO - Filling up the DagBag from /opt/airflow/dags/dag_enriquecimento_dados.py
[2026-07-14T01:04:56.427+0000] {processor.py:840} INFO - DAG(s) 'dag_enriquecimento_dados' retrieved from /opt/airflow/dags/dag_enriquecimento_dados.py
[2026-07-14T01:04:56.447+0000] {logging_mixin.py:188} INFO - [2026-07-14T01:04:56.447+0000] {dag.py:3036} INFO - Sync 1 DAGs
[2026-07-14T01:04:56.458+0000] {logging_mixin.py:188} INFO - [2026-07-14T01:04:56.458+0000] {dag.py:3823} INFO - Setting next_dagrun for dag_enriquecimento_dados to None, run_after=None
[2026-07-14T01:04:56.492+0000] {processor.py:183} INFO - Processing /opt/airflow/dags/dag_enriquecimento_dados.py took 0.076 seconds
[2026-07-14T01:05:26.617+0000] {processor.py:161} INFO - Started process (PID=5592) to work on /opt/airflow/dags/dag_enriquecimento_dados.py
[2026-07-14T01:05:26.617+0000] {processor.py:830} INFO - Processing file /opt/airflow/dags/dag_enriquecimento_dados.py for tasks to queue
[2026-07-14T01:05:26.618+0000] {logging_mixin.py:188} INFO - [2026-07-14T01:05:26.618+0000] {dagbag.py:538} INFO - Filling up the DagBag from /opt/airflow/dags/dag_enriquecimento_dados.py
[2026-07-14T01:05:26.626+0000] {processor.py:840} INFO - DAG(s) 'dag_enriquecimento_dados' retrieved from /opt/airflow/dags/dag_enriquecimento_dados.py
[2026-07-14T01:05:26.647+0000] {logging_mixin.py:188} INFO - [2026-07-14T01:05:26.646+0000] {dag.py:3036} INFO - Sync 1 DAGs
[2026-07-14T01:05:26.658+0000] {logging_mixin.py:188} INFO - [2026-07-14T01:05:26.657+0000] {dag.py:3823} INFO - Setting next_dagrun for dag_enriquecimento_dados to None, run_after=None
[2026-07-14T01:05:26.673+0000] {processor.py:183} INFO - Processing /opt/airflow/dags/dag_enriquecimento_dados.py took 0.059 seconds
[2026-07-14T01:05:56.797+0000] {processor.py:161} INFO - Started process (PID=5607) to work on /opt/airflow/dags/dag_enriquecimento_dados.py
[2026-07-14T01:05:56.798+0000] {processor.py:830} INFO - Processing file /opt/airflow/dags/dag_enriquecimento_dados.py for tasks to queue
[2026-07-14T01:05:56.798+0000] {logging_mixin.py:188} INFO - [2026-07-14T01:05:56.798+0000] {dagbag.py:538} INFO - Filling up the DagBag from /opt/airflow/dags/dag_enriquecimento_dados.py
[2026-07-14T01:05:56.806+0000] {processor.py:840} INFO - DAG(s) 'dag_enriquecimento_dados' retrieved from /opt/airflow/dags/dag_enriquecimento_dados.py
[2026-07-14T01:05:56.825+0000] {logging_mixin.py:188} INFO - [2026-07-14T01:05:56.825+0000] {dag.py:3036} INFO - Sync 1 DAGs
[2026-07-14T01:05:56.836+0000] {logging_mixin.py:188} INFO - [2026-07-14T01:05:56.836+0000] {dag.py:3823} INFO - Setting next_dagrun for dag_enriquecimento_dados to None, run_after=None
[2026-07-14T01:05:56.853+0000] {processor.py:183} INFO - Processing /opt/airflow/dags/dag_enriquecimento_dados.py took 0.058 seconds
[2026-07-14T01:06:26.975+0000] {processor.py:161} INFO - Started process (PID=5622) to work on /opt/airflow/dags/dag_enriquecimento_dados.py
[2026-07-14T01:06:26.976+0000] {processor.py:830} INFO - Processing file /opt/airflow/dags/dag_enriquecimento_dados.py for tasks to queue
[2026-07-14T01:06:26.976+0000] {logging_mixin.py:188} INFO - [2026-07-14T01:06:26.976+0000] {dagbag.py:538} INFO - Filling up the DagBag from /opt/airflow/dags/dag_enriquecimento_dados.py
[2026-07-14T01:06:26.984+0000] {processor.py:840} INFO - DAG(s) 'dag_enriquecimento_dados' retrieved from /opt/airflow/dags/dag_enriquecimento_dados.py
[2026-07-14T01:06:27.004+0000] {logging_mixin.py:188} INFO - [2026-07-14T01:06:27.004+0000] {dag.py:3036} INFO - Sync 1 DAGs
[2026-07-14T01:06:27.015+0000] {logging_mixin.py:188} INFO - [2026-07-14T01:06:27.014+0000] {dag.py:3823} INFO - Setting next_dagrun for dag_enriquecimento_dados to None, run_after=None
[2026-07-14T01:06:27.048+0000] {processor.py:183} INFO - Processing /opt/airflow/dags/dag_enriquecimento_dados.py took 0.075 seconds
[2026-07-14T01:06:57.099+0000] {processor.py:161} INFO - Started process (PID=5637) to work on /opt/airflow/dags/dag_enriquecimento_dados.py
[2026-07-14T01:06:57.099+0000] {processor.py:830} INFO - Processing file /opt/airflow/dags/dag_enriquecimento_dados.py for tasks to queue
[2026-07-14T01:06:57.100+0000] {logging_mixin.py:188} INFO - [2026-07-14T01:06:57.100+0000] {dagbag.py:538} INFO - Filling up the DagBag from /opt/airflow/dags/dag_enriquecimento_dados.py
[2026-07-14T01:06:57.109+0000] {processor.py:840} INFO - DAG(s) 'dag_enriquecimento_dados' retrieved from /opt/airflow/dags/dag_enriquecimento_dados.py
[2026-07-14T01:06:57.131+0000] {logging_mixin.py:188} INFO - [2026-07-14T01:06:57.131+0000] {dag.py:3036} INFO - Sync 1 DAGs
[2026-07-14T01:06:57.144+0000] {logging_mixin.py:188} INFO - [2026-07-14T01:06:57.143+0000] {dag.py:3823} INFO - Setting next_dagrun for dag_enriquecimento_dados to None, run_after=None
[2026-07-14T01:06:57.175+0000] {processor.py:183} INFO - Processing /opt/airflow/dags/dag_enriquecimento_dados.py took 0.079 seconds
[2026-07-14T01:07:27.301+0000] {processor.py:161} INFO - Started process (PID=5652) to work on /opt/airflow/dags/dag_enriquecimento_dados.py
[2026-07-14T01:07:27.302+0000] {processor.py:830} INFO - Processing file /opt/airflow/dags/dag_enriquecimento_dados.py for tasks to queue
[2026-07-14T01:07:27.303+0000] {logging_mixin.py:188} INFO - [2026-07-14T01:07:27.303+0000] {dagbag.py:538} INFO - Filling up the DagBag from /opt/airflow/dags/dag_enriquecimento_dados.py
[2026-07-14T01:07:27.311+0000] {processor.py:840} INFO - DAG(s) 'dag_enriquecimento_dados' retrieved from /opt/airflow/dags/dag_enriquecimento_dados.py
[2026-07-14T01:07:27.333+0000] {logging_mixin.py:188} INFO - [2026-07-14T01:07:27.333+0000] {dag.py:3036} INFO - Sync 1 DAGs
[2026-07-14T01:07:27.344+0000] {logging_mixin.py:188} INFO - [2026-07-14T01:07:27.343+0000] {dag.py:3823} INFO - Setting next_dagrun for dag_enriquecimento_dados to None, run_after=None
[2026-07-14T01:07:27.377+0000] {processor.py:183} INFO - Processing /opt/airflow/dags/dag_enriquecimento_dados.py took 0.078 seconds
[2026-07-14T01:07:57.506+0000] {processor.py:161} INFO - Started process (PID=5667) to work on /opt/airflow/dags/dag_enriquecimento_dados.py
[2026-07-14T01:07:57.507+0000] {processor.py:830} INFO - Processing file /opt/airflow/dags/dag_enriquecimento_dados.py for tasks to queue
[2026-07-14T01:07:57.508+0000] {logging_mixin.py:188} INFO - [2026-07-14T01:07:57.507+0000] {dagbag.py:538} INFO - Filling up the DagBag from /opt/airflow/dags/dag_enriquecimento_dados.py
[2026-07-14T01:07:57.515+0000] {processor.py:840} INFO - DAG(s) 'dag_enriquecimento_dados' retrieved from /opt/airflow/dags/dag_enriquecimento_dados.py
[2026-07-14T01:07:57.535+0000] {logging_mixin.py:188} INFO - [2026-07-14T01:07:57.535+0000] {dag.py:3036} INFO - Sync 1 DAGs
[2026-07-14T01:07:57.546+0000] {logging_mixin.py:188} INFO - [2026-07-14T01:07:57.545+0000] {dag.py:3823} INFO - Setting next_dagrun for dag_enriquecimento_dados to None, run_after=None
[2026-07-14T01:07:57.581+0000] {processor.py:183} INFO - Processing /opt/airflow/dags/dag_enriquecimento_dados.py took 0.076 seconds
[2026-07-14T01:08:27.705+0000] {processor.py:161} INFO - Started process (PID=5682) to work on /opt/airflow/dags/dag_enriquecimento_dados.py
[2026-07-14T01:08:27.706+0000] {processor.py:830} INFO - Processing file /opt/airflow/dags/dag_enriquecimento_dados.py for tasks to queue
[2026-07-14T01:08:27.707+0000] {logging_mixin.py:188} INFO - [2026-07-14T01:08:27.706+0000] {dagbag.py:538} INFO - Filling up the DagBag from /opt/airflow/dags/dag_enriquecimento_dados.py
[2026-07-14T01:08:27.715+0000] {processor.py:840} INFO - DAG(s) 'dag_enriquecimento_dados' retrieved from /opt/airflow/dags/dag_enriquecimento_dados.py
[2026-07-14T01:08:27.735+0000] {logging_mixin.py:188} INFO - [2026-07-14T01:08:27.735+0000] {dag.py:3036} INFO - Sync 1 DAGs
[2026-07-14T01:08:27.745+0000] {logging_mixin.py:188} INFO - [2026-07-14T01:08:27.745+0000] {dag.py:3823} INFO - Setting next_dagrun for dag_enriquecimento_dados to None, run_after=None
[2026-07-14T01:08:27.781+0000] {processor.py:183} INFO - Processing /opt/airflow/dags/dag_enriquecimento_dados.py took 0.078 seconds
[2026-07-14T01:08:57.918+0000] {processor.py:161} INFO - Started process (PID=5697) to work on /opt/airflow/dags/dag_enriquecimento_dados.py
[2026-07-14T01:08:57.919+0000] {processor.py:830} INFO - Processing file /opt/airflow/dags/dag_enriquecimento_dados.py for tasks to queue
[2026-07-14T01:08:57.919+0000] {logging_mixin.py:188} INFO - [2026-07-14T01:08:57.919+0000] {dagbag.py:538} INFO - Filling up the DagBag from /opt/airflow/dags/dag_enriquecimento_dados.py
[2026-07-14T01:08:57.926+0000] {processor.py:840} INFO - DAG(s) 'dag_enriquecimento_dados' retrieved from /opt/airflow/dags/dag_enriquecimento_dados.py
[2026-07-14T01:08:57.946+0000] {logging_mixin.py:188} INFO - [2026-07-14T01:08:57.946+0000] {dag.py:3036} INFO - Sync 1 DAGs
[2026-07-14T01:08:57.958+0000] {logging_mixin.py:188} INFO - [2026-07-14T01:08:57.957+0000] {dag.py:3823} INFO - Setting next_dagrun for dag_enriquecimento_dados to None, run_after=None
[2026-07-14T01:08:57.993+0000] {processor.py:183} INFO - Processing /opt/airflow/dags/dag_enriquecimento_dados.py took 0.077 seconds
[2026-07-14T01:09:28.118+0000] {processor.py:161} INFO - Started process (PID=5712) to work on /opt/airflow/dags/dag_enriquecimento_dados.py
[2026-07-14T01:09:28.119+0000] {processor.py:830} INFO - Processing file /opt/airflow/dags/dag_enriquecimento_dados.py for tasks to queue
[2026-07-14T01:09:28.120+0000] {logging_mixin.py:188} INFO - [2026-07-14T01:09:28.119+0000] {dagbag.py:538} INFO - Filling up the DagBag from /opt/airflow/dags/dag_enriquecimento_dados.py
[2026-07-14T01:09:28.127+0000] {processor.py:840} INFO - DAG(s) 'dag_enriquecimento_dados' retrieved from /opt/airflow/dags/dag_enriquecimento_dados.py
[2026-07-14T01:09:28.146+0000] {logging_mixin.py:188} INFO - [2026-07-14T01:09:28.146+0000] {dag.py:3036} INFO - Sync 1 DAGs
[2026-07-14T01:09:28.156+0000] {logging_mixin.py:188} INFO - [2026-07-14T01:09:28.156+0000] {dag.py:3823} INFO - Setting next_dagrun for dag_enriquecimento_dados to None, run_after=None
[2026-07-14T01:09:28.192+0000] {processor.py:183} INFO - Processing /opt/airflow/dags/dag_enriquecimento_dados.py took 0.076 seconds
[2026-07-14T01:09:58.318+0000] {processor.py:161} INFO - Started process (PID=5727) to work on /opt/airflow/dags/dag_enriquecimento_dados.py
[2026-07-14T01:09:58.318+0000] {processor.py:830} INFO - Processing file /opt/airflow/dags/dag_enriquecimento_dados.py for tasks to queue
[2026-07-14T01:09:58.319+0000] {logging_mixin.py:188} INFO - [2026-07-14T01:09:58.319+0000] {dagbag.py:538} INFO - Filling up the DagBag from /opt/airflow/dags/dag_enriquecimento_dados.py
[2026-07-14T01:09:58.326+0000] {processor.py:840} INFO - DAG(s) 'dag_enriquecimento_dados' retrieved from /opt/airflow/dags/dag_enriquecimento_dados.py
[2026-07-14T01:09:58.346+0000] {logging_mixin.py:188} INFO - [2026-07-14T01:09:58.346+0000] {dag.py:3036} INFO - Sync 1 DAGs
[2026-07-14T01:09:58.357+0000] {logging_mixin.py:188} INFO - [2026-07-14T01:09:58.357+0000] {dag.py:3823} INFO - Setting next_dagrun for dag_enriquecimento_dados to None, run_after=None
[2026-07-14T01:09:58.392+0000] {processor.py:183} INFO - Processing /opt/airflow/dags/dag_enriquecimento_dados.py took 0.077 seconds
[2026-07-14T01:10:28.514+0000] {processor.py:161} INFO - Started process (PID=5742) to work on /opt/airflow/dags/dag_enriquecimento_dados.py
[2026-07-14T01:10:28.514+0000] {processor.py:830} INFO - Processing file /opt/airflow/dags/dag_enriquecimento_dados.py for tasks to queue
[2026-07-14T01:10:28.515+0000] {logging_mixin.py:188} INFO - [2026-07-14T01:10:28.515+0000] {dagbag.py:538} INFO - Filling up the DagBag from /opt/airflow/dags/dag_enriquecimento_dados.py
[2026-07-14T01:10:28.522+0000] {processor.py:840} INFO - DAG(s) 'dag_enriquecimento_dados' retrieved from /opt/airflow/dags/dag_enriquecimento_dados.py
[2026-07-14T01:10:28.542+0000] {logging_mixin.py:188} INFO - [2026-07-14T01:10:28.541+0000] {dag.py:3036} INFO - Sync 1 DAGs
[2026-07-14T01:10:28.553+0000] {logging_mixin.py:188} INFO - [2026-07-14T01:10:28.552+0000] {dag.py:3823} INFO - Setting next_dagrun for dag_enriquecimento_dados to None, run_after=None
[2026-07-14T01:10:28.589+0000] {processor.py:183} INFO - Processing /opt/airflow/dags/dag_enriquecimento_dados.py took 0.077 seconds
[2026-07-14T01:10:58.713+0000] {processor.py:161} INFO - Started process (PID=5757) to work on /opt/airflow/dags/dag_enriquecimento_dados.py
[2026-07-14T01:10:58.713+0000] {processor.py:830} INFO - Processing file /opt/airflow/dags/dag_enriquecimento_dados.py for tasks to queue
[2026-07-14T01:10:58.714+0000] {logging_mixin.py:188} INFO - [2026-07-14T01:10:58.714+0000] {dagbag.py:538} INFO - Filling up the DagBag from /opt/airflow/dags/dag_enriquecimento_dados.py
[2026-07-14T01:10:58.723+0000] {processor.py:840} INFO - DAG(s) 'dag_enriquecimento_dados' retrieved from /opt/airflow/dags/dag_enriquecimento_dados.py
[2026-07-14T01:10:58.744+0000] {logging_mixin.py:188} INFO - [2026-07-14T01:10:58.744+0000] {dag.py:3036} INFO - Sync 1 DAGs
[2026-07-14T01:10:58.756+0000] {logging_mixin.py:188} INFO - [2026-07-14T01:10:58.756+0000] {dag.py:3823} INFO - Setting next_dagrun for dag_enriquecimento_dados to None, run_after=None
[2026-07-14T01:10:58.771+0000] {processor.py:183} INFO - Processing /opt/airflow/dags/dag_enriquecimento_dados.py took 0.061 seconds
[2026-07-14T01:11:28.909+0000] {processor.py:161} INFO - Started process (PID=5772) to work on /opt/airflow/dags/dag_enriquecimento_dados.py
[2026-07-14T01:11:28.909+0000] {processor.py:830} INFO - Processing file /opt/airflow/dags/dag_enriquecimento_dados.py for tasks to queue
[2026-07-14T01:11:28.910+0000] {logging_mixin.py:188} INFO - [2026-07-14T01:11:28.910+0000] {dagbag.py:538} INFO - Filling up the DagBag from /opt/airflow/dags/dag_enriquecimento_dados.py
[2026-07-14T01:11:28.917+0000] {processor.py:840} INFO - DAG(s) 'dag_enriquecimento_dados' retrieved from /opt/airflow/dags/dag_enriquecimento_dados.py
[2026-07-14T01:11:28.937+0000] {logging_mixin.py:188} INFO - [2026-07-14T01:11:28.937+0000] {dag.py:3036} INFO - Sync 1 DAGs
[2026-07-14T01:11:28.949+0000] {logging_mixin.py:188} INFO - [2026-07-14T01:11:28.948+0000] {dag.py:3823} INFO - Setting next_dagrun for dag_enriquecimento_dados to None, run_after=None
[2026-07-14T01:11:28.985+0000] {processor.py:183} INFO - Processing /opt/airflow/dags/dag_enriquecimento_dados.py took 0.079 seconds
[2026-07-14T01:11:59.113+0000] {processor.py:161} INFO - Started process (PID=5787) to work on /opt/airflow/dags/dag_enriquecimento_dados.py
[2026-07-14T01:11:59.114+0000] {processor.py:830} INFO - Processing file /opt/airflow/dags/dag_enriquecimento_dados.py for tasks to queue
[2026-07-14T01:11:59.115+0000] {logging_mixin.py:188} INFO - [2026-07-14T01:11:59.114+0000] {dagbag.py:538} INFO - Filling up the DagBag from /opt/airflow/dags/dag_enriquecimento_dados.py
[2026-07-14T01:11:59.122+0000] {processor.py:840} INFO - DAG(s) 'dag_enriquecimento_dados' retrieved from /opt/airflow/dags/dag_enriquecimento_dados.py
[2026-07-14T01:11:59.145+0000] {logging_mixin.py:188} INFO - [2026-07-14T01:11:59.145+0000] {dag.py:3036} INFO - Sync 1 DAGs
[2026-07-14T01:11:59.156+0000] {logging_mixin.py:188} INFO - [2026-07-14T01:11:59.156+0000] {dag.py:3823} INFO - Setting next_dagrun for dag_enriquecimento_dados to None, run_after=None
[2026-07-14T01:11:59.170+0000] {processor.py:183} INFO - Processing /opt/airflow/dags/dag_enriquecimento_dados.py took 0.060 seconds
[2026-07-14T01:12:29.297+0000] {processor.py:161} INFO - Started process (PID=5802) to work on /opt/airflow/dags/dag_enriquecimento_dados.py
[2026-07-14T01:12:29.298+0000] {processor.py:830} INFO - Processing file /opt/airflow/dags/dag_enriquecimento_dados.py for tasks to queue
[2026-07-14T01:12:29.298+0000] {logging_mixin.py:188} INFO - [2026-07-14T01:12:29.298+0000] {dagbag.py:538} INFO - Filling up the DagBag from /opt/airflow/dags/dag_enriquecimento_dados.py
[2026-07-14T01:12:29.306+0000] {processor.py:840} INFO - DAG(s) 'dag_enriquecimento_dados' retrieved from /opt/airflow/dags/dag_enriquecimento_dados.py
[2026-07-14T01:12:29.326+0000] {logging_mixin.py:188} INFO - [2026-07-14T01:12:29.326+0000] {dag.py:3036} INFO - Sync 1 DAGs
[2026-07-14T01:12:29.337+0000] {logging_mixin.py:188} INFO - [2026-07-14T01:12:29.337+0000] {dag.py:3823} INFO - Setting next_dagrun for dag_enriquecimento_dados to None, run_after=None
[2026-07-14T01:12:29.373+0000] {processor.py:183} INFO - Processing /opt/airflow/dags/dag_enriquecimento_dados.py took 0.079 seconds
[2026-07-14T01:12:59.495+0000] {processor.py:161} INFO - Started process (PID=5817) to work on /opt/airflow/dags/dag_enriquecimento_dados.py
[2026-07-14T01:12:59.496+0000] {processor.py:830} INFO - Processing file /opt/airflow/dags/dag_enriquecimento_dados.py for tasks to queue
[2026-07-14T01:12:59.496+0000] {logging_mixin.py:188} INFO - [2026-07-14T01:12:59.496+0000] {dagbag.py:538} INFO - Filling up the DagBag from /opt/airflow/dags/dag_enriquecimento_dados.py
[2026-07-14T01:12:59.504+0000] {processor.py:840} INFO - DAG(s) 'dag_enriquecimento_dados' retrieved from /opt/airflow/dags/dag_enriquecimento_dados.py
[2026-07-14T01:12:59.523+0000] {logging_mixin.py:188} INFO - [2026-07-14T01:12:59.523+0000] {dag.py:3036} INFO - Sync 1 DAGs
[2026-07-14T01:12:59.533+0000] {logging_mixin.py:188} INFO - [2026-07-14T01:12:59.533+0000] {dag.py:3823} INFO - Setting next_dagrun for dag_enriquecimento_dados to None, run_after=None
[2026-07-14T01:12:59.569+0000] {processor.py:183} INFO - Processing /opt/airflow/dags/dag_enriquecimento_dados.py took 0.076 seconds
[2026-07-14T01:13:29.695+0000] {processor.py:161} INFO - Started process (PID=5832) to work on /opt/airflow/dags/dag_enriquecimento_dados.py
[2026-07-14T01:13:29.695+0000] {processor.py:830} INFO - Processing file /opt/airflow/dags/dag_enriquecimento_dados.py for tasks to queue
[2026-07-14T01:13:29.696+0000] {logging_mixin.py:188} INFO - [2026-07-14T01:13:29.696+0000] {dagbag.py:538} INFO - Filling up the DagBag from /opt/airflow/dags/dag_enriquecimento_dados.py
[2026-07-14T01:13:29.703+0000] {processor.py:840} INFO - DAG(s) 'dag_enriquecimento_dados' retrieved from /opt/airflow/dags/dag_enriquecimento_dados.py
[2026-07-14T01:13:29.723+0000] {logging_mixin.py:188} INFO - [2026-07-14T01:13:29.723+0000] {dag.py:3036} INFO - Sync 1 DAGs
[2026-07-14T01:13:29.734+0000] {logging_mixin.py:188} INFO - [2026-07-14T01:13:29.734+0000] {dag.py:3823} INFO - Setting next_dagrun for dag_enriquecimento_dados to None, run_after=None
[2026-07-14T01:13:29.771+0000] {processor.py:183} INFO - Processing /opt/airflow/dags/dag_enriquecimento_dados.py took 0.079 seconds
[2026-07-14T01:13:59.906+0000] {processor.py:161} INFO - Started process (PID=5847) to work on /opt/airflow/dags/dag_enriquecimento_dados.py
[2026-07-14T01:13:59.907+0000] {processor.py:830} INFO - Processing file /opt/airflow/dags/dag_enriquecimento_dados.py for tasks to queue
[2026-07-14T01:13:59.908+0000] {logging_mixin.py:188} INFO - [2026-07-14T01:13:59.907+0000] {dagbag.py:538} INFO - Filling up the DagBag from /opt/airflow/dags/dag_enriquecimento_dados.py
[2026-07-14T01:13:59.915+0000] {processor.py:840} INFO - DAG(s) 'dag_enriquecimento_dados' retrieved from /opt/airflow/dags/dag_enriquecimento_dados.py
[2026-07-14T01:13:59.935+0000] {logging_mixin.py:188} INFO - [2026-07-14T01:13:59.935+0000] {dag.py:3036} INFO - Sync 1 DAGs
[2026-07-14T01:13:59.947+0000] {logging_mixin.py:188} INFO - [2026-07-14T01:13:59.947+0000] {dag.py:3823} INFO - Setting next_dagrun for dag_enriquecimento_dados to None, run_after=None
[2026-07-14T01:13:59.985+0000] {processor.py:183} INFO - Processing /opt/airflow/dags/dag_enriquecimento_dados.py took 0.081 seconds
[2026-07-14T01:14:30.116+0000] {processor.py:161} INFO - Started process (PID=5862) to work on /opt/airflow/dags/dag_enriquecimento_dados.py
[2026-07-14T01:14:30.117+0000] {processor.py:830} INFO - Processing file /opt/airflow/dags/dag_enriquecimento_dados.py for tasks to queue
[2026-07-14T01:14:30.117+0000] {logging_mixin.py:188} INFO - [2026-07-14T01:14:30.117+0000] {dagbag.py:538} INFO - Filling up the DagBag from /opt/airflow/dags/dag_enriquecimento_dados.py
[2026-07-14T01:14:30.125+0000] {processor.py:840} INFO - DAG(s) 'dag_enriquecimento_dados' retrieved from /opt/airflow/dags/dag_enriquecimento_dados.py
[2026-07-14T01:14:30.145+0000] {logging_mixin.py:188} INFO - [2026-07-14T01:14:30.145+0000] {dag.py:3036} INFO - Sync 1 DAGs
[2026-07-14T01:14:30.158+0000] {logging_mixin.py:188} INFO - [2026-07-14T01:14:30.158+0000] {dag.py:3823} INFO - Setting next_dagrun for dag_enriquecimento_dados to None, run_after=None
[2026-07-14T01:14:30.195+0000] {processor.py:183} INFO - Processing /opt/airflow/dags/dag_enriquecimento_dados.py took 0.081 seconds
[2026-07-14T01:15:00.322+0000] {processor.py:161} INFO - Started process (PID=5877) to work on /opt/airflow/dags/dag_enriquecimento_dados.py
[2026-07-14T01:15:00.322+0000] {processor.py:830} INFO - Processing file /opt/airflow/dags/dag_enriquecimento_dados.py for tasks to queue
[2026-07-14T01:15:00.323+0000] {logging_mixin.py:188} INFO - [2026-07-14T01:15:00.323+0000] {dagbag.py:538} INFO - Filling up the DagBag from /opt/airflow/dags/dag_enriquecimento_dados.py
[2026-07-14T01:15:00.330+0000] {processor.py:840} INFO - DAG(s) 'dag_enriquecimento_dados' retrieved from /opt/airflow/dags/dag_enriquecimento_dados.py
[2026-07-14T01:15:00.351+0000] {logging_mixin.py:188} INFO - [2026-07-14T01:15:00.350+0000] {dag.py:3036} INFO - Sync 1 DAGs
[2026-07-14T01:15:00.362+0000] {logging_mixin.py:188} INFO - [2026-07-14T01:15:00.361+0000] {dag.py:3823} INFO - Setting next_dagrun for dag_enriquecimento_dados to None, run_after=None
[2026-07-14T01:15:00.400+0000] {processor.py:183} INFO - Processing /opt/airflow/dags/dag_enriquecimento_dados.py took 0.080 seconds
[2026-07-14T01:15:30.529+0000] {processor.py:161} INFO - Started process (PID=5892) to work on /opt/airflow/dags/dag_enriquecimento_dados.py
[2026-07-14T01:15:30.529+0000] {processor.py:830} INFO - Processing file /opt/airflow/dags/dag_enriquecimento_dados.py for tasks to queue
[2026-07-14T01:15:30.530+0000] {logging_mixin.py:188} INFO - [2026-07-14T01:15:30.530+0000] {dagbag.py:538} INFO - Filling up the DagBag from /opt/airflow/dags/dag_enriquecimento_dados.py
[2026-07-14T01:15:30.537+0000] {processor.py:840} INFO - DAG(s) 'dag_enriquecimento_dados' retrieved from /opt/airflow/dags/dag_enriquecimento_dados.py
[2026-07-14T01:15:30.558+0000] {logging_mixin.py:188} INFO - [2026-07-14T01:15:30.558+0000] {dag.py:3036} INFO - Sync 1 DAGs
[2026-07-14T01:15:30.569+0000] {logging_mixin.py:188} INFO - [2026-07-14T01:15:30.569+0000] {dag.py:3823} INFO - Setting next_dagrun for dag_enriquecimento_dados to None, run_after=None
[2026-07-14T01:15:30.605+0000] {processor.py:183} INFO - Processing /opt/airflow/dags/dag_enriquecimento_dados.py took 0.079 seconds
[2026-07-14T01:16:00.729+0000] {processor.py:161} INFO - Started process (PID=5907) to work on /opt/airflow/dags/dag_enriquecimento_dados.py
[2026-07-14T01:16:00.729+0000] {processor.py:830} INFO - Processing file /opt/airflow/dags/dag_enriquecimento_dados.py for tasks to queue
[2026-07-14T01:16:00.730+0000] {logging_mixin.py:188} INFO - [2026-07-14T01:16:00.730+0000] {dagbag.py:538} INFO - Filling up the DagBag from /opt/airflow/dags/dag_enriquecimento_dados.py
[2026-07-14T01:16:00.737+0000] {processor.py:840} INFO - DAG(s) 'dag_enriquecimento_dados' retrieved from /opt/airflow/dags/dag_enriquecimento_dados.py
[2026-07-14T01:16:00.757+0000] {logging_mixin.py:188} INFO - [2026-07-14T01:16:00.757+0000] {dag.py:3036} INFO - Sync 1 DAGs
[2026-07-14T01:16:00.768+0000] {logging_mixin.py:188} INFO - [2026-07-14T01:16:00.767+0000] {dag.py:3823} INFO - Setting next_dagrun for dag_enriquecimento_dados to None, run_after=None
[2026-07-14T01:16:00.805+0000] {processor.py:183} INFO - Processing /opt/airflow/dags/dag_enriquecimento_dados.py took 0.079 seconds
[2026-07-14T01:16:30.929+0000] {processor.py:161} INFO - Started process (PID=5922) to work on /opt/airflow/dags/dag_enriquecimento_dados.py
[2026-07-14T01:16:30.930+0000] {processor.py:830} INFO - Processing file /opt/airflow/dags/dag_enriquecimento_dados.py for tasks to queue
[2026-07-14T01:16:30.930+0000] {logging_mixin.py:188} INFO - [2026-07-14T01:16:30.930+0000] {dagbag.py:538} INFO - Filling up the DagBag from /opt/airflow/dags/dag_enriquecimento_dados.py
[2026-07-14T01:16:30.938+0000] {processor.py:840} INFO - DAG(s) 'dag_enriquecimento_dados' retrieved from /opt/airflow/dags/dag_enriquecimento_dados.py
[2026-07-14T01:16:30.958+0000] {logging_mixin.py:188} INFO - [2026-07-14T01:16:30.958+0000] {dag.py:3036} INFO - Sync 1 DAGs
[2026-07-14T01:16:30.970+0000] {logging_mixin.py:188} INFO - [2026-07-14T01:16:30.970+0000] {dag.py:3823} INFO - Setting next_dagrun for dag_enriquecimento_dados to None, run_after=None
[2026-07-14T01:16:31.008+0000] {processor.py:183} INFO - Processing /opt/airflow/dags/dag_enriquecimento_dados.py took 0.081 seconds
[2026-07-14T01:17:01.133+0000] {processor.py:161} INFO - Started process (PID=5937) to work on /opt/airflow/dags/dag_enriquecimento_dados.py
[2026-07-14T01:17:01.134+0000] {processor.py:830} INFO - Processing file /opt/airflow/dags/dag_enriquecimento_dados.py for tasks to queue
[2026-07-14T01:17:01.134+0000] {logging_mixin.py:188} INFO - [2026-07-14T01:17:01.134+0000] {dagbag.py:538} INFO - Filling up the DagBag from /opt/airflow/dags/dag_enriquecimento_dados.py
[2026-07-14T01:17:01.142+0000] {processor.py:840} INFO - DAG(s) 'dag_enriquecimento_dados' retrieved from /opt/airflow/dags/dag_enriquecimento_dados.py
[2026-07-14T01:17:01.161+0000] {logging_mixin.py:188} INFO - [2026-07-14T01:17:01.161+0000] {dag.py:3036} INFO - Sync 1 DAGs
[2026-07-14T01:17:01.172+0000] {logging_mixin.py:188} INFO - [2026-07-14T01:17:01.172+0000] {dag.py:3823} INFO - Setting next_dagrun for dag_enriquecimento_dados to None, run_after=None
[2026-07-14T01:17:01.209+0000] {processor.py:183} INFO - Processing /opt/airflow/dags/dag_enriquecimento_dados.py took 0.078 seconds
[2026-07-14T01:17:31.332+0000] {processor.py:161} INFO - Started process (PID=5952) to work on /opt/airflow/dags/dag_enriquecimento_dados.py
[2026-07-14T01:17:31.332+0000] {processor.py:830} INFO - Processing file /opt/airflow/dags/dag_enriquecimento_dados.py for tasks to queue
[2026-07-14T01:17:31.333+0000] {logging_mixin.py:188} INFO - [2026-07-14T01:17:31.333+0000] {dagbag.py:538} INFO - Filling up the DagBag from /opt/airflow/dags/dag_enriquecimento_dados.py
[2026-07-14T01:17:31.340+0000] {processor.py:840} INFO - DAG(s) 'dag_enriquecimento_dados' retrieved from /opt/airflow/dags/dag_enriquecimento_dados.py
[2026-07-14T01:17:31.360+0000] {logging_mixin.py:188} INFO - [2026-07-14T01:17:31.360+0000] {dag.py:3036} INFO - Sync 1 DAGs
[2026-07-14T01:17:31.371+0000] {logging_mixin.py:188} INFO - [2026-07-14T01:17:31.371+0000] {dag.py:3823} INFO - Setting next_dagrun for dag_enriquecimento_dados to None, run_after=None
[2026-07-14T01:17:31.409+0000] {processor.py:183} INFO - Processing /opt/airflow/dags/dag_enriquecimento_dados.py took 0.079 seconds
[2026-07-14T01:18:01.537+0000] {processor.py:161} INFO - Started process (PID=5967) to work on /opt/airflow/dags/dag_enriquecimento_dados.py
[2026-07-14T01:18:01.537+0000] {processor.py:830} INFO - Processing file /opt/airflow/dags/dag_enriquecimento_dados.py for tasks to queue
[2026-07-14T01:18:01.538+0000] {logging_mixin.py:188} INFO - [2026-07-14T01:18:01.537+0000] {dagbag.py:538} INFO - Filling up the DagBag from /opt/airflow/dags/dag_enriquecimento_dados.py
[2026-07-14T01:18:01.545+0000] {processor.py:840} INFO - DAG(s) 'dag_enriquecimento_dados' retrieved from /opt/airflow/dags/dag_enriquecimento_dados.py
[2026-07-14T01:18:01.565+0000] {logging_mixin.py:188} INFO - [2026-07-14T01:18:01.565+0000] {dag.py:3036} INFO - Sync 1 DAGs
[2026-07-14T01:18:01.576+0000] {logging_mixin.py:188} INFO - [2026-07-14T01:18:01.576+0000] {dag.py:3823} INFO - Setting next_dagrun for dag_enriquecimento_dados to None, run_after=None
[2026-07-14T01:18:01.616+0000] {processor.py:183} INFO - Processing /opt/airflow/dags/dag_enriquecimento_dados.py took 0.082 seconds
[2026-07-14T01:18:31.741+0000] {processor.py:161} INFO - Started process (PID=5982) to work on /opt/airflow/dags/dag_enriquecimento_dados.py
[2026-07-14T01:18:31.742+0000] {processor.py:830} INFO - Processing file /opt/airflow/dags/dag_enriquecimento_dados.py for tasks to queue
[2026-07-14T01:18:31.742+0000] {logging_mixin.py:188} INFO - [2026-07-14T01:18:31.742+0000] {dagbag.py:538} INFO - Filling up the DagBag from /opt/airflow/dags/dag_enriquecimento_dados.py
[2026-07-14T01:18:31.750+0000] {processor.py:840} INFO - DAG(s) 'dag_enriquecimento_dados' retrieved from /opt/airflow/dags/dag_enriquecimento_dados.py
[2026-07-14T01:18:31.769+0000] {logging_mixin.py:188} INFO - [2026-07-14T01:18:31.769+0000] {dag.py:3036} INFO - Sync 1 DAGs
[2026-07-14T01:18:31.781+0000] {logging_mixin.py:188} INFO - [2026-07-14T01:18:31.781+0000] {dag.py:3823} INFO - Setting next_dagrun for dag_enriquecimento_dados to None, run_after=None
[2026-07-14T01:18:31.820+0000] {processor.py:183} INFO - Processing /opt/airflow/dags/dag_enriquecimento_dados.py took 0.082 seconds
[2026-07-14T01:19:01.863+0000] {processor.py:161} INFO - Started process (PID=5997) to work on /opt/airflow/dags/dag_enriquecimento_dados.py
[2026-07-14T01:19:01.864+0000] {processor.py:830} INFO - Processing file /opt/airflow/dags/dag_enriquecimento_dados.py for tasks to queue
[2026-07-14T01:19:01.864+0000] {logging_mixin.py:188} INFO - [2026-07-14T01:19:01.864+0000] {dagbag.py:538} INFO - Filling up the DagBag from /opt/airflow/dags/dag_enriquecimento_dados.py
[2026-07-14T01:19:01.872+0000] {processor.py:840} INFO - DAG(s) 'dag_enriquecimento_dados' retrieved from /opt/airflow/dags/dag_enriquecimento_dados.py
[2026-07-14T01:19:01.892+0000] {logging_mixin.py:188} INFO - [2026-07-14T01:19:01.892+0000] {dag.py:3036} INFO - Sync 1 DAGs
[2026-07-14T01:19:01.903+0000] {logging_mixin.py:188} INFO - [2026-07-14T01:19:01.903+0000] {dag.py:3823} INFO - Setting next_dagrun for dag_enriquecimento_dados to None, run_after=None
[2026-07-14T01:19:01.946+0000] {processor.py:183} INFO - Processing /opt/airflow/dags/dag_enriquecimento_dados.py took 0.085 seconds
[2026-07-14T01:19:32.085+0000] {processor.py:161} INFO - Started process (PID=6012) to work on /opt/airflow/dags/dag_enriquecimento_dados.py
[2026-07-14T01:19:32.085+0000] {processor.py:830} INFO - Processing file /opt/airflow/dags/dag_enriquecimento_dados.py for tasks to queue
[2026-07-14T01:19:32.086+0000] {logging_mixin.py:188} INFO - [2026-07-14T01:19:32.086+0000] {dagbag.py:538} INFO - Filling up the DagBag from /opt/airflow/dags/dag_enriquecimento_dados.py
[2026-07-14T01:19:32.093+0000] {processor.py:840} INFO - DAG(s) 'dag_enriquecimento_dados' retrieved from /opt/airflow/dags/dag_enriquecimento_dados.py
[2026-07-14T01:19:32.114+0000] {logging_mixin.py:188} INFO - [2026-07-14T01:19:32.113+0000] {dag.py:3036} INFO - Sync 1 DAGs
[2026-07-14T01:19:32.125+0000] {logging_mixin.py:188} INFO - [2026-07-14T01:19:32.124+0000] {dag.py:3823} INFO - Setting next_dagrun for dag_enriquecimento_dados to None, run_after=None
[2026-07-14T01:19:32.166+0000] {processor.py:183} INFO - Processing /opt/airflow/dags/dag_enriquecimento_dados.py took 0.084 seconds
[2026-07-14T01:20:02.296+0000] {processor.py:161} INFO - Started process (PID=6027) to work on /opt/airflow/dags/dag_enriquecimento_dados.py
[2026-07-14T01:20:02.296+0000] {processor.py:830} INFO - Processing file /opt/airflow/dags/dag_enriquecimento_dados.py for tasks to queue
[2026-07-14T01:20:02.297+0000] {logging_mixin.py:188} INFO - [2026-07-14T01:20:02.297+0000] {dagbag.py:538} INFO - Filling up the DagBag from /opt/airflow/dags/dag_enriquecimento_dados.py
[2026-07-14T01:20:02.305+0000] {processor.py:840} INFO - DAG(s) 'dag_enriquecimento_dados' retrieved from /opt/airflow/dags/dag_enriquecimento_dados.py
[2026-07-14T01:20:02.328+0000] {logging_mixin.py:188} INFO - [2026-07-14T01:20:02.327+0000] {dag.py:3036} INFO - Sync 1 DAGs
[2026-07-14T01:20:02.340+0000] {logging_mixin.py:188} INFO - [2026-07-14T01:20:02.340+0000] {dag.py:3823} INFO - Setting next_dagrun for dag_enriquecimento_dados to None, run_after=None
[2026-07-14T01:20:02.379+0000] {processor.py:183} INFO - Processing /opt/airflow/dags/dag_enriquecimento_dados.py took 0.086 seconds
[2026-07-14T01:20:32.501+0000] {processor.py:161} INFO - Started process (PID=6042) to work on /opt/airflow/dags/dag_enriquecimento_dados.py
[2026-07-14T01:20:32.502+0000] {processor.py:830} INFO - Processing file /opt/airflow/dags/dag_enriquecimento_dados.py for tasks to queue
[2026-07-14T01:20:32.503+0000] {logging_mixin.py:188} INFO - [2026-07-14T01:20:32.503+0000] {dagbag.py:538} INFO - Filling up the DagBag from /opt/airflow/dags/dag_enriquecimento_dados.py
[2026-07-14T01:20:32.512+0000] {processor.py:840} INFO - DAG(s) 'dag_enriquecimento_dados' retrieved from /opt/airflow/dags/dag_enriquecimento_dados.py
[2026-07-14T01:20:32.535+0000] {logging_mixin.py:188} INFO - [2026-07-14T01:20:32.534+0000] {dag.py:3036} INFO - Sync 1 DAGs
[2026-07-14T01:20:32.545+0000] {logging_mixin.py:188} INFO - [2026-07-14T01:20:32.545+0000] {dag.py:3823} INFO - Setting next_dagrun for dag_enriquecimento_dados to None, run_after=None
[2026-07-14T01:20:32.562+0000] {processor.py:183} INFO - Processing /opt/airflow/dags/dag_enriquecimento_dados.py took 0.064 seconds
[2026-07-14T01:21:02.683+0000] {processor.py:161} INFO - Started process (PID=6057) to work on /opt/airflow/dags/dag_enriquecimento_dados.py
[2026-07-14T01:21:02.683+0000] {processor.py:830} INFO - Processing file /opt/airflow/dags/dag_enriquecimento_dados.py for tasks to queue
[2026-07-14T01:21:02.684+0000] {logging_mixin.py:188} INFO - [2026-07-14T01:21:02.684+0000] {dagbag.py:538} INFO - Filling up the DagBag from /opt/airflow/dags/dag_enriquecimento_dados.py
[2026-07-14T01:21:02.692+0000] {processor.py:840} INFO - DAG(s) 'dag_enriquecimento_dados' retrieved from /opt/airflow/dags/dag_enriquecimento_dados.py
[2026-07-14T01:21:02.715+0000] {logging_mixin.py:188} INFO - [2026-07-14T01:21:02.715+0000] {dag.py:3036} INFO - Sync 1 DAGs
[2026-07-14T01:21:02.727+0000] {logging_mixin.py:188} INFO - [2026-07-14T01:21:02.727+0000] {dag.py:3823} INFO - Setting next_dagrun for dag_enriquecimento_dados to None, run_after=None
[2026-07-14T01:21:02.746+0000] {processor.py:183} INFO - Processing /opt/airflow/dags/dag_enriquecimento_dados.py took 0.066 seconds
[2026-07-14T01:21:32.863+0000] {processor.py:161} INFO - Started process (PID=6072) to work on /opt/airflow/dags/dag_enriquecimento_dados.py
[2026-07-14T01:21:32.864+0000] {processor.py:830} INFO - Processing file /opt/airflow/dags/dag_enriquecimento_dados.py for tasks to queue
[2026-07-14T01:21:32.865+0000] {logging_mixin.py:188} INFO - [2026-07-14T01:21:32.864+0000] {dagbag.py:538} INFO - Filling up the DagBag from /opt/airflow/dags/dag_enriquecimento_dados.py
[2026-07-14T01:21:32.872+0000] {processor.py:840} INFO - DAG(s) 'dag_enriquecimento_dados' retrieved from /opt/airflow/dags/dag_enriquecimento_dados.py
[2026-07-14T01:21:32.892+0000] {logging_mixin.py:188} INFO - [2026-07-14T01:21:32.892+0000] {dag.py:3036} INFO - Sync 1 DAGs
[2026-07-14T01:21:32.904+0000] {logging_mixin.py:188} INFO - [2026-07-14T01:21:32.904+0000] {dag.py:3823} INFO - Setting next_dagrun for dag_enriquecimento_dados to None, run_after=None
[2026-07-14T01:21:32.922+0000] {processor.py:183} INFO - Processing /opt/airflow/dags/dag_enriquecimento_dados.py took 0.061 seconds
[2026-07-14T01:22:03.050+0000] {processor.py:161} INFO - Started process (PID=6087) to work on /opt/airflow/dags/dag_enriquecimento_dados.py
[2026-07-14T01:22:03.051+0000] {processor.py:830} INFO - Processing file /opt/airflow/dags/dag_enriquecimento_dados.py for tasks to queue
[2026-07-14T01:22:03.051+0000] {logging_mixin.py:188} INFO - [2026-07-14T01:22:03.051+0000] {dagbag.py:538} INFO - Filling up the DagBag from /opt/airflow/dags/dag_enriquecimento_dados.py
[2026-07-14T01:22:03.059+0000] {processor.py:840} INFO - DAG(s) 'dag_enriquecimento_dados' retrieved from /opt/airflow/dags/dag_enriquecimento_dados.py
[2026-07-14T01:22:03.080+0000] {logging_mixin.py:188} INFO - [2026-07-14T01:22:03.080+0000] {dag.py:3036} INFO - Sync 1 DAGs
[2026-07-14T01:22:03.091+0000] {logging_mixin.py:188} INFO - [2026-07-14T01:22:03.091+0000] {dag.py:3823} INFO - Setting next_dagrun for dag_enriquecimento_dados to None, run_after=None
[2026-07-14T01:22:03.109+0000] {processor.py:183} INFO - Processing /opt/airflow/dags/dag_enriquecimento_dados.py took 0.062 seconds
[2026-07-14T01:22:33.231+0000] {processor.py:161} INFO - Started process (PID=6102) to work on /opt/airflow/dags/dag_enriquecimento_dados.py
[2026-07-14T01:22:33.231+0000] {processor.py:830} INFO - Processing file /opt/airflow/dags/dag_enriquecimento_dados.py for tasks to queue
[2026-07-14T01:22:33.232+0000] {logging_mixin.py:188} INFO - [2026-07-14T01:22:33.232+0000] {dagbag.py:538} INFO - Filling up the DagBag from /opt/airflow/dags/dag_enriquecimento_dados.py
[2026-07-14T01:22:33.240+0000] {processor.py:840} INFO - DAG(s) 'dag_enriquecimento_dados' retrieved from /opt/airflow/dags/dag_enriquecimento_dados.py
[2026-07-14T01:22:33.261+0000] {logging_mixin.py:188} INFO - [2026-07-14T01:22:33.261+0000] {dag.py:3036} INFO - Sync 1 DAGs
[2026-07-14T01:22:33.273+0000] {logging_mixin.py:188} INFO - [2026-07-14T01:22:33.273+0000] {dag.py:3823} INFO - Setting next_dagrun for dag_enriquecimento_dados to None, run_after=None
[2026-07-14T01:22:33.292+0000] {processor.py:183} INFO - Processing /opt/airflow/dags/dag_enriquecimento_dados.py took 0.064 seconds
[2026-07-14T01:23:03.419+0000] {processor.py:161} INFO - Started process (PID=6117) to work on /opt/airflow/dags/dag_enriquecimento_dados.py
[2026-07-14T01:23:03.420+0000] {processor.py:830} INFO - Processing file /opt/airflow/dags/dag_enriquecimento_dados.py for tasks to queue
[2026-07-14T01:23:03.420+0000] {logging_mixin.py:188} INFO - [2026-07-14T01:23:03.420+0000] {dagbag.py:538} INFO - Filling up the DagBag from /opt/airflow/dags/dag_enriquecimento_dados.py
[2026-07-14T01:23:03.428+0000] {processor.py:840} INFO - DAG(s) 'dag_enriquecimento_dados' retrieved from /opt/airflow/dags/dag_enriquecimento_dados.py
[2026-07-14T01:23:03.450+0000] {logging_mixin.py:188} INFO - [2026-07-14T01:23:03.449+0000] {dag.py:3036} INFO - Sync 1 DAGs
[2026-07-14T01:23:03.461+0000] {logging_mixin.py:188} INFO - [2026-07-14T01:23:03.461+0000] {dag.py:3823} INFO - Setting next_dagrun for dag_enriquecimento_dados to None, run_after=None
[2026-07-14T01:23:03.479+0000] {processor.py:183} INFO - Processing /opt/airflow/dags/dag_enriquecimento_dados.py took 0.062 seconds
[2026-07-14T01:23:33.597+0000] {processor.py:161} INFO - Started process (PID=6132) to work on /opt/airflow/dags/dag_enriquecimento_dados.py
[2026-07-14T01:23:33.597+0000] {processor.py:830} INFO - Processing file /opt/airflow/dags/dag_enriquecimento_dados.py for tasks to queue
[2026-07-14T01:23:33.598+0000] {logging_mixin.py:188} INFO - [2026-07-14T01:23:33.598+0000] {dagbag.py:538} INFO - Filling up the DagBag from /opt/airflow/dags/dag_enriquecimento_dados.py
[2026-07-14T01:23:33.606+0000] {processor.py:840} INFO - DAG(s) 'dag_enriquecimento_dados' retrieved from /opt/airflow/dags/dag_enriquecimento_dados.py
[2026-07-14T01:23:33.628+0000] {logging_mixin.py:188} INFO - [2026-07-14T01:23:33.627+0000] {dag.py:3036} INFO - Sync 1 DAGs
[2026-07-14T01:23:33.639+0000] {logging_mixin.py:188} INFO - [2026-07-14T01:23:33.639+0000] {dag.py:3823} INFO - Setting next_dagrun for dag_enriquecimento_dados to None, run_after=None
[2026-07-14T01:23:33.654+0000] {processor.py:183} INFO - Processing /opt/airflow/dags/dag_enriquecimento_dados.py took 0.060 seconds
[2026-07-14T01:24:03.800+0000] {processor.py:161} INFO - Started process (PID=6147) to work on /opt/airflow/dags/dag_enriquecimento_dados.py
[2026-07-14T01:24:03.801+0000] {processor.py:830} INFO - Processing file /opt/airflow/dags/dag_enriquecimento_dados.py for tasks to queue
[2026-07-14T01:24:03.802+0000] {logging_mixin.py:188} INFO - [2026-07-14T01:24:03.802+0000] {dagbag.py:538} INFO - Filling up the DagBag from /opt/airflow/dags/dag_enriquecimento_dados.py
[2026-07-14T01:24:03.810+0000] {processor.py:840} INFO - DAG(s) 'dag_enriquecimento_dados' retrieved from /opt/airflow/dags/dag_enriquecimento_dados.py
[2026-07-14T01:24:03.832+0000] {logging_mixin.py:188} INFO - [2026-07-14T01:24:03.831+0000] {dag.py:3036} INFO - Sync 1 DAGs
[2026-07-14T01:24:03.842+0000] {logging_mixin.py:188} INFO - [2026-07-14T01:24:03.842+0000] {dag.py:3823} INFO - Setting next_dagrun for dag_enriquecimento_dados to None, run_after=None
[2026-07-14T01:24:03.856+0000] {processor.py:183} INFO - Processing /opt/airflow/dags/dag_enriquecimento_dados.py took 0.059 seconds
[2026-07-14T01:24:33.982+0000] {processor.py:161} INFO - Started process (PID=6162) to work on /opt/airflow/dags/dag_enriquecimento_dados.py
[2026-07-14T01:24:33.983+0000] {processor.py:830} INFO - Processing file /opt/airflow/dags/dag_enriquecimento_dados.py for tasks to queue
[2026-07-14T01:24:33.984+0000] {logging_mixin.py:188} INFO - [2026-07-14T01:24:33.983+0000] {dagbag.py:538} INFO - Filling up the DagBag from /opt/airflow/dags/dag_enriquecimento_dados.py
[2026-07-14T01:24:33.991+0000] {processor.py:840} INFO - DAG(s) 'dag_enriquecimento_dados' retrieved from /opt/airflow/dags/dag_enriquecimento_dados.py
[2026-07-14T01:24:34.012+0000] {logging_mixin.py:188} INFO - [2026-07-14T01:24:34.012+0000] {dag.py:3036} INFO - Sync 1 DAGs
[2026-07-14T01:24:34.024+0000] {logging_mixin.py:188} INFO - [2026-07-14T01:24:34.024+0000] {dag.py:3823} INFO - Setting next_dagrun for dag_enriquecimento_dados to None, run_after=None
[2026-07-14T01:24:34.043+0000] {processor.py:183} INFO - Processing /opt/airflow/dags/dag_enriquecimento_dados.py took 0.063 seconds
[2026-07-14T01:25:04.186+0000] {processor.py:161} INFO - Started process (PID=6177) to work on /opt/airflow/dags/dag_enriquecimento_dados.py
[2026-07-14T01:25:04.187+0000] {processor.py:830} INFO - Processing file /opt/airflow/dags/dag_enriquecimento_dados.py for tasks to queue
[2026-07-14T01:25:04.187+0000] {logging_mixin.py:188} INFO - [2026-07-14T01:25:04.187+0000] {dagbag.py:538} INFO - Filling up the DagBag from /opt/airflow/dags/dag_enriquecimento_dados.py
[2026-07-14T01:25:04.195+0000] {processor.py:840} INFO - DAG(s) 'dag_enriquecimento_dados' retrieved from /opt/airflow/dags/dag_enriquecimento_dados.py
[2026-07-14T01:25:04.216+0000] {logging_mixin.py:188} INFO - [2026-07-14T01:25:04.215+0000] {dag.py:3036} INFO - Sync 1 DAGs
[2026-07-14T01:25:04.226+0000] {logging_mixin.py:188} INFO - [2026-07-14T01:25:04.226+0000] {dag.py:3823} INFO - Setting next_dagrun for dag_enriquecimento_dados to None, run_after=None
[2026-07-14T01:25:04.242+0000] {processor.py:183} INFO - Processing /opt/airflow/dags/dag_enriquecimento_dados.py took 0.059 seconds
[2026-07-14T01:25:34.367+0000] {processor.py:161} INFO - Started process (PID=6192) to work on /opt/airflow/dags/dag_enriquecimento_dados.py
[2026-07-14T01:25:34.367+0000] {processor.py:830} INFO - Processing file /opt/airflow/dags/dag_enriquecimento_dados.py for tasks to queue
[2026-07-14T01:25:34.368+0000] {logging_mixin.py:188} INFO - [2026-07-14T01:25:34.368+0000] {dagbag.py:538} INFO - Filling up the DagBag from /opt/airflow/dags/dag_enriquecimento_dados.py
[2026-07-14T01:25:34.376+0000] {processor.py:840} INFO - DAG(s) 'dag_enriquecimento_dados' retrieved from /opt/airflow/dags/dag_enriquecimento_dados.py
[2026-07-14T01:25:34.398+0000] {logging_mixin.py:188} INFO - [2026-07-14T01:25:34.398+0000] {dag.py:3036} INFO - Sync 1 DAGs
[2026-07-14T01:25:34.409+0000] {logging_mixin.py:188} INFO - [2026-07-14T01:25:34.409+0000] {dag.py:3823} INFO - Setting next_dagrun for dag_enriquecimento_dados to None, run_after=None
[2026-07-14T01:25:34.426+0000] {processor.py:183} INFO - Processing /opt/airflow/dags/dag_enriquecimento_dados.py took 0.062 seconds
[2026-07-14T01:26:04.546+0000] {processor.py:161} INFO - Started process (PID=6207) to work on /opt/airflow/dags/dag_enriquecimento_dados.py
[2026-07-14T01:26:04.546+0000] {processor.py:830} INFO - Processing file /opt/airflow/dags/dag_enriquecimento_dados.py for tasks to queue
[2026-07-14T01:26:04.547+0000] {logging_mixin.py:188} INFO - [2026-07-14T01:26:04.547+0000] {dagbag.py:538} INFO - Filling up the DagBag from /opt/airflow/dags/dag_enriquecimento_dados.py
[2026-07-14T01:26:04.554+0000] {processor.py:840} INFO - DAG(s) 'dag_enriquecimento_dados' retrieved from /opt/airflow/dags/dag_enriquecimento_dados.py
[2026-07-14T01:26:04.573+0000] {logging_mixin.py:188} INFO - [2026-07-14T01:26:04.573+0000] {dag.py:3036} INFO - Sync 1 DAGs
[2026-07-14T01:26:04.584+0000] {logging_mixin.py:188} INFO - [2026-07-14T01:26:04.583+0000] {dag.py:3823} INFO - Setting next_dagrun for dag_enriquecimento_dados to None, run_after=None
[2026-07-14T01:26:04.601+0000] {processor.py:183} INFO - Processing /opt/airflow/dags/dag_enriquecimento_dados.py took 0.058 seconds
[2026-07-14T01:26:34.725+0000] {processor.py:161} INFO - Started process (PID=6222) to work on /opt/airflow/dags/dag_enriquecimento_dados.py
[2026-07-14T01:26:34.725+0000] {processor.py:830} INFO - Processing file /opt/airflow/dags/dag_enriquecimento_dados.py for tasks to queue
[2026-07-14T01:26:34.726+0000] {logging_mixin.py:188} INFO - [2026-07-14T01:26:34.726+0000] {dagbag.py:538} INFO - Filling up the DagBag from /opt/airflow/dags/dag_enriquecimento_dados.py
[2026-07-14T01:26:34.733+0000] {processor.py:840} INFO - DAG(s) 'dag_enriquecimento_dados' retrieved from /opt/airflow/dags/dag_enriquecimento_dados.py
[2026-07-14T01:26:34.753+0000] {logging_mixin.py:188} INFO - [2026-07-14T01:26:34.753+0000] {dag.py:3036} INFO - Sync 1 DAGs
[2026-07-14T01:26:34.765+0000] {logging_mixin.py:188} INFO - [2026-07-14T01:26:34.764+0000] {dag.py:3823} INFO - Setting next_dagrun for dag_enriquecimento_dados to None, run_after=None
[2026-07-14T01:26:34.782+0000] {processor.py:183} INFO - Processing /opt/airflow/dags/dag_enriquecimento_dados.py took 0.059 seconds
[2026-07-14T01:27:04.904+0000] {processor.py:161} INFO - Started process (PID=6237) to work on /opt/airflow/dags/dag_enriquecimento_dados.py
[2026-07-14T01:27:04.905+0000] {processor.py:830} INFO - Processing file /opt/airflow/dags/dag_enriquecimento_dados.py for tasks to queue
[2026-07-14T01:27:04.906+0000] {logging_mixin.py:188} INFO - [2026-07-14T01:27:04.906+0000] {dagbag.py:538} INFO - Filling up the DagBag from /opt/airflow/dags/dag_enriquecimento_dados.py
[2026-07-14T01:27:04.913+0000] {processor.py:840} INFO - DAG(s) 'dag_enriquecimento_dados' retrieved from /opt/airflow/dags/dag_enriquecimento_dados.py
[2026-07-14T01:27:04.933+0000] {logging_mixin.py:188} INFO - [2026-07-14T01:27:04.933+0000] {dag.py:3036} INFO - Sync 1 DAGs
[2026-07-14T01:27:04.944+0000] {logging_mixin.py:188} INFO - [2026-07-14T01:27:04.943+0000] {dag.py:3823} INFO - Setting next_dagrun for dag_enriquecimento_dados to None, run_after=None
[2026-07-14T01:27:04.962+0000] {processor.py:183} INFO - Processing /opt/airflow/dags/dag_enriquecimento_dados.py took 0.060 seconds
[2026-07-14T01:27:35.089+0000] {processor.py:161} INFO - Started process (PID=6252) to work on /opt/airflow/dags/dag_enriquecimento_dados.py
[2026-07-14T01:27:35.090+0000] {processor.py:830} INFO - Processing file /opt/airflow/dags/dag_enriquecimento_dados.py for tasks to queue
[2026-07-14T01:27:35.090+0000] {logging_mixin.py:188} INFO - [2026-07-14T01:27:35.090+0000] {dagbag.py:538} INFO - Filling up the DagBag from /opt/airflow/dags/dag_enriquecimento_dados.py
[2026-07-14T01:27:35.097+0000] {processor.py:840} INFO - DAG(s) 'dag_enriquecimento_dados' retrieved from /opt/airflow/dags/dag_enriquecimento_dados.py
[2026-07-14T01:27:35.118+0000] {logging_mixin.py:188} INFO - [2026-07-14T01:27:35.118+0000] {dag.py:3036} INFO - Sync 1 DAGs
[2026-07-14T01:27:35.129+0000] {logging_mixin.py:188} INFO - [2026-07-14T01:27:35.129+0000] {dag.py:3823} INFO - Setting next_dagrun for dag_enriquecimento_dados to None, run_after=None
[2026-07-14T01:27:35.146+0000] {processor.py:183} INFO - Processing /opt/airflow/dags/dag_enriquecimento_dados.py took 0.060 seconds
[2026-07-14T01:28:05.267+0000] {processor.py:161} INFO - Started process (PID=6267) to work on /opt/airflow/dags/dag_enriquecimento_dados.py
[2026-07-14T01:28:05.268+0000] {processor.py:830} INFO - Processing file /opt/airflow/dags/dag_enriquecimento_dados.py for tasks to queue
[2026-07-14T01:28:05.268+0000] {logging_mixin.py:188} INFO - [2026-07-14T01:28:05.268+0000] {dagbag.py:538} INFO - Filling up the DagBag from /opt/airflow/dags/dag_enriquecimento_dados.py
[2026-07-14T01:28:05.275+0000] {processor.py:840} INFO - DAG(s) 'dag_enriquecimento_dados' retrieved from /opt/airflow/dags/dag_enriquecimento_dados.py
[2026-07-14T01:28:05.297+0000] {logging_mixin.py:188} INFO - [2026-07-14T01:28:05.297+0000] {dag.py:3036} INFO - Sync 1 DAGs
[2026-07-14T01:28:05.309+0000] {logging_mixin.py:188} INFO - [2026-07-14T01:28:05.309+0000] {dag.py:3823} INFO - Setting next_dagrun for dag_enriquecimento_dados to None, run_after=None
[2026-07-14T01:28:05.328+0000] {processor.py:183} INFO - Processing /opt/airflow/dags/dag_enriquecimento_dados.py took 0.063 seconds
[2026-07-14T01:28:35.450+0000] {processor.py:161} INFO - Started process (PID=6282) to work on /opt/airflow/dags/dag_enriquecimento_dados.py
[2026-07-14T01:28:35.451+0000] {processor.py:830} INFO - Processing file /opt/airflow/dags/dag_enriquecimento_dados.py for tasks to queue
[2026-07-14T01:28:35.451+0000] {logging_mixin.py:188} INFO - [2026-07-14T01:28:35.451+0000] {dagbag.py:538} INFO - Filling up the DagBag from /opt/airflow/dags/dag_enriquecimento_dados.py
[2026-07-14T01:28:35.458+0000] {processor.py:840} INFO - DAG(s) 'dag_enriquecimento_dados' retrieved from /opt/airflow/dags/dag_enriquecimento_dados.py
[2026-07-14T01:28:35.478+0000] {logging_mixin.py:188} INFO - [2026-07-14T01:28:35.478+0000] {dag.py:3036} INFO - Sync 1 DAGs
[2026-07-14T01:28:35.490+0000] {logging_mixin.py:188} INFO - [2026-07-14T01:28:35.490+0000] {dag.py:3823} INFO - Setting next_dagrun for dag_enriquecimento_dados to None, run_after=None
[2026-07-14T01:28:35.506+0000] {processor.py:183} INFO - Processing /opt/airflow/dags/dag_enriquecimento_dados.py took 0.059 seconds
[2026-07-14T01:29:05.643+0000] {processor.py:161} INFO - Started process (PID=6297) to work on /opt/airflow/dags/dag_enriquecimento_dados.py
[2026-07-14T01:29:05.643+0000] {processor.py:830} INFO - Processing file /opt/airflow/dags/dag_enriquecimento_dados.py for tasks to queue
[2026-07-14T01:29:05.644+0000] {logging_mixin.py:188} INFO - [2026-07-14T01:29:05.644+0000] {dagbag.py:538} INFO - Filling up the DagBag from /opt/airflow/dags/dag_enriquecimento_dados.py
[2026-07-14T01:29:05.653+0000] {processor.py:840} INFO - DAG(s) 'dag_enriquecimento_dados' retrieved from /opt/airflow/dags/dag_enriquecimento_dados.py
[2026-07-14T01:29:05.678+0000] {logging_mixin.py:188} INFO - [2026-07-14T01:29:05.678+0000] {dag.py:3036} INFO - Sync 1 DAGs
[2026-07-14T01:29:05.692+0000] {logging_mixin.py:188} INFO - [2026-07-14T01:29:05.691+0000] {dag.py:3823} INFO - Setting next_dagrun for dag_enriquecimento_dados to None, run_after=None
[2026-07-14T01:29:05.716+0000] {processor.py:183} INFO - Processing /opt/airflow/dags/dag_enriquecimento_dados.py took 0.076 seconds
[2026-07-14T01:29:35.863+0000] {processor.py:161} INFO - Started process (PID=6312) to work on /opt/airflow/dags/dag_enriquecimento_dados.py
[2026-07-14T01:29:35.864+0000] {processor.py:830} INFO - Processing file /opt/airflow/dags/dag_enriquecimento_dados.py for tasks to queue
[2026-07-14T01:29:35.865+0000] {logging_mixin.py:188} INFO - [2026-07-14T01:29:35.865+0000] {dagbag.py:538} INFO - Filling up the DagBag from /opt/airflow/dags/dag_enriquecimento_dados.py
[2026-07-14T01:29:35.872+0000] {processor.py:840} INFO - DAG(s) 'dag_enriquecimento_dados' retrieved from /opt/airflow/dags/dag_enriquecimento_dados.py
[2026-07-14T01:29:35.893+0000] {logging_mixin.py:188} INFO - [2026-07-14T01:29:35.893+0000] {dag.py:3036} INFO - Sync 1 DAGs
[2026-07-14T01:29:35.905+0000] {logging_mixin.py:188} INFO - [2026-07-14T01:29:35.905+0000] {dag.py:3823} INFO - Setting next_dagrun for dag_enriquecimento_dados to None, run_after=None
[2026-07-14T01:29:35.924+0000] {processor.py:183} INFO - Processing /opt/airflow/dags/dag_enriquecimento_dados.py took 0.063 seconds
[2026-07-14T01:30:06.059+0000] {processor.py:161} INFO - Started process (PID=6327) to work on /opt/airflow/dags/dag_enriquecimento_dados.py
[2026-07-14T01:30:06.060+0000] {processor.py:830} INFO - Processing file /opt/airflow/dags/dag_enriquecimento_dados.py for tasks to queue
[2026-07-14T01:30:06.060+0000] {logging_mixin.py:188} INFO - [2026-07-14T01:30:06.060+0000] {dagbag.py:538} INFO - Filling up the DagBag from /opt/airflow/dags/dag_enriquecimento_dados.py
[2026-07-14T01:30:06.070+0000] {processor.py:840} INFO - DAG(s) 'dag_enriquecimento_dados' retrieved from /opt/airflow/dags/dag_enriquecimento_dados.py
[2026-07-14T01:30:06.092+0000] {logging_mixin.py:188} INFO - [2026-07-14T01:30:06.092+0000] {dag.py:3036} INFO - Sync 1 DAGs
[2026-07-14T01:30:06.104+0000] {logging_mixin.py:188} INFO - [2026-07-14T01:30:06.104+0000] {dag.py:3823} INFO - Setting next_dagrun for dag_enriquecimento_dados to None, run_after=None
[2026-07-14T01:30:06.124+0000] {processor.py:183} INFO - Processing /opt/airflow/dags/dag_enriquecimento_dados.py took 0.069 seconds
[2026-07-14T01:30:36.253+0000] {processor.py:161} INFO - Started process (PID=6342) to work on /opt/airflow/dags/dag_enriquecimento_dados.py
[2026-07-14T01:30:36.254+0000] {processor.py:830} INFO - Processing file /opt/airflow/dags/dag_enriquecimento_dados.py for tasks to queue
[2026-07-14T01:30:36.254+0000] {logging_mixin.py:188} INFO - [2026-07-14T01:30:36.254+0000] {dagbag.py:538} INFO - Filling up the DagBag from /opt/airflow/dags/dag_enriquecimento_dados.py
[2026-07-14T01:30:36.262+0000] {processor.py:840} INFO - DAG(s) 'dag_enriquecimento_dados' retrieved from /opt/airflow/dags/dag_enriquecimento_dados.py
[2026-07-14T01:30:36.284+0000] {logging_mixin.py:188} INFO - [2026-07-14T01:30:36.284+0000] {dag.py:3036} INFO - Sync 1 DAGs
[2026-07-14T01:30:36.297+0000] {logging_mixin.py:188} INFO - [2026-07-14T01:30:36.297+0000] {dag.py:3823} INFO - Setting next_dagrun for dag_enriquecimento_dados to None, run_after=None
[2026-07-14T01:30:36.318+0000] {processor.py:183} INFO - Processing /opt/airflow/dags/dag_enriquecimento_dados.py took 0.068 seconds
[2026-07-14T01:31:06.446+0000] {processor.py:161} INFO - Started process (PID=6357) to work on /opt/airflow/dags/dag_enriquecimento_dados.py
[2026-07-14T01:31:06.446+0000] {processor.py:830} INFO - Processing file /opt/airflow/dags/dag_enriquecimento_dados.py for tasks to queue
[2026-07-14T01:31:06.447+0000] {logging_mixin.py:188} INFO - [2026-07-14T01:31:06.447+0000] {dagbag.py:538} INFO - Filling up the DagBag from /opt/airflow/dags/dag_enriquecimento_dados.py
[2026-07-14T01:31:06.454+0000] {processor.py:840} INFO - DAG(s) 'dag_enriquecimento_dados' retrieved from /opt/airflow/dags/dag_enriquecimento_dados.py
[2026-07-14T01:31:06.475+0000] {logging_mixin.py:188} INFO - [2026-07-14T01:31:06.475+0000] {dag.py:3036} INFO - Sync 1 DAGs
[2026-07-14T01:31:06.487+0000] {logging_mixin.py:188} INFO - [2026-07-14T01:31:06.487+0000] {dag.py:3823} INFO - Setting next_dagrun for dag_enriquecimento_dados to None, run_after=None
[2026-07-14T01:31:06.507+0000] {processor.py:183} INFO - Processing /opt/airflow/dags/dag_enriquecimento_dados.py took 0.064 seconds
[2026-07-14T01:31:36.633+0000] {processor.py:161} INFO - Started process (PID=6372) to work on /opt/airflow/dags/dag_enriquecimento_dados.py
[2026-07-14T01:31:36.633+0000] {processor.py:830} INFO - Processing file /opt/airflow/dags/dag_enriquecimento_dados.py for tasks to queue
[2026-07-14T01:31:36.634+0000] {logging_mixin.py:188} INFO - [2026-07-14T01:31:36.634+0000] {dagbag.py:538} INFO - Filling up the DagBag from /opt/airflow/dags/dag_enriquecimento_dados.py
[2026-07-14T01:31:36.642+0000] {processor.py:840} INFO - DAG(s) 'dag_enriquecimento_dados' retrieved from /opt/airflow/dags/dag_enriquecimento_dados.py
[2026-07-14T01:31:36.663+0000] {logging_mixin.py:188} INFO - [2026-07-14T01:31:36.663+0000] {dag.py:3036} INFO - Sync 1 DAGs
[2026-07-14T01:31:36.674+0000] {logging_mixin.py:188} INFO - [2026-07-14T01:31:36.674+0000] {dag.py:3823} INFO - Setting next_dagrun for dag_enriquecimento_dados to None, run_after=None
[2026-07-14T01:31:36.692+0000] {processor.py:183} INFO - Processing /opt/airflow/dags/dag_enriquecimento_dados.py took 0.062 seconds
[2026-07-14T01:32:06.834+0000] {processor.py:161} INFO - Started process (PID=6387) to work on /opt/airflow/dags/dag_enriquecimento_dados.py
[2026-07-14T01:32:06.835+0000] {processor.py:830} INFO - Processing file /opt/airflow/dags/dag_enriquecimento_dados.py for tasks to queue
[2026-07-14T01:32:06.836+0000] {logging_mixin.py:188} INFO - [2026-07-14T01:32:06.835+0000] {dagbag.py:538} INFO - Filling up the DagBag from /opt/airflow/dags/dag_enriquecimento_dados.py
[2026-07-14T01:32:06.844+0000] {processor.py:840} INFO - DAG(s) 'dag_enriquecimento_dados' retrieved from /opt/airflow/dags/dag_enriquecimento_dados.py
[2026-07-14T01:32:06.865+0000] {logging_mixin.py:188} INFO - [2026-07-14T01:32:06.865+0000] {dag.py:3036} INFO - Sync 1 DAGs
[2026-07-14T01:32:06.876+0000] {logging_mixin.py:188} INFO - [2026-07-14T01:32:06.876+0000] {dag.py:3823} INFO - Setting next_dagrun for dag_enriquecimento_dados to None, run_after=None
[2026-07-14T01:32:06.895+0000] {processor.py:183} INFO - Processing /opt/airflow/dags/dag_enriquecimento_dados.py took 0.064 seconds
[2026-07-14T01:32:37.026+0000] {processor.py:161} INFO - Started process (PID=6402) to work on /opt/airflow/dags/dag_enriquecimento_dados.py
[2026-07-14T01:32:37.026+0000] {processor.py:830} INFO - Processing file /opt/airflow/dags/dag_enriquecimento_dados.py for tasks to queue
[2026-07-14T01:32:37.027+0000] {logging_mixin.py:188} INFO - [2026-07-14T01:32:37.027+0000] {dagbag.py:538} INFO - Filling up the DagBag from /opt/airflow/dags/dag_enriquecimento_dados.py
[2026-07-14T01:32:37.036+0000] {processor.py:840} INFO - DAG(s) 'dag_enriquecimento_dados' retrieved from /opt/airflow/dags/dag_enriquecimento_dados.py
[2026-07-14T01:32:37.057+0000] {logging_mixin.py:188} INFO - [2026-07-14T01:32:37.057+0000] {dag.py:3036} INFO - Sync 1 DAGs
[2026-07-14T01:32:37.069+0000] {logging_mixin.py:188} INFO - [2026-07-14T01:32:37.069+0000] {dag.py:3823} INFO - Setting next_dagrun for dag_enriquecimento_dados to None, run_after=None
[2026-07-14T01:32:37.087+0000] {processor.py:183} INFO - Processing /opt/airflow/dags/dag_enriquecimento_dados.py took 0.064 seconds
[2026-07-14T01:33:07.211+0000] {processor.py:161} INFO - Started process (PID=6417) to work on /opt/airflow/dags/dag_enriquecimento_dados.py
[2026-07-14T01:33:07.211+0000] {processor.py:830} INFO - Processing file /opt/airflow/dags/dag_enriquecimento_dados.py for tasks to queue
[2026-07-14T01:33:07.212+0000] {logging_mixin.py:188} INFO - [2026-07-14T01:33:07.212+0000] {dagbag.py:538} INFO - Filling up the DagBag from /opt/airflow/dags/dag_enriquecimento_dados.py
[2026-07-14T01:33:07.220+0000] {processor.py:840} INFO - DAG(s) 'dag_enriquecimento_dados' retrieved from /opt/airflow/dags/dag_enriquecimento_dados.py
[2026-07-14T01:33:07.240+0000] {logging_mixin.py:188} INFO - [2026-07-14T01:33:07.240+0000] {dag.py:3036} INFO - Sync 1 DAGs
[2026-07-14T01:33:07.252+0000] {logging_mixin.py:188} INFO - [2026-07-14T01:33:07.251+0000] {dag.py:3823} INFO - Setting next_dagrun for dag_enriquecimento_dados to None, run_after=None
[2026-07-14T01:33:07.271+0000] {processor.py:183} INFO - Processing /opt/airflow/dags/dag_enriquecimento_dados.py took 0.063 seconds
[2026-07-14T01:33:37.413+0000] {processor.py:161} INFO - Started process (PID=6432) to work on /opt/airflow/dags/dag_enriquecimento_dados.py
[2026-07-14T01:33:37.414+0000] {processor.py:830} INFO - Processing file /opt/airflow/dags/dag_enriquecimento_dados.py for tasks to queue
[2026-07-14T01:33:37.414+0000] {logging_mixin.py:188} INFO - [2026-07-14T01:33:37.414+0000] {dagbag.py:538} INFO - Filling up the DagBag from /opt/airflow/dags/dag_enriquecimento_dados.py
[2026-07-14T01:33:37.423+0000] {processor.py:840} INFO - DAG(s) 'dag_enriquecimento_dados' retrieved from /opt/airflow/dags/dag_enriquecimento_dados.py
[2026-07-14T01:33:37.445+0000] {logging_mixin.py:188} INFO - [2026-07-14T01:33:37.445+0000] {dag.py:3036} INFO - Sync 1 DAGs
[2026-07-14T01:33:37.457+0000] {logging_mixin.py:188} INFO - [2026-07-14T01:33:37.457+0000] {dag.py:3823} INFO - Setting next_dagrun for dag_enriquecimento_dados to None, run_after=None
[2026-07-14T01:33:37.476+0000] {processor.py:183} INFO - Processing /opt/airflow/dags/dag_enriquecimento_dados.py took 0.065 seconds
[2026-07-14T01:34:07.616+0000] {processor.py:161} INFO - Started process (PID=6447) to work on /opt/airflow/dags/dag_enriquecimento_dados.py
[2026-07-14T01:34:07.617+0000] {processor.py:830} INFO - Processing file /opt/airflow/dags/dag_enriquecimento_dados.py for tasks to queue
[2026-07-14T01:34:07.618+0000] {logging_mixin.py:188} INFO - [2026-07-14T01:34:07.618+0000] {dagbag.py:538} INFO - Filling up the DagBag from /opt/airflow/dags/dag_enriquecimento_dados.py
[2026-07-14T01:34:07.626+0000] {processor.py:840} INFO - DAG(s) 'dag_enriquecimento_dados' retrieved from /opt/airflow/dags/dag_enriquecimento_dados.py
[2026-07-14T01:34:07.647+0000] {logging_mixin.py:188} INFO - [2026-07-14T01:34:07.646+0000] {dag.py:3036} INFO - Sync 1 DAGs
[2026-07-14T01:34:07.659+0000] {logging_mixin.py:188} INFO - [2026-07-14T01:34:07.658+0000] {dag.py:3823} INFO - Setting next_dagrun for dag_enriquecimento_dados to None, run_after=None
[2026-07-14T01:34:07.678+0000] {processor.py:183} INFO - Processing /opt/airflow/dags/dag_enriquecimento_dados.py took 0.064 seconds
[2026-07-14T01:34:37.807+0000] {processor.py:161} INFO - Started process (PID=6462) to work on /opt/airflow/dags/dag_enriquecimento_dados.py
[2026-07-14T01:34:37.807+0000] {processor.py:830} INFO - Processing file /opt/airflow/dags/dag_enriquecimento_dados.py for tasks to queue
[2026-07-14T01:34:37.808+0000] {logging_mixin.py:188} INFO - [2026-07-14T01:34:37.808+0000] {dagbag.py:538} INFO - Filling up the DagBag from /opt/airflow/dags/dag_enriquecimento_dados.py
[2026-07-14T01:34:37.815+0000] {processor.py:840} INFO - DAG(s) 'dag_enriquecimento_dados' retrieved from /opt/airflow/dags/dag_enriquecimento_dados.py
[2026-07-14T01:34:37.835+0000] {logging_mixin.py:188} INFO - [2026-07-14T01:34:37.835+0000] {dag.py:3036} INFO - Sync 1 DAGs
[2026-07-14T01:34:37.848+0000] {logging_mixin.py:188} INFO - [2026-07-14T01:34:37.848+0000] {dag.py:3823} INFO - Setting next_dagrun for dag_enriquecimento_dados to None, run_after=None
[2026-07-14T01:34:37.866+0000] {processor.py:183} INFO - Processing /opt/airflow/dags/dag_enriquecimento_dados.py took 0.062 seconds
[2026-07-14T01:35:07.997+0000] {processor.py:161} INFO - Started process (PID=6477) to work on /opt/airflow/dags/dag_enriquecimento_dados.py
[2026-07-14T01:35:07.998+0000] {processor.py:830} INFO - Processing file /opt/airflow/dags/dag_enriquecimento_dados.py for tasks to queue
[2026-07-14T01:35:07.998+0000] {logging_mixin.py:188} INFO - [2026-07-14T01:35:07.998+0000] {dagbag.py:538} INFO - Filling up the DagBag from /opt/airflow/dags/dag_enriquecimento_dados.py
[2026-07-14T01:35:08.007+0000] {processor.py:840} INFO - DAG(s) 'dag_enriquecimento_dados' retrieved from /opt/airflow/dags/dag_enriquecimento_dados.py
[2026-07-14T01:35:08.029+0000] {logging_mixin.py:188} INFO - [2026-07-14T01:35:08.028+0000] {dag.py:3036} INFO - Sync 1 DAGs
[2026-07-14T01:35:08.041+0000] {logging_mixin.py:188} INFO - [2026-07-14T01:35:08.041+0000] {dag.py:3823} INFO - Setting next_dagrun for dag_enriquecimento_dados to None, run_after=None
[2026-07-14T01:35:08.061+0000] {processor.py:183} INFO - Processing /opt/airflow/dags/dag_enriquecimento_dados.py took 0.067 seconds
[2026-07-14T01:35:38.202+0000] {processor.py:161} INFO - Started process (PID=6492) to work on /opt/airflow/dags/dag_enriquecimento_dados.py
[2026-07-14T01:35:38.203+0000] {processor.py:830} INFO - Processing file /opt/airflow/dags/dag_enriquecimento_dados.py for tasks to queue
[2026-07-14T01:35:38.203+0000] {logging_mixin.py:188} INFO - [2026-07-14T01:35:38.203+0000] {dagbag.py:538} INFO - Filling up the DagBag from /opt/airflow/dags/dag_enriquecimento_dados.py
[2026-07-14T01:35:38.211+0000] {processor.py:840} INFO - DAG(s) 'dag_enriquecimento_dados' retrieved from /opt/airflow/dags/dag_enriquecimento_dados.py
[2026-07-14T01:35:38.232+0000] {logging_mixin.py:188} INFO - [2026-07-14T01:35:38.232+0000] {dag.py:3036} INFO - Sync 1 DAGs
[2026-07-14T01:35:38.243+0000] {logging_mixin.py:188} INFO - [2026-07-14T01:35:38.243+0000] {dag.py:3823} INFO - Setting next_dagrun for dag_enriquecimento_dados to None, run_after=None
[2026-07-14T01:35:38.262+0000] {processor.py:183} INFO - Processing /opt/airflow/dags/dag_enriquecimento_dados.py took 0.063 seconds
[2026-07-14T01:36:08.397+0000] {processor.py:161} INFO - Started process (PID=6507) to work on /opt/airflow/dags/dag_enriquecimento_dados.py
[2026-07-14T01:36:08.397+0000] {processor.py:830} INFO - Processing file /opt/airflow/dags/dag_enriquecimento_dados.py for tasks to queue
[2026-07-14T01:36:08.398+0000] {logging_mixin.py:188} INFO - [2026-07-14T01:36:08.398+0000] {dagbag.py:538} INFO - Filling up the DagBag from /opt/airflow/dags/dag_enriquecimento_dados.py
[2026-07-14T01:36:08.407+0000] {processor.py:840} INFO - DAG(s) 'dag_enriquecimento_dados' retrieved from /opt/airflow/dags/dag_enriquecimento_dados.py
[2026-07-14T01:36:08.430+0000] {logging_mixin.py:188} INFO - [2026-07-14T01:36:08.430+0000] {dag.py:3036} INFO - Sync 1 DAGs
[2026-07-14T01:36:08.444+0000] {logging_mixin.py:188} INFO - [2026-07-14T01:36:08.443+0000] {dag.py:3823} INFO - Setting next_dagrun for dag_enriquecimento_dados to None, run_after=None
[2026-07-14T01:36:08.464+0000] {processor.py:183} INFO - Processing /opt/airflow/dags/dag_enriquecimento_dados.py took 0.070 seconds
[2026-07-14T01:36:38.597+0000] {processor.py:161} INFO - Started process (PID=6522) to work on /opt/airflow/dags/dag_enriquecimento_dados.py
[2026-07-14T01:36:38.598+0000] {processor.py:830} INFO - Processing file /opt/airflow/dags/dag_enriquecimento_dados.py for tasks to queue
[2026-07-14T01:36:38.598+0000] {logging_mixin.py:188} INFO - [2026-07-14T01:36:38.598+0000] {dagbag.py:538} INFO - Filling up the DagBag from /opt/airflow/dags/dag_enriquecimento_dados.py
[2026-07-14T01:36:38.607+0000] {processor.py:840} INFO - DAG(s) 'dag_enriquecimento_dados' retrieved from /opt/airflow/dags/dag_enriquecimento_dados.py
[2026-07-14T01:36:38.627+0000] {logging_mixin.py:188} INFO - [2026-07-14T01:36:38.627+0000] {dag.py:3036} INFO - Sync 1 DAGs
[2026-07-14T01:36:38.638+0000] {logging_mixin.py:188} INFO - [2026-07-14T01:36:38.638+0000] {dag.py:3823} INFO - Setting next_dagrun for dag_enriquecimento_dados to None, run_after=None
[2026-07-14T01:36:38.658+0000] {processor.py:183} INFO - Processing /opt/airflow/dags/dag_enriquecimento_dados.py took 0.063 seconds
[2026-07-14T01:37:08.799+0000] {processor.py:161} INFO - Started process (PID=6537) to work on /opt/airflow/dags/dag_enriquecimento_dados.py
[2026-07-14T01:37:08.800+0000] {processor.py:830} INFO - Processing file /opt/airflow/dags/dag_enriquecimento_dados.py for tasks to queue
[2026-07-14T01:37:08.801+0000] {logging_mixin.py:188} INFO - [2026-07-14T01:37:08.800+0000] {dagbag.py:538} INFO - Filling up the DagBag from /opt/airflow/dags/dag_enriquecimento_dados.py
[2026-07-14T01:37:08.808+0000] {processor.py:840} INFO - DAG(s) 'dag_enriquecimento_dados' retrieved from /opt/airflow/dags/dag_enriquecimento_dados.py
[2026-07-14T01:37:08.828+0000] {logging_mixin.py:188} INFO - [2026-07-14T01:37:08.828+0000] {dag.py:3036} INFO - Sync 1 DAGs
[2026-07-14T01:37:08.839+0000] {logging_mixin.py:188} INFO - [2026-07-14T01:37:08.838+0000] {dag.py:3823} INFO - Setting next_dagrun for dag_enriquecimento_dados to None, run_after=None
[2026-07-14T01:37:08.856+0000] {processor.py:183} INFO - Processing /opt/airflow/dags/dag_enriquecimento_dados.py took 0.059 seconds
[2026-07-14T01:37:38.988+0000] {processor.py:161} INFO - Started process (PID=6552) to work on /opt/airflow/dags/dag_enriquecimento_dados.py
[2026-07-14T01:37:38.988+0000] {processor.py:830} INFO - Processing file /opt/airflow/dags/dag_enriquecimento_dados.py for tasks to queue
[2026-07-14T01:37:38.989+0000] {logging_mixin.py:188} INFO - [2026-07-14T01:37:38.989+0000] {dagbag.py:538} INFO - Filling up the DagBag from /opt/airflow/dags/dag_enriquecimento_dados.py
[2026-07-14T01:37:38.997+0000] {processor.py:840} INFO - DAG(s) 'dag_enriquecimento_dados' retrieved from /opt/airflow/dags/dag_enriquecimento_dados.py
[2026-07-14T01:37:39.019+0000] {logging_mixin.py:188} INFO - [2026-07-14T01:37:39.019+0000] {dag.py:3036} INFO - Sync 1 DAGs
[2026-07-14T01:37:39.032+0000] {logging_mixin.py:188} INFO - [2026-07-14T01:37:39.031+0000] {dag.py:3823} INFO - Setting next_dagrun for dag_enriquecimento_dados to None, run_after=None
[2026-07-14T01:37:39.051+0000] {processor.py:183} INFO - Processing /opt/airflow/dags/dag_enriquecimento_dados.py took 0.066 seconds
[2026-07-14T01:38:09.187+0000] {processor.py:161} INFO - Started process (PID=6567) to work on /opt/airflow/dags/dag_enriquecimento_dados.py
[2026-07-14T01:38:09.188+0000] {processor.py:830} INFO - Processing file /opt/airflow/dags/dag_enriquecimento_dados.py for tasks to queue
[2026-07-14T01:38:09.189+0000] {logging_mixin.py:188} INFO - [2026-07-14T01:38:09.188+0000] {dagbag.py:538} INFO - Filling up the DagBag from /opt/airflow/dags/dag_enriquecimento_dados.py
[2026-07-14T01:38:09.198+0000] {processor.py:840} INFO - DAG(s) 'dag_enriquecimento_dados' retrieved from /opt/airflow/dags/dag_enriquecimento_dados.py
[2026-07-14T01:38:09.224+0000] {logging_mixin.py:188} INFO - [2026-07-14T01:38:09.224+0000] {dag.py:3036} INFO - Sync 1 DAGs
[2026-07-14T01:38:09.238+0000] {logging_mixin.py:188} INFO - [2026-07-14T01:38:09.237+0000] {dag.py:3823} INFO - Setting next_dagrun for dag_enriquecimento_dados to None, run_after=None
[2026-07-14T01:38:09.260+0000] {processor.py:183} INFO - Processing /opt/airflow/dags/dag_enriquecimento_dados.py took 0.077 seconds
[2026-07-14T01:38:39.386+0000] {processor.py:161} INFO - Started process (PID=6582) to work on /opt/airflow/dags/dag_enriquecimento_dados.py
[2026-07-14T01:38:39.387+0000] {processor.py:830} INFO - Processing file /opt/airflow/dags/dag_enriquecimento_dados.py for tasks to queue
[2026-07-14T01:38:39.387+0000] {logging_mixin.py:188} INFO - [2026-07-14T01:38:39.387+0000] {dagbag.py:538} INFO - Filling up the DagBag from /opt/airflow/dags/dag_enriquecimento_dados.py
[2026-07-14T01:38:39.396+0000] {processor.py:840} INFO - DAG(s) 'dag_enriquecimento_dados' retrieved from /opt/airflow/dags/dag_enriquecimento_dados.py
[2026-07-14T01:38:39.421+0000] {logging_mixin.py:188} INFO - [2026-07-14T01:38:39.420+0000] {dag.py:3036} INFO - Sync 1 DAGs
[2026-07-14T01:38:39.435+0000] {logging_mixin.py:188} INFO - [2026-07-14T01:38:39.434+0000] {dag.py:3823} INFO - Setting next_dagrun for dag_enriquecimento_dados to None, run_after=None
[2026-07-14T01:38:39.459+0000] {processor.py:183} INFO - Processing /opt/airflow/dags/dag_enriquecimento_dados.py took 0.076 seconds
[2026-07-14T01:39:09.601+0000] {processor.py:161} INFO - Started process (PID=6597) to work on /opt/airflow/dags/dag_enriquecimento_dados.py
[2026-07-14T01:39:09.602+0000] {processor.py:830} INFO - Processing file /opt/airflow/dags/dag_enriquecimento_dados.py for tasks to queue
[2026-07-14T01:39:09.602+0000] {logging_mixin.py:188} INFO - [2026-07-14T01:39:09.602+0000] {dagbag.py:538} INFO - Filling up the DagBag from /opt/airflow/dags/dag_enriquecimento_dados.py
[2026-07-14T01:39:09.610+0000] {processor.py:840} INFO - DAG(s) 'dag_enriquecimento_dados' retrieved from /opt/airflow/dags/dag_enriquecimento_dados.py
[2026-07-14T01:39:09.631+0000] {logging_mixin.py:188} INFO - [2026-07-14T01:39:09.631+0000] {dag.py:3036} INFO - Sync 1 DAGs
[2026-07-14T01:39:09.642+0000] {logging_mixin.py:188} INFO - [2026-07-14T01:39:09.642+0000] {dag.py:3823} INFO - Setting next_dagrun for dag_enriquecimento_dados to None, run_after=None
[2026-07-14T01:39:09.658+0000] {processor.py:183} INFO - Processing /opt/airflow/dags/dag_enriquecimento_dados.py took 0.060 seconds
[2026-07-14T01:39:39.789+0000] {processor.py:161} INFO - Started process (PID=6612) to work on /opt/airflow/dags/dag_enriquecimento_dados.py
[2026-07-14T01:39:39.790+0000] {processor.py:830} INFO - Processing file /opt/airflow/dags/dag_enriquecimento_dados.py for tasks to queue
[2026-07-14T01:39:39.790+0000] {logging_mixin.py:188} INFO - [2026-07-14T01:39:39.790+0000] {dagbag.py:538} INFO - Filling up the DagBag from /opt/airflow/dags/dag_enriquecimento_dados.py
[2026-07-14T01:39:39.798+0000] {processor.py:840} INFO - DAG(s) 'dag_enriquecimento_dados' retrieved from /opt/airflow/dags/dag_enriquecimento_dados.py
[2026-07-14T01:39:39.819+0000] {logging_mixin.py:188} INFO - [2026-07-14T01:39:39.819+0000] {dag.py:3036} INFO - Sync 1 DAGs
[2026-07-14T01:39:39.831+0000] {logging_mixin.py:188} INFO - [2026-07-14T01:39:39.831+0000] {dag.py:3823} INFO - Setting next_dagrun for dag_enriquecimento_dados to None, run_after=None
[2026-07-14T01:39:39.851+0000] {processor.py:183} INFO - Processing /opt/airflow/dags/dag_enriquecimento_dados.py took 0.065 seconds
[2026-07-14T01:40:09.984+0000] {processor.py:161} INFO - Started process (PID=6627) to work on /opt/airflow/dags/dag_enriquecimento_dados.py
[2026-07-14T01:40:09.985+0000] {processor.py:830} INFO - Processing file /opt/airflow/dags/dag_enriquecimento_dados.py for tasks to queue
[2026-07-14T01:40:09.986+0000] {logging_mixin.py:188} INFO - [2026-07-14T01:40:09.986+0000] {dagbag.py:538} INFO - Filling up the DagBag from /opt/airflow/dags/dag_enriquecimento_dados.py
[2026-07-14T01:40:09.994+0000] {processor.py:840} INFO - DAG(s) 'dag_enriquecimento_dados' retrieved from /opt/airflow/dags/dag_enriquecimento_dados.py
[2026-07-14T01:40:10.014+0000] {logging_mixin.py:188} INFO - [2026-07-14T01:40:10.014+0000] {dag.py:3036} INFO - Sync 1 DAGs
[2026-07-14T01:40:10.025+0000] {logging_mixin.py:188} INFO - [2026-07-14T01:40:10.025+0000] {dag.py:3823} INFO - Setting next_dagrun for dag_enriquecimento_dados to None, run_after=None
[2026-07-14T01:40:10.044+0000] {processor.py:183} INFO - Processing /opt/airflow/dags/dag_enriquecimento_dados.py took 0.062 seconds
[2026-07-14T01:40:40.171+0000] {processor.py:161} INFO - Started process (PID=6642) to work on /opt/airflow/dags/dag_enriquecimento_dados.py
[2026-07-14T01:40:40.171+0000] {processor.py:830} INFO - Processing file /opt/airflow/dags/dag_enriquecimento_dados.py for tasks to queue
[2026-07-14T01:40:40.172+0000] {logging_mixin.py:188} INFO - [2026-07-14T01:40:40.172+0000] {dagbag.py:538} INFO - Filling up the DagBag from /opt/airflow/dags/dag_enriquecimento_dados.py
[2026-07-14T01:40:40.180+0000] {processor.py:840} INFO - DAG(s) 'dag_enriquecimento_dados' retrieved from /opt/airflow/dags/dag_enriquecimento_dados.py
[2026-07-14T01:40:40.202+0000] {logging_mixin.py:188} INFO - [2026-07-14T01:40:40.202+0000] {dag.py:3036} INFO - Sync 1 DAGs
[2026-07-14T01:40:40.215+0000] {logging_mixin.py:188} INFO - [2026-07-14T01:40:40.214+0000] {dag.py:3823} INFO - Setting next_dagrun for dag_enriquecimento_dados to None, run_after=None
[2026-07-14T01:40:40.234+0000] {processor.py:183} INFO - Processing /opt/airflow/dags/dag_enriquecimento_dados.py took 0.067 seconds
[2026-07-14T01:41:10.366+0000] {processor.py:161} INFO - Started process (PID=6657) to work on /opt/airflow/dags/dag_enriquecimento_dados.py
[2026-07-14T01:41:10.366+0000] {processor.py:830} INFO - Processing file /opt/airflow/dags/dag_enriquecimento_dados.py for tasks to queue
[2026-07-14T01:41:10.367+0000] {logging_mixin.py:188} INFO - [2026-07-14T01:41:10.367+0000] {dagbag.py:538} INFO - Filling up the DagBag from /opt/airflow/dags/dag_enriquecimento_dados.py
[2026-07-14T01:41:10.375+0000] {processor.py:840} INFO - DAG(s) 'dag_enriquecimento_dados' retrieved from /opt/airflow/dags/dag_enriquecimento_dados.py
[2026-07-14T01:41:10.399+0000] {logging_mixin.py:188} INFO - [2026-07-14T01:41:10.399+0000] {dag.py:3036} INFO - Sync 1 DAGs
[2026-07-14T01:41:10.412+0000] {logging_mixin.py:188} INFO - [2026-07-14T01:41:10.412+0000] {dag.py:3823} INFO - Setting next_dagrun for dag_enriquecimento_dados to None, run_after=None
[2026-07-14T01:41:10.430+0000] {processor.py:183} INFO - Processing /opt/airflow/dags/dag_enriquecimento_dados.py took 0.067 seconds
[2026-07-14T01:41:40.560+0000] {processor.py:161} INFO - Started process (PID=6672) to work on /opt/airflow/dags/dag_enriquecimento_dados.py
[2026-07-14T01:41:40.561+0000] {processor.py:830} INFO - Processing file /opt/airflow/dags/dag_enriquecimento_dados.py for tasks to queue
[2026-07-14T01:41:40.561+0000] {logging_mixin.py:188} INFO - [2026-07-14T01:41:40.561+0000] {dagbag.py:538} INFO - Filling up the DagBag from /opt/airflow/dags/dag_enriquecimento_dados.py
[2026-07-14T01:41:40.569+0000] {processor.py:840} INFO - DAG(s) 'dag_enriquecimento_dados' retrieved from /opt/airflow/dags/dag_enriquecimento_dados.py
[2026-07-14T01:41:40.591+0000] {logging_mixin.py:188} INFO - [2026-07-14T01:41:40.591+0000] {dag.py:3036} INFO - Sync 1 DAGs
[2026-07-14T01:41:40.602+0000] {logging_mixin.py:188} INFO - [2026-07-14T01:41:40.602+0000] {dag.py:3823} INFO - Setting next_dagrun for dag_enriquecimento_dados to None, run_after=None
[2026-07-14T01:41:40.622+0000] {processor.py:183} INFO - Processing /opt/airflow/dags/dag_enriquecimento_dados.py took 0.065 seconds
[2026-07-14T01:42:10.765+0000] {processor.py:161} INFO - Started process (PID=6687) to work on /opt/airflow/dags/dag_enriquecimento_dados.py
[2026-07-14T01:42:10.765+0000] {processor.py:830} INFO - Processing file /opt/airflow/dags/dag_enriquecimento_dados.py for tasks to queue
[2026-07-14T01:42:10.766+0000] {logging_mixin.py:188} INFO - [2026-07-14T01:42:10.766+0000] {dagbag.py:538} INFO - Filling up the DagBag from /opt/airflow/dags/dag_enriquecimento_dados.py
[2026-07-14T01:42:10.774+0000] {processor.py:840} INFO - DAG(s) 'dag_enriquecimento_dados' retrieved from /opt/airflow/dags/dag_enriquecimento_dados.py
[2026-07-14T01:42:10.798+0000] {logging_mixin.py:188} INFO - [2026-07-14T01:42:10.798+0000] {dag.py:3036} INFO - Sync 1 DAGs
[2026-07-14T01:42:10.812+0000] {logging_mixin.py:188} INFO - [2026-07-14T01:42:10.812+0000] {dag.py:3823} INFO - Setting next_dagrun for dag_enriquecimento_dados to None, run_after=None
[2026-07-14T01:42:10.835+0000] {processor.py:183} INFO - Processing /opt/airflow/dags/dag_enriquecimento_dados.py took 0.073 seconds
[2026-07-14T01:42:40.972+0000] {processor.py:161} INFO - Started process (PID=6702) to work on /opt/airflow/dags/dag_enriquecimento_dados.py
[2026-07-14T01:42:40.973+0000] {processor.py:830} INFO - Processing file /opt/airflow/dags/dag_enriquecimento_dados.py for tasks to queue
[2026-07-14T01:42:40.973+0000] {logging_mixin.py:188} INFO - [2026-07-14T01:42:40.973+0000] {dagbag.py:538} INFO - Filling up the DagBag from /opt/airflow/dags/dag_enriquecimento_dados.py
[2026-07-14T01:42:40.982+0000] {processor.py:840} INFO - DAG(s) 'dag_enriquecimento_dados' retrieved from /opt/airflow/dags/dag_enriquecimento_dados.py
[2026-07-14T01:42:41.005+0000] {logging_mixin.py:188} INFO - [2026-07-14T01:42:41.004+0000] {dag.py:3036} INFO - Sync 1 DAGs
[2026-07-14T01:42:41.018+0000] {logging_mixin.py:188} INFO - [2026-07-14T01:42:41.017+0000] {dag.py:3823} INFO - Setting next_dagrun for dag_enriquecimento_dados to None, run_after=None
[2026-07-14T01:42:41.038+0000] {processor.py:183} INFO - Processing /opt/airflow/dags/dag_enriquecimento_dados.py took 0.069 seconds
[2026-07-14T01:43:11.185+0000] {processor.py:161} INFO - Started process (PID=6717) to work on /opt/airflow/dags/dag_enriquecimento_dados.py
[2026-07-14T01:43:11.186+0000] {processor.py:830} INFO - Processing file /opt/airflow/dags/dag_enriquecimento_dados.py for tasks to queue
[2026-07-14T01:43:11.187+0000] {logging_mixin.py:188} INFO - [2026-07-14T01:43:11.186+0000] {dagbag.py:538} INFO - Filling up the DagBag from /opt/airflow/dags/dag_enriquecimento_dados.py
[2026-07-14T01:43:11.194+0000] {processor.py:840} INFO - DAG(s) 'dag_enriquecimento_dados' retrieved from /opt/airflow/dags/dag_enriquecimento_dados.py
[2026-07-14T01:43:11.214+0000] {logging_mixin.py:188} INFO - [2026-07-14T01:43:11.214+0000] {dag.py:3036} INFO - Sync 1 DAGs
[2026-07-14T01:43:11.225+0000] {logging_mixin.py:188} INFO - [2026-07-14T01:43:11.225+0000] {dag.py:3823} INFO - Setting next_dagrun for dag_enriquecimento_dados to None, run_after=None
[2026-07-14T01:43:11.242+0000] {processor.py:183} INFO - Processing /opt/airflow/dags/dag_enriquecimento_dados.py took 0.060 seconds
[2026-07-14T01:43:41.376+0000] {processor.py:161} INFO - Started process (PID=6732) to work on /opt/airflow/dags/dag_enriquecimento_dados.py
[2026-07-14T01:43:41.377+0000] {processor.py:830} INFO - Processing file /opt/airflow/dags/dag_enriquecimento_dados.py for tasks to queue
[2026-07-14T01:43:41.377+0000] {logging_mixin.py:188} INFO - [2026-07-14T01:43:41.377+0000] {dagbag.py:538} INFO - Filling up the DagBag from /opt/airflow/dags/dag_enriquecimento_dados.py
[2026-07-14T01:43:41.385+0000] {processor.py:840} INFO - DAG(s) 'dag_enriquecimento_dados' retrieved from /opt/airflow/dags/dag_enriquecimento_dados.py
[2026-07-14T01:43:41.406+0000] {logging_mixin.py:188} INFO - [2026-07-14T01:43:41.406+0000] {dag.py:3036} INFO - Sync 1 DAGs
[2026-07-14T01:43:41.417+0000] {logging_mixin.py:188} INFO - [2026-07-14T01:43:41.416+0000] {dag.py:3823} INFO - Setting next_dagrun for dag_enriquecimento_dados to None, run_after=None
[2026-07-14T01:43:41.434+0000] {processor.py:183} INFO - Processing /opt/airflow/dags/dag_enriquecimento_dados.py took 0.060 seconds
[2026-07-14T01:44:11.581+0000] {processor.py:161} INFO - Started process (PID=6747) to work on /opt/airflow/dags/dag_enriquecimento_dados.py
[2026-07-14T01:44:11.582+0000] {processor.py:830} INFO - Processing file /opt/airflow/dags/dag_enriquecimento_dados.py for tasks to queue
[2026-07-14T01:44:11.583+0000] {logging_mixin.py:188} INFO - [2026-07-14T01:44:11.582+0000] {dagbag.py:538} INFO - Filling up the DagBag from /opt/airflow/dags/dag_enriquecimento_dados.py
[2026-07-14T01:44:11.590+0000] {processor.py:840} INFO - DAG(s) 'dag_enriquecimento_dados' retrieved from /opt/airflow/dags/dag_enriquecimento_dados.py
[2026-07-14T01:44:11.612+0000] {logging_mixin.py:188} INFO - [2026-07-14T01:44:11.611+0000] {dag.py:3036} INFO - Sync 1 DAGs
[2026-07-14T01:44:11.624+0000] {logging_mixin.py:188} INFO - [2026-07-14T01:44:11.624+0000] {dag.py:3823} INFO - Setting next_dagrun for dag_enriquecimento_dados to None, run_after=None
[2026-07-14T01:44:11.645+0000] {processor.py:183} INFO - Processing /opt/airflow/dags/dag_enriquecimento_dados.py took 0.066 seconds
[2026-07-14T01:44:41.770+0000] {processor.py:161} INFO - Started process (PID=6762) to work on /opt/airflow/dags/dag_enriquecimento_dados.py
[2026-07-14T01:44:41.771+0000] {processor.py:830} INFO - Processing file /opt/airflow/dags/dag_enriquecimento_dados.py for tasks to queue
[2026-07-14T01:44:41.772+0000] {logging_mixin.py:188} INFO - [2026-07-14T01:44:41.772+0000] {dagbag.py:538} INFO - Filling up the DagBag from /opt/airflow/dags/dag_enriquecimento_dados.py
[2026-07-14T01:44:41.780+0000] {processor.py:840} INFO - DAG(s) 'dag_enriquecimento_dados' retrieved from /opt/airflow/dags/dag_enriquecimento_dados.py
[2026-07-14T01:44:41.799+0000] {logging_mixin.py:188} INFO - [2026-07-14T01:44:41.799+0000] {dag.py:3036} INFO - Sync 1 DAGs
[2026-07-14T01:44:41.810+0000] {logging_mixin.py:188} INFO - [2026-07-14T01:44:41.810+0000] {dag.py:3823} INFO - Setting next_dagrun for dag_enriquecimento_dados to None, run_after=None
[2026-07-14T01:44:41.828+0000] {processor.py:183} INFO - Processing /opt/airflow/dags/dag_enriquecimento_dados.py took 0.060 seconds
[2026-07-14T01:45:11.956+0000] {processor.py:161} INFO - Started process (PID=6777) to work on /opt/airflow/dags/dag_enriquecimento_dados.py
[2026-07-14T01:45:11.956+0000] {processor.py:830} INFO - Processing file /opt/airflow/dags/dag_enriquecimento_dados.py for tasks to queue
[2026-07-14T01:45:11.957+0000] {logging_mixin.py:188} INFO - [2026-07-14T01:45:11.957+0000] {dagbag.py:538} INFO - Filling up the DagBag from /opt/airflow/dags/dag_enriquecimento_dados.py
[2026-07-14T01:45:11.964+0000] {processor.py:840} INFO - DAG(s) 'dag_enriquecimento_dados' retrieved from /opt/airflow/dags/dag_enriquecimento_dados.py
[2026-07-14T01:45:11.983+0000] {logging_mixin.py:188} INFO - [2026-07-14T01:45:11.983+0000] {dag.py:3036} INFO - Sync 1 DAGs
[2026-07-14T01:45:11.994+0000] {logging_mixin.py:188} INFO - [2026-07-14T01:45:11.994+0000] {dag.py:3823} INFO - Setting next_dagrun for dag_enriquecimento_dados to None, run_after=None
[2026-07-14T01:45:12.007+0000] {processor.py:183} INFO - Processing /opt/airflow/dags/dag_enriquecimento_dados.py took 0.054 seconds
[2026-07-14T01:45:42.141+0000] {processor.py:161} INFO - Started process (PID=6792) to work on /opt/airflow/dags/dag_enriquecimento_dados.py
[2026-07-14T01:45:42.142+0000] {processor.py:830} INFO - Processing file /opt/airflow/dags/dag_enriquecimento_dados.py for tasks to queue
[2026-07-14T01:45:42.142+0000] {logging_mixin.py:188} INFO - [2026-07-14T01:45:42.142+0000] {dagbag.py:538} INFO - Filling up the DagBag from /opt/airflow/dags/dag_enriquecimento_dados.py
[2026-07-14T01:45:42.150+0000] {processor.py:840} INFO - DAG(s) 'dag_enriquecimento_dados' retrieved from /opt/airflow/dags/dag_enriquecimento_dados.py
[2026-07-14T01:45:42.176+0000] {logging_mixin.py:188} INFO - [2026-07-14T01:45:42.175+0000] {dag.py:3036} INFO - Sync 1 DAGs
[2026-07-14T01:45:42.187+0000] {logging_mixin.py:188} INFO - [2026-07-14T01:45:42.187+0000] {dag.py:3823} INFO - Setting next_dagrun for dag_enriquecimento_dados to None, run_after=None
[2026-07-14T01:45:42.207+0000] {processor.py:183} INFO - Processing /opt/airflow/dags/dag_enriquecimento_dados.py took 0.069 seconds
[2026-07-14T01:46:12.329+0000] {processor.py:161} INFO - Started process (PID=6807) to work on /opt/airflow/dags/dag_enriquecimento_dados.py
[2026-07-14T01:46:12.330+0000] {processor.py:830} INFO - Processing file /opt/airflow/dags/dag_enriquecimento_dados.py for tasks to queue
[2026-07-14T01:46:12.330+0000] {logging_mixin.py:188} INFO - [2026-07-14T01:46:12.330+0000] {dagbag.py:538} INFO - Filling up the DagBag from /opt/airflow/dags/dag_enriquecimento_dados.py
[2026-07-14T01:46:12.337+0000] {processor.py:840} INFO - DAG(s) 'dag_enriquecimento_dados' retrieved from /opt/airflow/dags/dag_enriquecimento_dados.py
[2026-07-14T01:46:12.356+0000] {logging_mixin.py:188} INFO - [2026-07-14T01:46:12.356+0000] {dag.py:3036} INFO - Sync 1 DAGs
[2026-07-14T01:46:12.367+0000] {logging_mixin.py:188} INFO - [2026-07-14T01:46:12.367+0000] {dag.py:3823} INFO - Setting next_dagrun for dag_enriquecimento_dados to None, run_after=None
[2026-07-14T01:46:12.384+0000] {processor.py:183} INFO - Processing /opt/airflow/dags/dag_enriquecimento_dados.py took 0.057 seconds
[2026-07-14T01:46:42.507+0000] {processor.py:161} INFO - Started process (PID=6822) to work on /opt/airflow/dags/dag_enriquecimento_dados.py
[2026-07-14T01:46:42.508+0000] {processor.py:830} INFO - Processing file /opt/airflow/dags/dag_enriquecimento_dados.py for tasks to queue
[2026-07-14T01:46:42.508+0000] {logging_mixin.py:188} INFO - [2026-07-14T01:46:42.508+0000] {dagbag.py:538} INFO - Filling up the DagBag from /opt/airflow/dags/dag_enriquecimento_dados.py
[2026-07-14T01:46:42.517+0000] {processor.py:840} INFO - DAG(s) 'dag_enriquecimento_dados' retrieved from /opt/airflow/dags/dag_enriquecimento_dados.py
[2026-07-14T01:46:42.537+0000] {logging_mixin.py:188} INFO - [2026-07-14T01:46:42.536+0000] {dag.py:3036} INFO - Sync 1 DAGs
[2026-07-14T01:46:42.549+0000] {logging_mixin.py:188} INFO - [2026-07-14T01:46:42.549+0000] {dag.py:3823} INFO - Setting next_dagrun for dag_enriquecimento_dados to None, run_after=None
[2026-07-14T01:46:42.568+0000] {processor.py:183} INFO - Processing /opt/airflow/dags/dag_enriquecimento_dados.py took 0.064 seconds
[2026-07-14T01:47:12.711+0000] {processor.py:161} INFO - Started process (PID=6837) to work on /opt/airflow/dags/dag_enriquecimento_dados.py
[2026-07-14T01:47:12.712+0000] {processor.py:830} INFO - Processing file /opt/airflow/dags/dag_enriquecimento_dados.py for tasks to queue
[2026-07-14T01:47:12.712+0000] {logging_mixin.py:188} INFO - [2026-07-14T01:47:12.712+0000] {dagbag.py:538} INFO - Filling up the DagBag from /opt/airflow/dags/dag_enriquecimento_dados.py
[2026-07-14T01:47:12.720+0000] {processor.py:840} INFO - DAG(s) 'dag_enriquecimento_dados' retrieved from /opt/airflow/dags/dag_enriquecimento_dados.py
[2026-07-14T01:47:12.740+0000] {logging_mixin.py:188} INFO - [2026-07-14T01:47:12.740+0000] {dag.py:3036} INFO - Sync 1 DAGs
[2026-07-14T01:47:12.750+0000] {logging_mixin.py:188} INFO - [2026-07-14T01:47:12.750+0000] {dag.py:3823} INFO - Setting next_dagrun for dag_enriquecimento_dados to None, run_after=None
[2026-07-14T01:47:12.767+0000] {processor.py:183} INFO - Processing /opt/airflow/dags/dag_enriquecimento_dados.py took 0.059 seconds
[2026-07-14T01:47:42.885+0000] {processor.py:161} INFO - Started process (PID=6852) to work on /opt/airflow/dags/dag_enriquecimento_dados.py
[2026-07-14T01:47:42.886+0000] {processor.py:830} INFO - Processing file /opt/airflow/dags/dag_enriquecimento_dados.py for tasks to queue
[2026-07-14T01:47:42.886+0000] {logging_mixin.py:188} INFO - [2026-07-14T01:47:42.886+0000] {dagbag.py:538} INFO - Filling up the DagBag from /opt/airflow/dags/dag_enriquecimento_dados.py
[2026-07-14T01:47:42.894+0000] {processor.py:840} INFO - DAG(s) 'dag_enriquecimento_dados' retrieved from /opt/airflow/dags/dag_enriquecimento_dados.py
[2026-07-14T01:47:42.915+0000] {logging_mixin.py:188} INFO - [2026-07-14T01:47:42.915+0000] {dag.py:3036} INFO - Sync 1 DAGs
[2026-07-14T01:47:42.926+0000] {logging_mixin.py:188} INFO - [2026-07-14T01:47:42.926+0000] {dag.py:3823} INFO - Setting next_dagrun for dag_enriquecimento_dados to None, run_after=None
[2026-07-14T01:47:42.942+0000] {processor.py:183} INFO - Processing /opt/airflow/dags/dag_enriquecimento_dados.py took 0.059 seconds
[2026-07-14T01:48:13.067+0000] {processor.py:161} INFO - Started process (PID=6867) to work on /opt/airflow/dags/dag_enriquecimento_dados.py
[2026-07-14T01:48:13.067+0000] {processor.py:830} INFO - Processing file /opt/airflow/dags/dag_enriquecimento_dados.py for tasks to queue
[2026-07-14T01:48:13.068+0000] {logging_mixin.py:188} INFO - [2026-07-14T01:48:13.068+0000] {dagbag.py:538} INFO - Filling up the DagBag from /opt/airflow/dags/dag_enriquecimento_dados.py
[2026-07-14T01:48:13.076+0000] {processor.py:840} INFO - DAG(s) 'dag_enriquecimento_dados' retrieved from /opt/airflow/dags/dag_enriquecimento_dados.py
[2026-07-14T01:48:13.096+0000] {logging_mixin.py:188} INFO - [2026-07-14T01:48:13.096+0000] {dag.py:3036} INFO - Sync 1 DAGs
[2026-07-14T01:48:13.108+0000] {logging_mixin.py:188} INFO - [2026-07-14T01:48:13.108+0000] {dag.py:3823} INFO - Setting next_dagrun for dag_enriquecimento_dados to None, run_after=None
[2026-07-14T01:48:13.128+0000] {processor.py:183} INFO - Processing /opt/airflow/dags/dag_enriquecimento_dados.py took 0.063 seconds
[2026-07-14T01:48:43.257+0000] {processor.py:161} INFO - Started process (PID=6882) to work on /opt/airflow/dags/dag_enriquecimento_dados.py
[2026-07-14T01:48:43.258+0000] {processor.py:830} INFO - Processing file /opt/airflow/dags/dag_enriquecimento_dados.py for tasks to queue
[2026-07-14T01:48:43.258+0000] {logging_mixin.py:188} INFO - [2026-07-14T01:48:43.258+0000] {dagbag.py:538} INFO - Filling up the DagBag from /opt/airflow/dags/dag_enriquecimento_dados.py
[2026-07-14T01:48:43.265+0000] {processor.py:840} INFO - DAG(s) 'dag_enriquecimento_dados' retrieved from /opt/airflow/dags/dag_enriquecimento_dados.py
[2026-07-14T01:48:43.285+0000] {logging_mixin.py:188} INFO - [2026-07-14T01:48:43.284+0000] {dag.py:3036} INFO - Sync 1 DAGs
[2026-07-14T01:48:43.295+0000] {logging_mixin.py:188} INFO - [2026-07-14T01:48:43.295+0000] {dag.py:3823} INFO - Setting next_dagrun for dag_enriquecimento_dados to None, run_after=None
[2026-07-14T01:48:43.312+0000] {processor.py:183} INFO - Processing /opt/airflow/dags/dag_enriquecimento_dados.py took 0.058 seconds
[2026-07-14T01:49:13.445+0000] {processor.py:161} INFO - Started process (PID=6897) to work on /opt/airflow/dags/dag_enriquecimento_dados.py
[2026-07-14T01:49:13.445+0000] {processor.py:830} INFO - Processing file /opt/airflow/dags/dag_enriquecimento_dados.py for tasks to queue
[2026-07-14T01:49:13.446+0000] {logging_mixin.py:188} INFO - [2026-07-14T01:49:13.446+0000] {dagbag.py:538} INFO - Filling up the DagBag from /opt/airflow/dags/dag_enriquecimento_dados.py
[2026-07-14T01:49:13.453+0000] {processor.py:840} INFO - DAG(s) 'dag_enriquecimento_dados' retrieved from /opt/airflow/dags/dag_enriquecimento_dados.py
[2026-07-14T01:49:13.474+0000] {logging_mixin.py:188} INFO - [2026-07-14T01:49:13.473+0000] {dag.py:3036} INFO - Sync 1 DAGs
[2026-07-14T01:49:13.484+0000] {logging_mixin.py:188} INFO - [2026-07-14T01:49:13.484+0000] {dag.py:3823} INFO - Setting next_dagrun for dag_enriquecimento_dados to None, run_after=None
[2026-07-14T01:49:13.500+0000] {processor.py:183} INFO - Processing /opt/airflow/dags/dag_enriquecimento_dados.py took 0.057 seconds
[2026-07-14T01:49:43.627+0000] {processor.py:161} INFO - Started process (PID=6912) to work on /opt/airflow/dags/dag_enriquecimento_dados.py
[2026-07-14T01:49:43.627+0000] {processor.py:830} INFO - Processing file /opt/airflow/dags/dag_enriquecimento_dados.py for tasks to queue
[2026-07-14T01:49:43.628+0000] {logging_mixin.py:188} INFO - [2026-07-14T01:49:43.628+0000] {dagbag.py:538} INFO - Filling up the DagBag from /opt/airflow/dags/dag_enriquecimento_dados.py
[2026-07-14T01:49:43.636+0000] {processor.py:840} INFO - DAG(s) 'dag_enriquecimento_dados' retrieved from /opt/airflow/dags/dag_enriquecimento_dados.py
[2026-07-14T01:49:43.656+0000] {logging_mixin.py:188} INFO - [2026-07-14T01:49:43.656+0000] {dag.py:3036} INFO - Sync 1 DAGs
[2026-07-14T01:49:43.667+0000] {logging_mixin.py:188} INFO - [2026-07-14T01:49:43.667+0000] {dag.py:3823} INFO - Setting next_dagrun for dag_enriquecimento_dados to None, run_after=None
[2026-07-14T01:49:43.684+0000] {processor.py:183} INFO - Processing /opt/airflow/dags/dag_enriquecimento_dados.py took 0.060 seconds
[2026-07-14T01:50:13.813+0000] {processor.py:161} INFO - Started process (PID=6927) to work on /opt/airflow/dags/dag_enriquecimento_dados.py
[2026-07-14T01:50:13.813+0000] {processor.py:830} INFO - Processing file /opt/airflow/dags/dag_enriquecimento_dados.py for tasks to queue
[2026-07-14T01:50:13.814+0000] {logging_mixin.py:188} INFO - [2026-07-14T01:50:13.814+0000] {dagbag.py:538} INFO - Filling up the DagBag from /opt/airflow/dags/dag_enriquecimento_dados.py
[2026-07-14T01:50:13.822+0000] {processor.py:840} INFO - DAG(s) 'dag_enriquecimento_dados' retrieved from /opt/airflow/dags/dag_enriquecimento_dados.py
[2026-07-14T01:50:13.841+0000] {logging_mixin.py:188} INFO - [2026-07-14T01:50:13.841+0000] {dag.py:3036} INFO - Sync 1 DAGs
[2026-07-14T01:50:13.852+0000] {logging_mixin.py:188} INFO - [2026-07-14T01:50:13.851+0000] {dag.py:3823} INFO - Setting next_dagrun for dag_enriquecimento_dados to None, run_after=None
[2026-07-14T01:50:13.869+0000] {processor.py:183} INFO - Processing /opt/airflow/dags/dag_enriquecimento_dados.py took 0.058 seconds
[2026-07-14T01:50:43.994+0000] {processor.py:161} INFO - Started process (PID=6942) to work on /opt/airflow/dags/dag_enriquecimento_dados.py
[2026-07-14T01:50:43.995+0000] {processor.py:830} INFO - Processing file /opt/airflow/dags/dag_enriquecimento_dados.py for tasks to queue
[2026-07-14T01:50:43.995+0000] {logging_mixin.py:188} INFO - [2026-07-14T01:50:43.995+0000] {dagbag.py:538} INFO - Filling up the DagBag from /opt/airflow/dags/dag_enriquecimento_dados.py
[2026-07-14T01:50:44.002+0000] {processor.py:840} INFO - DAG(s) 'dag_enriquecimento_dados' retrieved from /opt/airflow/dags/dag_enriquecimento_dados.py
[2026-07-14T01:50:44.021+0000] {logging_mixin.py:188} INFO - [2026-07-14T01:50:44.021+0000] {dag.py:3036} INFO - Sync 1 DAGs
[2026-07-14T01:50:44.031+0000] {logging_mixin.py:188} INFO - [2026-07-14T01:50:44.031+0000] {dag.py:3823} INFO - Setting next_dagrun for dag_enriquecimento_dados to None, run_after=None
[2026-07-14T01:50:44.047+0000] {processor.py:183} INFO - Processing /opt/airflow/dags/dag_enriquecimento_dados.py took 0.055 seconds
[2026-07-14T01:51:14.182+0000] {processor.py:161} INFO - Started process (PID=6957) to work on /opt/airflow/dags/dag_enriquecimento_dados.py
[2026-07-14T01:51:14.182+0000] {processor.py:830} INFO - Processing file /opt/airflow/dags/dag_enriquecimento_dados.py for tasks to queue
[2026-07-14T01:51:14.183+0000] {logging_mixin.py:188} INFO - [2026-07-14T01:51:14.183+0000] {dagbag.py:538} INFO - Filling up the DagBag from /opt/airflow/dags/dag_enriquecimento_dados.py
[2026-07-14T01:51:14.190+0000] {processor.py:840} INFO - DAG(s) 'dag_enriquecimento_dados' retrieved from /opt/airflow/dags/dag_enriquecimento_dados.py
[2026-07-14T01:51:14.210+0000] {logging_mixin.py:188} INFO - [2026-07-14T01:51:14.209+0000] {dag.py:3036} INFO - Sync 1 DAGs
[2026-07-14T01:51:14.220+0000] {logging_mixin.py:188} INFO - [2026-07-14T01:51:14.220+0000] {dag.py:3823} INFO - Setting next_dagrun for dag_enriquecimento_dados to None, run_after=None
[2026-07-14T01:51:14.240+0000] {processor.py:183} INFO - Processing /opt/airflow/dags/dag_enriquecimento_dados.py took 0.061 seconds
[2026-07-14T01:51:44.357+0000] {processor.py:161} INFO - Started process (PID=6972) to work on /opt/airflow/dags/dag_enriquecimento_dados.py
[2026-07-14T01:51:44.357+0000] {processor.py:830} INFO - Processing file /opt/airflow/dags/dag_enriquecimento_dados.py for tasks to queue
[2026-07-14T01:51:44.358+0000] {logging_mixin.py:188} INFO - [2026-07-14T01:51:44.358+0000] {dagbag.py:538} INFO - Filling up the DagBag from /opt/airflow/dags/dag_enriquecimento_dados.py
[2026-07-14T01:51:44.365+0000] {processor.py:840} INFO - DAG(s) 'dag_enriquecimento_dados' retrieved from /opt/airflow/dags/dag_enriquecimento_dados.py
[2026-07-14T01:51:44.383+0000] {logging_mixin.py:188} INFO - [2026-07-14T01:51:44.383+0000] {dag.py:3036} INFO - Sync 1 DAGs
[2026-07-14T01:51:44.394+0000] {logging_mixin.py:188} INFO - [2026-07-14T01:51:44.394+0000] {dag.py:3823} INFO - Setting next_dagrun for dag_enriquecimento_dados to None, run_after=None
[2026-07-14T01:51:44.411+0000] {processor.py:183} INFO - Processing /opt/airflow/dags/dag_enriquecimento_dados.py took 0.056 seconds
[2026-07-14T01:52:14.539+0000] {processor.py:161} INFO - Started process (PID=6987) to work on /opt/airflow/dags/dag_enriquecimento_dados.py
[2026-07-14T01:52:14.540+0000] {processor.py:830} INFO - Processing file /opt/airflow/dags/dag_enriquecimento_dados.py for tasks to queue
[2026-07-14T01:52:14.541+0000] {logging_mixin.py:188} INFO - [2026-07-14T01:52:14.540+0000] {dagbag.py:538} INFO - Filling up the DagBag from /opt/airflow/dags/dag_enriquecimento_dados.py
[2026-07-14T01:52:14.549+0000] {processor.py:840} INFO - DAG(s) 'dag_enriquecimento_dados' retrieved from /opt/airflow/dags/dag_enriquecimento_dados.py
[2026-07-14T01:52:14.571+0000] {logging_mixin.py:188} INFO - [2026-07-14T01:52:14.570+0000] {dag.py:3036} INFO - Sync 1 DAGs
[2026-07-14T01:52:14.581+0000] {logging_mixin.py:188} INFO - [2026-07-14T01:52:14.581+0000] {dag.py:3823} INFO - Setting next_dagrun for dag_enriquecimento_dados to None, run_after=None
[2026-07-14T01:52:14.598+0000] {processor.py:183} INFO - Processing /opt/airflow/dags/dag_enriquecimento_dados.py took 0.061 seconds
[2026-07-14T01:52:44.728+0000] {processor.py:161} INFO - Started process (PID=7002) to work on /opt/airflow/dags/dag_enriquecimento_dados.py
[2026-07-14T01:52:44.729+0000] {processor.py:830} INFO - Processing file /opt/airflow/dags/dag_enriquecimento_dados.py for tasks to queue
[2026-07-14T01:52:44.729+0000] {logging_mixin.py:188} INFO - [2026-07-14T01:52:44.729+0000] {dagbag.py:538} INFO - Filling up the DagBag from /opt/airflow/dags/dag_enriquecimento_dados.py
[2026-07-14T01:52:44.737+0000] {processor.py:840} INFO - DAG(s) 'dag_enriquecimento_dados' retrieved from /opt/airflow/dags/dag_enriquecimento_dados.py
[2026-07-14T01:52:44.759+0000] {logging_mixin.py:188} INFO - [2026-07-14T01:52:44.758+0000] {dag.py:3036} INFO - Sync 1 DAGs
[2026-07-14T01:52:44.770+0000] {logging_mixin.py:188} INFO - [2026-07-14T01:52:44.769+0000] {dag.py:3823} INFO - Setting next_dagrun for dag_enriquecimento_dados to None, run_after=None
[2026-07-14T01:52:44.789+0000] {processor.py:183} INFO - Processing /opt/airflow/dags/dag_enriquecimento_dados.py took 0.063 seconds
[2026-07-14T01:53:14.919+0000] {processor.py:161} INFO - Started process (PID=7017) to work on /opt/airflow/dags/dag_enriquecimento_dados.py
[2026-07-14T01:53:14.920+0000] {processor.py:830} INFO - Processing file /opt/airflow/dags/dag_enriquecimento_dados.py for tasks to queue
[2026-07-14T01:53:14.920+0000] {logging_mixin.py:188} INFO - [2026-07-14T01:53:14.920+0000] {dagbag.py:538} INFO - Filling up the DagBag from /opt/airflow/dags/dag_enriquecimento_dados.py
[2026-07-14T01:53:14.929+0000] {processor.py:840} INFO - DAG(s) 'dag_enriquecimento_dados' retrieved from /opt/airflow/dags/dag_enriquecimento_dados.py
[2026-07-14T01:53:14.951+0000] {logging_mixin.py:188} INFO - [2026-07-14T01:53:14.951+0000] {dag.py:3036} INFO - Sync 1 DAGs
[2026-07-14T01:53:14.963+0000] {logging_mixin.py:188} INFO - [2026-07-14T01:53:14.963+0000] {dag.py:3823} INFO - Setting next_dagrun for dag_enriquecimento_dados to None, run_after=None
[2026-07-14T01:53:14.982+0000] {processor.py:183} INFO - Processing /opt/airflow/dags/dag_enriquecimento_dados.py took 0.066 seconds
[2026-07-14T01:53:45.108+0000] {processor.py:161} INFO - Started process (PID=7032) to work on /opt/airflow/dags/dag_enriquecimento_dados.py
[2026-07-14T01:53:45.108+0000] {processor.py:830} INFO - Processing file /opt/airflow/dags/dag_enriquecimento_dados.py for tasks to queue
[2026-07-14T01:53:45.109+0000] {logging_mixin.py:188} INFO - [2026-07-14T01:53:45.109+0000] {dagbag.py:538} INFO - Filling up the DagBag from /opt/airflow/dags/dag_enriquecimento_dados.py
[2026-07-14T01:53:45.117+0000] {processor.py:840} INFO - DAG(s) 'dag_enriquecimento_dados' retrieved from /opt/airflow/dags/dag_enriquecimento_dados.py
[2026-07-14T01:53:45.139+0000] {logging_mixin.py:188} INFO - [2026-07-14T01:53:45.139+0000] {dag.py:3036} INFO - Sync 1 DAGs
[2026-07-14T01:53:45.151+0000] {logging_mixin.py:188} INFO - [2026-07-14T01:53:45.151+0000] {dag.py:3823} INFO - Setting next_dagrun for dag_enriquecimento_dados to None, run_after=None
[2026-07-14T01:53:45.168+0000] {processor.py:183} INFO - Processing /opt/airflow/dags/dag_enriquecimento_dados.py took 0.063 seconds
[2026-07-14T01:54:15.320+0000] {processor.py:161} INFO - Started process (PID=7047) to work on /opt/airflow/dags/dag_enriquecimento_dados.py
[2026-07-14T01:54:15.321+0000] {processor.py:830} INFO - Processing file /opt/airflow/dags/dag_enriquecimento_dados.py for tasks to queue
[2026-07-14T01:54:15.321+0000] {logging_mixin.py:188} INFO - [2026-07-14T01:54:15.321+0000] {dagbag.py:538} INFO - Filling up the DagBag from /opt/airflow/dags/dag_enriquecimento_dados.py
[2026-07-14T01:54:15.329+0000] {processor.py:840} INFO - DAG(s) 'dag_enriquecimento_dados' retrieved from /opt/airflow/dags/dag_enriquecimento_dados.py
[2026-07-14T01:54:15.351+0000] {logging_mixin.py:188} INFO - [2026-07-14T01:54:15.351+0000] {dag.py:3036} INFO - Sync 1 DAGs
[2026-07-14T01:54:15.366+0000] {logging_mixin.py:188} INFO - [2026-07-14T01:54:15.365+0000] {dag.py:3823} INFO - Setting next_dagrun for dag_enriquecimento_dados to None, run_after=None
[2026-07-14T01:54:15.383+0000] {processor.py:183} INFO - Processing /opt/airflow/dags/dag_enriquecimento_dados.py took 0.066 seconds
[2026-07-14T01:54:45.514+0000] {processor.py:161} INFO - Started process (PID=7062) to work on /opt/airflow/dags/dag_enriquecimento_dados.py
[2026-07-14T01:54:45.515+0000] {processor.py:830} INFO - Processing file /opt/airflow/dags/dag_enriquecimento_dados.py for tasks to queue
[2026-07-14T01:54:45.516+0000] {logging_mixin.py:188} INFO - [2026-07-14T01:54:45.515+0000] {dagbag.py:538} INFO - Filling up the DagBag from /opt/airflow/dags/dag_enriquecimento_dados.py
[2026-07-14T01:54:45.524+0000] {processor.py:840} INFO - DAG(s) 'dag_enriquecimento_dados' retrieved from /opt/airflow/dags/dag_enriquecimento_dados.py
[2026-07-14T01:54:45.545+0000] {logging_mixin.py:188} INFO - [2026-07-14T01:54:45.544+0000] {dag.py:3036} INFO - Sync 1 DAGs
[2026-07-14T01:54:45.556+0000] {logging_mixin.py:188} INFO - [2026-07-14T01:54:45.556+0000] {dag.py:3823} INFO - Setting next_dagrun for dag_enriquecimento_dados to None, run_after=None
[2026-07-14T01:54:45.574+0000] {processor.py:183} INFO - Processing /opt/airflow/dags/dag_enriquecimento_dados.py took 0.062 seconds
[2026-07-14T01:55:15.705+0000] {processor.py:161} INFO - Started process (PID=7077) to work on /opt/airflow/dags/dag_enriquecimento_dados.py
[2026-07-14T01:55:15.706+0000] {processor.py:830} INFO - Processing file /opt/airflow/dags/dag_enriquecimento_dados.py for tasks to queue
[2026-07-14T01:55:15.707+0000] {logging_mixin.py:188} INFO - [2026-07-14T01:55:15.706+0000] {dagbag.py:538} INFO - Filling up the DagBag from /opt/airflow/dags/dag_enriquecimento_dados.py
[2026-07-14T01:55:15.715+0000] {processor.py:840} INFO - DAG(s) 'dag_enriquecimento_dados' retrieved from /opt/airflow/dags/dag_enriquecimento_dados.py
[2026-07-14T01:55:15.736+0000] {logging_mixin.py:188} INFO - [2026-07-14T01:55:15.735+0000] {dag.py:3036} INFO - Sync 1 DAGs
[2026-07-14T01:55:15.747+0000] {logging_mixin.py:188} INFO - [2026-07-14T01:55:15.747+0000] {dag.py:3823} INFO - Setting next_dagrun for dag_enriquecimento_dados to None, run_after=None
[2026-07-14T01:55:15.765+0000] {processor.py:183} INFO - Processing /opt/airflow/dags/dag_enriquecimento_dados.py took 0.062 seconds
[2026-07-14T01:55:45.907+0000] {processor.py:161} INFO - Started process (PID=7092) to work on /opt/airflow/dags/dag_enriquecimento_dados.py
[2026-07-14T01:55:45.907+0000] {processor.py:830} INFO - Processing file /opt/airflow/dags/dag_enriquecimento_dados.py for tasks to queue
[2026-07-14T01:55:45.908+0000] {logging_mixin.py:188} INFO - [2026-07-14T01:55:45.908+0000] {dagbag.py:538} INFO - Filling up the DagBag from /opt/airflow/dags/dag_enriquecimento_dados.py
[2026-07-14T01:55:45.916+0000] {processor.py:840} INFO - DAG(s) 'dag_enriquecimento_dados' retrieved from /opt/airflow/dags/dag_enriquecimento_dados.py
[2026-07-14T01:55:45.938+0000] {logging_mixin.py:188} INFO - [2026-07-14T01:55:45.937+0000] {dag.py:3036} INFO - Sync 1 DAGs
[2026-07-14T01:55:45.949+0000] {logging_mixin.py:188} INFO - [2026-07-14T01:55:45.948+0000] {dag.py:3823} INFO - Setting next_dagrun for dag_enriquecimento_dados to None, run_after=None
[2026-07-14T01:55:45.981+0000] {processor.py:183} INFO - Processing /opt/airflow/dags/dag_enriquecimento_dados.py took 0.077 seconds
[2026-07-14T01:56:16.114+0000] {processor.py:161} INFO - Started process (PID=7107) to work on /opt/airflow/dags/dag_enriquecimento_dados.py
[2026-07-14T01:56:16.114+0000] {processor.py:830} INFO - Processing file /opt/airflow/dags/dag_enriquecimento_dados.py for tasks to queue
[2026-07-14T01:56:16.115+0000] {logging_mixin.py:188} INFO - [2026-07-14T01:56:16.115+0000] {dagbag.py:538} INFO - Filling up the DagBag from /opt/airflow/dags/dag_enriquecimento_dados.py
[2026-07-14T01:56:16.122+0000] {processor.py:840} INFO - DAG(s) 'dag_enriquecimento_dados' retrieved from /opt/airflow/dags/dag_enriquecimento_dados.py
[2026-07-14T01:56:16.143+0000] {logging_mixin.py:188} INFO - [2026-07-14T01:56:16.143+0000] {dag.py:3036} INFO - Sync 1 DAGs
[2026-07-14T01:56:16.155+0000] {logging_mixin.py:188} INFO - [2026-07-14T01:56:16.155+0000] {dag.py:3823} INFO - Setting next_dagrun for dag_enriquecimento_dados to None, run_after=None
[2026-07-14T01:56:16.191+0000] {processor.py:183} INFO - Processing /opt/airflow/dags/dag_enriquecimento_dados.py took 0.079 seconds
[2026-07-14T01:56:46.317+0000] {processor.py:161} INFO - Started process (PID=7122) to work on /opt/airflow/dags/dag_enriquecimento_dados.py
[2026-07-14T01:56:46.318+0000] {processor.py:830} INFO - Processing file /opt/airflow/dags/dag_enriquecimento_dados.py for tasks to queue
[2026-07-14T01:56:46.318+0000] {logging_mixin.py:188} INFO - [2026-07-14T01:56:46.318+0000] {dagbag.py:538} INFO - Filling up the DagBag from /opt/airflow/dags/dag_enriquecimento_dados.py
[2026-07-14T01:56:46.326+0000] {processor.py:840} INFO - DAG(s) 'dag_enriquecimento_dados' retrieved from /opt/airflow/dags/dag_enriquecimento_dados.py
[2026-07-14T01:56:46.347+0000] {logging_mixin.py:188} INFO - [2026-07-14T01:56:46.346+0000] {dag.py:3036} INFO - Sync 1 DAGs
[2026-07-14T01:56:46.359+0000] {logging_mixin.py:188} INFO - [2026-07-14T01:56:46.359+0000] {dag.py:3823} INFO - Setting next_dagrun for dag_enriquecimento_dados to None, run_after=None
[2026-07-14T01:56:46.393+0000] {processor.py:183} INFO - Processing /opt/airflow/dags/dag_enriquecimento_dados.py took 0.079 seconds
[2026-07-14T01:57:16.522+0000] {processor.py:161} INFO - Started process (PID=7137) to work on /opt/airflow/dags/dag_enriquecimento_dados.py
[2026-07-14T01:57:16.523+0000] {processor.py:830} INFO - Processing file /opt/airflow/dags/dag_enriquecimento_dados.py for tasks to queue
[2026-07-14T01:57:16.524+0000] {logging_mixin.py:188} INFO - [2026-07-14T01:57:16.523+0000] {dagbag.py:538} INFO - Filling up the DagBag from /opt/airflow/dags/dag_enriquecimento_dados.py
[2026-07-14T01:57:16.533+0000] {processor.py:840} INFO - DAG(s) 'dag_enriquecimento_dados' retrieved from /opt/airflow/dags/dag_enriquecimento_dados.py
[2026-07-14T01:57:16.553+0000] {logging_mixin.py:188} INFO - [2026-07-14T01:57:16.553+0000] {dag.py:3036} INFO - Sync 1 DAGs
[2026-07-14T01:57:16.566+0000] {logging_mixin.py:188} INFO - [2026-07-14T01:57:16.566+0000] {dag.py:3823} INFO - Setting next_dagrun for dag_enriquecimento_dados to None, run_after=None
[2026-07-14T01:57:16.601+0000] {processor.py:183} INFO - Processing /opt/airflow/dags/dag_enriquecimento_dados.py took 0.081 seconds
[2026-07-14T01:57:46.726+0000] {processor.py:161} INFO - Started process (PID=7152) to work on /opt/airflow/dags/dag_enriquecimento_dados.py
[2026-07-14T01:57:46.726+0000] {processor.py:830} INFO - Processing file /opt/airflow/dags/dag_enriquecimento_dados.py for tasks to queue
[2026-07-14T01:57:46.727+0000] {logging_mixin.py:188} INFO - [2026-07-14T01:57:46.727+0000] {dagbag.py:538} INFO - Filling up the DagBag from /opt/airflow/dags/dag_enriquecimento_dados.py
[2026-07-14T01:57:46.735+0000] {processor.py:840} INFO - DAG(s) 'dag_enriquecimento_dados' retrieved from /opt/airflow/dags/dag_enriquecimento_dados.py
[2026-07-14T01:57:46.756+0000] {logging_mixin.py:188} INFO - [2026-07-14T01:57:46.755+0000] {dag.py:3036} INFO - Sync 1 DAGs
[2026-07-14T01:57:46.767+0000] {logging_mixin.py:188} INFO - [2026-07-14T01:57:46.767+0000] {dag.py:3823} INFO - Setting next_dagrun for dag_enriquecimento_dados to None, run_after=None
[2026-07-14T01:57:46.802+0000] {processor.py:183} INFO - Processing /opt/airflow/dags/dag_enriquecimento_dados.py took 0.079 seconds
[2026-07-14T01:58:16.932+0000] {processor.py:161} INFO - Started process (PID=7167) to work on /opt/airflow/dags/dag_enriquecimento_dados.py
[2026-07-14T01:58:16.932+0000] {processor.py:830} INFO - Processing file /opt/airflow/dags/dag_enriquecimento_dados.py for tasks to queue
[2026-07-14T01:58:16.933+0000] {logging_mixin.py:188} INFO - [2026-07-14T01:58:16.933+0000] {dagbag.py:538} INFO - Filling up the DagBag from /opt/airflow/dags/dag_enriquecimento_dados.py
[2026-07-14T01:58:16.941+0000] {processor.py:840} INFO - DAG(s) 'dag_enriquecimento_dados' retrieved from /opt/airflow/dags/dag_enriquecimento_dados.py
[2026-07-14T01:58:16.963+0000] {logging_mixin.py:188} INFO - [2026-07-14T01:58:16.962+0000] {dag.py:3036} INFO - Sync 1 DAGs
[2026-07-14T01:58:16.976+0000] {logging_mixin.py:188} INFO - [2026-07-14T01:58:16.975+0000] {dag.py:3823} INFO - Setting next_dagrun for dag_enriquecimento_dados to None, run_after=None
[2026-07-14T01:58:17.011+0000] {processor.py:183} INFO - Processing /opt/airflow/dags/dag_enriquecimento_dados.py took 0.082 seconds
[2026-07-14T01:58:47.139+0000] {processor.py:161} INFO - Started process (PID=7182) to work on /opt/airflow/dags/dag_enriquecimento_dados.py
[2026-07-14T01:58:47.140+0000] {processor.py:830} INFO - Processing file /opt/airflow/dags/dag_enriquecimento_dados.py for tasks to queue
[2026-07-14T01:58:47.141+0000] {logging_mixin.py:188} INFO - [2026-07-14T01:58:47.140+0000] {dagbag.py:538} INFO - Filling up the DagBag from /opt/airflow/dags/dag_enriquecimento_dados.py
[2026-07-14T01:58:47.149+0000] {processor.py:840} INFO - DAG(s) 'dag_enriquecimento_dados' retrieved from /opt/airflow/dags/dag_enriquecimento_dados.py
[2026-07-14T01:58:47.170+0000] {logging_mixin.py:188} INFO - [2026-07-14T01:58:47.169+0000] {dag.py:3036} INFO - Sync 1 DAGs
[2026-07-14T01:58:47.181+0000] {logging_mixin.py:188} INFO - [2026-07-14T01:58:47.181+0000] {dag.py:3823} INFO - Setting next_dagrun for dag_enriquecimento_dados to None, run_after=None
[2026-07-14T01:58:47.216+0000] {processor.py:183} INFO - Processing /opt/airflow/dags/dag_enriquecimento_dados.py took 0.079 seconds
[2026-07-14T01:59:17.351+0000] {processor.py:161} INFO - Started process (PID=7197) to work on /opt/airflow/dags/dag_enriquecimento_dados.py
[2026-07-14T01:59:17.352+0000] {processor.py:830} INFO - Processing file /opt/airflow/dags/dag_enriquecimento_dados.py for tasks to queue
[2026-07-14T01:59:17.352+0000] {logging_mixin.py:188} INFO - [2026-07-14T01:59:17.352+0000] {dagbag.py:538} INFO - Filling up the DagBag from /opt/airflow/dags/dag_enriquecimento_dados.py
[2026-07-14T01:59:17.361+0000] {processor.py:840} INFO - DAG(s) 'dag_enriquecimento_dados' retrieved from /opt/airflow/dags/dag_enriquecimento_dados.py
[2026-07-14T01:59:17.384+0000] {logging_mixin.py:188} INFO - [2026-07-14T01:59:17.384+0000] {dag.py:3036} INFO - Sync 1 DAGs
[2026-07-14T01:59:17.397+0000] {logging_mixin.py:188} INFO - [2026-07-14T01:59:17.397+0000] {dag.py:3823} INFO - Setting next_dagrun for dag_enriquecimento_dados to None, run_after=None
[2026-07-14T01:59:17.416+0000] {processor.py:183} INFO - Processing /opt/airflow/dags/dag_enriquecimento_dados.py took 0.068 seconds
[2026-07-14T01:59:47.559+0000] {processor.py:161} INFO - Started process (PID=7212) to work on /opt/airflow/dags/dag_enriquecimento_dados.py
[2026-07-14T01:59:47.560+0000] {processor.py:830} INFO - Processing file /opt/airflow/dags/dag_enriquecimento_dados.py for tasks to queue
[2026-07-14T01:59:47.561+0000] {logging_mixin.py:188} INFO - [2026-07-14T01:59:47.560+0000] {dagbag.py:538} INFO - Filling up the DagBag from /opt/airflow/dags/dag_enriquecimento_dados.py
[2026-07-14T01:59:47.569+0000] {processor.py:840} INFO - DAG(s) 'dag_enriquecimento_dados' retrieved from /opt/airflow/dags/dag_enriquecimento_dados.py
[2026-07-14T01:59:47.589+0000] {logging_mixin.py:188} INFO - [2026-07-14T01:59:47.589+0000] {dag.py:3036} INFO - Sync 1 DAGs
[2026-07-14T01:59:47.601+0000] {logging_mixin.py:188} INFO - [2026-07-14T01:59:47.600+0000] {dag.py:3823} INFO - Setting next_dagrun for dag_enriquecimento_dados to None, run_after=None
[2026-07-14T01:59:47.637+0000] {processor.py:183} INFO - Processing /opt/airflow/dags/dag_enriquecimento_dados.py took 0.081 seconds
[2026-07-14T02:00:17.766+0000] {processor.py:161} INFO - Started process (PID=7227) to work on /opt/airflow/dags/dag_enriquecimento_dados.py
[2026-07-14T02:00:17.767+0000] {processor.py:830} INFO - Processing file /opt/airflow/dags/dag_enriquecimento_dados.py for tasks to queue
[2026-07-14T02:00:17.767+0000] {logging_mixin.py:188} INFO - [2026-07-14T02:00:17.767+0000] {dagbag.py:538} INFO - Filling up the DagBag from /opt/airflow/dags/dag_enriquecimento_dados.py
[2026-07-14T02:00:17.776+0000] {processor.py:840} INFO - DAG(s) 'dag_enriquecimento_dados' retrieved from /opt/airflow/dags/dag_enriquecimento_dados.py
[2026-07-14T02:00:17.797+0000] {logging_mixin.py:188} INFO - [2026-07-14T02:00:17.797+0000] {dag.py:3036} INFO - Sync 1 DAGs
[2026-07-14T02:00:17.808+0000] {logging_mixin.py:188} INFO - [2026-07-14T02:00:17.808+0000] {dag.py:3823} INFO - Setting next_dagrun for dag_enriquecimento_dados to None, run_after=None
[2026-07-14T02:00:17.843+0000] {processor.py:183} INFO - Processing /opt/airflow/dags/dag_enriquecimento_dados.py took 0.080 seconds
[2026-07-14T02:00:47.975+0000] {processor.py:161} INFO - Started process (PID=7242) to work on /opt/airflow/dags/dag_enriquecimento_dados.py
[2026-07-14T02:00:47.975+0000] {processor.py:830} INFO - Processing file /opt/airflow/dags/dag_enriquecimento_dados.py for tasks to queue
[2026-07-14T02:00:47.976+0000] {logging_mixin.py:188} INFO - [2026-07-14T02:00:47.976+0000] {dagbag.py:538} INFO - Filling up the DagBag from /opt/airflow/dags/dag_enriquecimento_dados.py
[2026-07-14T02:00:47.984+0000] {processor.py:840} INFO - DAG(s) 'dag_enriquecimento_dados' retrieved from /opt/airflow/dags/dag_enriquecimento_dados.py
[2026-07-14T02:00:48.009+0000] {logging_mixin.py:188} INFO - [2026-07-14T02:00:48.008+0000] {dag.py:3036} INFO - Sync 1 DAGs
[2026-07-14T02:00:48.021+0000] {logging_mixin.py:188} INFO - [2026-07-14T02:00:48.021+0000] {dag.py:3823} INFO - Setting next_dagrun for dag_enriquecimento_dados to None, run_after=None
[2026-07-14T02:00:48.041+0000] {processor.py:183} INFO - Processing /opt/airflow/dags/dag_enriquecimento_dados.py took 0.069 seconds
[2026-07-14T02:01:18.169+0000] {processor.py:161} INFO - Started process (PID=7257) to work on /opt/airflow/dags/dag_enriquecimento_dados.py
[2026-07-14T02:01:18.169+0000] {processor.py:830} INFO - Processing file /opt/airflow/dags/dag_enriquecimento_dados.py for tasks to queue
[2026-07-14T02:01:18.170+0000] {logging_mixin.py:188} INFO - [2026-07-14T02:01:18.170+0000] {dagbag.py:538} INFO - Filling up the DagBag from /opt/airflow/dags/dag_enriquecimento_dados.py
[2026-07-14T02:01:18.178+0000] {processor.py:840} INFO - DAG(s) 'dag_enriquecimento_dados' retrieved from /opt/airflow/dags/dag_enriquecimento_dados.py
[2026-07-14T02:01:18.199+0000] {logging_mixin.py:188} INFO - [2026-07-14T02:01:18.199+0000] {dag.py:3036} INFO - Sync 1 DAGs
[2026-07-14T02:01:18.210+0000] {logging_mixin.py:188} INFO - [2026-07-14T02:01:18.210+0000] {dag.py:3823} INFO - Setting next_dagrun for dag_enriquecimento_dados to None, run_after=None
[2026-07-14T02:01:18.229+0000] {processor.py:183} INFO - Processing /opt/airflow/dags/dag_enriquecimento_dados.py took 0.062 seconds
[2026-07-14T02:01:48.373+0000] {processor.py:161} INFO - Started process (PID=7272) to work on /opt/airflow/dags/dag_enriquecimento_dados.py
[2026-07-14T02:01:48.374+0000] {processor.py:830} INFO - Processing file /opt/airflow/dags/dag_enriquecimento_dados.py for tasks to queue
[2026-07-14T02:01:48.375+0000] {logging_mixin.py:188} INFO - [2026-07-14T02:01:48.374+0000] {dagbag.py:538} INFO - Filling up the DagBag from /opt/airflow/dags/dag_enriquecimento_dados.py
[2026-07-14T02:01:48.382+0000] {processor.py:840} INFO - DAG(s) 'dag_enriquecimento_dados' retrieved from /opt/airflow/dags/dag_enriquecimento_dados.py
[2026-07-14T02:01:48.403+0000] {logging_mixin.py:188} INFO - [2026-07-14T02:01:48.403+0000] {dag.py:3036} INFO - Sync 1 DAGs
[2026-07-14T02:01:48.415+0000] {logging_mixin.py:188} INFO - [2026-07-14T02:01:48.415+0000] {dag.py:3823} INFO - Setting next_dagrun for dag_enriquecimento_dados to None, run_after=None
[2026-07-14T02:01:48.433+0000] {processor.py:183} INFO - Processing /opt/airflow/dags/dag_enriquecimento_dados.py took 0.063 seconds
[2026-07-14T02:02:18.575+0000] {processor.py:161} INFO - Started process (PID=7287) to work on /opt/airflow/dags/dag_enriquecimento_dados.py
[2026-07-14T02:02:18.575+0000] {processor.py:830} INFO - Processing file /opt/airflow/dags/dag_enriquecimento_dados.py for tasks to queue
[2026-07-14T02:02:18.576+0000] {logging_mixin.py:188} INFO - [2026-07-14T02:02:18.576+0000] {dagbag.py:538} INFO - Filling up the DagBag from /opt/airflow/dags/dag_enriquecimento_dados.py
[2026-07-14T02:02:18.584+0000] {processor.py:840} INFO - DAG(s) 'dag_enriquecimento_dados' retrieved from /opt/airflow/dags/dag_enriquecimento_dados.py
[2026-07-14T02:02:18.607+0000] {logging_mixin.py:188} INFO - [2026-07-14T02:02:18.607+0000] {dag.py:3036} INFO - Sync 1 DAGs
[2026-07-14T02:02:18.620+0000] {logging_mixin.py:188} INFO - [2026-07-14T02:02:18.620+0000] {dag.py:3823} INFO - Setting next_dagrun for dag_enriquecimento_dados to None, run_after=None
[2026-07-14T02:02:18.639+0000] {processor.py:183} INFO - Processing /opt/airflow/dags/dag_enriquecimento_dados.py took 0.067 seconds
[2026-07-14T02:02:48.769+0000] {processor.py:161} INFO - Started process (PID=7302) to work on /opt/airflow/dags/dag_enriquecimento_dados.py
[2026-07-14T02:02:48.770+0000] {processor.py:830} INFO - Processing file /opt/airflow/dags/dag_enriquecimento_dados.py for tasks to queue
[2026-07-14T02:02:48.770+0000] {logging_mixin.py:188} INFO - [2026-07-14T02:02:48.770+0000] {dagbag.py:538} INFO - Filling up the DagBag from /opt/airflow/dags/dag_enriquecimento_dados.py
[2026-07-14T02:02:48.778+0000] {processor.py:840} INFO - DAG(s) 'dag_enriquecimento_dados' retrieved from /opt/airflow/dags/dag_enriquecimento_dados.py
[2026-07-14T02:02:48.799+0000] {logging_mixin.py:188} INFO - [2026-07-14T02:02:48.798+0000] {dag.py:3036} INFO - Sync 1 DAGs
[2026-07-14T02:02:48.810+0000] {logging_mixin.py:188} INFO - [2026-07-14T02:02:48.810+0000] {dag.py:3823} INFO - Setting next_dagrun for dag_enriquecimento_dados to None, run_after=None
[2026-07-14T02:02:48.828+0000] {processor.py:183} INFO - Processing /opt/airflow/dags/dag_enriquecimento_dados.py took 0.061 seconds
[2026-07-14T02:03:18.965+0000] {processor.py:161} INFO - Started process (PID=7317) to work on /opt/airflow/dags/dag_enriquecimento_dados.py
[2026-07-14T02:03:18.966+0000] {processor.py:830} INFO - Processing file /opt/airflow/dags/dag_enriquecimento_dados.py for tasks to queue
[2026-07-14T02:03:18.967+0000] {logging_mixin.py:188} INFO - [2026-07-14T02:03:18.966+0000] {dagbag.py:538} INFO - Filling up the DagBag from /opt/airflow/dags/dag_enriquecimento_dados.py
[2026-07-14T02:03:18.975+0000] {processor.py:840} INFO - DAG(s) 'dag_enriquecimento_dados' retrieved from /opt/airflow/dags/dag_enriquecimento_dados.py
[2026-07-14T02:03:18.998+0000] {logging_mixin.py:188} INFO - [2026-07-14T02:03:18.998+0000] {dag.py:3036} INFO - Sync 1 DAGs
[2026-07-14T02:03:19.010+0000] {logging_mixin.py:188} INFO - [2026-07-14T02:03:19.010+0000] {dag.py:3823} INFO - Setting next_dagrun for dag_enriquecimento_dados to None, run_after=None
[2026-07-14T02:03:19.029+0000] {processor.py:183} INFO - Processing /opt/airflow/dags/dag_enriquecimento_dados.py took 0.066 seconds
[2026-07-14T02:03:49.171+0000] {processor.py:161} INFO - Started process (PID=7332) to work on /opt/airflow/dags/dag_enriquecimento_dados.py
[2026-07-14T02:03:49.172+0000] {processor.py:830} INFO - Processing file /opt/airflow/dags/dag_enriquecimento_dados.py for tasks to queue
[2026-07-14T02:03:49.172+0000] {logging_mixin.py:188} INFO - [2026-07-14T02:03:49.172+0000] {dagbag.py:538} INFO - Filling up the DagBag from /opt/airflow/dags/dag_enriquecimento_dados.py
[2026-07-14T02:03:49.181+0000] {processor.py:840} INFO - DAG(s) 'dag_enriquecimento_dados' retrieved from /opt/airflow/dags/dag_enriquecimento_dados.py
[2026-07-14T02:03:49.202+0000] {logging_mixin.py:188} INFO - [2026-07-14T02:03:49.202+0000] {dag.py:3036} INFO - Sync 1 DAGs
[2026-07-14T02:03:49.214+0000] {logging_mixin.py:188} INFO - [2026-07-14T02:03:49.214+0000] {dag.py:3823} INFO - Setting next_dagrun for dag_enriquecimento_dados to None, run_after=None
[2026-07-14T02:03:49.233+0000] {processor.py:183} INFO - Processing /opt/airflow/dags/dag_enriquecimento_dados.py took 0.065 seconds
[2026-07-14T02:04:19.370+0000] {processor.py:161} INFO - Started process (PID=7347) to work on /opt/airflow/dags/dag_enriquecimento_dados.py
[2026-07-14T02:04:19.371+0000] {processor.py:830} INFO - Processing file /opt/airflow/dags/dag_enriquecimento_dados.py for tasks to queue
[2026-07-14T02:04:19.372+0000] {logging_mixin.py:188} INFO - [2026-07-14T02:04:19.372+0000] {dagbag.py:538} INFO - Filling up the DagBag from /opt/airflow/dags/dag_enriquecimento_dados.py
[2026-07-14T02:04:19.380+0000] {processor.py:840} INFO - DAG(s) 'dag_enriquecimento_dados' retrieved from /opt/airflow/dags/dag_enriquecimento_dados.py
[2026-07-14T02:04:19.402+0000] {logging_mixin.py:188} INFO - [2026-07-14T02:04:19.402+0000] {dag.py:3036} INFO - Sync 1 DAGs
[2026-07-14T02:04:19.415+0000] {logging_mixin.py:188} INFO - [2026-07-14T02:04:19.415+0000] {dag.py:3823} INFO - Setting next_dagrun for dag_enriquecimento_dados to None, run_after=None
[2026-07-14T02:04:19.435+0000] {processor.py:183} INFO - Processing /opt/airflow/dags/dag_enriquecimento_dados.py took 0.068 seconds
[2026-07-14T02:04:49.565+0000] {processor.py:161} INFO - Started process (PID=7362) to work on /opt/airflow/dags/dag_enriquecimento_dados.py
[2026-07-14T02:04:49.566+0000] {processor.py:830} INFO - Processing file /opt/airflow/dags/dag_enriquecimento_dados.py for tasks to queue
[2026-07-14T02:04:49.566+0000] {logging_mixin.py:188} INFO - [2026-07-14T02:04:49.566+0000] {dagbag.py:538} INFO - Filling up the DagBag from /opt/airflow/dags/dag_enriquecimento_dados.py
[2026-07-14T02:04:49.574+0000] {processor.py:840} INFO - DAG(s) 'dag_enriquecimento_dados' retrieved from /opt/airflow/dags/dag_enriquecimento_dados.py
[2026-07-14T02:04:49.595+0000] {logging_mixin.py:188} INFO - [2026-07-14T02:04:49.594+0000] {dag.py:3036} INFO - Sync 1 DAGs
[2026-07-14T02:04:49.607+0000] {logging_mixin.py:188} INFO - [2026-07-14T02:04:49.607+0000] {dag.py:3823} INFO - Setting next_dagrun for dag_enriquecimento_dados to None, run_after=None
[2026-07-14T02:04:49.627+0000] {processor.py:183} INFO - Processing /opt/airflow/dags/dag_enriquecimento_dados.py took 0.065 seconds
[2026-07-14T02:05:19.752+0000] {processor.py:161} INFO - Started process (PID=7377) to work on /opt/airflow/dags/dag_enriquecimento_dados.py
[2026-07-14T02:05:19.752+0000] {processor.py:830} INFO - Processing file /opt/airflow/dags/dag_enriquecimento_dados.py for tasks to queue
[2026-07-14T02:05:19.753+0000] {logging_mixin.py:188} INFO - [2026-07-14T02:05:19.753+0000] {dagbag.py:538} INFO - Filling up the DagBag from /opt/airflow/dags/dag_enriquecimento_dados.py
[2026-07-14T02:05:19.760+0000] {processor.py:840} INFO - DAG(s) 'dag_enriquecimento_dados' retrieved from /opt/airflow/dags/dag_enriquecimento_dados.py
[2026-07-14T02:05:19.782+0000] {logging_mixin.py:188} INFO - [2026-07-14T02:05:19.782+0000] {dag.py:3036} INFO - Sync 1 DAGs
[2026-07-14T02:05:19.794+0000] {logging_mixin.py:188} INFO - [2026-07-14T02:05:19.793+0000] {dag.py:3823} INFO - Setting next_dagrun for dag_enriquecimento_dados to None, run_after=None
[2026-07-14T02:05:19.813+0000] {processor.py:183} INFO - Processing /opt/airflow/dags/dag_enriquecimento_dados.py took 0.064 seconds
[2026-07-14T02:05:49.960+0000] {processor.py:161} INFO - Started process (PID=7392) to work on /opt/airflow/dags/dag_enriquecimento_dados.py
[2026-07-14T02:05:49.961+0000] {processor.py:830} INFO - Processing file /opt/airflow/dags/dag_enriquecimento_dados.py for tasks to queue
[2026-07-14T02:05:49.962+0000] {logging_mixin.py:188} INFO - [2026-07-14T02:05:49.961+0000] {dagbag.py:538} INFO - Filling up the DagBag from /opt/airflow/dags/dag_enriquecimento_dados.py
[2026-07-14T02:05:49.970+0000] {processor.py:840} INFO - DAG(s) 'dag_enriquecimento_dados' retrieved from /opt/airflow/dags/dag_enriquecimento_dados.py
[2026-07-14T02:05:49.993+0000] {logging_mixin.py:188} INFO - [2026-07-14T02:05:49.993+0000] {dag.py:3036} INFO - Sync 1 DAGs
[2026-07-14T02:05:50.004+0000] {logging_mixin.py:188} INFO - [2026-07-14T02:05:50.004+0000] {dag.py:3823} INFO - Setting next_dagrun for dag_enriquecimento_dados to None, run_after=None
[2026-07-14T02:05:50.025+0000] {processor.py:183} INFO - Processing /opt/airflow/dags/dag_enriquecimento_dados.py took 0.069 seconds
[2026-07-14T02:06:20.157+0000] {processor.py:161} INFO - Started process (PID=7407) to work on /opt/airflow/dags/dag_enriquecimento_dados.py
[2026-07-14T02:06:20.158+0000] {processor.py:830} INFO - Processing file /opt/airflow/dags/dag_enriquecimento_dados.py for tasks to queue
[2026-07-14T02:06:20.159+0000] {logging_mixin.py:188} INFO - [2026-07-14T02:06:20.158+0000] {dagbag.py:538} INFO - Filling up the DagBag from /opt/airflow/dags/dag_enriquecimento_dados.py
[2026-07-14T02:06:20.166+0000] {processor.py:840} INFO - DAG(s) 'dag_enriquecimento_dados' retrieved from /opt/airflow/dags/dag_enriquecimento_dados.py
[2026-07-14T02:06:20.187+0000] {logging_mixin.py:188} INFO - [2026-07-14T02:06:20.186+0000] {dag.py:3036} INFO - Sync 1 DAGs
[2026-07-14T02:06:20.197+0000] {logging_mixin.py:188} INFO - [2026-07-14T02:06:20.197+0000] {dag.py:3823} INFO - Setting next_dagrun for dag_enriquecimento_dados to None, run_after=None
[2026-07-14T02:06:20.216+0000] {processor.py:183} INFO - Processing /opt/airflow/dags/dag_enriquecimento_dados.py took 0.061 seconds
[2026-07-14T02:06:50.364+0000] {processor.py:161} INFO - Started process (PID=7422) to work on /opt/airflow/dags/dag_enriquecimento_dados.py
[2026-07-14T02:06:50.365+0000] {processor.py:830} INFO - Processing file /opt/airflow/dags/dag_enriquecimento_dados.py for tasks to queue
[2026-07-14T02:06:50.366+0000] {logging_mixin.py:188} INFO - [2026-07-14T02:06:50.366+0000] {dagbag.py:538} INFO - Filling up the DagBag from /opt/airflow/dags/dag_enriquecimento_dados.py
[2026-07-14T02:06:50.375+0000] {processor.py:840} INFO - DAG(s) 'dag_enriquecimento_dados' retrieved from /opt/airflow/dags/dag_enriquecimento_dados.py
[2026-07-14T02:06:50.397+0000] {logging_mixin.py:188} INFO - [2026-07-14T02:06:50.396+0000] {dag.py:3036} INFO - Sync 1 DAGs
[2026-07-14T02:06:50.409+0000] {logging_mixin.py:188} INFO - [2026-07-14T02:06:50.408+0000] {dag.py:3823} INFO - Setting next_dagrun for dag_enriquecimento_dados to None, run_after=None
[2026-07-14T02:06:50.427+0000] {processor.py:183} INFO - Processing /opt/airflow/dags/dag_enriquecimento_dados.py took 0.066 seconds
[2026-07-14T02:07:20.560+0000] {processor.py:161} INFO - Started process (PID=7437) to work on /opt/airflow/dags/dag_enriquecimento_dados.py
[2026-07-14T02:07:20.560+0000] {processor.py:830} INFO - Processing file /opt/airflow/dags/dag_enriquecimento_dados.py for tasks to queue
[2026-07-14T02:07:20.561+0000] {logging_mixin.py:188} INFO - [2026-07-14T02:07:20.561+0000] {dagbag.py:538} INFO - Filling up the DagBag from /opt/airflow/dags/dag_enriquecimento_dados.py
[2026-07-14T02:07:20.570+0000] {processor.py:840} INFO - DAG(s) 'dag_enriquecimento_dados' retrieved from /opt/airflow/dags/dag_enriquecimento_dados.py
[2026-07-14T02:07:20.591+0000] {logging_mixin.py:188} INFO - [2026-07-14T02:07:20.591+0000] {dag.py:3036} INFO - Sync 1 DAGs
[2026-07-14T02:07:20.604+0000] {logging_mixin.py:188} INFO - [2026-07-14T02:07:20.604+0000] {dag.py:3823} INFO - Setting next_dagrun for dag_enriquecimento_dados to None, run_after=None
[2026-07-14T02:07:20.622+0000] {processor.py:183} INFO - Processing /opt/airflow/dags/dag_enriquecimento_dados.py took 0.065 seconds
[2026-07-14T02:07:50.758+0000] {processor.py:161} INFO - Started process (PID=7452) to work on /opt/airflow/dags/dag_enriquecimento_dados.py
[2026-07-14T02:07:50.759+0000] {processor.py:830} INFO - Processing file /opt/airflow/dags/dag_enriquecimento_dados.py for tasks to queue
[2026-07-14T02:07:50.760+0000] {logging_mixin.py:188} INFO - [2026-07-14T02:07:50.759+0000] {dagbag.py:538} INFO - Filling up the DagBag from /opt/airflow/dags/dag_enriquecimento_dados.py
[2026-07-14T02:07:50.767+0000] {processor.py:840} INFO - DAG(s) 'dag_enriquecimento_dados' retrieved from /opt/airflow/dags/dag_enriquecimento_dados.py
[2026-07-14T02:07:50.790+0000] {logging_mixin.py:188} INFO - [2026-07-14T02:07:50.790+0000] {dag.py:3036} INFO - Sync 1 DAGs
[2026-07-14T02:07:50.801+0000] {logging_mixin.py:188} INFO - [2026-07-14T02:07:50.801+0000] {dag.py:3823} INFO - Setting next_dagrun for dag_enriquecimento_dados to None, run_after=None
[2026-07-14T02:07:50.820+0000] {processor.py:183} INFO - Processing /opt/airflow/dags/dag_enriquecimento_dados.py took 0.064 seconds
[2026-07-14T02:08:20.948+0000] {processor.py:161} INFO - Started process (PID=7467) to work on /opt/airflow/dags/dag_enriquecimento_dados.py
[2026-07-14T02:08:20.948+0000] {processor.py:830} INFO - Processing file /opt/airflow/dags/dag_enriquecimento_dados.py for tasks to queue
[2026-07-14T02:08:20.949+0000] {logging_mixin.py:188} INFO - [2026-07-14T02:08:20.949+0000] {dagbag.py:538} INFO - Filling up the DagBag from /opt/airflow/dags/dag_enriquecimento_dados.py
[2026-07-14T02:08:20.957+0000] {processor.py:840} INFO - DAG(s) 'dag_enriquecimento_dados' retrieved from /opt/airflow/dags/dag_enriquecimento_dados.py
[2026-07-14T02:08:20.979+0000] {logging_mixin.py:188} INFO - [2026-07-14T02:08:20.979+0000] {dag.py:3036} INFO - Sync 1 DAGs
[2026-07-14T02:08:20.993+0000] {logging_mixin.py:188} INFO - [2026-07-14T02:08:20.993+0000] {dag.py:3823} INFO - Setting next_dagrun for dag_enriquecimento_dados to None, run_after=None
[2026-07-14T02:08:21.012+0000] {processor.py:183} INFO - Processing /opt/airflow/dags/dag_enriquecimento_dados.py took 0.067 seconds
[2026-07-14T02:08:51.139+0000] {processor.py:161} INFO - Started process (PID=7482) to work on /opt/airflow/dags/dag_enriquecimento_dados.py
[2026-07-14T02:08:51.139+0000] {processor.py:830} INFO - Processing file /opt/airflow/dags/dag_enriquecimento_dados.py for tasks to queue
[2026-07-14T02:08:51.140+0000] {logging_mixin.py:188} INFO - [2026-07-14T02:08:51.140+0000] {dagbag.py:538} INFO - Filling up the DagBag from /opt/airflow/dags/dag_enriquecimento_dados.py
[2026-07-14T02:08:51.148+0000] {processor.py:840} INFO - DAG(s) 'dag_enriquecimento_dados' retrieved from /opt/airflow/dags/dag_enriquecimento_dados.py
[2026-07-14T02:08:51.170+0000] {logging_mixin.py:188} INFO - [2026-07-14T02:08:51.169+0000] {dag.py:3036} INFO - Sync 1 DAGs
[2026-07-14T02:08:51.184+0000] {logging_mixin.py:188} INFO - [2026-07-14T02:08:51.184+0000] {dag.py:3823} INFO - Setting next_dagrun for dag_enriquecimento_dados to None, run_after=None
[2026-07-14T02:08:51.200+0000] {processor.py:183} INFO - Processing /opt/airflow/dags/dag_enriquecimento_dados.py took 0.063 seconds
[2026-07-14T02:09:21.341+0000] {processor.py:161} INFO - Started process (PID=7497) to work on /opt/airflow/dags/dag_enriquecimento_dados.py
[2026-07-14T02:09:21.341+0000] {processor.py:830} INFO - Processing file /opt/airflow/dags/dag_enriquecimento_dados.py for tasks to queue
[2026-07-14T02:09:21.342+0000] {logging_mixin.py:188} INFO - [2026-07-14T02:09:21.342+0000] {dagbag.py:538} INFO - Filling up the DagBag from /opt/airflow/dags/dag_enriquecimento_dados.py
[2026-07-14T02:09:21.350+0000] {processor.py:840} INFO - DAG(s) 'dag_enriquecimento_dados' retrieved from /opt/airflow/dags/dag_enriquecimento_dados.py
[2026-07-14T02:09:21.371+0000] {logging_mixin.py:188} INFO - [2026-07-14T02:09:21.370+0000] {dag.py:3036} INFO - Sync 1 DAGs
[2026-07-14T02:09:21.381+0000] {logging_mixin.py:188} INFO - [2026-07-14T02:09:21.381+0000] {dag.py:3823} INFO - Setting next_dagrun for dag_enriquecimento_dados to None, run_after=None
[2026-07-14T02:09:21.400+0000] {processor.py:183} INFO - Processing /opt/airflow/dags/dag_enriquecimento_dados.py took 0.062 seconds
[2026-07-14T02:09:51.540+0000] {processor.py:161} INFO - Started process (PID=7512) to work on /opt/airflow/dags/dag_enriquecimento_dados.py
[2026-07-14T02:09:51.541+0000] {processor.py:830} INFO - Processing file /opt/airflow/dags/dag_enriquecimento_dados.py for tasks to queue
[2026-07-14T02:09:51.542+0000] {logging_mixin.py:188} INFO - [2026-07-14T02:09:51.541+0000] {dagbag.py:538} INFO - Filling up the DagBag from /opt/airflow/dags/dag_enriquecimento_dados.py
[2026-07-14T02:09:51.549+0000] {processor.py:840} INFO - DAG(s) 'dag_enriquecimento_dados' retrieved from /opt/airflow/dags/dag_enriquecimento_dados.py
[2026-07-14T02:09:51.570+0000] {logging_mixin.py:188} INFO - [2026-07-14T02:09:51.570+0000] {dag.py:3036} INFO - Sync 1 DAGs
[2026-07-14T02:09:51.581+0000] {logging_mixin.py:188} INFO - [2026-07-14T02:09:51.581+0000] {dag.py:3823} INFO - Setting next_dagrun for dag_enriquecimento_dados to None, run_after=None
[2026-07-14T02:09:51.599+0000] {processor.py:183} INFO - Processing /opt/airflow/dags/dag_enriquecimento_dados.py took 0.061 seconds
[2026-07-14T02:10:21.732+0000] {processor.py:161} INFO - Started process (PID=7527) to work on /opt/airflow/dags/dag_enriquecimento_dados.py
[2026-07-14T02:10:21.733+0000] {processor.py:830} INFO - Processing file /opt/airflow/dags/dag_enriquecimento_dados.py for tasks to queue
[2026-07-14T02:10:21.733+0000] {logging_mixin.py:188} INFO - [2026-07-14T02:10:21.733+0000] {dagbag.py:538} INFO - Filling up the DagBag from /opt/airflow/dags/dag_enriquecimento_dados.py
[2026-07-14T02:10:21.741+0000] {processor.py:840} INFO - DAG(s) 'dag_enriquecimento_dados' retrieved from /opt/airflow/dags/dag_enriquecimento_dados.py
[2026-07-14T02:10:21.763+0000] {logging_mixin.py:188} INFO - [2026-07-14T02:10:21.763+0000] {dag.py:3036} INFO - Sync 1 DAGs
[2026-07-14T02:10:21.776+0000] {logging_mixin.py:188} INFO - [2026-07-14T02:10:21.776+0000] {dag.py:3823} INFO - Setting next_dagrun for dag_enriquecimento_dados to None, run_after=None
[2026-07-14T02:10:21.794+0000] {processor.py:183} INFO - Processing /opt/airflow/dags/dag_enriquecimento_dados.py took 0.066 seconds
[2026-07-14T02:10:51.926+0000] {processor.py:161} INFO - Started process (PID=7542) to work on /opt/airflow/dags/dag_enriquecimento_dados.py
[2026-07-14T02:10:51.927+0000] {processor.py:830} INFO - Processing file /opt/airflow/dags/dag_enriquecimento_dados.py for tasks to queue
[2026-07-14T02:10:51.928+0000] {logging_mixin.py:188} INFO - [2026-07-14T02:10:51.927+0000] {dagbag.py:538} INFO - Filling up the DagBag from /opt/airflow/dags/dag_enriquecimento_dados.py
[2026-07-14T02:10:51.935+0000] {processor.py:840} INFO - DAG(s) 'dag_enriquecimento_dados' retrieved from /opt/airflow/dags/dag_enriquecimento_dados.py
[2026-07-14T02:10:51.955+0000] {logging_mixin.py:188} INFO - [2026-07-14T02:10:51.955+0000] {dag.py:3036} INFO - Sync 1 DAGs
[2026-07-14T02:10:51.968+0000] {logging_mixin.py:188} INFO - [2026-07-14T02:10:51.968+0000] {dag.py:3823} INFO - Setting next_dagrun for dag_enriquecimento_dados to None, run_after=None
[2026-07-14T02:10:51.987+0000] {processor.py:183} INFO - Processing /opt/airflow/dags/dag_enriquecimento_dados.py took 0.063 seconds
[2026-07-14T02:11:22.119+0000] {processor.py:161} INFO - Started process (PID=7557) to work on /opt/airflow/dags/dag_enriquecimento_dados.py
[2026-07-14T02:11:22.120+0000] {processor.py:830} INFO - Processing file /opt/airflow/dags/dag_enriquecimento_dados.py for tasks to queue
[2026-07-14T02:11:22.120+0000] {logging_mixin.py:188} INFO - [2026-07-14T02:11:22.120+0000] {dagbag.py:538} INFO - Filling up the DagBag from /opt/airflow/dags/dag_enriquecimento_dados.py
[2026-07-14T02:11:22.128+0000] {processor.py:840} INFO - DAG(s) 'dag_enriquecimento_dados' retrieved from /opt/airflow/dags/dag_enriquecimento_dados.py
[2026-07-14T02:11:22.149+0000] {logging_mixin.py:188} INFO - [2026-07-14T02:11:22.149+0000] {dag.py:3036} INFO - Sync 1 DAGs
[2026-07-14T02:11:22.161+0000] {logging_mixin.py:188} INFO - [2026-07-14T02:11:22.161+0000] {dag.py:3823} INFO - Setting next_dagrun for dag_enriquecimento_dados to None, run_after=None
[2026-07-14T02:11:22.179+0000] {processor.py:183} INFO - Processing /opt/airflow/dags/dag_enriquecimento_dados.py took 0.062 seconds
[2026-07-14T02:11:52.319+0000] {processor.py:161} INFO - Started process (PID=7572) to work on /opt/airflow/dags/dag_enriquecimento_dados.py
[2026-07-14T02:11:52.320+0000] {processor.py:830} INFO - Processing file /opt/airflow/dags/dag_enriquecimento_dados.py for tasks to queue
[2026-07-14T02:11:52.321+0000] {logging_mixin.py:188} INFO - [2026-07-14T02:11:52.321+0000] {dagbag.py:538} INFO - Filling up the DagBag from /opt/airflow/dags/dag_enriquecimento_dados.py
[2026-07-14T02:11:52.330+0000] {processor.py:840} INFO - DAG(s) 'dag_enriquecimento_dados' retrieved from /opt/airflow/dags/dag_enriquecimento_dados.py
[2026-07-14T02:11:52.353+0000] {logging_mixin.py:188} INFO - [2026-07-14T02:11:52.353+0000] {dag.py:3036} INFO - Sync 1 DAGs
[2026-07-14T02:11:52.366+0000] {logging_mixin.py:188} INFO - [2026-07-14T02:11:52.366+0000] {dag.py:3823} INFO - Setting next_dagrun for dag_enriquecimento_dados to None, run_after=None
[2026-07-14T02:11:52.383+0000] {processor.py:183} INFO - Processing /opt/airflow/dags/dag_enriquecimento_dados.py took 0.067 seconds
[2026-07-14T02:12:22.514+0000] {processor.py:161} INFO - Started process (PID=7587) to work on /opt/airflow/dags/dag_enriquecimento_dados.py
[2026-07-14T02:12:22.515+0000] {processor.py:830} INFO - Processing file /opt/airflow/dags/dag_enriquecimento_dados.py for tasks to queue
[2026-07-14T02:12:22.515+0000] {logging_mixin.py:188} INFO - [2026-07-14T02:12:22.515+0000] {dagbag.py:538} INFO - Filling up the DagBag from /opt/airflow/dags/dag_enriquecimento_dados.py
[2026-07-14T02:12:22.524+0000] {processor.py:840} INFO - DAG(s) 'dag_enriquecimento_dados' retrieved from /opt/airflow/dags/dag_enriquecimento_dados.py
[2026-07-14T02:12:22.545+0000] {logging_mixin.py:188} INFO - [2026-07-14T02:12:22.544+0000] {dag.py:3036} INFO - Sync 1 DAGs
[2026-07-14T02:12:22.556+0000] {logging_mixin.py:188} INFO - [2026-07-14T02:12:22.556+0000] {dag.py:3823} INFO - Setting next_dagrun for dag_enriquecimento_dados to None, run_after=None
[2026-07-14T02:12:22.575+0000] {processor.py:183} INFO - Processing /opt/airflow/dags/dag_enriquecimento_dados.py took 0.063 seconds
[2026-07-14T02:12:52.720+0000] {processor.py:161} INFO - Started process (PID=7602) to work on /opt/airflow/dags/dag_enriquecimento_dados.py
[2026-07-14T02:12:52.721+0000] {processor.py:830} INFO - Processing file /opt/airflow/dags/dag_enriquecimento_dados.py for tasks to queue
[2026-07-14T02:12:52.722+0000] {logging_mixin.py:188} INFO - [2026-07-14T02:12:52.722+0000] {dagbag.py:538} INFO - Filling up the DagBag from /opt/airflow/dags/dag_enriquecimento_dados.py
[2026-07-14T02:12:52.731+0000] {processor.py:840} INFO - DAG(s) 'dag_enriquecimento_dados' retrieved from /opt/airflow/dags/dag_enriquecimento_dados.py
[2026-07-14T02:12:52.753+0000] {logging_mixin.py:188} INFO - [2026-07-14T02:12:52.752+0000] {dag.py:3036} INFO - Sync 1 DAGs
[2026-07-14T02:12:52.765+0000] {logging_mixin.py:188} INFO - [2026-07-14T02:12:52.765+0000] {dag.py:3823} INFO - Setting next_dagrun for dag_enriquecimento_dados to None, run_after=None
[2026-07-14T02:12:52.784+0000] {processor.py:183} INFO - Processing /opt/airflow/dags/dag_enriquecimento_dados.py took 0.067 seconds
[2026-07-14T02:13:22.930+0000] {processor.py:161} INFO - Started process (PID=7617) to work on /opt/airflow/dags/dag_enriquecimento_dados.py
[2026-07-14T02:13:22.931+0000] {processor.py:830} INFO - Processing file /opt/airflow/dags/dag_enriquecimento_dados.py for tasks to queue
[2026-07-14T02:13:22.932+0000] {logging_mixin.py:188} INFO - [2026-07-14T02:13:22.932+0000] {dagbag.py:538} INFO - Filling up the DagBag from /opt/airflow/dags/dag_enriquecimento_dados.py
[2026-07-14T02:13:22.940+0000] {processor.py:840} INFO - DAG(s) 'dag_enriquecimento_dados' retrieved from /opt/airflow/dags/dag_enriquecimento_dados.py
[2026-07-14T02:13:22.962+0000] {logging_mixin.py:188} INFO - [2026-07-14T02:13:22.961+0000] {dag.py:3036} INFO - Sync 1 DAGs
[2026-07-14T02:13:22.975+0000] {logging_mixin.py:188} INFO - [2026-07-14T02:13:22.974+0000] {dag.py:3823} INFO - Setting next_dagrun for dag_enriquecimento_dados to None, run_after=None
[2026-07-14T02:13:22.992+0000] {processor.py:183} INFO - Processing /opt/airflow/dags/dag_enriquecimento_dados.py took 0.064 seconds
[2026-07-14T02:13:53.126+0000] {processor.py:161} INFO - Started process (PID=7632) to work on /opt/airflow/dags/dag_enriquecimento_dados.py
[2026-07-14T02:13:53.126+0000] {processor.py:830} INFO - Processing file /opt/airflow/dags/dag_enriquecimento_dados.py for tasks to queue
[2026-07-14T02:13:53.127+0000] {logging_mixin.py:188} INFO - [2026-07-14T02:13:53.127+0000] {dagbag.py:538} INFO - Filling up the DagBag from /opt/airflow/dags/dag_enriquecimento_dados.py
[2026-07-14T02:13:53.135+0000] {processor.py:840} INFO - DAG(s) 'dag_enriquecimento_dados' retrieved from /opt/airflow/dags/dag_enriquecimento_dados.py
[2026-07-14T02:13:53.157+0000] {logging_mixin.py:188} INFO - [2026-07-14T02:13:53.157+0000] {dag.py:3036} INFO - Sync 1 DAGs
[2026-07-14T02:13:53.170+0000] {logging_mixin.py:188} INFO - [2026-07-14T02:13:53.169+0000] {dag.py:3823} INFO - Setting next_dagrun for dag_enriquecimento_dados to None, run_after=None
[2026-07-14T02:13:53.188+0000] {processor.py:183} INFO - Processing /opt/airflow/dags/dag_enriquecimento_dados.py took 0.065 seconds
[2026-07-14T02:14:23.322+0000] {processor.py:161} INFO - Started process (PID=7647) to work on /opt/airflow/dags/dag_enriquecimento_dados.py
[2026-07-14T02:14:23.323+0000] {processor.py:830} INFO - Processing file /opt/airflow/dags/dag_enriquecimento_dados.py for tasks to queue
[2026-07-14T02:14:23.323+0000] {logging_mixin.py:188} INFO - [2026-07-14T02:14:23.323+0000] {dagbag.py:538} INFO - Filling up the DagBag from /opt/airflow/dags/dag_enriquecimento_dados.py
[2026-07-14T02:14:23.331+0000] {processor.py:840} INFO - DAG(s) 'dag_enriquecimento_dados' retrieved from /opt/airflow/dags/dag_enriquecimento_dados.py
[2026-07-14T02:14:23.353+0000] {logging_mixin.py:188} INFO - [2026-07-14T02:14:23.352+0000] {dag.py:3036} INFO - Sync 1 DAGs
[2026-07-14T02:14:23.364+0000] {logging_mixin.py:188} INFO - [2026-07-14T02:14:23.364+0000] {dag.py:3823} INFO - Setting next_dagrun for dag_enriquecimento_dados to None, run_after=None
[2026-07-14T02:14:23.382+0000] {processor.py:183} INFO - Processing /opt/airflow/dags/dag_enriquecimento_dados.py took 0.062 seconds
[2026-07-14T02:14:53.511+0000] {processor.py:161} INFO - Started process (PID=7662) to work on /opt/airflow/dags/dag_enriquecimento_dados.py
[2026-07-14T02:14:53.511+0000] {processor.py:830} INFO - Processing file /opt/airflow/dags/dag_enriquecimento_dados.py for tasks to queue
[2026-07-14T02:14:53.512+0000] {logging_mixin.py:188} INFO - [2026-07-14T02:14:53.512+0000] {dagbag.py:538} INFO - Filling up the DagBag from /opt/airflow/dags/dag_enriquecimento_dados.py
[2026-07-14T02:14:53.520+0000] {processor.py:840} INFO - DAG(s) 'dag_enriquecimento_dados' retrieved from /opt/airflow/dags/dag_enriquecimento_dados.py
[2026-07-14T02:14:53.541+0000] {logging_mixin.py:188} INFO - [2026-07-14T02:14:53.541+0000] {dag.py:3036} INFO - Sync 1 DAGs
[2026-07-14T02:14:53.554+0000] {logging_mixin.py:188} INFO - [2026-07-14T02:14:53.554+0000] {dag.py:3823} INFO - Setting next_dagrun for dag_enriquecimento_dados to None, run_after=None
[2026-07-14T02:14:53.573+0000] {processor.py:183} INFO - Processing /opt/airflow/dags/dag_enriquecimento_dados.py took 0.064 seconds
[2026-07-14T02:15:23.699+0000] {processor.py:161} INFO - Started process (PID=7677) to work on /opt/airflow/dags/dag_enriquecimento_dados.py
[2026-07-14T02:15:23.700+0000] {processor.py:830} INFO - Processing file /opt/airflow/dags/dag_enriquecimento_dados.py for tasks to queue
[2026-07-14T02:15:23.700+0000] {logging_mixin.py:188} INFO - [2026-07-14T02:15:23.700+0000] {dagbag.py:538} INFO - Filling up the DagBag from /opt/airflow/dags/dag_enriquecimento_dados.py
[2026-07-14T02:15:23.709+0000] {processor.py:840} INFO - DAG(s) 'dag_enriquecimento_dados' retrieved from /opt/airflow/dags/dag_enriquecimento_dados.py
[2026-07-14T02:15:23.729+0000] {logging_mixin.py:188} INFO - [2026-07-14T02:15:23.729+0000] {dag.py:3036} INFO - Sync 1 DAGs
[2026-07-14T02:15:23.741+0000] {logging_mixin.py:188} INFO - [2026-07-14T02:15:23.741+0000] {dag.py:3823} INFO - Setting next_dagrun for dag_enriquecimento_dados to None, run_after=None
[2026-07-14T02:15:23.761+0000] {processor.py:183} INFO - Processing /opt/airflow/dags/dag_enriquecimento_dados.py took 0.065 seconds
[2026-07-14T02:15:53.892+0000] {processor.py:161} INFO - Started process (PID=7692) to work on /opt/airflow/dags/dag_enriquecimento_dados.py
[2026-07-14T02:15:53.893+0000] {processor.py:830} INFO - Processing file /opt/airflow/dags/dag_enriquecimento_dados.py for tasks to queue
[2026-07-14T02:15:53.893+0000] {logging_mixin.py:188} INFO - [2026-07-14T02:15:53.893+0000] {dagbag.py:538} INFO - Filling up the DagBag from /opt/airflow/dags/dag_enriquecimento_dados.py
[2026-07-14T02:15:53.901+0000] {processor.py:840} INFO - DAG(s) 'dag_enriquecimento_dados' retrieved from /opt/airflow/dags/dag_enriquecimento_dados.py
[2026-07-14T02:15:53.922+0000] {logging_mixin.py:188} INFO - [2026-07-14T02:15:53.922+0000] {dag.py:3036} INFO - Sync 1 DAGs
[2026-07-14T02:15:53.934+0000] {logging_mixin.py:188} INFO - [2026-07-14T02:15:53.934+0000] {dag.py:3823} INFO - Setting next_dagrun for dag_enriquecimento_dados to None, run_after=None
[2026-07-14T02:15:53.954+0000] {processor.py:183} INFO - Processing /opt/airflow/dags/dag_enriquecimento_dados.py took 0.065 seconds
[2026-07-14T02:16:24.084+0000] {processor.py:161} INFO - Started process (PID=7707) to work on /opt/airflow/dags/dag_enriquecimento_dados.py
[2026-07-14T02:16:24.085+0000] {processor.py:830} INFO - Processing file /opt/airflow/dags/dag_enriquecimento_dados.py for tasks to queue
[2026-07-14T02:16:24.085+0000] {logging_mixin.py:188} INFO - [2026-07-14T02:16:24.085+0000] {dagbag.py:538} INFO - Filling up the DagBag from /opt/airflow/dags/dag_enriquecimento_dados.py
[2026-07-14T02:16:24.093+0000] {processor.py:840} INFO - DAG(s) 'dag_enriquecimento_dados' retrieved from /opt/airflow/dags/dag_enriquecimento_dados.py
[2026-07-14T02:16:24.117+0000] {logging_mixin.py:188} INFO - [2026-07-14T02:16:24.116+0000] {dag.py:3036} INFO - Sync 1 DAGs
[2026-07-14T02:16:24.128+0000] {logging_mixin.py:188} INFO - [2026-07-14T02:16:24.128+0000] {dag.py:3823} INFO - Setting next_dagrun for dag_enriquecimento_dados to None, run_after=None
[2026-07-14T02:16:24.147+0000] {processor.py:183} INFO - Processing /opt/airflow/dags/dag_enriquecimento_dados.py took 0.066 seconds
[2026-07-14T02:16:54.274+0000] {processor.py:161} INFO - Started process (PID=7722) to work on /opt/airflow/dags/dag_enriquecimento_dados.py
[2026-07-14T02:16:54.275+0000] {processor.py:830} INFO - Processing file /opt/airflow/dags/dag_enriquecimento_dados.py for tasks to queue
[2026-07-14T02:16:54.275+0000] {logging_mixin.py:188} INFO - [2026-07-14T02:16:54.275+0000] {dagbag.py:538} INFO - Filling up the DagBag from /opt/airflow/dags/dag_enriquecimento_dados.py
[2026-07-14T02:16:54.283+0000] {processor.py:840} INFO - DAG(s) 'dag_enriquecimento_dados' retrieved from /opt/airflow/dags/dag_enriquecimento_dados.py
[2026-07-14T02:16:54.303+0000] {logging_mixin.py:188} INFO - [2026-07-14T02:16:54.303+0000] {dag.py:3036} INFO - Sync 1 DAGs
[2026-07-14T02:16:54.315+0000] {logging_mixin.py:188} INFO - [2026-07-14T02:16:54.314+0000] {dag.py:3823} INFO - Setting next_dagrun for dag_enriquecimento_dados to None, run_after=None
[2026-07-14T02:16:54.335+0000] {processor.py:183} INFO - Processing /opt/airflow/dags/dag_enriquecimento_dados.py took 0.063 seconds
[2026-07-14T02:17:24.468+0000] {processor.py:161} INFO - Started process (PID=7737) to work on /opt/airflow/dags/dag_enriquecimento_dados.py
[2026-07-14T02:17:24.469+0000] {processor.py:830} INFO - Processing file /opt/airflow/dags/dag_enriquecimento_dados.py for tasks to queue
[2026-07-14T02:17:24.469+0000] {logging_mixin.py:188} INFO - [2026-07-14T02:17:24.469+0000] {dagbag.py:538} INFO - Filling up the DagBag from /opt/airflow/dags/dag_enriquecimento_dados.py
[2026-07-14T02:17:24.477+0000] {processor.py:840} INFO - DAG(s) 'dag_enriquecimento_dados' retrieved from /opt/airflow/dags/dag_enriquecimento_dados.py
[2026-07-14T02:17:24.499+0000] {logging_mixin.py:188} INFO - [2026-07-14T02:17:24.499+0000] {dag.py:3036} INFO - Sync 1 DAGs
[2026-07-14T02:17:24.511+0000] {logging_mixin.py:188} INFO - [2026-07-14T02:17:24.511+0000] {dag.py:3823} INFO - Setting next_dagrun for dag_enriquecimento_dados to None, run_after=None
[2026-07-14T02:17:24.529+0000] {processor.py:183} INFO - Processing /opt/airflow/dags/dag_enriquecimento_dados.py took 0.064 seconds
[2026-07-14T02:17:54.676+0000] {processor.py:161} INFO - Started process (PID=7752) to work on /opt/airflow/dags/dag_enriquecimento_dados.py
[2026-07-14T02:17:54.677+0000] {processor.py:830} INFO - Processing file /opt/airflow/dags/dag_enriquecimento_dados.py for tasks to queue
[2026-07-14T02:17:54.677+0000] {logging_mixin.py:188} INFO - [2026-07-14T02:17:54.677+0000] {dagbag.py:538} INFO - Filling up the DagBag from /opt/airflow/dags/dag_enriquecimento_dados.py
[2026-07-14T02:17:54.687+0000] {processor.py:840} INFO - DAG(s) 'dag_enriquecimento_dados' retrieved from /opt/airflow/dags/dag_enriquecimento_dados.py
[2026-07-14T02:17:54.710+0000] {logging_mixin.py:188} INFO - [2026-07-14T02:17:54.709+0000] {dag.py:3036} INFO - Sync 1 DAGs
[2026-07-14T02:17:54.721+0000] {logging_mixin.py:188} INFO - [2026-07-14T02:17:54.721+0000] {dag.py:3823} INFO - Setting next_dagrun for dag_enriquecimento_dados to None, run_after=None
[2026-07-14T02:17:54.739+0000] {processor.py:183} INFO - Processing /opt/airflow/dags/dag_enriquecimento_dados.py took 0.067 seconds
[2026-07-14T02:18:24.878+0000] {processor.py:161} INFO - Started process (PID=7767) to work on /opt/airflow/dags/dag_enriquecimento_dados.py
[2026-07-14T02:18:24.878+0000] {processor.py:830} INFO - Processing file /opt/airflow/dags/dag_enriquecimento_dados.py for tasks to queue
[2026-07-14T02:18:24.879+0000] {logging_mixin.py:188} INFO - [2026-07-14T02:18:24.879+0000] {dagbag.py:538} INFO - Filling up the DagBag from /opt/airflow/dags/dag_enriquecimento_dados.py
[2026-07-14T02:18:24.887+0000] {processor.py:840} INFO - DAG(s) 'dag_enriquecimento_dados' retrieved from /opt/airflow/dags/dag_enriquecimento_dados.py
[2026-07-14T02:18:24.909+0000] {logging_mixin.py:188} INFO - [2026-07-14T02:18:24.908+0000] {dag.py:3036} INFO - Sync 1 DAGs
[2026-07-14T02:18:24.920+0000] {logging_mixin.py:188} INFO - [2026-07-14T02:18:24.920+0000] {dag.py:3823} INFO - Setting next_dagrun for dag_enriquecimento_dados to None, run_after=None
[2026-07-14T02:18:24.940+0000] {processor.py:183} INFO - Processing /opt/airflow/dags/dag_enriquecimento_dados.py took 0.065 seconds
[2026-07-14T02:18:55.077+0000] {processor.py:161} INFO - Started process (PID=7782) to work on /opt/airflow/dags/dag_enriquecimento_dados.py
[2026-07-14T02:18:55.077+0000] {processor.py:830} INFO - Processing file /opt/airflow/dags/dag_enriquecimento_dados.py for tasks to queue
[2026-07-14T02:18:55.078+0000] {logging_mixin.py:188} INFO - [2026-07-14T02:18:55.078+0000] {dagbag.py:538} INFO - Filling up the DagBag from /opt/airflow/dags/dag_enriquecimento_dados.py
[2026-07-14T02:18:55.086+0000] {processor.py:840} INFO - DAG(s) 'dag_enriquecimento_dados' retrieved from /opt/airflow/dags/dag_enriquecimento_dados.py
[2026-07-14T02:18:55.107+0000] {logging_mixin.py:188} INFO - [2026-07-14T02:18:55.107+0000] {dag.py:3036} INFO - Sync 1 DAGs
[2026-07-14T02:18:55.119+0000] {logging_mixin.py:188} INFO - [2026-07-14T02:18:55.119+0000] {dag.py:3823} INFO - Setting next_dagrun for dag_enriquecimento_dados to None, run_after=None
[2026-07-14T02:18:55.137+0000] {processor.py:183} INFO - Processing /opt/airflow/dags/dag_enriquecimento_dados.py took 0.063 seconds
[2026-07-14T02:19:25.280+0000] {processor.py:161} INFO - Started process (PID=7797) to work on /opt/airflow/dags/dag_enriquecimento_dados.py
[2026-07-14T02:19:25.281+0000] {processor.py:830} INFO - Processing file /opt/airflow/dags/dag_enriquecimento_dados.py for tasks to queue
[2026-07-14T02:19:25.281+0000] {logging_mixin.py:188} INFO - [2026-07-14T02:19:25.281+0000] {dagbag.py:538} INFO - Filling up the DagBag from /opt/airflow/dags/dag_enriquecimento_dados.py
[2026-07-14T02:19:25.289+0000] {processor.py:840} INFO - DAG(s) 'dag_enriquecimento_dados' retrieved from /opt/airflow/dags/dag_enriquecimento_dados.py
[2026-07-14T02:19:25.310+0000] {logging_mixin.py:188} INFO - [2026-07-14T02:19:25.310+0000] {dag.py:3036} INFO - Sync 1 DAGs
[2026-07-14T02:19:25.321+0000] {logging_mixin.py:188} INFO - [2026-07-14T02:19:25.321+0000] {dag.py:3823} INFO - Setting next_dagrun for dag_enriquecimento_dados to None, run_after=None
[2026-07-14T02:19:25.341+0000] {processor.py:183} INFO - Processing /opt/airflow/dags/dag_enriquecimento_dados.py took 0.063 seconds
[2026-07-14T02:19:55.485+0000] {processor.py:161} INFO - Started process (PID=7812) to work on /opt/airflow/dags/dag_enriquecimento_dados.py
[2026-07-14T02:19:55.486+0000] {processor.py:830} INFO - Processing file /opt/airflow/dags/dag_enriquecimento_dados.py for tasks to queue
[2026-07-14T02:19:55.486+0000] {logging_mixin.py:188} INFO - [2026-07-14T02:19:55.486+0000] {dagbag.py:538} INFO - Filling up the DagBag from /opt/airflow/dags/dag_enriquecimento_dados.py
[2026-07-14T02:19:55.495+0000] {processor.py:840} INFO - DAG(s) 'dag_enriquecimento_dados' retrieved from /opt/airflow/dags/dag_enriquecimento_dados.py
[2026-07-14T02:19:55.518+0000] {logging_mixin.py:188} INFO - [2026-07-14T02:19:55.517+0000] {dag.py:3036} INFO - Sync 1 DAGs
[2026-07-14T02:19:55.529+0000] {logging_mixin.py:188} INFO - [2026-07-14T02:19:55.529+0000] {dag.py:3823} INFO - Setting next_dagrun for dag_enriquecimento_dados to None, run_after=None
[2026-07-14T02:19:55.549+0000] {processor.py:183} INFO - Processing /opt/airflow/dags/dag_enriquecimento_dados.py took 0.067 seconds
[2026-07-14T02:20:25.684+0000] {processor.py:161} INFO - Started process (PID=7827) to work on /opt/airflow/dags/dag_enriquecimento_dados.py
[2026-07-14T02:20:25.684+0000] {processor.py:830} INFO - Processing file /opt/airflow/dags/dag_enriquecimento_dados.py for tasks to queue
[2026-07-14T02:20:25.685+0000] {logging_mixin.py:188} INFO - [2026-07-14T02:20:25.685+0000] {dagbag.py:538} INFO - Filling up the DagBag from /opt/airflow/dags/dag_enriquecimento_dados.py
[2026-07-14T02:20:25.693+0000] {processor.py:840} INFO - DAG(s) 'dag_enriquecimento_dados' retrieved from /opt/airflow/dags/dag_enriquecimento_dados.py
[2026-07-14T02:20:25.715+0000] {logging_mixin.py:188} INFO - [2026-07-14T02:20:25.715+0000] {dag.py:3036} INFO - Sync 1 DAGs
[2026-07-14T02:20:25.729+0000] {logging_mixin.py:188} INFO - [2026-07-14T02:20:25.728+0000] {dag.py:3823} INFO - Setting next_dagrun for dag_enriquecimento_dados to None, run_after=None
[2026-07-14T02:20:25.748+0000] {processor.py:183} INFO - Processing /opt/airflow/dags/dag_enriquecimento_dados.py took 0.067 seconds
[2026-07-14T02:20:55.874+0000] {processor.py:161} INFO - Started process (PID=7842) to work on /opt/airflow/dags/dag_enriquecimento_dados.py
[2026-07-14T02:20:55.875+0000] {processor.py:830} INFO - Processing file /opt/airflow/dags/dag_enriquecimento_dados.py for tasks to queue
[2026-07-14T02:20:55.875+0000] {logging_mixin.py:188} INFO - [2026-07-14T02:20:55.875+0000] {dagbag.py:538} INFO - Filling up the DagBag from /opt/airflow/dags/dag_enriquecimento_dados.py
[2026-07-14T02:20:55.883+0000] {processor.py:840} INFO - DAG(s) 'dag_enriquecimento_dados' retrieved from /opt/airflow/dags/dag_enriquecimento_dados.py
[2026-07-14T02:20:55.903+0000] {logging_mixin.py:188} INFO - [2026-07-14T02:20:55.903+0000] {dag.py:3036} INFO - Sync 1 DAGs
[2026-07-14T02:20:55.915+0000] {logging_mixin.py:188} INFO - [2026-07-14T02:20:55.915+0000] {dag.py:3823} INFO - Setting next_dagrun for dag_enriquecimento_dados to None, run_after=None
[2026-07-14T02:20:55.933+0000] {processor.py:183} INFO - Processing /opt/airflow/dags/dag_enriquecimento_dados.py took 0.061 seconds
[2026-07-14T02:21:26.078+0000] {processor.py:161} INFO - Started process (PID=7857) to work on /opt/airflow/dags/dag_enriquecimento_dados.py
[2026-07-14T02:21:26.079+0000] {processor.py:830} INFO - Processing file /opt/airflow/dags/dag_enriquecimento_dados.py for tasks to queue
[2026-07-14T02:21:26.079+0000] {logging_mixin.py:188} INFO - [2026-07-14T02:21:26.079+0000] {dagbag.py:538} INFO - Filling up the DagBag from /opt/airflow/dags/dag_enriquecimento_dados.py
[2026-07-14T02:21:26.088+0000] {processor.py:840} INFO - DAG(s) 'dag_enriquecimento_dados' retrieved from /opt/airflow/dags/dag_enriquecimento_dados.py
[2026-07-14T02:21:26.109+0000] {logging_mixin.py:188} INFO - [2026-07-14T02:21:26.109+0000] {dag.py:3036} INFO - Sync 1 DAGs
[2026-07-14T02:21:26.121+0000] {logging_mixin.py:188} INFO - [2026-07-14T02:21:26.121+0000] {dag.py:3823} INFO - Setting next_dagrun for dag_enriquecimento_dados to None, run_after=None
[2026-07-14T02:21:26.139+0000] {processor.py:183} INFO - Processing /opt/airflow/dags/dag_enriquecimento_dados.py took 0.064 seconds
[2026-07-14T02:21:56.271+0000] {processor.py:161} INFO - Started process (PID=7872) to work on /opt/airflow/dags/dag_enriquecimento_dados.py
[2026-07-14T02:21:56.272+0000] {processor.py:830} INFO - Processing file /opt/airflow/dags/dag_enriquecimento_dados.py for tasks to queue
[2026-07-14T02:21:56.272+0000] {logging_mixin.py:188} INFO - [2026-07-14T02:21:56.272+0000] {dagbag.py:538} INFO - Filling up the DagBag from /opt/airflow/dags/dag_enriquecimento_dados.py
[2026-07-14T02:21:56.281+0000] {processor.py:840} INFO - DAG(s) 'dag_enriquecimento_dados' retrieved from /opt/airflow/dags/dag_enriquecimento_dados.py
[2026-07-14T02:21:56.302+0000] {logging_mixin.py:188} INFO - [2026-07-14T02:21:56.302+0000] {dag.py:3036} INFO - Sync 1 DAGs
[2026-07-14T02:21:56.314+0000] {logging_mixin.py:188} INFO - [2026-07-14T02:21:56.314+0000] {dag.py:3823} INFO - Setting next_dagrun for dag_enriquecimento_dados to None, run_after=None
[2026-07-14T02:21:56.331+0000] {processor.py:183} INFO - Processing /opt/airflow/dags/dag_enriquecimento_dados.py took 0.064 seconds
[2026-07-14T02:22:26.477+0000] {processor.py:161} INFO - Started process (PID=7887) to work on /opt/airflow/dags/dag_enriquecimento_dados.py
[2026-07-14T02:22:26.478+0000] {processor.py:830} INFO - Processing file /opt/airflow/dags/dag_enriquecimento_dados.py for tasks to queue
[2026-07-14T02:22:26.478+0000] {logging_mixin.py:188} INFO - [2026-07-14T02:22:26.478+0000] {dagbag.py:538} INFO - Filling up the DagBag from /opt/airflow/dags/dag_enriquecimento_dados.py
[2026-07-14T02:22:26.486+0000] {processor.py:840} INFO - DAG(s) 'dag_enriquecimento_dados' retrieved from /opt/airflow/dags/dag_enriquecimento_dados.py
[2026-07-14T02:22:26.508+0000] {logging_mixin.py:188} INFO - [2026-07-14T02:22:26.507+0000] {dag.py:3036} INFO - Sync 1 DAGs
[2026-07-14T02:22:26.519+0000] {logging_mixin.py:188} INFO - [2026-07-14T02:22:26.519+0000] {dag.py:3823} INFO - Setting next_dagrun for dag_enriquecimento_dados to None, run_after=None
[2026-07-14T02:22:26.537+0000] {processor.py:183} INFO - Processing /opt/airflow/dags/dag_enriquecimento_dados.py took 0.063 seconds
[2026-07-14T02:22:56.681+0000] {processor.py:161} INFO - Started process (PID=7902) to work on /opt/airflow/dags/dag_enriquecimento_dados.py
[2026-07-14T02:22:56.682+0000] {processor.py:830} INFO - Processing file /opt/airflow/dags/dag_enriquecimento_dados.py for tasks to queue
[2026-07-14T02:22:56.682+0000] {logging_mixin.py:188} INFO - [2026-07-14T02:22:56.682+0000] {dagbag.py:538} INFO - Filling up the DagBag from /opt/airflow/dags/dag_enriquecimento_dados.py
[2026-07-14T02:22:56.691+0000] {processor.py:840} INFO - DAG(s) 'dag_enriquecimento_dados' retrieved from /opt/airflow/dags/dag_enriquecimento_dados.py
[2026-07-14T02:22:56.716+0000] {logging_mixin.py:188} INFO - [2026-07-14T02:22:56.715+0000] {dag.py:3036} INFO - Sync 1 DAGs
[2026-07-14T02:22:56.728+0000] {logging_mixin.py:188} INFO - [2026-07-14T02:22:56.728+0000] {dag.py:3823} INFO - Setting next_dagrun for dag_enriquecimento_dados to None, run_after=None
[2026-07-14T02:22:56.748+0000] {processor.py:183} INFO - Processing /opt/airflow/dags/dag_enriquecimento_dados.py took 0.070 seconds
[2026-07-14T02:23:26.882+0000] {processor.py:161} INFO - Started process (PID=7917) to work on /opt/airflow/dags/dag_enriquecimento_dados.py
[2026-07-14T02:23:26.883+0000] {processor.py:830} INFO - Processing file /opt/airflow/dags/dag_enriquecimento_dados.py for tasks to queue
[2026-07-14T02:23:26.883+0000] {logging_mixin.py:188} INFO - [2026-07-14T02:23:26.883+0000] {dagbag.py:538} INFO - Filling up the DagBag from /opt/airflow/dags/dag_enriquecimento_dados.py
[2026-07-14T02:23:26.891+0000] {processor.py:840} INFO - DAG(s) 'dag_enriquecimento_dados' retrieved from /opt/airflow/dags/dag_enriquecimento_dados.py
[2026-07-14T02:23:26.913+0000] {logging_mixin.py:188} INFO - [2026-07-14T02:23:26.913+0000] {dag.py:3036} INFO - Sync 1 DAGs
[2026-07-14T02:23:26.924+0000] {logging_mixin.py:188} INFO - [2026-07-14T02:23:26.924+0000] {dag.py:3823} INFO - Setting next_dagrun for dag_enriquecimento_dados to None, run_after=None
[2026-07-14T02:23:26.943+0000] {processor.py:183} INFO - Processing /opt/airflow/dags/dag_enriquecimento_dados.py took 0.064 seconds
[2026-07-14T02:23:57.091+0000] {processor.py:161} INFO - Started process (PID=7932) to work on /opt/airflow/dags/dag_enriquecimento_dados.py
[2026-07-14T02:23:57.092+0000] {processor.py:830} INFO - Processing file /opt/airflow/dags/dag_enriquecimento_dados.py for tasks to queue
[2026-07-14T02:23:57.093+0000] {logging_mixin.py:188} INFO - [2026-07-14T02:23:57.093+0000] {dagbag.py:538} INFO - Filling up the DagBag from /opt/airflow/dags/dag_enriquecimento_dados.py
[2026-07-14T02:23:57.102+0000] {processor.py:840} INFO - DAG(s) 'dag_enriquecimento_dados' retrieved from /opt/airflow/dags/dag_enriquecimento_dados.py
[2026-07-14T02:23:57.125+0000] {logging_mixin.py:188} INFO - [2026-07-14T02:23:57.125+0000] {dag.py:3036} INFO - Sync 1 DAGs
[2026-07-14T02:23:57.138+0000] {logging_mixin.py:188} INFO - [2026-07-14T02:23:57.137+0000] {dag.py:3823} INFO - Setting next_dagrun for dag_enriquecimento_dados to None, run_after=None
[2026-07-14T02:23:57.156+0000] {processor.py:183} INFO - Processing /opt/airflow/dags/dag_enriquecimento_dados.py took 0.067 seconds
[2026-07-14T02:24:27.289+0000] {processor.py:161} INFO - Started process (PID=7947) to work on /opt/airflow/dags/dag_enriquecimento_dados.py
[2026-07-14T02:24:27.290+0000] {processor.py:830} INFO - Processing file /opt/airflow/dags/dag_enriquecimento_dados.py for tasks to queue
[2026-07-14T02:24:27.290+0000] {logging_mixin.py:188} INFO - [2026-07-14T02:24:27.290+0000] {dagbag.py:538} INFO - Filling up the DagBag from /opt/airflow/dags/dag_enriquecimento_dados.py
[2026-07-14T02:24:27.298+0000] {processor.py:840} INFO - DAG(s) 'dag_enriquecimento_dados' retrieved from /opt/airflow/dags/dag_enriquecimento_dados.py
[2026-07-14T02:24:27.319+0000] {logging_mixin.py:188} INFO - [2026-07-14T02:24:27.318+0000] {dag.py:3036} INFO - Sync 1 DAGs
[2026-07-14T02:24:27.330+0000] {logging_mixin.py:188} INFO - [2026-07-14T02:24:27.330+0000] {dag.py:3823} INFO - Setting next_dagrun for dag_enriquecimento_dados to None, run_after=None
[2026-07-14T02:24:27.365+0000] {processor.py:183} INFO - Processing /opt/airflow/dags/dag_enriquecimento_dados.py took 0.079 seconds
[2026-07-14T02:24:57.492+0000] {processor.py:161} INFO - Started process (PID=7962) to work on /opt/airflow/dags/dag_enriquecimento_dados.py
[2026-07-14T02:24:57.493+0000] {processor.py:830} INFO - Processing file /opt/airflow/dags/dag_enriquecimento_dados.py for tasks to queue
[2026-07-14T02:24:57.494+0000] {logging_mixin.py:188} INFO - [2026-07-14T02:24:57.493+0000] {dagbag.py:538} INFO - Filling up the DagBag from /opt/airflow/dags/dag_enriquecimento_dados.py
[2026-07-14T02:24:57.501+0000] {processor.py:840} INFO - DAG(s) 'dag_enriquecimento_dados' retrieved from /opt/airflow/dags/dag_enriquecimento_dados.py
[2026-07-14T02:24:57.523+0000] {logging_mixin.py:188} INFO - [2026-07-14T02:24:57.523+0000] {dag.py:3036} INFO - Sync 1 DAGs
[2026-07-14T02:24:57.536+0000] {logging_mixin.py:188} INFO - [2026-07-14T02:24:57.536+0000] {dag.py:3823} INFO - Setting next_dagrun for dag_enriquecimento_dados to None, run_after=None
[2026-07-14T02:24:57.575+0000] {processor.py:183} INFO - Processing /opt/airflow/dags/dag_enriquecimento_dados.py took 0.085 seconds
[2026-07-14T02:25:27.695+0000] {processor.py:161} INFO - Started process (PID=7977) to work on /opt/airflow/dags/dag_enriquecimento_dados.py
[2026-07-14T02:25:27.696+0000] {processor.py:830} INFO - Processing file /opt/airflow/dags/dag_enriquecimento_dados.py for tasks to queue
[2026-07-14T02:25:27.697+0000] {logging_mixin.py:188} INFO - [2026-07-14T02:25:27.697+0000] {dagbag.py:538} INFO - Filling up the DagBag from /opt/airflow/dags/dag_enriquecimento_dados.py
[2026-07-14T02:25:27.704+0000] {processor.py:840} INFO - DAG(s) 'dag_enriquecimento_dados' retrieved from /opt/airflow/dags/dag_enriquecimento_dados.py
[2026-07-14T02:25:27.725+0000] {logging_mixin.py:188} INFO - [2026-07-14T02:25:27.724+0000] {dag.py:3036} INFO - Sync 1 DAGs
[2026-07-14T02:25:27.736+0000] {logging_mixin.py:188} INFO - [2026-07-14T02:25:27.736+0000] {dag.py:3823} INFO - Setting next_dagrun for dag_enriquecimento_dados to None, run_after=None
[2026-07-14T02:25:27.773+0000] {processor.py:183} INFO - Processing /opt/airflow/dags/dag_enriquecimento_dados.py took 0.080 seconds
[2026-07-14T02:25:57.904+0000] {processor.py:161} INFO - Started process (PID=7992) to work on /opt/airflow/dags/dag_enriquecimento_dados.py
[2026-07-14T02:25:57.904+0000] {processor.py:830} INFO - Processing file /opt/airflow/dags/dag_enriquecimento_dados.py for tasks to queue
[2026-07-14T02:25:57.905+0000] {logging_mixin.py:188} INFO - [2026-07-14T02:25:57.905+0000] {dagbag.py:538} INFO - Filling up the DagBag from /opt/airflow/dags/dag_enriquecimento_dados.py
[2026-07-14T02:25:57.912+0000] {processor.py:840} INFO - DAG(s) 'dag_enriquecimento_dados' retrieved from /opt/airflow/dags/dag_enriquecimento_dados.py
[2026-07-14T02:25:57.933+0000] {logging_mixin.py:188} INFO - [2026-07-14T02:25:57.932+0000] {dag.py:3036} INFO - Sync 1 DAGs
[2026-07-14T02:25:57.944+0000] {logging_mixin.py:188} INFO - [2026-07-14T02:25:57.943+0000] {dag.py:3823} INFO - Setting next_dagrun for dag_enriquecimento_dados to None, run_after=None
[2026-07-14T02:25:57.980+0000] {processor.py:183} INFO - Processing /opt/airflow/dags/dag_enriquecimento_dados.py took 0.079 seconds
[2026-07-14T02:26:28.122+0000] {processor.py:161} INFO - Started process (PID=8007) to work on /opt/airflow/dags/dag_enriquecimento_dados.py
[2026-07-14T02:26:28.122+0000] {processor.py:830} INFO - Processing file /opt/airflow/dags/dag_enriquecimento_dados.py for tasks to queue
[2026-07-14T02:26:28.123+0000] {logging_mixin.py:188} INFO - [2026-07-14T02:26:28.123+0000] {dagbag.py:538} INFO - Filling up the DagBag from /opt/airflow/dags/dag_enriquecimento_dados.py
[2026-07-14T02:26:28.132+0000] {processor.py:840} INFO - DAG(s) 'dag_enriquecimento_dados' retrieved from /opt/airflow/dags/dag_enriquecimento_dados.py
[2026-07-14T02:26:28.155+0000] {logging_mixin.py:188} INFO - [2026-07-14T02:26:28.155+0000] {dag.py:3036} INFO - Sync 1 DAGs
[2026-07-14T02:26:28.168+0000] {logging_mixin.py:188} INFO - [2026-07-14T02:26:28.167+0000] {dag.py:3823} INFO - Setting next_dagrun for dag_enriquecimento_dados to None, run_after=None
[2026-07-14T02:26:28.206+0000] {processor.py:183} INFO - Processing /opt/airflow/dags/dag_enriquecimento_dados.py took 0.088 seconds
[2026-07-14T02:26:58.336+0000] {processor.py:161} INFO - Started process (PID=8022) to work on /opt/airflow/dags/dag_enriquecimento_dados.py
[2026-07-14T02:26:58.337+0000] {processor.py:830} INFO - Processing file /opt/airflow/dags/dag_enriquecimento_dados.py for tasks to queue
[2026-07-14T02:26:58.338+0000] {logging_mixin.py:188} INFO - [2026-07-14T02:26:58.337+0000] {dagbag.py:538} INFO - Filling up the DagBag from /opt/airflow/dags/dag_enriquecimento_dados.py
[2026-07-14T02:26:58.346+0000] {processor.py:840} INFO - DAG(s) 'dag_enriquecimento_dados' retrieved from /opt/airflow/dags/dag_enriquecimento_dados.py
[2026-07-14T02:26:58.368+0000] {logging_mixin.py:188} INFO - [2026-07-14T02:26:58.368+0000] {dag.py:3036} INFO - Sync 1 DAGs
[2026-07-14T02:26:58.382+0000] {logging_mixin.py:188} INFO - [2026-07-14T02:26:58.381+0000] {dag.py:3823} INFO - Setting next_dagrun for dag_enriquecimento_dados to None, run_after=None
[2026-07-14T02:26:58.420+0000] {processor.py:183} INFO - Processing /opt/airflow/dags/dag_enriquecimento_dados.py took 0.086 seconds
[2026-07-14T02:27:28.554+0000] {processor.py:161} INFO - Started process (PID=8037) to work on /opt/airflow/dags/dag_enriquecimento_dados.py
[2026-07-14T02:27:28.555+0000] {processor.py:830} INFO - Processing file /opt/airflow/dags/dag_enriquecimento_dados.py for tasks to queue
[2026-07-14T02:27:28.555+0000] {logging_mixin.py:188} INFO - [2026-07-14T02:27:28.555+0000] {dagbag.py:538} INFO - Filling up the DagBag from /opt/airflow/dags/dag_enriquecimento_dados.py
[2026-07-14T02:27:28.564+0000] {processor.py:840} INFO - DAG(s) 'dag_enriquecimento_dados' retrieved from /opt/airflow/dags/dag_enriquecimento_dados.py
[2026-07-14T02:27:28.587+0000] {logging_mixin.py:188} INFO - [2026-07-14T02:27:28.587+0000] {dag.py:3036} INFO - Sync 1 DAGs
[2026-07-14T02:27:28.599+0000] {logging_mixin.py:188} INFO - [2026-07-14T02:27:28.599+0000] {dag.py:3823} INFO - Setting next_dagrun for dag_enriquecimento_dados to None, run_after=None
[2026-07-14T02:27:28.638+0000] {processor.py:183} INFO - Processing /opt/airflow/dags/dag_enriquecimento_dados.py took 0.086 seconds
[2026-07-14T02:27:58.762+0000] {processor.py:161} INFO - Started process (PID=8052) to work on /opt/airflow/dags/dag_enriquecimento_dados.py
[2026-07-14T02:27:58.763+0000] {processor.py:830} INFO - Processing file /opt/airflow/dags/dag_enriquecimento_dados.py for tasks to queue
[2026-07-14T02:27:58.763+0000] {logging_mixin.py:188} INFO - [2026-07-14T02:27:58.763+0000] {dagbag.py:538} INFO - Filling up the DagBag from /opt/airflow/dags/dag_enriquecimento_dados.py
[2026-07-14T02:27:58.771+0000] {processor.py:840} INFO - DAG(s) 'dag_enriquecimento_dados' retrieved from /opt/airflow/dags/dag_enriquecimento_dados.py
[2026-07-14T02:27:58.792+0000] {logging_mixin.py:188} INFO - [2026-07-14T02:27:58.792+0000] {dag.py:3036} INFO - Sync 1 DAGs
[2026-07-14T02:27:58.805+0000] {logging_mixin.py:188} INFO - [2026-07-14T02:27:58.804+0000] {dag.py:3823} INFO - Setting next_dagrun for dag_enriquecimento_dados to None, run_after=None
[2026-07-14T02:27:58.843+0000] {processor.py:183} INFO - Processing /opt/airflow/dags/dag_enriquecimento_dados.py took 0.083 seconds
[2026-07-14T02:28:28.972+0000] {processor.py:161} INFO - Started process (PID=8067) to work on /opt/airflow/dags/dag_enriquecimento_dados.py
[2026-07-14T02:28:28.972+0000] {processor.py:830} INFO - Processing file /opt/airflow/dags/dag_enriquecimento_dados.py for tasks to queue
[2026-07-14T02:28:28.973+0000] {logging_mixin.py:188} INFO - [2026-07-14T02:28:28.973+0000] {dagbag.py:538} INFO - Filling up the DagBag from /opt/airflow/dags/dag_enriquecimento_dados.py
[2026-07-14T02:28:28.981+0000] {processor.py:840} INFO - DAG(s) 'dag_enriquecimento_dados' retrieved from /opt/airflow/dags/dag_enriquecimento_dados.py
[2026-07-14T02:28:29.003+0000] {logging_mixin.py:188} INFO - [2026-07-14T02:28:29.002+0000] {dag.py:3036} INFO - Sync 1 DAGs
[2026-07-14T02:28:29.014+0000] {logging_mixin.py:188} INFO - [2026-07-14T02:28:29.014+0000] {dag.py:3823} INFO - Setting next_dagrun for dag_enriquecimento_dados to None, run_after=None
[2026-07-14T02:28:29.030+0000] {processor.py:183} INFO - Processing /opt/airflow/dags/dag_enriquecimento_dados.py took 0.061 seconds
[2026-07-14T02:28:59.176+0000] {processor.py:161} INFO - Started process (PID=8082) to work on /opt/airflow/dags/dag_enriquecimento_dados.py
[2026-07-14T02:28:59.177+0000] {processor.py:830} INFO - Processing file /opt/airflow/dags/dag_enriquecimento_dados.py for tasks to queue
[2026-07-14T02:28:59.177+0000] {logging_mixin.py:188} INFO - [2026-07-14T02:28:59.177+0000] {dagbag.py:538} INFO - Filling up the DagBag from /opt/airflow/dags/dag_enriquecimento_dados.py
[2026-07-14T02:28:59.185+0000] {processor.py:840} INFO - DAG(s) 'dag_enriquecimento_dados' retrieved from /opt/airflow/dags/dag_enriquecimento_dados.py
[2026-07-14T02:28:59.207+0000] {logging_mixin.py:188} INFO - [2026-07-14T02:28:59.207+0000] {dag.py:3036} INFO - Sync 1 DAGs
[2026-07-14T02:28:59.218+0000] {logging_mixin.py:188} INFO - [2026-07-14T02:28:59.218+0000] {dag.py:3823} INFO - Setting next_dagrun for dag_enriquecimento_dados to None, run_after=None
[2026-07-14T02:28:59.237+0000] {processor.py:183} INFO - Processing /opt/airflow/dags/dag_enriquecimento_dados.py took 0.064 seconds
[2026-07-14T02:29:29.369+0000] {processor.py:161} INFO - Started process (PID=8097) to work on /opt/airflow/dags/dag_enriquecimento_dados.py
[2026-07-14T02:29:29.370+0000] {processor.py:830} INFO - Processing file /opt/airflow/dags/dag_enriquecimento_dados.py for tasks to queue
[2026-07-14T02:29:29.370+0000] {logging_mixin.py:188} INFO - [2026-07-14T02:29:29.370+0000] {dagbag.py:538} INFO - Filling up the DagBag from /opt/airflow/dags/dag_enriquecimento_dados.py
[2026-07-14T02:29:29.378+0000] {processor.py:840} INFO - DAG(s) 'dag_enriquecimento_dados' retrieved from /opt/airflow/dags/dag_enriquecimento_dados.py
[2026-07-14T02:29:29.399+0000] {logging_mixin.py:188} INFO - [2026-07-14T02:29:29.399+0000] {dag.py:3036} INFO - Sync 1 DAGs
[2026-07-14T02:29:29.412+0000] {logging_mixin.py:188} INFO - [2026-07-14T02:29:29.412+0000] {dag.py:3823} INFO - Setting next_dagrun for dag_enriquecimento_dados to None, run_after=None
[2026-07-14T02:29:29.431+0000] {processor.py:183} INFO - Processing /opt/airflow/dags/dag_enriquecimento_dados.py took 0.065 seconds
[2026-07-14T02:29:59.560+0000] {processor.py:161} INFO - Started process (PID=8112) to work on /opt/airflow/dags/dag_enriquecimento_dados.py
[2026-07-14T02:29:59.561+0000] {processor.py:830} INFO - Processing file /opt/airflow/dags/dag_enriquecimento_dados.py for tasks to queue
[2026-07-14T02:29:59.561+0000] {logging_mixin.py:188} INFO - [2026-07-14T02:29:59.561+0000] {dagbag.py:538} INFO - Filling up the DagBag from /opt/airflow/dags/dag_enriquecimento_dados.py
[2026-07-14T02:29:59.569+0000] {processor.py:840} INFO - DAG(s) 'dag_enriquecimento_dados' retrieved from /opt/airflow/dags/dag_enriquecimento_dados.py
[2026-07-14T02:29:59.591+0000] {logging_mixin.py:188} INFO - [2026-07-14T02:29:59.591+0000] {dag.py:3036} INFO - Sync 1 DAGs
[2026-07-14T02:29:59.604+0000] {logging_mixin.py:188} INFO - [2026-07-14T02:29:59.604+0000] {dag.py:3823} INFO - Setting next_dagrun for dag_enriquecimento_dados to None, run_after=None
[2026-07-14T02:29:59.624+0000] {processor.py:183} INFO - Processing /opt/airflow/dags/dag_enriquecimento_dados.py took 0.066 seconds
[2026-07-14T02:30:29.755+0000] {processor.py:161} INFO - Started process (PID=8127) to work on /opt/airflow/dags/dag_enriquecimento_dados.py
[2026-07-14T02:30:29.756+0000] {processor.py:830} INFO - Processing file /opt/airflow/dags/dag_enriquecimento_dados.py for tasks to queue
[2026-07-14T02:30:29.757+0000] {logging_mixin.py:188} INFO - [2026-07-14T02:30:29.757+0000] {dagbag.py:538} INFO - Filling up the DagBag from /opt/airflow/dags/dag_enriquecimento_dados.py
[2026-07-14T02:30:29.765+0000] {processor.py:840} INFO - DAG(s) 'dag_enriquecimento_dados' retrieved from /opt/airflow/dags/dag_enriquecimento_dados.py
[2026-07-14T02:30:29.786+0000] {logging_mixin.py:188} INFO - [2026-07-14T02:30:29.786+0000] {dag.py:3036} INFO - Sync 1 DAGs
[2026-07-14T02:30:29.797+0000] {logging_mixin.py:188} INFO - [2026-07-14T02:30:29.797+0000] {dag.py:3823} INFO - Setting next_dagrun for dag_enriquecimento_dados to None, run_after=None
[2026-07-14T02:30:29.817+0000] {processor.py:183} INFO - Processing /opt/airflow/dags/dag_enriquecimento_dados.py took 0.064 seconds
[2026-07-14T02:30:59.958+0000] {processor.py:161} INFO - Started process (PID=8142) to work on /opt/airflow/dags/dag_enriquecimento_dados.py
[2026-07-14T02:30:59.959+0000] {processor.py:830} INFO - Processing file /opt/airflow/dags/dag_enriquecimento_dados.py for tasks to queue
[2026-07-14T02:30:59.960+0000] {logging_mixin.py:188} INFO - [2026-07-14T02:30:59.959+0000] {dagbag.py:538} INFO - Filling up the DagBag from /opt/airflow/dags/dag_enriquecimento_dados.py
[2026-07-14T02:30:59.967+0000] {processor.py:840} INFO - DAG(s) 'dag_enriquecimento_dados' retrieved from /opt/airflow/dags/dag_enriquecimento_dados.py
[2026-07-14T02:30:59.988+0000] {logging_mixin.py:188} INFO - [2026-07-14T02:30:59.988+0000] {dag.py:3036} INFO - Sync 1 DAGs
[2026-07-14T02:30:59.999+0000] {logging_mixin.py:188} INFO - [2026-07-14T02:30:59.999+0000] {dag.py:3823} INFO - Setting next_dagrun for dag_enriquecimento_dados to None, run_after=None
[2026-07-14T02:31:00.020+0000] {processor.py:183} INFO - Processing /opt/airflow/dags/dag_enriquecimento_dados.py took 0.064 seconds
[2026-07-14T02:31:30.153+0000] {processor.py:161} INFO - Started process (PID=8157) to work on /opt/airflow/dags/dag_enriquecimento_dados.py
[2026-07-14T02:31:30.154+0000] {processor.py:830} INFO - Processing file /opt/airflow/dags/dag_enriquecimento_dados.py for tasks to queue
[2026-07-14T02:31:30.155+0000] {logging_mixin.py:188} INFO - [2026-07-14T02:31:30.155+0000] {dagbag.py:538} INFO - Filling up the DagBag from /opt/airflow/dags/dag_enriquecimento_dados.py
[2026-07-14T02:31:30.163+0000] {processor.py:840} INFO - DAG(s) 'dag_enriquecimento_dados' retrieved from /opt/airflow/dags/dag_enriquecimento_dados.py
[2026-07-14T02:31:30.185+0000] {logging_mixin.py:188} INFO - [2026-07-14T02:31:30.185+0000] {dag.py:3036} INFO - Sync 1 DAGs
[2026-07-14T02:31:30.196+0000] {logging_mixin.py:188} INFO - [2026-07-14T02:31:30.196+0000] {dag.py:3823} INFO - Setting next_dagrun for dag_enriquecimento_dados to None, run_after=None
[2026-07-14T02:31:30.215+0000] {processor.py:183} INFO - Processing /opt/airflow/dags/dag_enriquecimento_dados.py took 0.064 seconds
[2026-07-14T02:32:00.346+0000] {processor.py:161} INFO - Started process (PID=8172) to work on /opt/airflow/dags/dag_enriquecimento_dados.py
[2026-07-14T02:32:00.347+0000] {processor.py:830} INFO - Processing file /opt/airflow/dags/dag_enriquecimento_dados.py for tasks to queue
[2026-07-14T02:32:00.348+0000] {logging_mixin.py:188} INFO - [2026-07-14T02:32:00.347+0000] {dagbag.py:538} INFO - Filling up the DagBag from /opt/airflow/dags/dag_enriquecimento_dados.py
[2026-07-14T02:32:00.356+0000] {processor.py:840} INFO - DAG(s) 'dag_enriquecimento_dados' retrieved from /opt/airflow/dags/dag_enriquecimento_dados.py
[2026-07-14T02:32:00.377+0000] {logging_mixin.py:188} INFO - [2026-07-14T02:32:00.377+0000] {dag.py:3036} INFO - Sync 1 DAGs
[2026-07-14T02:32:00.389+0000] {logging_mixin.py:188} INFO - [2026-07-14T02:32:00.389+0000] {dag.py:3823} INFO - Setting next_dagrun for dag_enriquecimento_dados to None, run_after=None
[2026-07-14T02:32:00.409+0000] {processor.py:183} INFO - Processing /opt/airflow/dags/dag_enriquecimento_dados.py took 0.065 seconds
[2026-07-14T02:32:30.536+0000] {processor.py:161} INFO - Started process (PID=8187) to work on /opt/airflow/dags/dag_enriquecimento_dados.py
[2026-07-14T02:32:30.536+0000] {processor.py:830} INFO - Processing file /opt/airflow/dags/dag_enriquecimento_dados.py for tasks to queue
[2026-07-14T02:32:30.537+0000] {logging_mixin.py:188} INFO - [2026-07-14T02:32:30.537+0000] {dagbag.py:538} INFO - Filling up the DagBag from /opt/airflow/dags/dag_enriquecimento_dados.py
[2026-07-14T02:32:30.544+0000] {processor.py:840} INFO - DAG(s) 'dag_enriquecimento_dados' retrieved from /opt/airflow/dags/dag_enriquecimento_dados.py
[2026-07-14T02:32:30.564+0000] {logging_mixin.py:188} INFO - [2026-07-14T02:32:30.564+0000] {dag.py:3036} INFO - Sync 1 DAGs
[2026-07-14T02:32:30.575+0000] {logging_mixin.py:188} INFO - [2026-07-14T02:32:30.575+0000] {dag.py:3823} INFO - Setting next_dagrun for dag_enriquecimento_dados to None, run_after=None
[2026-07-14T02:32:30.595+0000] {processor.py:183} INFO - Processing /opt/airflow/dags/dag_enriquecimento_dados.py took 0.061 seconds
[2026-07-14T02:33:00.734+0000] {processor.py:161} INFO - Started process (PID=8202) to work on /opt/airflow/dags/dag_enriquecimento_dados.py
[2026-07-14T02:33:00.734+0000] {processor.py:830} INFO - Processing file /opt/airflow/dags/dag_enriquecimento_dados.py for tasks to queue
[2026-07-14T02:33:00.735+0000] {logging_mixin.py:188} INFO - [2026-07-14T02:33:00.735+0000] {dagbag.py:538} INFO - Filling up the DagBag from /opt/airflow/dags/dag_enriquecimento_dados.py
[2026-07-14T02:33:00.743+0000] {processor.py:840} INFO - DAG(s) 'dag_enriquecimento_dados' retrieved from /opt/airflow/dags/dag_enriquecimento_dados.py
[2026-07-14T02:33:00.764+0000] {logging_mixin.py:188} INFO - [2026-07-14T02:33:00.764+0000] {dag.py:3036} INFO - Sync 1 DAGs
[2026-07-14T02:33:00.777+0000] {logging_mixin.py:188} INFO - [2026-07-14T02:33:00.777+0000] {dag.py:3823} INFO - Setting next_dagrun for dag_enriquecimento_dados to None, run_after=None
[2026-07-14T02:33:00.795+0000] {processor.py:183} INFO - Processing /opt/airflow/dags/dag_enriquecimento_dados.py took 0.064 seconds
[2026-07-14T02:33:30.925+0000] {processor.py:161} INFO - Started process (PID=8217) to work on /opt/airflow/dags/dag_enriquecimento_dados.py
[2026-07-14T02:33:30.926+0000] {processor.py:830} INFO - Processing file /opt/airflow/dags/dag_enriquecimento_dados.py for tasks to queue
[2026-07-14T02:33:30.926+0000] {logging_mixin.py:188} INFO - [2026-07-14T02:33:30.926+0000] {dagbag.py:538} INFO - Filling up the DagBag from /opt/airflow/dags/dag_enriquecimento_dados.py
[2026-07-14T02:33:30.935+0000] {processor.py:840} INFO - DAG(s) 'dag_enriquecimento_dados' retrieved from /opt/airflow/dags/dag_enriquecimento_dados.py
[2026-07-14T02:33:30.955+0000] {logging_mixin.py:188} INFO - [2026-07-14T02:33:30.955+0000] {dag.py:3036} INFO - Sync 1 DAGs
[2026-07-14T02:33:30.966+0000] {logging_mixin.py:188} INFO - [2026-07-14T02:33:30.965+0000] {dag.py:3823} INFO - Setting next_dagrun for dag_enriquecimento_dados to None, run_after=None
[2026-07-14T02:33:30.980+0000] {processor.py:183} INFO - Processing /opt/airflow/dags/dag_enriquecimento_dados.py took 0.058 seconds
[2026-07-14T02:34:01.131+0000] {processor.py:161} INFO - Started process (PID=8232) to work on /opt/airflow/dags/dag_enriquecimento_dados.py
[2026-07-14T02:34:01.131+0000] {processor.py:830} INFO - Processing file /opt/airflow/dags/dag_enriquecimento_dados.py for tasks to queue
[2026-07-14T02:34:01.132+0000] {logging_mixin.py:188} INFO - [2026-07-14T02:34:01.132+0000] {dagbag.py:538} INFO - Filling up the DagBag from /opt/airflow/dags/dag_enriquecimento_dados.py
[2026-07-14T02:34:01.140+0000] {processor.py:840} INFO - DAG(s) 'dag_enriquecimento_dados' retrieved from /opt/airflow/dags/dag_enriquecimento_dados.py
[2026-07-14T02:34:01.163+0000] {logging_mixin.py:188} INFO - [2026-07-14T02:34:01.163+0000] {dag.py:3036} INFO - Sync 1 DAGs
[2026-07-14T02:34:01.175+0000] {logging_mixin.py:188} INFO - [2026-07-14T02:34:01.175+0000] {dag.py:3823} INFO - Setting next_dagrun for dag_enriquecimento_dados to None, run_after=None
[2026-07-14T02:34:01.191+0000] {processor.py:183} INFO - Processing /opt/airflow/dags/dag_enriquecimento_dados.py took 0.064 seconds
[2026-07-14T02:34:31.322+0000] {processor.py:161} INFO - Started process (PID=8247) to work on /opt/airflow/dags/dag_enriquecimento_dados.py
[2026-07-14T02:34:31.323+0000] {processor.py:830} INFO - Processing file /opt/airflow/dags/dag_enriquecimento_dados.py for tasks to queue
[2026-07-14T02:34:31.323+0000] {logging_mixin.py:188} INFO - [2026-07-14T02:34:31.323+0000] {dagbag.py:538} INFO - Filling up the DagBag from /opt/airflow/dags/dag_enriquecimento_dados.py
[2026-07-14T02:34:31.332+0000] {processor.py:840} INFO - DAG(s) 'dag_enriquecimento_dados' retrieved from /opt/airflow/dags/dag_enriquecimento_dados.py
[2026-07-14T02:34:31.354+0000] {logging_mixin.py:188} INFO - [2026-07-14T02:34:31.354+0000] {dag.py:3036} INFO - Sync 1 DAGs
[2026-07-14T02:34:31.366+0000] {logging_mixin.py:188} INFO - [2026-07-14T02:34:31.365+0000] {dag.py:3823} INFO - Setting next_dagrun for dag_enriquecimento_dados to None, run_after=None
[2026-07-14T02:34:31.383+0000] {processor.py:183} INFO - Processing /opt/airflow/dags/dag_enriquecimento_dados.py took 0.064 seconds
[2026-07-14T02:35:01.517+0000] {processor.py:161} INFO - Started process (PID=8262) to work on /opt/airflow/dags/dag_enriquecimento_dados.py
[2026-07-14T02:35:01.518+0000] {processor.py:830} INFO - Processing file /opt/airflow/dags/dag_enriquecimento_dados.py for tasks to queue
[2026-07-14T02:35:01.518+0000] {logging_mixin.py:188} INFO - [2026-07-14T02:35:01.518+0000] {dagbag.py:538} INFO - Filling up the DagBag from /opt/airflow/dags/dag_enriquecimento_dados.py
[2026-07-14T02:35:01.526+0000] {processor.py:840} INFO - DAG(s) 'dag_enriquecimento_dados' retrieved from /opt/airflow/dags/dag_enriquecimento_dados.py
[2026-07-14T02:35:01.546+0000] {logging_mixin.py:188} INFO - [2026-07-14T02:35:01.546+0000] {dag.py:3036} INFO - Sync 1 DAGs
[2026-07-14T02:35:01.559+0000] {logging_mixin.py:188} INFO - [2026-07-14T02:35:01.558+0000] {dag.py:3823} INFO - Setting next_dagrun for dag_enriquecimento_dados to None, run_after=None
[2026-07-14T02:35:01.576+0000] {processor.py:183} INFO - Processing /opt/airflow/dags/dag_enriquecimento_dados.py took 0.061 seconds
[2026-07-14T02:35:31.706+0000] {processor.py:161} INFO - Started process (PID=8277) to work on /opt/airflow/dags/dag_enriquecimento_dados.py
[2026-07-14T02:35:31.707+0000] {processor.py:830} INFO - Processing file /opt/airflow/dags/dag_enriquecimento_dados.py for tasks to queue
[2026-07-14T02:35:31.708+0000] {logging_mixin.py:188} INFO - [2026-07-14T02:35:31.707+0000] {dagbag.py:538} INFO - Filling up the DagBag from /opt/airflow/dags/dag_enriquecimento_dados.py
[2026-07-14T02:35:31.716+0000] {processor.py:840} INFO - DAG(s) 'dag_enriquecimento_dados' retrieved from /opt/airflow/dags/dag_enriquecimento_dados.py
[2026-07-14T02:35:31.738+0000] {logging_mixin.py:188} INFO - [2026-07-14T02:35:31.737+0000] {dag.py:3036} INFO - Sync 1 DAGs
[2026-07-14T02:35:31.749+0000] {logging_mixin.py:188} INFO - [2026-07-14T02:35:31.749+0000] {dag.py:3823} INFO - Setting next_dagrun for dag_enriquecimento_dados to None, run_after=None
[2026-07-14T02:35:31.768+0000] {processor.py:183} INFO - Processing /opt/airflow/dags/dag_enriquecimento_dados.py took 0.065 seconds
[2026-07-14T02:36:01.908+0000] {processor.py:161} INFO - Started process (PID=8292) to work on /opt/airflow/dags/dag_enriquecimento_dados.py
[2026-07-14T02:36:01.909+0000] {processor.py:830} INFO - Processing file /opt/airflow/dags/dag_enriquecimento_dados.py for tasks to queue
[2026-07-14T02:36:01.909+0000] {logging_mixin.py:188} INFO - [2026-07-14T02:36:01.909+0000] {dagbag.py:538} INFO - Filling up the DagBag from /opt/airflow/dags/dag_enriquecimento_dados.py
[2026-07-14T02:36:01.918+0000] {processor.py:840} INFO - DAG(s) 'dag_enriquecimento_dados' retrieved from /opt/airflow/dags/dag_enriquecimento_dados.py
[2026-07-14T02:36:01.939+0000] {logging_mixin.py:188} INFO - [2026-07-14T02:36:01.939+0000] {dag.py:3036} INFO - Sync 1 DAGs
[2026-07-14T02:36:01.952+0000] {logging_mixin.py:188} INFO - [2026-07-14T02:36:01.952+0000] {dag.py:3823} INFO - Setting next_dagrun for dag_enriquecimento_dados to None, run_after=None
[2026-07-14T02:36:01.970+0000] {processor.py:183} INFO - Processing /opt/airflow/dags/dag_enriquecimento_dados.py took 0.065 seconds
[2026-07-14T02:36:32.098+0000] {processor.py:161} INFO - Started process (PID=8307) to work on /opt/airflow/dags/dag_enriquecimento_dados.py
[2026-07-14T02:36:32.099+0000] {processor.py:830} INFO - Processing file /opt/airflow/dags/dag_enriquecimento_dados.py for tasks to queue
[2026-07-14T02:36:32.099+0000] {logging_mixin.py:188} INFO - [2026-07-14T02:36:32.099+0000] {dagbag.py:538} INFO - Filling up the DagBag from /opt/airflow/dags/dag_enriquecimento_dados.py
[2026-07-14T02:36:32.107+0000] {processor.py:840} INFO - DAG(s) 'dag_enriquecimento_dados' retrieved from /opt/airflow/dags/dag_enriquecimento_dados.py
[2026-07-14T02:36:32.129+0000] {logging_mixin.py:188} INFO - [2026-07-14T02:36:32.129+0000] {dag.py:3036} INFO - Sync 1 DAGs
[2026-07-14T02:36:32.141+0000] {logging_mixin.py:188} INFO - [2026-07-14T02:36:32.141+0000] {dag.py:3823} INFO - Setting next_dagrun for dag_enriquecimento_dados to None, run_after=None
[2026-07-14T02:36:32.161+0000] {processor.py:183} INFO - Processing /opt/airflow/dags/dag_enriquecimento_dados.py took 0.065 seconds
[2026-07-14T02:37:02.294+0000] {processor.py:161} INFO - Started process (PID=8322) to work on /opt/airflow/dags/dag_enriquecimento_dados.py
[2026-07-14T02:37:02.295+0000] {processor.py:830} INFO - Processing file /opt/airflow/dags/dag_enriquecimento_dados.py for tasks to queue
[2026-07-14T02:37:02.296+0000] {logging_mixin.py:188} INFO - [2026-07-14T02:37:02.296+0000] {dagbag.py:538} INFO - Filling up the DagBag from /opt/airflow/dags/dag_enriquecimento_dados.py
[2026-07-14T02:37:02.303+0000] {processor.py:840} INFO - DAG(s) 'dag_enriquecimento_dados' retrieved from /opt/airflow/dags/dag_enriquecimento_dados.py
[2026-07-14T02:37:02.324+0000] {logging_mixin.py:188} INFO - [2026-07-14T02:37:02.324+0000] {dag.py:3036} INFO - Sync 1 DAGs
[2026-07-14T02:37:02.335+0000] {logging_mixin.py:188} INFO - [2026-07-14T02:37:02.335+0000] {dag.py:3823} INFO - Setting next_dagrun for dag_enriquecimento_dados to None, run_after=None
[2026-07-14T02:37:02.353+0000] {processor.py:183} INFO - Processing /opt/airflow/dags/dag_enriquecimento_dados.py took 0.061 seconds
[2026-07-14T02:37:32.496+0000] {processor.py:161} INFO - Started process (PID=8337) to work on /opt/airflow/dags/dag_enriquecimento_dados.py
[2026-07-14T02:37:32.497+0000] {processor.py:830} INFO - Processing file /opt/airflow/dags/dag_enriquecimento_dados.py for tasks to queue
[2026-07-14T02:37:32.497+0000] {logging_mixin.py:188} INFO - [2026-07-14T02:37:32.497+0000] {dagbag.py:538} INFO - Filling up the DagBag from /opt/airflow/dags/dag_enriquecimento_dados.py
[2026-07-14T02:37:32.506+0000] {processor.py:840} INFO - DAG(s) 'dag_enriquecimento_dados' retrieved from /opt/airflow/dags/dag_enriquecimento_dados.py
[2026-07-14T02:37:32.528+0000] {logging_mixin.py:188} INFO - [2026-07-14T02:37:32.527+0000] {dag.py:3036} INFO - Sync 1 DAGs
[2026-07-14T02:37:32.540+0000] {logging_mixin.py:188} INFO - [2026-07-14T02:37:32.539+0000] {dag.py:3823} INFO - Setting next_dagrun for dag_enriquecimento_dados to None, run_after=None
[2026-07-14T02:37:32.558+0000] {processor.py:183} INFO - Processing /opt/airflow/dags/dag_enriquecimento_dados.py took 0.065 seconds
[2026-07-14T02:38:02.690+0000] {processor.py:161} INFO - Started process (PID=8352) to work on /opt/airflow/dags/dag_enriquecimento_dados.py
[2026-07-14T02:38:02.690+0000] {processor.py:830} INFO - Processing file /opt/airflow/dags/dag_enriquecimento_dados.py for tasks to queue
[2026-07-14T02:38:02.691+0000] {logging_mixin.py:188} INFO - [2026-07-14T02:38:02.691+0000] {dagbag.py:538} INFO - Filling up the DagBag from /opt/airflow/dags/dag_enriquecimento_dados.py
[2026-07-14T02:38:02.699+0000] {processor.py:840} INFO - DAG(s) 'dag_enriquecimento_dados' retrieved from /opt/airflow/dags/dag_enriquecimento_dados.py
[2026-07-14T02:38:02.720+0000] {logging_mixin.py:188} INFO - [2026-07-14T02:38:02.720+0000] {dag.py:3036} INFO - Sync 1 DAGs
[2026-07-14T02:38:02.732+0000] {logging_mixin.py:188} INFO - [2026-07-14T02:38:02.731+0000] {dag.py:3823} INFO - Setting next_dagrun for dag_enriquecimento_dados to None, run_after=None
[2026-07-14T02:38:02.750+0000] {processor.py:183} INFO - Processing /opt/airflow/dags/dag_enriquecimento_dados.py took 0.063 seconds
[2026-07-14T02:38:32.879+0000] {processor.py:161} INFO - Started process (PID=8367) to work on /opt/airflow/dags/dag_enriquecimento_dados.py
[2026-07-14T02:38:32.880+0000] {processor.py:830} INFO - Processing file /opt/airflow/dags/dag_enriquecimento_dados.py for tasks to queue
[2026-07-14T02:38:32.880+0000] {logging_mixin.py:188} INFO - [2026-07-14T02:38:32.880+0000] {dagbag.py:538} INFO - Filling up the DagBag from /opt/airflow/dags/dag_enriquecimento_dados.py
[2026-07-14T02:38:32.888+0000] {processor.py:840} INFO - DAG(s) 'dag_enriquecimento_dados' retrieved from /opt/airflow/dags/dag_enriquecimento_dados.py
[2026-07-14T02:38:32.909+0000] {logging_mixin.py:188} INFO - [2026-07-14T02:38:32.908+0000] {dag.py:3036} INFO - Sync 1 DAGs
[2026-07-14T02:38:32.921+0000] {logging_mixin.py:188} INFO - [2026-07-14T02:38:32.921+0000] {dag.py:3823} INFO - Setting next_dagrun for dag_enriquecimento_dados to None, run_after=None
[2026-07-14T02:38:32.942+0000] {processor.py:183} INFO - Processing /opt/airflow/dags/dag_enriquecimento_dados.py took 0.065 seconds
[2026-07-14T02:39:03.077+0000] {processor.py:161} INFO - Started process (PID=8382) to work on /opt/airflow/dags/dag_enriquecimento_dados.py
[2026-07-14T02:39:03.077+0000] {processor.py:830} INFO - Processing file /opt/airflow/dags/dag_enriquecimento_dados.py for tasks to queue
[2026-07-14T02:39:03.078+0000] {logging_mixin.py:188} INFO - [2026-07-14T02:39:03.078+0000] {dagbag.py:538} INFO - Filling up the DagBag from /opt/airflow/dags/dag_enriquecimento_dados.py
[2026-07-14T02:39:03.087+0000] {processor.py:840} INFO - DAG(s) 'dag_enriquecimento_dados' retrieved from /opt/airflow/dags/dag_enriquecimento_dados.py
[2026-07-14T02:39:03.107+0000] {logging_mixin.py:188} INFO - [2026-07-14T02:39:03.107+0000] {dag.py:3036} INFO - Sync 1 DAGs
[2026-07-14T02:39:03.118+0000] {logging_mixin.py:188} INFO - [2026-07-14T02:39:03.118+0000] {dag.py:3823} INFO - Setting next_dagrun for dag_enriquecimento_dados to None, run_after=None
[2026-07-14T02:39:03.137+0000] {processor.py:183} INFO - Processing /opt/airflow/dags/dag_enriquecimento_dados.py took 0.064 seconds
[2026-07-14T02:39:33.263+0000] {processor.py:161} INFO - Started process (PID=8397) to work on /opt/airflow/dags/dag_enriquecimento_dados.py
[2026-07-14T02:39:33.264+0000] {processor.py:830} INFO - Processing file /opt/airflow/dags/dag_enriquecimento_dados.py for tasks to queue
[2026-07-14T02:39:33.264+0000] {logging_mixin.py:188} INFO - [2026-07-14T02:39:33.264+0000] {dagbag.py:538} INFO - Filling up the DagBag from /opt/airflow/dags/dag_enriquecimento_dados.py
[2026-07-14T02:39:33.272+0000] {processor.py:840} INFO - DAG(s) 'dag_enriquecimento_dados' retrieved from /opt/airflow/dags/dag_enriquecimento_dados.py
[2026-07-14T02:39:33.292+0000] {logging_mixin.py:188} INFO - [2026-07-14T02:39:33.292+0000] {dag.py:3036} INFO - Sync 1 DAGs
[2026-07-14T02:39:33.303+0000] {logging_mixin.py:188} INFO - [2026-07-14T02:39:33.302+0000] {dag.py:3823} INFO - Setting next_dagrun for dag_enriquecimento_dados to None, run_after=None
[2026-07-14T02:39:33.320+0000] {processor.py:183} INFO - Processing /opt/airflow/dags/dag_enriquecimento_dados.py took 0.059 seconds
[2026-07-14T02:40:03.461+0000] {processor.py:161} INFO - Started process (PID=8412) to work on /opt/airflow/dags/dag_enriquecimento_dados.py
[2026-07-14T02:40:03.462+0000] {processor.py:830} INFO - Processing file /opt/airflow/dags/dag_enriquecimento_dados.py for tasks to queue
[2026-07-14T02:40:03.463+0000] {logging_mixin.py:188} INFO - [2026-07-14T02:40:03.463+0000] {dagbag.py:538} INFO - Filling up the DagBag from /opt/airflow/dags/dag_enriquecimento_dados.py
[2026-07-14T02:40:03.471+0000] {processor.py:840} INFO - DAG(s) 'dag_enriquecimento_dados' retrieved from /opt/airflow/dags/dag_enriquecimento_dados.py
[2026-07-14T02:40:03.493+0000] {logging_mixin.py:188} INFO - [2026-07-14T02:40:03.493+0000] {dag.py:3036} INFO - Sync 1 DAGs
[2026-07-14T02:40:03.505+0000] {logging_mixin.py:188} INFO - [2026-07-14T02:40:03.504+0000] {dag.py:3823} INFO - Setting next_dagrun for dag_enriquecimento_dados to None, run_after=None
[2026-07-14T02:40:03.525+0000] {processor.py:183} INFO - Processing /opt/airflow/dags/dag_enriquecimento_dados.py took 0.067 seconds
[2026-07-14T02:40:33.654+0000] {processor.py:161} INFO - Started process (PID=8427) to work on /opt/airflow/dags/dag_enriquecimento_dados.py
[2026-07-14T02:40:33.655+0000] {processor.py:830} INFO - Processing file /opt/airflow/dags/dag_enriquecimento_dados.py for tasks to queue
[2026-07-14T02:40:33.656+0000] {logging_mixin.py:188} INFO - [2026-07-14T02:40:33.656+0000] {dagbag.py:538} INFO - Filling up the DagBag from /opt/airflow/dags/dag_enriquecimento_dados.py
[2026-07-14T02:40:33.664+0000] {processor.py:840} INFO - DAG(s) 'dag_enriquecimento_dados' retrieved from /opt/airflow/dags/dag_enriquecimento_dados.py
[2026-07-14T02:40:33.686+0000] {logging_mixin.py:188} INFO - [2026-07-14T02:40:33.686+0000] {dag.py:3036} INFO - Sync 1 DAGs
[2026-07-14T02:40:33.698+0000] {logging_mixin.py:188} INFO - [2026-07-14T02:40:33.697+0000] {dag.py:3823} INFO - Setting next_dagrun for dag_enriquecimento_dados to None, run_after=None
[2026-07-14T02:40:33.718+0000] {processor.py:183} INFO - Processing /opt/airflow/dags/dag_enriquecimento_dados.py took 0.066 seconds
[2026-07-14T02:41:03.850+0000] {processor.py:161} INFO - Started process (PID=8442) to work on /opt/airflow/dags/dag_enriquecimento_dados.py
[2026-07-14T02:41:03.851+0000] {processor.py:830} INFO - Processing file /opt/airflow/dags/dag_enriquecimento_dados.py for tasks to queue
[2026-07-14T02:41:03.851+0000] {logging_mixin.py:188} INFO - [2026-07-14T02:41:03.851+0000] {dagbag.py:538} INFO - Filling up the DagBag from /opt/airflow/dags/dag_enriquecimento_dados.py
[2026-07-14T02:41:03.859+0000] {processor.py:840} INFO - DAG(s) 'dag_enriquecimento_dados' retrieved from /opt/airflow/dags/dag_enriquecimento_dados.py
[2026-07-14T02:41:03.882+0000] {logging_mixin.py:188} INFO - [2026-07-14T02:41:03.882+0000] {dag.py:3036} INFO - Sync 1 DAGs
[2026-07-14T02:41:03.893+0000] {logging_mixin.py:188} INFO - [2026-07-14T02:41:03.893+0000] {dag.py:3823} INFO - Setting next_dagrun for dag_enriquecimento_dados to None, run_after=None
[2026-07-14T02:41:03.912+0000] {processor.py:183} INFO - Processing /opt/airflow/dags/dag_enriquecimento_dados.py took 0.065 seconds
[2026-07-14T02:41:34.044+0000] {processor.py:161} INFO - Started process (PID=8457) to work on /opt/airflow/dags/dag_enriquecimento_dados.py
[2026-07-14T02:41:34.045+0000] {processor.py:830} INFO - Processing file /opt/airflow/dags/dag_enriquecimento_dados.py for tasks to queue
[2026-07-14T02:41:34.046+0000] {logging_mixin.py:188} INFO - [2026-07-14T02:41:34.046+0000] {dagbag.py:538} INFO - Filling up the DagBag from /opt/airflow/dags/dag_enriquecimento_dados.py
[2026-07-14T02:41:34.054+0000] {processor.py:840} INFO - DAG(s) 'dag_enriquecimento_dados' retrieved from /opt/airflow/dags/dag_enriquecimento_dados.py
[2026-07-14T02:41:34.076+0000] {logging_mixin.py:188} INFO - [2026-07-14T02:41:34.076+0000] {dag.py:3036} INFO - Sync 1 DAGs
[2026-07-14T02:41:34.087+0000] {logging_mixin.py:188} INFO - [2026-07-14T02:41:34.087+0000] {dag.py:3823} INFO - Setting next_dagrun for dag_enriquecimento_dados to None, run_after=None
[2026-07-14T02:41:34.105+0000] {processor.py:183} INFO - Processing /opt/airflow/dags/dag_enriquecimento_dados.py took 0.063 seconds
[2026-07-14T02:42:04.232+0000] {processor.py:161} INFO - Started process (PID=8472) to work on /opt/airflow/dags/dag_enriquecimento_dados.py
[2026-07-14T02:42:04.233+0000] {processor.py:830} INFO - Processing file /opt/airflow/dags/dag_enriquecimento_dados.py for tasks to queue
[2026-07-14T02:42:04.234+0000] {logging_mixin.py:188} INFO - [2026-07-14T02:42:04.233+0000] {dagbag.py:538} INFO - Filling up the DagBag from /opt/airflow/dags/dag_enriquecimento_dados.py
[2026-07-14T02:42:04.241+0000] {processor.py:840} INFO - DAG(s) 'dag_enriquecimento_dados' retrieved from /opt/airflow/dags/dag_enriquecimento_dados.py
[2026-07-14T02:42:04.264+0000] {logging_mixin.py:188} INFO - [2026-07-14T02:42:04.264+0000] {dag.py:3036} INFO - Sync 1 DAGs
[2026-07-14T02:42:04.277+0000] {logging_mixin.py:188} INFO - [2026-07-14T02:42:04.277+0000] {dag.py:3823} INFO - Setting next_dagrun for dag_enriquecimento_dados to None, run_after=None
[2026-07-14T02:42:04.297+0000] {processor.py:183} INFO - Processing /opt/airflow/dags/dag_enriquecimento_dados.py took 0.067 seconds
[2026-07-14T02:42:34.420+0000] {processor.py:161} INFO - Started process (PID=8487) to work on /opt/airflow/dags/dag_enriquecimento_dados.py
[2026-07-14T02:42:34.421+0000] {processor.py:830} INFO - Processing file /opt/airflow/dags/dag_enriquecimento_dados.py for tasks to queue
[2026-07-14T02:42:34.421+0000] {logging_mixin.py:188} INFO - [2026-07-14T02:42:34.421+0000] {dagbag.py:538} INFO - Filling up the DagBag from /opt/airflow/dags/dag_enriquecimento_dados.py
[2026-07-14T02:42:34.430+0000] {processor.py:840} INFO - DAG(s) 'dag_enriquecimento_dados' retrieved from /opt/airflow/dags/dag_enriquecimento_dados.py
[2026-07-14T02:42:34.450+0000] {logging_mixin.py:188} INFO - [2026-07-14T02:42:34.450+0000] {dag.py:3036} INFO - Sync 1 DAGs
[2026-07-14T02:42:34.462+0000] {logging_mixin.py:188} INFO - [2026-07-14T02:42:34.462+0000] {dag.py:3823} INFO - Setting next_dagrun for dag_enriquecimento_dados to None, run_after=None
[2026-07-14T02:42:34.480+0000] {processor.py:183} INFO - Processing /opt/airflow/dags/dag_enriquecimento_dados.py took 0.063 seconds
[2026-07-14T02:43:04.610+0000] {processor.py:161} INFO - Started process (PID=8502) to work on /opt/airflow/dags/dag_enriquecimento_dados.py
[2026-07-14T02:43:04.611+0000] {processor.py:830} INFO - Processing file /opt/airflow/dags/dag_enriquecimento_dados.py for tasks to queue
[2026-07-14T02:43:04.611+0000] {logging_mixin.py:188} INFO - [2026-07-14T02:43:04.611+0000] {dagbag.py:538} INFO - Filling up the DagBag from /opt/airflow/dags/dag_enriquecimento_dados.py
[2026-07-14T02:43:04.619+0000] {processor.py:840} INFO - DAG(s) 'dag_enriquecimento_dados' retrieved from /opt/airflow/dags/dag_enriquecimento_dados.py
[2026-07-14T02:43:04.640+0000] {logging_mixin.py:188} INFO - [2026-07-14T02:43:04.640+0000] {dag.py:3036} INFO - Sync 1 DAGs
[2026-07-14T02:43:04.652+0000] {logging_mixin.py:188} INFO - [2026-07-14T02:43:04.651+0000] {dag.py:3823} INFO - Setting next_dagrun for dag_enriquecimento_dados to None, run_after=None
[2026-07-14T02:43:04.669+0000] {processor.py:183} INFO - Processing /opt/airflow/dags/dag_enriquecimento_dados.py took 0.061 seconds
[2026-07-14T02:43:34.808+0000] {processor.py:161} INFO - Started process (PID=8517) to work on /opt/airflow/dags/dag_enriquecimento_dados.py
[2026-07-14T02:43:34.809+0000] {processor.py:830} INFO - Processing file /opt/airflow/dags/dag_enriquecimento_dados.py for tasks to queue
[2026-07-14T02:43:34.810+0000] {logging_mixin.py:188} INFO - [2026-07-14T02:43:34.810+0000] {dagbag.py:538} INFO - Filling up the DagBag from /opt/airflow/dags/dag_enriquecimento_dados.py
[2026-07-14T02:43:34.819+0000] {processor.py:840} INFO - DAG(s) 'dag_enriquecimento_dados' retrieved from /opt/airflow/dags/dag_enriquecimento_dados.py
[2026-07-14T02:43:34.844+0000] {logging_mixin.py:188} INFO - [2026-07-14T02:43:34.843+0000] {dag.py:3036} INFO - Sync 1 DAGs
[2026-07-14T02:43:34.856+0000] {logging_mixin.py:188} INFO - [2026-07-14T02:43:34.856+0000] {dag.py:3823} INFO - Setting next_dagrun for dag_enriquecimento_dados to None, run_after=None
[2026-07-14T02:43:34.875+0000] {processor.py:183} INFO - Processing /opt/airflow/dags/dag_enriquecimento_dados.py took 0.070 seconds
[2026-07-14T13:39:09.738+0000] {processor.py:161} INFO - Started process (PID=8532) to work on /opt/airflow/dags/dag_enriquecimento_dados.py
[2026-07-14T13:39:09.739+0000] {processor.py:830} INFO - Processing file /opt/airflow/dags/dag_enriquecimento_dados.py for tasks to queue
[2026-07-14T13:39:09.740+0000] {logging_mixin.py:188} INFO - [2026-07-14T13:39:09.739+0000] {dagbag.py:538} INFO - Filling up the DagBag from /opt/airflow/dags/dag_enriquecimento_dados.py
[2026-07-14T13:39:09.755+0000] {processor.py:840} INFO - DAG(s) 'dag_enriquecimento_dados' retrieved from /opt/airflow/dags/dag_enriquecimento_dados.py
[2026-07-14T13:39:09.801+0000] {logging_mixin.py:188} INFO - [2026-07-14T13:39:09.801+0000] {dag.py:3036} INFO - Sync 1 DAGs
[2026-07-14T13:39:09.829+0000] {logging_mixin.py:188} INFO - [2026-07-14T13:39:09.829+0000] {dag.py:3823} INFO - Setting next_dagrun for dag_enriquecimento_dados to None, run_after=None
[2026-07-14T13:39:09.866+0000] {processor.py:183} INFO - Processing /opt/airflow/dags/dag_enriquecimento_dados.py took 0.132 seconds
[2026-07-14T13:39:40.040+0000] {processor.py:161} INFO - Started process (PID=8549) to work on /opt/airflow/dags/dag_enriquecimento_dados.py
[2026-07-14T13:39:40.041+0000] {processor.py:830} INFO - Processing file /opt/airflow/dags/dag_enriquecimento_dados.py for tasks to queue
[2026-07-14T13:39:40.041+0000] {logging_mixin.py:188} INFO - [2026-07-14T13:39:40.041+0000] {dagbag.py:538} INFO - Filling up the DagBag from /opt/airflow/dags/dag_enriquecimento_dados.py
[2026-07-14T13:39:40.050+0000] {processor.py:840} INFO - DAG(s) 'dag_enriquecimento_dados' retrieved from /opt/airflow/dags/dag_enriquecimento_dados.py
[2026-07-14T13:39:40.071+0000] {logging_mixin.py:188} INFO - [2026-07-14T13:39:40.071+0000] {dag.py:3036} INFO - Sync 1 DAGs
[2026-07-14T13:39:40.085+0000] {logging_mixin.py:188} INFO - [2026-07-14T13:39:40.084+0000] {dag.py:3823} INFO - Setting next_dagrun for dag_enriquecimento_dados to None, run_after=None
[2026-07-14T13:39:40.101+0000] {processor.py:183} INFO - Processing /opt/airflow/dags/dag_enriquecimento_dados.py took 0.064 seconds
[2026-07-14T13:40:10.240+0000] {processor.py:161} INFO - Started process (PID=8564) to work on /opt/airflow/dags/dag_enriquecimento_dados.py
[2026-07-14T13:40:10.241+0000] {processor.py:830} INFO - Processing file /opt/airflow/dags/dag_enriquecimento_dados.py for tasks to queue
[2026-07-14T13:40:10.241+0000] {logging_mixin.py:188} INFO - [2026-07-14T13:40:10.241+0000] {dagbag.py:538} INFO - Filling up the DagBag from /opt/airflow/dags/dag_enriquecimento_dados.py
[2026-07-14T13:40:10.249+0000] {processor.py:840} INFO - DAG(s) 'dag_enriquecimento_dados' retrieved from /opt/airflow/dags/dag_enriquecimento_dados.py
[2026-07-14T13:40:10.271+0000] {logging_mixin.py:188} INFO - [2026-07-14T13:40:10.271+0000] {dag.py:3036} INFO - Sync 1 DAGs
[2026-07-14T13:40:10.283+0000] {logging_mixin.py:188} INFO - [2026-07-14T13:40:10.282+0000] {dag.py:3823} INFO - Setting next_dagrun for dag_enriquecimento_dados to None, run_after=None
[2026-07-14T13:40:10.302+0000] {processor.py:183} INFO - Processing /opt/airflow/dags/dag_enriquecimento_dados.py took 0.065 seconds
[2026-07-14T13:40:40.442+0000] {processor.py:161} INFO - Started process (PID=8579) to work on /opt/airflow/dags/dag_enriquecimento_dados.py
[2026-07-14T13:40:40.443+0000] {processor.py:830} INFO - Processing file /opt/airflow/dags/dag_enriquecimento_dados.py for tasks to queue
[2026-07-14T13:40:40.444+0000] {logging_mixin.py:188} INFO - [2026-07-14T13:40:40.443+0000] {dagbag.py:538} INFO - Filling up the DagBag from /opt/airflow/dags/dag_enriquecimento_dados.py
[2026-07-14T13:40:40.452+0000] {processor.py:840} INFO - DAG(s) 'dag_enriquecimento_dados' retrieved from /opt/airflow/dags/dag_enriquecimento_dados.py
[2026-07-14T13:40:40.475+0000] {logging_mixin.py:188} INFO - [2026-07-14T13:40:40.475+0000] {dag.py:3036} INFO - Sync 1 DAGs
[2026-07-14T13:40:40.487+0000] {logging_mixin.py:188} INFO - [2026-07-14T13:40:40.486+0000] {dag.py:3823} INFO - Setting next_dagrun for dag_enriquecimento_dados to None, run_after=None
[2026-07-14T13:40:40.501+0000] {processor.py:183} INFO - Processing /opt/airflow/dags/dag_enriquecimento_dados.py took 0.062 seconds
[2026-07-14T13:41:10.636+0000] {processor.py:161} INFO - Started process (PID=8594) to work on /opt/airflow/dags/dag_enriquecimento_dados.py
[2026-07-14T13:41:10.637+0000] {processor.py:830} INFO - Processing file /opt/airflow/dags/dag_enriquecimento_dados.py for tasks to queue
[2026-07-14T13:41:10.638+0000] {logging_mixin.py:188} INFO - [2026-07-14T13:41:10.638+0000] {dagbag.py:538} INFO - Filling up the DagBag from /opt/airflow/dags/dag_enriquecimento_dados.py
[2026-07-14T13:41:10.646+0000] {processor.py:840} INFO - DAG(s) 'dag_enriquecimento_dados' retrieved from /opt/airflow/dags/dag_enriquecimento_dados.py
[2026-07-14T13:41:10.667+0000] {logging_mixin.py:188} INFO - [2026-07-14T13:41:10.667+0000] {dag.py:3036} INFO - Sync 1 DAGs
[2026-07-14T13:41:10.679+0000] {logging_mixin.py:188} INFO - [2026-07-14T13:41:10.679+0000] {dag.py:3823} INFO - Setting next_dagrun for dag_enriquecimento_dados to None, run_after=None
[2026-07-14T13:41:10.697+0000] {processor.py:183} INFO - Processing /opt/airflow/dags/dag_enriquecimento_dados.py took 0.064 seconds
[2026-07-14T13:41:40.834+0000] {processor.py:161} INFO - Started process (PID=8609) to work on /opt/airflow/dags/dag_enriquecimento_dados.py
[2026-07-14T13:41:40.835+0000] {processor.py:830} INFO - Processing file /opt/airflow/dags/dag_enriquecimento_dados.py for tasks to queue
[2026-07-14T13:41:40.835+0000] {logging_mixin.py:188} INFO - [2026-07-14T13:41:40.835+0000] {dagbag.py:538} INFO - Filling up the DagBag from /opt/airflow/dags/dag_enriquecimento_dados.py
[2026-07-14T13:41:40.843+0000] {processor.py:840} INFO - DAG(s) 'dag_enriquecimento_dados' retrieved from /opt/airflow/dags/dag_enriquecimento_dados.py
[2026-07-14T13:41:40.862+0000] {logging_mixin.py:188} INFO - [2026-07-14T13:41:40.862+0000] {dag.py:3036} INFO - Sync 1 DAGs
[2026-07-14T13:41:40.873+0000] {logging_mixin.py:188} INFO - [2026-07-14T13:41:40.873+0000] {dag.py:3823} INFO - Setting next_dagrun for dag_enriquecimento_dados to None, run_after=None
[2026-07-14T13:41:40.891+0000] {processor.py:183} INFO - Processing /opt/airflow/dags/dag_enriquecimento_dados.py took 0.059 seconds
[2026-07-14T13:42:11.028+0000] {processor.py:161} INFO - Started process (PID=8624) to work on /opt/airflow/dags/dag_enriquecimento_dados.py
[2026-07-14T13:42:11.028+0000] {processor.py:830} INFO - Processing file /opt/airflow/dags/dag_enriquecimento_dados.py for tasks to queue
[2026-07-14T13:42:11.029+0000] {logging_mixin.py:188} INFO - [2026-07-14T13:42:11.029+0000] {dagbag.py:538} INFO - Filling up the DagBag from /opt/airflow/dags/dag_enriquecimento_dados.py
[2026-07-14T13:42:11.036+0000] {processor.py:840} INFO - DAG(s) 'dag_enriquecimento_dados' retrieved from /opt/airflow/dags/dag_enriquecimento_dados.py
[2026-07-14T13:42:11.057+0000] {logging_mixin.py:188} INFO - [2026-07-14T13:42:11.056+0000] {dag.py:3036} INFO - Sync 1 DAGs
[2026-07-14T13:42:11.068+0000] {logging_mixin.py:188} INFO - [2026-07-14T13:42:11.067+0000] {dag.py:3823} INFO - Setting next_dagrun for dag_enriquecimento_dados to None, run_after=None
[2026-07-14T13:42:11.084+0000] {processor.py:183} INFO - Processing /opt/airflow/dags/dag_enriquecimento_dados.py took 0.059 seconds
[2026-07-14T13:42:41.221+0000] {processor.py:161} INFO - Started process (PID=8639) to work on /opt/airflow/dags/dag_enriquecimento_dados.py
[2026-07-14T13:42:41.221+0000] {processor.py:830} INFO - Processing file /opt/airflow/dags/dag_enriquecimento_dados.py for tasks to queue
[2026-07-14T13:42:41.222+0000] {logging_mixin.py:188} INFO - [2026-07-14T13:42:41.222+0000] {dagbag.py:538} INFO - Filling up the DagBag from /opt/airflow/dags/dag_enriquecimento_dados.py
[2026-07-14T13:42:41.230+0000] {processor.py:840} INFO - DAG(s) 'dag_enriquecimento_dados' retrieved from /opt/airflow/dags/dag_enriquecimento_dados.py
[2026-07-14T13:42:41.251+0000] {logging_mixin.py:188} INFO - [2026-07-14T13:42:41.251+0000] {dag.py:3036} INFO - Sync 1 DAGs
[2026-07-14T13:42:41.262+0000] {logging_mixin.py:188} INFO - [2026-07-14T13:42:41.262+0000] {dag.py:3823} INFO - Setting next_dagrun for dag_enriquecimento_dados to None, run_after=None
[2026-07-14T13:42:41.282+0000] {processor.py:183} INFO - Processing /opt/airflow/dags/dag_enriquecimento_dados.py took 0.064 seconds
[2026-07-14T13:43:11.421+0000] {processor.py:161} INFO - Started process (PID=8654) to work on /opt/airflow/dags/dag_enriquecimento_dados.py
[2026-07-14T13:43:11.422+0000] {processor.py:830} INFO - Processing file /opt/airflow/dags/dag_enriquecimento_dados.py for tasks to queue
[2026-07-14T13:43:11.422+0000] {logging_mixin.py:188} INFO - [2026-07-14T13:43:11.422+0000] {dagbag.py:538} INFO - Filling up the DagBag from /opt/airflow/dags/dag_enriquecimento_dados.py
[2026-07-14T13:43:11.431+0000] {processor.py:840} INFO - DAG(s) 'dag_enriquecimento_dados' retrieved from /opt/airflow/dags/dag_enriquecimento_dados.py
[2026-07-14T13:43:11.453+0000] {logging_mixin.py:188} INFO - [2026-07-14T13:43:11.452+0000] {dag.py:3036} INFO - Sync 1 DAGs
[2026-07-14T13:43:11.465+0000] {logging_mixin.py:188} INFO - [2026-07-14T13:43:11.464+0000] {dag.py:3823} INFO - Setting next_dagrun for dag_enriquecimento_dados to None, run_after=None
[2026-07-14T13:43:11.485+0000] {processor.py:183} INFO - Processing /opt/airflow/dags/dag_enriquecimento_dados.py took 0.067 seconds
[2026-07-14T13:43:41.624+0000] {processor.py:161} INFO - Started process (PID=8669) to work on /opt/airflow/dags/dag_enriquecimento_dados.py
[2026-07-14T13:43:41.625+0000] {processor.py:830} INFO - Processing file /opt/airflow/dags/dag_enriquecimento_dados.py for tasks to queue
[2026-07-14T13:43:41.625+0000] {logging_mixin.py:188} INFO - [2026-07-14T13:43:41.625+0000] {dagbag.py:538} INFO - Filling up the DagBag from /opt/airflow/dags/dag_enriquecimento_dados.py
[2026-07-14T13:43:41.633+0000] {processor.py:840} INFO - DAG(s) 'dag_enriquecimento_dados' retrieved from /opt/airflow/dags/dag_enriquecimento_dados.py
[2026-07-14T13:43:41.656+0000] {logging_mixin.py:188} INFO - [2026-07-14T13:43:41.656+0000] {dag.py:3036} INFO - Sync 1 DAGs
[2026-07-14T13:43:41.667+0000] {logging_mixin.py:188} INFO - [2026-07-14T13:43:41.667+0000] {dag.py:3823} INFO - Setting next_dagrun for dag_enriquecimento_dados to None, run_after=None
[2026-07-14T13:43:41.688+0000] {processor.py:183} INFO - Processing /opt/airflow/dags/dag_enriquecimento_dados.py took 0.067 seconds
[2026-07-14T13:44:11.839+0000] {processor.py:161} INFO - Started process (PID=8684) to work on /opt/airflow/dags/dag_enriquecimento_dados.py
[2026-07-14T13:44:11.839+0000] {processor.py:830} INFO - Processing file /opt/airflow/dags/dag_enriquecimento_dados.py for tasks to queue
[2026-07-14T13:44:11.840+0000] {logging_mixin.py:188} INFO - [2026-07-14T13:44:11.840+0000] {dagbag.py:538} INFO - Filling up the DagBag from /opt/airflow/dags/dag_enriquecimento_dados.py
[2026-07-14T13:44:11.847+0000] {processor.py:840} INFO - DAG(s) 'dag_enriquecimento_dados' retrieved from /opt/airflow/dags/dag_enriquecimento_dados.py
[2026-07-14T13:44:11.867+0000] {logging_mixin.py:188} INFO - [2026-07-14T13:44:11.867+0000] {dag.py:3036} INFO - Sync 1 DAGs
[2026-07-14T13:44:11.879+0000] {logging_mixin.py:188} INFO - [2026-07-14T13:44:11.879+0000] {dag.py:3823} INFO - Setting next_dagrun for dag_enriquecimento_dados to None, run_after=None
[2026-07-14T13:44:11.899+0000] {processor.py:183} INFO - Processing /opt/airflow/dags/dag_enriquecimento_dados.py took 0.063 seconds
[2026-07-14T13:44:42.036+0000] {processor.py:161} INFO - Started process (PID=8699) to work on /opt/airflow/dags/dag_enriquecimento_dados.py
[2026-07-14T13:44:42.037+0000] {processor.py:830} INFO - Processing file /opt/airflow/dags/dag_enriquecimento_dados.py for tasks to queue
[2026-07-14T13:44:42.038+0000] {logging_mixin.py:188} INFO - [2026-07-14T13:44:42.037+0000] {dagbag.py:538} INFO - Filling up the DagBag from /opt/airflow/dags/dag_enriquecimento_dados.py
[2026-07-14T13:44:42.045+0000] {processor.py:840} INFO - DAG(s) 'dag_enriquecimento_dados' retrieved from /opt/airflow/dags/dag_enriquecimento_dados.py
[2026-07-14T13:44:42.066+0000] {logging_mixin.py:188} INFO - [2026-07-14T13:44:42.065+0000] {dag.py:3036} INFO - Sync 1 DAGs
[2026-07-14T13:44:42.077+0000] {logging_mixin.py:188} INFO - [2026-07-14T13:44:42.076+0000] {dag.py:3823} INFO - Setting next_dagrun for dag_enriquecimento_dados to None, run_after=None
[2026-07-14T13:44:42.094+0000] {processor.py:183} INFO - Processing /opt/airflow/dags/dag_enriquecimento_dados.py took 0.060 seconds
[2026-07-14T13:45:12.236+0000] {processor.py:161} INFO - Started process (PID=8714) to work on /opt/airflow/dags/dag_enriquecimento_dados.py
[2026-07-14T13:45:12.236+0000] {processor.py:830} INFO - Processing file /opt/airflow/dags/dag_enriquecimento_dados.py for tasks to queue
[2026-07-14T13:45:12.238+0000] {logging_mixin.py:188} INFO - [2026-07-14T13:45:12.237+0000] {dagbag.py:538} INFO - Filling up the DagBag from /opt/airflow/dags/dag_enriquecimento_dados.py
[2026-07-14T13:45:12.245+0000] {processor.py:840} INFO - DAG(s) 'dag_enriquecimento_dados' retrieved from /opt/airflow/dags/dag_enriquecimento_dados.py
[2026-07-14T13:45:12.267+0000] {logging_mixin.py:188} INFO - [2026-07-14T13:45:12.267+0000] {dag.py:3036} INFO - Sync 1 DAGs
[2026-07-14T13:45:12.280+0000] {logging_mixin.py:188} INFO - [2026-07-14T13:45:12.279+0000] {dag.py:3823} INFO - Setting next_dagrun for dag_enriquecimento_dados to None, run_after=None
[2026-07-14T13:45:12.298+0000] {processor.py:183} INFO - Processing /opt/airflow/dags/dag_enriquecimento_dados.py took 0.065 seconds
[2026-07-14T13:45:42.438+0000] {processor.py:161} INFO - Started process (PID=8729) to work on /opt/airflow/dags/dag_enriquecimento_dados.py
[2026-07-14T13:45:42.439+0000] {processor.py:830} INFO - Processing file /opt/airflow/dags/dag_enriquecimento_dados.py for tasks to queue
[2026-07-14T13:45:42.439+0000] {logging_mixin.py:188} INFO - [2026-07-14T13:45:42.439+0000] {dagbag.py:538} INFO - Filling up the DagBag from /opt/airflow/dags/dag_enriquecimento_dados.py
[2026-07-14T13:45:42.447+0000] {processor.py:840} INFO - DAG(s) 'dag_enriquecimento_dados' retrieved from /opt/airflow/dags/dag_enriquecimento_dados.py
[2026-07-14T13:45:42.471+0000] {logging_mixin.py:188} INFO - [2026-07-14T13:45:42.471+0000] {dag.py:3036} INFO - Sync 1 DAGs
[2026-07-14T13:45:42.482+0000] {logging_mixin.py:188} INFO - [2026-07-14T13:45:42.482+0000] {dag.py:3823} INFO - Setting next_dagrun for dag_enriquecimento_dados to None, run_after=None
[2026-07-14T13:45:42.499+0000] {processor.py:183} INFO - Processing /opt/airflow/dags/dag_enriquecimento_dados.py took 0.064 seconds
[2026-07-14T13:46:12.637+0000] {processor.py:161} INFO - Started process (PID=8744) to work on /opt/airflow/dags/dag_enriquecimento_dados.py
[2026-07-14T13:46:12.638+0000] {processor.py:830} INFO - Processing file /opt/airflow/dags/dag_enriquecimento_dados.py for tasks to queue
[2026-07-14T13:46:12.638+0000] {logging_mixin.py:188} INFO - [2026-07-14T13:46:12.638+0000] {dagbag.py:538} INFO - Filling up the DagBag from /opt/airflow/dags/dag_enriquecimento_dados.py
[2026-07-14T13:46:12.646+0000] {processor.py:840} INFO - DAG(s) 'dag_enriquecimento_dados' retrieved from /opt/airflow/dags/dag_enriquecimento_dados.py
[2026-07-14T13:46:12.666+0000] {logging_mixin.py:188} INFO - [2026-07-14T13:46:12.666+0000] {dag.py:3036} INFO - Sync 1 DAGs
[2026-07-14T13:46:12.677+0000] {logging_mixin.py:188} INFO - [2026-07-14T13:46:12.677+0000] {dag.py:3823} INFO - Setting next_dagrun for dag_enriquecimento_dados to None, run_after=None
[2026-07-14T13:46:12.696+0000] {processor.py:183} INFO - Processing /opt/airflow/dags/dag_enriquecimento_dados.py took 0.062 seconds
[2026-07-14T13:46:42.835+0000] {processor.py:161} INFO - Started process (PID=8759) to work on /opt/airflow/dags/dag_enriquecimento_dados.py
[2026-07-14T13:46:42.835+0000] {processor.py:830} INFO - Processing file /opt/airflow/dags/dag_enriquecimento_dados.py for tasks to queue
[2026-07-14T13:46:42.836+0000] {logging_mixin.py:188} INFO - [2026-07-14T13:46:42.836+0000] {dagbag.py:538} INFO - Filling up the DagBag from /opt/airflow/dags/dag_enriquecimento_dados.py
[2026-07-14T13:46:42.844+0000] {processor.py:840} INFO - DAG(s) 'dag_enriquecimento_dados' retrieved from /opt/airflow/dags/dag_enriquecimento_dados.py
[2026-07-14T13:46:42.864+0000] {logging_mixin.py:188} INFO - [2026-07-14T13:46:42.864+0000] {dag.py:3036} INFO - Sync 1 DAGs
[2026-07-14T13:46:42.875+0000] {logging_mixin.py:188} INFO - [2026-07-14T13:46:42.875+0000] {dag.py:3823} INFO - Setting next_dagrun for dag_enriquecimento_dados to None, run_after=None
[2026-07-14T13:46:42.889+0000] {processor.py:183} INFO - Processing /opt/airflow/dags/dag_enriquecimento_dados.py took 0.057 seconds
[2026-07-14T13:47:13.024+0000] {processor.py:161} INFO - Started process (PID=8774) to work on /opt/airflow/dags/dag_enriquecimento_dados.py
[2026-07-14T13:47:13.024+0000] {processor.py:830} INFO - Processing file /opt/airflow/dags/dag_enriquecimento_dados.py for tasks to queue
[2026-07-14T13:47:13.025+0000] {logging_mixin.py:188} INFO - [2026-07-14T13:47:13.025+0000] {dagbag.py:538} INFO - Filling up the DagBag from /opt/airflow/dags/dag_enriquecimento_dados.py
[2026-07-14T13:47:13.032+0000] {processor.py:840} INFO - DAG(s) 'dag_enriquecimento_dados' retrieved from /opt/airflow/dags/dag_enriquecimento_dados.py
[2026-07-14T13:47:13.052+0000] {logging_mixin.py:188} INFO - [2026-07-14T13:47:13.052+0000] {dag.py:3036} INFO - Sync 1 DAGs
[2026-07-14T13:47:13.063+0000] {logging_mixin.py:188} INFO - [2026-07-14T13:47:13.063+0000] {dag.py:3823} INFO - Setting next_dagrun for dag_enriquecimento_dados to None, run_after=None
[2026-07-14T13:47:13.075+0000] {processor.py:183} INFO - Processing /opt/airflow/dags/dag_enriquecimento_dados.py took 0.054 seconds
[2026-07-14T13:47:43.213+0000] {processor.py:161} INFO - Started process (PID=8789) to work on /opt/airflow/dags/dag_enriquecimento_dados.py
[2026-07-14T13:47:43.214+0000] {processor.py:830} INFO - Processing file /opt/airflow/dags/dag_enriquecimento_dados.py for tasks to queue
[2026-07-14T13:47:43.214+0000] {logging_mixin.py:188} INFO - [2026-07-14T13:47:43.214+0000] {dagbag.py:538} INFO - Filling up the DagBag from /opt/airflow/dags/dag_enriquecimento_dados.py
[2026-07-14T13:47:43.222+0000] {processor.py:840} INFO - DAG(s) 'dag_enriquecimento_dados' retrieved from /opt/airflow/dags/dag_enriquecimento_dados.py
[2026-07-14T13:47:43.243+0000] {logging_mixin.py:188} INFO - [2026-07-14T13:47:43.243+0000] {dag.py:3036} INFO - Sync 1 DAGs
[2026-07-14T13:47:43.254+0000] {logging_mixin.py:188} INFO - [2026-07-14T13:47:43.254+0000] {dag.py:3823} INFO - Setting next_dagrun for dag_enriquecimento_dados to None, run_after=None
[2026-07-14T13:47:43.267+0000] {processor.py:183} INFO - Processing /opt/airflow/dags/dag_enriquecimento_dados.py took 0.057 seconds
[2026-07-14T13:48:13.403+0000] {processor.py:161} INFO - Started process (PID=8804) to work on /opt/airflow/dags/dag_enriquecimento_dados.py
[2026-07-14T13:48:13.404+0000] {processor.py:830} INFO - Processing file /opt/airflow/dags/dag_enriquecimento_dados.py for tasks to queue
[2026-07-14T13:48:13.404+0000] {logging_mixin.py:188} INFO - [2026-07-14T13:48:13.404+0000] {dagbag.py:538} INFO - Filling up the DagBag from /opt/airflow/dags/dag_enriquecimento_dados.py
[2026-07-14T13:48:13.412+0000] {processor.py:840} INFO - DAG(s) 'dag_enriquecimento_dados' retrieved from /opt/airflow/dags/dag_enriquecimento_dados.py
[2026-07-14T13:48:13.433+0000] {logging_mixin.py:188} INFO - [2026-07-14T13:48:13.433+0000] {dag.py:3036} INFO - Sync 1 DAGs
[2026-07-14T13:48:13.444+0000] {logging_mixin.py:188} INFO - [2026-07-14T13:48:13.444+0000] {dag.py:3823} INFO - Setting next_dagrun for dag_enriquecimento_dados to None, run_after=None
[2026-07-14T13:48:13.461+0000] {processor.py:183} INFO - Processing /opt/airflow/dags/dag_enriquecimento_dados.py took 0.061 seconds
[2026-07-14T13:48:43.598+0000] {processor.py:161} INFO - Started process (PID=8819) to work on /opt/airflow/dags/dag_enriquecimento_dados.py
[2026-07-14T13:48:43.599+0000] {processor.py:830} INFO - Processing file /opt/airflow/dags/dag_enriquecimento_dados.py for tasks to queue
[2026-07-14T13:48:43.600+0000] {logging_mixin.py:188} INFO - [2026-07-14T13:48:43.599+0000] {dagbag.py:538} INFO - Filling up the DagBag from /opt/airflow/dags/dag_enriquecimento_dados.py
[2026-07-14T13:48:43.608+0000] {processor.py:840} INFO - DAG(s) 'dag_enriquecimento_dados' retrieved from /opt/airflow/dags/dag_enriquecimento_dados.py
[2026-07-14T13:48:43.628+0000] {logging_mixin.py:188} INFO - [2026-07-14T13:48:43.627+0000] {dag.py:3036} INFO - Sync 1 DAGs
[2026-07-14T13:48:43.638+0000] {logging_mixin.py:188} INFO - [2026-07-14T13:48:43.638+0000] {dag.py:3823} INFO - Setting next_dagrun for dag_enriquecimento_dados to None, run_after=None
[2026-07-14T13:48:43.655+0000] {processor.py:183} INFO - Processing /opt/airflow/dags/dag_enriquecimento_dados.py took 0.059 seconds
[2026-07-14T13:49:13.797+0000] {processor.py:161} INFO - Started process (PID=8834) to work on /opt/airflow/dags/dag_enriquecimento_dados.py
[2026-07-14T13:49:13.797+0000] {processor.py:830} INFO - Processing file /opt/airflow/dags/dag_enriquecimento_dados.py for tasks to queue
[2026-07-14T13:49:13.798+0000] {logging_mixin.py:188} INFO - [2026-07-14T13:49:13.798+0000] {dagbag.py:538} INFO - Filling up the DagBag from /opt/airflow/dags/dag_enriquecimento_dados.py
[2026-07-14T13:49:13.806+0000] {processor.py:840} INFO - DAG(s) 'dag_enriquecimento_dados' retrieved from /opt/airflow/dags/dag_enriquecimento_dados.py
[2026-07-14T13:49:13.830+0000] {logging_mixin.py:188} INFO - [2026-07-14T13:49:13.830+0000] {dag.py:3036} INFO - Sync 1 DAGs
[2026-07-14T13:49:13.841+0000] {logging_mixin.py:188} INFO - [2026-07-14T13:49:13.841+0000] {dag.py:3823} INFO - Setting next_dagrun for dag_enriquecimento_dados to None, run_after=None
[2026-07-14T13:49:13.862+0000] {processor.py:183} INFO - Processing /opt/airflow/dags/dag_enriquecimento_dados.py took 0.068 seconds
[2026-07-14T13:49:44.000+0000] {processor.py:161} INFO - Started process (PID=8849) to work on /opt/airflow/dags/dag_enriquecimento_dados.py
[2026-07-14T13:49:44.001+0000] {processor.py:830} INFO - Processing file /opt/airflow/dags/dag_enriquecimento_dados.py for tasks to queue
[2026-07-14T13:49:44.001+0000] {logging_mixin.py:188} INFO - [2026-07-14T13:49:44.001+0000] {dagbag.py:538} INFO - Filling up the DagBag from /opt/airflow/dags/dag_enriquecimento_dados.py
[2026-07-14T13:49:44.010+0000] {processor.py:840} INFO - DAG(s) 'dag_enriquecimento_dados' retrieved from /opt/airflow/dags/dag_enriquecimento_dados.py
[2026-07-14T13:49:44.031+0000] {logging_mixin.py:188} INFO - [2026-07-14T13:49:44.031+0000] {dag.py:3036} INFO - Sync 1 DAGs
[2026-07-14T13:49:44.042+0000] {logging_mixin.py:188} INFO - [2026-07-14T13:49:44.042+0000] {dag.py:3823} INFO - Setting next_dagrun for dag_enriquecimento_dados to None, run_after=None
[2026-07-14T13:49:44.060+0000] {processor.py:183} INFO - Processing /opt/airflow/dags/dag_enriquecimento_dados.py took 0.063 seconds
[2026-07-14T13:50:14.199+0000] {processor.py:161} INFO - Started process (PID=8864) to work on /opt/airflow/dags/dag_enriquecimento_dados.py
[2026-07-14T13:50:14.200+0000] {processor.py:830} INFO - Processing file /opt/airflow/dags/dag_enriquecimento_dados.py for tasks to queue
[2026-07-14T13:50:14.201+0000] {logging_mixin.py:188} INFO - [2026-07-14T13:50:14.201+0000] {dagbag.py:538} INFO - Filling up the DagBag from /opt/airflow/dags/dag_enriquecimento_dados.py
[2026-07-14T13:50:14.209+0000] {processor.py:840} INFO - DAG(s) 'dag_enriquecimento_dados' retrieved from /opt/airflow/dags/dag_enriquecimento_dados.py
[2026-07-14T13:50:14.232+0000] {logging_mixin.py:188} INFO - [2026-07-14T13:50:14.231+0000] {dag.py:3036} INFO - Sync 1 DAGs
[2026-07-14T13:50:14.245+0000] {logging_mixin.py:188} INFO - [2026-07-14T13:50:14.245+0000] {dag.py:3823} INFO - Setting next_dagrun for dag_enriquecimento_dados to None, run_after=None
[2026-07-14T13:50:14.265+0000] {processor.py:183} INFO - Processing /opt/airflow/dags/dag_enriquecimento_dados.py took 0.068 seconds
[2026-07-14T13:50:44.401+0000] {processor.py:161} INFO - Started process (PID=8879) to work on /opt/airflow/dags/dag_enriquecimento_dados.py
[2026-07-14T13:50:44.402+0000] {processor.py:830} INFO - Processing file /opt/airflow/dags/dag_enriquecimento_dados.py for tasks to queue
[2026-07-14T13:50:44.403+0000] {logging_mixin.py:188} INFO - [2026-07-14T13:50:44.403+0000] {dagbag.py:538} INFO - Filling up the DagBag from /opt/airflow/dags/dag_enriquecimento_dados.py
[2026-07-14T13:50:44.411+0000] {processor.py:840} INFO - DAG(s) 'dag_enriquecimento_dados' retrieved from /opt/airflow/dags/dag_enriquecimento_dados.py
[2026-07-14T13:50:44.434+0000] {logging_mixin.py:188} INFO - [2026-07-14T13:50:44.434+0000] {dag.py:3036} INFO - Sync 1 DAGs
[2026-07-14T13:50:44.445+0000] {logging_mixin.py:188} INFO - [2026-07-14T13:50:44.445+0000] {dag.py:3823} INFO - Setting next_dagrun for dag_enriquecimento_dados to None, run_after=None
[2026-07-14T13:50:44.458+0000] {processor.py:183} INFO - Processing /opt/airflow/dags/dag_enriquecimento_dados.py took 0.060 seconds
[2026-07-14T13:51:14.593+0000] {processor.py:161} INFO - Started process (PID=8894) to work on /opt/airflow/dags/dag_enriquecimento_dados.py
[2026-07-14T13:51:14.594+0000] {processor.py:830} INFO - Processing file /opt/airflow/dags/dag_enriquecimento_dados.py for tasks to queue
[2026-07-14T13:51:14.594+0000] {logging_mixin.py:188} INFO - [2026-07-14T13:51:14.594+0000] {dagbag.py:538} INFO - Filling up the DagBag from /opt/airflow/dags/dag_enriquecimento_dados.py
[2026-07-14T13:51:14.603+0000] {processor.py:840} INFO - DAG(s) 'dag_enriquecimento_dados' retrieved from /opt/airflow/dags/dag_enriquecimento_dados.py
[2026-07-14T13:51:14.627+0000] {logging_mixin.py:188} INFO - [2026-07-14T13:51:14.626+0000] {dag.py:3036} INFO - Sync 1 DAGs
[2026-07-14T13:51:14.639+0000] {logging_mixin.py:188} INFO - [2026-07-14T13:51:14.638+0000] {dag.py:3823} INFO - Setting next_dagrun for dag_enriquecimento_dados to None, run_after=None
[2026-07-14T13:51:14.656+0000] {processor.py:183} INFO - Processing /opt/airflow/dags/dag_enriquecimento_dados.py took 0.066 seconds
[2026-07-14T13:51:44.797+0000] {processor.py:161} INFO - Started process (PID=8909) to work on /opt/airflow/dags/dag_enriquecimento_dados.py
[2026-07-14T13:51:44.798+0000] {processor.py:830} INFO - Processing file /opt/airflow/dags/dag_enriquecimento_dados.py for tasks to queue
[2026-07-14T13:51:44.798+0000] {logging_mixin.py:188} INFO - [2026-07-14T13:51:44.798+0000] {dagbag.py:538} INFO - Filling up the DagBag from /opt/airflow/dags/dag_enriquecimento_dados.py
[2026-07-14T13:51:44.809+0000] {processor.py:840} INFO - DAG(s) 'dag_enriquecimento_dados' retrieved from /opt/airflow/dags/dag_enriquecimento_dados.py
[2026-07-14T13:51:44.831+0000] {logging_mixin.py:188} INFO - [2026-07-14T13:51:44.831+0000] {dag.py:3036} INFO - Sync 1 DAGs
[2026-07-14T13:51:44.844+0000] {logging_mixin.py:188} INFO - [2026-07-14T13:51:44.843+0000] {dag.py:3823} INFO - Setting next_dagrun for dag_enriquecimento_dados to None, run_after=None
[2026-07-14T13:51:44.861+0000] {processor.py:183} INFO - Processing /opt/airflow/dags/dag_enriquecimento_dados.py took 0.068 seconds
[2026-07-14T13:52:14.998+0000] {processor.py:161} INFO - Started process (PID=8924) to work on /opt/airflow/dags/dag_enriquecimento_dados.py
[2026-07-14T13:52:14.998+0000] {processor.py:830} INFO - Processing file /opt/airflow/dags/dag_enriquecimento_dados.py for tasks to queue
[2026-07-14T13:52:14.999+0000] {logging_mixin.py:188} INFO - [2026-07-14T13:52:14.999+0000] {dagbag.py:538} INFO - Filling up the DagBag from /opt/airflow/dags/dag_enriquecimento_dados.py
[2026-07-14T13:52:15.006+0000] {processor.py:840} INFO - DAG(s) 'dag_enriquecimento_dados' retrieved from /opt/airflow/dags/dag_enriquecimento_dados.py
[2026-07-14T13:52:15.027+0000] {logging_mixin.py:188} INFO - [2026-07-14T13:52:15.027+0000] {dag.py:3036} INFO - Sync 1 DAGs
[2026-07-14T13:52:15.039+0000] {logging_mixin.py:188} INFO - [2026-07-14T13:52:15.039+0000] {dag.py:3823} INFO - Setting next_dagrun for dag_enriquecimento_dados to None, run_after=None
[2026-07-14T13:52:15.058+0000] {processor.py:183} INFO - Processing /opt/airflow/dags/dag_enriquecimento_dados.py took 0.064 seconds
[2026-07-14T13:52:45.201+0000] {processor.py:161} INFO - Started process (PID=8939) to work on /opt/airflow/dags/dag_enriquecimento_dados.py
[2026-07-14T13:52:45.201+0000] {processor.py:830} INFO - Processing file /opt/airflow/dags/dag_enriquecimento_dados.py for tasks to queue
[2026-07-14T13:52:45.202+0000] {logging_mixin.py:188} INFO - [2026-07-14T13:52:45.202+0000] {dagbag.py:538} INFO - Filling up the DagBag from /opt/airflow/dags/dag_enriquecimento_dados.py
[2026-07-14T13:52:45.210+0000] {processor.py:840} INFO - DAG(s) 'dag_enriquecimento_dados' retrieved from /opt/airflow/dags/dag_enriquecimento_dados.py
[2026-07-14T13:52:45.231+0000] {logging_mixin.py:188} INFO - [2026-07-14T13:52:45.231+0000] {dag.py:3036} INFO - Sync 1 DAGs
[2026-07-14T13:52:45.244+0000] {logging_mixin.py:188} INFO - [2026-07-14T13:52:45.244+0000] {dag.py:3823} INFO - Setting next_dagrun for dag_enriquecimento_dados to None, run_after=None
[2026-07-14T13:52:45.263+0000] {processor.py:183} INFO - Processing /opt/airflow/dags/dag_enriquecimento_dados.py took 0.066 seconds
[2026-07-14T13:53:15.408+0000] {processor.py:161} INFO - Started process (PID=8954) to work on /opt/airflow/dags/dag_enriquecimento_dados.py
[2026-07-14T13:53:15.409+0000] {processor.py:830} INFO - Processing file /opt/airflow/dags/dag_enriquecimento_dados.py for tasks to queue
[2026-07-14T13:53:15.409+0000] {logging_mixin.py:188} INFO - [2026-07-14T13:53:15.409+0000] {dagbag.py:538} INFO - Filling up the DagBag from /opt/airflow/dags/dag_enriquecimento_dados.py
[2026-07-14T13:53:15.417+0000] {processor.py:840} INFO - DAG(s) 'dag_enriquecimento_dados' retrieved from /opt/airflow/dags/dag_enriquecimento_dados.py
[2026-07-14T13:53:15.440+0000] {logging_mixin.py:188} INFO - [2026-07-14T13:53:15.440+0000] {dag.py:3036} INFO - Sync 1 DAGs
[2026-07-14T13:53:15.452+0000] {logging_mixin.py:188} INFO - [2026-07-14T13:53:15.451+0000] {dag.py:3823} INFO - Setting next_dagrun for dag_enriquecimento_dados to None, run_after=None
[2026-07-14T13:53:15.469+0000] {processor.py:183} INFO - Processing /opt/airflow/dags/dag_enriquecimento_dados.py took 0.064 seconds
[2026-07-14T13:53:45.604+0000] {processor.py:161} INFO - Started process (PID=8969) to work on /opt/airflow/dags/dag_enriquecimento_dados.py
[2026-07-14T13:53:45.605+0000] {processor.py:830} INFO - Processing file /opt/airflow/dags/dag_enriquecimento_dados.py for tasks to queue
[2026-07-14T13:53:45.605+0000] {logging_mixin.py:188} INFO - [2026-07-14T13:53:45.605+0000] {dagbag.py:538} INFO - Filling up the DagBag from /opt/airflow/dags/dag_enriquecimento_dados.py
[2026-07-14T13:53:45.613+0000] {processor.py:840} INFO - DAG(s) 'dag_enriquecimento_dados' retrieved from /opt/airflow/dags/dag_enriquecimento_dados.py
[2026-07-14T13:53:45.635+0000] {logging_mixin.py:188} INFO - [2026-07-14T13:53:45.634+0000] {dag.py:3036} INFO - Sync 1 DAGs
[2026-07-14T13:53:45.646+0000] {logging_mixin.py:188} INFO - [2026-07-14T13:53:45.646+0000] {dag.py:3823} INFO - Setting next_dagrun for dag_enriquecimento_dados to None, run_after=None
[2026-07-14T13:53:45.664+0000] {processor.py:183} INFO - Processing /opt/airflow/dags/dag_enriquecimento_dados.py took 0.063 seconds
[2026-07-14T13:54:15.805+0000] {processor.py:161} INFO - Started process (PID=8984) to work on /opt/airflow/dags/dag_enriquecimento_dados.py
[2026-07-14T13:54:15.805+0000] {processor.py:830} INFO - Processing file /opt/airflow/dags/dag_enriquecimento_dados.py for tasks to queue
[2026-07-14T13:54:15.806+0000] {logging_mixin.py:188} INFO - [2026-07-14T13:54:15.806+0000] {dagbag.py:538} INFO - Filling up the DagBag from /opt/airflow/dags/dag_enriquecimento_dados.py
[2026-07-14T13:54:15.815+0000] {processor.py:840} INFO - DAG(s) 'dag_enriquecimento_dados' retrieved from /opt/airflow/dags/dag_enriquecimento_dados.py
[2026-07-14T13:54:15.836+0000] {logging_mixin.py:188} INFO - [2026-07-14T13:54:15.836+0000] {dag.py:3036} INFO - Sync 1 DAGs
[2026-07-14T13:54:15.848+0000] {logging_mixin.py:188} INFO - [2026-07-14T13:54:15.847+0000] {dag.py:3823} INFO - Setting next_dagrun for dag_enriquecimento_dados to None, run_after=None
[2026-07-14T13:54:15.868+0000] {processor.py:183} INFO - Processing /opt/airflow/dags/dag_enriquecimento_dados.py took 0.066 seconds
[2026-07-14T13:54:46.007+0000] {processor.py:161} INFO - Started process (PID=8999) to work on /opt/airflow/dags/dag_enriquecimento_dados.py
[2026-07-14T13:54:46.008+0000] {processor.py:830} INFO - Processing file /opt/airflow/dags/dag_enriquecimento_dados.py for tasks to queue
[2026-07-14T13:54:46.008+0000] {logging_mixin.py:188} INFO - [2026-07-14T13:54:46.008+0000] {dagbag.py:538} INFO - Filling up the DagBag from /opt/airflow/dags/dag_enriquecimento_dados.py
[2026-07-14T13:54:46.016+0000] {processor.py:840} INFO - DAG(s) 'dag_enriquecimento_dados' retrieved from /opt/airflow/dags/dag_enriquecimento_dados.py
[2026-07-14T13:54:46.039+0000] {logging_mixin.py:188} INFO - [2026-07-14T13:54:46.039+0000] {dag.py:3036} INFO - Sync 1 DAGs
[2026-07-14T13:54:46.051+0000] {logging_mixin.py:188} INFO - [2026-07-14T13:54:46.051+0000] {dag.py:3823} INFO - Setting next_dagrun for dag_enriquecimento_dados to None, run_after=None
[2026-07-14T13:54:46.070+0000] {processor.py:183} INFO - Processing /opt/airflow/dags/dag_enriquecimento_dados.py took 0.066 seconds
[2026-07-14T13:55:16.210+0000] {processor.py:161} INFO - Started process (PID=9014) to work on /opt/airflow/dags/dag_enriquecimento_dados.py
[2026-07-14T13:55:16.210+0000] {processor.py:830} INFO - Processing file /opt/airflow/dags/dag_enriquecimento_dados.py for tasks to queue
[2026-07-14T13:55:16.211+0000] {logging_mixin.py:188} INFO - [2026-07-14T13:55:16.211+0000] {dagbag.py:538} INFO - Filling up the DagBag from /opt/airflow/dags/dag_enriquecimento_dados.py
[2026-07-14T13:55:16.218+0000] {processor.py:840} INFO - DAG(s) 'dag_enriquecimento_dados' retrieved from /opt/airflow/dags/dag_enriquecimento_dados.py
[2026-07-14T13:55:16.239+0000] {logging_mixin.py:188} INFO - [2026-07-14T13:55:16.239+0000] {dag.py:3036} INFO - Sync 1 DAGs
[2026-07-14T13:55:16.250+0000] {logging_mixin.py:188} INFO - [2026-07-14T13:55:16.250+0000] {dag.py:3823} INFO - Setting next_dagrun for dag_enriquecimento_dados to None, run_after=None
[2026-07-14T13:55:16.268+0000] {processor.py:183} INFO - Processing /opt/airflow/dags/dag_enriquecimento_dados.py took 0.061 seconds
[2026-07-14T13:55:46.406+0000] {processor.py:161} INFO - Started process (PID=9029) to work on /opt/airflow/dags/dag_enriquecimento_dados.py
[2026-07-14T13:55:46.407+0000] {processor.py:830} INFO - Processing file /opt/airflow/dags/dag_enriquecimento_dados.py for tasks to queue
[2026-07-14T13:55:46.408+0000] {logging_mixin.py:188} INFO - [2026-07-14T13:55:46.408+0000] {dagbag.py:538} INFO - Filling up the DagBag from /opt/airflow/dags/dag_enriquecimento_dados.py
[2026-07-14T13:55:46.416+0000] {processor.py:840} INFO - DAG(s) 'dag_enriquecimento_dados' retrieved from /opt/airflow/dags/dag_enriquecimento_dados.py
[2026-07-14T13:55:46.439+0000] {logging_mixin.py:188} INFO - [2026-07-14T13:55:46.438+0000] {dag.py:3036} INFO - Sync 1 DAGs
[2026-07-14T13:55:46.450+0000] {logging_mixin.py:188} INFO - [2026-07-14T13:55:46.450+0000] {dag.py:3823} INFO - Setting next_dagrun for dag_enriquecimento_dados to None, run_after=None
[2026-07-14T13:55:46.464+0000] {processor.py:183} INFO - Processing /opt/airflow/dags/dag_enriquecimento_dados.py took 0.061 seconds
[2026-07-14T13:56:16.604+0000] {processor.py:161} INFO - Started process (PID=9044) to work on /opt/airflow/dags/dag_enriquecimento_dados.py
[2026-07-14T13:56:16.604+0000] {processor.py:830} INFO - Processing file /opt/airflow/dags/dag_enriquecimento_dados.py for tasks to queue
[2026-07-14T13:56:16.605+0000] {logging_mixin.py:188} INFO - [2026-07-14T13:56:16.605+0000] {dagbag.py:538} INFO - Filling up the DagBag from /opt/airflow/dags/dag_enriquecimento_dados.py
[2026-07-14T13:56:16.613+0000] {processor.py:840} INFO - DAG(s) 'dag_enriquecimento_dados' retrieved from /opt/airflow/dags/dag_enriquecimento_dados.py
[2026-07-14T13:56:16.635+0000] {logging_mixin.py:188} INFO - [2026-07-14T13:56:16.635+0000] {dag.py:3036} INFO - Sync 1 DAGs
[2026-07-14T13:56:16.650+0000] {logging_mixin.py:188} INFO - [2026-07-14T13:56:16.649+0000] {dag.py:3823} INFO - Setting next_dagrun for dag_enriquecimento_dados to None, run_after=None
[2026-07-14T13:56:16.677+0000] {processor.py:183} INFO - Processing /opt/airflow/dags/dag_enriquecimento_dados.py took 0.076 seconds
[2026-07-14T13:56:46.831+0000] {processor.py:161} INFO - Started process (PID=9059) to work on /opt/airflow/dags/dag_enriquecimento_dados.py
[2026-07-14T13:56:46.832+0000] {processor.py:830} INFO - Processing file /opt/airflow/dags/dag_enriquecimento_dados.py for tasks to queue
[2026-07-14T13:56:46.833+0000] {logging_mixin.py:188} INFO - [2026-07-14T13:56:46.832+0000] {dagbag.py:538} INFO - Filling up the DagBag from /opt/airflow/dags/dag_enriquecimento_dados.py
[2026-07-14T13:56:46.841+0000] {processor.py:840} INFO - DAG(s) 'dag_enriquecimento_dados' retrieved from /opt/airflow/dags/dag_enriquecimento_dados.py
[2026-07-14T13:56:46.868+0000] {logging_mixin.py:188} INFO - [2026-07-14T13:56:46.868+0000] {dag.py:3036} INFO - Sync 1 DAGs
[2026-07-14T13:56:46.881+0000] {logging_mixin.py:188} INFO - [2026-07-14T13:56:46.880+0000] {dag.py:3823} INFO - Setting next_dagrun for dag_enriquecimento_dados to None, run_after=None
[2026-07-14T13:56:46.902+0000] {processor.py:183} INFO - Processing /opt/airflow/dags/dag_enriquecimento_dados.py took 0.074 seconds
[2026-07-14T13:57:17.043+0000] {processor.py:161} INFO - Started process (PID=9074) to work on /opt/airflow/dags/dag_enriquecimento_dados.py
[2026-07-14T13:57:17.043+0000] {processor.py:830} INFO - Processing file /opt/airflow/dags/dag_enriquecimento_dados.py for tasks to queue
[2026-07-14T13:57:17.044+0000] {logging_mixin.py:188} INFO - [2026-07-14T13:57:17.044+0000] {dagbag.py:538} INFO - Filling up the DagBag from /opt/airflow/dags/dag_enriquecimento_dados.py
[2026-07-14T13:57:17.052+0000] {processor.py:840} INFO - DAG(s) 'dag_enriquecimento_dados' retrieved from /opt/airflow/dags/dag_enriquecimento_dados.py
[2026-07-14T13:57:17.074+0000] {logging_mixin.py:188} INFO - [2026-07-14T13:57:17.074+0000] {dag.py:3036} INFO - Sync 1 DAGs
[2026-07-14T13:57:17.086+0000] {logging_mixin.py:188} INFO - [2026-07-14T13:57:17.086+0000] {dag.py:3823} INFO - Setting next_dagrun for dag_enriquecimento_dados to None, run_after=None
[2026-07-14T13:57:17.103+0000] {processor.py:183} INFO - Processing /opt/airflow/dags/dag_enriquecimento_dados.py took 0.064 seconds
[2026-07-14T13:57:47.240+0000] {processor.py:161} INFO - Started process (PID=9089) to work on /opt/airflow/dags/dag_enriquecimento_dados.py
[2026-07-14T13:57:47.241+0000] {processor.py:830} INFO - Processing file /opt/airflow/dags/dag_enriquecimento_dados.py for tasks to queue
[2026-07-14T13:57:47.242+0000] {logging_mixin.py:188} INFO - [2026-07-14T13:57:47.241+0000] {dagbag.py:538} INFO - Filling up the DagBag from /opt/airflow/dags/dag_enriquecimento_dados.py
[2026-07-14T13:57:47.250+0000] {processor.py:840} INFO - DAG(s) 'dag_enriquecimento_dados' retrieved from /opt/airflow/dags/dag_enriquecimento_dados.py
[2026-07-14T13:57:47.270+0000] {logging_mixin.py:188} INFO - [2026-07-14T13:57:47.270+0000] {dag.py:3036} INFO - Sync 1 DAGs
[2026-07-14T13:57:47.281+0000] {logging_mixin.py:188} INFO - [2026-07-14T13:57:47.281+0000] {dag.py:3823} INFO - Setting next_dagrun for dag_enriquecimento_dados to None, run_after=None
[2026-07-14T13:57:47.299+0000] {processor.py:183} INFO - Processing /opt/airflow/dags/dag_enriquecimento_dados.py took 0.062 seconds
[2026-07-14T13:58:17.438+0000] {processor.py:161} INFO - Started process (PID=9104) to work on /opt/airflow/dags/dag_enriquecimento_dados.py
[2026-07-14T13:58:17.439+0000] {processor.py:830} INFO - Processing file /opt/airflow/dags/dag_enriquecimento_dados.py for tasks to queue
[2026-07-14T13:58:17.440+0000] {logging_mixin.py:188} INFO - [2026-07-14T13:58:17.439+0000] {dagbag.py:538} INFO - Filling up the DagBag from /opt/airflow/dags/dag_enriquecimento_dados.py
[2026-07-14T13:58:17.449+0000] {processor.py:840} INFO - DAG(s) 'dag_enriquecimento_dados' retrieved from /opt/airflow/dags/dag_enriquecimento_dados.py
[2026-07-14T13:58:17.470+0000] {logging_mixin.py:188} INFO - [2026-07-14T13:58:17.470+0000] {dag.py:3036} INFO - Sync 1 DAGs
[2026-07-14T13:58:17.482+0000] {logging_mixin.py:188} INFO - [2026-07-14T13:58:17.482+0000] {dag.py:3823} INFO - Setting next_dagrun for dag_enriquecimento_dados to None, run_after=None
[2026-07-14T13:58:17.500+0000] {processor.py:183} INFO - Processing /opt/airflow/dags/dag_enriquecimento_dados.py took 0.066 seconds
[2026-07-14T13:58:47.639+0000] {processor.py:161} INFO - Started process (PID=9119) to work on /opt/airflow/dags/dag_enriquecimento_dados.py
[2026-07-14T13:58:47.640+0000] {processor.py:830} INFO - Processing file /opt/airflow/dags/dag_enriquecimento_dados.py for tasks to queue
[2026-07-14T13:58:47.640+0000] {logging_mixin.py:188} INFO - [2026-07-14T13:58:47.640+0000] {dagbag.py:538} INFO - Filling up the DagBag from /opt/airflow/dags/dag_enriquecimento_dados.py
[2026-07-14T13:58:47.647+0000] {processor.py:840} INFO - DAG(s) 'dag_enriquecimento_dados' retrieved from /opt/airflow/dags/dag_enriquecimento_dados.py
[2026-07-14T13:58:47.667+0000] {logging_mixin.py:188} INFO - [2026-07-14T13:58:47.667+0000] {dag.py:3036} INFO - Sync 1 DAGs
[2026-07-14T13:58:47.678+0000] {logging_mixin.py:188} INFO - [2026-07-14T13:58:47.678+0000] {dag.py:3823} INFO - Setting next_dagrun for dag_enriquecimento_dados to None, run_after=None
[2026-07-14T13:58:47.695+0000] {processor.py:183} INFO - Processing /opt/airflow/dags/dag_enriquecimento_dados.py took 0.058 seconds
[2026-07-14T13:59:17.826+0000] {processor.py:161} INFO - Started process (PID=9134) to work on /opt/airflow/dags/dag_enriquecimento_dados.py
[2026-07-14T13:59:17.827+0000] {processor.py:830} INFO - Processing file /opt/airflow/dags/dag_enriquecimento_dados.py for tasks to queue
[2026-07-14T13:59:17.827+0000] {logging_mixin.py:188} INFO - [2026-07-14T13:59:17.827+0000] {dagbag.py:538} INFO - Filling up the DagBag from /opt/airflow/dags/dag_enriquecimento_dados.py
[2026-07-14T13:59:17.835+0000] {processor.py:840} INFO - DAG(s) 'dag_enriquecimento_dados' retrieved from /opt/airflow/dags/dag_enriquecimento_dados.py
[2026-07-14T13:59:17.857+0000] {logging_mixin.py:188} INFO - [2026-07-14T13:59:17.857+0000] {dag.py:3036} INFO - Sync 1 DAGs
[2026-07-14T13:59:17.867+0000] {logging_mixin.py:188} INFO - [2026-07-14T13:59:17.867+0000] {dag.py:3823} INFO - Setting next_dagrun for dag_enriquecimento_dados to None, run_after=None
[2026-07-14T13:59:17.886+0000] {processor.py:183} INFO - Processing /opt/airflow/dags/dag_enriquecimento_dados.py took 0.062 seconds
[2026-07-14T13:59:48.020+0000] {processor.py:161} INFO - Started process (PID=9149) to work on /opt/airflow/dags/dag_enriquecimento_dados.py
[2026-07-14T13:59:48.021+0000] {processor.py:830} INFO - Processing file /opt/airflow/dags/dag_enriquecimento_dados.py for tasks to queue
[2026-07-14T13:59:48.022+0000] {logging_mixin.py:188} INFO - [2026-07-14T13:59:48.021+0000] {dagbag.py:538} INFO - Filling up the DagBag from /opt/airflow/dags/dag_enriquecimento_dados.py
[2026-07-14T13:59:48.029+0000] {processor.py:840} INFO - DAG(s) 'dag_enriquecimento_dados' retrieved from /opt/airflow/dags/dag_enriquecimento_dados.py
[2026-07-14T13:59:48.049+0000] {logging_mixin.py:188} INFO - [2026-07-14T13:59:48.049+0000] {dag.py:3036} INFO - Sync 1 DAGs
[2026-07-14T13:59:48.060+0000] {logging_mixin.py:188} INFO - [2026-07-14T13:59:48.059+0000] {dag.py:3823} INFO - Setting next_dagrun for dag_enriquecimento_dados to None, run_after=None
[2026-07-14T13:59:48.078+0000] {processor.py:183} INFO - Processing /opt/airflow/dags/dag_enriquecimento_dados.py took 0.060 seconds
[2026-07-14T14:00:18.217+0000] {processor.py:161} INFO - Started process (PID=9164) to work on /opt/airflow/dags/dag_enriquecimento_dados.py
[2026-07-14T14:00:18.217+0000] {processor.py:830} INFO - Processing file /opt/airflow/dags/dag_enriquecimento_dados.py for tasks to queue
[2026-07-14T14:00:18.218+0000] {logging_mixin.py:188} INFO - [2026-07-14T14:00:18.218+0000] {dagbag.py:538} INFO - Filling up the DagBag from /opt/airflow/dags/dag_enriquecimento_dados.py
[2026-07-14T14:00:18.226+0000] {processor.py:840} INFO - DAG(s) 'dag_enriquecimento_dados' retrieved from /opt/airflow/dags/dag_enriquecimento_dados.py
[2026-07-14T14:00:18.246+0000] {logging_mixin.py:188} INFO - [2026-07-14T14:00:18.246+0000] {dag.py:3036} INFO - Sync 1 DAGs
[2026-07-14T14:00:18.257+0000] {logging_mixin.py:188} INFO - [2026-07-14T14:00:18.257+0000] {dag.py:3823} INFO - Setting next_dagrun for dag_enriquecimento_dados to None, run_after=None
[2026-07-14T14:00:18.274+0000] {processor.py:183} INFO - Processing /opt/airflow/dags/dag_enriquecimento_dados.py took 0.060 seconds
[2026-07-14T14:00:48.401+0000] {processor.py:161} INFO - Started process (PID=9179) to work on /opt/airflow/dags/dag_enriquecimento_dados.py
[2026-07-14T14:00:48.402+0000] {processor.py:830} INFO - Processing file /opt/airflow/dags/dag_enriquecimento_dados.py for tasks to queue
[2026-07-14T14:00:48.402+0000] {logging_mixin.py:188} INFO - [2026-07-14T14:00:48.402+0000] {dagbag.py:538} INFO - Filling up the DagBag from /opt/airflow/dags/dag_enriquecimento_dados.py
[2026-07-14T14:00:48.410+0000] {processor.py:840} INFO - DAG(s) 'dag_enriquecimento_dados' retrieved from /opt/airflow/dags/dag_enriquecimento_dados.py
[2026-07-14T14:00:48.431+0000] {logging_mixin.py:188} INFO - [2026-07-14T14:00:48.431+0000] {dag.py:3036} INFO - Sync 1 DAGs
[2026-07-14T14:00:48.443+0000] {logging_mixin.py:188} INFO - [2026-07-14T14:00:48.443+0000] {dag.py:3823} INFO - Setting next_dagrun for dag_enriquecimento_dados to None, run_after=None
[2026-07-14T14:00:48.459+0000] {processor.py:183} INFO - Processing /opt/airflow/dags/dag_enriquecimento_dados.py took 0.060 seconds
[2026-07-14T14:01:18.587+0000] {processor.py:161} INFO - Started process (PID=9194) to work on /opt/airflow/dags/dag_enriquecimento_dados.py
[2026-07-14T14:01:18.588+0000] {processor.py:830} INFO - Processing file /opt/airflow/dags/dag_enriquecimento_dados.py for tasks to queue
[2026-07-14T14:01:18.588+0000] {logging_mixin.py:188} INFO - [2026-07-14T14:01:18.588+0000] {dagbag.py:538} INFO - Filling up the DagBag from /opt/airflow/dags/dag_enriquecimento_dados.py
[2026-07-14T14:01:18.596+0000] {processor.py:840} INFO - DAG(s) 'dag_enriquecimento_dados' retrieved from /opt/airflow/dags/dag_enriquecimento_dados.py
[2026-07-14T14:01:18.615+0000] {logging_mixin.py:188} INFO - [2026-07-14T14:01:18.615+0000] {dag.py:3036} INFO - Sync 1 DAGs
[2026-07-14T14:01:18.627+0000] {logging_mixin.py:188} INFO - [2026-07-14T14:01:18.627+0000] {dag.py:3823} INFO - Setting next_dagrun for dag_enriquecimento_dados to None, run_after=None
[2026-07-14T14:01:18.644+0000] {processor.py:183} INFO - Processing /opt/airflow/dags/dag_enriquecimento_dados.py took 0.059 seconds
[2026-07-14T14:01:48.768+0000] {processor.py:161} INFO - Started process (PID=9209) to work on /opt/airflow/dags/dag_enriquecimento_dados.py
[2026-07-14T14:01:48.769+0000] {processor.py:830} INFO - Processing file /opt/airflow/dags/dag_enriquecimento_dados.py for tasks to queue
[2026-07-14T14:01:48.769+0000] {logging_mixin.py:188} INFO - [2026-07-14T14:01:48.769+0000] {dagbag.py:538} INFO - Filling up the DagBag from /opt/airflow/dags/dag_enriquecimento_dados.py
[2026-07-14T14:01:48.777+0000] {processor.py:840} INFO - DAG(s) 'dag_enriquecimento_dados' retrieved from /opt/airflow/dags/dag_enriquecimento_dados.py
[2026-07-14T14:01:48.796+0000] {logging_mixin.py:188} INFO - [2026-07-14T14:01:48.796+0000] {dag.py:3036} INFO - Sync 1 DAGs
[2026-07-14T14:01:48.807+0000] {logging_mixin.py:188} INFO - [2026-07-14T14:01:48.807+0000] {dag.py:3823} INFO - Setting next_dagrun for dag_enriquecimento_dados to None, run_after=None
[2026-07-14T14:01:48.823+0000] {processor.py:183} INFO - Processing /opt/airflow/dags/dag_enriquecimento_dados.py took 0.058 seconds
[2026-07-14T14:02:18.951+0000] {processor.py:161} INFO - Started process (PID=9224) to work on /opt/airflow/dags/dag_enriquecimento_dados.py
[2026-07-14T14:02:18.951+0000] {processor.py:830} INFO - Processing file /opt/airflow/dags/dag_enriquecimento_dados.py for tasks to queue
[2026-07-14T14:02:18.952+0000] {logging_mixin.py:188} INFO - [2026-07-14T14:02:18.952+0000] {dagbag.py:538} INFO - Filling up the DagBag from /opt/airflow/dags/dag_enriquecimento_dados.py
[2026-07-14T14:02:18.960+0000] {processor.py:840} INFO - DAG(s) 'dag_enriquecimento_dados' retrieved from /opt/airflow/dags/dag_enriquecimento_dados.py
[2026-07-14T14:02:18.980+0000] {logging_mixin.py:188} INFO - [2026-07-14T14:02:18.979+0000] {dag.py:3036} INFO - Sync 1 DAGs
[2026-07-14T14:02:18.990+0000] {logging_mixin.py:188} INFO - [2026-07-14T14:02:18.990+0000] {dag.py:3823} INFO - Setting next_dagrun for dag_enriquecimento_dados to None, run_after=None
[2026-07-14T14:02:19.006+0000] {processor.py:183} INFO - Processing /opt/airflow/dags/dag_enriquecimento_dados.py took 0.057 seconds
[2026-07-14T14:02:49.140+0000] {processor.py:161} INFO - Started process (PID=9239) to work on /opt/airflow/dags/dag_enriquecimento_dados.py
[2026-07-14T14:02:49.140+0000] {processor.py:830} INFO - Processing file /opt/airflow/dags/dag_enriquecimento_dados.py for tasks to queue
[2026-07-14T14:02:49.141+0000] {logging_mixin.py:188} INFO - [2026-07-14T14:02:49.141+0000] {dagbag.py:538} INFO - Filling up the DagBag from /opt/airflow/dags/dag_enriquecimento_dados.py
[2026-07-14T14:02:49.149+0000] {processor.py:840} INFO - DAG(s) 'dag_enriquecimento_dados' retrieved from /opt/airflow/dags/dag_enriquecimento_dados.py
[2026-07-14T14:02:49.169+0000] {logging_mixin.py:188} INFO - [2026-07-14T14:02:49.169+0000] {dag.py:3036} INFO - Sync 1 DAGs
[2026-07-14T14:02:49.179+0000] {logging_mixin.py:188} INFO - [2026-07-14T14:02:49.179+0000] {dag.py:3823} INFO - Setting next_dagrun for dag_enriquecimento_dados to None, run_after=None
[2026-07-14T14:02:49.196+0000] {processor.py:183} INFO - Processing /opt/airflow/dags/dag_enriquecimento_dados.py took 0.060 seconds
[2026-07-14T14:03:19.323+0000] {processor.py:161} INFO - Started process (PID=9254) to work on /opt/airflow/dags/dag_enriquecimento_dados.py
[2026-07-14T14:03:19.324+0000] {processor.py:830} INFO - Processing file /opt/airflow/dags/dag_enriquecimento_dados.py for tasks to queue
[2026-07-14T14:03:19.324+0000] {logging_mixin.py:188} INFO - [2026-07-14T14:03:19.324+0000] {dagbag.py:538} INFO - Filling up the DagBag from /opt/airflow/dags/dag_enriquecimento_dados.py
[2026-07-14T14:03:19.331+0000] {processor.py:840} INFO - DAG(s) 'dag_enriquecimento_dados' retrieved from /opt/airflow/dags/dag_enriquecimento_dados.py
[2026-07-14T14:03:19.350+0000] {logging_mixin.py:188} INFO - [2026-07-14T14:03:19.350+0000] {dag.py:3036} INFO - Sync 1 DAGs
[2026-07-14T14:03:19.361+0000] {logging_mixin.py:188} INFO - [2026-07-14T14:03:19.361+0000] {dag.py:3823} INFO - Setting next_dagrun for dag_enriquecimento_dados to None, run_after=None
[2026-07-14T14:03:19.376+0000] {processor.py:183} INFO - Processing /opt/airflow/dags/dag_enriquecimento_dados.py took 0.056 seconds
[2026-07-14T14:03:49.499+0000] {processor.py:161} INFO - Started process (PID=9269) to work on /opt/airflow/dags/dag_enriquecimento_dados.py
[2026-07-14T14:03:49.500+0000] {processor.py:830} INFO - Processing file /opt/airflow/dags/dag_enriquecimento_dados.py for tasks to queue
[2026-07-14T14:03:49.501+0000] {logging_mixin.py:188} INFO - [2026-07-14T14:03:49.501+0000] {dagbag.py:538} INFO - Filling up the DagBag from /opt/airflow/dags/dag_enriquecimento_dados.py
[2026-07-14T14:03:49.508+0000] {processor.py:840} INFO - DAG(s) 'dag_enriquecimento_dados' retrieved from /opt/airflow/dags/dag_enriquecimento_dados.py
[2026-07-14T14:03:49.528+0000] {logging_mixin.py:188} INFO - [2026-07-14T14:03:49.528+0000] {dag.py:3036} INFO - Sync 1 DAGs
[2026-07-14T14:03:49.539+0000] {logging_mixin.py:188} INFO - [2026-07-14T14:03:49.539+0000] {dag.py:3823} INFO - Setting next_dagrun for dag_enriquecimento_dados to None, run_after=None
[2026-07-14T14:03:49.554+0000] {processor.py:183} INFO - Processing /opt/airflow/dags/dag_enriquecimento_dados.py took 0.057 seconds
[2026-07-14T14:04:19.691+0000] {processor.py:161} INFO - Started process (PID=9284) to work on /opt/airflow/dags/dag_enriquecimento_dados.py
[2026-07-14T14:04:19.692+0000] {processor.py:830} INFO - Processing file /opt/airflow/dags/dag_enriquecimento_dados.py for tasks to queue
[2026-07-14T14:04:19.693+0000] {logging_mixin.py:188} INFO - [2026-07-14T14:04:19.692+0000] {dagbag.py:538} INFO - Filling up the DagBag from /opt/airflow/dags/dag_enriquecimento_dados.py
[2026-07-14T14:04:19.700+0000] {processor.py:840} INFO - DAG(s) 'dag_enriquecimento_dados' retrieved from /opt/airflow/dags/dag_enriquecimento_dados.py
[2026-07-14T14:04:19.719+0000] {logging_mixin.py:188} INFO - [2026-07-14T14:04:19.718+0000] {dag.py:3036} INFO - Sync 1 DAGs
[2026-07-14T14:04:19.729+0000] {logging_mixin.py:188} INFO - [2026-07-14T14:04:19.729+0000] {dag.py:3823} INFO - Setting next_dagrun for dag_enriquecimento_dados to None, run_after=None
[2026-07-14T14:04:19.744+0000] {processor.py:183} INFO - Processing /opt/airflow/dags/dag_enriquecimento_dados.py took 0.055 seconds
[2026-07-14T14:04:49.872+0000] {processor.py:161} INFO - Started process (PID=9299) to work on /opt/airflow/dags/dag_enriquecimento_dados.py
[2026-07-14T14:04:49.873+0000] {processor.py:830} INFO - Processing file /opt/airflow/dags/dag_enriquecimento_dados.py for tasks to queue
[2026-07-14T14:04:49.874+0000] {logging_mixin.py:188} INFO - [2026-07-14T14:04:49.874+0000] {dagbag.py:538} INFO - Filling up the DagBag from /opt/airflow/dags/dag_enriquecimento_dados.py
[2026-07-14T14:04:49.883+0000] {processor.py:840} INFO - DAG(s) 'dag_enriquecimento_dados' retrieved from /opt/airflow/dags/dag_enriquecimento_dados.py
[2026-07-14T14:04:49.905+0000] {logging_mixin.py:188} INFO - [2026-07-14T14:04:49.905+0000] {dag.py:3036} INFO - Sync 1 DAGs
[2026-07-14T14:04:49.916+0000] {logging_mixin.py:188} INFO - [2026-07-14T14:04:49.916+0000] {dag.py:3823} INFO - Setting next_dagrun for dag_enriquecimento_dados to None, run_after=None
[2026-07-14T14:04:49.936+0000] {processor.py:183} INFO - Processing /opt/airflow/dags/dag_enriquecimento_dados.py took 0.067 seconds
[2026-07-14T14:05:20.077+0000] {processor.py:161} INFO - Started process (PID=9314) to work on /opt/airflow/dags/dag_enriquecimento_dados.py
[2026-07-14T14:05:20.078+0000] {processor.py:830} INFO - Processing file /opt/airflow/dags/dag_enriquecimento_dados.py for tasks to queue
[2026-07-14T14:05:20.079+0000] {logging_mixin.py:188} INFO - [2026-07-14T14:05:20.078+0000] {dagbag.py:538} INFO - Filling up the DagBag from /opt/airflow/dags/dag_enriquecimento_dados.py
[2026-07-14T14:05:20.086+0000] {processor.py:840} INFO - DAG(s) 'dag_enriquecimento_dados' retrieved from /opt/airflow/dags/dag_enriquecimento_dados.py
[2026-07-14T14:05:20.108+0000] {logging_mixin.py:188} INFO - [2026-07-14T14:05:20.108+0000] {dag.py:3036} INFO - Sync 1 DAGs
[2026-07-14T14:05:20.119+0000] {logging_mixin.py:188} INFO - [2026-07-14T14:05:20.119+0000] {dag.py:3823} INFO - Setting next_dagrun for dag_enriquecimento_dados to None, run_after=None
[2026-07-14T14:05:20.137+0000] {processor.py:183} INFO - Processing /opt/airflow/dags/dag_enriquecimento_dados.py took 0.062 seconds
[2026-07-14T14:05:50.275+0000] {processor.py:161} INFO - Started process (PID=9329) to work on /opt/airflow/dags/dag_enriquecimento_dados.py
[2026-07-14T14:05:50.276+0000] {processor.py:830} INFO - Processing file /opt/airflow/dags/dag_enriquecimento_dados.py for tasks to queue
[2026-07-14T14:05:50.277+0000] {logging_mixin.py:188} INFO - [2026-07-14T14:05:50.276+0000] {dagbag.py:538} INFO - Filling up the DagBag from /opt/airflow/dags/dag_enriquecimento_dados.py
[2026-07-14T14:05:50.284+0000] {processor.py:840} INFO - DAG(s) 'dag_enriquecimento_dados' retrieved from /opt/airflow/dags/dag_enriquecimento_dados.py
[2026-07-14T14:05:50.306+0000] {logging_mixin.py:188} INFO - [2026-07-14T14:05:50.305+0000] {dag.py:3036} INFO - Sync 1 DAGs
[2026-07-14T14:05:50.317+0000] {logging_mixin.py:188} INFO - [2026-07-14T14:05:50.317+0000] {dag.py:3823} INFO - Setting next_dagrun for dag_enriquecimento_dados to None, run_after=None
[2026-07-14T14:05:50.336+0000] {processor.py:183} INFO - Processing /opt/airflow/dags/dag_enriquecimento_dados.py took 0.064 seconds
[2026-07-14T14:06:20.476+0000] {processor.py:161} INFO - Started process (PID=9344) to work on /opt/airflow/dags/dag_enriquecimento_dados.py
[2026-07-14T14:06:20.477+0000] {processor.py:830} INFO - Processing file /opt/airflow/dags/dag_enriquecimento_dados.py for tasks to queue
[2026-07-14T14:06:20.477+0000] {logging_mixin.py:188} INFO - [2026-07-14T14:06:20.477+0000] {dagbag.py:538} INFO - Filling up the DagBag from /opt/airflow/dags/dag_enriquecimento_dados.py
[2026-07-14T14:06:20.485+0000] {processor.py:840} INFO - DAG(s) 'dag_enriquecimento_dados' retrieved from /opt/airflow/dags/dag_enriquecimento_dados.py
[2026-07-14T14:06:20.506+0000] {logging_mixin.py:188} INFO - [2026-07-14T14:06:20.506+0000] {dag.py:3036} INFO - Sync 1 DAGs
[2026-07-14T14:06:20.517+0000] {logging_mixin.py:188} INFO - [2026-07-14T14:06:20.517+0000] {dag.py:3823} INFO - Setting next_dagrun for dag_enriquecimento_dados to None, run_after=None
[2026-07-14T14:06:20.536+0000] {processor.py:183} INFO - Processing /opt/airflow/dags/dag_enriquecimento_dados.py took 0.063 seconds
[2026-07-14T14:06:50.674+0000] {processor.py:161} INFO - Started process (PID=9359) to work on /opt/airflow/dags/dag_enriquecimento_dados.py
[2026-07-14T14:06:50.675+0000] {processor.py:830} INFO - Processing file /opt/airflow/dags/dag_enriquecimento_dados.py for tasks to queue
[2026-07-14T14:06:50.675+0000] {logging_mixin.py:188} INFO - [2026-07-14T14:06:50.675+0000] {dagbag.py:538} INFO - Filling up the DagBag from /opt/airflow/dags/dag_enriquecimento_dados.py
[2026-07-14T14:06:50.683+0000] {processor.py:840} INFO - DAG(s) 'dag_enriquecimento_dados' retrieved from /opt/airflow/dags/dag_enriquecimento_dados.py
[2026-07-14T14:06:50.704+0000] {logging_mixin.py:188} INFO - [2026-07-14T14:06:50.703+0000] {dag.py:3036} INFO - Sync 1 DAGs
[2026-07-14T14:06:50.715+0000] {logging_mixin.py:188} INFO - [2026-07-14T14:06:50.714+0000] {dag.py:3823} INFO - Setting next_dagrun for dag_enriquecimento_dados to None, run_after=None
[2026-07-14T14:06:50.731+0000] {processor.py:183} INFO - Processing /opt/airflow/dags/dag_enriquecimento_dados.py took 0.060 seconds
[2026-07-14T14:07:20.867+0000] {processor.py:161} INFO - Started process (PID=9374) to work on /opt/airflow/dags/dag_enriquecimento_dados.py
[2026-07-14T14:07:20.868+0000] {processor.py:830} INFO - Processing file /opt/airflow/dags/dag_enriquecimento_dados.py for tasks to queue
[2026-07-14T14:07:20.868+0000] {logging_mixin.py:188} INFO - [2026-07-14T14:07:20.868+0000] {dagbag.py:538} INFO - Filling up the DagBag from /opt/airflow/dags/dag_enriquecimento_dados.py
[2026-07-14T14:07:20.876+0000] {processor.py:840} INFO - DAG(s) 'dag_enriquecimento_dados' retrieved from /opt/airflow/dags/dag_enriquecimento_dados.py
[2026-07-14T14:07:20.897+0000] {logging_mixin.py:188} INFO - [2026-07-14T14:07:20.897+0000] {dag.py:3036} INFO - Sync 1 DAGs
[2026-07-14T14:07:20.909+0000] {logging_mixin.py:188} INFO - [2026-07-14T14:07:20.909+0000] {dag.py:3823} INFO - Setting next_dagrun for dag_enriquecimento_dados to None, run_after=None
[2026-07-14T14:07:20.927+0000] {processor.py:183} INFO - Processing /opt/airflow/dags/dag_enriquecimento_dados.py took 0.063 seconds
[2026-07-14T14:07:51.062+0000] {processor.py:161} INFO - Started process (PID=9389) to work on /opt/airflow/dags/dag_enriquecimento_dados.py
[2026-07-14T14:07:51.063+0000] {processor.py:830} INFO - Processing file /opt/airflow/dags/dag_enriquecimento_dados.py for tasks to queue
[2026-07-14T14:07:51.063+0000] {logging_mixin.py:188} INFO - [2026-07-14T14:07:51.063+0000] {dagbag.py:538} INFO - Filling up the DagBag from /opt/airflow/dags/dag_enriquecimento_dados.py
[2026-07-14T14:07:51.071+0000] {processor.py:840} INFO - DAG(s) 'dag_enriquecimento_dados' retrieved from /opt/airflow/dags/dag_enriquecimento_dados.py
[2026-07-14T14:07:51.092+0000] {logging_mixin.py:188} INFO - [2026-07-14T14:07:51.092+0000] {dag.py:3036} INFO - Sync 1 DAGs
[2026-07-14T14:07:51.104+0000] {logging_mixin.py:188} INFO - [2026-07-14T14:07:51.103+0000] {dag.py:3823} INFO - Setting next_dagrun for dag_enriquecimento_dados to None, run_after=None
[2026-07-14T14:07:51.123+0000] {processor.py:183} INFO - Processing /opt/airflow/dags/dag_enriquecimento_dados.py took 0.064 seconds
[2026-07-14T14:08:21.261+0000] {processor.py:161} INFO - Started process (PID=9404) to work on /opt/airflow/dags/dag_enriquecimento_dados.py
[2026-07-14T14:08:21.262+0000] {processor.py:830} INFO - Processing file /opt/airflow/dags/dag_enriquecimento_dados.py for tasks to queue
[2026-07-14T14:08:21.263+0000] {logging_mixin.py:188} INFO - [2026-07-14T14:08:21.263+0000] {dagbag.py:538} INFO - Filling up the DagBag from /opt/airflow/dags/dag_enriquecimento_dados.py
[2026-07-14T14:08:21.270+0000] {processor.py:840} INFO - DAG(s) 'dag_enriquecimento_dados' retrieved from /opt/airflow/dags/dag_enriquecimento_dados.py
[2026-07-14T14:08:21.291+0000] {logging_mixin.py:188} INFO - [2026-07-14T14:08:21.291+0000] {dag.py:3036} INFO - Sync 1 DAGs
[2026-07-14T14:08:21.302+0000] {logging_mixin.py:188} INFO - [2026-07-14T14:08:21.302+0000] {dag.py:3823} INFO - Setting next_dagrun for dag_enriquecimento_dados to None, run_after=None
[2026-07-14T14:08:21.320+0000] {processor.py:183} INFO - Processing /opt/airflow/dags/dag_enriquecimento_dados.py took 0.062 seconds
[2026-07-14T14:08:51.455+0000] {processor.py:161} INFO - Started process (PID=9419) to work on /opt/airflow/dags/dag_enriquecimento_dados.py
[2026-07-14T14:08:51.456+0000] {processor.py:830} INFO - Processing file /opt/airflow/dags/dag_enriquecimento_dados.py for tasks to queue
[2026-07-14T14:08:51.457+0000] {logging_mixin.py:188} INFO - [2026-07-14T14:08:51.457+0000] {dagbag.py:538} INFO - Filling up the DagBag from /opt/airflow/dags/dag_enriquecimento_dados.py
[2026-07-14T14:08:51.464+0000] {processor.py:840} INFO - DAG(s) 'dag_enriquecimento_dados' retrieved from /opt/airflow/dags/dag_enriquecimento_dados.py
[2026-07-14T14:08:51.485+0000] {logging_mixin.py:188} INFO - [2026-07-14T14:08:51.485+0000] {dag.py:3036} INFO - Sync 1 DAGs
[2026-07-14T14:08:51.496+0000] {logging_mixin.py:188} INFO - [2026-07-14T14:08:51.496+0000] {dag.py:3823} INFO - Setting next_dagrun for dag_enriquecimento_dados to None, run_after=None
[2026-07-14T14:08:51.514+0000] {processor.py:183} INFO - Processing /opt/airflow/dags/dag_enriquecimento_dados.py took 0.061 seconds
[2026-07-14T14:09:21.657+0000] {processor.py:161} INFO - Started process (PID=9434) to work on /opt/airflow/dags/dag_enriquecimento_dados.py
[2026-07-14T14:09:21.658+0000] {processor.py:830} INFO - Processing file /opt/airflow/dags/dag_enriquecimento_dados.py for tasks to queue
[2026-07-14T14:09:21.659+0000] {logging_mixin.py:188} INFO - [2026-07-14T14:09:21.658+0000] {dagbag.py:538} INFO - Filling up the DagBag from /opt/airflow/dags/dag_enriquecimento_dados.py
[2026-07-14T14:09:21.666+0000] {processor.py:840} INFO - DAG(s) 'dag_enriquecimento_dados' retrieved from /opt/airflow/dags/dag_enriquecimento_dados.py
[2026-07-14T14:09:21.690+0000] {logging_mixin.py:188} INFO - [2026-07-14T14:09:21.690+0000] {dag.py:3036} INFO - Sync 1 DAGs
[2026-07-14T14:09:21.701+0000] {logging_mixin.py:188} INFO - [2026-07-14T14:09:21.701+0000] {dag.py:3823} INFO - Setting next_dagrun for dag_enriquecimento_dados to None, run_after=None
[2026-07-14T14:09:21.717+0000] {processor.py:183} INFO - Processing /opt/airflow/dags/dag_enriquecimento_dados.py took 0.062 seconds
[2026-07-14T14:09:51.853+0000] {processor.py:161} INFO - Started process (PID=9449) to work on /opt/airflow/dags/dag_enriquecimento_dados.py
[2026-07-14T14:09:51.854+0000] {processor.py:830} INFO - Processing file /opt/airflow/dags/dag_enriquecimento_dados.py for tasks to queue
[2026-07-14T14:09:51.855+0000] {logging_mixin.py:188} INFO - [2026-07-14T14:09:51.854+0000] {dagbag.py:538} INFO - Filling up the DagBag from /opt/airflow/dags/dag_enriquecimento_dados.py
[2026-07-14T14:09:51.863+0000] {processor.py:840} INFO - DAG(s) 'dag_enriquecimento_dados' retrieved from /opt/airflow/dags/dag_enriquecimento_dados.py
[2026-07-14T14:09:51.883+0000] {logging_mixin.py:188} INFO - [2026-07-14T14:09:51.883+0000] {dag.py:3036} INFO - Sync 1 DAGs
[2026-07-14T14:09:51.895+0000] {logging_mixin.py:188} INFO - [2026-07-14T14:09:51.895+0000] {dag.py:3823} INFO - Setting next_dagrun for dag_enriquecimento_dados to None, run_after=None
[2026-07-14T14:09:51.912+0000] {processor.py:183} INFO - Processing /opt/airflow/dags/dag_enriquecimento_dados.py took 0.062 seconds
[2026-07-14T14:10:22.046+0000] {processor.py:161} INFO - Started process (PID=9464) to work on /opt/airflow/dags/dag_enriquecimento_dados.py
[2026-07-14T14:10:22.047+0000] {processor.py:830} INFO - Processing file /opt/airflow/dags/dag_enriquecimento_dados.py for tasks to queue
[2026-07-14T14:10:22.048+0000] {logging_mixin.py:188} INFO - [2026-07-14T14:10:22.048+0000] {dagbag.py:538} INFO - Filling up the DagBag from /opt/airflow/dags/dag_enriquecimento_dados.py
[2026-07-14T14:10:22.055+0000] {processor.py:840} INFO - DAG(s) 'dag_enriquecimento_dados' retrieved from /opt/airflow/dags/dag_enriquecimento_dados.py
[2026-07-14T14:10:22.076+0000] {logging_mixin.py:188} INFO - [2026-07-14T14:10:22.076+0000] {dag.py:3036} INFO - Sync 1 DAGs
[2026-07-14T14:10:22.087+0000] {logging_mixin.py:188} INFO - [2026-07-14T14:10:22.087+0000] {dag.py:3823} INFO - Setting next_dagrun for dag_enriquecimento_dados to None, run_after=None
[2026-07-14T14:10:22.104+0000] {processor.py:183} INFO - Processing /opt/airflow/dags/dag_enriquecimento_dados.py took 0.060 seconds
[2026-07-14T14:10:52.241+0000] {processor.py:161} INFO - Started process (PID=9479) to work on /opt/airflow/dags/dag_enriquecimento_dados.py
[2026-07-14T14:10:52.242+0000] {processor.py:830} INFO - Processing file /opt/airflow/dags/dag_enriquecimento_dados.py for tasks to queue
[2026-07-14T14:10:52.243+0000] {logging_mixin.py:188} INFO - [2026-07-14T14:10:52.242+0000] {dagbag.py:538} INFO - Filling up the DagBag from /opt/airflow/dags/dag_enriquecimento_dados.py
[2026-07-14T14:10:52.251+0000] {processor.py:840} INFO - DAG(s) 'dag_enriquecimento_dados' retrieved from /opt/airflow/dags/dag_enriquecimento_dados.py
[2026-07-14T14:10:52.273+0000] {logging_mixin.py:188} INFO - [2026-07-14T14:10:52.273+0000] {dag.py:3036} INFO - Sync 1 DAGs
[2026-07-14T14:10:52.284+0000] {logging_mixin.py:188} INFO - [2026-07-14T14:10:52.284+0000] {dag.py:3823} INFO - Setting next_dagrun for dag_enriquecimento_dados to None, run_after=None
[2026-07-14T14:10:52.301+0000] {processor.py:183} INFO - Processing /opt/airflow/dags/dag_enriquecimento_dados.py took 0.062 seconds
[2026-07-14T14:11:22.440+0000] {processor.py:161} INFO - Started process (PID=9494) to work on /opt/airflow/dags/dag_enriquecimento_dados.py
[2026-07-14T14:11:22.440+0000] {processor.py:830} INFO - Processing file /opt/airflow/dags/dag_enriquecimento_dados.py for tasks to queue
[2026-07-14T14:11:22.441+0000] {logging_mixin.py:188} INFO - [2026-07-14T14:11:22.440+0000] {dagbag.py:538} INFO - Filling up the DagBag from /opt/airflow/dags/dag_enriquecimento_dados.py
[2026-07-14T14:11:22.449+0000] {processor.py:840} INFO - DAG(s) 'dag_enriquecimento_dados' retrieved from /opt/airflow/dags/dag_enriquecimento_dados.py
[2026-07-14T14:11:22.470+0000] {logging_mixin.py:188} INFO - [2026-07-14T14:11:22.469+0000] {dag.py:3036} INFO - Sync 1 DAGs
[2026-07-14T14:11:22.481+0000] {logging_mixin.py:188} INFO - [2026-07-14T14:11:22.481+0000] {dag.py:3823} INFO - Setting next_dagrun for dag_enriquecimento_dados to None, run_after=None
[2026-07-14T14:11:22.497+0000] {processor.py:183} INFO - Processing /opt/airflow/dags/dag_enriquecimento_dados.py took 0.060 seconds
[2026-07-14T14:11:52.633+0000] {processor.py:161} INFO - Started process (PID=9509) to work on /opt/airflow/dags/dag_enriquecimento_dados.py
[2026-07-14T14:11:52.634+0000] {processor.py:830} INFO - Processing file /opt/airflow/dags/dag_enriquecimento_dados.py for tasks to queue
[2026-07-14T14:11:52.635+0000] {logging_mixin.py:188} INFO - [2026-07-14T14:11:52.634+0000] {dagbag.py:538} INFO - Filling up the DagBag from /opt/airflow/dags/dag_enriquecimento_dados.py
[2026-07-14T14:11:52.642+0000] {processor.py:840} INFO - DAG(s) 'dag_enriquecimento_dados' retrieved from /opt/airflow/dags/dag_enriquecimento_dados.py
[2026-07-14T14:11:52.664+0000] {logging_mixin.py:188} INFO - [2026-07-14T14:11:52.664+0000] {dag.py:3036} INFO - Sync 1 DAGs
[2026-07-14T14:11:52.675+0000] {logging_mixin.py:188} INFO - [2026-07-14T14:11:52.675+0000] {dag.py:3823} INFO - Setting next_dagrun for dag_enriquecimento_dados to None, run_after=None
[2026-07-14T14:11:52.693+0000] {processor.py:183} INFO - Processing /opt/airflow/dags/dag_enriquecimento_dados.py took 0.062 seconds
[2026-07-14T14:12:22.829+0000] {processor.py:161} INFO - Started process (PID=9524) to work on /opt/airflow/dags/dag_enriquecimento_dados.py
[2026-07-14T14:12:22.830+0000] {processor.py:830} INFO - Processing file /opt/airflow/dags/dag_enriquecimento_dados.py for tasks to queue
[2026-07-14T14:12:22.831+0000] {logging_mixin.py:188} INFO - [2026-07-14T14:12:22.830+0000] {dagbag.py:538} INFO - Filling up the DagBag from /opt/airflow/dags/dag_enriquecimento_dados.py
[2026-07-14T14:12:22.838+0000] {processor.py:840} INFO - DAG(s) 'dag_enriquecimento_dados' retrieved from /opt/airflow/dags/dag_enriquecimento_dados.py
[2026-07-14T14:12:22.859+0000] {logging_mixin.py:188} INFO - [2026-07-14T14:12:22.858+0000] {dag.py:3036} INFO - Sync 1 DAGs
[2026-07-14T14:12:22.870+0000] {logging_mixin.py:188} INFO - [2026-07-14T14:12:22.870+0000] {dag.py:3823} INFO - Setting next_dagrun for dag_enriquecimento_dados to None, run_after=None
[2026-07-14T14:12:22.888+0000] {processor.py:183} INFO - Processing /opt/airflow/dags/dag_enriquecimento_dados.py took 0.061 seconds
[2026-07-14T14:12:53.023+0000] {processor.py:161} INFO - Started process (PID=9539) to work on /opt/airflow/dags/dag_enriquecimento_dados.py
[2026-07-14T14:12:53.024+0000] {processor.py:830} INFO - Processing file /opt/airflow/dags/dag_enriquecimento_dados.py for tasks to queue
[2026-07-14T14:12:53.024+0000] {logging_mixin.py:188} INFO - [2026-07-14T14:12:53.024+0000] {dagbag.py:538} INFO - Filling up the DagBag from /opt/airflow/dags/dag_enriquecimento_dados.py
[2026-07-14T14:12:53.032+0000] {processor.py:840} INFO - DAG(s) 'dag_enriquecimento_dados' retrieved from /opt/airflow/dags/dag_enriquecimento_dados.py
[2026-07-14T14:12:53.053+0000] {logging_mixin.py:188} INFO - [2026-07-14T14:12:53.053+0000] {dag.py:3036} INFO - Sync 1 DAGs
[2026-07-14T14:12:53.064+0000] {logging_mixin.py:188} INFO - [2026-07-14T14:12:53.064+0000] {dag.py:3823} INFO - Setting next_dagrun for dag_enriquecimento_dados to None, run_after=None
[2026-07-14T14:12:53.083+0000] {processor.py:183} INFO - Processing /opt/airflow/dags/dag_enriquecimento_dados.py took 0.063 seconds
[2026-07-14T14:13:23.523+0000] {processor.py:161} INFO - Started process (PID=9554) to work on /opt/airflow/dags/dag_enriquecimento_dados.py
[2026-07-14T14:13:23.524+0000] {processor.py:830} INFO - Processing file /opt/airflow/dags/dag_enriquecimento_dados.py for tasks to queue
[2026-07-14T14:13:23.524+0000] {logging_mixin.py:188} INFO - [2026-07-14T14:13:23.524+0000] {dagbag.py:538} INFO - Filling up the DagBag from /opt/airflow/dags/dag_enriquecimento_dados.py
[2026-07-14T14:13:23.532+0000] {processor.py:840} INFO - DAG(s) 'dag_enriquecimento_dados' retrieved from /opt/airflow/dags/dag_enriquecimento_dados.py
[2026-07-14T14:13:23.553+0000] {logging_mixin.py:188} INFO - [2026-07-14T14:13:23.553+0000] {dag.py:3036} INFO - Sync 1 DAGs
[2026-07-14T14:13:23.565+0000] {logging_mixin.py:188} INFO - [2026-07-14T14:13:23.564+0000] {dag.py:3823} INFO - Setting next_dagrun for dag_enriquecimento_dados to None, run_after=None
[2026-07-14T14:13:23.583+0000] {processor.py:183} INFO - Processing /opt/airflow/dags/dag_enriquecimento_dados.py took 0.062 seconds
[2026-07-14T14:13:53.720+0000] {processor.py:161} INFO - Started process (PID=9569) to work on /opt/airflow/dags/dag_enriquecimento_dados.py
[2026-07-14T14:13:53.721+0000] {processor.py:830} INFO - Processing file /opt/airflow/dags/dag_enriquecimento_dados.py for tasks to queue
[2026-07-14T14:13:53.721+0000] {logging_mixin.py:188} INFO - [2026-07-14T14:13:53.721+0000] {dagbag.py:538} INFO - Filling up the DagBag from /opt/airflow/dags/dag_enriquecimento_dados.py
[2026-07-14T14:13:53.729+0000] {processor.py:840} INFO - DAG(s) 'dag_enriquecimento_dados' retrieved from /opt/airflow/dags/dag_enriquecimento_dados.py
[2026-07-14T14:13:53.750+0000] {logging_mixin.py:188} INFO - [2026-07-14T14:13:53.750+0000] {dag.py:3036} INFO - Sync 1 DAGs
[2026-07-14T14:13:53.761+0000] {logging_mixin.py:188} INFO - [2026-07-14T14:13:53.761+0000] {dag.py:3823} INFO - Setting next_dagrun for dag_enriquecimento_dados to None, run_after=None
[2026-07-14T14:13:53.778+0000] {processor.py:183} INFO - Processing /opt/airflow/dags/dag_enriquecimento_dados.py took 0.061 seconds
[2026-07-14T14:14:23.922+0000] {processor.py:161} INFO - Started process (PID=9584) to work on /opt/airflow/dags/dag_enriquecimento_dados.py
[2026-07-14T14:14:23.923+0000] {processor.py:830} INFO - Processing file /opt/airflow/dags/dag_enriquecimento_dados.py for tasks to queue
[2026-07-14T14:14:23.924+0000] {logging_mixin.py:188} INFO - [2026-07-14T14:14:23.923+0000] {dagbag.py:538} INFO - Filling up the DagBag from /opt/airflow/dags/dag_enriquecimento_dados.py
[2026-07-14T14:14:23.931+0000] {processor.py:840} INFO - DAG(s) 'dag_enriquecimento_dados' retrieved from /opt/airflow/dags/dag_enriquecimento_dados.py
[2026-07-14T14:14:23.952+0000] {logging_mixin.py:188} INFO - [2026-07-14T14:14:23.952+0000] {dag.py:3036} INFO - Sync 1 DAGs
[2026-07-14T14:14:23.962+0000] {logging_mixin.py:188} INFO - [2026-07-14T14:14:23.962+0000] {dag.py:3823} INFO - Setting next_dagrun for dag_enriquecimento_dados to None, run_after=None
[2026-07-14T14:14:23.979+0000] {processor.py:183} INFO - Processing /opt/airflow/dags/dag_enriquecimento_dados.py took 0.060 seconds
[2026-07-14T14:14:54.112+0000] {processor.py:161} INFO - Started process (PID=9599) to work on /opt/airflow/dags/dag_enriquecimento_dados.py
[2026-07-14T14:14:54.113+0000] {processor.py:830} INFO - Processing file /opt/airflow/dags/dag_enriquecimento_dados.py for tasks to queue
[2026-07-14T14:14:54.113+0000] {logging_mixin.py:188} INFO - [2026-07-14T14:14:54.113+0000] {dagbag.py:538} INFO - Filling up the DagBag from /opt/airflow/dags/dag_enriquecimento_dados.py
[2026-07-14T14:14:54.121+0000] {processor.py:840} INFO - DAG(s) 'dag_enriquecimento_dados' retrieved from /opt/airflow/dags/dag_enriquecimento_dados.py
[2026-07-14T14:14:54.140+0000] {logging_mixin.py:188} INFO - [2026-07-14T14:14:54.140+0000] {dag.py:3036} INFO - Sync 1 DAGs
[2026-07-14T14:14:54.151+0000] {logging_mixin.py:188} INFO - [2026-07-14T14:14:54.151+0000] {dag.py:3823} INFO - Setting next_dagrun for dag_enriquecimento_dados to None, run_after=None
[2026-07-14T14:14:54.169+0000] {processor.py:183} INFO - Processing /opt/airflow/dags/dag_enriquecimento_dados.py took 0.060 seconds
[2026-07-14T14:15:24.302+0000] {processor.py:161} INFO - Started process (PID=9614) to work on /opt/airflow/dags/dag_enriquecimento_dados.py
[2026-07-14T14:15:24.303+0000] {processor.py:830} INFO - Processing file /opt/airflow/dags/dag_enriquecimento_dados.py for tasks to queue
[2026-07-14T14:15:24.303+0000] {logging_mixin.py:188} INFO - [2026-07-14T14:15:24.303+0000] {dagbag.py:538} INFO - Filling up the DagBag from /opt/airflow/dags/dag_enriquecimento_dados.py
[2026-07-14T14:15:24.311+0000] {processor.py:840} INFO - DAG(s) 'dag_enriquecimento_dados' retrieved from /opt/airflow/dags/dag_enriquecimento_dados.py
[2026-07-14T14:15:24.332+0000] {logging_mixin.py:188} INFO - [2026-07-14T14:15:24.332+0000] {dag.py:3036} INFO - Sync 1 DAGs
[2026-07-14T14:15:24.343+0000] {logging_mixin.py:188} INFO - [2026-07-14T14:15:24.343+0000] {dag.py:3823} INFO - Setting next_dagrun for dag_enriquecimento_dados to None, run_after=None
[2026-07-14T14:15:24.361+0000] {processor.py:183} INFO - Processing /opt/airflow/dags/dag_enriquecimento_dados.py took 0.061 seconds
[2026-07-14T14:15:54.495+0000] {processor.py:161} INFO - Started process (PID=9629) to work on /opt/airflow/dags/dag_enriquecimento_dados.py
[2026-07-14T14:15:54.495+0000] {processor.py:830} INFO - Processing file /opt/airflow/dags/dag_enriquecimento_dados.py for tasks to queue
[2026-07-14T14:15:54.496+0000] {logging_mixin.py:188} INFO - [2026-07-14T14:15:54.496+0000] {dagbag.py:538} INFO - Filling up the DagBag from /opt/airflow/dags/dag_enriquecimento_dados.py
[2026-07-14T14:15:54.503+0000] {processor.py:840} INFO - DAG(s) 'dag_enriquecimento_dados' retrieved from /opt/airflow/dags/dag_enriquecimento_dados.py
[2026-07-14T14:15:54.523+0000] {logging_mixin.py:188} INFO - [2026-07-14T14:15:54.523+0000] {dag.py:3036} INFO - Sync 1 DAGs
[2026-07-14T14:15:54.534+0000] {logging_mixin.py:188} INFO - [2026-07-14T14:15:54.534+0000] {dag.py:3823} INFO - Setting next_dagrun for dag_enriquecimento_dados to None, run_after=None
[2026-07-14T14:15:54.551+0000] {processor.py:183} INFO - Processing /opt/airflow/dags/dag_enriquecimento_dados.py took 0.059 seconds
[2026-07-14T14:16:24.687+0000] {processor.py:161} INFO - Started process (PID=9644) to work on /opt/airflow/dags/dag_enriquecimento_dados.py
[2026-07-14T14:16:24.688+0000] {processor.py:830} INFO - Processing file /opt/airflow/dags/dag_enriquecimento_dados.py for tasks to queue
[2026-07-14T14:16:24.688+0000] {logging_mixin.py:188} INFO - [2026-07-14T14:16:24.688+0000] {dagbag.py:538} INFO - Filling up the DagBag from /opt/airflow/dags/dag_enriquecimento_dados.py
[2026-07-14T14:16:24.696+0000] {processor.py:840} INFO - DAG(s) 'dag_enriquecimento_dados' retrieved from /opt/airflow/dags/dag_enriquecimento_dados.py
[2026-07-14T14:16:24.717+0000] {logging_mixin.py:188} INFO - [2026-07-14T14:16:24.717+0000] {dag.py:3036} INFO - Sync 1 DAGs
[2026-07-14T14:16:24.729+0000] {logging_mixin.py:188} INFO - [2026-07-14T14:16:24.729+0000] {dag.py:3823} INFO - Setting next_dagrun for dag_enriquecimento_dados to None, run_after=None
[2026-07-14T14:16:24.746+0000] {processor.py:183} INFO - Processing /opt/airflow/dags/dag_enriquecimento_dados.py took 0.061 seconds
[2026-07-14T14:16:54.880+0000] {processor.py:161} INFO - Started process (PID=9659) to work on /opt/airflow/dags/dag_enriquecimento_dados.py
[2026-07-14T14:16:54.881+0000] {processor.py:830} INFO - Processing file /opt/airflow/dags/dag_enriquecimento_dados.py for tasks to queue
[2026-07-14T14:16:54.881+0000] {logging_mixin.py:188} INFO - [2026-07-14T14:16:54.881+0000] {dagbag.py:538} INFO - Filling up the DagBag from /opt/airflow/dags/dag_enriquecimento_dados.py
[2026-07-14T14:16:54.889+0000] {processor.py:840} INFO - DAG(s) 'dag_enriquecimento_dados' retrieved from /opt/airflow/dags/dag_enriquecimento_dados.py
[2026-07-14T14:16:54.910+0000] {logging_mixin.py:188} INFO - [2026-07-14T14:16:54.910+0000] {dag.py:3036} INFO - Sync 1 DAGs
[2026-07-14T14:16:54.921+0000] {logging_mixin.py:188} INFO - [2026-07-14T14:16:54.921+0000] {dag.py:3823} INFO - Setting next_dagrun for dag_enriquecimento_dados to None, run_after=None
[2026-07-14T14:16:54.939+0000] {processor.py:183} INFO - Processing /opt/airflow/dags/dag_enriquecimento_dados.py took 0.061 seconds
[2026-07-14T14:17:25.078+0000] {processor.py:161} INFO - Started process (PID=9674) to work on /opt/airflow/dags/dag_enriquecimento_dados.py
[2026-07-14T14:17:25.078+0000] {processor.py:830} INFO - Processing file /opt/airflow/dags/dag_enriquecimento_dados.py for tasks to queue
[2026-07-14T14:17:25.079+0000] {logging_mixin.py:188} INFO - [2026-07-14T14:17:25.079+0000] {dagbag.py:538} INFO - Filling up the DagBag from /opt/airflow/dags/dag_enriquecimento_dados.py
[2026-07-14T14:17:25.087+0000] {processor.py:840} INFO - DAG(s) 'dag_enriquecimento_dados' retrieved from /opt/airflow/dags/dag_enriquecimento_dados.py
[2026-07-14T14:17:25.108+0000] {logging_mixin.py:188} INFO - [2026-07-14T14:17:25.108+0000] {dag.py:3036} INFO - Sync 1 DAGs
[2026-07-14T14:17:25.120+0000] {logging_mixin.py:188} INFO - [2026-07-14T14:17:25.119+0000] {dag.py:3823} INFO - Setting next_dagrun for dag_enriquecimento_dados to None, run_after=None
[2026-07-14T14:17:25.137+0000] {processor.py:183} INFO - Processing /opt/airflow/dags/dag_enriquecimento_dados.py took 0.062 seconds
[2026-07-14T14:17:55.275+0000] {processor.py:161} INFO - Started process (PID=9689) to work on /opt/airflow/dags/dag_enriquecimento_dados.py
[2026-07-14T14:17:55.275+0000] {processor.py:830} INFO - Processing file /opt/airflow/dags/dag_enriquecimento_dados.py for tasks to queue
[2026-07-14T14:17:55.276+0000] {logging_mixin.py:188} INFO - [2026-07-14T14:17:55.276+0000] {dagbag.py:538} INFO - Filling up the DagBag from /opt/airflow/dags/dag_enriquecimento_dados.py
[2026-07-14T14:17:55.283+0000] {processor.py:840} INFO - DAG(s) 'dag_enriquecimento_dados' retrieved from /opt/airflow/dags/dag_enriquecimento_dados.py
[2026-07-14T14:17:55.304+0000] {logging_mixin.py:188} INFO - [2026-07-14T14:17:55.304+0000] {dag.py:3036} INFO - Sync 1 DAGs
[2026-07-14T14:17:55.316+0000] {logging_mixin.py:188} INFO - [2026-07-14T14:17:55.315+0000] {dag.py:3823} INFO - Setting next_dagrun for dag_enriquecimento_dados to None, run_after=None
[2026-07-14T14:17:55.332+0000] {processor.py:183} INFO - Processing /opt/airflow/dags/dag_enriquecimento_dados.py took 0.060 seconds
[2026-07-14T14:18:25.470+0000] {processor.py:161} INFO - Started process (PID=9704) to work on /opt/airflow/dags/dag_enriquecimento_dados.py
[2026-07-14T14:18:25.471+0000] {processor.py:830} INFO - Processing file /opt/airflow/dags/dag_enriquecimento_dados.py for tasks to queue
[2026-07-14T14:18:25.472+0000] {logging_mixin.py:188} INFO - [2026-07-14T14:18:25.472+0000] {dagbag.py:538} INFO - Filling up the DagBag from /opt/airflow/dags/dag_enriquecimento_dados.py
[2026-07-14T14:18:25.479+0000] {processor.py:840} INFO - DAG(s) 'dag_enriquecimento_dados' retrieved from /opt/airflow/dags/dag_enriquecimento_dados.py
[2026-07-14T14:18:25.501+0000] {logging_mixin.py:188} INFO - [2026-07-14T14:18:25.501+0000] {dag.py:3036} INFO - Sync 1 DAGs
[2026-07-14T14:18:25.512+0000] {logging_mixin.py:188} INFO - [2026-07-14T14:18:25.512+0000] {dag.py:3823} INFO - Setting next_dagrun for dag_enriquecimento_dados to None, run_after=None
[2026-07-14T14:18:25.530+0000] {processor.py:183} INFO - Processing /opt/airflow/dags/dag_enriquecimento_dados.py took 0.062 seconds
[2026-07-14T14:18:55.665+0000] {processor.py:161} INFO - Started process (PID=9719) to work on /opt/airflow/dags/dag_enriquecimento_dados.py
[2026-07-14T14:18:55.666+0000] {processor.py:830} INFO - Processing file /opt/airflow/dags/dag_enriquecimento_dados.py for tasks to queue
[2026-07-14T14:18:55.666+0000] {logging_mixin.py:188} INFO - [2026-07-14T14:18:55.666+0000] {dagbag.py:538} INFO - Filling up the DagBag from /opt/airflow/dags/dag_enriquecimento_dados.py
[2026-07-14T14:18:55.674+0000] {processor.py:840} INFO - DAG(s) 'dag_enriquecimento_dados' retrieved from /opt/airflow/dags/dag_enriquecimento_dados.py
[2026-07-14T14:18:55.693+0000] {logging_mixin.py:188} INFO - [2026-07-14T14:18:55.693+0000] {dag.py:3036} INFO - Sync 1 DAGs
[2026-07-14T14:18:55.704+0000] {logging_mixin.py:188} INFO - [2026-07-14T14:18:55.704+0000] {dag.py:3823} INFO - Setting next_dagrun for dag_enriquecimento_dados to None, run_after=None
[2026-07-14T14:18:55.721+0000] {processor.py:183} INFO - Processing /opt/airflow/dags/dag_enriquecimento_dados.py took 0.059 seconds
[2026-07-14T14:19:25.854+0000] {processor.py:161} INFO - Started process (PID=9734) to work on /opt/airflow/dags/dag_enriquecimento_dados.py
[2026-07-14T14:19:25.854+0000] {processor.py:830} INFO - Processing file /opt/airflow/dags/dag_enriquecimento_dados.py for tasks to queue
[2026-07-14T14:19:25.855+0000] {logging_mixin.py:188} INFO - [2026-07-14T14:19:25.855+0000] {dagbag.py:538} INFO - Filling up the DagBag from /opt/airflow/dags/dag_enriquecimento_dados.py
[2026-07-14T14:19:25.863+0000] {processor.py:840} INFO - DAG(s) 'dag_enriquecimento_dados' retrieved from /opt/airflow/dags/dag_enriquecimento_dados.py
[2026-07-14T14:19:25.884+0000] {logging_mixin.py:188} INFO - [2026-07-14T14:19:25.883+0000] {dag.py:3036} INFO - Sync 1 DAGs
[2026-07-14T14:19:25.894+0000] {logging_mixin.py:188} INFO - [2026-07-14T14:19:25.894+0000] {dag.py:3823} INFO - Setting next_dagrun for dag_enriquecimento_dados to None, run_after=None
[2026-07-14T14:19:25.911+0000] {processor.py:183} INFO - Processing /opt/airflow/dags/dag_enriquecimento_dados.py took 0.060 seconds
[2026-07-14T14:19:56.042+0000] {processor.py:161} INFO - Started process (PID=9749) to work on /opt/airflow/dags/dag_enriquecimento_dados.py
[2026-07-14T14:19:56.043+0000] {processor.py:830} INFO - Processing file /opt/airflow/dags/dag_enriquecimento_dados.py for tasks to queue
[2026-07-14T14:19:56.043+0000] {logging_mixin.py:188} INFO - [2026-07-14T14:19:56.043+0000] {dagbag.py:538} INFO - Filling up the DagBag from /opt/airflow/dags/dag_enriquecimento_dados.py
[2026-07-14T14:19:56.051+0000] {processor.py:840} INFO - DAG(s) 'dag_enriquecimento_dados' retrieved from /opt/airflow/dags/dag_enriquecimento_dados.py
[2026-07-14T14:19:56.071+0000] {logging_mixin.py:188} INFO - [2026-07-14T14:19:56.070+0000] {dag.py:3036} INFO - Sync 1 DAGs
[2026-07-14T14:19:56.081+0000] {logging_mixin.py:188} INFO - [2026-07-14T14:19:56.081+0000] {dag.py:3823} INFO - Setting next_dagrun for dag_enriquecimento_dados to None, run_after=None
[2026-07-14T14:19:56.099+0000] {processor.py:183} INFO - Processing /opt/airflow/dags/dag_enriquecimento_dados.py took 0.060 seconds
[2026-07-14T14:20:26.236+0000] {processor.py:161} INFO - Started process (PID=9764) to work on /opt/airflow/dags/dag_enriquecimento_dados.py
[2026-07-14T14:20:26.237+0000] {processor.py:830} INFO - Processing file /opt/airflow/dags/dag_enriquecimento_dados.py for tasks to queue
[2026-07-14T14:20:26.237+0000] {logging_mixin.py:188} INFO - [2026-07-14T14:20:26.237+0000] {dagbag.py:538} INFO - Filling up the DagBag from /opt/airflow/dags/dag_enriquecimento_dados.py
[2026-07-14T14:20:26.245+0000] {processor.py:840} INFO - DAG(s) 'dag_enriquecimento_dados' retrieved from /opt/airflow/dags/dag_enriquecimento_dados.py
[2026-07-14T14:20:26.267+0000] {logging_mixin.py:188} INFO - [2026-07-14T14:20:26.267+0000] {dag.py:3036} INFO - Sync 1 DAGs
[2026-07-14T14:20:26.279+0000] {logging_mixin.py:188} INFO - [2026-07-14T14:20:26.279+0000] {dag.py:3823} INFO - Setting next_dagrun for dag_enriquecimento_dados to None, run_after=None
[2026-07-14T14:20:26.297+0000] {processor.py:183} INFO - Processing /opt/airflow/dags/dag_enriquecimento_dados.py took 0.064 seconds
[2026-07-14T14:20:56.434+0000] {processor.py:161} INFO - Started process (PID=9779) to work on /opt/airflow/dags/dag_enriquecimento_dados.py
[2026-07-14T14:20:56.435+0000] {processor.py:830} INFO - Processing file /opt/airflow/dags/dag_enriquecimento_dados.py for tasks to queue
[2026-07-14T14:20:56.436+0000] {logging_mixin.py:188} INFO - [2026-07-14T14:20:56.435+0000] {dagbag.py:538} INFO - Filling up the DagBag from /opt/airflow/dags/dag_enriquecimento_dados.py
[2026-07-14T14:20:56.443+0000] {processor.py:840} INFO - DAG(s) 'dag_enriquecimento_dados' retrieved from /opt/airflow/dags/dag_enriquecimento_dados.py
[2026-07-14T14:20:56.464+0000] {logging_mixin.py:188} INFO - [2026-07-14T14:20:56.464+0000] {dag.py:3036} INFO - Sync 1 DAGs
[2026-07-14T14:20:56.475+0000] {logging_mixin.py:188} INFO - [2026-07-14T14:20:56.475+0000] {dag.py:3823} INFO - Setting next_dagrun for dag_enriquecimento_dados to None, run_after=None
[2026-07-14T14:20:56.491+0000] {processor.py:183} INFO - Processing /opt/airflow/dags/dag_enriquecimento_dados.py took 0.060 seconds
[2026-07-14T14:21:26.625+0000] {processor.py:161} INFO - Started process (PID=9794) to work on /opt/airflow/dags/dag_enriquecimento_dados.py
[2026-07-14T14:21:26.625+0000] {processor.py:830} INFO - Processing file /opt/airflow/dags/dag_enriquecimento_dados.py for tasks to queue
[2026-07-14T14:21:26.626+0000] {logging_mixin.py:188} INFO - [2026-07-14T14:21:26.626+0000] {dagbag.py:538} INFO - Filling up the DagBag from /opt/airflow/dags/dag_enriquecimento_dados.py
[2026-07-14T14:21:26.633+0000] {processor.py:840} INFO - DAG(s) 'dag_enriquecimento_dados' retrieved from /opt/airflow/dags/dag_enriquecimento_dados.py
[2026-07-14T14:21:26.654+0000] {logging_mixin.py:188} INFO - [2026-07-14T14:21:26.654+0000] {dag.py:3036} INFO - Sync 1 DAGs
[2026-07-14T14:21:26.665+0000] {logging_mixin.py:188} INFO - [2026-07-14T14:21:26.665+0000] {dag.py:3823} INFO - Setting next_dagrun for dag_enriquecimento_dados to None, run_after=None
[2026-07-14T14:21:26.682+0000] {processor.py:183} INFO - Processing /opt/airflow/dags/dag_enriquecimento_dados.py took 0.061 seconds
[2026-07-14T14:21:56.817+0000] {processor.py:161} INFO - Started process (PID=9809) to work on /opt/airflow/dags/dag_enriquecimento_dados.py
[2026-07-14T14:21:56.817+0000] {processor.py:830} INFO - Processing file /opt/airflow/dags/dag_enriquecimento_dados.py for tasks to queue
[2026-07-14T14:21:56.818+0000] {logging_mixin.py:188} INFO - [2026-07-14T14:21:56.818+0000] {dagbag.py:538} INFO - Filling up the DagBag from /opt/airflow/dags/dag_enriquecimento_dados.py
[2026-07-14T14:21:56.826+0000] {processor.py:840} INFO - DAG(s) 'dag_enriquecimento_dados' retrieved from /opt/airflow/dags/dag_enriquecimento_dados.py
[2026-07-14T14:21:56.846+0000] {logging_mixin.py:188} INFO - [2026-07-14T14:21:56.846+0000] {dag.py:3036} INFO - Sync 1 DAGs
[2026-07-14T14:21:56.857+0000] {logging_mixin.py:188} INFO - [2026-07-14T14:21:56.857+0000] {dag.py:3823} INFO - Setting next_dagrun for dag_enriquecimento_dados to None, run_after=None
[2026-07-14T14:21:56.873+0000] {processor.py:183} INFO - Processing /opt/airflow/dags/dag_enriquecimento_dados.py took 0.059 seconds
[2026-07-14T14:22:27.010+0000] {processor.py:161} INFO - Started process (PID=9824) to work on /opt/airflow/dags/dag_enriquecimento_dados.py
[2026-07-14T14:22:27.010+0000] {processor.py:830} INFO - Processing file /opt/airflow/dags/dag_enriquecimento_dados.py for tasks to queue
[2026-07-14T14:22:27.011+0000] {logging_mixin.py:188} INFO - [2026-07-14T14:22:27.011+0000] {dagbag.py:538} INFO - Filling up the DagBag from /opt/airflow/dags/dag_enriquecimento_dados.py
[2026-07-14T14:22:27.019+0000] {processor.py:840} INFO - DAG(s) 'dag_enriquecimento_dados' retrieved from /opt/airflow/dags/dag_enriquecimento_dados.py
[2026-07-14T14:22:27.041+0000] {logging_mixin.py:188} INFO - [2026-07-14T14:22:27.040+0000] {dag.py:3036} INFO - Sync 1 DAGs
[2026-07-14T14:22:27.051+0000] {logging_mixin.py:188} INFO - [2026-07-14T14:22:27.051+0000] {dag.py:3823} INFO - Setting next_dagrun for dag_enriquecimento_dados to None, run_after=None
[2026-07-14T14:22:27.068+0000] {processor.py:183} INFO - Processing /opt/airflow/dags/dag_enriquecimento_dados.py took 0.062 seconds
[2026-07-14T14:22:57.201+0000] {processor.py:161} INFO - Started process (PID=9839) to work on /opt/airflow/dags/dag_enriquecimento_dados.py
[2026-07-14T14:22:57.202+0000] {processor.py:830} INFO - Processing file /opt/airflow/dags/dag_enriquecimento_dados.py for tasks to queue
[2026-07-14T14:22:57.202+0000] {logging_mixin.py:188} INFO - [2026-07-14T14:22:57.202+0000] {dagbag.py:538} INFO - Filling up the DagBag from /opt/airflow/dags/dag_enriquecimento_dados.py
[2026-07-14T14:22:57.210+0000] {processor.py:840} INFO - DAG(s) 'dag_enriquecimento_dados' retrieved from /opt/airflow/dags/dag_enriquecimento_dados.py
[2026-07-14T14:22:57.232+0000] {logging_mixin.py:188} INFO - [2026-07-14T14:22:57.231+0000] {dag.py:3036} INFO - Sync 1 DAGs
[2026-07-14T14:22:57.243+0000] {logging_mixin.py:188} INFO - [2026-07-14T14:22:57.242+0000] {dag.py:3823} INFO - Setting next_dagrun for dag_enriquecimento_dados to None, run_after=None
[2026-07-14T14:22:57.259+0000] {processor.py:183} INFO - Processing /opt/airflow/dags/dag_enriquecimento_dados.py took 0.060 seconds
[2026-07-14T14:23:27.394+0000] {processor.py:161} INFO - Started process (PID=9854) to work on /opt/airflow/dags/dag_enriquecimento_dados.py
[2026-07-14T14:23:27.395+0000] {processor.py:830} INFO - Processing file /opt/airflow/dags/dag_enriquecimento_dados.py for tasks to queue
[2026-07-14T14:23:27.395+0000] {logging_mixin.py:188} INFO - [2026-07-14T14:23:27.395+0000] {dagbag.py:538} INFO - Filling up the DagBag from /opt/airflow/dags/dag_enriquecimento_dados.py
[2026-07-14T14:23:27.403+0000] {processor.py:840} INFO - DAG(s) 'dag_enriquecimento_dados' retrieved from /opt/airflow/dags/dag_enriquecimento_dados.py
[2026-07-14T14:23:27.425+0000] {logging_mixin.py:188} INFO - [2026-07-14T14:23:27.425+0000] {dag.py:3036} INFO - Sync 1 DAGs
[2026-07-14T14:23:27.436+0000] {logging_mixin.py:188} INFO - [2026-07-14T14:23:27.436+0000] {dag.py:3823} INFO - Setting next_dagrun for dag_enriquecimento_dados to None, run_after=None
[2026-07-14T14:23:27.454+0000] {processor.py:183} INFO - Processing /opt/airflow/dags/dag_enriquecimento_dados.py took 0.063 seconds
[2026-07-14T14:23:57.589+0000] {processor.py:161} INFO - Started process (PID=9869) to work on /opt/airflow/dags/dag_enriquecimento_dados.py
[2026-07-14T14:23:57.590+0000] {processor.py:830} INFO - Processing file /opt/airflow/dags/dag_enriquecimento_dados.py for tasks to queue
[2026-07-14T14:23:57.590+0000] {logging_mixin.py:188} INFO - [2026-07-14T14:23:57.590+0000] {dagbag.py:538} INFO - Filling up the DagBag from /opt/airflow/dags/dag_enriquecimento_dados.py
[2026-07-14T14:23:57.598+0000] {processor.py:840} INFO - DAG(s) 'dag_enriquecimento_dados' retrieved from /opt/airflow/dags/dag_enriquecimento_dados.py
[2026-07-14T14:23:57.619+0000] {logging_mixin.py:188} INFO - [2026-07-14T14:23:57.619+0000] {dag.py:3036} INFO - Sync 1 DAGs
[2026-07-14T14:23:57.630+0000] {logging_mixin.py:188} INFO - [2026-07-14T14:23:57.630+0000] {dag.py:3823} INFO - Setting next_dagrun for dag_enriquecimento_dados to None, run_after=None
[2026-07-14T14:23:57.647+0000] {processor.py:183} INFO - Processing /opt/airflow/dags/dag_enriquecimento_dados.py took 0.060 seconds
[2026-07-14T14:24:27.785+0000] {processor.py:161} INFO - Started process (PID=9884) to work on /opt/airflow/dags/dag_enriquecimento_dados.py
[2026-07-14T14:24:27.786+0000] {processor.py:830} INFO - Processing file /opt/airflow/dags/dag_enriquecimento_dados.py for tasks to queue
[2026-07-14T14:24:27.787+0000] {logging_mixin.py:188} INFO - [2026-07-14T14:24:27.786+0000] {dagbag.py:538} INFO - Filling up the DagBag from /opt/airflow/dags/dag_enriquecimento_dados.py
[2026-07-14T14:24:27.794+0000] {processor.py:840} INFO - DAG(s) 'dag_enriquecimento_dados' retrieved from /opt/airflow/dags/dag_enriquecimento_dados.py
[2026-07-14T14:24:27.817+0000] {logging_mixin.py:188} INFO - [2026-07-14T14:24:27.816+0000] {dag.py:3036} INFO - Sync 1 DAGs
[2026-07-14T14:24:27.828+0000] {logging_mixin.py:188} INFO - [2026-07-14T14:24:27.827+0000] {dag.py:3823} INFO - Setting next_dagrun for dag_enriquecimento_dados to None, run_after=None
[2026-07-14T14:24:27.842+0000] {processor.py:183} INFO - Processing /opt/airflow/dags/dag_enriquecimento_dados.py took 0.059 seconds
[2026-07-14T14:24:57.974+0000] {processor.py:161} INFO - Started process (PID=9899) to work on /opt/airflow/dags/dag_enriquecimento_dados.py
[2026-07-14T14:24:57.974+0000] {processor.py:830} INFO - Processing file /opt/airflow/dags/dag_enriquecimento_dados.py for tasks to queue
[2026-07-14T14:24:57.975+0000] {logging_mixin.py:188} INFO - [2026-07-14T14:24:57.975+0000] {dagbag.py:538} INFO - Filling up the DagBag from /opt/airflow/dags/dag_enriquecimento_dados.py
[2026-07-14T14:24:57.983+0000] {processor.py:840} INFO - DAG(s) 'dag_enriquecimento_dados' retrieved from /opt/airflow/dags/dag_enriquecimento_dados.py
[2026-07-14T14:24:58.003+0000] {logging_mixin.py:188} INFO - [2026-07-14T14:24:58.003+0000] {dag.py:3036} INFO - Sync 1 DAGs
[2026-07-14T14:24:58.015+0000] {logging_mixin.py:188} INFO - [2026-07-14T14:24:58.015+0000] {dag.py:3823} INFO - Setting next_dagrun for dag_enriquecimento_dados to None, run_after=None
[2026-07-14T14:24:58.031+0000] {processor.py:183} INFO - Processing /opt/airflow/dags/dag_enriquecimento_dados.py took 0.060 seconds
[2026-07-14T14:25:28.165+0000] {processor.py:161} INFO - Started process (PID=9914) to work on /opt/airflow/dags/dag_enriquecimento_dados.py
[2026-07-14T14:25:28.166+0000] {processor.py:830} INFO - Processing file /opt/airflow/dags/dag_enriquecimento_dados.py for tasks to queue
[2026-07-14T14:25:28.167+0000] {logging_mixin.py:188} INFO - [2026-07-14T14:25:28.167+0000] {dagbag.py:538} INFO - Filling up the DagBag from /opt/airflow/dags/dag_enriquecimento_dados.py
[2026-07-14T14:25:28.174+0000] {processor.py:840} INFO - DAG(s) 'dag_enriquecimento_dados' retrieved from /opt/airflow/dags/dag_enriquecimento_dados.py
[2026-07-14T14:25:28.196+0000] {logging_mixin.py:188} INFO - [2026-07-14T14:25:28.195+0000] {dag.py:3036} INFO - Sync 1 DAGs
[2026-07-14T14:25:28.207+0000] {logging_mixin.py:188} INFO - [2026-07-14T14:25:28.207+0000] {dag.py:3823} INFO - Setting next_dagrun for dag_enriquecimento_dados to None, run_after=None
[2026-07-14T14:25:28.223+0000] {processor.py:183} INFO - Processing /opt/airflow/dags/dag_enriquecimento_dados.py took 0.060 seconds
[2026-07-14T14:25:58.358+0000] {processor.py:161} INFO - Started process (PID=9929) to work on /opt/airflow/dags/dag_enriquecimento_dados.py
[2026-07-14T14:25:58.358+0000] {processor.py:830} INFO - Processing file /opt/airflow/dags/dag_enriquecimento_dados.py for tasks to queue
[2026-07-14T14:25:58.359+0000] {logging_mixin.py:188} INFO - [2026-07-14T14:25:58.359+0000] {dagbag.py:538} INFO - Filling up the DagBag from /opt/airflow/dags/dag_enriquecimento_dados.py
[2026-07-14T14:25:58.367+0000] {processor.py:840} INFO - DAG(s) 'dag_enriquecimento_dados' retrieved from /opt/airflow/dags/dag_enriquecimento_dados.py
[2026-07-14T14:25:58.387+0000] {logging_mixin.py:188} INFO - [2026-07-14T14:25:58.387+0000] {dag.py:3036} INFO - Sync 1 DAGs
[2026-07-14T14:25:58.398+0000] {logging_mixin.py:188} INFO - [2026-07-14T14:25:58.398+0000] {dag.py:3823} INFO - Setting next_dagrun for dag_enriquecimento_dados to None, run_after=None
[2026-07-14T14:25:58.416+0000] {processor.py:183} INFO - Processing /opt/airflow/dags/dag_enriquecimento_dados.py took 0.061 seconds
[2026-07-14T14:26:28.552+0000] {processor.py:161} INFO - Started process (PID=9944) to work on /opt/airflow/dags/dag_enriquecimento_dados.py
[2026-07-14T14:26:28.553+0000] {processor.py:830} INFO - Processing file /opt/airflow/dags/dag_enriquecimento_dados.py for tasks to queue
[2026-07-14T14:26:28.554+0000] {logging_mixin.py:188} INFO - [2026-07-14T14:26:28.554+0000] {dagbag.py:538} INFO - Filling up the DagBag from /opt/airflow/dags/dag_enriquecimento_dados.py
[2026-07-14T14:26:28.562+0000] {processor.py:840} INFO - DAG(s) 'dag_enriquecimento_dados' retrieved from /opt/airflow/dags/dag_enriquecimento_dados.py
[2026-07-14T14:26:28.582+0000] {logging_mixin.py:188} INFO - [2026-07-14T14:26:28.582+0000] {dag.py:3036} INFO - Sync 1 DAGs
[2026-07-14T14:26:28.594+0000] {logging_mixin.py:188} INFO - [2026-07-14T14:26:28.593+0000] {dag.py:3823} INFO - Setting next_dagrun for dag_enriquecimento_dados to None, run_after=None
[2026-07-14T14:26:28.611+0000] {processor.py:183} INFO - Processing /opt/airflow/dags/dag_enriquecimento_dados.py took 0.061 seconds
[2026-07-14T14:26:58.748+0000] {processor.py:161} INFO - Started process (PID=9959) to work on /opt/airflow/dags/dag_enriquecimento_dados.py
[2026-07-14T14:26:58.749+0000] {processor.py:830} INFO - Processing file /opt/airflow/dags/dag_enriquecimento_dados.py for tasks to queue
[2026-07-14T14:26:58.749+0000] {logging_mixin.py:188} INFO - [2026-07-14T14:26:58.749+0000] {dagbag.py:538} INFO - Filling up the DagBag from /opt/airflow/dags/dag_enriquecimento_dados.py
[2026-07-14T14:26:58.756+0000] {processor.py:840} INFO - DAG(s) 'dag_enriquecimento_dados' retrieved from /opt/airflow/dags/dag_enriquecimento_dados.py
[2026-07-14T14:26:58.777+0000] {logging_mixin.py:188} INFO - [2026-07-14T14:26:58.777+0000] {dag.py:3036} INFO - Sync 1 DAGs
[2026-07-14T14:26:58.788+0000] {logging_mixin.py:188} INFO - [2026-07-14T14:26:58.788+0000] {dag.py:3823} INFO - Setting next_dagrun for dag_enriquecimento_dados to None, run_after=None
[2026-07-14T14:26:58.804+0000] {processor.py:183} INFO - Processing /opt/airflow/dags/dag_enriquecimento_dados.py took 0.059 seconds
[2026-07-14T14:27:28.941+0000] {processor.py:161} INFO - Started process (PID=9974) to work on /opt/airflow/dags/dag_enriquecimento_dados.py
[2026-07-14T14:27:28.942+0000] {processor.py:830} INFO - Processing file /opt/airflow/dags/dag_enriquecimento_dados.py for tasks to queue
[2026-07-14T14:27:28.942+0000] {logging_mixin.py:188} INFO - [2026-07-14T14:27:28.942+0000] {dagbag.py:538} INFO - Filling up the DagBag from /opt/airflow/dags/dag_enriquecimento_dados.py
[2026-07-14T14:27:28.950+0000] {processor.py:840} INFO - DAG(s) 'dag_enriquecimento_dados' retrieved from /opt/airflow/dags/dag_enriquecimento_dados.py
[2026-07-14T14:27:28.972+0000] {logging_mixin.py:188} INFO - [2026-07-14T14:27:28.972+0000] {dag.py:3036} INFO - Sync 1 DAGs
[2026-07-14T14:27:28.983+0000] {logging_mixin.py:188} INFO - [2026-07-14T14:27:28.983+0000] {dag.py:3823} INFO - Setting next_dagrun for dag_enriquecimento_dados to None, run_after=None
[2026-07-14T14:27:29.000+0000] {processor.py:183} INFO - Processing /opt/airflow/dags/dag_enriquecimento_dados.py took 0.062 seconds
[2026-07-14T14:27:59.141+0000] {processor.py:161} INFO - Started process (PID=9989) to work on /opt/airflow/dags/dag_enriquecimento_dados.py
[2026-07-14T14:27:59.142+0000] {processor.py:830} INFO - Processing file /opt/airflow/dags/dag_enriquecimento_dados.py for tasks to queue
[2026-07-14T14:27:59.142+0000] {logging_mixin.py:188} INFO - [2026-07-14T14:27:59.142+0000] {dagbag.py:538} INFO - Filling up the DagBag from /opt/airflow/dags/dag_enriquecimento_dados.py
[2026-07-14T14:27:59.150+0000] {processor.py:840} INFO - DAG(s) 'dag_enriquecimento_dados' retrieved from /opt/airflow/dags/dag_enriquecimento_dados.py
[2026-07-14T14:27:59.173+0000] {logging_mixin.py:188} INFO - [2026-07-14T14:27:59.173+0000] {dag.py:3036} INFO - Sync 1 DAGs
[2026-07-14T14:27:59.185+0000] {logging_mixin.py:188} INFO - [2026-07-14T14:27:59.185+0000] {dag.py:3823} INFO - Setting next_dagrun for dag_enriquecimento_dados to None, run_after=None
[2026-07-14T14:27:59.203+0000] {processor.py:183} INFO - Processing /opt/airflow/dags/dag_enriquecimento_dados.py took 0.064 seconds
[2026-07-14T14:28:29.342+0000] {processor.py:161} INFO - Started process (PID=10004) to work on /opt/airflow/dags/dag_enriquecimento_dados.py
[2026-07-14T14:28:29.343+0000] {processor.py:830} INFO - Processing file /opt/airflow/dags/dag_enriquecimento_dados.py for tasks to queue
[2026-07-14T14:28:29.343+0000] {logging_mixin.py:188} INFO - [2026-07-14T14:28:29.343+0000] {dagbag.py:538} INFO - Filling up the DagBag from /opt/airflow/dags/dag_enriquecimento_dados.py
[2026-07-14T14:28:29.351+0000] {processor.py:840} INFO - DAG(s) 'dag_enriquecimento_dados' retrieved from /opt/airflow/dags/dag_enriquecimento_dados.py
[2026-07-14T14:28:29.372+0000] {logging_mixin.py:188} INFO - [2026-07-14T14:28:29.372+0000] {dag.py:3036} INFO - Sync 1 DAGs
[2026-07-14T14:28:29.383+0000] {logging_mixin.py:188} INFO - [2026-07-14T14:28:29.383+0000] {dag.py:3823} INFO - Setting next_dagrun for dag_enriquecimento_dados to None, run_after=None
[2026-07-14T14:28:29.400+0000] {processor.py:183} INFO - Processing /opt/airflow/dags/dag_enriquecimento_dados.py took 0.060 seconds
[2026-07-14T14:28:59.538+0000] {processor.py:161} INFO - Started process (PID=10019) to work on /opt/airflow/dags/dag_enriquecimento_dados.py
[2026-07-14T14:28:59.538+0000] {processor.py:830} INFO - Processing file /opt/airflow/dags/dag_enriquecimento_dados.py for tasks to queue
[2026-07-14T14:28:59.539+0000] {logging_mixin.py:188} INFO - [2026-07-14T14:28:59.539+0000] {dagbag.py:538} INFO - Filling up the DagBag from /opt/airflow/dags/dag_enriquecimento_dados.py
[2026-07-14T14:28:59.547+0000] {processor.py:840} INFO - DAG(s) 'dag_enriquecimento_dados' retrieved from /opt/airflow/dags/dag_enriquecimento_dados.py
[2026-07-14T14:28:59.568+0000] {logging_mixin.py:188} INFO - [2026-07-14T14:28:59.568+0000] {dag.py:3036} INFO - Sync 1 DAGs
[2026-07-14T14:28:59.581+0000] {logging_mixin.py:188} INFO - [2026-07-14T14:28:59.581+0000] {dag.py:3823} INFO - Setting next_dagrun for dag_enriquecimento_dados to None, run_after=None
[2026-07-14T14:28:59.599+0000] {processor.py:183} INFO - Processing /opt/airflow/dags/dag_enriquecimento_dados.py took 0.064 seconds
[2026-07-14T14:29:29.735+0000] {processor.py:161} INFO - Started process (PID=10034) to work on /opt/airflow/dags/dag_enriquecimento_dados.py
[2026-07-14T14:29:29.736+0000] {processor.py:830} INFO - Processing file /opt/airflow/dags/dag_enriquecimento_dados.py for tasks to queue
[2026-07-14T14:29:29.737+0000] {logging_mixin.py:188} INFO - [2026-07-14T14:29:29.737+0000] {dagbag.py:538} INFO - Filling up the DagBag from /opt/airflow/dags/dag_enriquecimento_dados.py
[2026-07-14T14:29:29.744+0000] {processor.py:840} INFO - DAG(s) 'dag_enriquecimento_dados' retrieved from /opt/airflow/dags/dag_enriquecimento_dados.py
[2026-07-14T14:29:29.766+0000] {logging_mixin.py:188} INFO - [2026-07-14T14:29:29.765+0000] {dag.py:3036} INFO - Sync 1 DAGs
[2026-07-14T14:29:29.778+0000] {logging_mixin.py:188} INFO - [2026-07-14T14:29:29.777+0000] {dag.py:3823} INFO - Setting next_dagrun for dag_enriquecimento_dados to None, run_after=None
[2026-07-14T14:29:29.794+0000] {processor.py:183} INFO - Processing /opt/airflow/dags/dag_enriquecimento_dados.py took 0.062 seconds
[2026-07-14T14:29:59.930+0000] {processor.py:161} INFO - Started process (PID=10049) to work on /opt/airflow/dags/dag_enriquecimento_dados.py
[2026-07-14T14:29:59.931+0000] {processor.py:830} INFO - Processing file /opt/airflow/dags/dag_enriquecimento_dados.py for tasks to queue
[2026-07-14T14:29:59.931+0000] {logging_mixin.py:188} INFO - [2026-07-14T14:29:59.931+0000] {dagbag.py:538} INFO - Filling up the DagBag from /opt/airflow/dags/dag_enriquecimento_dados.py
[2026-07-14T14:29:59.939+0000] {processor.py:840} INFO - DAG(s) 'dag_enriquecimento_dados' retrieved from /opt/airflow/dags/dag_enriquecimento_dados.py
[2026-07-14T14:29:59.959+0000] {logging_mixin.py:188} INFO - [2026-07-14T14:29:59.959+0000] {dag.py:3036} INFO - Sync 1 DAGs
[2026-07-14T14:29:59.969+0000] {logging_mixin.py:188} INFO - [2026-07-14T14:29:59.969+0000] {dag.py:3823} INFO - Setting next_dagrun for dag_enriquecimento_dados to None, run_after=None
[2026-07-14T14:29:59.986+0000] {processor.py:183} INFO - Processing /opt/airflow/dags/dag_enriquecimento_dados.py took 0.058 seconds
[2026-07-14T14:30:30.122+0000] {processor.py:161} INFO - Started process (PID=10064) to work on /opt/airflow/dags/dag_enriquecimento_dados.py
[2026-07-14T14:30:30.123+0000] {processor.py:830} INFO - Processing file /opt/airflow/dags/dag_enriquecimento_dados.py for tasks to queue
[2026-07-14T14:30:30.123+0000] {logging_mixin.py:188} INFO - [2026-07-14T14:30:30.123+0000] {dagbag.py:538} INFO - Filling up the DagBag from /opt/airflow/dags/dag_enriquecimento_dados.py
[2026-07-14T14:30:30.131+0000] {processor.py:840} INFO - DAG(s) 'dag_enriquecimento_dados' retrieved from /opt/airflow/dags/dag_enriquecimento_dados.py
[2026-07-14T14:30:30.151+0000] {logging_mixin.py:188} INFO - [2026-07-14T14:30:30.151+0000] {dag.py:3036} INFO - Sync 1 DAGs
[2026-07-14T14:30:30.162+0000] {logging_mixin.py:188} INFO - [2026-07-14T14:30:30.162+0000] {dag.py:3823} INFO - Setting next_dagrun for dag_enriquecimento_dados to None, run_after=None
[2026-07-14T14:30:30.180+0000] {processor.py:183} INFO - Processing /opt/airflow/dags/dag_enriquecimento_dados.py took 0.061 seconds
[2026-07-14T14:31:00.314+0000] {processor.py:161} INFO - Started process (PID=10079) to work on /opt/airflow/dags/dag_enriquecimento_dados.py
[2026-07-14T14:31:00.314+0000] {processor.py:830} INFO - Processing file /opt/airflow/dags/dag_enriquecimento_dados.py for tasks to queue
[2026-07-14T14:31:00.315+0000] {logging_mixin.py:188} INFO - [2026-07-14T14:31:00.315+0000] {dagbag.py:538} INFO - Filling up the DagBag from /opt/airflow/dags/dag_enriquecimento_dados.py
[2026-07-14T14:31:00.323+0000] {processor.py:840} INFO - DAG(s) 'dag_enriquecimento_dados' retrieved from /opt/airflow/dags/dag_enriquecimento_dados.py
[2026-07-14T14:31:00.344+0000] {logging_mixin.py:188} INFO - [2026-07-14T14:31:00.344+0000] {dag.py:3036} INFO - Sync 1 DAGs
[2026-07-14T14:31:00.356+0000] {logging_mixin.py:188} INFO - [2026-07-14T14:31:00.355+0000] {dag.py:3823} INFO - Setting next_dagrun for dag_enriquecimento_dados to None, run_after=None
[2026-07-14T14:31:00.374+0000] {processor.py:183} INFO - Processing /opt/airflow/dags/dag_enriquecimento_dados.py took 0.063 seconds
[2026-07-14T14:31:30.508+0000] {processor.py:161} INFO - Started process (PID=10094) to work on /opt/airflow/dags/dag_enriquecimento_dados.py
[2026-07-14T14:31:30.508+0000] {processor.py:830} INFO - Processing file /opt/airflow/dags/dag_enriquecimento_dados.py for tasks to queue
[2026-07-14T14:31:30.509+0000] {logging_mixin.py:188} INFO - [2026-07-14T14:31:30.509+0000] {dagbag.py:538} INFO - Filling up the DagBag from /opt/airflow/dags/dag_enriquecimento_dados.py
[2026-07-14T14:31:30.517+0000] {processor.py:840} INFO - DAG(s) 'dag_enriquecimento_dados' retrieved from /opt/airflow/dags/dag_enriquecimento_dados.py
[2026-07-14T14:31:30.538+0000] {logging_mixin.py:188} INFO - [2026-07-14T14:31:30.538+0000] {dag.py:3036} INFO - Sync 1 DAGs
[2026-07-14T14:31:30.549+0000] {logging_mixin.py:188} INFO - [2026-07-14T14:31:30.549+0000] {dag.py:3823} INFO - Setting next_dagrun for dag_enriquecimento_dados to None, run_after=None
[2026-07-14T14:31:30.567+0000] {processor.py:183} INFO - Processing /opt/airflow/dags/dag_enriquecimento_dados.py took 0.063 seconds
[2026-07-14T14:32:00.701+0000] {processor.py:161} INFO - Started process (PID=10109) to work on /opt/airflow/dags/dag_enriquecimento_dados.py
[2026-07-14T14:32:00.701+0000] {processor.py:830} INFO - Processing file /opt/airflow/dags/dag_enriquecimento_dados.py for tasks to queue
[2026-07-14T14:32:00.702+0000] {logging_mixin.py:188} INFO - [2026-07-14T14:32:00.702+0000] {dagbag.py:538} INFO - Filling up the DagBag from /opt/airflow/dags/dag_enriquecimento_dados.py
[2026-07-14T14:32:00.710+0000] {processor.py:840} INFO - DAG(s) 'dag_enriquecimento_dados' retrieved from /opt/airflow/dags/dag_enriquecimento_dados.py
[2026-07-14T14:32:00.731+0000] {logging_mixin.py:188} INFO - [2026-07-14T14:32:00.731+0000] {dag.py:3036} INFO - Sync 1 DAGs
[2026-07-14T14:32:00.743+0000] {logging_mixin.py:188} INFO - [2026-07-14T14:32:00.743+0000] {dag.py:3823} INFO - Setting next_dagrun for dag_enriquecimento_dados to None, run_after=None
[2026-07-14T14:32:00.761+0000] {processor.py:183} INFO - Processing /opt/airflow/dags/dag_enriquecimento_dados.py took 0.063 seconds
[2026-07-14T14:32:30.897+0000] {processor.py:161} INFO - Started process (PID=10124) to work on /opt/airflow/dags/dag_enriquecimento_dados.py
[2026-07-14T14:32:30.898+0000] {processor.py:830} INFO - Processing file /opt/airflow/dags/dag_enriquecimento_dados.py for tasks to queue
[2026-07-14T14:32:30.899+0000] {logging_mixin.py:188} INFO - [2026-07-14T14:32:30.899+0000] {dagbag.py:538} INFO - Filling up the DagBag from /opt/airflow/dags/dag_enriquecimento_dados.py
[2026-07-14T14:32:30.906+0000] {processor.py:840} INFO - DAG(s) 'dag_enriquecimento_dados' retrieved from /opt/airflow/dags/dag_enriquecimento_dados.py
[2026-07-14T14:32:30.927+0000] {logging_mixin.py:188} INFO - [2026-07-14T14:32:30.927+0000] {dag.py:3036} INFO - Sync 1 DAGs
[2026-07-14T14:32:30.938+0000] {logging_mixin.py:188} INFO - [2026-07-14T14:32:30.938+0000] {dag.py:3823} INFO - Setting next_dagrun for dag_enriquecimento_dados to None, run_after=None
[2026-07-14T14:32:30.952+0000] {processor.py:183} INFO - Processing /opt/airflow/dags/dag_enriquecimento_dados.py took 0.058 seconds
[2026-07-14T14:33:01.088+0000] {processor.py:161} INFO - Started process (PID=10139) to work on /opt/airflow/dags/dag_enriquecimento_dados.py
[2026-07-14T14:33:01.089+0000] {processor.py:830} INFO - Processing file /opt/airflow/dags/dag_enriquecimento_dados.py for tasks to queue
[2026-07-14T14:33:01.089+0000] {logging_mixin.py:188} INFO - [2026-07-14T14:33:01.089+0000] {dagbag.py:538} INFO - Filling up the DagBag from /opt/airflow/dags/dag_enriquecimento_dados.py
[2026-07-14T14:33:01.097+0000] {processor.py:840} INFO - DAG(s) 'dag_enriquecimento_dados' retrieved from /opt/airflow/dags/dag_enriquecimento_dados.py
[2026-07-14T14:33:01.118+0000] {logging_mixin.py:188} INFO - [2026-07-14T14:33:01.118+0000] {dag.py:3036} INFO - Sync 1 DAGs
[2026-07-14T14:33:01.130+0000] {logging_mixin.py:188} INFO - [2026-07-14T14:33:01.130+0000] {dag.py:3823} INFO - Setting next_dagrun for dag_enriquecimento_dados to None, run_after=None
[2026-07-14T14:33:01.165+0000] {processor.py:183} INFO - Processing /opt/airflow/dags/dag_enriquecimento_dados.py took 0.080 seconds
[2026-07-14T14:33:31.301+0000] {processor.py:161} INFO - Started process (PID=10154) to work on /opt/airflow/dags/dag_enriquecimento_dados.py
[2026-07-14T14:33:31.302+0000] {processor.py:830} INFO - Processing file /opt/airflow/dags/dag_enriquecimento_dados.py for tasks to queue
[2026-07-14T14:33:31.303+0000] {logging_mixin.py:188} INFO - [2026-07-14T14:33:31.303+0000] {dagbag.py:538} INFO - Filling up the DagBag from /opt/airflow/dags/dag_enriquecimento_dados.py
[2026-07-14T14:33:31.312+0000] {processor.py:840} INFO - DAG(s) 'dag_enriquecimento_dados' retrieved from /opt/airflow/dags/dag_enriquecimento_dados.py
[2026-07-14T14:33:31.335+0000] {logging_mixin.py:188} INFO - [2026-07-14T14:33:31.335+0000] {dag.py:3036} INFO - Sync 1 DAGs
[2026-07-14T14:33:31.347+0000] {logging_mixin.py:188} INFO - [2026-07-14T14:33:31.347+0000] {dag.py:3823} INFO - Setting next_dagrun for dag_enriquecimento_dados to None, run_after=None
[2026-07-14T14:33:31.362+0000] {processor.py:183} INFO - Processing /opt/airflow/dags/dag_enriquecimento_dados.py took 0.064 seconds
[2026-07-14T14:34:01.496+0000] {processor.py:161} INFO - Started process (PID=10169) to work on /opt/airflow/dags/dag_enriquecimento_dados.py
[2026-07-14T14:34:01.497+0000] {processor.py:830} INFO - Processing file /opt/airflow/dags/dag_enriquecimento_dados.py for tasks to queue
[2026-07-14T14:34:01.497+0000] {logging_mixin.py:188} INFO - [2026-07-14T14:34:01.497+0000] {dagbag.py:538} INFO - Filling up the DagBag from /opt/airflow/dags/dag_enriquecimento_dados.py
[2026-07-14T14:34:01.505+0000] {processor.py:840} INFO - DAG(s) 'dag_enriquecimento_dados' retrieved from /opt/airflow/dags/dag_enriquecimento_dados.py
[2026-07-14T14:34:01.526+0000] {logging_mixin.py:188} INFO - [2026-07-14T14:34:01.525+0000] {dag.py:3036} INFO - Sync 1 DAGs
[2026-07-14T14:34:01.536+0000] {logging_mixin.py:188} INFO - [2026-07-14T14:34:01.536+0000] {dag.py:3823} INFO - Setting next_dagrun for dag_enriquecimento_dados to None, run_after=None
[2026-07-14T14:34:01.554+0000] {processor.py:183} INFO - Processing /opt/airflow/dags/dag_enriquecimento_dados.py took 0.060 seconds
[2026-07-14T14:34:31.693+0000] {processor.py:161} INFO - Started process (PID=10184) to work on /opt/airflow/dags/dag_enriquecimento_dados.py
[2026-07-14T14:34:31.694+0000] {processor.py:830} INFO - Processing file /opt/airflow/dags/dag_enriquecimento_dados.py for tasks to queue
[2026-07-14T14:34:31.695+0000] {logging_mixin.py:188} INFO - [2026-07-14T14:34:31.694+0000] {dagbag.py:538} INFO - Filling up the DagBag from /opt/airflow/dags/dag_enriquecimento_dados.py
[2026-07-14T14:34:31.702+0000] {processor.py:840} INFO - DAG(s) 'dag_enriquecimento_dados' retrieved from /opt/airflow/dags/dag_enriquecimento_dados.py
[2026-07-14T14:34:31.723+0000] {logging_mixin.py:188} INFO - [2026-07-14T14:34:31.723+0000] {dag.py:3036} INFO - Sync 1 DAGs
[2026-07-14T14:34:31.735+0000] {logging_mixin.py:188} INFO - [2026-07-14T14:34:31.735+0000] {dag.py:3823} INFO - Setting next_dagrun for dag_enriquecimento_dados to None, run_after=None
[2026-07-14T14:34:31.753+0000] {processor.py:183} INFO - Processing /opt/airflow/dags/dag_enriquecimento_dados.py took 0.062 seconds
[2026-07-14T14:35:01.885+0000] {processor.py:161} INFO - Started process (PID=10199) to work on /opt/airflow/dags/dag_enriquecimento_dados.py
[2026-07-14T14:35:01.886+0000] {processor.py:830} INFO - Processing file /opt/airflow/dags/dag_enriquecimento_dados.py for tasks to queue
[2026-07-14T14:35:01.886+0000] {logging_mixin.py:188} INFO - [2026-07-14T14:35:01.886+0000] {dagbag.py:538} INFO - Filling up the DagBag from /opt/airflow/dags/dag_enriquecimento_dados.py
[2026-07-14T14:35:01.894+0000] {processor.py:840} INFO - DAG(s) 'dag_enriquecimento_dados' retrieved from /opt/airflow/dags/dag_enriquecimento_dados.py
[2026-07-14T14:35:01.914+0000] {logging_mixin.py:188} INFO - [2026-07-14T14:35:01.914+0000] {dag.py:3036} INFO - Sync 1 DAGs
[2026-07-14T14:35:01.926+0000] {logging_mixin.py:188} INFO - [2026-07-14T14:35:01.926+0000] {dag.py:3823} INFO - Setting next_dagrun for dag_enriquecimento_dados to None, run_after=None
[2026-07-14T14:35:01.944+0000] {processor.py:183} INFO - Processing /opt/airflow/dags/dag_enriquecimento_dados.py took 0.061 seconds
[2026-07-14T14:35:32.076+0000] {processor.py:161} INFO - Started process (PID=10214) to work on /opt/airflow/dags/dag_enriquecimento_dados.py
[2026-07-14T14:35:32.077+0000] {processor.py:830} INFO - Processing file /opt/airflow/dags/dag_enriquecimento_dados.py for tasks to queue
[2026-07-14T14:35:32.077+0000] {logging_mixin.py:188} INFO - [2026-07-14T14:35:32.077+0000] {dagbag.py:538} INFO - Filling up the DagBag from /opt/airflow/dags/dag_enriquecimento_dados.py
[2026-07-14T14:35:32.085+0000] {processor.py:840} INFO - DAG(s) 'dag_enriquecimento_dados' retrieved from /opt/airflow/dags/dag_enriquecimento_dados.py
[2026-07-14T14:35:32.105+0000] {logging_mixin.py:188} INFO - [2026-07-14T14:35:32.104+0000] {dag.py:3036} INFO - Sync 1 DAGs
[2026-07-14T14:35:32.117+0000] {logging_mixin.py:188} INFO - [2026-07-14T14:35:32.116+0000] {dag.py:3823} INFO - Setting next_dagrun for dag_enriquecimento_dados to None, run_after=None
[2026-07-14T14:35:32.134+0000] {processor.py:183} INFO - Processing /opt/airflow/dags/dag_enriquecimento_dados.py took 0.061 seconds
[2026-07-14T14:36:02.268+0000] {processor.py:161} INFO - Started process (PID=10229) to work on /opt/airflow/dags/dag_enriquecimento_dados.py
[2026-07-14T14:36:02.269+0000] {processor.py:830} INFO - Processing file /opt/airflow/dags/dag_enriquecimento_dados.py for tasks to queue
[2026-07-14T14:36:02.269+0000] {logging_mixin.py:188} INFO - [2026-07-14T14:36:02.269+0000] {dagbag.py:538} INFO - Filling up the DagBag from /opt/airflow/dags/dag_enriquecimento_dados.py
[2026-07-14T14:36:02.277+0000] {processor.py:840} INFO - DAG(s) 'dag_enriquecimento_dados' retrieved from /opt/airflow/dags/dag_enriquecimento_dados.py
[2026-07-14T14:36:02.298+0000] {logging_mixin.py:188} INFO - [2026-07-14T14:36:02.298+0000] {dag.py:3036} INFO - Sync 1 DAGs
[2026-07-14T14:36:02.310+0000] {logging_mixin.py:188} INFO - [2026-07-14T14:36:02.310+0000] {dag.py:3823} INFO - Setting next_dagrun for dag_enriquecimento_dados to None, run_after=None
[2026-07-14T14:36:02.327+0000] {processor.py:183} INFO - Processing /opt/airflow/dags/dag_enriquecimento_dados.py took 0.062 seconds
[2026-07-14T14:36:32.464+0000] {processor.py:161} INFO - Started process (PID=10244) to work on /opt/airflow/dags/dag_enriquecimento_dados.py
[2026-07-14T14:36:32.465+0000] {processor.py:830} INFO - Processing file /opt/airflow/dags/dag_enriquecimento_dados.py for tasks to queue
[2026-07-14T14:36:32.465+0000] {logging_mixin.py:188} INFO - [2026-07-14T14:36:32.465+0000] {dagbag.py:538} INFO - Filling up the DagBag from /opt/airflow/dags/dag_enriquecimento_dados.py
[2026-07-14T14:36:32.473+0000] {processor.py:840} INFO - DAG(s) 'dag_enriquecimento_dados' retrieved from /opt/airflow/dags/dag_enriquecimento_dados.py
[2026-07-14T14:36:32.494+0000] {logging_mixin.py:188} INFO - [2026-07-14T14:36:32.493+0000] {dag.py:3036} INFO - Sync 1 DAGs
[2026-07-14T14:36:32.505+0000] {logging_mixin.py:188} INFO - [2026-07-14T14:36:32.505+0000] {dag.py:3823} INFO - Setting next_dagrun for dag_enriquecimento_dados to None, run_after=None
[2026-07-14T14:36:32.523+0000] {processor.py:183} INFO - Processing /opt/airflow/dags/dag_enriquecimento_dados.py took 0.062 seconds
[2026-07-14T14:37:02.656+0000] {processor.py:161} INFO - Started process (PID=10259) to work on /opt/airflow/dags/dag_enriquecimento_dados.py
[2026-07-14T14:37:02.657+0000] {processor.py:830} INFO - Processing file /opt/airflow/dags/dag_enriquecimento_dados.py for tasks to queue
[2026-07-14T14:37:02.658+0000] {logging_mixin.py:188} INFO - [2026-07-14T14:37:02.657+0000] {dagbag.py:538} INFO - Filling up the DagBag from /opt/airflow/dags/dag_enriquecimento_dados.py
[2026-07-14T14:37:02.665+0000] {processor.py:840} INFO - DAG(s) 'dag_enriquecimento_dados' retrieved from /opt/airflow/dags/dag_enriquecimento_dados.py
[2026-07-14T14:37:02.684+0000] {logging_mixin.py:188} INFO - [2026-07-14T14:37:02.684+0000] {dag.py:3036} INFO - Sync 1 DAGs
[2026-07-14T14:37:02.695+0000] {logging_mixin.py:188} INFO - [2026-07-14T14:37:02.695+0000] {dag.py:3823} INFO - Setting next_dagrun for dag_enriquecimento_dados to None, run_after=None
[2026-07-14T14:37:02.713+0000] {processor.py:183} INFO - Processing /opt/airflow/dags/dag_enriquecimento_dados.py took 0.059 seconds
[2026-07-14T14:37:32.846+0000] {processor.py:161} INFO - Started process (PID=10274) to work on /opt/airflow/dags/dag_enriquecimento_dados.py
[2026-07-14T14:37:32.847+0000] {processor.py:830} INFO - Processing file /opt/airflow/dags/dag_enriquecimento_dados.py for tasks to queue
[2026-07-14T14:37:32.847+0000] {logging_mixin.py:188} INFO - [2026-07-14T14:37:32.847+0000] {dagbag.py:538} INFO - Filling up the DagBag from /opt/airflow/dags/dag_enriquecimento_dados.py
[2026-07-14T14:37:32.855+0000] {processor.py:840} INFO - DAG(s) 'dag_enriquecimento_dados' retrieved from /opt/airflow/dags/dag_enriquecimento_dados.py
[2026-07-14T14:37:32.876+0000] {logging_mixin.py:188} INFO - [2026-07-14T14:37:32.875+0000] {dag.py:3036} INFO - Sync 1 DAGs
[2026-07-14T14:37:32.887+0000] {logging_mixin.py:188} INFO - [2026-07-14T14:37:32.887+0000] {dag.py:3823} INFO - Setting next_dagrun for dag_enriquecimento_dados to None, run_after=None
[2026-07-14T14:37:32.903+0000] {processor.py:183} INFO - Processing /opt/airflow/dags/dag_enriquecimento_dados.py took 0.059 seconds
[2026-07-14T14:38:03.037+0000] {processor.py:161} INFO - Started process (PID=10289) to work on /opt/airflow/dags/dag_enriquecimento_dados.py
[2026-07-14T14:38:03.037+0000] {processor.py:830} INFO - Processing file /opt/airflow/dags/dag_enriquecimento_dados.py for tasks to queue
[2026-07-14T14:38:03.038+0000] {logging_mixin.py:188} INFO - [2026-07-14T14:38:03.038+0000] {dagbag.py:538} INFO - Filling up the DagBag from /opt/airflow/dags/dag_enriquecimento_dados.py
[2026-07-14T14:38:03.046+0000] {processor.py:840} INFO - DAG(s) 'dag_enriquecimento_dados' retrieved from /opt/airflow/dags/dag_enriquecimento_dados.py
[2026-07-14T14:38:03.066+0000] {logging_mixin.py:188} INFO - [2026-07-14T14:38:03.066+0000] {dag.py:3036} INFO - Sync 1 DAGs
[2026-07-14T14:38:03.077+0000] {logging_mixin.py:188} INFO - [2026-07-14T14:38:03.077+0000] {dag.py:3823} INFO - Setting next_dagrun for dag_enriquecimento_dados to None, run_after=None
[2026-07-14T14:38:03.094+0000] {processor.py:183} INFO - Processing /opt/airflow/dags/dag_enriquecimento_dados.py took 0.060 seconds
[2026-07-14T14:38:33.229+0000] {processor.py:161} INFO - Started process (PID=10304) to work on /opt/airflow/dags/dag_enriquecimento_dados.py
[2026-07-14T14:38:33.230+0000] {processor.py:830} INFO - Processing file /opt/airflow/dags/dag_enriquecimento_dados.py for tasks to queue
[2026-07-14T14:38:33.231+0000] {logging_mixin.py:188} INFO - [2026-07-14T14:38:33.230+0000] {dagbag.py:538} INFO - Filling up the DagBag from /opt/airflow/dags/dag_enriquecimento_dados.py
[2026-07-14T14:38:33.238+0000] {processor.py:840} INFO - DAG(s) 'dag_enriquecimento_dados' retrieved from /opt/airflow/dags/dag_enriquecimento_dados.py
[2026-07-14T14:38:33.258+0000] {logging_mixin.py:188} INFO - [2026-07-14T14:38:33.258+0000] {dag.py:3036} INFO - Sync 1 DAGs
[2026-07-14T14:38:33.269+0000] {logging_mixin.py:188} INFO - [2026-07-14T14:38:33.269+0000] {dag.py:3823} INFO - Setting next_dagrun for dag_enriquecimento_dados to None, run_after=None
[2026-07-14T14:38:33.286+0000] {processor.py:183} INFO - Processing /opt/airflow/dags/dag_enriquecimento_dados.py took 0.059 seconds
[2026-07-14T14:39:03.421+0000] {processor.py:161} INFO - Started process (PID=10319) to work on /opt/airflow/dags/dag_enriquecimento_dados.py
[2026-07-14T14:39:03.422+0000] {processor.py:830} INFO - Processing file /opt/airflow/dags/dag_enriquecimento_dados.py for tasks to queue
[2026-07-14T14:39:03.423+0000] {logging_mixin.py:188} INFO - [2026-07-14T14:39:03.423+0000] {dagbag.py:538} INFO - Filling up the DagBag from /opt/airflow/dags/dag_enriquecimento_dados.py
[2026-07-14T14:39:03.430+0000] {processor.py:840} INFO - DAG(s) 'dag_enriquecimento_dados' retrieved from /opt/airflow/dags/dag_enriquecimento_dados.py
[2026-07-14T14:39:03.453+0000] {logging_mixin.py:188} INFO - [2026-07-14T14:39:03.453+0000] {dag.py:3036} INFO - Sync 1 DAGs
[2026-07-14T14:39:03.465+0000] {logging_mixin.py:188} INFO - [2026-07-14T14:39:03.464+0000] {dag.py:3823} INFO - Setting next_dagrun for dag_enriquecimento_dados to None, run_after=None
[2026-07-14T14:39:03.481+0000] {processor.py:183} INFO - Processing /opt/airflow/dags/dag_enriquecimento_dados.py took 0.062 seconds
[2026-07-14T14:39:33.615+0000] {processor.py:161} INFO - Started process (PID=10334) to work on /opt/airflow/dags/dag_enriquecimento_dados.py
[2026-07-14T14:39:33.616+0000] {processor.py:830} INFO - Processing file /opt/airflow/dags/dag_enriquecimento_dados.py for tasks to queue
[2026-07-14T14:39:33.616+0000] {logging_mixin.py:188} INFO - [2026-07-14T14:39:33.616+0000] {dagbag.py:538} INFO - Filling up the DagBag from /opt/airflow/dags/dag_enriquecimento_dados.py
[2026-07-14T14:39:33.624+0000] {processor.py:840} INFO - DAG(s) 'dag_enriquecimento_dados' retrieved from /opt/airflow/dags/dag_enriquecimento_dados.py
[2026-07-14T14:39:33.643+0000] {logging_mixin.py:188} INFO - [2026-07-14T14:39:33.643+0000] {dag.py:3036} INFO - Sync 1 DAGs
[2026-07-14T14:39:33.655+0000] {logging_mixin.py:188} INFO - [2026-07-14T14:39:33.655+0000] {dag.py:3823} INFO - Setting next_dagrun for dag_enriquecimento_dados to None, run_after=None
[2026-07-14T14:39:33.671+0000] {processor.py:183} INFO - Processing /opt/airflow/dags/dag_enriquecimento_dados.py took 0.059 seconds
[2026-07-14T14:40:03.804+0000] {processor.py:161} INFO - Started process (PID=10349) to work on /opt/airflow/dags/dag_enriquecimento_dados.py
[2026-07-14T14:40:03.805+0000] {processor.py:830} INFO - Processing file /opt/airflow/dags/dag_enriquecimento_dados.py for tasks to queue
[2026-07-14T14:40:03.805+0000] {logging_mixin.py:188} INFO - [2026-07-14T14:40:03.805+0000] {dagbag.py:538} INFO - Filling up the DagBag from /opt/airflow/dags/dag_enriquecimento_dados.py
[2026-07-14T14:40:03.813+0000] {processor.py:840} INFO - DAG(s) 'dag_enriquecimento_dados' retrieved from /opt/airflow/dags/dag_enriquecimento_dados.py
[2026-07-14T14:40:03.834+0000] {logging_mixin.py:188} INFO - [2026-07-14T14:40:03.834+0000] {dag.py:3036} INFO - Sync 1 DAGs
[2026-07-14T14:40:03.846+0000] {logging_mixin.py:188} INFO - [2026-07-14T14:40:03.846+0000] {dag.py:3823} INFO - Setting next_dagrun for dag_enriquecimento_dados to None, run_after=None
[2026-07-14T14:40:03.865+0000] {processor.py:183} INFO - Processing /opt/airflow/dags/dag_enriquecimento_dados.py took 0.063 seconds
[2026-07-14T14:40:33.996+0000] {processor.py:161} INFO - Started process (PID=10364) to work on /opt/airflow/dags/dag_enriquecimento_dados.py
[2026-07-14T14:40:33.996+0000] {processor.py:830} INFO - Processing file /opt/airflow/dags/dag_enriquecimento_dados.py for tasks to queue
[2026-07-14T14:40:33.997+0000] {logging_mixin.py:188} INFO - [2026-07-14T14:40:33.997+0000] {dagbag.py:538} INFO - Filling up the DagBag from /opt/airflow/dags/dag_enriquecimento_dados.py
[2026-07-14T14:40:34.005+0000] {processor.py:840} INFO - DAG(s) 'dag_enriquecimento_dados' retrieved from /opt/airflow/dags/dag_enriquecimento_dados.py
[2026-07-14T14:40:34.026+0000] {logging_mixin.py:188} INFO - [2026-07-14T14:40:34.026+0000] {dag.py:3036} INFO - Sync 1 DAGs
[2026-07-14T14:40:34.037+0000] {logging_mixin.py:188} INFO - [2026-07-14T14:40:34.037+0000] {dag.py:3823} INFO - Setting next_dagrun for dag_enriquecimento_dados to None, run_after=None
[2026-07-14T14:40:34.054+0000] {processor.py:183} INFO - Processing /opt/airflow/dags/dag_enriquecimento_dados.py took 0.061 seconds
[2026-07-14T14:41:04.188+0000] {processor.py:161} INFO - Started process (PID=10379) to work on /opt/airflow/dags/dag_enriquecimento_dados.py
[2026-07-14T14:41:04.188+0000] {processor.py:830} INFO - Processing file /opt/airflow/dags/dag_enriquecimento_dados.py for tasks to queue
[2026-07-14T14:41:04.189+0000] {logging_mixin.py:188} INFO - [2026-07-14T14:41:04.189+0000] {dagbag.py:538} INFO - Filling up the DagBag from /opt/airflow/dags/dag_enriquecimento_dados.py
[2026-07-14T14:41:04.197+0000] {processor.py:840} INFO - DAG(s) 'dag_enriquecimento_dados' retrieved from /opt/airflow/dags/dag_enriquecimento_dados.py
[2026-07-14T14:41:04.219+0000] {logging_mixin.py:188} INFO - [2026-07-14T14:41:04.218+0000] {dag.py:3036} INFO - Sync 1 DAGs
[2026-07-14T14:41:04.229+0000] {logging_mixin.py:188} INFO - [2026-07-14T14:41:04.229+0000] {dag.py:3823} INFO - Setting next_dagrun for dag_enriquecimento_dados to None, run_after=None
[2026-07-14T14:41:04.246+0000] {processor.py:183} INFO - Processing /opt/airflow/dags/dag_enriquecimento_dados.py took 0.062 seconds
[2026-07-14T14:41:34.379+0000] {processor.py:161} INFO - Started process (PID=10394) to work on /opt/airflow/dags/dag_enriquecimento_dados.py
[2026-07-14T14:41:34.379+0000] {processor.py:830} INFO - Processing file /opt/airflow/dags/dag_enriquecimento_dados.py for tasks to queue
[2026-07-14T14:41:34.380+0000] {logging_mixin.py:188} INFO - [2026-07-14T14:41:34.380+0000] {dagbag.py:538} INFO - Filling up the DagBag from /opt/airflow/dags/dag_enriquecimento_dados.py
[2026-07-14T14:41:34.388+0000] {processor.py:840} INFO - DAG(s) 'dag_enriquecimento_dados' retrieved from /opt/airflow/dags/dag_enriquecimento_dados.py
[2026-07-14T14:41:34.409+0000] {logging_mixin.py:188} INFO - [2026-07-14T14:41:34.409+0000] {dag.py:3036} INFO - Sync 1 DAGs
[2026-07-14T14:41:34.420+0000] {logging_mixin.py:188} INFO - [2026-07-14T14:41:34.420+0000] {dag.py:3823} INFO - Setting next_dagrun for dag_enriquecimento_dados to None, run_after=None
[2026-07-14T14:41:34.435+0000] {processor.py:183} INFO - Processing /opt/airflow/dags/dag_enriquecimento_dados.py took 0.058 seconds
[2026-07-14T14:42:04.569+0000] {processor.py:161} INFO - Started process (PID=10409) to work on /opt/airflow/dags/dag_enriquecimento_dados.py
[2026-07-14T14:42:04.569+0000] {processor.py:830} INFO - Processing file /opt/airflow/dags/dag_enriquecimento_dados.py for tasks to queue
[2026-07-14T14:42:04.570+0000] {logging_mixin.py:188} INFO - [2026-07-14T14:42:04.570+0000] {dagbag.py:538} INFO - Filling up the DagBag from /opt/airflow/dags/dag_enriquecimento_dados.py
[2026-07-14T14:42:04.577+0000] {processor.py:840} INFO - DAG(s) 'dag_enriquecimento_dados' retrieved from /opt/airflow/dags/dag_enriquecimento_dados.py
[2026-07-14T14:42:04.598+0000] {logging_mixin.py:188} INFO - [2026-07-14T14:42:04.598+0000] {dag.py:3036} INFO - Sync 1 DAGs
[2026-07-14T14:42:04.609+0000] {logging_mixin.py:188} INFO - [2026-07-14T14:42:04.609+0000] {dag.py:3823} INFO - Setting next_dagrun for dag_enriquecimento_dados to None, run_after=None
[2026-07-14T14:42:04.626+0000] {processor.py:183} INFO - Processing /opt/airflow/dags/dag_enriquecimento_dados.py took 0.060 seconds
[2026-07-14T14:42:34.761+0000] {processor.py:161} INFO - Started process (PID=10424) to work on /opt/airflow/dags/dag_enriquecimento_dados.py
[2026-07-14T14:42:34.762+0000] {processor.py:830} INFO - Processing file /opt/airflow/dags/dag_enriquecimento_dados.py for tasks to queue
[2026-07-14T14:42:34.763+0000] {logging_mixin.py:188} INFO - [2026-07-14T14:42:34.763+0000] {dagbag.py:538} INFO - Filling up the DagBag from /opt/airflow/dags/dag_enriquecimento_dados.py
[2026-07-14T14:42:34.770+0000] {processor.py:840} INFO - DAG(s) 'dag_enriquecimento_dados' retrieved from /opt/airflow/dags/dag_enriquecimento_dados.py
[2026-07-14T14:42:34.791+0000] {logging_mixin.py:188} INFO - [2026-07-14T14:42:34.791+0000] {dag.py:3036} INFO - Sync 1 DAGs
[2026-07-14T14:42:34.802+0000] {logging_mixin.py:188} INFO - [2026-07-14T14:42:34.802+0000] {dag.py:3823} INFO - Setting next_dagrun for dag_enriquecimento_dados to None, run_after=None
[2026-07-14T14:42:34.819+0000] {processor.py:183} INFO - Processing /opt/airflow/dags/dag_enriquecimento_dados.py took 0.060 seconds
[2026-07-14T14:43:04.945+0000] {processor.py:161} INFO - Started process (PID=10439) to work on /opt/airflow/dags/dag_enriquecimento_dados.py
[2026-07-14T14:43:04.946+0000] {processor.py:830} INFO - Processing file /opt/airflow/dags/dag_enriquecimento_dados.py for tasks to queue
[2026-07-14T14:43:04.947+0000] {logging_mixin.py:188} INFO - [2026-07-14T14:43:04.946+0000] {dagbag.py:538} INFO - Filling up the DagBag from /opt/airflow/dags/dag_enriquecimento_dados.py
[2026-07-14T14:43:04.954+0000] {processor.py:840} INFO - DAG(s) 'dag_enriquecimento_dados' retrieved from /opt/airflow/dags/dag_enriquecimento_dados.py
[2026-07-14T14:43:04.972+0000] {logging_mixin.py:188} INFO - [2026-07-14T14:43:04.972+0000] {dag.py:3036} INFO - Sync 1 DAGs
[2026-07-14T14:43:04.983+0000] {logging_mixin.py:188} INFO - [2026-07-14T14:43:04.983+0000] {dag.py:3823} INFO - Setting next_dagrun for dag_enriquecimento_dados to None, run_after=None
[2026-07-14T14:43:04.999+0000] {processor.py:183} INFO - Processing /opt/airflow/dags/dag_enriquecimento_dados.py took 0.056 seconds
[2026-07-14T14:43:35.130+0000] {processor.py:161} INFO - Started process (PID=10454) to work on /opt/airflow/dags/dag_enriquecimento_dados.py
[2026-07-14T14:43:35.130+0000] {processor.py:830} INFO - Processing file /opt/airflow/dags/dag_enriquecimento_dados.py for tasks to queue
[2026-07-14T14:43:35.131+0000] {logging_mixin.py:188} INFO - [2026-07-14T14:43:35.131+0000] {dagbag.py:538} INFO - Filling up the DagBag from /opt/airflow/dags/dag_enriquecimento_dados.py
[2026-07-14T14:43:35.141+0000] {processor.py:840} INFO - DAG(s) 'dag_enriquecimento_dados' retrieved from /opt/airflow/dags/dag_enriquecimento_dados.py
[2026-07-14T14:43:35.161+0000] {logging_mixin.py:188} INFO - [2026-07-14T14:43:35.161+0000] {dag.py:3036} INFO - Sync 1 DAGs
[2026-07-14T14:43:35.171+0000] {logging_mixin.py:188} INFO - [2026-07-14T14:43:35.171+0000] {dag.py:3823} INFO - Setting next_dagrun for dag_enriquecimento_dados to None, run_after=None
[2026-07-14T14:43:35.186+0000] {processor.py:183} INFO - Processing /opt/airflow/dags/dag_enriquecimento_dados.py took 0.060 seconds
[2026-07-14T14:44:05.319+0000] {processor.py:161} INFO - Started process (PID=10469) to work on /opt/airflow/dags/dag_enriquecimento_dados.py
[2026-07-14T14:44:05.319+0000] {processor.py:830} INFO - Processing file /opt/airflow/dags/dag_enriquecimento_dados.py for tasks to queue
[2026-07-14T14:44:05.320+0000] {logging_mixin.py:188} INFO - [2026-07-14T14:44:05.320+0000] {dagbag.py:538} INFO - Filling up the DagBag from /opt/airflow/dags/dag_enriquecimento_dados.py
[2026-07-14T14:44:05.327+0000] {processor.py:840} INFO - DAG(s) 'dag_enriquecimento_dados' retrieved from /opt/airflow/dags/dag_enriquecimento_dados.py
[2026-07-14T14:44:05.347+0000] {logging_mixin.py:188} INFO - [2026-07-14T14:44:05.346+0000] {dag.py:3036} INFO - Sync 1 DAGs
[2026-07-14T14:44:05.357+0000] {logging_mixin.py:188} INFO - [2026-07-14T14:44:05.357+0000] {dag.py:3823} INFO - Setting next_dagrun for dag_enriquecimento_dados to None, run_after=None
[2026-07-14T14:44:05.373+0000] {processor.py:183} INFO - Processing /opt/airflow/dags/dag_enriquecimento_dados.py took 0.057 seconds
[2026-07-14T14:44:35.510+0000] {processor.py:161} INFO - Started process (PID=10484) to work on /opt/airflow/dags/dag_enriquecimento_dados.py
[2026-07-14T14:44:35.510+0000] {processor.py:830} INFO - Processing file /opt/airflow/dags/dag_enriquecimento_dados.py for tasks to queue
[2026-07-14T14:44:35.511+0000] {logging_mixin.py:188} INFO - [2026-07-14T14:44:35.511+0000] {dagbag.py:538} INFO - Filling up the DagBag from /opt/airflow/dags/dag_enriquecimento_dados.py
[2026-07-14T14:44:35.519+0000] {processor.py:840} INFO - DAG(s) 'dag_enriquecimento_dados' retrieved from /opt/airflow/dags/dag_enriquecimento_dados.py
[2026-07-14T14:44:35.539+0000] {logging_mixin.py:188} INFO - [2026-07-14T14:44:35.539+0000] {dag.py:3036} INFO - Sync 1 DAGs
[2026-07-14T14:44:35.550+0000] {logging_mixin.py:188} INFO - [2026-07-14T14:44:35.550+0000] {dag.py:3823} INFO - Setting next_dagrun for dag_enriquecimento_dados to None, run_after=None
[2026-07-14T14:44:35.566+0000] {processor.py:183} INFO - Processing /opt/airflow/dags/dag_enriquecimento_dados.py took 0.059 seconds
[2026-07-14T14:45:05.700+0000] {processor.py:161} INFO - Started process (PID=10499) to work on /opt/airflow/dags/dag_enriquecimento_dados.py
[2026-07-14T14:45:05.700+0000] {processor.py:830} INFO - Processing file /opt/airflow/dags/dag_enriquecimento_dados.py for tasks to queue
[2026-07-14T14:45:05.701+0000] {logging_mixin.py:188} INFO - [2026-07-14T14:45:05.700+0000] {dagbag.py:538} INFO - Filling up the DagBag from /opt/airflow/dags/dag_enriquecimento_dados.py
[2026-07-14T14:45:05.708+0000] {processor.py:840} INFO - DAG(s) 'dag_enriquecimento_dados' retrieved from /opt/airflow/dags/dag_enriquecimento_dados.py
[2026-07-14T14:45:05.727+0000] {logging_mixin.py:188} INFO - [2026-07-14T14:45:05.727+0000] {dag.py:3036} INFO - Sync 1 DAGs
[2026-07-14T14:45:05.738+0000] {logging_mixin.py:188} INFO - [2026-07-14T14:45:05.737+0000] {dag.py:3823} INFO - Setting next_dagrun for dag_enriquecimento_dados to None, run_after=None
[2026-07-14T14:45:05.753+0000] {processor.py:183} INFO - Processing /opt/airflow/dags/dag_enriquecimento_dados.py took 0.056 seconds
[2026-07-14T14:45:35.884+0000] {processor.py:161} INFO - Started process (PID=10514) to work on /opt/airflow/dags/dag_enriquecimento_dados.py
[2026-07-14T14:45:35.885+0000] {processor.py:830} INFO - Processing file /opt/airflow/dags/dag_enriquecimento_dados.py for tasks to queue
[2026-07-14T14:45:35.886+0000] {logging_mixin.py:188} INFO - [2026-07-14T14:45:35.885+0000] {dagbag.py:538} INFO - Filling up the DagBag from /opt/airflow/dags/dag_enriquecimento_dados.py
[2026-07-14T14:45:35.893+0000] {processor.py:840} INFO - DAG(s) 'dag_enriquecimento_dados' retrieved from /opt/airflow/dags/dag_enriquecimento_dados.py
[2026-07-14T14:45:35.916+0000] {logging_mixin.py:188} INFO - [2026-07-14T14:45:35.916+0000] {dag.py:3036} INFO - Sync 1 DAGs
[2026-07-14T14:45:35.929+0000] {logging_mixin.py:188} INFO - [2026-07-14T14:45:35.928+0000] {dag.py:3823} INFO - Setting next_dagrun for dag_enriquecimento_dados to None, run_after=None
[2026-07-14T14:45:35.949+0000] {processor.py:183} INFO - Processing /opt/airflow/dags/dag_enriquecimento_dados.py took 0.067 seconds
[2026-07-14T14:46:06.082+0000] {processor.py:161} INFO - Started process (PID=10529) to work on /opt/airflow/dags/dag_enriquecimento_dados.py
[2026-07-14T14:46:06.083+0000] {processor.py:830} INFO - Processing file /opt/airflow/dags/dag_enriquecimento_dados.py for tasks to queue
[2026-07-14T14:46:06.083+0000] {logging_mixin.py:188} INFO - [2026-07-14T14:46:06.083+0000] {dagbag.py:538} INFO - Filling up the DagBag from /opt/airflow/dags/dag_enriquecimento_dados.py
[2026-07-14T14:46:06.091+0000] {processor.py:840} INFO - DAG(s) 'dag_enriquecimento_dados' retrieved from /opt/airflow/dags/dag_enriquecimento_dados.py
[2026-07-14T14:46:06.113+0000] {logging_mixin.py:188} INFO - [2026-07-14T14:46:06.113+0000] {dag.py:3036} INFO - Sync 1 DAGs
[2026-07-14T14:46:06.126+0000] {logging_mixin.py:188} INFO - [2026-07-14T14:46:06.125+0000] {dag.py:3823} INFO - Setting next_dagrun for dag_enriquecimento_dados to None, run_after=None
[2026-07-14T14:46:06.144+0000] {processor.py:183} INFO - Processing /opt/airflow/dags/dag_enriquecimento_dados.py took 0.065 seconds
[2026-07-14T14:46:36.280+0000] {processor.py:161} INFO - Started process (PID=10544) to work on /opt/airflow/dags/dag_enriquecimento_dados.py
[2026-07-14T14:46:36.280+0000] {processor.py:830} INFO - Processing file /opt/airflow/dags/dag_enriquecimento_dados.py for tasks to queue
[2026-07-14T14:46:36.281+0000] {logging_mixin.py:188} INFO - [2026-07-14T14:46:36.281+0000] {dagbag.py:538} INFO - Filling up the DagBag from /opt/airflow/dags/dag_enriquecimento_dados.py
[2026-07-14T14:46:36.289+0000] {processor.py:840} INFO - DAG(s) 'dag_enriquecimento_dados' retrieved from /opt/airflow/dags/dag_enriquecimento_dados.py
[2026-07-14T14:46:36.310+0000] {logging_mixin.py:188} INFO - [2026-07-14T14:46:36.310+0000] {dag.py:3036} INFO - Sync 1 DAGs
[2026-07-14T14:46:36.322+0000] {logging_mixin.py:188} INFO - [2026-07-14T14:46:36.322+0000] {dag.py:3823} INFO - Setting next_dagrun for dag_enriquecimento_dados to None, run_after=None
[2026-07-14T14:46:36.339+0000] {processor.py:183} INFO - Processing /opt/airflow/dags/dag_enriquecimento_dados.py took 0.062 seconds
[2026-07-14T14:47:06.473+0000] {processor.py:161} INFO - Started process (PID=10559) to work on /opt/airflow/dags/dag_enriquecimento_dados.py
[2026-07-14T14:47:06.474+0000] {processor.py:830} INFO - Processing file /opt/airflow/dags/dag_enriquecimento_dados.py for tasks to queue
[2026-07-14T14:47:06.475+0000] {logging_mixin.py:188} INFO - [2026-07-14T14:47:06.475+0000] {dagbag.py:538} INFO - Filling up the DagBag from /opt/airflow/dags/dag_enriquecimento_dados.py
[2026-07-14T14:47:06.482+0000] {processor.py:840} INFO - DAG(s) 'dag_enriquecimento_dados' retrieved from /opt/airflow/dags/dag_enriquecimento_dados.py
[2026-07-14T14:47:06.503+0000] {logging_mixin.py:188} INFO - [2026-07-14T14:47:06.503+0000] {dag.py:3036} INFO - Sync 1 DAGs
[2026-07-14T14:47:06.514+0000] {logging_mixin.py:188} INFO - [2026-07-14T14:47:06.514+0000] {dag.py:3823} INFO - Setting next_dagrun for dag_enriquecimento_dados to None, run_after=None
[2026-07-14T14:47:06.532+0000] {processor.py:183} INFO - Processing /opt/airflow/dags/dag_enriquecimento_dados.py took 0.061 seconds
[2026-07-14T14:47:36.670+0000] {processor.py:161} INFO - Started process (PID=10574) to work on /opt/airflow/dags/dag_enriquecimento_dados.py
[2026-07-14T14:47:36.671+0000] {processor.py:830} INFO - Processing file /opt/airflow/dags/dag_enriquecimento_dados.py for tasks to queue
[2026-07-14T14:47:36.671+0000] {logging_mixin.py:188} INFO - [2026-07-14T14:47:36.671+0000] {dagbag.py:538} INFO - Filling up the DagBag from /opt/airflow/dags/dag_enriquecimento_dados.py
[2026-07-14T14:47:36.679+0000] {processor.py:840} INFO - DAG(s) 'dag_enriquecimento_dados' retrieved from /opt/airflow/dags/dag_enriquecimento_dados.py
[2026-07-14T14:47:36.700+0000] {logging_mixin.py:188} INFO - [2026-07-14T14:47:36.700+0000] {dag.py:3036} INFO - Sync 1 DAGs
[2026-07-14T14:47:36.711+0000] {logging_mixin.py:188} INFO - [2026-07-14T14:47:36.710+0000] {dag.py:3823} INFO - Setting next_dagrun for dag_enriquecimento_dados to None, run_after=None
[2026-07-14T14:47:36.727+0000] {processor.py:183} INFO - Processing /opt/airflow/dags/dag_enriquecimento_dados.py took 0.060 seconds
[2026-07-14T14:48:06.860+0000] {processor.py:161} INFO - Started process (PID=10589) to work on /opt/airflow/dags/dag_enriquecimento_dados.py
[2026-07-14T14:48:06.860+0000] {processor.py:830} INFO - Processing file /opt/airflow/dags/dag_enriquecimento_dados.py for tasks to queue
[2026-07-14T14:48:06.861+0000] {logging_mixin.py:188} INFO - [2026-07-14T14:48:06.860+0000] {dagbag.py:538} INFO - Filling up the DagBag from /opt/airflow/dags/dag_enriquecimento_dados.py
[2026-07-14T14:48:06.868+0000] {processor.py:840} INFO - DAG(s) 'dag_enriquecimento_dados' retrieved from /opt/airflow/dags/dag_enriquecimento_dados.py
[2026-07-14T14:48:06.889+0000] {logging_mixin.py:188} INFO - [2026-07-14T14:48:06.889+0000] {dag.py:3036} INFO - Sync 1 DAGs
[2026-07-14T14:48:06.900+0000] {logging_mixin.py:188} INFO - [2026-07-14T14:48:06.900+0000] {dag.py:3823} INFO - Setting next_dagrun for dag_enriquecimento_dados to None, run_after=None
[2026-07-14T14:48:06.918+0000] {processor.py:183} INFO - Processing /opt/airflow/dags/dag_enriquecimento_dados.py took 0.061 seconds
[2026-07-14T14:48:37.055+0000] {processor.py:161} INFO - Started process (PID=10604) to work on /opt/airflow/dags/dag_enriquecimento_dados.py
[2026-07-14T14:48:37.055+0000] {processor.py:830} INFO - Processing file /opt/airflow/dags/dag_enriquecimento_dados.py for tasks to queue
[2026-07-14T14:48:37.056+0000] {logging_mixin.py:188} INFO - [2026-07-14T14:48:37.056+0000] {dagbag.py:538} INFO - Filling up the DagBag from /opt/airflow/dags/dag_enriquecimento_dados.py
[2026-07-14T14:48:37.064+0000] {processor.py:840} INFO - DAG(s) 'dag_enriquecimento_dados' retrieved from /opt/airflow/dags/dag_enriquecimento_dados.py
[2026-07-14T14:48:37.085+0000] {logging_mixin.py:188} INFO - [2026-07-14T14:48:37.084+0000] {dag.py:3036} INFO - Sync 1 DAGs
[2026-07-14T14:48:37.097+0000] {logging_mixin.py:188} INFO - [2026-07-14T14:48:37.097+0000] {dag.py:3823} INFO - Setting next_dagrun for dag_enriquecimento_dados to None, run_after=None
[2026-07-14T14:48:37.115+0000] {processor.py:183} INFO - Processing /opt/airflow/dags/dag_enriquecimento_dados.py took 0.063 seconds
[2026-07-14T14:49:07.251+0000] {processor.py:161} INFO - Started process (PID=10619) to work on /opt/airflow/dags/dag_enriquecimento_dados.py
[2026-07-14T14:49:07.252+0000] {processor.py:830} INFO - Processing file /opt/airflow/dags/dag_enriquecimento_dados.py for tasks to queue
[2026-07-14T14:49:07.253+0000] {logging_mixin.py:188} INFO - [2026-07-14T14:49:07.252+0000] {dagbag.py:538} INFO - Filling up the DagBag from /opt/airflow/dags/dag_enriquecimento_dados.py
[2026-07-14T14:49:07.260+0000] {processor.py:840} INFO - DAG(s) 'dag_enriquecimento_dados' retrieved from /opt/airflow/dags/dag_enriquecimento_dados.py
[2026-07-14T14:49:07.281+0000] {logging_mixin.py:188} INFO - [2026-07-14T14:49:07.280+0000] {dag.py:3036} INFO - Sync 1 DAGs
[2026-07-14T14:49:07.292+0000] {logging_mixin.py:188} INFO - [2026-07-14T14:49:07.292+0000] {dag.py:3823} INFO - Setting next_dagrun for dag_enriquecimento_dados to None, run_after=None
[2026-07-14T14:49:07.309+0000] {processor.py:183} INFO - Processing /opt/airflow/dags/dag_enriquecimento_dados.py took 0.060 seconds
[2026-07-14T14:49:37.447+0000] {processor.py:161} INFO - Started process (PID=10634) to work on /opt/airflow/dags/dag_enriquecimento_dados.py
[2026-07-14T14:49:37.448+0000] {processor.py:830} INFO - Processing file /opt/airflow/dags/dag_enriquecimento_dados.py for tasks to queue
[2026-07-14T14:49:37.449+0000] {logging_mixin.py:188} INFO - [2026-07-14T14:49:37.448+0000] {dagbag.py:538} INFO - Filling up the DagBag from /opt/airflow/dags/dag_enriquecimento_dados.py
[2026-07-14T14:49:37.457+0000] {processor.py:840} INFO - DAG(s) 'dag_enriquecimento_dados' retrieved from /opt/airflow/dags/dag_enriquecimento_dados.py
[2026-07-14T14:49:37.479+0000] {logging_mixin.py:188} INFO - [2026-07-14T14:49:37.479+0000] {dag.py:3036} INFO - Sync 1 DAGs
[2026-07-14T14:49:37.491+0000] {logging_mixin.py:188} INFO - [2026-07-14T14:49:37.491+0000] {dag.py:3823} INFO - Setting next_dagrun for dag_enriquecimento_dados to None, run_after=None
[2026-07-14T14:49:37.508+0000] {processor.py:183} INFO - Processing /opt/airflow/dags/dag_enriquecimento_dados.py took 0.063 seconds
[2026-07-14T14:50:07.641+0000] {processor.py:161} INFO - Started process (PID=10649) to work on /opt/airflow/dags/dag_enriquecimento_dados.py
[2026-07-14T14:50:07.642+0000] {processor.py:830} INFO - Processing file /opt/airflow/dags/dag_enriquecimento_dados.py for tasks to queue
[2026-07-14T14:50:07.643+0000] {logging_mixin.py:188} INFO - [2026-07-14T14:50:07.642+0000] {dagbag.py:538} INFO - Filling up the DagBag from /opt/airflow/dags/dag_enriquecimento_dados.py
[2026-07-14T14:50:07.650+0000] {processor.py:840} INFO - DAG(s) 'dag_enriquecimento_dados' retrieved from /opt/airflow/dags/dag_enriquecimento_dados.py
[2026-07-14T14:50:07.671+0000] {logging_mixin.py:188} INFO - [2026-07-14T14:50:07.671+0000] {dag.py:3036} INFO - Sync 1 DAGs
[2026-07-14T14:50:07.683+0000] {logging_mixin.py:188} INFO - [2026-07-14T14:50:07.683+0000] {dag.py:3823} INFO - Setting next_dagrun for dag_enriquecimento_dados to None, run_after=None
[2026-07-14T14:50:07.700+0000] {processor.py:183} INFO - Processing /opt/airflow/dags/dag_enriquecimento_dados.py took 0.061 seconds
[2026-07-14T14:50:37.835+0000] {processor.py:161} INFO - Started process (PID=10664) to work on /opt/airflow/dags/dag_enriquecimento_dados.py
[2026-07-14T14:50:37.835+0000] {processor.py:830} INFO - Processing file /opt/airflow/dags/dag_enriquecimento_dados.py for tasks to queue
[2026-07-14T14:50:37.836+0000] {logging_mixin.py:188} INFO - [2026-07-14T14:50:37.836+0000] {dagbag.py:538} INFO - Filling up the DagBag from /opt/airflow/dags/dag_enriquecimento_dados.py
[2026-07-14T14:50:37.844+0000] {processor.py:840} INFO - DAG(s) 'dag_enriquecimento_dados' retrieved from /opt/airflow/dags/dag_enriquecimento_dados.py
[2026-07-14T14:50:37.865+0000] {logging_mixin.py:188} INFO - [2026-07-14T14:50:37.865+0000] {dag.py:3036} INFO - Sync 1 DAGs
[2026-07-14T14:50:37.878+0000] {logging_mixin.py:188} INFO - [2026-07-14T14:50:37.878+0000] {dag.py:3823} INFO - Setting next_dagrun for dag_enriquecimento_dados to None, run_after=None
[2026-07-14T14:50:37.895+0000] {processor.py:183} INFO - Processing /opt/airflow/dags/dag_enriquecimento_dados.py took 0.063 seconds
[2026-07-14T14:51:08.030+0000] {processor.py:161} INFO - Started process (PID=10679) to work on /opt/airflow/dags/dag_enriquecimento_dados.py
[2026-07-14T14:51:08.030+0000] {processor.py:830} INFO - Processing file /opt/airflow/dags/dag_enriquecimento_dados.py for tasks to queue
[2026-07-14T14:51:08.031+0000] {logging_mixin.py:188} INFO - [2026-07-14T14:51:08.031+0000] {dagbag.py:538} INFO - Filling up the DagBag from /opt/airflow/dags/dag_enriquecimento_dados.py
[2026-07-14T14:51:08.039+0000] {processor.py:840} INFO - DAG(s) 'dag_enriquecimento_dados' retrieved from /opt/airflow/dags/dag_enriquecimento_dados.py
[2026-07-14T14:51:08.060+0000] {logging_mixin.py:188} INFO - [2026-07-14T14:51:08.059+0000] {dag.py:3036} INFO - Sync 1 DAGs
[2026-07-14T14:51:08.071+0000] {logging_mixin.py:188} INFO - [2026-07-14T14:51:08.071+0000] {dag.py:3823} INFO - Setting next_dagrun for dag_enriquecimento_dados to None, run_after=None
[2026-07-14T14:51:08.090+0000] {processor.py:183} INFO - Processing /opt/airflow/dags/dag_enriquecimento_dados.py took 0.063 seconds
[2026-07-14T14:51:38.225+0000] {processor.py:161} INFO - Started process (PID=10694) to work on /opt/airflow/dags/dag_enriquecimento_dados.py
[2026-07-14T14:51:38.226+0000] {processor.py:830} INFO - Processing file /opt/airflow/dags/dag_enriquecimento_dados.py for tasks to queue
[2026-07-14T14:51:38.226+0000] {logging_mixin.py:188} INFO - [2026-07-14T14:51:38.226+0000] {dagbag.py:538} INFO - Filling up the DagBag from /opt/airflow/dags/dag_enriquecimento_dados.py
[2026-07-14T14:51:38.234+0000] {processor.py:840} INFO - DAG(s) 'dag_enriquecimento_dados' retrieved from /opt/airflow/dags/dag_enriquecimento_dados.py
[2026-07-14T14:51:38.253+0000] {logging_mixin.py:188} INFO - [2026-07-14T14:51:38.253+0000] {dag.py:3036} INFO - Sync 1 DAGs
[2026-07-14T14:51:38.265+0000] {logging_mixin.py:188} INFO - [2026-07-14T14:51:38.265+0000] {dag.py:3823} INFO - Setting next_dagrun for dag_enriquecimento_dados to None, run_after=None
[2026-07-14T14:51:38.281+0000] {processor.py:183} INFO - Processing /opt/airflow/dags/dag_enriquecimento_dados.py took 0.058 seconds
[2026-07-14T14:52:08.416+0000] {processor.py:161} INFO - Started process (PID=10709) to work on /opt/airflow/dags/dag_enriquecimento_dados.py
[2026-07-14T14:52:08.416+0000] {processor.py:830} INFO - Processing file /opt/airflow/dags/dag_enriquecimento_dados.py for tasks to queue
[2026-07-14T14:52:08.417+0000] {logging_mixin.py:188} INFO - [2026-07-14T14:52:08.417+0000] {dagbag.py:538} INFO - Filling up the DagBag from /opt/airflow/dags/dag_enriquecimento_dados.py
[2026-07-14T14:52:08.424+0000] {processor.py:840} INFO - DAG(s) 'dag_enriquecimento_dados' retrieved from /opt/airflow/dags/dag_enriquecimento_dados.py
[2026-07-14T14:52:08.448+0000] {logging_mixin.py:188} INFO - [2026-07-14T14:52:08.448+0000] {dag.py:3036} INFO - Sync 1 DAGs
[2026-07-14T14:52:08.462+0000] {logging_mixin.py:188} INFO - [2026-07-14T14:52:08.462+0000] {dag.py:3823} INFO - Setting next_dagrun for dag_enriquecimento_dados to None, run_after=None
[2026-07-14T14:52:08.483+0000] {processor.py:183} INFO - Processing /opt/airflow/dags/dag_enriquecimento_dados.py took 0.070 seconds
[2026-07-14T14:52:38.614+0000] {processor.py:161} INFO - Started process (PID=10724) to work on /opt/airflow/dags/dag_enriquecimento_dados.py
[2026-07-14T14:52:38.615+0000] {processor.py:830} INFO - Processing file /opt/airflow/dags/dag_enriquecimento_dados.py for tasks to queue
[2026-07-14T14:52:38.615+0000] {logging_mixin.py:188} INFO - [2026-07-14T14:52:38.615+0000] {dagbag.py:538} INFO - Filling up the DagBag from /opt/airflow/dags/dag_enriquecimento_dados.py
[2026-07-14T14:52:38.623+0000] {processor.py:840} INFO - DAG(s) 'dag_enriquecimento_dados' retrieved from /opt/airflow/dags/dag_enriquecimento_dados.py
[2026-07-14T14:52:38.642+0000] {logging_mixin.py:188} INFO - [2026-07-14T14:52:38.642+0000] {dag.py:3036} INFO - Sync 1 DAGs
[2026-07-14T14:52:38.652+0000] {logging_mixin.py:188} INFO - [2026-07-14T14:52:38.652+0000] {dag.py:3823} INFO - Setting next_dagrun for dag_enriquecimento_dados to None, run_after=None
[2026-07-14T14:52:38.668+0000] {processor.py:183} INFO - Processing /opt/airflow/dags/dag_enriquecimento_dados.py took 0.056 seconds
[2026-07-14T14:53:08.798+0000] {processor.py:161} INFO - Started process (PID=10739) to work on /opt/airflow/dags/dag_enriquecimento_dados.py
[2026-07-14T14:53:08.798+0000] {processor.py:830} INFO - Processing file /opt/airflow/dags/dag_enriquecimento_dados.py for tasks to queue
[2026-07-14T14:53:08.799+0000] {logging_mixin.py:188} INFO - [2026-07-14T14:53:08.799+0000] {dagbag.py:538} INFO - Filling up the DagBag from /opt/airflow/dags/dag_enriquecimento_dados.py
[2026-07-14T14:53:08.806+0000] {processor.py:840} INFO - DAG(s) 'dag_enriquecimento_dados' retrieved from /opt/airflow/dags/dag_enriquecimento_dados.py
[2026-07-14T14:53:08.826+0000] {logging_mixin.py:188} INFO - [2026-07-14T14:53:08.825+0000] {dag.py:3036} INFO - Sync 1 DAGs
[2026-07-14T14:53:08.836+0000] {logging_mixin.py:188} INFO - [2026-07-14T14:53:08.836+0000] {dag.py:3823} INFO - Setting next_dagrun for dag_enriquecimento_dados to None, run_after=None
[2026-07-14T14:53:08.852+0000] {processor.py:183} INFO - Processing /opt/airflow/dags/dag_enriquecimento_dados.py took 0.057 seconds
[2026-07-14T14:53:38.980+0000] {processor.py:161} INFO - Started process (PID=10754) to work on /opt/airflow/dags/dag_enriquecimento_dados.py
[2026-07-14T14:53:38.981+0000] {processor.py:830} INFO - Processing file /opt/airflow/dags/dag_enriquecimento_dados.py for tasks to queue
[2026-07-14T14:53:38.982+0000] {logging_mixin.py:188} INFO - [2026-07-14T14:53:38.982+0000] {dagbag.py:538} INFO - Filling up the DagBag from /opt/airflow/dags/dag_enriquecimento_dados.py
[2026-07-14T14:53:38.989+0000] {processor.py:840} INFO - DAG(s) 'dag_enriquecimento_dados' retrieved from /opt/airflow/dags/dag_enriquecimento_dados.py
[2026-07-14T14:53:39.008+0000] {logging_mixin.py:188} INFO - [2026-07-14T14:53:39.008+0000] {dag.py:3036} INFO - Sync 1 DAGs
[2026-07-14T14:53:39.018+0000] {logging_mixin.py:188} INFO - [2026-07-14T14:53:39.018+0000] {dag.py:3823} INFO - Setting next_dagrun for dag_enriquecimento_dados to None, run_after=None
[2026-07-14T14:53:39.035+0000] {processor.py:183} INFO - Processing /opt/airflow/dags/dag_enriquecimento_dados.py took 0.057 seconds
[2026-07-14T14:54:09.166+0000] {processor.py:161} INFO - Started process (PID=10769) to work on /opt/airflow/dags/dag_enriquecimento_dados.py
[2026-07-14T14:54:09.167+0000] {processor.py:830} INFO - Processing file /opt/airflow/dags/dag_enriquecimento_dados.py for tasks to queue
[2026-07-14T14:54:09.167+0000] {logging_mixin.py:188} INFO - [2026-07-14T14:54:09.167+0000] {dagbag.py:538} INFO - Filling up the DagBag from /opt/airflow/dags/dag_enriquecimento_dados.py
[2026-07-14T14:54:09.175+0000] {processor.py:840} INFO - DAG(s) 'dag_enriquecimento_dados' retrieved from /opt/airflow/dags/dag_enriquecimento_dados.py
[2026-07-14T14:54:09.197+0000] {logging_mixin.py:188} INFO - [2026-07-14T14:54:09.196+0000] {dag.py:3036} INFO - Sync 1 DAGs
[2026-07-14T14:54:09.209+0000] {logging_mixin.py:188} INFO - [2026-07-14T14:54:09.209+0000] {dag.py:3823} INFO - Setting next_dagrun for dag_enriquecimento_dados to None, run_after=None
[2026-07-14T14:54:09.227+0000] {processor.py:183} INFO - Processing /opt/airflow/dags/dag_enriquecimento_dados.py took 0.063 seconds
[2026-07-14T14:54:39.359+0000] {processor.py:161} INFO - Started process (PID=10784) to work on /opt/airflow/dags/dag_enriquecimento_dados.py
[2026-07-14T14:54:39.360+0000] {processor.py:830} INFO - Processing file /opt/airflow/dags/dag_enriquecimento_dados.py for tasks to queue
[2026-07-14T14:54:39.361+0000] {logging_mixin.py:188} INFO - [2026-07-14T14:54:39.361+0000] {dagbag.py:538} INFO - Filling up the DagBag from /opt/airflow/dags/dag_enriquecimento_dados.py
[2026-07-14T14:54:39.368+0000] {processor.py:840} INFO - DAG(s) 'dag_enriquecimento_dados' retrieved from /opt/airflow/dags/dag_enriquecimento_dados.py
[2026-07-14T14:54:39.387+0000] {logging_mixin.py:188} INFO - [2026-07-14T14:54:39.387+0000] {dag.py:3036} INFO - Sync 1 DAGs
[2026-07-14T14:54:39.398+0000] {logging_mixin.py:188} INFO - [2026-07-14T14:54:39.397+0000] {dag.py:3823} INFO - Setting next_dagrun for dag_enriquecimento_dados to None, run_after=None
[2026-07-14T14:54:39.415+0000] {processor.py:183} INFO - Processing /opt/airflow/dags/dag_enriquecimento_dados.py took 0.058 seconds
[2026-07-14T14:55:09.545+0000] {processor.py:161} INFO - Started process (PID=10799) to work on /opt/airflow/dags/dag_enriquecimento_dados.py
[2026-07-14T14:55:09.546+0000] {processor.py:830} INFO - Processing file /opt/airflow/dags/dag_enriquecimento_dados.py for tasks to queue
[2026-07-14T14:55:09.546+0000] {logging_mixin.py:188} INFO - [2026-07-14T14:55:09.546+0000] {dagbag.py:538} INFO - Filling up the DagBag from /opt/airflow/dags/dag_enriquecimento_dados.py
[2026-07-14T14:55:09.554+0000] {processor.py:840} INFO - DAG(s) 'dag_enriquecimento_dados' retrieved from /opt/airflow/dags/dag_enriquecimento_dados.py
[2026-07-14T14:55:09.576+0000] {logging_mixin.py:188} INFO - [2026-07-14T14:55:09.576+0000] {dag.py:3036} INFO - Sync 1 DAGs
[2026-07-14T14:55:09.587+0000] {logging_mixin.py:188} INFO - [2026-07-14T14:55:09.587+0000] {dag.py:3823} INFO - Setting next_dagrun for dag_enriquecimento_dados to None, run_after=None
[2026-07-14T14:55:09.606+0000] {processor.py:183} INFO - Processing /opt/airflow/dags/dag_enriquecimento_dados.py took 0.064 seconds
[2026-07-14T14:55:39.740+0000] {processor.py:161} INFO - Started process (PID=10814) to work on /opt/airflow/dags/dag_enriquecimento_dados.py
[2026-07-14T14:55:39.740+0000] {processor.py:830} INFO - Processing file /opt/airflow/dags/dag_enriquecimento_dados.py for tasks to queue
[2026-07-14T14:55:39.741+0000] {logging_mixin.py:188} INFO - [2026-07-14T14:55:39.741+0000] {dagbag.py:538} INFO - Filling up the DagBag from /opt/airflow/dags/dag_enriquecimento_dados.py
[2026-07-14T14:55:39.749+0000] {processor.py:840} INFO - DAG(s) 'dag_enriquecimento_dados' retrieved from /opt/airflow/dags/dag_enriquecimento_dados.py
[2026-07-14T14:55:39.770+0000] {logging_mixin.py:188} INFO - [2026-07-14T14:55:39.769+0000] {dag.py:3036} INFO - Sync 1 DAGs
[2026-07-14T14:55:39.780+0000] {logging_mixin.py:188} INFO - [2026-07-14T14:55:39.780+0000] {dag.py:3823} INFO - Setting next_dagrun for dag_enriquecimento_dados to None, run_after=None
[2026-07-14T14:55:39.796+0000] {processor.py:183} INFO - Processing /opt/airflow/dags/dag_enriquecimento_dados.py took 0.059 seconds
[2026-07-14T14:56:09.923+0000] {processor.py:161} INFO - Started process (PID=10829) to work on /opt/airflow/dags/dag_enriquecimento_dados.py
[2026-07-14T14:56:09.924+0000] {processor.py:830} INFO - Processing file /opt/airflow/dags/dag_enriquecimento_dados.py for tasks to queue
[2026-07-14T14:56:09.924+0000] {logging_mixin.py:188} INFO - [2026-07-14T14:56:09.924+0000] {dagbag.py:538} INFO - Filling up the DagBag from /opt/airflow/dags/dag_enriquecimento_dados.py
[2026-07-14T14:56:09.931+0000] {processor.py:840} INFO - DAG(s) 'dag_enriquecimento_dados' retrieved from /opt/airflow/dags/dag_enriquecimento_dados.py
[2026-07-14T14:56:09.951+0000] {logging_mixin.py:188} INFO - [2026-07-14T14:56:09.951+0000] {dag.py:3036} INFO - Sync 1 DAGs
[2026-07-14T14:56:09.961+0000] {logging_mixin.py:188} INFO - [2026-07-14T14:56:09.961+0000] {dag.py:3823} INFO - Setting next_dagrun for dag_enriquecimento_dados to None, run_after=None
[2026-07-14T14:56:09.976+0000] {processor.py:183} INFO - Processing /opt/airflow/dags/dag_enriquecimento_dados.py took 0.056 seconds
[2026-07-14T14:56:40.106+0000] {processor.py:161} INFO - Started process (PID=10844) to work on /opt/airflow/dags/dag_enriquecimento_dados.py
[2026-07-14T14:56:40.107+0000] {processor.py:830} INFO - Processing file /opt/airflow/dags/dag_enriquecimento_dados.py for tasks to queue
[2026-07-14T14:56:40.107+0000] {logging_mixin.py:188} INFO - [2026-07-14T14:56:40.107+0000] {dagbag.py:538} INFO - Filling up the DagBag from /opt/airflow/dags/dag_enriquecimento_dados.py
[2026-07-14T14:56:40.114+0000] {processor.py:840} INFO - DAG(s) 'dag_enriquecimento_dados' retrieved from /opt/airflow/dags/dag_enriquecimento_dados.py
[2026-07-14T14:56:40.133+0000] {logging_mixin.py:188} INFO - [2026-07-14T14:56:40.133+0000] {dag.py:3036} INFO - Sync 1 DAGs
[2026-07-14T14:56:40.143+0000] {logging_mixin.py:188} INFO - [2026-07-14T14:56:40.143+0000] {dag.py:3823} INFO - Setting next_dagrun for dag_enriquecimento_dados to None, run_after=None
[2026-07-14T14:56:40.160+0000] {processor.py:183} INFO - Processing /opt/airflow/dags/dag_enriquecimento_dados.py took 0.056 seconds
[2026-07-14T14:57:10.290+0000] {processor.py:161} INFO - Started process (PID=10859) to work on /opt/airflow/dags/dag_enriquecimento_dados.py
[2026-07-14T14:57:10.291+0000] {processor.py:830} INFO - Processing file /opt/airflow/dags/dag_enriquecimento_dados.py for tasks to queue
[2026-07-14T14:57:10.292+0000] {logging_mixin.py:188} INFO - [2026-07-14T14:57:10.291+0000] {dagbag.py:538} INFO - Filling up the DagBag from /opt/airflow/dags/dag_enriquecimento_dados.py
[2026-07-14T14:57:10.299+0000] {processor.py:840} INFO - DAG(s) 'dag_enriquecimento_dados' retrieved from /opt/airflow/dags/dag_enriquecimento_dados.py
[2026-07-14T14:57:10.322+0000] {logging_mixin.py:188} INFO - [2026-07-14T14:57:10.322+0000] {dag.py:3036} INFO - Sync 1 DAGs
[2026-07-14T14:57:10.335+0000] {logging_mixin.py:188} INFO - [2026-07-14T14:57:10.335+0000] {dag.py:3823} INFO - Setting next_dagrun for dag_enriquecimento_dados to None, run_after=None
[2026-07-14T14:57:10.352+0000] {processor.py:183} INFO - Processing /opt/airflow/dags/dag_enriquecimento_dados.py took 0.064 seconds
[2026-07-14T14:57:40.485+0000] {processor.py:161} INFO - Started process (PID=10874) to work on /opt/airflow/dags/dag_enriquecimento_dados.py
[2026-07-14T14:57:40.486+0000] {processor.py:830} INFO - Processing file /opt/airflow/dags/dag_enriquecimento_dados.py for tasks to queue
[2026-07-14T14:57:40.486+0000] {logging_mixin.py:188} INFO - [2026-07-14T14:57:40.486+0000] {dagbag.py:538} INFO - Filling up the DagBag from /opt/airflow/dags/dag_enriquecimento_dados.py
[2026-07-14T14:57:40.494+0000] {processor.py:840} INFO - DAG(s) 'dag_enriquecimento_dados' retrieved from /opt/airflow/dags/dag_enriquecimento_dados.py
[2026-07-14T14:57:40.519+0000] {logging_mixin.py:188} INFO - [2026-07-14T14:57:40.518+0000] {dag.py:3036} INFO - Sync 1 DAGs
[2026-07-14T14:57:40.531+0000] {logging_mixin.py:188} INFO - [2026-07-14T14:57:40.531+0000] {dag.py:3823} INFO - Setting next_dagrun for dag_enriquecimento_dados to None, run_after=None
[2026-07-14T14:57:40.550+0000] {processor.py:183} INFO - Processing /opt/airflow/dags/dag_enriquecimento_dados.py took 0.068 seconds
[2026-07-14T14:58:10.684+0000] {processor.py:161} INFO - Started process (PID=10889) to work on /opt/airflow/dags/dag_enriquecimento_dados.py
[2026-07-14T14:58:10.685+0000] {processor.py:830} INFO - Processing file /opt/airflow/dags/dag_enriquecimento_dados.py for tasks to queue
[2026-07-14T14:58:10.685+0000] {logging_mixin.py:188} INFO - [2026-07-14T14:58:10.685+0000] {dagbag.py:538} INFO - Filling up the DagBag from /opt/airflow/dags/dag_enriquecimento_dados.py
[2026-07-14T14:58:10.692+0000] {processor.py:840} INFO - DAG(s) 'dag_enriquecimento_dados' retrieved from /opt/airflow/dags/dag_enriquecimento_dados.py
[2026-07-14T14:58:10.712+0000] {logging_mixin.py:188} INFO - [2026-07-14T14:58:10.712+0000] {dag.py:3036} INFO - Sync 1 DAGs
[2026-07-14T14:58:10.723+0000] {logging_mixin.py:188} INFO - [2026-07-14T14:58:10.723+0000] {dag.py:3823} INFO - Setting next_dagrun for dag_enriquecimento_dados to None, run_after=None
[2026-07-14T14:58:10.740+0000] {processor.py:183} INFO - Processing /opt/airflow/dags/dag_enriquecimento_dados.py took 0.058 seconds
[2026-07-14T14:58:40.872+0000] {processor.py:161} INFO - Started process (PID=10904) to work on /opt/airflow/dags/dag_enriquecimento_dados.py
[2026-07-14T14:58:40.873+0000] {processor.py:830} INFO - Processing file /opt/airflow/dags/dag_enriquecimento_dados.py for tasks to queue
[2026-07-14T14:58:40.873+0000] {logging_mixin.py:188} INFO - [2026-07-14T14:58:40.873+0000] {dagbag.py:538} INFO - Filling up the DagBag from /opt/airflow/dags/dag_enriquecimento_dados.py
[2026-07-14T14:58:40.881+0000] {processor.py:840} INFO - DAG(s) 'dag_enriquecimento_dados' retrieved from /opt/airflow/dags/dag_enriquecimento_dados.py
[2026-07-14T14:58:40.902+0000] {logging_mixin.py:188} INFO - [2026-07-14T14:58:40.902+0000] {dag.py:3036} INFO - Sync 1 DAGs
[2026-07-14T14:58:40.913+0000] {logging_mixin.py:188} INFO - [2026-07-14T14:58:40.913+0000] {dag.py:3823} INFO - Setting next_dagrun for dag_enriquecimento_dados to None, run_after=None
[2026-07-14T14:58:40.933+0000] {processor.py:183} INFO - Processing /opt/airflow/dags/dag_enriquecimento_dados.py took 0.063 seconds
[2026-07-14T14:59:11.069+0000] {processor.py:161} INFO - Started process (PID=10919) to work on /opt/airflow/dags/dag_enriquecimento_dados.py
[2026-07-14T14:59:11.070+0000] {processor.py:830} INFO - Processing file /opt/airflow/dags/dag_enriquecimento_dados.py for tasks to queue
[2026-07-14T14:59:11.071+0000] {logging_mixin.py:188} INFO - [2026-07-14T14:59:11.071+0000] {dagbag.py:538} INFO - Filling up the DagBag from /opt/airflow/dags/dag_enriquecimento_dados.py
[2026-07-14T14:59:11.078+0000] {processor.py:840} INFO - DAG(s) 'dag_enriquecimento_dados' retrieved from /opt/airflow/dags/dag_enriquecimento_dados.py
[2026-07-14T14:59:11.100+0000] {logging_mixin.py:188} INFO - [2026-07-14T14:59:11.100+0000] {dag.py:3036} INFO - Sync 1 DAGs
[2026-07-14T14:59:11.112+0000] {logging_mixin.py:188} INFO - [2026-07-14T14:59:11.112+0000] {dag.py:3823} INFO - Setting next_dagrun for dag_enriquecimento_dados to None, run_after=None
[2026-07-14T14:59:11.129+0000] {processor.py:183} INFO - Processing /opt/airflow/dags/dag_enriquecimento_dados.py took 0.063 seconds
[2026-07-14T14:59:41.269+0000] {processor.py:161} INFO - Started process (PID=10934) to work on /opt/airflow/dags/dag_enriquecimento_dados.py
[2026-07-14T14:59:41.270+0000] {processor.py:830} INFO - Processing file /opt/airflow/dags/dag_enriquecimento_dados.py for tasks to queue
[2026-07-14T14:59:41.271+0000] {logging_mixin.py:188} INFO - [2026-07-14T14:59:41.270+0000] {dagbag.py:538} INFO - Filling up the DagBag from /opt/airflow/dags/dag_enriquecimento_dados.py
[2026-07-14T14:59:41.279+0000] {processor.py:840} INFO - DAG(s) 'dag_enriquecimento_dados' retrieved from /opt/airflow/dags/dag_enriquecimento_dados.py
[2026-07-14T14:59:41.301+0000] {logging_mixin.py:188} INFO - [2026-07-14T14:59:41.301+0000] {dag.py:3036} INFO - Sync 1 DAGs
[2026-07-14T14:59:41.313+0000] {logging_mixin.py:188} INFO - [2026-07-14T14:59:41.313+0000] {dag.py:3823} INFO - Setting next_dagrun for dag_enriquecimento_dados to None, run_after=None
[2026-07-14T14:59:41.332+0000] {processor.py:183} INFO - Processing /opt/airflow/dags/dag_enriquecimento_dados.py took 0.066 seconds
[2026-07-14T15:00:11.468+0000] {processor.py:161} INFO - Started process (PID=10949) to work on /opt/airflow/dags/dag_enriquecimento_dados.py
[2026-07-14T15:00:11.469+0000] {processor.py:830} INFO - Processing file /opt/airflow/dags/dag_enriquecimento_dados.py for tasks to queue
[2026-07-14T15:00:11.469+0000] {logging_mixin.py:188} INFO - [2026-07-14T15:00:11.469+0000] {dagbag.py:538} INFO - Filling up the DagBag from /opt/airflow/dags/dag_enriquecimento_dados.py
[2026-07-14T15:00:11.477+0000] {processor.py:840} INFO - DAG(s) 'dag_enriquecimento_dados' retrieved from /opt/airflow/dags/dag_enriquecimento_dados.py
[2026-07-14T15:00:11.497+0000] {logging_mixin.py:188} INFO - [2026-07-14T15:00:11.497+0000] {dag.py:3036} INFO - Sync 1 DAGs
[2026-07-14T15:00:11.508+0000] {logging_mixin.py:188} INFO - [2026-07-14T15:00:11.508+0000] {dag.py:3823} INFO - Setting next_dagrun for dag_enriquecimento_dados to None, run_after=None
[2026-07-14T15:00:11.526+0000] {processor.py:183} INFO - Processing /opt/airflow/dags/dag_enriquecimento_dados.py took 0.061 seconds
[2026-07-14T15:00:41.663+0000] {processor.py:161} INFO - Started process (PID=10964) to work on /opt/airflow/dags/dag_enriquecimento_dados.py
[2026-07-14T15:00:41.664+0000] {processor.py:830} INFO - Processing file /opt/airflow/dags/dag_enriquecimento_dados.py for tasks to queue
[2026-07-14T15:00:41.665+0000] {logging_mixin.py:188} INFO - [2026-07-14T15:00:41.664+0000] {dagbag.py:538} INFO - Filling up the DagBag from /opt/airflow/dags/dag_enriquecimento_dados.py
[2026-07-14T15:00:41.672+0000] {processor.py:840} INFO - DAG(s) 'dag_enriquecimento_dados' retrieved from /opt/airflow/dags/dag_enriquecimento_dados.py
[2026-07-14T15:00:41.696+0000] {logging_mixin.py:188} INFO - [2026-07-14T15:00:41.696+0000] {dag.py:3036} INFO - Sync 1 DAGs
[2026-07-14T15:00:41.709+0000] {logging_mixin.py:188} INFO - [2026-07-14T15:00:41.708+0000] {dag.py:3823} INFO - Setting next_dagrun for dag_enriquecimento_dados to None, run_after=None
[2026-07-14T15:00:41.729+0000] {processor.py:183} INFO - Processing /opt/airflow/dags/dag_enriquecimento_dados.py took 0.068 seconds
[2026-07-14T15:01:11.862+0000] {processor.py:161} INFO - Started process (PID=10979) to work on /opt/airflow/dags/dag_enriquecimento_dados.py
[2026-07-14T15:01:11.863+0000] {processor.py:830} INFO - Processing file /opt/airflow/dags/dag_enriquecimento_dados.py for tasks to queue
[2026-07-14T15:01:11.863+0000] {logging_mixin.py:188} INFO - [2026-07-14T15:01:11.863+0000] {dagbag.py:538} INFO - Filling up the DagBag from /opt/airflow/dags/dag_enriquecimento_dados.py
[2026-07-14T15:01:11.871+0000] {processor.py:840} INFO - DAG(s) 'dag_enriquecimento_dados' retrieved from /opt/airflow/dags/dag_enriquecimento_dados.py
[2026-07-14T15:01:11.891+0000] {logging_mixin.py:188} INFO - [2026-07-14T15:01:11.890+0000] {dag.py:3036} INFO - Sync 1 DAGs
[2026-07-14T15:01:11.901+0000] {logging_mixin.py:188} INFO - [2026-07-14T15:01:11.901+0000] {dag.py:3823} INFO - Setting next_dagrun for dag_enriquecimento_dados to None, run_after=None
[2026-07-14T15:01:11.916+0000] {processor.py:183} INFO - Processing /opt/airflow/dags/dag_enriquecimento_dados.py took 0.057 seconds
[2026-07-14T15:01:42.047+0000] {processor.py:161} INFO - Started process (PID=10994) to work on /opt/airflow/dags/dag_enriquecimento_dados.py
[2026-07-14T15:01:42.048+0000] {processor.py:830} INFO - Processing file /opt/airflow/dags/dag_enriquecimento_dados.py for tasks to queue
[2026-07-14T15:01:42.049+0000] {logging_mixin.py:188} INFO - [2026-07-14T15:01:42.048+0000] {dagbag.py:538} INFO - Filling up the DagBag from /opt/airflow/dags/dag_enriquecimento_dados.py
[2026-07-14T15:01:42.057+0000] {processor.py:840} INFO - DAG(s) 'dag_enriquecimento_dados' retrieved from /opt/airflow/dags/dag_enriquecimento_dados.py
[2026-07-14T15:01:42.080+0000] {logging_mixin.py:188} INFO - [2026-07-14T15:01:42.080+0000] {dag.py:3036} INFO - Sync 1 DAGs
[2026-07-14T15:01:42.092+0000] {logging_mixin.py:188} INFO - [2026-07-14T15:01:42.092+0000] {dag.py:3823} INFO - Setting next_dagrun for dag_enriquecimento_dados to None, run_after=None
[2026-07-14T15:01:42.111+0000] {processor.py:183} INFO - Processing /opt/airflow/dags/dag_enriquecimento_dados.py took 0.066 seconds
[2026-07-14T15:02:12.248+0000] {processor.py:161} INFO - Started process (PID=11009) to work on /opt/airflow/dags/dag_enriquecimento_dados.py
[2026-07-14T15:02:12.248+0000] {processor.py:830} INFO - Processing file /opt/airflow/dags/dag_enriquecimento_dados.py for tasks to queue
[2026-07-14T15:02:12.249+0000] {logging_mixin.py:188} INFO - [2026-07-14T15:02:12.249+0000] {dagbag.py:538} INFO - Filling up the DagBag from /opt/airflow/dags/dag_enriquecimento_dados.py
[2026-07-14T15:02:12.257+0000] {processor.py:840} INFO - DAG(s) 'dag_enriquecimento_dados' retrieved from /opt/airflow/dags/dag_enriquecimento_dados.py
[2026-07-14T15:02:12.278+0000] {logging_mixin.py:188} INFO - [2026-07-14T15:02:12.278+0000] {dag.py:3036} INFO - Sync 1 DAGs
[2026-07-14T15:02:12.289+0000] {logging_mixin.py:188} INFO - [2026-07-14T15:02:12.289+0000] {dag.py:3823} INFO - Setting next_dagrun for dag_enriquecimento_dados to None, run_after=None
[2026-07-14T15:02:12.307+0000] {processor.py:183} INFO - Processing /opt/airflow/dags/dag_enriquecimento_dados.py took 0.063 seconds
[2026-07-14T15:02:42.443+0000] {processor.py:161} INFO - Started process (PID=11024) to work on /opt/airflow/dags/dag_enriquecimento_dados.py
[2026-07-14T15:02:42.444+0000] {processor.py:830} INFO - Processing file /opt/airflow/dags/dag_enriquecimento_dados.py for tasks to queue
[2026-07-14T15:02:42.445+0000] {logging_mixin.py:188} INFO - [2026-07-14T15:02:42.445+0000] {dagbag.py:538} INFO - Filling up the DagBag from /opt/airflow/dags/dag_enriquecimento_dados.py
[2026-07-14T15:02:42.452+0000] {processor.py:840} INFO - DAG(s) 'dag_enriquecimento_dados' retrieved from /opt/airflow/dags/dag_enriquecimento_dados.py
[2026-07-14T15:02:42.473+0000] {logging_mixin.py:188} INFO - [2026-07-14T15:02:42.473+0000] {dag.py:3036} INFO - Sync 1 DAGs
[2026-07-14T15:02:42.485+0000] {logging_mixin.py:188} INFO - [2026-07-14T15:02:42.484+0000] {dag.py:3823} INFO - Setting next_dagrun for dag_enriquecimento_dados to None, run_after=None
[2026-07-14T15:02:42.503+0000] {processor.py:183} INFO - Processing /opt/airflow/dags/dag_enriquecimento_dados.py took 0.062 seconds
[2026-07-14T15:03:12.637+0000] {processor.py:161} INFO - Started process (PID=11039) to work on /opt/airflow/dags/dag_enriquecimento_dados.py
[2026-07-14T15:03:12.638+0000] {processor.py:830} INFO - Processing file /opt/airflow/dags/dag_enriquecimento_dados.py for tasks to queue
[2026-07-14T15:03:12.638+0000] {logging_mixin.py:188} INFO - [2026-07-14T15:03:12.638+0000] {dagbag.py:538} INFO - Filling up the DagBag from /opt/airflow/dags/dag_enriquecimento_dados.py
[2026-07-14T15:03:12.645+0000] {processor.py:840} INFO - DAG(s) 'dag_enriquecimento_dados' retrieved from /opt/airflow/dags/dag_enriquecimento_dados.py
[2026-07-14T15:03:12.665+0000] {logging_mixin.py:188} INFO - [2026-07-14T15:03:12.664+0000] {dag.py:3036} INFO - Sync 1 DAGs
[2026-07-14T15:03:12.675+0000] {logging_mixin.py:188} INFO - [2026-07-14T15:03:12.675+0000] {dag.py:3823} INFO - Setting next_dagrun for dag_enriquecimento_dados to None, run_after=None
[2026-07-14T15:03:12.692+0000] {processor.py:183} INFO - Processing /opt/airflow/dags/dag_enriquecimento_dados.py took 0.058 seconds
[2026-07-14T15:03:42.829+0000] {processor.py:161} INFO - Started process (PID=11054) to work on /opt/airflow/dags/dag_enriquecimento_dados.py
[2026-07-14T15:03:42.830+0000] {processor.py:830} INFO - Processing file /opt/airflow/dags/dag_enriquecimento_dados.py for tasks to queue
[2026-07-14T15:03:42.830+0000] {logging_mixin.py:188} INFO - [2026-07-14T15:03:42.830+0000] {dagbag.py:538} INFO - Filling up the DagBag from /opt/airflow/dags/dag_enriquecimento_dados.py
[2026-07-14T15:03:42.839+0000] {processor.py:840} INFO - DAG(s) 'dag_enriquecimento_dados' retrieved from /opt/airflow/dags/dag_enriquecimento_dados.py
[2026-07-14T15:03:42.863+0000] {logging_mixin.py:188} INFO - [2026-07-14T15:03:42.863+0000] {dag.py:3036} INFO - Sync 1 DAGs
[2026-07-14T15:03:42.877+0000] {logging_mixin.py:188} INFO - [2026-07-14T15:03:42.877+0000] {dag.py:3823} INFO - Setting next_dagrun for dag_enriquecimento_dados to None, run_after=None
[2026-07-14T15:03:42.896+0000] {processor.py:183} INFO - Processing /opt/airflow/dags/dag_enriquecimento_dados.py took 0.070 seconds
[2026-07-14T15:04:13.032+0000] {processor.py:161} INFO - Started process (PID=11069) to work on /opt/airflow/dags/dag_enriquecimento_dados.py
[2026-07-14T15:04:13.033+0000] {processor.py:830} INFO - Processing file /opt/airflow/dags/dag_enriquecimento_dados.py for tasks to queue
[2026-07-14T15:04:13.033+0000] {logging_mixin.py:188} INFO - [2026-07-14T15:04:13.033+0000] {dagbag.py:538} INFO - Filling up the DagBag from /opt/airflow/dags/dag_enriquecimento_dados.py
[2026-07-14T15:04:13.041+0000] {processor.py:840} INFO - DAG(s) 'dag_enriquecimento_dados' retrieved from /opt/airflow/dags/dag_enriquecimento_dados.py
[2026-07-14T15:04:13.065+0000] {logging_mixin.py:188} INFO - [2026-07-14T15:04:13.065+0000] {dag.py:3036} INFO - Sync 1 DAGs
[2026-07-14T15:04:13.078+0000] {logging_mixin.py:188} INFO - [2026-07-14T15:04:13.078+0000] {dag.py:3823} INFO - Setting next_dagrun for dag_enriquecimento_dados to None, run_after=None
[2026-07-14T15:04:13.100+0000] {processor.py:183} INFO - Processing /opt/airflow/dags/dag_enriquecimento_dados.py took 0.071 seconds
[2026-07-14T15:04:43.239+0000] {processor.py:161} INFO - Started process (PID=11084) to work on /opt/airflow/dags/dag_enriquecimento_dados.py
[2026-07-14T15:04:43.240+0000] {processor.py:830} INFO - Processing file /opt/airflow/dags/dag_enriquecimento_dados.py for tasks to queue
[2026-07-14T15:04:43.240+0000] {logging_mixin.py:188} INFO - [2026-07-14T15:04:43.240+0000] {dagbag.py:538} INFO - Filling up the DagBag from /opt/airflow/dags/dag_enriquecimento_dados.py
[2026-07-14T15:04:43.249+0000] {processor.py:840} INFO - DAG(s) 'dag_enriquecimento_dados' retrieved from /opt/airflow/dags/dag_enriquecimento_dados.py
[2026-07-14T15:04:43.270+0000] {logging_mixin.py:188} INFO - [2026-07-14T15:04:43.270+0000] {dag.py:3036} INFO - Sync 1 DAGs
[2026-07-14T15:04:43.281+0000] {logging_mixin.py:188} INFO - [2026-07-14T15:04:43.281+0000] {dag.py:3823} INFO - Setting next_dagrun for dag_enriquecimento_dados to None, run_after=None
[2026-07-14T15:04:43.301+0000] {processor.py:183} INFO - Processing /opt/airflow/dags/dag_enriquecimento_dados.py took 0.065 seconds
[2026-07-14T15:05:13.437+0000] {processor.py:161} INFO - Started process (PID=11099) to work on /opt/airflow/dags/dag_enriquecimento_dados.py
[2026-07-14T15:05:13.438+0000] {processor.py:830} INFO - Processing file /opt/airflow/dags/dag_enriquecimento_dados.py for tasks to queue
[2026-07-14T15:05:13.439+0000] {logging_mixin.py:188} INFO - [2026-07-14T15:05:13.439+0000] {dagbag.py:538} INFO - Filling up the DagBag from /opt/airflow/dags/dag_enriquecimento_dados.py
[2026-07-14T15:05:13.447+0000] {processor.py:840} INFO - DAG(s) 'dag_enriquecimento_dados' retrieved from /opt/airflow/dags/dag_enriquecimento_dados.py
[2026-07-14T15:05:13.468+0000] {logging_mixin.py:188} INFO - [2026-07-14T15:05:13.467+0000] {dag.py:3036} INFO - Sync 1 DAGs
[2026-07-14T15:05:13.479+0000] {logging_mixin.py:188} INFO - [2026-07-14T15:05:13.479+0000] {dag.py:3823} INFO - Setting next_dagrun for dag_enriquecimento_dados to None, run_after=None
[2026-07-14T15:05:13.498+0000] {processor.py:183} INFO - Processing /opt/airflow/dags/dag_enriquecimento_dados.py took 0.063 seconds
[2026-07-14T15:05:43.634+0000] {processor.py:161} INFO - Started process (PID=11114) to work on /opt/airflow/dags/dag_enriquecimento_dados.py
[2026-07-14T15:05:43.635+0000] {processor.py:830} INFO - Processing file /opt/airflow/dags/dag_enriquecimento_dados.py for tasks to queue
[2026-07-14T15:05:43.636+0000] {logging_mixin.py:188} INFO - [2026-07-14T15:05:43.635+0000] {dagbag.py:538} INFO - Filling up the DagBag from /opt/airflow/dags/dag_enriquecimento_dados.py
[2026-07-14T15:05:43.643+0000] {processor.py:840} INFO - DAG(s) 'dag_enriquecimento_dados' retrieved from /opt/airflow/dags/dag_enriquecimento_dados.py
[2026-07-14T15:05:43.663+0000] {logging_mixin.py:188} INFO - [2026-07-14T15:05:43.663+0000] {dag.py:3036} INFO - Sync 1 DAGs
[2026-07-14T15:05:43.674+0000] {logging_mixin.py:188} INFO - [2026-07-14T15:05:43.674+0000] {dag.py:3823} INFO - Setting next_dagrun for dag_enriquecimento_dados to None, run_after=None
[2026-07-14T15:05:43.691+0000] {processor.py:183} INFO - Processing /opt/airflow/dags/dag_enriquecimento_dados.py took 0.059 seconds
[2026-07-14T15:06:13.822+0000] {processor.py:161} INFO - Started process (PID=11129) to work on /opt/airflow/dags/dag_enriquecimento_dados.py
[2026-07-14T15:06:13.823+0000] {processor.py:830} INFO - Processing file /opt/airflow/dags/dag_enriquecimento_dados.py for tasks to queue
[2026-07-14T15:06:13.823+0000] {logging_mixin.py:188} INFO - [2026-07-14T15:06:13.823+0000] {dagbag.py:538} INFO - Filling up the DagBag from /opt/airflow/dags/dag_enriquecimento_dados.py
[2026-07-14T15:06:13.830+0000] {processor.py:840} INFO - DAG(s) 'dag_enriquecimento_dados' retrieved from /opt/airflow/dags/dag_enriquecimento_dados.py
[2026-07-14T15:06:13.851+0000] {logging_mixin.py:188} INFO - [2026-07-14T15:06:13.850+0000] {dag.py:3036} INFO - Sync 1 DAGs
[2026-07-14T15:06:13.861+0000] {logging_mixin.py:188} INFO - [2026-07-14T15:06:13.861+0000] {dag.py:3823} INFO - Setting next_dagrun for dag_enriquecimento_dados to None, run_after=None
[2026-07-14T15:06:13.876+0000] {processor.py:183} INFO - Processing /opt/airflow/dags/dag_enriquecimento_dados.py took 0.057 seconds
[2026-07-14T15:06:44.014+0000] {processor.py:161} INFO - Started process (PID=11144) to work on /opt/airflow/dags/dag_enriquecimento_dados.py
[2026-07-14T15:06:44.015+0000] {processor.py:830} INFO - Processing file /opt/airflow/dags/dag_enriquecimento_dados.py for tasks to queue
[2026-07-14T15:06:44.016+0000] {logging_mixin.py:188} INFO - [2026-07-14T15:06:44.016+0000] {dagbag.py:538} INFO - Filling up the DagBag from /opt/airflow/dags/dag_enriquecimento_dados.py
[2026-07-14T15:06:44.024+0000] {processor.py:840} INFO - DAG(s) 'dag_enriquecimento_dados' retrieved from /opt/airflow/dags/dag_enriquecimento_dados.py
[2026-07-14T15:06:44.045+0000] {logging_mixin.py:188} INFO - [2026-07-14T15:06:44.045+0000] {dag.py:3036} INFO - Sync 1 DAGs
[2026-07-14T15:06:44.056+0000] {logging_mixin.py:188} INFO - [2026-07-14T15:06:44.055+0000] {dag.py:3823} INFO - Setting next_dagrun for dag_enriquecimento_dados to None, run_after=None
[2026-07-14T15:06:44.075+0000] {processor.py:183} INFO - Processing /opt/airflow/dags/dag_enriquecimento_dados.py took 0.063 seconds
[2026-07-14T15:07:14.211+0000] {processor.py:161} INFO - Started process (PID=11159) to work on /opt/airflow/dags/dag_enriquecimento_dados.py
[2026-07-14T15:07:14.212+0000] {processor.py:830} INFO - Processing file /opt/airflow/dags/dag_enriquecimento_dados.py for tasks to queue
[2026-07-14T15:07:14.213+0000] {logging_mixin.py:188} INFO - [2026-07-14T15:07:14.212+0000] {dagbag.py:538} INFO - Filling up the DagBag from /opt/airflow/dags/dag_enriquecimento_dados.py
[2026-07-14T15:07:14.221+0000] {processor.py:840} INFO - DAG(s) 'dag_enriquecimento_dados' retrieved from /opt/airflow/dags/dag_enriquecimento_dados.py
[2026-07-14T15:07:14.243+0000] {logging_mixin.py:188} INFO - [2026-07-14T15:07:14.243+0000] {dag.py:3036} INFO - Sync 1 DAGs
[2026-07-14T15:07:14.255+0000] {logging_mixin.py:188} INFO - [2026-07-14T15:07:14.255+0000] {dag.py:3823} INFO - Setting next_dagrun for dag_enriquecimento_dados to None, run_after=None
[2026-07-14T15:07:14.274+0000] {processor.py:183} INFO - Processing /opt/airflow/dags/dag_enriquecimento_dados.py took 0.065 seconds
[2026-07-14T15:07:44.413+0000] {processor.py:161} INFO - Started process (PID=11174) to work on /opt/airflow/dags/dag_enriquecimento_dados.py
[2026-07-14T15:07:44.414+0000] {processor.py:830} INFO - Processing file /opt/airflow/dags/dag_enriquecimento_dados.py for tasks to queue
[2026-07-14T15:07:44.415+0000] {logging_mixin.py:188} INFO - [2026-07-14T15:07:44.414+0000] {dagbag.py:538} INFO - Filling up the DagBag from /opt/airflow/dags/dag_enriquecimento_dados.py
[2026-07-14T15:07:44.422+0000] {processor.py:840} INFO - DAG(s) 'dag_enriquecimento_dados' retrieved from /opt/airflow/dags/dag_enriquecimento_dados.py
[2026-07-14T15:07:44.443+0000] {logging_mixin.py:188} INFO - [2026-07-14T15:07:44.443+0000] {dag.py:3036} INFO - Sync 1 DAGs
[2026-07-14T15:07:44.453+0000] {logging_mixin.py:188} INFO - [2026-07-14T15:07:44.453+0000] {dag.py:3823} INFO - Setting next_dagrun for dag_enriquecimento_dados to None, run_after=None
[2026-07-14T15:07:44.470+0000] {processor.py:183} INFO - Processing /opt/airflow/dags/dag_enriquecimento_dados.py took 0.060 seconds
[2026-07-14T15:08:14.612+0000] {processor.py:161} INFO - Started process (PID=11189) to work on /opt/airflow/dags/dag_enriquecimento_dados.py
[2026-07-14T15:08:14.612+0000] {processor.py:830} INFO - Processing file /opt/airflow/dags/dag_enriquecimento_dados.py for tasks to queue
[2026-07-14T15:08:14.613+0000] {logging_mixin.py:188} INFO - [2026-07-14T15:08:14.613+0000] {dagbag.py:538} INFO - Filling up the DagBag from /opt/airflow/dags/dag_enriquecimento_dados.py
[2026-07-14T15:08:14.621+0000] {processor.py:840} INFO - DAG(s) 'dag_enriquecimento_dados' retrieved from /opt/airflow/dags/dag_enriquecimento_dados.py
[2026-07-14T15:08:14.643+0000] {logging_mixin.py:188} INFO - [2026-07-14T15:08:14.643+0000] {dag.py:3036} INFO - Sync 1 DAGs
[2026-07-14T15:08:14.656+0000] {logging_mixin.py:188} INFO - [2026-07-14T15:08:14.656+0000] {dag.py:3823} INFO - Setting next_dagrun for dag_enriquecimento_dados to None, run_after=None
[2026-07-14T15:08:14.673+0000] {processor.py:183} INFO - Processing /opt/airflow/dags/dag_enriquecimento_dados.py took 0.065 seconds
[2026-07-14T15:08:44.818+0000] {processor.py:161} INFO - Started process (PID=11204) to work on /opt/airflow/dags/dag_enriquecimento_dados.py
[2026-07-14T15:08:44.819+0000] {processor.py:830} INFO - Processing file /opt/airflow/dags/dag_enriquecimento_dados.py for tasks to queue
[2026-07-14T15:08:44.820+0000] {logging_mixin.py:188} INFO - [2026-07-14T15:08:44.820+0000] {dagbag.py:538} INFO - Filling up the DagBag from /opt/airflow/dags/dag_enriquecimento_dados.py
[2026-07-14T15:08:44.829+0000] {processor.py:840} INFO - DAG(s) 'dag_enriquecimento_dados' retrieved from /opt/airflow/dags/dag_enriquecimento_dados.py
[2026-07-14T15:08:44.858+0000] {logging_mixin.py:188} INFO - [2026-07-14T15:08:44.858+0000] {dag.py:3036} INFO - Sync 1 DAGs
[2026-07-14T15:08:44.872+0000] {logging_mixin.py:188} INFO - [2026-07-14T15:08:44.872+0000] {dag.py:3823} INFO - Setting next_dagrun for dag_enriquecimento_dados to None, run_after=None
[2026-07-14T15:08:44.890+0000] {processor.py:183} INFO - Processing /opt/airflow/dags/dag_enriquecimento_dados.py took 0.075 seconds
[2026-07-14T15:09:15.051+0000] {processor.py:161} INFO - Started process (PID=11219) to work on /opt/airflow/dags/dag_enriquecimento_dados.py
[2026-07-14T15:09:15.052+0000] {processor.py:830} INFO - Processing file /opt/airflow/dags/dag_enriquecimento_dados.py for tasks to queue
[2026-07-14T15:09:15.053+0000] {logging_mixin.py:188} INFO - [2026-07-14T15:09:15.053+0000] {dagbag.py:538} INFO - Filling up the DagBag from /opt/airflow/dags/dag_enriquecimento_dados.py
[2026-07-14T15:09:15.061+0000] {processor.py:840} INFO - DAG(s) 'dag_enriquecimento_dados' retrieved from /opt/airflow/dags/dag_enriquecimento_dados.py
[2026-07-14T15:09:15.082+0000] {logging_mixin.py:188} INFO - [2026-07-14T15:09:15.082+0000] {dag.py:3036} INFO - Sync 1 DAGs
[2026-07-14T15:09:15.093+0000] {logging_mixin.py:188} INFO - [2026-07-14T15:09:15.093+0000] {dag.py:3823} INFO - Setting next_dagrun for dag_enriquecimento_dados to None, run_after=None
[2026-07-14T15:09:15.112+0000] {processor.py:183} INFO - Processing /opt/airflow/dags/dag_enriquecimento_dados.py took 0.064 seconds
[2026-07-14T15:09:45.263+0000] {processor.py:161} INFO - Started process (PID=11234) to work on /opt/airflow/dags/dag_enriquecimento_dados.py
[2026-07-14T15:09:45.264+0000] {processor.py:830} INFO - Processing file /opt/airflow/dags/dag_enriquecimento_dados.py for tasks to queue
[2026-07-14T15:09:45.264+0000] {logging_mixin.py:188} INFO - [2026-07-14T15:09:45.264+0000] {dagbag.py:538} INFO - Filling up the DagBag from /opt/airflow/dags/dag_enriquecimento_dados.py
[2026-07-14T15:09:45.273+0000] {processor.py:840} INFO - DAG(s) 'dag_enriquecimento_dados' retrieved from /opt/airflow/dags/dag_enriquecimento_dados.py
[2026-07-14T15:09:45.295+0000] {logging_mixin.py:188} INFO - [2026-07-14T15:09:45.295+0000] {dag.py:3036} INFO - Sync 1 DAGs
[2026-07-14T15:09:45.307+0000] {logging_mixin.py:188} INFO - [2026-07-14T15:09:45.307+0000] {dag.py:3823} INFO - Setting next_dagrun for dag_enriquecimento_dados to None, run_after=None
[2026-07-14T15:09:45.324+0000] {processor.py:183} INFO - Processing /opt/airflow/dags/dag_enriquecimento_dados.py took 0.064 seconds
[2026-07-14T15:10:15.462+0000] {processor.py:161} INFO - Started process (PID=11249) to work on /opt/airflow/dags/dag_enriquecimento_dados.py
[2026-07-14T15:10:15.462+0000] {processor.py:830} INFO - Processing file /opt/airflow/dags/dag_enriquecimento_dados.py for tasks to queue
[2026-07-14T15:10:15.463+0000] {logging_mixin.py:188} INFO - [2026-07-14T15:10:15.463+0000] {dagbag.py:538} INFO - Filling up the DagBag from /opt/airflow/dags/dag_enriquecimento_dados.py
[2026-07-14T15:10:15.471+0000] {processor.py:840} INFO - DAG(s) 'dag_enriquecimento_dados' retrieved from /opt/airflow/dags/dag_enriquecimento_dados.py
[2026-07-14T15:10:15.496+0000] {logging_mixin.py:188} INFO - [2026-07-14T15:10:15.495+0000] {dag.py:3036} INFO - Sync 1 DAGs
[2026-07-14T15:10:15.507+0000] {logging_mixin.py:188} INFO - [2026-07-14T15:10:15.507+0000] {dag.py:3823} INFO - Setting next_dagrun for dag_enriquecimento_dados to None, run_after=None
[2026-07-14T15:10:15.527+0000] {processor.py:183} INFO - Processing /opt/airflow/dags/dag_enriquecimento_dados.py took 0.068 seconds
[2026-07-14T15:10:45.661+0000] {processor.py:161} INFO - Started process (PID=11264) to work on /opt/airflow/dags/dag_enriquecimento_dados.py
[2026-07-14T15:10:45.662+0000] {processor.py:830} INFO - Processing file /opt/airflow/dags/dag_enriquecimento_dados.py for tasks to queue
[2026-07-14T15:10:45.663+0000] {logging_mixin.py:188} INFO - [2026-07-14T15:10:45.663+0000] {dagbag.py:538} INFO - Filling up the DagBag from /opt/airflow/dags/dag_enriquecimento_dados.py
[2026-07-14T15:10:45.670+0000] {processor.py:840} INFO - DAG(s) 'dag_enriquecimento_dados' retrieved from /opt/airflow/dags/dag_enriquecimento_dados.py
[2026-07-14T15:10:45.691+0000] {logging_mixin.py:188} INFO - [2026-07-14T15:10:45.691+0000] {dag.py:3036} INFO - Sync 1 DAGs
[2026-07-14T15:10:45.703+0000] {logging_mixin.py:188} INFO - [2026-07-14T15:10:45.703+0000] {dag.py:3823} INFO - Setting next_dagrun for dag_enriquecimento_dados to None, run_after=None
[2026-07-14T15:10:45.721+0000] {processor.py:183} INFO - Processing /opt/airflow/dags/dag_enriquecimento_dados.py took 0.062 seconds
[2026-07-14T15:11:15.853+0000] {processor.py:161} INFO - Started process (PID=11279) to work on /opt/airflow/dags/dag_enriquecimento_dados.py
[2026-07-14T15:11:15.854+0000] {processor.py:830} INFO - Processing file /opt/airflow/dags/dag_enriquecimento_dados.py for tasks to queue
[2026-07-14T15:11:15.854+0000] {logging_mixin.py:188} INFO - [2026-07-14T15:11:15.854+0000] {dagbag.py:538} INFO - Filling up the DagBag from /opt/airflow/dags/dag_enriquecimento_dados.py
[2026-07-14T15:11:15.862+0000] {processor.py:840} INFO - DAG(s) 'dag_enriquecimento_dados' retrieved from /opt/airflow/dags/dag_enriquecimento_dados.py
[2026-07-14T15:11:15.883+0000] {logging_mixin.py:188} INFO - [2026-07-14T15:11:15.883+0000] {dag.py:3036} INFO - Sync 1 DAGs
[2026-07-14T15:11:15.894+0000] {logging_mixin.py:188} INFO - [2026-07-14T15:11:15.894+0000] {dag.py:3823} INFO - Setting next_dagrun for dag_enriquecimento_dados to None, run_after=None
[2026-07-14T15:11:15.912+0000] {processor.py:183} INFO - Processing /opt/airflow/dags/dag_enriquecimento_dados.py took 0.062 seconds
[2026-07-14T15:11:46.043+0000] {processor.py:161} INFO - Started process (PID=11294) to work on /opt/airflow/dags/dag_enriquecimento_dados.py
[2026-07-14T15:11:46.044+0000] {processor.py:830} INFO - Processing file /opt/airflow/dags/dag_enriquecimento_dados.py for tasks to queue
[2026-07-14T15:11:46.045+0000] {logging_mixin.py:188} INFO - [2026-07-14T15:11:46.044+0000] {dagbag.py:538} INFO - Filling up the DagBag from /opt/airflow/dags/dag_enriquecimento_dados.py
[2026-07-14T15:11:46.052+0000] {processor.py:840} INFO - DAG(s) 'dag_enriquecimento_dados' retrieved from /opt/airflow/dags/dag_enriquecimento_dados.py
[2026-07-14T15:11:46.072+0000] {logging_mixin.py:188} INFO - [2026-07-14T15:11:46.072+0000] {dag.py:3036} INFO - Sync 1 DAGs
[2026-07-14T15:11:46.084+0000] {logging_mixin.py:188} INFO - [2026-07-14T15:11:46.083+0000] {dag.py:3823} INFO - Setting next_dagrun for dag_enriquecimento_dados to None, run_after=None
[2026-07-14T15:11:46.102+0000] {processor.py:183} INFO - Processing /opt/airflow/dags/dag_enriquecimento_dados.py took 0.061 seconds
[2026-07-14T15:12:16.237+0000] {processor.py:161} INFO - Started process (PID=11309) to work on /opt/airflow/dags/dag_enriquecimento_dados.py
[2026-07-14T15:12:16.238+0000] {processor.py:830} INFO - Processing file /opt/airflow/dags/dag_enriquecimento_dados.py for tasks to queue
[2026-07-14T15:12:16.239+0000] {logging_mixin.py:188} INFO - [2026-07-14T15:12:16.238+0000] {dagbag.py:538} INFO - Filling up the DagBag from /opt/airflow/dags/dag_enriquecimento_dados.py
[2026-07-14T15:12:16.246+0000] {processor.py:840} INFO - DAG(s) 'dag_enriquecimento_dados' retrieved from /opt/airflow/dags/dag_enriquecimento_dados.py
[2026-07-14T15:12:16.266+0000] {logging_mixin.py:188} INFO - [2026-07-14T15:12:16.266+0000] {dag.py:3036} INFO - Sync 1 DAGs
[2026-07-14T15:12:16.277+0000] {logging_mixin.py:188} INFO - [2026-07-14T15:12:16.277+0000] {dag.py:3823} INFO - Setting next_dagrun for dag_enriquecimento_dados to None, run_after=None
[2026-07-14T15:12:16.293+0000] {processor.py:183} INFO - Processing /opt/airflow/dags/dag_enriquecimento_dados.py took 0.058 seconds
[2026-07-14T15:12:46.428+0000] {processor.py:161} INFO - Started process (PID=11324) to work on /opt/airflow/dags/dag_enriquecimento_dados.py
[2026-07-14T15:12:46.429+0000] {processor.py:830} INFO - Processing file /opt/airflow/dags/dag_enriquecimento_dados.py for tasks to queue
[2026-07-14T15:12:46.430+0000] {logging_mixin.py:188} INFO - [2026-07-14T15:12:46.429+0000] {dagbag.py:538} INFO - Filling up the DagBag from /opt/airflow/dags/dag_enriquecimento_dados.py
[2026-07-14T15:12:46.437+0000] {processor.py:840} INFO - DAG(s) 'dag_enriquecimento_dados' retrieved from /opt/airflow/dags/dag_enriquecimento_dados.py
[2026-07-14T15:12:46.457+0000] {logging_mixin.py:188} INFO - [2026-07-14T15:12:46.457+0000] {dag.py:3036} INFO - Sync 1 DAGs
[2026-07-14T15:12:46.467+0000] {logging_mixin.py:188} INFO - [2026-07-14T15:12:46.467+0000] {dag.py:3823} INFO - Setting next_dagrun for dag_enriquecimento_dados to None, run_after=None
[2026-07-14T15:12:46.483+0000] {processor.py:183} INFO - Processing /opt/airflow/dags/dag_enriquecimento_dados.py took 0.058 seconds
[2026-07-14T15:13:16.617+0000] {processor.py:161} INFO - Started process (PID=11339) to work on /opt/airflow/dags/dag_enriquecimento_dados.py
[2026-07-14T15:13:16.618+0000] {processor.py:830} INFO - Processing file /opt/airflow/dags/dag_enriquecimento_dados.py for tasks to queue
[2026-07-14T15:13:16.619+0000] {logging_mixin.py:188} INFO - [2026-07-14T15:13:16.618+0000] {dagbag.py:538} INFO - Filling up the DagBag from /opt/airflow/dags/dag_enriquecimento_dados.py
[2026-07-14T15:13:16.626+0000] {processor.py:840} INFO - DAG(s) 'dag_enriquecimento_dados' retrieved from /opt/airflow/dags/dag_enriquecimento_dados.py
[2026-07-14T15:13:16.648+0000] {logging_mixin.py:188} INFO - [2026-07-14T15:13:16.647+0000] {dag.py:3036} INFO - Sync 1 DAGs
[2026-07-14T15:13:16.659+0000] {logging_mixin.py:188} INFO - [2026-07-14T15:13:16.659+0000] {dag.py:3823} INFO - Setting next_dagrun for dag_enriquecimento_dados to None, run_after=None
[2026-07-14T15:13:16.674+0000] {processor.py:183} INFO - Processing /opt/airflow/dags/dag_enriquecimento_dados.py took 0.059 seconds
[2026-07-14T15:13:46.804+0000] {processor.py:161} INFO - Started process (PID=11354) to work on /opt/airflow/dags/dag_enriquecimento_dados.py
[2026-07-14T15:13:46.804+0000] {processor.py:830} INFO - Processing file /opt/airflow/dags/dag_enriquecimento_dados.py for tasks to queue
[2026-07-14T15:13:46.805+0000] {logging_mixin.py:188} INFO - [2026-07-14T15:13:46.805+0000] {dagbag.py:538} INFO - Filling up the DagBag from /opt/airflow/dags/dag_enriquecimento_dados.py
[2026-07-14T15:13:46.812+0000] {processor.py:840} INFO - DAG(s) 'dag_enriquecimento_dados' retrieved from /opt/airflow/dags/dag_enriquecimento_dados.py
[2026-07-14T15:13:46.833+0000] {logging_mixin.py:188} INFO - [2026-07-14T15:13:46.832+0000] {dag.py:3036} INFO - Sync 1 DAGs
[2026-07-14T15:13:46.845+0000] {logging_mixin.py:188} INFO - [2026-07-14T15:13:46.844+0000] {dag.py:3823} INFO - Setting next_dagrun for dag_enriquecimento_dados to None, run_after=None
[2026-07-14T15:13:46.864+0000] {processor.py:183} INFO - Processing /opt/airflow/dags/dag_enriquecimento_dados.py took 0.063 seconds
[2026-07-14T15:14:17.003+0000] {processor.py:161} INFO - Started process (PID=11369) to work on /opt/airflow/dags/dag_enriquecimento_dados.py
[2026-07-14T15:14:17.004+0000] {processor.py:830} INFO - Processing file /opt/airflow/dags/dag_enriquecimento_dados.py for tasks to queue
[2026-07-14T15:14:17.004+0000] {logging_mixin.py:188} INFO - [2026-07-14T15:14:17.004+0000] {dagbag.py:538} INFO - Filling up the DagBag from /opt/airflow/dags/dag_enriquecimento_dados.py
[2026-07-14T15:14:17.013+0000] {processor.py:840} INFO - DAG(s) 'dag_enriquecimento_dados' retrieved from /opt/airflow/dags/dag_enriquecimento_dados.py
[2026-07-14T15:14:17.035+0000] {logging_mixin.py:188} INFO - [2026-07-14T15:14:17.035+0000] {dag.py:3036} INFO - Sync 1 DAGs
[2026-07-14T15:14:17.048+0000] {logging_mixin.py:188} INFO - [2026-07-14T15:14:17.048+0000] {dag.py:3823} INFO - Setting next_dagrun for dag_enriquecimento_dados to None, run_after=None
[2026-07-14T15:14:17.067+0000] {processor.py:183} INFO - Processing /opt/airflow/dags/dag_enriquecimento_dados.py took 0.067 seconds
[2026-07-14T15:14:47.206+0000] {processor.py:161} INFO - Started process (PID=11384) to work on /opt/airflow/dags/dag_enriquecimento_dados.py
[2026-07-14T15:14:47.207+0000] {processor.py:830} INFO - Processing file /opt/airflow/dags/dag_enriquecimento_dados.py for tasks to queue
[2026-07-14T15:14:47.208+0000] {logging_mixin.py:188} INFO - [2026-07-14T15:14:47.208+0000] {dagbag.py:538} INFO - Filling up the DagBag from /opt/airflow/dags/dag_enriquecimento_dados.py
[2026-07-14T15:14:47.216+0000] {processor.py:840} INFO - DAG(s) 'dag_enriquecimento_dados' retrieved from /opt/airflow/dags/dag_enriquecimento_dados.py
[2026-07-14T15:14:47.236+0000] {logging_mixin.py:188} INFO - [2026-07-14T15:14:47.235+0000] {dag.py:3036} INFO - Sync 1 DAGs
[2026-07-14T15:14:47.246+0000] {logging_mixin.py:188} INFO - [2026-07-14T15:14:47.246+0000] {dag.py:3823} INFO - Setting next_dagrun for dag_enriquecimento_dados to None, run_after=None
[2026-07-14T15:14:47.264+0000] {processor.py:183} INFO - Processing /opt/airflow/dags/dag_enriquecimento_dados.py took 0.060 seconds
[2026-07-14T15:15:17.400+0000] {processor.py:161} INFO - Started process (PID=11399) to work on /opt/airflow/dags/dag_enriquecimento_dados.py
[2026-07-14T15:15:17.400+0000] {processor.py:830} INFO - Processing file /opt/airflow/dags/dag_enriquecimento_dados.py for tasks to queue
[2026-07-14T15:15:17.401+0000] {logging_mixin.py:188} INFO - [2026-07-14T15:15:17.401+0000] {dagbag.py:538} INFO - Filling up the DagBag from /opt/airflow/dags/dag_enriquecimento_dados.py
[2026-07-14T15:15:17.409+0000] {processor.py:840} INFO - DAG(s) 'dag_enriquecimento_dados' retrieved from /opt/airflow/dags/dag_enriquecimento_dados.py
[2026-07-14T15:15:17.430+0000] {logging_mixin.py:188} INFO - [2026-07-14T15:15:17.430+0000] {dag.py:3036} INFO - Sync 1 DAGs
[2026-07-14T15:15:17.440+0000] {logging_mixin.py:188} INFO - [2026-07-14T15:15:17.440+0000] {dag.py:3823} INFO - Setting next_dagrun for dag_enriquecimento_dados to None, run_after=None
[2026-07-14T15:15:17.457+0000] {processor.py:183} INFO - Processing /opt/airflow/dags/dag_enriquecimento_dados.py took 0.060 seconds
[2026-07-14T18:53:24.756+0000] {processor.py:161} INFO - Started process (PID=171) to work on /opt/airflow/dags/dag_enriquecimento_dados.py
[2026-07-14T18:53:24.757+0000] {processor.py:830} INFO - Processing file /opt/airflow/dags/dag_enriquecimento_dados.py for tasks to queue
[2026-07-14T18:53:24.758+0000] {logging_mixin.py:188} INFO - [2026-07-14T18:53:24.757+0000] {dagbag.py:538} INFO - Filling up the DagBag from /opt/airflow/dags/dag_enriquecimento_dados.py
[2026-07-14T18:53:24.770+0000] {processor.py:840} INFO - DAG(s) 'dag_enriquecimento_dados' retrieved from /opt/airflow/dags/dag_enriquecimento_dados.py
[2026-07-14T18:53:24.794+0000] {logging_mixin.py:188} INFO - [2026-07-14T18:53:24.793+0000] {dag.py:3036} INFO - Sync 1 DAGs
[2026-07-14T18:53:24.808+0000] {logging_mixin.py:188} INFO - [2026-07-14T18:53:24.808+0000] {dag.py:3823} INFO - Setting next_dagrun for dag_enriquecimento_dados to None, run_after=None
[2026-07-14T18:53:24.825+0000] {processor.py:183} INFO - Processing /opt/airflow/dags/dag_enriquecimento_dados.py took 0.072 seconds
[2026-07-14T18:53:54.968+0000] {processor.py:161} INFO - Started process (PID=187) to work on /opt/airflow/dags/dag_enriquecimento_dados.py
[2026-07-14T18:53:54.969+0000] {processor.py:830} INFO - Processing file /opt/airflow/dags/dag_enriquecimento_dados.py for tasks to queue
[2026-07-14T18:53:54.969+0000] {logging_mixin.py:188} INFO - [2026-07-14T18:53:54.969+0000] {dagbag.py:538} INFO - Filling up the DagBag from /opt/airflow/dags/dag_enriquecimento_dados.py
[2026-07-14T18:53:54.976+0000] {processor.py:840} INFO - DAG(s) 'dag_enriquecimento_dados' retrieved from /opt/airflow/dags/dag_enriquecimento_dados.py
[2026-07-14T18:53:55.112+0000] {logging_mixin.py:188} INFO - [2026-07-14T18:53:55.112+0000] {dag.py:3036} INFO - Sync 1 DAGs
[2026-07-14T18:53:55.121+0000] {logging_mixin.py:188} INFO - [2026-07-14T18:53:55.121+0000] {dag.py:3823} INFO - Setting next_dagrun for dag_enriquecimento_dados to None, run_after=None
[2026-07-14T18:53:55.140+0000] {processor.py:183} INFO - Processing /opt/airflow/dags/dag_enriquecimento_dados.py took 0.174 seconds
[2026-07-14T18:54:25.282+0000] {processor.py:161} INFO - Started process (PID=202) to work on /opt/airflow/dags/dag_enriquecimento_dados.py
[2026-07-14T18:54:25.282+0000] {processor.py:830} INFO - Processing file /opt/airflow/dags/dag_enriquecimento_dados.py for tasks to queue
[2026-07-14T18:54:25.283+0000] {logging_mixin.py:188} INFO - [2026-07-14T18:54:25.283+0000] {dagbag.py:538} INFO - Filling up the DagBag from /opt/airflow/dags/dag_enriquecimento_dados.py
[2026-07-14T18:54:25.290+0000] {processor.py:840} INFO - DAG(s) 'dag_enriquecimento_dados' retrieved from /opt/airflow/dags/dag_enriquecimento_dados.py
[2026-07-14T18:54:25.310+0000] {logging_mixin.py:188} INFO - [2026-07-14T18:54:25.310+0000] {dag.py:3036} INFO - Sync 1 DAGs
[2026-07-14T18:54:25.321+0000] {logging_mixin.py:188} INFO - [2026-07-14T18:54:25.321+0000] {dag.py:3823} INFO - Setting next_dagrun for dag_enriquecimento_dados to None, run_after=None
[2026-07-14T18:54:25.338+0000] {processor.py:183} INFO - Processing /opt/airflow/dags/dag_enriquecimento_dados.py took 0.058 seconds
[2026-07-14T18:54:55.475+0000] {processor.py:161} INFO - Started process (PID=217) to work on /opt/airflow/dags/dag_enriquecimento_dados.py
[2026-07-14T18:54:55.475+0000] {processor.py:830} INFO - Processing file /opt/airflow/dags/dag_enriquecimento_dados.py for tasks to queue
[2026-07-14T18:54:55.476+0000] {logging_mixin.py:188} INFO - [2026-07-14T18:54:55.476+0000] {dagbag.py:538} INFO - Filling up the DagBag from /opt/airflow/dags/dag_enriquecimento_dados.py
[2026-07-14T18:54:55.483+0000] {processor.py:840} INFO - DAG(s) 'dag_enriquecimento_dados' retrieved from /opt/airflow/dags/dag_enriquecimento_dados.py
[2026-07-14T18:54:55.503+0000] {logging_mixin.py:188} INFO - [2026-07-14T18:54:55.503+0000] {dag.py:3036} INFO - Sync 1 DAGs
[2026-07-14T18:54:55.515+0000] {logging_mixin.py:188} INFO - [2026-07-14T18:54:55.515+0000] {dag.py:3823} INFO - Setting next_dagrun for dag_enriquecimento_dados to None, run_after=None
[2026-07-14T18:54:55.530+0000] {processor.py:183} INFO - Processing /opt/airflow/dags/dag_enriquecimento_dados.py took 0.058 seconds
[2026-07-14T18:55:25.671+0000] {processor.py:161} INFO - Started process (PID=232) to work on /opt/airflow/dags/dag_enriquecimento_dados.py
[2026-07-14T18:55:25.672+0000] {processor.py:830} INFO - Processing file /opt/airflow/dags/dag_enriquecimento_dados.py for tasks to queue
[2026-07-14T18:55:25.672+0000] {logging_mixin.py:188} INFO - [2026-07-14T18:55:25.672+0000] {dagbag.py:538} INFO - Filling up the DagBag from /opt/airflow/dags/dag_enriquecimento_dados.py
[2026-07-14T18:55:25.683+0000] {processor.py:840} INFO - DAG(s) 'dag_enriquecimento_dados' retrieved from /opt/airflow/dags/dag_enriquecimento_dados.py
[2026-07-14T18:55:25.709+0000] {logging_mixin.py:188} INFO - [2026-07-14T18:55:25.709+0000] {dag.py:3036} INFO - Sync 1 DAGs
[2026-07-14T18:55:25.722+0000] {logging_mixin.py:188} INFO - [2026-07-14T18:55:25.722+0000] {dag.py:3823} INFO - Setting next_dagrun for dag_enriquecimento_dados to None, run_after=None
[2026-07-14T18:55:25.742+0000] {processor.py:183} INFO - Processing /opt/airflow/dags/dag_enriquecimento_dados.py took 0.074 seconds
[2026-07-14T18:55:55.879+0000] {processor.py:161} INFO - Started process (PID=247) to work on /opt/airflow/dags/dag_enriquecimento_dados.py
[2026-07-14T18:55:55.880+0000] {processor.py:830} INFO - Processing file /opt/airflow/dags/dag_enriquecimento_dados.py for tasks to queue
[2026-07-14T18:55:55.880+0000] {logging_mixin.py:188} INFO - [2026-07-14T18:55:55.880+0000] {dagbag.py:538} INFO - Filling up the DagBag from /opt/airflow/dags/dag_enriquecimento_dados.py
[2026-07-14T18:55:55.888+0000] {processor.py:840} INFO - DAG(s) 'dag_enriquecimento_dados' retrieved from /opt/airflow/dags/dag_enriquecimento_dados.py
[2026-07-14T18:55:55.908+0000] {logging_mixin.py:188} INFO - [2026-07-14T18:55:55.908+0000] {dag.py:3036} INFO - Sync 1 DAGs
[2026-07-14T18:55:55.918+0000] {logging_mixin.py:188} INFO - [2026-07-14T18:55:55.918+0000] {dag.py:3823} INFO - Setting next_dagrun for dag_enriquecimento_dados to None, run_after=None
[2026-07-14T18:55:55.936+0000] {processor.py:183} INFO - Processing /opt/airflow/dags/dag_enriquecimento_dados.py took 0.059 seconds
[2026-07-14T18:56:26.073+0000] {processor.py:161} INFO - Started process (PID=262) to work on /opt/airflow/dags/dag_enriquecimento_dados.py
[2026-07-14T18:56:26.073+0000] {processor.py:830} INFO - Processing file /opt/airflow/dags/dag_enriquecimento_dados.py for tasks to queue
[2026-07-14T18:56:26.074+0000] {logging_mixin.py:188} INFO - [2026-07-14T18:56:26.074+0000] {dagbag.py:538} INFO - Filling up the DagBag from /opt/airflow/dags/dag_enriquecimento_dados.py
[2026-07-14T18:56:26.082+0000] {processor.py:840} INFO - DAG(s) 'dag_enriquecimento_dados' retrieved from /opt/airflow/dags/dag_enriquecimento_dados.py
[2026-07-14T18:56:26.102+0000] {logging_mixin.py:188} INFO - [2026-07-14T18:56:26.102+0000] {dag.py:3036} INFO - Sync 1 DAGs
[2026-07-14T18:56:26.115+0000] {logging_mixin.py:188} INFO - [2026-07-14T18:56:26.114+0000] {dag.py:3823} INFO - Setting next_dagrun for dag_enriquecimento_dados to None, run_after=None
[2026-07-14T18:56:26.133+0000] {processor.py:183} INFO - Processing /opt/airflow/dags/dag_enriquecimento_dados.py took 0.063 seconds
[2026-07-14T18:56:56.270+0000] {processor.py:161} INFO - Started process (PID=277) to work on /opt/airflow/dags/dag_enriquecimento_dados.py
[2026-07-14T18:56:56.271+0000] {processor.py:830} INFO - Processing file /opt/airflow/dags/dag_enriquecimento_dados.py for tasks to queue
[2026-07-14T18:56:56.271+0000] {logging_mixin.py:188} INFO - [2026-07-14T18:56:56.271+0000] {dagbag.py:538} INFO - Filling up the DagBag from /opt/airflow/dags/dag_enriquecimento_dados.py
[2026-07-14T18:56:56.279+0000] {processor.py:840} INFO - DAG(s) 'dag_enriquecimento_dados' retrieved from /opt/airflow/dags/dag_enriquecimento_dados.py
[2026-07-14T18:56:56.299+0000] {logging_mixin.py:188} INFO - [2026-07-14T18:56:56.299+0000] {dag.py:3036} INFO - Sync 1 DAGs
[2026-07-14T18:56:56.310+0000] {logging_mixin.py:188} INFO - [2026-07-14T18:56:56.309+0000] {dag.py:3823} INFO - Setting next_dagrun for dag_enriquecimento_dados to None, run_after=None
[2026-07-14T18:56:56.326+0000] {processor.py:183} INFO - Processing /opt/airflow/dags/dag_enriquecimento_dados.py took 0.058 seconds
[2026-07-14T18:57:26.459+0000] {processor.py:161} INFO - Started process (PID=292) to work on /opt/airflow/dags/dag_enriquecimento_dados.py
[2026-07-14T18:57:26.460+0000] {processor.py:830} INFO - Processing file /opt/airflow/dags/dag_enriquecimento_dados.py for tasks to queue
[2026-07-14T18:57:26.461+0000] {logging_mixin.py:188} INFO - [2026-07-14T18:57:26.460+0000] {dagbag.py:538} INFO - Filling up the DagBag from /opt/airflow/dags/dag_enriquecimento_dados.py
[2026-07-14T18:57:26.469+0000] {processor.py:840} INFO - DAG(s) 'dag_enriquecimento_dados' retrieved from /opt/airflow/dags/dag_enriquecimento_dados.py
[2026-07-14T18:57:26.489+0000] {logging_mixin.py:188} INFO - [2026-07-14T18:57:26.489+0000] {dag.py:3036} INFO - Sync 1 DAGs
[2026-07-14T18:57:26.500+0000] {logging_mixin.py:188} INFO - [2026-07-14T18:57:26.499+0000] {dag.py:3823} INFO - Setting next_dagrun for dag_enriquecimento_dados to None, run_after=None
[2026-07-14T18:57:26.516+0000] {processor.py:183} INFO - Processing /opt/airflow/dags/dag_enriquecimento_dados.py took 0.060 seconds
[2026-07-14T18:57:56.653+0000] {processor.py:161} INFO - Started process (PID=307) to work on /opt/airflow/dags/dag_enriquecimento_dados.py
[2026-07-14T18:57:56.653+0000] {processor.py:830} INFO - Processing file /opt/airflow/dags/dag_enriquecimento_dados.py for tasks to queue
[2026-07-14T18:57:56.654+0000] {logging_mixin.py:188} INFO - [2026-07-14T18:57:56.654+0000] {dagbag.py:538} INFO - Filling up the DagBag from /opt/airflow/dags/dag_enriquecimento_dados.py
[2026-07-14T18:57:56.661+0000] {processor.py:840} INFO - DAG(s) 'dag_enriquecimento_dados' retrieved from /opt/airflow/dags/dag_enriquecimento_dados.py
[2026-07-14T18:57:56.682+0000] {logging_mixin.py:188} INFO - [2026-07-14T18:57:56.682+0000] {dag.py:3036} INFO - Sync 1 DAGs
[2026-07-14T18:57:56.695+0000] {logging_mixin.py:188} INFO - [2026-07-14T18:57:56.694+0000] {dag.py:3823} INFO - Setting next_dagrun for dag_enriquecimento_dados to None, run_after=None
[2026-07-14T18:57:56.712+0000] {processor.py:183} INFO - Processing /opt/airflow/dags/dag_enriquecimento_dados.py took 0.062 seconds
[2026-07-14T18:58:26.855+0000] {processor.py:161} INFO - Started process (PID=322) to work on /opt/airflow/dags/dag_enriquecimento_dados.py
[2026-07-14T18:58:26.855+0000] {processor.py:830} INFO - Processing file /opt/airflow/dags/dag_enriquecimento_dados.py for tasks to queue
[2026-07-14T18:58:26.856+0000] {logging_mixin.py:188} INFO - [2026-07-14T18:58:26.856+0000] {dagbag.py:538} INFO - Filling up the DagBag from /opt/airflow/dags/dag_enriquecimento_dados.py
[2026-07-14T18:58:26.863+0000] {processor.py:840} INFO - DAG(s) 'dag_enriquecimento_dados' retrieved from /opt/airflow/dags/dag_enriquecimento_dados.py
[2026-07-14T18:58:26.883+0000] {logging_mixin.py:188} INFO - [2026-07-14T18:58:26.883+0000] {dag.py:3036} INFO - Sync 1 DAGs
[2026-07-14T18:58:26.896+0000] {logging_mixin.py:188} INFO - [2026-07-14T18:58:26.895+0000] {dag.py:3823} INFO - Setting next_dagrun for dag_enriquecimento_dados to None, run_after=None
[2026-07-14T18:58:26.912+0000] {processor.py:183} INFO - Processing /opt/airflow/dags/dag_enriquecimento_dados.py took 0.060 seconds
[2026-07-14T18:58:57.048+0000] {processor.py:161} INFO - Started process (PID=337) to work on /opt/airflow/dags/dag_enriquecimento_dados.py
[2026-07-14T18:58:57.049+0000] {processor.py:830} INFO - Processing file /opt/airflow/dags/dag_enriquecimento_dados.py for tasks to queue
[2026-07-14T18:58:57.049+0000] {logging_mixin.py:188} INFO - [2026-07-14T18:58:57.049+0000] {dagbag.py:538} INFO - Filling up the DagBag from /opt/airflow/dags/dag_enriquecimento_dados.py
[2026-07-14T18:58:57.057+0000] {processor.py:840} INFO - DAG(s) 'dag_enriquecimento_dados' retrieved from /opt/airflow/dags/dag_enriquecimento_dados.py
[2026-07-14T18:58:57.078+0000] {logging_mixin.py:188} INFO - [2026-07-14T18:58:57.078+0000] {dag.py:3036} INFO - Sync 1 DAGs
[2026-07-14T18:58:57.089+0000] {logging_mixin.py:188} INFO - [2026-07-14T18:58:57.089+0000] {dag.py:3823} INFO - Setting next_dagrun for dag_enriquecimento_dados to None, run_after=None
[2026-07-14T18:58:57.106+0000] {processor.py:183} INFO - Processing /opt/airflow/dags/dag_enriquecimento_dados.py took 0.060 seconds
[2026-07-14T18:59:27.245+0000] {processor.py:161} INFO - Started process (PID=352) to work on /opt/airflow/dags/dag_enriquecimento_dados.py
[2026-07-14T18:59:27.245+0000] {processor.py:830} INFO - Processing file /opt/airflow/dags/dag_enriquecimento_dados.py for tasks to queue
[2026-07-14T18:59:27.246+0000] {logging_mixin.py:188} INFO - [2026-07-14T18:59:27.246+0000] {dagbag.py:538} INFO - Filling up the DagBag from /opt/airflow/dags/dag_enriquecimento_dados.py
[2026-07-14T18:59:27.253+0000] {processor.py:840} INFO - DAG(s) 'dag_enriquecimento_dados' retrieved from /opt/airflow/dags/dag_enriquecimento_dados.py
[2026-07-14T18:59:27.274+0000] {logging_mixin.py:188} INFO - [2026-07-14T18:59:27.273+0000] {dag.py:3036} INFO - Sync 1 DAGs
[2026-07-14T18:59:27.285+0000] {logging_mixin.py:188} INFO - [2026-07-14T18:59:27.285+0000] {dag.py:3823} INFO - Setting next_dagrun for dag_enriquecimento_dados to None, run_after=None
[2026-07-14T18:59:27.302+0000] {processor.py:183} INFO - Processing /opt/airflow/dags/dag_enriquecimento_dados.py took 0.059 seconds
[2026-07-14T18:59:57.438+0000] {processor.py:161} INFO - Started process (PID=367) to work on /opt/airflow/dags/dag_enriquecimento_dados.py
[2026-07-14T18:59:57.439+0000] {processor.py:830} INFO - Processing file /opt/airflow/dags/dag_enriquecimento_dados.py for tasks to queue
[2026-07-14T18:59:57.440+0000] {logging_mixin.py:188} INFO - [2026-07-14T18:59:57.439+0000] {dagbag.py:538} INFO - Filling up the DagBag from /opt/airflow/dags/dag_enriquecimento_dados.py
[2026-07-14T18:59:57.447+0000] {processor.py:840} INFO - DAG(s) 'dag_enriquecimento_dados' retrieved from /opt/airflow/dags/dag_enriquecimento_dados.py
[2026-07-14T18:59:57.467+0000] {logging_mixin.py:188} INFO - [2026-07-14T18:59:57.467+0000] {dag.py:3036} INFO - Sync 1 DAGs
[2026-07-14T18:59:57.478+0000] {logging_mixin.py:188} INFO - [2026-07-14T18:59:57.477+0000] {dag.py:3823} INFO - Setting next_dagrun for dag_enriquecimento_dados to None, run_after=None
[2026-07-14T18:59:57.493+0000] {processor.py:183} INFO - Processing /opt/airflow/dags/dag_enriquecimento_dados.py took 0.057 seconds
[2026-07-14T19:04:15.971+0000] {processor.py:161} INFO - Started process (PID=172) to work on /opt/airflow/dags/dag_enriquecimento_dados.py
[2026-07-14T19:04:15.974+0000] {processor.py:830} INFO - Processing file /opt/airflow/dags/dag_enriquecimento_dados.py for tasks to queue
[2026-07-14T19:04:15.975+0000] {logging_mixin.py:188} INFO - [2026-07-14T19:04:15.975+0000] {dagbag.py:538} INFO - Filling up the DagBag from /opt/airflow/dags/dag_enriquecimento_dados.py
[2026-07-14T19:04:16.012+0000] {processor.py:840} INFO - DAG(s) 'dag_enriquecimento_dados' retrieved from /opt/airflow/dags/dag_enriquecimento_dados.py
[2026-07-14T19:04:16.041+0000] {logging_mixin.py:188} INFO - [2026-07-14T19:04:16.041+0000] {dag.py:3036} INFO - Sync 1 DAGs
[2026-07-14T19:04:16.058+0000] {logging_mixin.py:188} INFO - [2026-07-14T19:04:16.058+0000] {dag.py:3823} INFO - Setting next_dagrun for dag_enriquecimento_dados to None, run_after=None
[2026-07-14T19:04:16.080+0000] {processor.py:183} INFO - Processing /opt/airflow/dags/dag_enriquecimento_dados.py took 0.116 seconds
[2026-07-14T19:04:46.236+0000] {processor.py:161} INFO - Started process (PID=187) to work on /opt/airflow/dags/dag_enriquecimento_dados.py
[2026-07-14T19:04:46.236+0000] {processor.py:830} INFO - Processing file /opt/airflow/dags/dag_enriquecimento_dados.py for tasks to queue
[2026-07-14T19:04:46.237+0000] {logging_mixin.py:188} INFO - [2026-07-14T19:04:46.237+0000] {dagbag.py:538} INFO - Filling up the DagBag from /opt/airflow/dags/dag_enriquecimento_dados.py
[2026-07-14T19:04:46.245+0000] {processor.py:840} INFO - DAG(s) 'dag_enriquecimento_dados' retrieved from /opt/airflow/dags/dag_enriquecimento_dados.py
[2026-07-14T19:04:46.379+0000] {logging_mixin.py:188} INFO - [2026-07-14T19:04:46.378+0000] {dag.py:3036} INFO - Sync 1 DAGs
[2026-07-14T19:04:46.387+0000] {logging_mixin.py:188} INFO - [2026-07-14T19:04:46.387+0000] {dag.py:3823} INFO - Setting next_dagrun for dag_enriquecimento_dados to None, run_after=None
[2026-07-14T19:04:46.624+0000] {processor.py:183} INFO - Processing /opt/airflow/dags/dag_enriquecimento_dados.py took 0.391 seconds
[2026-07-14T19:05:19.762+0000] {processor.py:161} INFO - Started process (PID=172) to work on /opt/airflow/dags/dag_enriquecimento_dados.py
[2026-07-14T19:05:19.763+0000] {processor.py:830} INFO - Processing file /opt/airflow/dags/dag_enriquecimento_dados.py for tasks to queue
[2026-07-14T19:05:19.764+0000] {logging_mixin.py:188} INFO - [2026-07-14T19:05:19.763+0000] {dagbag.py:538} INFO - Filling up the DagBag from /opt/airflow/dags/dag_enriquecimento_dados.py
[2026-07-14T19:05:19.773+0000] {processor.py:840} INFO - DAG(s) 'dag_enriquecimento_dados' retrieved from /opt/airflow/dags/dag_enriquecimento_dados.py
[2026-07-14T19:05:19.796+0000] {logging_mixin.py:188} INFO - [2026-07-14T19:05:19.796+0000] {dag.py:3036} INFO - Sync 1 DAGs
[2026-07-14T19:05:19.810+0000] {logging_mixin.py:188} INFO - [2026-07-14T19:05:19.810+0000] {dag.py:3823} INFO - Setting next_dagrun for dag_enriquecimento_dados to None, run_after=None
[2026-07-14T19:05:19.830+0000] {processor.py:183} INFO - Processing /opt/airflow/dags/dag_enriquecimento_dados.py took 0.070 seconds
[2026-07-14T19:05:49.971+0000] {processor.py:161} INFO - Started process (PID=187) to work on /opt/airflow/dags/dag_enriquecimento_dados.py
[2026-07-14T19:05:49.972+0000] {processor.py:830} INFO - Processing file /opt/airflow/dags/dag_enriquecimento_dados.py for tasks to queue
[2026-07-14T19:05:49.973+0000] {logging_mixin.py:188} INFO - [2026-07-14T19:05:49.972+0000] {dagbag.py:538} INFO - Filling up the DagBag from /opt/airflow/dags/dag_enriquecimento_dados.py
[2026-07-14T19:05:49.980+0000] {processor.py:840} INFO - DAG(s) 'dag_enriquecimento_dados' retrieved from /opt/airflow/dags/dag_enriquecimento_dados.py
[2026-07-14T19:05:50.111+0000] {logging_mixin.py:188} INFO - [2026-07-14T19:05:50.110+0000] {dag.py:3036} INFO - Sync 1 DAGs
[2026-07-14T19:05:50.120+0000] {logging_mixin.py:188} INFO - [2026-07-14T19:05:50.120+0000] {dag.py:3823} INFO - Setting next_dagrun for dag_enriquecimento_dados to None, run_after=None
[2026-07-14T19:05:50.138+0000] {processor.py:183} INFO - Processing /opt/airflow/dags/dag_enriquecimento_dados.py took 0.169 seconds
[2026-07-14T19:06:55.002+0000] {processor.py:161} INFO - Started process (PID=171) to work on /opt/airflow/dags/dag_enriquecimento_dados.py
[2026-07-14T19:06:55.002+0000] {processor.py:830} INFO - Processing file /opt/airflow/dags/dag_enriquecimento_dados.py for tasks to queue
[2026-07-14T19:06:55.003+0000] {logging_mixin.py:188} INFO - [2026-07-14T19:06:55.003+0000] {dagbag.py:538} INFO - Filling up the DagBag from /opt/airflow/dags/dag_enriquecimento_dados.py
[2026-07-14T19:06:55.011+0000] {processor.py:840} INFO - DAG(s) 'dag_enriquecimento_dados' retrieved from /opt/airflow/dags/dag_enriquecimento_dados.py
[2026-07-14T19:06:55.037+0000] {logging_mixin.py:188} INFO - [2026-07-14T19:06:55.037+0000] {dag.py:3036} INFO - Sync 1 DAGs
[2026-07-14T19:06:55.053+0000] {logging_mixin.py:188} INFO - [2026-07-14T19:06:55.052+0000] {dag.py:3823} INFO - Setting next_dagrun for dag_enriquecimento_dados to None, run_after=None
[2026-07-14T19:06:55.072+0000] {processor.py:183} INFO - Processing /opt/airflow/dags/dag_enriquecimento_dados.py took 0.072 seconds
[2026-07-14T19:07:25.212+0000] {processor.py:161} INFO - Started process (PID=187) to work on /opt/airflow/dags/dag_enriquecimento_dados.py
[2026-07-14T19:07:25.212+0000] {processor.py:830} INFO - Processing file /opt/airflow/dags/dag_enriquecimento_dados.py for tasks to queue
[2026-07-14T19:07:25.213+0000] {logging_mixin.py:188} INFO - [2026-07-14T19:07:25.213+0000] {dagbag.py:538} INFO - Filling up the DagBag from /opt/airflow/dags/dag_enriquecimento_dados.py
[2026-07-14T19:07:25.220+0000] {processor.py:840} INFO - DAG(s) 'dag_enriquecimento_dados' retrieved from /opt/airflow/dags/dag_enriquecimento_dados.py
[2026-07-14T19:07:25.353+0000] {logging_mixin.py:188} INFO - [2026-07-14T19:07:25.353+0000] {dag.py:3036} INFO - Sync 1 DAGs
[2026-07-14T19:07:25.363+0000] {logging_mixin.py:188} INFO - [2026-07-14T19:07:25.363+0000] {dag.py:3823} INFO - Setting next_dagrun for dag_enriquecimento_dados to None, run_after=None
[2026-07-14T19:07:25.382+0000] {processor.py:183} INFO - Processing /opt/airflow/dags/dag_enriquecimento_dados.py took 0.173 seconds
[2026-07-14T19:07:55.526+0000] {processor.py:161} INFO - Started process (PID=202) to work on /opt/airflow/dags/dag_enriquecimento_dados.py
[2026-07-14T19:07:55.527+0000] {processor.py:830} INFO - Processing file /opt/airflow/dags/dag_enriquecimento_dados.py for tasks to queue
[2026-07-14T19:07:55.527+0000] {logging_mixin.py:188} INFO - [2026-07-14T19:07:55.527+0000] {dagbag.py:538} INFO - Filling up the DagBag from /opt/airflow/dags/dag_enriquecimento_dados.py
[2026-07-14T19:07:55.535+0000] {processor.py:840} INFO - DAG(s) 'dag_enriquecimento_dados' retrieved from /opt/airflow/dags/dag_enriquecimento_dados.py
[2026-07-14T19:07:55.556+0000] {logging_mixin.py:188} INFO - [2026-07-14T19:07:55.555+0000] {dag.py:3036} INFO - Sync 1 DAGs
[2026-07-14T19:07:55.568+0000] {logging_mixin.py:188} INFO - [2026-07-14T19:07:55.567+0000] {dag.py:3823} INFO - Setting next_dagrun for dag_enriquecimento_dados to None, run_after=None
[2026-07-14T19:07:55.583+0000] {processor.py:183} INFO - Processing /opt/airflow/dags/dag_enriquecimento_dados.py took 0.060 seconds
[2026-07-14T19:08:25.720+0000] {processor.py:161} INFO - Started process (PID=217) to work on /opt/airflow/dags/dag_enriquecimento_dados.py
[2026-07-14T19:08:25.720+0000] {processor.py:830} INFO - Processing file /opt/airflow/dags/dag_enriquecimento_dados.py for tasks to queue
[2026-07-14T19:08:25.721+0000] {logging_mixin.py:188} INFO - [2026-07-14T19:08:25.721+0000] {dagbag.py:538} INFO - Filling up the DagBag from /opt/airflow/dags/dag_enriquecimento_dados.py
[2026-07-14T19:08:25.728+0000] {processor.py:840} INFO - DAG(s) 'dag_enriquecimento_dados' retrieved from /opt/airflow/dags/dag_enriquecimento_dados.py
[2026-07-14T19:08:25.748+0000] {logging_mixin.py:188} INFO - [2026-07-14T19:08:25.748+0000] {dag.py:3036} INFO - Sync 1 DAGs
[2026-07-14T19:08:25.759+0000] {logging_mixin.py:188} INFO - [2026-07-14T19:08:25.759+0000] {dag.py:3823} INFO - Setting next_dagrun for dag_enriquecimento_dados to None, run_after=None
[2026-07-14T19:08:25.776+0000] {processor.py:183} INFO - Processing /opt/airflow/dags/dag_enriquecimento_dados.py took 0.059 seconds
[2026-07-14T19:08:55.912+0000] {processor.py:161} INFO - Started process (PID=232) to work on /opt/airflow/dags/dag_enriquecimento_dados.py
[2026-07-14T19:08:55.913+0000] {processor.py:830} INFO - Processing file /opt/airflow/dags/dag_enriquecimento_dados.py for tasks to queue
[2026-07-14T19:08:55.913+0000] {logging_mixin.py:188} INFO - [2026-07-14T19:08:55.913+0000] {dagbag.py:538} INFO - Filling up the DagBag from /opt/airflow/dags/dag_enriquecimento_dados.py
[2026-07-14T19:08:55.921+0000] {processor.py:840} INFO - DAG(s) 'dag_enriquecimento_dados' retrieved from /opt/airflow/dags/dag_enriquecimento_dados.py
[2026-07-14T19:08:55.940+0000] {logging_mixin.py:188} INFO - [2026-07-14T19:08:55.940+0000] {dag.py:3036} INFO - Sync 1 DAGs
[2026-07-14T19:08:55.952+0000] {logging_mixin.py:188} INFO - [2026-07-14T19:08:55.952+0000] {dag.py:3823} INFO - Setting next_dagrun for dag_enriquecimento_dados to None, run_after=None
[2026-07-14T19:08:55.969+0000] {processor.py:183} INFO - Processing /opt/airflow/dags/dag_enriquecimento_dados.py took 0.059 seconds
[2026-07-14T19:09:26.108+0000] {processor.py:161} INFO - Started process (PID=247) to work on /opt/airflow/dags/dag_enriquecimento_dados.py
[2026-07-14T19:09:26.109+0000] {processor.py:830} INFO - Processing file /opt/airflow/dags/dag_enriquecimento_dados.py for tasks to queue
[2026-07-14T19:09:26.109+0000] {logging_mixin.py:188} INFO - [2026-07-14T19:09:26.109+0000] {dagbag.py:538} INFO - Filling up the DagBag from /opt/airflow/dags/dag_enriquecimento_dados.py
[2026-07-14T19:09:26.116+0000] {processor.py:840} INFO - DAG(s) 'dag_enriquecimento_dados' retrieved from /opt/airflow/dags/dag_enriquecimento_dados.py
[2026-07-14T19:09:26.136+0000] {logging_mixin.py:188} INFO - [2026-07-14T19:09:26.136+0000] {dag.py:3036} INFO - Sync 1 DAGs
[2026-07-14T19:09:26.147+0000] {logging_mixin.py:188} INFO - [2026-07-14T19:09:26.147+0000] {dag.py:3823} INFO - Setting next_dagrun for dag_enriquecimento_dados to None, run_after=None
[2026-07-14T19:09:26.165+0000] {processor.py:183} INFO - Processing /opt/airflow/dags/dag_enriquecimento_dados.py took 0.059 seconds
[2026-07-14T19:09:56.300+0000] {processor.py:161} INFO - Started process (PID=262) to work on /opt/airflow/dags/dag_enriquecimento_dados.py
[2026-07-14T19:09:56.300+0000] {processor.py:830} INFO - Processing file /opt/airflow/dags/dag_enriquecimento_dados.py for tasks to queue
[2026-07-14T19:09:56.301+0000] {logging_mixin.py:188} INFO - [2026-07-14T19:09:56.301+0000] {dagbag.py:538} INFO - Filling up the DagBag from /opt/airflow/dags/dag_enriquecimento_dados.py
[2026-07-14T19:09:56.309+0000] {processor.py:840} INFO - DAG(s) 'dag_enriquecimento_dados' retrieved from /opt/airflow/dags/dag_enriquecimento_dados.py
[2026-07-14T19:09:56.331+0000] {logging_mixin.py:188} INFO - [2026-07-14T19:09:56.331+0000] {dag.py:3036} INFO - Sync 1 DAGs
[2026-07-14T19:09:56.344+0000] {logging_mixin.py:188} INFO - [2026-07-14T19:09:56.344+0000] {dag.py:3823} INFO - Setting next_dagrun for dag_enriquecimento_dados to None, run_after=None
[2026-07-14T19:09:56.362+0000] {processor.py:183} INFO - Processing /opt/airflow/dags/dag_enriquecimento_dados.py took 0.065 seconds
[2026-07-14T19:10:26.503+0000] {processor.py:161} INFO - Started process (PID=277) to work on /opt/airflow/dags/dag_enriquecimento_dados.py
[2026-07-14T19:10:26.504+0000] {processor.py:830} INFO - Processing file /opt/airflow/dags/dag_enriquecimento_dados.py for tasks to queue
[2026-07-14T19:10:26.505+0000] {logging_mixin.py:188} INFO - [2026-07-14T19:10:26.504+0000] {dagbag.py:538} INFO - Filling up the DagBag from /opt/airflow/dags/dag_enriquecimento_dados.py
[2026-07-14T19:10:26.512+0000] {processor.py:840} INFO - DAG(s) 'dag_enriquecimento_dados' retrieved from /opt/airflow/dags/dag_enriquecimento_dados.py
[2026-07-14T19:10:26.539+0000] {logging_mixin.py:188} INFO - [2026-07-14T19:10:26.538+0000] {dag.py:3036} INFO - Sync 1 DAGs
[2026-07-14T19:10:26.552+0000] {logging_mixin.py:188} INFO - [2026-07-14T19:10:26.552+0000] {dag.py:3823} INFO - Setting next_dagrun for dag_enriquecimento_dados to None, run_after=None
[2026-07-14T19:10:26.705+0000] {processor.py:183} INFO - Processing /opt/airflow/dags/dag_enriquecimento_dados.py took 0.205 seconds
[2026-07-14T19:10:56.848+0000] {processor.py:161} INFO - Started process (PID=292) to work on /opt/airflow/dags/dag_enriquecimento_dados.py
[2026-07-14T19:10:56.849+0000] {processor.py:830} INFO - Processing file /opt/airflow/dags/dag_enriquecimento_dados.py for tasks to queue
[2026-07-14T19:10:56.849+0000] {logging_mixin.py:188} INFO - [2026-07-14T19:10:56.849+0000] {dagbag.py:538} INFO - Filling up the DagBag from /opt/airflow/dags/dag_enriquecimento_dados.py
[2026-07-14T19:10:56.858+0000] {processor.py:840} INFO - DAG(s) 'dag_enriquecimento_dados' retrieved from /opt/airflow/dags/dag_enriquecimento_dados.py
[2026-07-14T19:10:58.217+0000] {logging_mixin.py:188} INFO - [2026-07-14T19:10:58.217+0000] {dag.py:3036} INFO - Sync 1 DAGs
[2026-07-14T19:10:58.229+0000] {logging_mixin.py:188} INFO - [2026-07-14T19:10:58.229+0000] {dag.py:3823} INFO - Setting next_dagrun for dag_enriquecimento_dados to None, run_after=None
[2026-07-14T19:10:58.381+0000] {processor.py:183} INFO - Processing /opt/airflow/dags/dag_enriquecimento_dados.py took 1.536 seconds
[2026-07-14T19:11:28.524+0000] {processor.py:161} INFO - Started process (PID=307) to work on /opt/airflow/dags/dag_enriquecimento_dados.py
[2026-07-14T19:11:28.525+0000] {processor.py:830} INFO - Processing file /opt/airflow/dags/dag_enriquecimento_dados.py for tasks to queue
[2026-07-14T19:11:28.526+0000] {logging_mixin.py:188} INFO - [2026-07-14T19:11:28.525+0000] {dagbag.py:538} INFO - Filling up the DagBag from /opt/airflow/dags/dag_enriquecimento_dados.py
[2026-07-14T19:11:28.534+0000] {processor.py:840} INFO - DAG(s) 'dag_enriquecimento_dados' retrieved from /opt/airflow/dags/dag_enriquecimento_dados.py
[2026-07-14T19:11:28.556+0000] {logging_mixin.py:188} INFO - [2026-07-14T19:11:28.556+0000] {dag.py:3036} INFO - Sync 1 DAGs
[2026-07-14T19:11:28.568+0000] {logging_mixin.py:188} INFO - [2026-07-14T19:11:28.568+0000] {dag.py:3823} INFO - Setting next_dagrun for dag_enriquecimento_dados to None, run_after=None
[2026-07-14T19:11:28.621+0000] {processor.py:183} INFO - Processing /opt/airflow/dags/dag_enriquecimento_dados.py took 0.099 seconds
[2026-07-14T19:11:58.774+0000] {processor.py:161} INFO - Started process (PID=322) to work on /opt/airflow/dags/dag_enriquecimento_dados.py
[2026-07-14T19:11:58.774+0000] {processor.py:830} INFO - Processing file /opt/airflow/dags/dag_enriquecimento_dados.py for tasks to queue
[2026-07-14T19:11:58.775+0000] {logging_mixin.py:188} INFO - [2026-07-14T19:11:58.775+0000] {dagbag.py:538} INFO - Filling up the DagBag from /opt/airflow/dags/dag_enriquecimento_dados.py
[2026-07-14T19:11:58.784+0000] {processor.py:840} INFO - DAG(s) 'dag_enriquecimento_dados' retrieved from /opt/airflow/dags/dag_enriquecimento_dados.py
[2026-07-14T19:11:58.807+0000] {logging_mixin.py:188} INFO - [2026-07-14T19:11:58.807+0000] {dag.py:3036} INFO - Sync 1 DAGs
[2026-07-14T19:11:58.819+0000] {logging_mixin.py:188} INFO - [2026-07-14T19:11:58.818+0000] {dag.py:3823} INFO - Setting next_dagrun for dag_enriquecimento_dados to None, run_after=None
[2026-07-14T19:11:59.014+0000] {processor.py:183} INFO - Processing /opt/airflow/dags/dag_enriquecimento_dados.py took 0.243 seconds
[2026-07-14T19:12:29.313+0000] {processor.py:161} INFO - Started process (PID=337) to work on /opt/airflow/dags/dag_enriquecimento_dados.py
[2026-07-14T19:12:29.313+0000] {processor.py:830} INFO - Processing file /opt/airflow/dags/dag_enriquecimento_dados.py for tasks to queue
[2026-07-14T19:12:29.314+0000] {logging_mixin.py:188} INFO - [2026-07-14T19:12:29.314+0000] {dagbag.py:538} INFO - Filling up the DagBag from /opt/airflow/dags/dag_enriquecimento_dados.py
[2026-07-14T19:12:29.323+0000] {processor.py:840} INFO - DAG(s) 'dag_enriquecimento_dados' retrieved from /opt/airflow/dags/dag_enriquecimento_dados.py
[2026-07-14T19:12:29.346+0000] {logging_mixin.py:188} INFO - [2026-07-14T19:12:29.346+0000] {dag.py:3036} INFO - Sync 1 DAGs
[2026-07-14T19:12:29.358+0000] {logging_mixin.py:188} INFO - [2026-07-14T19:12:29.358+0000] {dag.py:3823} INFO - Setting next_dagrun for dag_enriquecimento_dados to None, run_after=None
[2026-07-14T19:12:29.393+0000] {processor.py:183} INFO - Processing /opt/airflow/dags/dag_enriquecimento_dados.py took 0.083 seconds
[2026-07-14T19:12:59.557+0000] {processor.py:161} INFO - Started process (PID=352) to work on /opt/airflow/dags/dag_enriquecimento_dados.py
[2026-07-14T19:12:59.558+0000] {processor.py:830} INFO - Processing file /opt/airflow/dags/dag_enriquecimento_dados.py for tasks to queue
[2026-07-14T19:12:59.559+0000] {logging_mixin.py:188} INFO - [2026-07-14T19:12:59.558+0000] {dagbag.py:538} INFO - Filling up the DagBag from /opt/airflow/dags/dag_enriquecimento_dados.py
[2026-07-14T19:12:59.567+0000] {processor.py:840} INFO - DAG(s) 'dag_enriquecimento_dados' retrieved from /opt/airflow/dags/dag_enriquecimento_dados.py
[2026-07-14T19:12:59.589+0000] {logging_mixin.py:188} INFO - [2026-07-14T19:12:59.588+0000] {dag.py:3036} INFO - Sync 1 DAGs
[2026-07-14T19:12:59.600+0000] {logging_mixin.py:188} INFO - [2026-07-14T19:12:59.600+0000] {dag.py:3823} INFO - Setting next_dagrun for dag_enriquecimento_dados to None, run_after=None
[2026-07-14T19:13:00.286+0000] {processor.py:183} INFO - Processing /opt/airflow/dags/dag_enriquecimento_dados.py took 0.731 seconds
[2026-07-14T19:13:30.705+0000] {processor.py:161} INFO - Started process (PID=367) to work on /opt/airflow/dags/dag_enriquecimento_dados.py
[2026-07-14T19:13:30.705+0000] {processor.py:830} INFO - Processing file /opt/airflow/dags/dag_enriquecimento_dados.py for tasks to queue
[2026-07-14T19:13:30.706+0000] {logging_mixin.py:188} INFO - [2026-07-14T19:13:30.706+0000] {dagbag.py:538} INFO - Filling up the DagBag from /opt/airflow/dags/dag_enriquecimento_dados.py
[2026-07-14T19:13:30.714+0000] {processor.py:840} INFO - DAG(s) 'dag_enriquecimento_dados' retrieved from /opt/airflow/dags/dag_enriquecimento_dados.py
[2026-07-14T19:13:30.737+0000] {logging_mixin.py:188} INFO - [2026-07-14T19:13:30.736+0000] {dag.py:3036} INFO - Sync 1 DAGs
[2026-07-14T19:13:30.748+0000] {logging_mixin.py:188} INFO - [2026-07-14T19:13:30.748+0000] {dag.py:3823} INFO - Setting next_dagrun for dag_enriquecimento_dados to None, run_after=None
[2026-07-14T19:13:30.838+0000] {processor.py:183} INFO - Processing /opt/airflow/dags/dag_enriquecimento_dados.py took 0.136 seconds
[2026-07-14T19:14:00.901+0000] {processor.py:161} INFO - Started process (PID=382) to work on /opt/airflow/dags/dag_enriquecimento_dados.py
[2026-07-14T19:14:00.902+0000] {processor.py:830} INFO - Processing file /opt/airflow/dags/dag_enriquecimento_dados.py for tasks to queue
[2026-07-14T19:14:00.903+0000] {logging_mixin.py:188} INFO - [2026-07-14T19:14:00.903+0000] {dagbag.py:538} INFO - Filling up the DagBag from /opt/airflow/dags/dag_enriquecimento_dados.py
[2026-07-14T19:14:00.911+0000] {processor.py:840} INFO - DAG(s) 'dag_enriquecimento_dados' retrieved from /opt/airflow/dags/dag_enriquecimento_dados.py
[2026-07-14T19:14:00.932+0000] {logging_mixin.py:188} INFO - [2026-07-14T19:14:00.932+0000] {dag.py:3036} INFO - Sync 1 DAGs
[2026-07-14T19:14:00.944+0000] {logging_mixin.py:188} INFO - [2026-07-14T19:14:00.944+0000] {dag.py:3823} INFO - Setting next_dagrun for dag_enriquecimento_dados to None, run_after=None
[2026-07-14T19:14:00.989+0000] {processor.py:183} INFO - Processing /opt/airflow/dags/dag_enriquecimento_dados.py took 0.090 seconds
[2026-07-14T19:14:31.028+0000] {processor.py:161} INFO - Started process (PID=397) to work on /opt/airflow/dags/dag_enriquecimento_dados.py
[2026-07-14T19:14:31.029+0000] {processor.py:830} INFO - Processing file /opt/airflow/dags/dag_enriquecimento_dados.py for tasks to queue
[2026-07-14T19:14:31.029+0000] {logging_mixin.py:188} INFO - [2026-07-14T19:14:31.029+0000] {dagbag.py:538} INFO - Filling up the DagBag from /opt/airflow/dags/dag_enriquecimento_dados.py
[2026-07-14T19:14:31.038+0000] {processor.py:840} INFO - DAG(s) 'dag_enriquecimento_dados' retrieved from /opt/airflow/dags/dag_enriquecimento_dados.py
[2026-07-14T19:14:31.061+0000] {logging_mixin.py:188} INFO - [2026-07-14T19:14:31.060+0000] {dag.py:3036} INFO - Sync 1 DAGs
[2026-07-14T19:14:31.073+0000] {logging_mixin.py:188} INFO - [2026-07-14T19:14:31.072+0000] {dag.py:3823} INFO - Setting next_dagrun for dag_enriquecimento_dados to None, run_after=None
[2026-07-14T19:14:31.087+0000] {processor.py:183} INFO - Processing /opt/airflow/dags/dag_enriquecimento_dados.py took 0.062 seconds
[2026-07-14T19:15:01.225+0000] {processor.py:161} INFO - Started process (PID=412) to work on /opt/airflow/dags/dag_enriquecimento_dados.py
[2026-07-14T19:15:01.225+0000] {processor.py:830} INFO - Processing file /opt/airflow/dags/dag_enriquecimento_dados.py for tasks to queue
[2026-07-14T19:15:01.226+0000] {logging_mixin.py:188} INFO - [2026-07-14T19:15:01.226+0000] {dagbag.py:538} INFO - Filling up the DagBag from /opt/airflow/dags/dag_enriquecimento_dados.py
[2026-07-14T19:15:01.234+0000] {processor.py:840} INFO - DAG(s) 'dag_enriquecimento_dados' retrieved from /opt/airflow/dags/dag_enriquecimento_dados.py
[2026-07-14T19:15:01.256+0000] {logging_mixin.py:188} INFO - [2026-07-14T19:15:01.256+0000] {dag.py:3036} INFO - Sync 1 DAGs
[2026-07-14T19:15:01.268+0000] {logging_mixin.py:188} INFO - [2026-07-14T19:15:01.268+0000] {dag.py:3823} INFO - Setting next_dagrun for dag_enriquecimento_dados to None, run_after=None
[2026-07-14T19:15:01.328+0000] {processor.py:183} INFO - Processing /opt/airflow/dags/dag_enriquecimento_dados.py took 0.106 seconds
[2026-07-14T19:15:31.467+0000] {processor.py:161} INFO - Started process (PID=427) to work on /opt/airflow/dags/dag_enriquecimento_dados.py
[2026-07-14T19:15:31.468+0000] {processor.py:830} INFO - Processing file /opt/airflow/dags/dag_enriquecimento_dados.py for tasks to queue
[2026-07-14T19:15:31.468+0000] {logging_mixin.py:188} INFO - [2026-07-14T19:15:31.468+0000] {dagbag.py:538} INFO - Filling up the DagBag from /opt/airflow/dags/dag_enriquecimento_dados.py
[2026-07-14T19:15:31.477+0000] {processor.py:840} INFO - DAG(s) 'dag_enriquecimento_dados' retrieved from /opt/airflow/dags/dag_enriquecimento_dados.py
[2026-07-14T19:15:31.502+0000] {logging_mixin.py:188} INFO - [2026-07-14T19:15:31.502+0000] {dag.py:3036} INFO - Sync 1 DAGs
[2026-07-14T19:15:31.515+0000] {logging_mixin.py:188} INFO - [2026-07-14T19:15:31.515+0000] {dag.py:3823} INFO - Setting next_dagrun for dag_enriquecimento_dados to None, run_after=None
[2026-07-14T19:15:31.576+0000] {processor.py:183} INFO - Processing /opt/airflow/dags/dag_enriquecimento_dados.py took 0.111 seconds
[2026-07-14T19:16:01.712+0000] {processor.py:161} INFO - Started process (PID=442) to work on /opt/airflow/dags/dag_enriquecimento_dados.py
[2026-07-14T19:16:01.713+0000] {processor.py:830} INFO - Processing file /opt/airflow/dags/dag_enriquecimento_dados.py for tasks to queue
[2026-07-14T19:16:01.713+0000] {logging_mixin.py:188} INFO - [2026-07-14T19:16:01.713+0000] {dagbag.py:538} INFO - Filling up the DagBag from /opt/airflow/dags/dag_enriquecimento_dados.py
[2026-07-14T19:16:01.722+0000] {processor.py:840} INFO - DAG(s) 'dag_enriquecimento_dados' retrieved from /opt/airflow/dags/dag_enriquecimento_dados.py
[2026-07-14T19:16:01.743+0000] {logging_mixin.py:188} INFO - [2026-07-14T19:16:01.743+0000] {dag.py:3036} INFO - Sync 1 DAGs
[2026-07-14T19:16:01.755+0000] {logging_mixin.py:188} INFO - [2026-07-14T19:16:01.755+0000] {dag.py:3823} INFO - Setting next_dagrun for dag_enriquecimento_dados to None, run_after=None
[2026-07-14T19:16:01.815+0000] {processor.py:183} INFO - Processing /opt/airflow/dags/dag_enriquecimento_dados.py took 0.106 seconds
[2026-07-14T19:16:31.944+0000] {processor.py:161} INFO - Started process (PID=457) to work on /opt/airflow/dags/dag_enriquecimento_dados.py
[2026-07-14T19:16:31.945+0000] {processor.py:830} INFO - Processing file /opt/airflow/dags/dag_enriquecimento_dados.py for tasks to queue
[2026-07-14T19:16:31.945+0000] {logging_mixin.py:188} INFO - [2026-07-14T19:16:31.945+0000] {dagbag.py:538} INFO - Filling up the DagBag from /opt/airflow/dags/dag_enriquecimento_dados.py
[2026-07-14T19:16:31.953+0000] {processor.py:840} INFO - DAG(s) 'dag_enriquecimento_dados' retrieved from /opt/airflow/dags/dag_enriquecimento_dados.py
[2026-07-14T19:16:31.975+0000] {logging_mixin.py:188} INFO - [2026-07-14T19:16:31.974+0000] {dag.py:3036} INFO - Sync 1 DAGs
[2026-07-14T19:16:31.986+0000] {logging_mixin.py:188} INFO - [2026-07-14T19:16:31.986+0000] {dag.py:3823} INFO - Setting next_dagrun for dag_enriquecimento_dados to None, run_after=None
[2026-07-14T19:16:32.046+0000] {processor.py:183} INFO - Processing /opt/airflow/dags/dag_enriquecimento_dados.py took 0.105 seconds
[2026-07-14T19:17:02.188+0000] {processor.py:161} INFO - Started process (PID=472) to work on /opt/airflow/dags/dag_enriquecimento_dados.py
[2026-07-14T19:17:02.189+0000] {processor.py:830} INFO - Processing file /opt/airflow/dags/dag_enriquecimento_dados.py for tasks to queue
[2026-07-14T19:17:02.190+0000] {logging_mixin.py:188} INFO - [2026-07-14T19:17:02.190+0000] {dagbag.py:538} INFO - Filling up the DagBag from /opt/airflow/dags/dag_enriquecimento_dados.py
[2026-07-14T19:17:02.198+0000] {processor.py:840} INFO - DAG(s) 'dag_enriquecimento_dados' retrieved from /opt/airflow/dags/dag_enriquecimento_dados.py
[2026-07-14T19:17:02.219+0000] {logging_mixin.py:188} INFO - [2026-07-14T19:17:02.219+0000] {dag.py:3036} INFO - Sync 1 DAGs
[2026-07-14T19:17:02.229+0000] {logging_mixin.py:188} INFO - [2026-07-14T19:17:02.229+0000] {dag.py:3823} INFO - Setting next_dagrun for dag_enriquecimento_dados to None, run_after=None
[2026-07-14T19:17:02.262+0000] {processor.py:183} INFO - Processing /opt/airflow/dags/dag_enriquecimento_dados.py took 0.076 seconds
[2026-07-14T19:17:32.394+0000] {processor.py:161} INFO - Started process (PID=487) to work on /opt/airflow/dags/dag_enriquecimento_dados.py
[2026-07-14T19:17:32.395+0000] {processor.py:830} INFO - Processing file /opt/airflow/dags/dag_enriquecimento_dados.py for tasks to queue
[2026-07-14T19:17:32.395+0000] {logging_mixin.py:188} INFO - [2026-07-14T19:17:32.395+0000] {dagbag.py:538} INFO - Filling up the DagBag from /opt/airflow/dags/dag_enriquecimento_dados.py
[2026-07-14T19:17:32.404+0000] {processor.py:840} INFO - DAG(s) 'dag_enriquecimento_dados' retrieved from /opt/airflow/dags/dag_enriquecimento_dados.py
[2026-07-14T19:17:32.426+0000] {logging_mixin.py:188} INFO - [2026-07-14T19:17:32.426+0000] {dag.py:3036} INFO - Sync 1 DAGs
[2026-07-14T19:17:32.441+0000] {logging_mixin.py:188} INFO - [2026-07-14T19:17:32.440+0000] {dag.py:3823} INFO - Setting next_dagrun for dag_enriquecimento_dados to None, run_after=None
[2026-07-14T19:17:32.478+0000] {processor.py:183} INFO - Processing /opt/airflow/dags/dag_enriquecimento_dados.py took 0.086 seconds
[2026-07-14T19:18:02.608+0000] {processor.py:161} INFO - Started process (PID=502) to work on /opt/airflow/dags/dag_enriquecimento_dados.py
[2026-07-14T19:18:02.609+0000] {processor.py:830} INFO - Processing file /opt/airflow/dags/dag_enriquecimento_dados.py for tasks to queue
[2026-07-14T19:18:02.609+0000] {logging_mixin.py:188} INFO - [2026-07-14T19:18:02.609+0000] {dagbag.py:538} INFO - Filling up the DagBag from /opt/airflow/dags/dag_enriquecimento_dados.py
[2026-07-14T19:18:02.617+0000] {processor.py:840} INFO - DAG(s) 'dag_enriquecimento_dados' retrieved from /opt/airflow/dags/dag_enriquecimento_dados.py
[2026-07-14T19:18:02.638+0000] {logging_mixin.py:188} INFO - [2026-07-14T19:18:02.638+0000] {dag.py:3036} INFO - Sync 1 DAGs
[2026-07-14T19:18:02.650+0000] {logging_mixin.py:188} INFO - [2026-07-14T19:18:02.650+0000] {dag.py:3823} INFO - Setting next_dagrun for dag_enriquecimento_dados to None, run_after=None
[2026-07-14T19:18:02.682+0000] {processor.py:183} INFO - Processing /opt/airflow/dags/dag_enriquecimento_dados.py took 0.076 seconds
[2026-07-14T19:24:35.828+0000] {processor.py:161} INFO - Started process (PID=171) to work on /opt/airflow/dags/dag_enriquecimento_dados.py
[2026-07-14T19:24:35.830+0000] {processor.py:830} INFO - Processing file /opt/airflow/dags/dag_enriquecimento_dados.py for tasks to queue
[2026-07-14T19:24:35.831+0000] {logging_mixin.py:188} INFO - [2026-07-14T19:24:35.830+0000] {dagbag.py:538} INFO - Filling up the DagBag from /opt/airflow/dags/dag_enriquecimento_dados.py
[2026-07-14T19:24:35.850+0000] {processor.py:840} INFO - DAG(s) 'dag_enriquecimento_dados' retrieved from /opt/airflow/dags/dag_enriquecimento_dados.py
[2026-07-14T19:24:35.891+0000] {logging_mixin.py:188} INFO - [2026-07-14T19:24:35.891+0000] {dag.py:3036} INFO - Sync 1 DAGs
[2026-07-14T19:24:35.906+0000] {logging_mixin.py:188} INFO - [2026-07-14T19:24:35.905+0000] {dag.py:3823} INFO - Setting next_dagrun for dag_enriquecimento_dados to None, run_after=None
[2026-07-14T19:24:35.925+0000] {processor.py:183} INFO - Processing /opt/airflow/dags/dag_enriquecimento_dados.py took 0.100 seconds
[2026-07-14T19:25:06.071+0000] {processor.py:161} INFO - Started process (PID=187) to work on /opt/airflow/dags/dag_enriquecimento_dados.py
[2026-07-14T19:25:06.072+0000] {processor.py:830} INFO - Processing file /opt/airflow/dags/dag_enriquecimento_dados.py for tasks to queue
[2026-07-14T19:25:06.073+0000] {logging_mixin.py:188} INFO - [2026-07-14T19:25:06.073+0000] {dagbag.py:538} INFO - Filling up the DagBag from /opt/airflow/dags/dag_enriquecimento_dados.py
[2026-07-14T19:25:06.081+0000] {processor.py:840} INFO - DAG(s) 'dag_enriquecimento_dados' retrieved from /opt/airflow/dags/dag_enriquecimento_dados.py
[2026-07-14T19:25:06.222+0000] {logging_mixin.py:188} INFO - [2026-07-14T19:25:06.222+0000] {dag.py:3036} INFO - Sync 1 DAGs
[2026-07-14T19:25:06.232+0000] {logging_mixin.py:188} INFO - [2026-07-14T19:25:06.232+0000] {dag.py:3823} INFO - Setting next_dagrun for dag_enriquecimento_dados to None, run_after=None
[2026-07-14T19:25:06.288+0000] {processor.py:183} INFO - Processing /opt/airflow/dags/dag_enriquecimento_dados.py took 0.219 seconds
[2026-07-14T19:25:36.426+0000] {processor.py:161} INFO - Started process (PID=202) to work on /opt/airflow/dags/dag_enriquecimento_dados.py
[2026-07-14T19:25:36.427+0000] {processor.py:830} INFO - Processing file /opt/airflow/dags/dag_enriquecimento_dados.py for tasks to queue
[2026-07-14T19:25:36.427+0000] {logging_mixin.py:188} INFO - [2026-07-14T19:25:36.427+0000] {dagbag.py:538} INFO - Filling up the DagBag from /opt/airflow/dags/dag_enriquecimento_dados.py
[2026-07-14T19:25:36.436+0000] {processor.py:840} INFO - DAG(s) 'dag_enriquecimento_dados' retrieved from /opt/airflow/dags/dag_enriquecimento_dados.py
[2026-07-14T19:25:36.457+0000] {logging_mixin.py:188} INFO - [2026-07-14T19:25:36.456+0000] {dag.py:3036} INFO - Sync 1 DAGs
[2026-07-14T19:25:36.468+0000] {logging_mixin.py:188} INFO - [2026-07-14T19:25:36.467+0000] {dag.py:3823} INFO - Setting next_dagrun for dag_enriquecimento_dados to None, run_after=None
[2026-07-14T19:25:36.524+0000] {processor.py:183} INFO - Processing /opt/airflow/dags/dag_enriquecimento_dados.py took 0.100 seconds
[2026-07-14T19:26:06.662+0000] {processor.py:161} INFO - Started process (PID=217) to work on /opt/airflow/dags/dag_enriquecimento_dados.py
[2026-07-14T19:26:06.663+0000] {processor.py:830} INFO - Processing file /opt/airflow/dags/dag_enriquecimento_dados.py for tasks to queue
[2026-07-14T19:26:06.664+0000] {logging_mixin.py:188} INFO - [2026-07-14T19:26:06.663+0000] {dagbag.py:538} INFO - Filling up the DagBag from /opt/airflow/dags/dag_enriquecimento_dados.py
[2026-07-14T19:26:06.672+0000] {processor.py:840} INFO - DAG(s) 'dag_enriquecimento_dados' retrieved from /opt/airflow/dags/dag_enriquecimento_dados.py
[2026-07-14T19:26:06.695+0000] {logging_mixin.py:188} INFO - [2026-07-14T19:26:06.695+0000] {dag.py:3036} INFO - Sync 1 DAGs
[2026-07-14T19:26:06.707+0000] {logging_mixin.py:188} INFO - [2026-07-14T19:26:06.706+0000] {dag.py:3823} INFO - Setting next_dagrun for dag_enriquecimento_dados to None, run_after=None
[2026-07-14T19:26:06.723+0000] {processor.py:183} INFO - Processing /opt/airflow/dags/dag_enriquecimento_dados.py took 0.063 seconds
[2026-07-14T19:26:36.866+0000] {processor.py:161} INFO - Started process (PID=232) to work on /opt/airflow/dags/dag_enriquecimento_dados.py
[2026-07-14T19:26:36.867+0000] {processor.py:830} INFO - Processing file /opt/airflow/dags/dag_enriquecimento_dados.py for tasks to queue
[2026-07-14T19:26:36.867+0000] {logging_mixin.py:188} INFO - [2026-07-14T19:26:36.867+0000] {dagbag.py:538} INFO - Filling up the DagBag from /opt/airflow/dags/dag_enriquecimento_dados.py
[2026-07-14T19:26:36.875+0000] {processor.py:840} INFO - DAG(s) 'dag_enriquecimento_dados' retrieved from /opt/airflow/dags/dag_enriquecimento_dados.py
[2026-07-14T19:26:36.899+0000] {logging_mixin.py:188} INFO - [2026-07-14T19:26:36.899+0000] {dag.py:3036} INFO - Sync 1 DAGs
[2026-07-14T19:26:36.912+0000] {logging_mixin.py:188} INFO - [2026-07-14T19:26:36.912+0000] {dag.py:3823} INFO - Setting next_dagrun for dag_enriquecimento_dados to None, run_after=None
[2026-07-14T19:26:36.953+0000] {processor.py:183} INFO - Processing /opt/airflow/dags/dag_enriquecimento_dados.py took 0.089 seconds
[2026-07-14T19:27:07.090+0000] {processor.py:161} INFO - Started process (PID=247) to work on /opt/airflow/dags/dag_enriquecimento_dados.py
[2026-07-14T19:27:07.090+0000] {processor.py:830} INFO - Processing file /opt/airflow/dags/dag_enriquecimento_dados.py for tasks to queue
[2026-07-14T19:27:07.091+0000] {logging_mixin.py:188} INFO - [2026-07-14T19:27:07.091+0000] {dagbag.py:538} INFO - Filling up the DagBag from /opt/airflow/dags/dag_enriquecimento_dados.py
[2026-07-14T19:27:07.099+0000] {processor.py:840} INFO - DAG(s) 'dag_enriquecimento_dados' retrieved from /opt/airflow/dags/dag_enriquecimento_dados.py
[2026-07-14T19:27:07.122+0000] {logging_mixin.py:188} INFO - [2026-07-14T19:27:07.121+0000] {dag.py:3036} INFO - Sync 1 DAGs
[2026-07-14T19:27:07.133+0000] {logging_mixin.py:188} INFO - [2026-07-14T19:27:07.133+0000] {dag.py:3823} INFO - Setting next_dagrun for dag_enriquecimento_dados to None, run_after=None
[2026-07-14T19:27:07.171+0000] {processor.py:183} INFO - Processing /opt/airflow/dags/dag_enriquecimento_dados.py took 0.084 seconds
[2026-07-14T19:27:37.312+0000] {processor.py:161} INFO - Started process (PID=262) to work on /opt/airflow/dags/dag_enriquecimento_dados.py
[2026-07-14T19:27:37.312+0000] {processor.py:830} INFO - Processing file /opt/airflow/dags/dag_enriquecimento_dados.py for tasks to queue
[2026-07-14T19:27:37.313+0000] {logging_mixin.py:188} INFO - [2026-07-14T19:27:37.313+0000] {dagbag.py:538} INFO - Filling up the DagBag from /opt/airflow/dags/dag_enriquecimento_dados.py
[2026-07-14T19:27:37.321+0000] {processor.py:840} INFO - DAG(s) 'dag_enriquecimento_dados' retrieved from /opt/airflow/dags/dag_enriquecimento_dados.py
[2026-07-14T19:27:37.342+0000] {logging_mixin.py:188} INFO - [2026-07-14T19:27:37.342+0000] {dag.py:3036} INFO - Sync 1 DAGs
[2026-07-14T19:27:37.353+0000] {logging_mixin.py:188} INFO - [2026-07-14T19:27:37.353+0000] {dag.py:3823} INFO - Setting next_dagrun for dag_enriquecimento_dados to None, run_after=None
[2026-07-14T19:27:37.390+0000] {processor.py:183} INFO - Processing /opt/airflow/dags/dag_enriquecimento_dados.py took 0.081 seconds
[2026-07-14T19:28:07.529+0000] {processor.py:161} INFO - Started process (PID=277) to work on /opt/airflow/dags/dag_enriquecimento_dados.py
[2026-07-14T19:28:07.529+0000] {processor.py:830} INFO - Processing file /opt/airflow/dags/dag_enriquecimento_dados.py for tasks to queue
[2026-07-14T19:28:07.530+0000] {logging_mixin.py:188} INFO - [2026-07-14T19:28:07.530+0000] {dagbag.py:538} INFO - Filling up the DagBag from /opt/airflow/dags/dag_enriquecimento_dados.py
[2026-07-14T19:28:07.538+0000] {processor.py:840} INFO - DAG(s) 'dag_enriquecimento_dados' retrieved from /opt/airflow/dags/dag_enriquecimento_dados.py
[2026-07-14T19:28:07.559+0000] {logging_mixin.py:188} INFO - [2026-07-14T19:28:07.559+0000] {dag.py:3036} INFO - Sync 1 DAGs
[2026-07-14T19:28:07.572+0000] {logging_mixin.py:188} INFO - [2026-07-14T19:28:07.572+0000] {dag.py:3823} INFO - Setting next_dagrun for dag_enriquecimento_dados to None, run_after=None
[2026-07-14T19:28:07.610+0000] {processor.py:183} INFO - Processing /opt/airflow/dags/dag_enriquecimento_dados.py took 0.084 seconds
[2026-07-14T19:28:37.750+0000] {processor.py:161} INFO - Started process (PID=292) to work on /opt/airflow/dags/dag_enriquecimento_dados.py
[2026-07-14T19:28:37.751+0000] {processor.py:830} INFO - Processing file /opt/airflow/dags/dag_enriquecimento_dados.py for tasks to queue
[2026-07-14T19:28:37.752+0000] {logging_mixin.py:188} INFO - [2026-07-14T19:28:37.752+0000] {dagbag.py:538} INFO - Filling up the DagBag from /opt/airflow/dags/dag_enriquecimento_dados.py
[2026-07-14T19:28:37.761+0000] {processor.py:840} INFO - DAG(s) 'dag_enriquecimento_dados' retrieved from /opt/airflow/dags/dag_enriquecimento_dados.py
[2026-07-14T19:28:37.782+0000] {logging_mixin.py:188} INFO - [2026-07-14T19:28:37.782+0000] {dag.py:3036} INFO - Sync 1 DAGs
[2026-07-14T19:28:37.793+0000] {logging_mixin.py:188} INFO - [2026-07-14T19:28:37.793+0000] {dag.py:3823} INFO - Setting next_dagrun for dag_enriquecimento_dados to None, run_after=None
[2026-07-14T19:28:37.833+0000] {processor.py:183} INFO - Processing /opt/airflow/dags/dag_enriquecimento_dados.py took 0.085 seconds
[2026-07-14T19:29:07.971+0000] {processor.py:161} INFO - Started process (PID=307) to work on /opt/airflow/dags/dag_enriquecimento_dados.py
[2026-07-14T19:29:07.972+0000] {processor.py:830} INFO - Processing file /opt/airflow/dags/dag_enriquecimento_dados.py for tasks to queue
[2026-07-14T19:29:07.972+0000] {logging_mixin.py:188} INFO - [2026-07-14T19:29:07.972+0000] {dagbag.py:538} INFO - Filling up the DagBag from /opt/airflow/dags/dag_enriquecimento_dados.py
[2026-07-14T19:29:07.980+0000] {processor.py:840} INFO - DAG(s) 'dag_enriquecimento_dados' retrieved from /opt/airflow/dags/dag_enriquecimento_dados.py
[2026-07-14T19:29:08.001+0000] {logging_mixin.py:188} INFO - [2026-07-14T19:29:08.001+0000] {dag.py:3036} INFO - Sync 1 DAGs
[2026-07-14T19:29:08.014+0000] {logging_mixin.py:188} INFO - [2026-07-14T19:29:08.013+0000] {dag.py:3823} INFO - Setting next_dagrun for dag_enriquecimento_dados to None, run_after=None
[2026-07-14T19:29:08.054+0000] {processor.py:183} INFO - Processing /opt/airflow/dags/dag_enriquecimento_dados.py took 0.086 seconds
[2026-07-14T19:29:38.206+0000] {processor.py:161} INFO - Started process (PID=322) to work on /opt/airflow/dags/dag_enriquecimento_dados.py
[2026-07-14T19:29:38.207+0000] {processor.py:830} INFO - Processing file /opt/airflow/dags/dag_enriquecimento_dados.py for tasks to queue
[2026-07-14T19:29:38.207+0000] {logging_mixin.py:188} INFO - [2026-07-14T19:29:38.207+0000] {dagbag.py:538} INFO - Filling up the DagBag from /opt/airflow/dags/dag_enriquecimento_dados.py
[2026-07-14T19:29:38.216+0000] {processor.py:840} INFO - DAG(s) 'dag_enriquecimento_dados' retrieved from /opt/airflow/dags/dag_enriquecimento_dados.py
[2026-07-14T19:29:38.238+0000] {logging_mixin.py:188} INFO - [2026-07-14T19:29:38.238+0000] {dag.py:3036} INFO - Sync 1 DAGs
[2026-07-14T19:29:38.250+0000] {logging_mixin.py:188} INFO - [2026-07-14T19:29:38.250+0000] {dag.py:3823} INFO - Setting next_dagrun for dag_enriquecimento_dados to None, run_after=None
[2026-07-14T19:29:38.274+0000] {processor.py:183} INFO - Processing /opt/airflow/dags/dag_enriquecimento_dados.py took 0.070 seconds
[2026-07-14T19:30:08.412+0000] {processor.py:161} INFO - Started process (PID=337) to work on /opt/airflow/dags/dag_enriquecimento_dados.py
[2026-07-14T19:30:08.413+0000] {processor.py:830} INFO - Processing file /opt/airflow/dags/dag_enriquecimento_dados.py for tasks to queue
[2026-07-14T19:30:08.414+0000] {logging_mixin.py:188} INFO - [2026-07-14T19:30:08.413+0000] {dagbag.py:538} INFO - Filling up the DagBag from /opt/airflow/dags/dag_enriquecimento_dados.py
[2026-07-14T19:30:08.422+0000] {processor.py:840} INFO - DAG(s) 'dag_enriquecimento_dados' retrieved from /opt/airflow/dags/dag_enriquecimento_dados.py
[2026-07-14T19:30:08.443+0000] {logging_mixin.py:188} INFO - [2026-07-14T19:30:08.443+0000] {dag.py:3036} INFO - Sync 1 DAGs
[2026-07-14T19:30:08.455+0000] {logging_mixin.py:188} INFO - [2026-07-14T19:30:08.454+0000] {dag.py:3823} INFO - Setting next_dagrun for dag_enriquecimento_dados to None, run_after=None
[2026-07-14T19:30:08.469+0000] {processor.py:183} INFO - Processing /opt/airflow/dags/dag_enriquecimento_dados.py took 0.059 seconds
[2026-07-14T19:30:38.609+0000] {processor.py:161} INFO - Started process (PID=352) to work on /opt/airflow/dags/dag_enriquecimento_dados.py
[2026-07-14T19:30:38.609+0000] {processor.py:830} INFO - Processing file /opt/airflow/dags/dag_enriquecimento_dados.py for tasks to queue
[2026-07-14T19:30:38.610+0000] {logging_mixin.py:188} INFO - [2026-07-14T19:30:38.610+0000] {dagbag.py:538} INFO - Filling up the DagBag from /opt/airflow/dags/dag_enriquecimento_dados.py
[2026-07-14T19:30:38.618+0000] {processor.py:840} INFO - DAG(s) 'dag_enriquecimento_dados' retrieved from /opt/airflow/dags/dag_enriquecimento_dados.py
[2026-07-14T19:30:38.639+0000] {logging_mixin.py:188} INFO - [2026-07-14T19:30:38.639+0000] {dag.py:3036} INFO - Sync 1 DAGs
[2026-07-14T19:30:38.651+0000] {logging_mixin.py:188} INFO - [2026-07-14T19:30:38.651+0000] {dag.py:3823} INFO - Setting next_dagrun for dag_enriquecimento_dados to None, run_after=None
[2026-07-14T19:30:38.692+0000] {processor.py:183} INFO - Processing /opt/airflow/dags/dag_enriquecimento_dados.py took 0.086 seconds
[2026-07-14T19:31:08.831+0000] {processor.py:161} INFO - Started process (PID=367) to work on /opt/airflow/dags/dag_enriquecimento_dados.py
[2026-07-14T19:31:08.831+0000] {processor.py:830} INFO - Processing file /opt/airflow/dags/dag_enriquecimento_dados.py for tasks to queue
[2026-07-14T19:31:08.832+0000] {logging_mixin.py:188} INFO - [2026-07-14T19:31:08.832+0000] {dagbag.py:538} INFO - Filling up the DagBag from /opt/airflow/dags/dag_enriquecimento_dados.py
[2026-07-14T19:31:08.841+0000] {processor.py:840} INFO - DAG(s) 'dag_enriquecimento_dados' retrieved from /opt/airflow/dags/dag_enriquecimento_dados.py
[2026-07-14T19:31:08.864+0000] {logging_mixin.py:188} INFO - [2026-07-14T19:31:08.863+0000] {dag.py:3036} INFO - Sync 1 DAGs
[2026-07-14T19:31:08.875+0000] {logging_mixin.py:188} INFO - [2026-07-14T19:31:08.875+0000] {dag.py:3823} INFO - Setting next_dagrun for dag_enriquecimento_dados to None, run_after=None
[2026-07-14T19:31:08.914+0000] {processor.py:183} INFO - Processing /opt/airflow/dags/dag_enriquecimento_dados.py took 0.086 seconds
[2026-07-14T19:31:39.055+0000] {processor.py:161} INFO - Started process (PID=382) to work on /opt/airflow/dags/dag_enriquecimento_dados.py
[2026-07-14T19:31:39.055+0000] {processor.py:830} INFO - Processing file /opt/airflow/dags/dag_enriquecimento_dados.py for tasks to queue
[2026-07-14T19:31:39.056+0000] {logging_mixin.py:188} INFO - [2026-07-14T19:31:39.056+0000] {dagbag.py:538} INFO - Filling up the DagBag from /opt/airflow/dags/dag_enriquecimento_dados.py
[2026-07-14T19:31:39.064+0000] {processor.py:840} INFO - DAG(s) 'dag_enriquecimento_dados' retrieved from /opt/airflow/dags/dag_enriquecimento_dados.py
[2026-07-14T19:31:39.085+0000] {logging_mixin.py:188} INFO - [2026-07-14T19:31:39.085+0000] {dag.py:3036} INFO - Sync 1 DAGs
[2026-07-14T19:31:39.097+0000] {logging_mixin.py:188} INFO - [2026-07-14T19:31:39.097+0000] {dag.py:3823} INFO - Setting next_dagrun for dag_enriquecimento_dados to None, run_after=None
[2026-07-14T19:31:39.138+0000] {processor.py:183} INFO - Processing /opt/airflow/dags/dag_enriquecimento_dados.py took 0.085 seconds
[2026-07-14T19:32:09.275+0000] {processor.py:161} INFO - Started process (PID=397) to work on /opt/airflow/dags/dag_enriquecimento_dados.py
[2026-07-14T19:32:09.276+0000] {processor.py:830} INFO - Processing file /opt/airflow/dags/dag_enriquecimento_dados.py for tasks to queue
[2026-07-14T19:32:09.277+0000] {logging_mixin.py:188} INFO - [2026-07-14T19:32:09.277+0000] {dagbag.py:538} INFO - Filling up the DagBag from /opt/airflow/dags/dag_enriquecimento_dados.py
[2026-07-14T19:32:09.285+0000] {processor.py:840} INFO - DAG(s) 'dag_enriquecimento_dados' retrieved from /opt/airflow/dags/dag_enriquecimento_dados.py
[2026-07-14T19:32:09.307+0000] {logging_mixin.py:188} INFO - [2026-07-14T19:32:09.307+0000] {dag.py:3036} INFO - Sync 1 DAGs
[2026-07-14T19:32:09.320+0000] {logging_mixin.py:188} INFO - [2026-07-14T19:32:09.320+0000] {dag.py:3823} INFO - Setting next_dagrun for dag_enriquecimento_dados to None, run_after=None
[2026-07-14T19:32:09.362+0000] {processor.py:183} INFO - Processing /opt/airflow/dags/dag_enriquecimento_dados.py took 0.089 seconds
[2026-07-14T19:32:39.501+0000] {processor.py:161} INFO - Started process (PID=412) to work on /opt/airflow/dags/dag_enriquecimento_dados.py
[2026-07-14T19:32:39.502+0000] {processor.py:830} INFO - Processing file /opt/airflow/dags/dag_enriquecimento_dados.py for tasks to queue
[2026-07-14T19:32:39.503+0000] {logging_mixin.py:188} INFO - [2026-07-14T19:32:39.502+0000] {dagbag.py:538} INFO - Filling up the DagBag from /opt/airflow/dags/dag_enriquecimento_dados.py
[2026-07-14T19:32:39.511+0000] {processor.py:840} INFO - DAG(s) 'dag_enriquecimento_dados' retrieved from /opt/airflow/dags/dag_enriquecimento_dados.py
[2026-07-14T19:32:39.532+0000] {logging_mixin.py:188} INFO - [2026-07-14T19:32:39.532+0000] {dag.py:3036} INFO - Sync 1 DAGs
[2026-07-14T19:32:39.544+0000] {logging_mixin.py:188} INFO - [2026-07-14T19:32:39.544+0000] {dag.py:3823} INFO - Setting next_dagrun for dag_enriquecimento_dados to None, run_after=None
[2026-07-14T19:32:39.585+0000] {processor.py:183} INFO - Processing /opt/airflow/dags/dag_enriquecimento_dados.py took 0.086 seconds
[2026-07-14T19:33:09.718+0000] {processor.py:161} INFO - Started process (PID=427) to work on /opt/airflow/dags/dag_enriquecimento_dados.py
[2026-07-14T19:33:09.718+0000] {processor.py:830} INFO - Processing file /opt/airflow/dags/dag_enriquecimento_dados.py for tasks to queue
[2026-07-14T19:33:09.719+0000] {logging_mixin.py:188} INFO - [2026-07-14T19:33:09.719+0000] {dagbag.py:538} INFO - Filling up the DagBag from /opt/airflow/dags/dag_enriquecimento_dados.py
[2026-07-14T19:33:09.727+0000] {processor.py:840} INFO - DAG(s) 'dag_enriquecimento_dados' retrieved from /opt/airflow/dags/dag_enriquecimento_dados.py
[2026-07-14T19:33:09.747+0000] {logging_mixin.py:188} INFO - [2026-07-14T19:33:09.747+0000] {dag.py:3036} INFO - Sync 1 DAGs
[2026-07-14T19:33:09.759+0000] {logging_mixin.py:188} INFO - [2026-07-14T19:33:09.759+0000] {dag.py:3823} INFO - Setting next_dagrun for dag_enriquecimento_dados to None, run_after=None
[2026-07-14T19:33:09.801+0000] {processor.py:183} INFO - Processing /opt/airflow/dags/dag_enriquecimento_dados.py took 0.085 seconds
[2026-07-14T19:33:39.937+0000] {processor.py:161} INFO - Started process (PID=442) to work on /opt/airflow/dags/dag_enriquecimento_dados.py
[2026-07-14T19:33:39.937+0000] {processor.py:830} INFO - Processing file /opt/airflow/dags/dag_enriquecimento_dados.py for tasks to queue
[2026-07-14T19:33:39.938+0000] {logging_mixin.py:188} INFO - [2026-07-14T19:33:39.938+0000] {dagbag.py:538} INFO - Filling up the DagBag from /opt/airflow/dags/dag_enriquecimento_dados.py
[2026-07-14T19:33:39.946+0000] {processor.py:840} INFO - DAG(s) 'dag_enriquecimento_dados' retrieved from /opt/airflow/dags/dag_enriquecimento_dados.py
[2026-07-14T19:33:39.968+0000] {logging_mixin.py:188} INFO - [2026-07-14T19:33:39.967+0000] {dag.py:3036} INFO - Sync 1 DAGs
[2026-07-14T19:33:39.979+0000] {logging_mixin.py:188} INFO - [2026-07-14T19:33:39.979+0000] {dag.py:3823} INFO - Setting next_dagrun for dag_enriquecimento_dados to None, run_after=None
[2026-07-14T19:33:40.022+0000] {processor.py:183} INFO - Processing /opt/airflow/dags/dag_enriquecimento_dados.py took 0.087 seconds
[2026-07-14T19:34:10.161+0000] {processor.py:161} INFO - Started process (PID=457) to work on /opt/airflow/dags/dag_enriquecimento_dados.py
[2026-07-14T19:34:10.162+0000] {processor.py:830} INFO - Processing file /opt/airflow/dags/dag_enriquecimento_dados.py for tasks to queue
[2026-07-14T19:34:10.162+0000] {logging_mixin.py:188} INFO - [2026-07-14T19:34:10.162+0000] {dagbag.py:538} INFO - Filling up the DagBag from /opt/airflow/dags/dag_enriquecimento_dados.py
[2026-07-14T19:34:10.170+0000] {processor.py:840} INFO - DAG(s) 'dag_enriquecimento_dados' retrieved from /opt/airflow/dags/dag_enriquecimento_dados.py
[2026-07-14T19:34:10.192+0000] {logging_mixin.py:188} INFO - [2026-07-14T19:34:10.191+0000] {dag.py:3036} INFO - Sync 1 DAGs
[2026-07-14T19:34:10.203+0000] {logging_mixin.py:188} INFO - [2026-07-14T19:34:10.202+0000] {dag.py:3823} INFO - Setting next_dagrun for dag_enriquecimento_dados to None, run_after=None
[2026-07-14T19:34:10.246+0000] {processor.py:183} INFO - Processing /opt/airflow/dags/dag_enriquecimento_dados.py took 0.087 seconds
[2026-07-14T19:34:40.394+0000] {processor.py:161} INFO - Started process (PID=472) to work on /opt/airflow/dags/dag_enriquecimento_dados.py
[2026-07-14T19:34:40.394+0000] {processor.py:830} INFO - Processing file /opt/airflow/dags/dag_enriquecimento_dados.py for tasks to queue
[2026-07-14T19:34:40.395+0000] {logging_mixin.py:188} INFO - [2026-07-14T19:34:40.394+0000] {dagbag.py:538} INFO - Filling up the DagBag from /opt/airflow/dags/dag_enriquecimento_dados.py
[2026-07-14T19:34:40.403+0000] {processor.py:840} INFO - DAG(s) 'dag_enriquecimento_dados' retrieved from /opt/airflow/dags/dag_enriquecimento_dados.py
[2026-07-14T19:34:40.424+0000] {logging_mixin.py:188} INFO - [2026-07-14T19:34:40.424+0000] {dag.py:3036} INFO - Sync 1 DAGs
[2026-07-14T19:34:40.436+0000] {logging_mixin.py:188} INFO - [2026-07-14T19:34:40.436+0000] {dag.py:3823} INFO - Setting next_dagrun for dag_enriquecimento_dados to None, run_after=None
[2026-07-14T19:34:40.481+0000] {processor.py:183} INFO - Processing /opt/airflow/dags/dag_enriquecimento_dados.py took 0.090 seconds
[2026-07-14T19:35:10.622+0000] {processor.py:161} INFO - Started process (PID=487) to work on /opt/airflow/dags/dag_enriquecimento_dados.py
[2026-07-14T19:35:10.623+0000] {processor.py:830} INFO - Processing file /opt/airflow/dags/dag_enriquecimento_dados.py for tasks to queue
[2026-07-14T19:35:10.623+0000] {logging_mixin.py:188} INFO - [2026-07-14T19:35:10.623+0000] {dagbag.py:538} INFO - Filling up the DagBag from /opt/airflow/dags/dag_enriquecimento_dados.py
[2026-07-14T19:35:10.632+0000] {processor.py:840} INFO - DAG(s) 'dag_enriquecimento_dados' retrieved from /opt/airflow/dags/dag_enriquecimento_dados.py
[2026-07-14T19:35:10.653+0000] {logging_mixin.py:188} INFO - [2026-07-14T19:35:10.653+0000] {dag.py:3036} INFO - Sync 1 DAGs
[2026-07-14T19:35:10.666+0000] {logging_mixin.py:188} INFO - [2026-07-14T19:35:10.666+0000] {dag.py:3823} INFO - Setting next_dagrun for dag_enriquecimento_dados to None, run_after=None
[2026-07-14T19:35:10.710+0000] {processor.py:183} INFO - Processing /opt/airflow/dags/dag_enriquecimento_dados.py took 0.091 seconds
[2026-07-14T19:35:40.851+0000] {processor.py:161} INFO - Started process (PID=502) to work on /opt/airflow/dags/dag_enriquecimento_dados.py
[2026-07-14T19:35:40.852+0000] {processor.py:830} INFO - Processing file /opt/airflow/dags/dag_enriquecimento_dados.py for tasks to queue
[2026-07-14T19:35:40.852+0000] {logging_mixin.py:188} INFO - [2026-07-14T19:35:40.852+0000] {dagbag.py:538} INFO - Filling up the DagBag from /opt/airflow/dags/dag_enriquecimento_dados.py
[2026-07-14T19:35:40.860+0000] {processor.py:840} INFO - DAG(s) 'dag_enriquecimento_dados' retrieved from /opt/airflow/dags/dag_enriquecimento_dados.py
[2026-07-14T19:35:40.883+0000] {logging_mixin.py:188} INFO - [2026-07-14T19:35:40.883+0000] {dag.py:3036} INFO - Sync 1 DAGs
[2026-07-14T19:35:40.894+0000] {logging_mixin.py:188} INFO - [2026-07-14T19:35:40.894+0000] {dag.py:3823} INFO - Setting next_dagrun for dag_enriquecimento_dados to None, run_after=None
[2026-07-14T19:35:40.938+0000] {processor.py:183} INFO - Processing /opt/airflow/dags/dag_enriquecimento_dados.py took 0.090 seconds
[2026-07-14T19:36:11.078+0000] {processor.py:161} INFO - Started process (PID=517) to work on /opt/airflow/dags/dag_enriquecimento_dados.py
[2026-07-14T19:36:11.079+0000] {processor.py:830} INFO - Processing file /opt/airflow/dags/dag_enriquecimento_dados.py for tasks to queue
[2026-07-14T19:36:11.079+0000] {logging_mixin.py:188} INFO - [2026-07-14T19:36:11.079+0000] {dagbag.py:538} INFO - Filling up the DagBag from /opt/airflow/dags/dag_enriquecimento_dados.py
[2026-07-14T19:36:11.087+0000] {processor.py:840} INFO - DAG(s) 'dag_enriquecimento_dados' retrieved from /opt/airflow/dags/dag_enriquecimento_dados.py
[2026-07-14T19:36:11.110+0000] {logging_mixin.py:188} INFO - [2026-07-14T19:36:11.110+0000] {dag.py:3036} INFO - Sync 1 DAGs
[2026-07-14T19:36:11.122+0000] {logging_mixin.py:188} INFO - [2026-07-14T19:36:11.122+0000] {dag.py:3823} INFO - Setting next_dagrun for dag_enriquecimento_dados to None, run_after=None
[2026-07-14T19:36:11.165+0000] {processor.py:183} INFO - Processing /opt/airflow/dags/dag_enriquecimento_dados.py took 0.090 seconds
[2026-07-14T19:36:41.306+0000] {processor.py:161} INFO - Started process (PID=532) to work on /opt/airflow/dags/dag_enriquecimento_dados.py
[2026-07-14T19:36:41.306+0000] {processor.py:830} INFO - Processing file /opt/airflow/dags/dag_enriquecimento_dados.py for tasks to queue
[2026-07-14T19:36:41.307+0000] {logging_mixin.py:188} INFO - [2026-07-14T19:36:41.307+0000] {dagbag.py:538} INFO - Filling up the DagBag from /opt/airflow/dags/dag_enriquecimento_dados.py
[2026-07-14T19:36:41.316+0000] {processor.py:840} INFO - DAG(s) 'dag_enriquecimento_dados' retrieved from /opt/airflow/dags/dag_enriquecimento_dados.py
[2026-07-14T19:36:41.339+0000] {logging_mixin.py:188} INFO - [2026-07-14T19:36:41.339+0000] {dag.py:3036} INFO - Sync 1 DAGs
[2026-07-14T19:36:41.351+0000] {logging_mixin.py:188} INFO - [2026-07-14T19:36:41.351+0000] {dag.py:3823} INFO - Setting next_dagrun for dag_enriquecimento_dados to None, run_after=None
[2026-07-14T19:36:41.395+0000] {processor.py:183} INFO - Processing /opt/airflow/dags/dag_enriquecimento_dados.py took 0.092 seconds
[2026-07-14T19:37:11.533+0000] {processor.py:161} INFO - Started process (PID=547) to work on /opt/airflow/dags/dag_enriquecimento_dados.py
[2026-07-14T19:37:11.534+0000] {processor.py:830} INFO - Processing file /opt/airflow/dags/dag_enriquecimento_dados.py for tasks to queue
[2026-07-14T19:37:11.534+0000] {logging_mixin.py:188} INFO - [2026-07-14T19:37:11.534+0000] {dagbag.py:538} INFO - Filling up the DagBag from /opt/airflow/dags/dag_enriquecimento_dados.py
[2026-07-14T19:37:11.543+0000] {processor.py:840} INFO - DAG(s) 'dag_enriquecimento_dados' retrieved from /opt/airflow/dags/dag_enriquecimento_dados.py
[2026-07-14T19:37:11.565+0000] {logging_mixin.py:188} INFO - [2026-07-14T19:37:11.564+0000] {dag.py:3036} INFO - Sync 1 DAGs
[2026-07-14T19:37:11.577+0000] {logging_mixin.py:188} INFO - [2026-07-14T19:37:11.577+0000] {dag.py:3823} INFO - Setting next_dagrun for dag_enriquecimento_dados to None, run_after=None
[2026-07-14T19:37:11.621+0000] {processor.py:183} INFO - Processing /opt/airflow/dags/dag_enriquecimento_dados.py took 0.091 seconds
[2026-07-14T19:37:41.764+0000] {processor.py:161} INFO - Started process (PID=562) to work on /opt/airflow/dags/dag_enriquecimento_dados.py
[2026-07-14T19:37:41.765+0000] {processor.py:830} INFO - Processing file /opt/airflow/dags/dag_enriquecimento_dados.py for tasks to queue
[2026-07-14T19:37:41.765+0000] {logging_mixin.py:188} INFO - [2026-07-14T19:37:41.765+0000] {dagbag.py:538} INFO - Filling up the DagBag from /opt/airflow/dags/dag_enriquecimento_dados.py
[2026-07-14T19:37:41.775+0000] {processor.py:840} INFO - DAG(s) 'dag_enriquecimento_dados' retrieved from /opt/airflow/dags/dag_enriquecimento_dados.py
[2026-07-14T19:37:41.798+0000] {logging_mixin.py:188} INFO - [2026-07-14T19:37:41.798+0000] {dag.py:3036} INFO - Sync 1 DAGs
[2026-07-14T19:37:41.811+0000] {logging_mixin.py:188} INFO - [2026-07-14T19:37:41.811+0000] {dag.py:3823} INFO - Setting next_dagrun for dag_enriquecimento_dados to None, run_after=None
[2026-07-14T19:37:41.826+0000] {processor.py:183} INFO - Processing /opt/airflow/dags/dag_enriquecimento_dados.py took 0.065 seconds
[2026-07-14T19:38:11.963+0000] {processor.py:161} INFO - Started process (PID=577) to work on /opt/airflow/dags/dag_enriquecimento_dados.py
[2026-07-14T19:38:11.964+0000] {processor.py:830} INFO - Processing file /opt/airflow/dags/dag_enriquecimento_dados.py for tasks to queue
[2026-07-14T19:38:11.965+0000] {logging_mixin.py:188} INFO - [2026-07-14T19:38:11.964+0000] {dagbag.py:538} INFO - Filling up the DagBag from /opt/airflow/dags/dag_enriquecimento_dados.py
[2026-07-14T19:38:11.973+0000] {processor.py:840} INFO - DAG(s) 'dag_enriquecimento_dados' retrieved from /opt/airflow/dags/dag_enriquecimento_dados.py
[2026-07-14T19:38:11.994+0000] {logging_mixin.py:188} INFO - [2026-07-14T19:38:11.994+0000] {dag.py:3036} INFO - Sync 1 DAGs
[2026-07-14T19:38:12.006+0000] {logging_mixin.py:188} INFO - [2026-07-14T19:38:12.006+0000] {dag.py:3823} INFO - Setting next_dagrun for dag_enriquecimento_dados to None, run_after=None
[2026-07-14T19:38:12.049+0000] {processor.py:183} INFO - Processing /opt/airflow/dags/dag_enriquecimento_dados.py took 0.089 seconds
[2026-07-14T19:38:42.188+0000] {processor.py:161} INFO - Started process (PID=592) to work on /opt/airflow/dags/dag_enriquecimento_dados.py
[2026-07-14T19:38:42.188+0000] {processor.py:830} INFO - Processing file /opt/airflow/dags/dag_enriquecimento_dados.py for tasks to queue
[2026-07-14T19:38:42.189+0000] {logging_mixin.py:188} INFO - [2026-07-14T19:38:42.189+0000] {dagbag.py:538} INFO - Filling up the DagBag from /opt/airflow/dags/dag_enriquecimento_dados.py
[2026-07-14T19:38:42.198+0000] {processor.py:840} INFO - DAG(s) 'dag_enriquecimento_dados' retrieved from /opt/airflow/dags/dag_enriquecimento_dados.py
[2026-07-14T19:38:42.219+0000] {logging_mixin.py:188} INFO - [2026-07-14T19:38:42.219+0000] {dag.py:3036} INFO - Sync 1 DAGs
[2026-07-14T19:38:42.230+0000] {logging_mixin.py:188} INFO - [2026-07-14T19:38:42.230+0000] {dag.py:3823} INFO - Setting next_dagrun for dag_enriquecimento_dados to None, run_after=None
[2026-07-14T19:38:42.275+0000] {processor.py:183} INFO - Processing /opt/airflow/dags/dag_enriquecimento_dados.py took 0.089 seconds
[2026-07-14T19:39:12.416+0000] {processor.py:161} INFO - Started process (PID=607) to work on /opt/airflow/dags/dag_enriquecimento_dados.py
[2026-07-14T19:39:12.416+0000] {processor.py:830} INFO - Processing file /opt/airflow/dags/dag_enriquecimento_dados.py for tasks to queue
[2026-07-14T19:39:12.417+0000] {logging_mixin.py:188} INFO - [2026-07-14T19:39:12.417+0000] {dagbag.py:538} INFO - Filling up the DagBag from /opt/airflow/dags/dag_enriquecimento_dados.py
[2026-07-14T19:39:12.425+0000] {processor.py:840} INFO - DAG(s) 'dag_enriquecimento_dados' retrieved from /opt/airflow/dags/dag_enriquecimento_dados.py
[2026-07-14T19:39:12.447+0000] {logging_mixin.py:188} INFO - [2026-07-14T19:39:12.447+0000] {dag.py:3036} INFO - Sync 1 DAGs
[2026-07-14T19:39:12.459+0000] {logging_mixin.py:188} INFO - [2026-07-14T19:39:12.458+0000] {dag.py:3823} INFO - Setting next_dagrun for dag_enriquecimento_dados to None, run_after=None
[2026-07-14T19:39:12.503+0000] {processor.py:183} INFO - Processing /opt/airflow/dags/dag_enriquecimento_dados.py took 0.089 seconds
[2026-07-14T19:39:42.650+0000] {processor.py:161} INFO - Started process (PID=622) to work on /opt/airflow/dags/dag_enriquecimento_dados.py
[2026-07-14T19:39:42.651+0000] {processor.py:830} INFO - Processing file /opt/airflow/dags/dag_enriquecimento_dados.py for tasks to queue
[2026-07-14T19:39:42.651+0000] {logging_mixin.py:188} INFO - [2026-07-14T19:39:42.651+0000] {dagbag.py:538} INFO - Filling up the DagBag from /opt/airflow/dags/dag_enriquecimento_dados.py
[2026-07-14T19:39:42.659+0000] {processor.py:840} INFO - DAG(s) 'dag_enriquecimento_dados' retrieved from /opt/airflow/dags/dag_enriquecimento_dados.py
[2026-07-14T19:39:42.681+0000] {logging_mixin.py:188} INFO - [2026-07-14T19:39:42.680+0000] {dag.py:3036} INFO - Sync 1 DAGs
[2026-07-14T19:39:42.692+0000] {logging_mixin.py:188} INFO - [2026-07-14T19:39:42.692+0000] {dag.py:3823} INFO - Setting next_dagrun for dag_enriquecimento_dados to None, run_after=None
[2026-07-14T19:39:42.739+0000] {processor.py:183} INFO - Processing /opt/airflow/dags/dag_enriquecimento_dados.py took 0.091 seconds
[2026-07-14T19:40:12.878+0000] {processor.py:161} INFO - Started process (PID=637) to work on /opt/airflow/dags/dag_enriquecimento_dados.py
[2026-07-14T19:40:12.878+0000] {processor.py:830} INFO - Processing file /opt/airflow/dags/dag_enriquecimento_dados.py for tasks to queue
[2026-07-14T19:40:12.879+0000] {logging_mixin.py:188} INFO - [2026-07-14T19:40:12.878+0000] {dagbag.py:538} INFO - Filling up the DagBag from /opt/airflow/dags/dag_enriquecimento_dados.py
[2026-07-14T19:40:12.887+0000] {processor.py:840} INFO - DAG(s) 'dag_enriquecimento_dados' retrieved from /opt/airflow/dags/dag_enriquecimento_dados.py
[2026-07-14T19:40:12.908+0000] {logging_mixin.py:188} INFO - [2026-07-14T19:40:12.908+0000] {dag.py:3036} INFO - Sync 1 DAGs
[2026-07-14T19:40:12.920+0000] {logging_mixin.py:188} INFO - [2026-07-14T19:40:12.920+0000] {dag.py:3823} INFO - Setting next_dagrun for dag_enriquecimento_dados to None, run_after=None
[2026-07-14T19:40:12.935+0000] {processor.py:183} INFO - Processing /opt/airflow/dags/dag_enriquecimento_dados.py took 0.060 seconds
[2026-07-14T19:40:43.076+0000] {processor.py:161} INFO - Started process (PID=652) to work on /opt/airflow/dags/dag_enriquecimento_dados.py
[2026-07-14T19:40:43.077+0000] {processor.py:830} INFO - Processing file /opt/airflow/dags/dag_enriquecimento_dados.py for tasks to queue
[2026-07-14T19:40:43.077+0000] {logging_mixin.py:188} INFO - [2026-07-14T19:40:43.077+0000] {dagbag.py:538} INFO - Filling up the DagBag from /opt/airflow/dags/dag_enriquecimento_dados.py
[2026-07-14T19:40:43.085+0000] {processor.py:840} INFO - DAG(s) 'dag_enriquecimento_dados' retrieved from /opt/airflow/dags/dag_enriquecimento_dados.py
[2026-07-14T19:40:43.107+0000] {logging_mixin.py:188} INFO - [2026-07-14T19:40:43.107+0000] {dag.py:3036} INFO - Sync 1 DAGs
[2026-07-14T19:40:43.119+0000] {logging_mixin.py:188} INFO - [2026-07-14T19:40:43.119+0000] {dag.py:3823} INFO - Setting next_dagrun for dag_enriquecimento_dados to None, run_after=None
[2026-07-14T19:40:43.167+0000] {processor.py:183} INFO - Processing /opt/airflow/dags/dag_enriquecimento_dados.py took 0.094 seconds
[2026-07-14T19:41:13.303+0000] {processor.py:161} INFO - Started process (PID=667) to work on /opt/airflow/dags/dag_enriquecimento_dados.py
[2026-07-14T19:41:13.303+0000] {processor.py:830} INFO - Processing file /opt/airflow/dags/dag_enriquecimento_dados.py for tasks to queue
[2026-07-14T19:41:13.304+0000] {logging_mixin.py:188} INFO - [2026-07-14T19:41:13.304+0000] {dagbag.py:538} INFO - Filling up the DagBag from /opt/airflow/dags/dag_enriquecimento_dados.py
[2026-07-14T19:41:13.313+0000] {processor.py:840} INFO - DAG(s) 'dag_enriquecimento_dados' retrieved from /opt/airflow/dags/dag_enriquecimento_dados.py
[2026-07-14T19:41:13.334+0000] {logging_mixin.py:188} INFO - [2026-07-14T19:41:13.334+0000] {dag.py:3036} INFO - Sync 1 DAGs
[2026-07-14T19:41:13.346+0000] {logging_mixin.py:188} INFO - [2026-07-14T19:41:13.346+0000] {dag.py:3823} INFO - Setting next_dagrun for dag_enriquecimento_dados to None, run_after=None
[2026-07-14T19:41:13.393+0000] {processor.py:183} INFO - Processing /opt/airflow/dags/dag_enriquecimento_dados.py took 0.093 seconds
[2026-07-14T19:41:43.536+0000] {processor.py:161} INFO - Started process (PID=682) to work on /opt/airflow/dags/dag_enriquecimento_dados.py
[2026-07-14T19:41:43.536+0000] {processor.py:830} INFO - Processing file /opt/airflow/dags/dag_enriquecimento_dados.py for tasks to queue
[2026-07-14T19:41:43.537+0000] {logging_mixin.py:188} INFO - [2026-07-14T19:41:43.537+0000] {dagbag.py:538} INFO - Filling up the DagBag from /opt/airflow/dags/dag_enriquecimento_dados.py
[2026-07-14T19:41:43.545+0000] {processor.py:840} INFO - DAG(s) 'dag_enriquecimento_dados' retrieved from /opt/airflow/dags/dag_enriquecimento_dados.py
[2026-07-14T19:41:43.567+0000] {logging_mixin.py:188} INFO - [2026-07-14T19:41:43.567+0000] {dag.py:3036} INFO - Sync 1 DAGs
[2026-07-14T19:41:43.579+0000] {logging_mixin.py:188} INFO - [2026-07-14T19:41:43.578+0000] {dag.py:3823} INFO - Setting next_dagrun for dag_enriquecimento_dados to None, run_after=None
[2026-07-14T19:41:43.624+0000] {processor.py:183} INFO - Processing /opt/airflow/dags/dag_enriquecimento_dados.py took 0.091 seconds
[2026-07-14T19:42:13.762+0000] {processor.py:161} INFO - Started process (PID=697) to work on /opt/airflow/dags/dag_enriquecimento_dados.py
[2026-07-14T19:42:13.762+0000] {processor.py:830} INFO - Processing file /opt/airflow/dags/dag_enriquecimento_dados.py for tasks to queue
[2026-07-14T19:42:13.763+0000] {logging_mixin.py:188} INFO - [2026-07-14T19:42:13.762+0000] {dagbag.py:538} INFO - Filling up the DagBag from /opt/airflow/dags/dag_enriquecimento_dados.py
[2026-07-14T19:42:13.770+0000] {processor.py:840} INFO - DAG(s) 'dag_enriquecimento_dados' retrieved from /opt/airflow/dags/dag_enriquecimento_dados.py
[2026-07-14T19:42:13.792+0000] {logging_mixin.py:188} INFO - [2026-07-14T19:42:13.792+0000] {dag.py:3036} INFO - Sync 1 DAGs
[2026-07-14T19:42:13.803+0000] {logging_mixin.py:188} INFO - [2026-07-14T19:42:13.803+0000] {dag.py:3823} INFO - Setting next_dagrun for dag_enriquecimento_dados to None, run_after=None
[2026-07-14T19:42:13.848+0000] {processor.py:183} INFO - Processing /opt/airflow/dags/dag_enriquecimento_dados.py took 0.089 seconds
[2026-07-14T19:42:43.993+0000] {processor.py:161} INFO - Started process (PID=712) to work on /opt/airflow/dags/dag_enriquecimento_dados.py
[2026-07-14T19:42:43.994+0000] {processor.py:830} INFO - Processing file /opt/airflow/dags/dag_enriquecimento_dados.py for tasks to queue
[2026-07-14T19:42:43.994+0000] {logging_mixin.py:188} INFO - [2026-07-14T19:42:43.994+0000] {dagbag.py:538} INFO - Filling up the DagBag from /opt/airflow/dags/dag_enriquecimento_dados.py
[2026-07-14T19:42:44.002+0000] {processor.py:840} INFO - DAG(s) 'dag_enriquecimento_dados' retrieved from /opt/airflow/dags/dag_enriquecimento_dados.py
[2026-07-14T19:42:44.023+0000] {logging_mixin.py:188} INFO - [2026-07-14T19:42:44.023+0000] {dag.py:3036} INFO - Sync 1 DAGs
[2026-07-14T19:42:44.034+0000] {logging_mixin.py:188} INFO - [2026-07-14T19:42:44.034+0000] {dag.py:3823} INFO - Setting next_dagrun for dag_enriquecimento_dados to None, run_after=None
[2026-07-14T19:42:44.080+0000] {processor.py:183} INFO - Processing /opt/airflow/dags/dag_enriquecimento_dados.py took 0.089 seconds
[2026-07-14T19:43:14.219+0000] {processor.py:161} INFO - Started process (PID=727) to work on /opt/airflow/dags/dag_enriquecimento_dados.py
[2026-07-14T19:43:14.220+0000] {processor.py:830} INFO - Processing file /opt/airflow/dags/dag_enriquecimento_dados.py for tasks to queue
[2026-07-14T19:43:14.221+0000] {logging_mixin.py:188} INFO - [2026-07-14T19:43:14.220+0000] {dagbag.py:538} INFO - Filling up the DagBag from /opt/airflow/dags/dag_enriquecimento_dados.py
[2026-07-14T19:43:14.228+0000] {processor.py:840} INFO - DAG(s) 'dag_enriquecimento_dados' retrieved from /opt/airflow/dags/dag_enriquecimento_dados.py
[2026-07-14T19:43:14.250+0000] {logging_mixin.py:188} INFO - [2026-07-14T19:43:14.249+0000] {dag.py:3036} INFO - Sync 1 DAGs
[2026-07-14T19:43:14.261+0000] {logging_mixin.py:188} INFO - [2026-07-14T19:43:14.261+0000] {dag.py:3823} INFO - Setting next_dagrun for dag_enriquecimento_dados to None, run_after=None
[2026-07-14T19:43:14.307+0000] {processor.py:183} INFO - Processing /opt/airflow/dags/dag_enriquecimento_dados.py took 0.090 seconds
[2026-07-14T19:43:44.447+0000] {processor.py:161} INFO - Started process (PID=742) to work on /opt/airflow/dags/dag_enriquecimento_dados.py
[2026-07-14T19:43:44.448+0000] {processor.py:830} INFO - Processing file /opt/airflow/dags/dag_enriquecimento_dados.py for tasks to queue
[2026-07-14T19:43:44.448+0000] {logging_mixin.py:188} INFO - [2026-07-14T19:43:44.448+0000] {dagbag.py:538} INFO - Filling up the DagBag from /opt/airflow/dags/dag_enriquecimento_dados.py
[2026-07-14T19:43:44.456+0000] {processor.py:840} INFO - DAG(s) 'dag_enriquecimento_dados' retrieved from /opt/airflow/dags/dag_enriquecimento_dados.py
[2026-07-14T19:43:44.477+0000] {logging_mixin.py:188} INFO - [2026-07-14T19:43:44.477+0000] {dag.py:3036} INFO - Sync 1 DAGs
[2026-07-14T19:43:44.489+0000] {logging_mixin.py:188} INFO - [2026-07-14T19:43:44.488+0000] {dag.py:3823} INFO - Setting next_dagrun for dag_enriquecimento_dados to None, run_after=None
[2026-07-14T19:43:44.536+0000] {processor.py:183} INFO - Processing /opt/airflow/dags/dag_enriquecimento_dados.py took 0.091 seconds
[2026-07-14T19:44:14.676+0000] {processor.py:161} INFO - Started process (PID=757) to work on /opt/airflow/dags/dag_enriquecimento_dados.py
[2026-07-14T19:44:14.677+0000] {processor.py:830} INFO - Processing file /opt/airflow/dags/dag_enriquecimento_dados.py for tasks to queue
[2026-07-14T19:44:14.677+0000] {logging_mixin.py:188} INFO - [2026-07-14T19:44:14.677+0000] {dagbag.py:538} INFO - Filling up the DagBag from /opt/airflow/dags/dag_enriquecimento_dados.py
[2026-07-14T19:44:14.686+0000] {processor.py:840} INFO - DAG(s) 'dag_enriquecimento_dados' retrieved from /opt/airflow/dags/dag_enriquecimento_dados.py
[2026-07-14T19:44:14.707+0000] {logging_mixin.py:188} INFO - [2026-07-14T19:44:14.707+0000] {dag.py:3036} INFO - Sync 1 DAGs
[2026-07-14T19:44:14.718+0000] {logging_mixin.py:188} INFO - [2026-07-14T19:44:14.718+0000] {dag.py:3823} INFO - Setting next_dagrun for dag_enriquecimento_dados to None, run_after=None
[2026-07-14T19:44:14.766+0000] {processor.py:183} INFO - Processing /opt/airflow/dags/dag_enriquecimento_dados.py took 0.093 seconds
[2026-07-14T19:44:44.916+0000] {processor.py:161} INFO - Started process (PID=772) to work on /opt/airflow/dags/dag_enriquecimento_dados.py
[2026-07-14T19:44:44.916+0000] {processor.py:830} INFO - Processing file /opt/airflow/dags/dag_enriquecimento_dados.py for tasks to queue
[2026-07-14T19:44:44.917+0000] {logging_mixin.py:188} INFO - [2026-07-14T19:44:44.917+0000] {dagbag.py:538} INFO - Filling up the DagBag from /opt/airflow/dags/dag_enriquecimento_dados.py
[2026-07-14T19:44:44.925+0000] {processor.py:840} INFO - DAG(s) 'dag_enriquecimento_dados' retrieved from /opt/airflow/dags/dag_enriquecimento_dados.py
[2026-07-14T19:44:44.947+0000] {logging_mixin.py:188} INFO - [2026-07-14T19:44:44.947+0000] {dag.py:3036} INFO - Sync 1 DAGs
[2026-07-14T19:44:44.958+0000] {logging_mixin.py:188} INFO - [2026-07-14T19:44:44.958+0000] {dag.py:3823} INFO - Setting next_dagrun for dag_enriquecimento_dados to None, run_after=None
[2026-07-14T19:44:45.008+0000] {processor.py:183} INFO - Processing /opt/airflow/dags/dag_enriquecimento_dados.py took 0.095 seconds
[2026-07-14T19:45:15.147+0000] {processor.py:161} INFO - Started process (PID=787) to work on /opt/airflow/dags/dag_enriquecimento_dados.py
[2026-07-14T19:45:15.147+0000] {processor.py:830} INFO - Processing file /opt/airflow/dags/dag_enriquecimento_dados.py for tasks to queue
[2026-07-14T19:45:15.148+0000] {logging_mixin.py:188} INFO - [2026-07-14T19:45:15.148+0000] {dagbag.py:538} INFO - Filling up the DagBag from /opt/airflow/dags/dag_enriquecimento_dados.py
[2026-07-14T19:45:15.156+0000] {processor.py:840} INFO - DAG(s) 'dag_enriquecimento_dados' retrieved from /opt/airflow/dags/dag_enriquecimento_dados.py
[2026-07-14T19:45:15.179+0000] {logging_mixin.py:188} INFO - [2026-07-14T19:45:15.179+0000] {dag.py:3036} INFO - Sync 1 DAGs
[2026-07-14T19:45:15.191+0000] {logging_mixin.py:188} INFO - [2026-07-14T19:45:15.191+0000] {dag.py:3823} INFO - Setting next_dagrun for dag_enriquecimento_dados to None, run_after=None
[2026-07-14T19:45:15.238+0000] {processor.py:183} INFO - Processing /opt/airflow/dags/dag_enriquecimento_dados.py took 0.094 seconds
[2026-07-14T19:45:45.379+0000] {processor.py:161} INFO - Started process (PID=802) to work on /opt/airflow/dags/dag_enriquecimento_dados.py
[2026-07-14T19:45:45.379+0000] {processor.py:830} INFO - Processing file /opt/airflow/dags/dag_enriquecimento_dados.py for tasks to queue
[2026-07-14T19:45:45.380+0000] {logging_mixin.py:188} INFO - [2026-07-14T19:45:45.380+0000] {dagbag.py:538} INFO - Filling up the DagBag from /opt/airflow/dags/dag_enriquecimento_dados.py
[2026-07-14T19:45:45.388+0000] {processor.py:840} INFO - DAG(s) 'dag_enriquecimento_dados' retrieved from /opt/airflow/dags/dag_enriquecimento_dados.py
[2026-07-14T19:45:45.409+0000] {logging_mixin.py:188} INFO - [2026-07-14T19:45:45.409+0000] {dag.py:3036} INFO - Sync 1 DAGs
[2026-07-14T19:45:45.421+0000] {logging_mixin.py:188} INFO - [2026-07-14T19:45:45.421+0000] {dag.py:3823} INFO - Setting next_dagrun for dag_enriquecimento_dados to None, run_after=None
[2026-07-14T19:45:45.470+0000] {processor.py:183} INFO - Processing /opt/airflow/dags/dag_enriquecimento_dados.py took 0.094 seconds
[2026-07-14T19:46:15.609+0000] {processor.py:161} INFO - Started process (PID=817) to work on /opt/airflow/dags/dag_enriquecimento_dados.py
[2026-07-14T19:46:15.610+0000] {processor.py:830} INFO - Processing file /opt/airflow/dags/dag_enriquecimento_dados.py for tasks to queue
[2026-07-14T19:46:15.610+0000] {logging_mixin.py:188} INFO - [2026-07-14T19:46:15.610+0000] {dagbag.py:538} INFO - Filling up the DagBag from /opt/airflow/dags/dag_enriquecimento_dados.py
[2026-07-14T19:46:15.619+0000] {processor.py:840} INFO - DAG(s) 'dag_enriquecimento_dados' retrieved from /opt/airflow/dags/dag_enriquecimento_dados.py
[2026-07-14T19:46:15.641+0000] {logging_mixin.py:188} INFO - [2026-07-14T19:46:15.641+0000] {dag.py:3036} INFO - Sync 1 DAGs
[2026-07-14T19:46:15.653+0000] {logging_mixin.py:188} INFO - [2026-07-14T19:46:15.653+0000] {dag.py:3823} INFO - Setting next_dagrun for dag_enriquecimento_dados to None, run_after=None
[2026-07-14T19:46:15.700+0000] {processor.py:183} INFO - Processing /opt/airflow/dags/dag_enriquecimento_dados.py took 0.093 seconds
[2026-07-14T19:46:45.840+0000] {processor.py:161} INFO - Started process (PID=832) to work on /opt/airflow/dags/dag_enriquecimento_dados.py
[2026-07-14T19:46:45.841+0000] {processor.py:830} INFO - Processing file /opt/airflow/dags/dag_enriquecimento_dados.py for tasks to queue
[2026-07-14T19:46:45.841+0000] {logging_mixin.py:188} INFO - [2026-07-14T19:46:45.841+0000] {dagbag.py:538} INFO - Filling up the DagBag from /opt/airflow/dags/dag_enriquecimento_dados.py
[2026-07-14T19:46:45.850+0000] {processor.py:840} INFO - DAG(s) 'dag_enriquecimento_dados' retrieved from /opt/airflow/dags/dag_enriquecimento_dados.py
[2026-07-14T19:46:45.873+0000] {logging_mixin.py:188} INFO - [2026-07-14T19:46:45.873+0000] {dag.py:3036} INFO - Sync 1 DAGs
[2026-07-14T19:46:45.885+0000] {logging_mixin.py:188} INFO - [2026-07-14T19:46:45.885+0000] {dag.py:3823} INFO - Setting next_dagrun for dag_enriquecimento_dados to None, run_after=None
[2026-07-14T19:46:45.935+0000] {processor.py:183} INFO - Processing /opt/airflow/dags/dag_enriquecimento_dados.py took 0.098 seconds
[2026-07-14T19:47:16.076+0000] {processor.py:161} INFO - Started process (PID=847) to work on /opt/airflow/dags/dag_enriquecimento_dados.py
[2026-07-14T19:47:16.077+0000] {processor.py:830} INFO - Processing file /opt/airflow/dags/dag_enriquecimento_dados.py for tasks to queue
[2026-07-14T19:47:16.078+0000] {logging_mixin.py:188} INFO - [2026-07-14T19:47:16.077+0000] {dagbag.py:538} INFO - Filling up the DagBag from /opt/airflow/dags/dag_enriquecimento_dados.py
[2026-07-14T19:47:16.086+0000] {processor.py:840} INFO - DAG(s) 'dag_enriquecimento_dados' retrieved from /opt/airflow/dags/dag_enriquecimento_dados.py
[2026-07-14T19:47:16.109+0000] {logging_mixin.py:188} INFO - [2026-07-14T19:47:16.108+0000] {dag.py:3036} INFO - Sync 1 DAGs
[2026-07-14T19:47:16.120+0000] {logging_mixin.py:188} INFO - [2026-07-14T19:47:16.120+0000] {dag.py:3823} INFO - Setting next_dagrun for dag_enriquecimento_dados to None, run_after=None
[2026-07-14T19:47:16.170+0000] {processor.py:183} INFO - Processing /opt/airflow/dags/dag_enriquecimento_dados.py took 0.096 seconds
[2026-07-14T19:47:46.315+0000] {processor.py:161} INFO - Started process (PID=862) to work on /opt/airflow/dags/dag_enriquecimento_dados.py
[2026-07-14T19:47:46.315+0000] {processor.py:830} INFO - Processing file /opt/airflow/dags/dag_enriquecimento_dados.py for tasks to queue
[2026-07-14T19:47:46.316+0000] {logging_mixin.py:188} INFO - [2026-07-14T19:47:46.316+0000] {dagbag.py:538} INFO - Filling up the DagBag from /opt/airflow/dags/dag_enriquecimento_dados.py
[2026-07-14T19:47:46.325+0000] {processor.py:840} INFO - DAG(s) 'dag_enriquecimento_dados' retrieved from /opt/airflow/dags/dag_enriquecimento_dados.py
[2026-07-14T19:47:46.346+0000] {logging_mixin.py:188} INFO - [2026-07-14T19:47:46.346+0000] {dag.py:3036} INFO - Sync 1 DAGs
[2026-07-14T19:47:46.357+0000] {logging_mixin.py:188} INFO - [2026-07-14T19:47:46.357+0000] {dag.py:3823} INFO - Setting next_dagrun for dag_enriquecimento_dados to None, run_after=None
[2026-07-14T19:47:46.405+0000] {processor.py:183} INFO - Processing /opt/airflow/dags/dag_enriquecimento_dados.py took 0.093 seconds
[2026-07-14T19:48:16.547+0000] {processor.py:161} INFO - Started process (PID=877) to work on /opt/airflow/dags/dag_enriquecimento_dados.py
[2026-07-14T19:48:16.548+0000] {processor.py:830} INFO - Processing file /opt/airflow/dags/dag_enriquecimento_dados.py for tasks to queue
[2026-07-14T19:48:16.549+0000] {logging_mixin.py:188} INFO - [2026-07-14T19:48:16.548+0000] {dagbag.py:538} INFO - Filling up the DagBag from /opt/airflow/dags/dag_enriquecimento_dados.py
[2026-07-14T19:48:16.557+0000] {processor.py:840} INFO - DAG(s) 'dag_enriquecimento_dados' retrieved from /opt/airflow/dags/dag_enriquecimento_dados.py
[2026-07-14T19:48:16.577+0000] {logging_mixin.py:188} INFO - [2026-07-14T19:48:16.577+0000] {dag.py:3036} INFO - Sync 1 DAGs
[2026-07-14T19:48:16.589+0000] {logging_mixin.py:188} INFO - [2026-07-14T19:48:16.589+0000] {dag.py:3823} INFO - Setting next_dagrun for dag_enriquecimento_dados to None, run_after=None
[2026-07-14T19:48:16.638+0000] {processor.py:183} INFO - Processing /opt/airflow/dags/dag_enriquecimento_dados.py took 0.093 seconds
[2026-07-14T19:48:46.779+0000] {processor.py:161} INFO - Started process (PID=892) to work on /opt/airflow/dags/dag_enriquecimento_dados.py
[2026-07-14T19:48:46.780+0000] {processor.py:830} INFO - Processing file /opt/airflow/dags/dag_enriquecimento_dados.py for tasks to queue
[2026-07-14T19:48:46.780+0000] {logging_mixin.py:188} INFO - [2026-07-14T19:48:46.780+0000] {dagbag.py:538} INFO - Filling up the DagBag from /opt/airflow/dags/dag_enriquecimento_dados.py
[2026-07-14T19:48:46.788+0000] {processor.py:840} INFO - DAG(s) 'dag_enriquecimento_dados' retrieved from /opt/airflow/dags/dag_enriquecimento_dados.py
[2026-07-14T19:48:46.810+0000] {logging_mixin.py:188} INFO - [2026-07-14T19:48:46.810+0000] {dag.py:3036} INFO - Sync 1 DAGs
[2026-07-14T19:48:46.823+0000] {logging_mixin.py:188} INFO - [2026-07-14T19:48:46.823+0000] {dag.py:3823} INFO - Setting next_dagrun for dag_enriquecimento_dados to None, run_after=None
[2026-07-14T19:48:46.871+0000] {processor.py:183} INFO - Processing /opt/airflow/dags/dag_enriquecimento_dados.py took 0.094 seconds
[2026-07-14T19:49:17.014+0000] {processor.py:161} INFO - Started process (PID=907) to work on /opt/airflow/dags/dag_enriquecimento_dados.py
[2026-07-14T19:49:17.014+0000] {processor.py:830} INFO - Processing file /opt/airflow/dags/dag_enriquecimento_dados.py for tasks to queue
[2026-07-14T19:49:17.015+0000] {logging_mixin.py:188} INFO - [2026-07-14T19:49:17.015+0000] {dagbag.py:538} INFO - Filling up the DagBag from /opt/airflow/dags/dag_enriquecimento_dados.py
[2026-07-14T19:49:17.023+0000] {processor.py:840} INFO - DAG(s) 'dag_enriquecimento_dados' retrieved from /opt/airflow/dags/dag_enriquecimento_dados.py
[2026-07-14T19:49:17.046+0000] {logging_mixin.py:188} INFO - [2026-07-14T19:49:17.046+0000] {dag.py:3036} INFO - Sync 1 DAGs
[2026-07-14T19:49:17.058+0000] {logging_mixin.py:188} INFO - [2026-07-14T19:49:17.058+0000] {dag.py:3823} INFO - Setting next_dagrun for dag_enriquecimento_dados to None, run_after=None
[2026-07-14T19:49:17.106+0000] {processor.py:183} INFO - Processing /opt/airflow/dags/dag_enriquecimento_dados.py took 0.095 seconds
[2026-07-14T19:49:47.256+0000] {processor.py:161} INFO - Started process (PID=922) to work on /opt/airflow/dags/dag_enriquecimento_dados.py
[2026-07-14T19:49:47.256+0000] {processor.py:830} INFO - Processing file /opt/airflow/dags/dag_enriquecimento_dados.py for tasks to queue
[2026-07-14T19:49:47.257+0000] {logging_mixin.py:188} INFO - [2026-07-14T19:49:47.257+0000] {dagbag.py:538} INFO - Filling up the DagBag from /opt/airflow/dags/dag_enriquecimento_dados.py
[2026-07-14T19:49:47.265+0000] {processor.py:840} INFO - DAG(s) 'dag_enriquecimento_dados' retrieved from /opt/airflow/dags/dag_enriquecimento_dados.py
[2026-07-14T19:49:47.288+0000] {logging_mixin.py:188} INFO - [2026-07-14T19:49:47.287+0000] {dag.py:3036} INFO - Sync 1 DAGs
[2026-07-14T19:49:47.299+0000] {logging_mixin.py:188} INFO - [2026-07-14T19:49:47.299+0000] {dag.py:3823} INFO - Setting next_dagrun for dag_enriquecimento_dados to None, run_after=None
[2026-07-14T19:49:47.348+0000] {processor.py:183} INFO - Processing /opt/airflow/dags/dag_enriquecimento_dados.py took 0.095 seconds
[2026-07-14T19:50:17.491+0000] {processor.py:161} INFO - Started process (PID=937) to work on /opt/airflow/dags/dag_enriquecimento_dados.py
[2026-07-14T19:50:17.492+0000] {processor.py:830} INFO - Processing file /opt/airflow/dags/dag_enriquecimento_dados.py for tasks to queue
[2026-07-14T19:50:17.493+0000] {logging_mixin.py:188} INFO - [2026-07-14T19:50:17.492+0000] {dagbag.py:538} INFO - Filling up the DagBag from /opt/airflow/dags/dag_enriquecimento_dados.py
[2026-07-14T19:50:17.501+0000] {processor.py:840} INFO - DAG(s) 'dag_enriquecimento_dados' retrieved from /opt/airflow/dags/dag_enriquecimento_dados.py
[2026-07-14T19:50:17.523+0000] {logging_mixin.py:188} INFO - [2026-07-14T19:50:17.523+0000] {dag.py:3036} INFO - Sync 1 DAGs
[2026-07-14T19:50:17.535+0000] {logging_mixin.py:188} INFO - [2026-07-14T19:50:17.535+0000] {dag.py:3823} INFO - Setting next_dagrun for dag_enriquecimento_dados to None, run_after=None
[2026-07-14T19:50:17.584+0000] {processor.py:183} INFO - Processing /opt/airflow/dags/dag_enriquecimento_dados.py took 0.096 seconds
[2026-07-14T19:50:47.726+0000] {processor.py:161} INFO - Started process (PID=952) to work on /opt/airflow/dags/dag_enriquecimento_dados.py
[2026-07-14T19:50:47.727+0000] {processor.py:830} INFO - Processing file /opt/airflow/dags/dag_enriquecimento_dados.py for tasks to queue
[2026-07-14T19:50:47.727+0000] {logging_mixin.py:188} INFO - [2026-07-14T19:50:47.727+0000] {dagbag.py:538} INFO - Filling up the DagBag from /opt/airflow/dags/dag_enriquecimento_dados.py
[2026-07-14T19:50:47.736+0000] {processor.py:840} INFO - DAG(s) 'dag_enriquecimento_dados' retrieved from /opt/airflow/dags/dag_enriquecimento_dados.py
[2026-07-14T19:50:47.760+0000] {logging_mixin.py:188} INFO - [2026-07-14T19:50:47.760+0000] {dag.py:3036} INFO - Sync 1 DAGs
[2026-07-14T19:50:47.774+0000] {logging_mixin.py:188} INFO - [2026-07-14T19:50:47.774+0000] {dag.py:3823} INFO - Setting next_dagrun for dag_enriquecimento_dados to None, run_after=None
[2026-07-14T19:50:47.826+0000] {processor.py:183} INFO - Processing /opt/airflow/dags/dag_enriquecimento_dados.py took 0.102 seconds
[2026-07-14T19:51:17.969+0000] {processor.py:161} INFO - Started process (PID=967) to work on /opt/airflow/dags/dag_enriquecimento_dados.py
[2026-07-14T19:51:17.970+0000] {processor.py:830} INFO - Processing file /opt/airflow/dags/dag_enriquecimento_dados.py for tasks to queue
[2026-07-14T19:51:17.971+0000] {logging_mixin.py:188} INFO - [2026-07-14T19:51:17.970+0000] {dagbag.py:538} INFO - Filling up the DagBag from /opt/airflow/dags/dag_enriquecimento_dados.py
[2026-07-14T19:51:17.979+0000] {processor.py:840} INFO - DAG(s) 'dag_enriquecimento_dados' retrieved from /opt/airflow/dags/dag_enriquecimento_dados.py
[2026-07-14T19:51:18.000+0000] {logging_mixin.py:188} INFO - [2026-07-14T19:51:18.000+0000] {dag.py:3036} INFO - Sync 1 DAGs
[2026-07-14T19:51:18.012+0000] {logging_mixin.py:188} INFO - [2026-07-14T19:51:18.012+0000] {dag.py:3823} INFO - Setting next_dagrun for dag_enriquecimento_dados to None, run_after=None
[2026-07-14T19:51:18.060+0000] {processor.py:183} INFO - Processing /opt/airflow/dags/dag_enriquecimento_dados.py took 0.094 seconds
[2026-07-14T19:51:48.197+0000] {processor.py:161} INFO - Started process (PID=982) to work on /opt/airflow/dags/dag_enriquecimento_dados.py
[2026-07-14T19:51:48.197+0000] {processor.py:830} INFO - Processing file /opt/airflow/dags/dag_enriquecimento_dados.py for tasks to queue
[2026-07-14T19:51:48.198+0000] {logging_mixin.py:188} INFO - [2026-07-14T19:51:48.198+0000] {dagbag.py:538} INFO - Filling up the DagBag from /opt/airflow/dags/dag_enriquecimento_dados.py
[2026-07-14T19:51:48.207+0000] {processor.py:840} INFO - DAG(s) 'dag_enriquecimento_dados' retrieved from /opt/airflow/dags/dag_enriquecimento_dados.py
[2026-07-14T19:51:48.229+0000] {logging_mixin.py:188} INFO - [2026-07-14T19:51:48.229+0000] {dag.py:3036} INFO - Sync 1 DAGs
[2026-07-14T19:51:48.241+0000] {logging_mixin.py:188} INFO - [2026-07-14T19:51:48.241+0000] {dag.py:3823} INFO - Setting next_dagrun for dag_enriquecimento_dados to None, run_after=None
[2026-07-14T19:51:48.288+0000] {processor.py:183} INFO - Processing /opt/airflow/dags/dag_enriquecimento_dados.py took 0.094 seconds
[2026-07-14T19:52:18.428+0000] {processor.py:161} INFO - Started process (PID=997) to work on /opt/airflow/dags/dag_enriquecimento_dados.py
[2026-07-14T19:52:18.428+0000] {processor.py:830} INFO - Processing file /opt/airflow/dags/dag_enriquecimento_dados.py for tasks to queue
[2026-07-14T19:52:18.429+0000] {logging_mixin.py:188} INFO - [2026-07-14T19:52:18.429+0000] {dagbag.py:538} INFO - Filling up the DagBag from /opt/airflow/dags/dag_enriquecimento_dados.py
[2026-07-14T19:52:18.438+0000] {processor.py:840} INFO - DAG(s) 'dag_enriquecimento_dados' retrieved from /opt/airflow/dags/dag_enriquecimento_dados.py
[2026-07-14T19:52:18.461+0000] {logging_mixin.py:188} INFO - [2026-07-14T19:52:18.461+0000] {dag.py:3036} INFO - Sync 1 DAGs
[2026-07-14T19:52:18.472+0000] {logging_mixin.py:188} INFO - [2026-07-14T19:52:18.472+0000] {dag.py:3823} INFO - Setting next_dagrun for dag_enriquecimento_dados to None, run_after=None
[2026-07-14T19:52:18.519+0000] {processor.py:183} INFO - Processing /opt/airflow/dags/dag_enriquecimento_dados.py took 0.094 seconds
[2026-07-14T19:52:48.657+0000] {processor.py:161} INFO - Started process (PID=1012) to work on /opt/airflow/dags/dag_enriquecimento_dados.py
[2026-07-14T19:52:48.657+0000] {processor.py:830} INFO - Processing file /opt/airflow/dags/dag_enriquecimento_dados.py for tasks to queue
[2026-07-14T19:52:48.658+0000] {logging_mixin.py:188} INFO - [2026-07-14T19:52:48.658+0000] {dagbag.py:538} INFO - Filling up the DagBag from /opt/airflow/dags/dag_enriquecimento_dados.py
[2026-07-14T19:52:48.666+0000] {processor.py:840} INFO - DAG(s) 'dag_enriquecimento_dados' retrieved from /opt/airflow/dags/dag_enriquecimento_dados.py
[2026-07-14T19:52:48.687+0000] {logging_mixin.py:188} INFO - [2026-07-14T19:52:48.687+0000] {dag.py:3036} INFO - Sync 1 DAGs
[2026-07-14T19:52:48.699+0000] {logging_mixin.py:188} INFO - [2026-07-14T19:52:48.699+0000] {dag.py:3823} INFO - Setting next_dagrun for dag_enriquecimento_dados to None, run_after=None
[2026-07-14T19:52:48.748+0000] {processor.py:183} INFO - Processing /opt/airflow/dags/dag_enriquecimento_dados.py took 0.094 seconds
[2026-07-14T19:53:18.891+0000] {processor.py:161} INFO - Started process (PID=1027) to work on /opt/airflow/dags/dag_enriquecimento_dados.py
[2026-07-14T19:53:18.892+0000] {processor.py:830} INFO - Processing file /opt/airflow/dags/dag_enriquecimento_dados.py for tasks to queue
[2026-07-14T19:53:18.892+0000] {logging_mixin.py:188} INFO - [2026-07-14T19:53:18.892+0000] {dagbag.py:538} INFO - Filling up the DagBag from /opt/airflow/dags/dag_enriquecimento_dados.py
[2026-07-14T19:53:18.900+0000] {processor.py:840} INFO - DAG(s) 'dag_enriquecimento_dados' retrieved from /opt/airflow/dags/dag_enriquecimento_dados.py
[2026-07-14T19:53:18.924+0000] {logging_mixin.py:188} INFO - [2026-07-14T19:53:18.923+0000] {dag.py:3036} INFO - Sync 1 DAGs
[2026-07-14T19:53:18.937+0000] {logging_mixin.py:188} INFO - [2026-07-14T19:53:18.937+0000] {dag.py:3823} INFO - Setting next_dagrun for dag_enriquecimento_dados to None, run_after=None
[2026-07-14T19:53:18.987+0000] {processor.py:183} INFO - Processing /opt/airflow/dags/dag_enriquecimento_dados.py took 0.098 seconds
[2026-07-14T19:53:49.129+0000] {processor.py:161} INFO - Started process (PID=1042) to work on /opt/airflow/dags/dag_enriquecimento_dados.py
[2026-07-14T19:53:49.130+0000] {processor.py:830} INFO - Processing file /opt/airflow/dags/dag_enriquecimento_dados.py for tasks to queue
[2026-07-14T19:53:49.130+0000] {logging_mixin.py:188} INFO - [2026-07-14T19:53:49.130+0000] {dagbag.py:538} INFO - Filling up the DagBag from /opt/airflow/dags/dag_enriquecimento_dados.py
[2026-07-14T19:53:49.138+0000] {processor.py:840} INFO - DAG(s) 'dag_enriquecimento_dados' retrieved from /opt/airflow/dags/dag_enriquecimento_dados.py
[2026-07-14T19:53:49.161+0000] {logging_mixin.py:188} INFO - [2026-07-14T19:53:49.160+0000] {dag.py:3036} INFO - Sync 1 DAGs
[2026-07-14T19:53:49.173+0000] {logging_mixin.py:188} INFO - [2026-07-14T19:53:49.173+0000] {dag.py:3823} INFO - Setting next_dagrun for dag_enriquecimento_dados to None, run_after=None
[2026-07-14T19:53:49.207+0000] {processor.py:183} INFO - Processing /opt/airflow/dags/dag_enriquecimento_dados.py took 0.080 seconds
[2026-07-14T19:54:19.346+0000] {processor.py:161} INFO - Started process (PID=1057) to work on /opt/airflow/dags/dag_enriquecimento_dados.py
[2026-07-14T19:54:19.346+0000] {processor.py:830} INFO - Processing file /opt/airflow/dags/dag_enriquecimento_dados.py for tasks to queue
[2026-07-14T19:54:19.347+0000] {logging_mixin.py:188} INFO - [2026-07-14T19:54:19.347+0000] {dagbag.py:538} INFO - Filling up the DagBag from /opt/airflow/dags/dag_enriquecimento_dados.py
[2026-07-14T19:54:19.355+0000] {processor.py:840} INFO - DAG(s) 'dag_enriquecimento_dados' retrieved from /opt/airflow/dags/dag_enriquecimento_dados.py
[2026-07-14T19:54:19.376+0000] {logging_mixin.py:188} INFO - [2026-07-14T19:54:19.376+0000] {dag.py:3036} INFO - Sync 1 DAGs
[2026-07-14T19:54:19.388+0000] {logging_mixin.py:188} INFO - [2026-07-14T19:54:19.387+0000] {dag.py:3823} INFO - Setting next_dagrun for dag_enriquecimento_dados to None, run_after=None
[2026-07-14T19:54:19.422+0000] {processor.py:183} INFO - Processing /opt/airflow/dags/dag_enriquecimento_dados.py took 0.079 seconds
[2026-07-14T19:54:49.577+0000] {processor.py:161} INFO - Started process (PID=1072) to work on /opt/airflow/dags/dag_enriquecimento_dados.py
[2026-07-14T19:54:49.578+0000] {processor.py:830} INFO - Processing file /opt/airflow/dags/dag_enriquecimento_dados.py for tasks to queue
[2026-07-14T19:54:49.578+0000] {logging_mixin.py:188} INFO - [2026-07-14T19:54:49.578+0000] {dagbag.py:538} INFO - Filling up the DagBag from /opt/airflow/dags/dag_enriquecimento_dados.py
[2026-07-14T19:54:49.587+0000] {processor.py:840} INFO - DAG(s) 'dag_enriquecimento_dados' retrieved from /opt/airflow/dags/dag_enriquecimento_dados.py
[2026-07-14T19:54:49.609+0000] {logging_mixin.py:188} INFO - [2026-07-14T19:54:49.609+0000] {dag.py:3036} INFO - Sync 1 DAGs
[2026-07-14T19:54:49.621+0000] {logging_mixin.py:188} INFO - [2026-07-14T19:54:49.621+0000] {dag.py:3823} INFO - Setting next_dagrun for dag_enriquecimento_dados to None, run_after=None
[2026-07-14T19:54:49.639+0000] {processor.py:183} INFO - Processing /opt/airflow/dags/dag_enriquecimento_dados.py took 0.064 seconds
[2026-07-14T19:55:19.775+0000] {processor.py:161} INFO - Started process (PID=1087) to work on /opt/airflow/dags/dag_enriquecimento_dados.py
[2026-07-14T19:55:19.776+0000] {processor.py:830} INFO - Processing file /opt/airflow/dags/dag_enriquecimento_dados.py for tasks to queue
[2026-07-14T19:55:19.776+0000] {logging_mixin.py:188} INFO - [2026-07-14T19:55:19.776+0000] {dagbag.py:538} INFO - Filling up the DagBag from /opt/airflow/dags/dag_enriquecimento_dados.py
[2026-07-14T19:55:19.785+0000] {processor.py:840} INFO - DAG(s) 'dag_enriquecimento_dados' retrieved from /opt/airflow/dags/dag_enriquecimento_dados.py
[2026-07-14T19:55:19.810+0000] {logging_mixin.py:188} INFO - [2026-07-14T19:55:19.810+0000] {dag.py:3036} INFO - Sync 1 DAGs
[2026-07-14T19:55:19.823+0000] {logging_mixin.py:188} INFO - [2026-07-14T19:55:19.822+0000] {dag.py:3823} INFO - Setting next_dagrun for dag_enriquecimento_dados to None, run_after=None
[2026-07-14T19:55:19.839+0000] {processor.py:183} INFO - Processing /opt/airflow/dags/dag_enriquecimento_dados.py took 0.067 seconds
[2026-07-14T19:55:49.979+0000] {processor.py:161} INFO - Started process (PID=1102) to work on /opt/airflow/dags/dag_enriquecimento_dados.py
[2026-07-14T19:55:49.979+0000] {processor.py:830} INFO - Processing file /opt/airflow/dags/dag_enriquecimento_dados.py for tasks to queue
[2026-07-14T19:55:49.980+0000] {logging_mixin.py:188} INFO - [2026-07-14T19:55:49.980+0000] {dagbag.py:538} INFO - Filling up the DagBag from /opt/airflow/dags/dag_enriquecimento_dados.py
[2026-07-14T19:55:49.988+0000] {processor.py:840} INFO - DAG(s) 'dag_enriquecimento_dados' retrieved from /opt/airflow/dags/dag_enriquecimento_dados.py
[2026-07-14T19:55:50.010+0000] {logging_mixin.py:188} INFO - [2026-07-14T19:55:50.010+0000] {dag.py:3036} INFO - Sync 1 DAGs
[2026-07-14T19:55:50.022+0000] {logging_mixin.py:188} INFO - [2026-07-14T19:55:50.022+0000] {dag.py:3823} INFO - Setting next_dagrun for dag_enriquecimento_dados to None, run_after=None
[2026-07-14T19:55:50.055+0000] {processor.py:183} INFO - Processing /opt/airflow/dags/dag_enriquecimento_dados.py took 0.079 seconds
[2026-07-14T19:56:20.198+0000] {processor.py:161} INFO - Started process (PID=1117) to work on /opt/airflow/dags/dag_enriquecimento_dados.py
[2026-07-14T19:56:20.198+0000] {processor.py:830} INFO - Processing file /opt/airflow/dags/dag_enriquecimento_dados.py for tasks to queue
[2026-07-14T19:56:20.199+0000] {logging_mixin.py:188} INFO - [2026-07-14T19:56:20.199+0000] {dagbag.py:538} INFO - Filling up the DagBag from /opt/airflow/dags/dag_enriquecimento_dados.py
[2026-07-14T19:56:20.208+0000] {processor.py:840} INFO - DAG(s) 'dag_enriquecimento_dados' retrieved from /opt/airflow/dags/dag_enriquecimento_dados.py
[2026-07-14T19:56:20.229+0000] {logging_mixin.py:188} INFO - [2026-07-14T19:56:20.229+0000] {dag.py:3036} INFO - Sync 1 DAGs
[2026-07-14T19:56:20.242+0000] {logging_mixin.py:188} INFO - [2026-07-14T19:56:20.242+0000] {dag.py:3823} INFO - Setting next_dagrun for dag_enriquecimento_dados to None, run_after=None
[2026-07-14T19:56:20.275+0000] {processor.py:183} INFO - Processing /opt/airflow/dags/dag_enriquecimento_dados.py took 0.080 seconds
[2026-07-14T19:56:50.416+0000] {processor.py:161} INFO - Started process (PID=1132) to work on /opt/airflow/dags/dag_enriquecimento_dados.py
[2026-07-14T19:56:50.416+0000] {processor.py:830} INFO - Processing file /opt/airflow/dags/dag_enriquecimento_dados.py for tasks to queue
[2026-07-14T19:56:50.417+0000] {logging_mixin.py:188} INFO - [2026-07-14T19:56:50.417+0000] {dagbag.py:538} INFO - Filling up the DagBag from /opt/airflow/dags/dag_enriquecimento_dados.py
[2026-07-14T19:56:50.425+0000] {processor.py:840} INFO - DAG(s) 'dag_enriquecimento_dados' retrieved from /opt/airflow/dags/dag_enriquecimento_dados.py
[2026-07-14T19:56:50.447+0000] {logging_mixin.py:188} INFO - [2026-07-14T19:56:50.447+0000] {dag.py:3036} INFO - Sync 1 DAGs
[2026-07-14T19:56:50.459+0000] {logging_mixin.py:188} INFO - [2026-07-14T19:56:50.459+0000] {dag.py:3823} INFO - Setting next_dagrun for dag_enriquecimento_dados to None, run_after=None
[2026-07-14T19:56:50.487+0000] {processor.py:183} INFO - Processing /opt/airflow/dags/dag_enriquecimento_dados.py took 0.074 seconds
[2026-07-14T19:57:20.630+0000] {processor.py:161} INFO - Started process (PID=1147) to work on /opt/airflow/dags/dag_enriquecimento_dados.py
[2026-07-14T19:57:20.631+0000] {processor.py:830} INFO - Processing file /opt/airflow/dags/dag_enriquecimento_dados.py for tasks to queue
[2026-07-14T19:57:20.632+0000] {logging_mixin.py:188} INFO - [2026-07-14T19:57:20.631+0000] {dagbag.py:538} INFO - Filling up the DagBag from /opt/airflow/dags/dag_enriquecimento_dados.py
[2026-07-14T19:57:20.640+0000] {processor.py:840} INFO - DAG(s) 'dag_enriquecimento_dados' retrieved from /opt/airflow/dags/dag_enriquecimento_dados.py
[2026-07-14T19:57:20.663+0000] {logging_mixin.py:188} INFO - [2026-07-14T19:57:20.663+0000] {dag.py:3036} INFO - Sync 1 DAGs
[2026-07-14T19:57:20.674+0000] {logging_mixin.py:188} INFO - [2026-07-14T19:57:20.674+0000] {dag.py:3823} INFO - Setting next_dagrun for dag_enriquecimento_dados to None, run_after=None
[2026-07-14T19:57:20.710+0000] {processor.py:183} INFO - Processing /opt/airflow/dags/dag_enriquecimento_dados.py took 0.082 seconds
[2026-07-14T19:57:50.849+0000] {processor.py:161} INFO - Started process (PID=1162) to work on /opt/airflow/dags/dag_enriquecimento_dados.py
[2026-07-14T19:57:50.850+0000] {processor.py:830} INFO - Processing file /opt/airflow/dags/dag_enriquecimento_dados.py for tasks to queue
[2026-07-14T19:57:50.851+0000] {logging_mixin.py:188} INFO - [2026-07-14T19:57:50.850+0000] {dagbag.py:538} INFO - Filling up the DagBag from /opt/airflow/dags/dag_enriquecimento_dados.py
[2026-07-14T19:57:50.859+0000] {processor.py:840} INFO - DAG(s) 'dag_enriquecimento_dados' retrieved from /opt/airflow/dags/dag_enriquecimento_dados.py
[2026-07-14T19:57:50.882+0000] {logging_mixin.py:188} INFO - [2026-07-14T19:57:50.882+0000] {dag.py:3036} INFO - Sync 1 DAGs
[2026-07-14T19:57:50.896+0000] {logging_mixin.py:188} INFO - [2026-07-14T19:57:50.895+0000] {dag.py:3823} INFO - Setting next_dagrun for dag_enriquecimento_dados to None, run_after=None
[2026-07-14T19:57:50.931+0000] {processor.py:183} INFO - Processing /opt/airflow/dags/dag_enriquecimento_dados.py took 0.085 seconds
[2026-07-14T19:58:21.070+0000] {processor.py:161} INFO - Started process (PID=1177) to work on /opt/airflow/dags/dag_enriquecimento_dados.py
[2026-07-14T19:58:21.071+0000] {processor.py:830} INFO - Processing file /opt/airflow/dags/dag_enriquecimento_dados.py for tasks to queue
[2026-07-14T19:58:21.072+0000] {logging_mixin.py:188} INFO - [2026-07-14T19:58:21.071+0000] {dagbag.py:538} INFO - Filling up the DagBag from /opt/airflow/dags/dag_enriquecimento_dados.py
[2026-07-14T19:58:21.080+0000] {processor.py:840} INFO - DAG(s) 'dag_enriquecimento_dados' retrieved from /opt/airflow/dags/dag_enriquecimento_dados.py
[2026-07-14T19:58:21.102+0000] {logging_mixin.py:188} INFO - [2026-07-14T19:58:21.102+0000] {dag.py:3036} INFO - Sync 1 DAGs
[2026-07-14T19:58:21.114+0000] {logging_mixin.py:188} INFO - [2026-07-14T19:58:21.113+0000] {dag.py:3823} INFO - Setting next_dagrun for dag_enriquecimento_dados to None, run_after=None
[2026-07-14T19:58:21.149+0000] {processor.py:183} INFO - Processing /opt/airflow/dags/dag_enriquecimento_dados.py took 0.081 seconds
[2026-07-14T19:58:51.292+0000] {processor.py:161} INFO - Started process (PID=1192) to work on /opt/airflow/dags/dag_enriquecimento_dados.py
[2026-07-14T19:58:51.293+0000] {processor.py:830} INFO - Processing file /opt/airflow/dags/dag_enriquecimento_dados.py for tasks to queue
[2026-07-14T19:58:51.293+0000] {logging_mixin.py:188} INFO - [2026-07-14T19:58:51.293+0000] {dagbag.py:538} INFO - Filling up the DagBag from /opt/airflow/dags/dag_enriquecimento_dados.py
[2026-07-14T19:58:51.301+0000] {processor.py:840} INFO - DAG(s) 'dag_enriquecimento_dados' retrieved from /opt/airflow/dags/dag_enriquecimento_dados.py
[2026-07-14T19:58:51.323+0000] {logging_mixin.py:188} INFO - [2026-07-14T19:58:51.323+0000] {dag.py:3036} INFO - Sync 1 DAGs
[2026-07-14T19:58:51.335+0000] {logging_mixin.py:188} INFO - [2026-07-14T19:58:51.334+0000] {dag.py:3823} INFO - Setting next_dagrun for dag_enriquecimento_dados to None, run_after=None
[2026-07-14T19:58:51.369+0000] {processor.py:183} INFO - Processing /opt/airflow/dags/dag_enriquecimento_dados.py took 0.080 seconds
[2026-07-14T19:59:21.510+0000] {processor.py:161} INFO - Started process (PID=1207) to work on /opt/airflow/dags/dag_enriquecimento_dados.py
[2026-07-14T19:59:21.511+0000] {processor.py:830} INFO - Processing file /opt/airflow/dags/dag_enriquecimento_dados.py for tasks to queue
[2026-07-14T19:59:21.511+0000] {logging_mixin.py:188} INFO - [2026-07-14T19:59:21.511+0000] {dagbag.py:538} INFO - Filling up the DagBag from /opt/airflow/dags/dag_enriquecimento_dados.py
[2026-07-14T19:59:21.520+0000] {processor.py:840} INFO - DAG(s) 'dag_enriquecimento_dados' retrieved from /opt/airflow/dags/dag_enriquecimento_dados.py
[2026-07-14T19:59:21.542+0000] {logging_mixin.py:188} INFO - [2026-07-14T19:59:21.542+0000] {dag.py:3036} INFO - Sync 1 DAGs
[2026-07-14T19:59:21.554+0000] {logging_mixin.py:188} INFO - [2026-07-14T19:59:21.554+0000] {dag.py:3823} INFO - Setting next_dagrun for dag_enriquecimento_dados to None, run_after=None
[2026-07-14T19:59:21.590+0000] {processor.py:183} INFO - Processing /opt/airflow/dags/dag_enriquecimento_dados.py took 0.082 seconds
[2026-07-14T19:59:51.737+0000] {processor.py:161} INFO - Started process (PID=1222) to work on /opt/airflow/dags/dag_enriquecimento_dados.py
[2026-07-14T19:59:51.738+0000] {processor.py:830} INFO - Processing file /opt/airflow/dags/dag_enriquecimento_dados.py for tasks to queue
[2026-07-14T19:59:51.739+0000] {logging_mixin.py:188} INFO - [2026-07-14T19:59:51.738+0000] {dagbag.py:538} INFO - Filling up the DagBag from /opt/airflow/dags/dag_enriquecimento_dados.py
[2026-07-14T19:59:51.747+0000] {processor.py:840} INFO - DAG(s) 'dag_enriquecimento_dados' retrieved from /opt/airflow/dags/dag_enriquecimento_dados.py
[2026-07-14T19:59:51.769+0000] {logging_mixin.py:188} INFO - [2026-07-14T19:59:51.769+0000] {dag.py:3036} INFO - Sync 1 DAGs
[2026-07-14T19:59:51.782+0000] {logging_mixin.py:188} INFO - [2026-07-14T19:59:51.782+0000] {dag.py:3823} INFO - Setting next_dagrun for dag_enriquecimento_dados to None, run_after=None
[2026-07-14T19:59:51.820+0000] {processor.py:183} INFO - Processing /opt/airflow/dags/dag_enriquecimento_dados.py took 0.085 seconds
[2026-07-14T20:00:21.959+0000] {processor.py:161} INFO - Started process (PID=1237) to work on /opt/airflow/dags/dag_enriquecimento_dados.py
[2026-07-14T20:00:21.960+0000] {processor.py:830} INFO - Processing file /opt/airflow/dags/dag_enriquecimento_dados.py for tasks to queue
[2026-07-14T20:00:21.960+0000] {logging_mixin.py:188} INFO - [2026-07-14T20:00:21.960+0000] {dagbag.py:538} INFO - Filling up the DagBag from /opt/airflow/dags/dag_enriquecimento_dados.py
[2026-07-14T20:00:21.969+0000] {processor.py:840} INFO - DAG(s) 'dag_enriquecimento_dados' retrieved from /opt/airflow/dags/dag_enriquecimento_dados.py
[2026-07-14T20:00:21.992+0000] {logging_mixin.py:188} INFO - [2026-07-14T20:00:21.991+0000] {dag.py:3036} INFO - Sync 1 DAGs
[2026-07-14T20:00:22.005+0000] {logging_mixin.py:188} INFO - [2026-07-14T20:00:22.005+0000] {dag.py:3823} INFO - Setting next_dagrun for dag_enriquecimento_dados to None, run_after=None
[2026-07-14T20:00:22.043+0000] {processor.py:183} INFO - Processing /opt/airflow/dags/dag_enriquecimento_dados.py took 0.086 seconds
[2026-07-14T20:00:52.182+0000] {processor.py:161} INFO - Started process (PID=1252) to work on /opt/airflow/dags/dag_enriquecimento_dados.py
[2026-07-14T20:00:52.182+0000] {processor.py:830} INFO - Processing file /opt/airflow/dags/dag_enriquecimento_dados.py for tasks to queue
[2026-07-14T20:00:52.183+0000] {logging_mixin.py:188} INFO - [2026-07-14T20:00:52.182+0000] {dagbag.py:538} INFO - Filling up the DagBag from /opt/airflow/dags/dag_enriquecimento_dados.py
[2026-07-14T20:00:52.191+0000] {processor.py:840} INFO - DAG(s) 'dag_enriquecimento_dados' retrieved from /opt/airflow/dags/dag_enriquecimento_dados.py
[2026-07-14T20:00:52.213+0000] {logging_mixin.py:188} INFO - [2026-07-14T20:00:52.213+0000] {dag.py:3036} INFO - Sync 1 DAGs
[2026-07-14T20:00:52.224+0000] {logging_mixin.py:188} INFO - [2026-07-14T20:00:52.224+0000] {dag.py:3823} INFO - Setting next_dagrun for dag_enriquecimento_dados to None, run_after=None
[2026-07-14T20:00:52.248+0000] {processor.py:183} INFO - Processing /opt/airflow/dags/dag_enriquecimento_dados.py took 0.069 seconds
[2026-07-14T20:01:22.385+0000] {processor.py:161} INFO - Started process (PID=1267) to work on /opt/airflow/dags/dag_enriquecimento_dados.py
[2026-07-14T20:01:22.385+0000] {processor.py:830} INFO - Processing file /opt/airflow/dags/dag_enriquecimento_dados.py for tasks to queue
[2026-07-14T20:01:22.386+0000] {logging_mixin.py:188} INFO - [2026-07-14T20:01:22.386+0000] {dagbag.py:538} INFO - Filling up the DagBag from /opt/airflow/dags/dag_enriquecimento_dados.py
[2026-07-14T20:01:22.394+0000] {processor.py:840} INFO - DAG(s) 'dag_enriquecimento_dados' retrieved from /opt/airflow/dags/dag_enriquecimento_dados.py
[2026-07-14T20:01:22.417+0000] {logging_mixin.py:188} INFO - [2026-07-14T20:01:22.417+0000] {dag.py:3036} INFO - Sync 1 DAGs
[2026-07-14T20:01:22.429+0000] {logging_mixin.py:188} INFO - [2026-07-14T20:01:22.429+0000] {dag.py:3823} INFO - Setting next_dagrun for dag_enriquecimento_dados to None, run_after=None
[2026-07-14T20:01:22.466+0000] {processor.py:183} INFO - Processing /opt/airflow/dags/dag_enriquecimento_dados.py took 0.084 seconds
[2026-07-14T20:01:52.603+0000] {processor.py:161} INFO - Started process (PID=1282) to work on /opt/airflow/dags/dag_enriquecimento_dados.py
[2026-07-14T20:01:52.603+0000] {processor.py:830} INFO - Processing file /opt/airflow/dags/dag_enriquecimento_dados.py for tasks to queue
[2026-07-14T20:01:52.604+0000] {logging_mixin.py:188} INFO - [2026-07-14T20:01:52.604+0000] {dagbag.py:538} INFO - Filling up the DagBag from /opt/airflow/dags/dag_enriquecimento_dados.py
[2026-07-14T20:01:52.612+0000] {processor.py:840} INFO - DAG(s) 'dag_enriquecimento_dados' retrieved from /opt/airflow/dags/dag_enriquecimento_dados.py
[2026-07-14T20:01:52.635+0000] {logging_mixin.py:188} INFO - [2026-07-14T20:01:52.635+0000] {dag.py:3036} INFO - Sync 1 DAGs
[2026-07-14T20:01:52.646+0000] {logging_mixin.py:188} INFO - [2026-07-14T20:01:52.646+0000] {dag.py:3823} INFO - Setting next_dagrun for dag_enriquecimento_dados to None, run_after=None
[2026-07-14T20:01:52.682+0000] {processor.py:183} INFO - Processing /opt/airflow/dags/dag_enriquecimento_dados.py took 0.082 seconds
[2026-07-14T20:02:47.608+0000] {processor.py:161} INFO - Started process (PID=171) to work on /opt/airflow/dags/dag_enriquecimento_dados.py
[2026-07-14T20:02:47.609+0000] {processor.py:830} INFO - Processing file /opt/airflow/dags/dag_enriquecimento_dados.py for tasks to queue
[2026-07-14T20:02:47.609+0000] {logging_mixin.py:188} INFO - [2026-07-14T20:02:47.609+0000] {dagbag.py:538} INFO - Filling up the DagBag from /opt/airflow/dags/dag_enriquecimento_dados.py
[2026-07-14T20:02:47.617+0000] {processor.py:840} INFO - DAG(s) 'dag_enriquecimento_dados' retrieved from /opt/airflow/dags/dag_enriquecimento_dados.py
[2026-07-14T20:02:47.641+0000] {logging_mixin.py:188} INFO - [2026-07-14T20:02:47.641+0000] {dag.py:3036} INFO - Sync 1 DAGs
[2026-07-14T20:02:47.657+0000] {logging_mixin.py:188} INFO - [2026-07-14T20:02:47.657+0000] {dag.py:3823} INFO - Setting next_dagrun for dag_enriquecimento_dados to None, run_after=None
[2026-07-14T20:02:47.673+0000] {processor.py:183} INFO - Processing /opt/airflow/dags/dag_enriquecimento_dados.py took 0.068 seconds
[2026-07-14T20:03:17.816+0000] {processor.py:161} INFO - Started process (PID=187) to work on /opt/airflow/dags/dag_enriquecimento_dados.py
[2026-07-14T20:03:17.816+0000] {processor.py:830} INFO - Processing file /opt/airflow/dags/dag_enriquecimento_dados.py for tasks to queue
[2026-07-14T20:03:17.817+0000] {logging_mixin.py:188} INFO - [2026-07-14T20:03:17.817+0000] {dagbag.py:538} INFO - Filling up the DagBag from /opt/airflow/dags/dag_enriquecimento_dados.py
[2026-07-14T20:03:17.825+0000] {processor.py:840} INFO - DAG(s) 'dag_enriquecimento_dados' retrieved from /opt/airflow/dags/dag_enriquecimento_dados.py
[2026-07-14T20:03:17.966+0000] {logging_mixin.py:188} INFO - [2026-07-14T20:03:17.966+0000] {dag.py:3036} INFO - Sync 1 DAGs
[2026-07-14T20:03:17.978+0000] {logging_mixin.py:188} INFO - [2026-07-14T20:03:17.978+0000] {dag.py:3823} INFO - Setting next_dagrun for dag_enriquecimento_dados to None, run_after=None
[2026-07-14T20:03:17.996+0000] {processor.py:183} INFO - Processing /opt/airflow/dags/dag_enriquecimento_dados.py took 0.183 seconds
[2026-07-14T20:03:48.143+0000] {processor.py:161} INFO - Started process (PID=202) to work on /opt/airflow/dags/dag_enriquecimento_dados.py
[2026-07-14T20:03:48.143+0000] {processor.py:830} INFO - Processing file /opt/airflow/dags/dag_enriquecimento_dados.py for tasks to queue
[2026-07-14T20:03:48.144+0000] {logging_mixin.py:188} INFO - [2026-07-14T20:03:48.143+0000] {dagbag.py:538} INFO - Filling up the DagBag from /opt/airflow/dags/dag_enriquecimento_dados.py
[2026-07-14T20:03:48.151+0000] {processor.py:840} INFO - DAG(s) 'dag_enriquecimento_dados' retrieved from /opt/airflow/dags/dag_enriquecimento_dados.py
[2026-07-14T20:03:48.173+0000] {logging_mixin.py:188} INFO - [2026-07-14T20:03:48.173+0000] {dag.py:3036} INFO - Sync 1 DAGs
[2026-07-14T20:03:48.185+0000] {logging_mixin.py:188} INFO - [2026-07-14T20:03:48.185+0000] {dag.py:3823} INFO - Setting next_dagrun for dag_enriquecimento_dados to None, run_after=None
[2026-07-14T20:03:48.200+0000] {processor.py:183} INFO - Processing /opt/airflow/dags/dag_enriquecimento_dados.py took 0.061 seconds
[2026-07-14T20:04:18.339+0000] {processor.py:161} INFO - Started process (PID=217) to work on /opt/airflow/dags/dag_enriquecimento_dados.py
[2026-07-14T20:04:18.339+0000] {processor.py:830} INFO - Processing file /opt/airflow/dags/dag_enriquecimento_dados.py for tasks to queue
[2026-07-14T20:04:18.340+0000] {logging_mixin.py:188} INFO - [2026-07-14T20:04:18.340+0000] {dagbag.py:538} INFO - Filling up the DagBag from /opt/airflow/dags/dag_enriquecimento_dados.py
[2026-07-14T20:04:18.348+0000] {processor.py:840} INFO - DAG(s) 'dag_enriquecimento_dados' retrieved from /opt/airflow/dags/dag_enriquecimento_dados.py
[2026-07-14T20:04:18.369+0000] {logging_mixin.py:188} INFO - [2026-07-14T20:04:18.369+0000] {dag.py:3036} INFO - Sync 1 DAGs
[2026-07-14T20:04:18.381+0000] {logging_mixin.py:188} INFO - [2026-07-14T20:04:18.380+0000] {dag.py:3823} INFO - Setting next_dagrun for dag_enriquecimento_dados to None, run_after=None
[2026-07-14T20:04:18.403+0000] {processor.py:183} INFO - Processing /opt/airflow/dags/dag_enriquecimento_dados.py took 0.066 seconds
[2026-07-14T20:04:48.545+0000] {processor.py:161} INFO - Started process (PID=232) to work on /opt/airflow/dags/dag_enriquecimento_dados.py
[2026-07-14T20:04:48.546+0000] {processor.py:830} INFO - Processing file /opt/airflow/dags/dag_enriquecimento_dados.py for tasks to queue
[2026-07-14T20:04:48.546+0000] {logging_mixin.py:188} INFO - [2026-07-14T20:04:48.546+0000] {dagbag.py:538} INFO - Filling up the DagBag from /opt/airflow/dags/dag_enriquecimento_dados.py
[2026-07-14T20:04:48.555+0000] {processor.py:840} INFO - DAG(s) 'dag_enriquecimento_dados' retrieved from /opt/airflow/dags/dag_enriquecimento_dados.py
[2026-07-14T20:04:48.577+0000] {logging_mixin.py:188} INFO - [2026-07-14T20:04:48.577+0000] {dag.py:3036} INFO - Sync 1 DAGs
[2026-07-14T20:04:48.589+0000] {logging_mixin.py:188} INFO - [2026-07-14T20:04:48.589+0000] {dag.py:3823} INFO - Setting next_dagrun for dag_enriquecimento_dados to None, run_after=None
[2026-07-14T20:04:48.607+0000] {processor.py:183} INFO - Processing /opt/airflow/dags/dag_enriquecimento_dados.py took 0.065 seconds
[2026-07-14T20:05:18.750+0000] {processor.py:161} INFO - Started process (PID=247) to work on /opt/airflow/dags/dag_enriquecimento_dados.py
[2026-07-14T20:05:18.751+0000] {processor.py:830} INFO - Processing file /opt/airflow/dags/dag_enriquecimento_dados.py for tasks to queue
[2026-07-14T20:05:18.752+0000] {logging_mixin.py:188} INFO - [2026-07-14T20:05:18.751+0000] {dagbag.py:538} INFO - Filling up the DagBag from /opt/airflow/dags/dag_enriquecimento_dados.py
[2026-07-14T20:05:18.760+0000] {processor.py:840} INFO - DAG(s) 'dag_enriquecimento_dados' retrieved from /opt/airflow/dags/dag_enriquecimento_dados.py
[2026-07-14T20:05:18.784+0000] {logging_mixin.py:188} INFO - [2026-07-14T20:05:18.784+0000] {dag.py:3036} INFO - Sync 1 DAGs
[2026-07-14T20:05:18.799+0000] {logging_mixin.py:188} INFO - [2026-07-14T20:05:18.799+0000] {dag.py:3823} INFO - Setting next_dagrun for dag_enriquecimento_dados to None, run_after=None
[2026-07-14T20:05:18.818+0000] {processor.py:183} INFO - Processing /opt/airflow/dags/dag_enriquecimento_dados.py took 0.070 seconds
[2026-07-14T20:05:48.956+0000] {processor.py:161} INFO - Started process (PID=262) to work on /opt/airflow/dags/dag_enriquecimento_dados.py
[2026-07-14T20:05:48.957+0000] {processor.py:830} INFO - Processing file /opt/airflow/dags/dag_enriquecimento_dados.py for tasks to queue
[2026-07-14T20:05:48.958+0000] {logging_mixin.py:188} INFO - [2026-07-14T20:05:48.957+0000] {dagbag.py:538} INFO - Filling up the DagBag from /opt/airflow/dags/dag_enriquecimento_dados.py
[2026-07-14T20:05:48.966+0000] {processor.py:840} INFO - DAG(s) 'dag_enriquecimento_dados' retrieved from /opt/airflow/dags/dag_enriquecimento_dados.py
[2026-07-14T20:05:48.987+0000] {logging_mixin.py:188} INFO - [2026-07-14T20:05:48.987+0000] {dag.py:3036} INFO - Sync 1 DAGs
[2026-07-14T20:05:49.000+0000] {logging_mixin.py:188} INFO - [2026-07-14T20:05:49.000+0000] {dag.py:3823} INFO - Setting next_dagrun for dag_enriquecimento_dados to None, run_after=None
[2026-07-14T20:05:49.018+0000] {processor.py:183} INFO - Processing /opt/airflow/dags/dag_enriquecimento_dados.py took 0.064 seconds
[2026-07-14T20:06:19.159+0000] {processor.py:161} INFO - Started process (PID=277) to work on /opt/airflow/dags/dag_enriquecimento_dados.py
[2026-07-14T20:06:19.160+0000] {processor.py:830} INFO - Processing file /opt/airflow/dags/dag_enriquecimento_dados.py for tasks to queue
[2026-07-14T20:06:19.160+0000] {logging_mixin.py:188} INFO - [2026-07-14T20:06:19.160+0000] {dagbag.py:538} INFO - Filling up the DagBag from /opt/airflow/dags/dag_enriquecimento_dados.py
[2026-07-14T20:06:19.168+0000] {processor.py:840} INFO - DAG(s) 'dag_enriquecimento_dados' retrieved from /opt/airflow/dags/dag_enriquecimento_dados.py
[2026-07-14T20:06:19.189+0000] {logging_mixin.py:188} INFO - [2026-07-14T20:06:19.189+0000] {dag.py:3036} INFO - Sync 1 DAGs
[2026-07-14T20:06:19.201+0000] {logging_mixin.py:188} INFO - [2026-07-14T20:06:19.201+0000] {dag.py:3823} INFO - Setting next_dagrun for dag_enriquecimento_dados to None, run_after=None
[2026-07-14T20:06:19.219+0000] {processor.py:183} INFO - Processing /opt/airflow/dags/dag_enriquecimento_dados.py took 0.062 seconds
[2026-07-14T20:06:49.359+0000] {processor.py:161} INFO - Started process (PID=292) to work on /opt/airflow/dags/dag_enriquecimento_dados.py
[2026-07-14T20:06:49.359+0000] {processor.py:830} INFO - Processing file /opt/airflow/dags/dag_enriquecimento_dados.py for tasks to queue
[2026-07-14T20:06:49.360+0000] {logging_mixin.py:188} INFO - [2026-07-14T20:06:49.360+0000] {dagbag.py:538} INFO - Filling up the DagBag from /opt/airflow/dags/dag_enriquecimento_dados.py
[2026-07-14T20:06:49.368+0000] {processor.py:840} INFO - DAG(s) 'dag_enriquecimento_dados' retrieved from /opt/airflow/dags/dag_enriquecimento_dados.py
[2026-07-14T20:06:49.389+0000] {logging_mixin.py:188} INFO - [2026-07-14T20:06:49.389+0000] {dag.py:3036} INFO - Sync 1 DAGs
[2026-07-14T20:06:49.400+0000] {logging_mixin.py:188} INFO - [2026-07-14T20:06:49.400+0000] {dag.py:3823} INFO - Setting next_dagrun for dag_enriquecimento_dados to None, run_after=None
[2026-07-14T20:06:49.417+0000] {processor.py:183} INFO - Processing /opt/airflow/dags/dag_enriquecimento_dados.py took 0.061 seconds
[2026-07-14T20:07:19.559+0000] {processor.py:161} INFO - Started process (PID=307) to work on /opt/airflow/dags/dag_enriquecimento_dados.py
[2026-07-14T20:07:19.560+0000] {processor.py:830} INFO - Processing file /opt/airflow/dags/dag_enriquecimento_dados.py for tasks to queue
[2026-07-14T20:07:19.560+0000] {logging_mixin.py:188} INFO - [2026-07-14T20:07:19.560+0000] {dagbag.py:538} INFO - Filling up the DagBag from /opt/airflow/dags/dag_enriquecimento_dados.py
[2026-07-14T20:07:19.568+0000] {processor.py:840} INFO - DAG(s) 'dag_enriquecimento_dados' retrieved from /opt/airflow/dags/dag_enriquecimento_dados.py
[2026-07-14T20:07:19.589+0000] {logging_mixin.py:188} INFO - [2026-07-14T20:07:19.589+0000] {dag.py:3036} INFO - Sync 1 DAGs
[2026-07-14T20:07:19.601+0000] {logging_mixin.py:188} INFO - [2026-07-14T20:07:19.601+0000] {dag.py:3823} INFO - Setting next_dagrun for dag_enriquecimento_dados to None, run_after=None
[2026-07-14T20:07:19.620+0000] {processor.py:183} INFO - Processing /opt/airflow/dags/dag_enriquecimento_dados.py took 0.063 seconds
