[2026-07-13T18:56:37.220+0000] {processor.py:161} INFO - Started process (PID=168) to work on /opt/airflow/dags/dag_etl_camara_diario.py
[2026-07-13T18:56:37.221+0000] {processor.py:830} INFO - Processing file /opt/airflow/dags/dag_etl_camara_diario.py for tasks to queue
[2026-07-13T18:56:37.222+0000] {logging_mixin.py:188} INFO - [2026-07-13T18:56:37.221+0000] {dagbag.py:538} INFO - Filling up the DagBag from /opt/airflow/dags/dag_etl_camara_diario.py
[2026-07-13T18:56:37.233+0000] {processor.py:840} INFO - DAG(s) 'dag_etl_camara_diario' retrieved from /opt/airflow/dags/dag_etl_camara_diario.py
[2026-07-13T18:56:37.264+0000] {logging_mixin.py:188} INFO - [2026-07-13T18:56:37.264+0000] {dag.py:3036} INFO - Sync 1 DAGs
[2026-07-13T18:56:37.294+0000] {logging_mixin.py:188} INFO - [2026-07-13T18:56:37.293+0000] {dag.py:3823} INFO - Setting next_dagrun for dag_etl_camara_diario to 2026-07-12 03:00:00+00:00, run_after=2026-07-13 03:00:00+00:00
[2026-07-13T18:56:37.313+0000] {processor.py:183} INFO - Processing /opt/airflow/dags/dag_etl_camara_diario.py took 0.095 seconds
[2026-07-13T18:57:07.445+0000] {processor.py:161} INFO - Started process (PID=190) to work on /opt/airflow/dags/dag_etl_camara_diario.py
[2026-07-13T18:57:07.446+0000] {processor.py:830} INFO - Processing file /opt/airflow/dags/dag_etl_camara_diario.py for tasks to queue
[2026-07-13T18:57:07.446+0000] {logging_mixin.py:188} INFO - [2026-07-13T18:57:07.446+0000] {dagbag.py:538} INFO - Filling up the DagBag from /opt/airflow/dags/dag_etl_camara_diario.py
[2026-07-13T18:57:07.456+0000] {processor.py:840} INFO - DAG(s) 'dag_etl_camara_diario' retrieved from /opt/airflow/dags/dag_etl_camara_diario.py
[2026-07-13T18:57:07.608+0000] {logging_mixin.py:188} INFO - [2026-07-13T18:57:07.608+0000] {dag.py:3036} INFO - Sync 1 DAGs
[2026-07-13T18:57:07.630+0000] {logging_mixin.py:188} INFO - [2026-07-13T18:57:07.630+0000] {dag.py:3823} INFO - Setting next_dagrun for dag_etl_camara_diario to 2026-07-12 03:00:00+00:00, run_after=2026-07-13 03:00:00+00:00
[2026-07-13T18:57:07.648+0000] {processor.py:183} INFO - Processing /opt/airflow/dags/dag_etl_camara_diario.py took 0.205 seconds
[2026-07-13T18:57:37.775+0000] {processor.py:161} INFO - Started process (PID=205) to work on /opt/airflow/dags/dag_etl_camara_diario.py
[2026-07-13T18:57:37.776+0000] {processor.py:830} INFO - Processing file /opt/airflow/dags/dag_etl_camara_diario.py for tasks to queue
[2026-07-13T18:57:37.776+0000] {logging_mixin.py:188} INFO - [2026-07-13T18:57:37.776+0000] {dagbag.py:538} INFO - Filling up the DagBag from /opt/airflow/dags/dag_etl_camara_diario.py
[2026-07-13T18:57:37.786+0000] {processor.py:840} INFO - DAG(s) 'dag_etl_camara_diario' retrieved from /opt/airflow/dags/dag_etl_camara_diario.py
[2026-07-13T18:57:37.809+0000] {logging_mixin.py:188} INFO - [2026-07-13T18:57:37.809+0000] {dag.py:3036} INFO - Sync 1 DAGs
[2026-07-13T18:57:37.832+0000] {logging_mixin.py:188} INFO - [2026-07-13T18:57:37.832+0000] {dag.py:3823} INFO - Setting next_dagrun for dag_etl_camara_diario to 2026-07-12 03:00:00+00:00, run_after=2026-07-13 03:00:00+00:00
[2026-07-13T18:57:37.847+0000] {processor.py:183} INFO - Processing /opt/airflow/dags/dag_etl_camara_diario.py took 0.074 seconds
[2026-07-13T18:58:07.980+0000] {processor.py:161} INFO - Started process (PID=220) to work on /opt/airflow/dags/dag_etl_camara_diario.py
[2026-07-13T18:58:07.981+0000] {processor.py:830} INFO - Processing file /opt/airflow/dags/dag_etl_camara_diario.py for tasks to queue
[2026-07-13T18:58:07.981+0000] {logging_mixin.py:188} INFO - [2026-07-13T18:58:07.981+0000] {dagbag.py:538} INFO - Filling up the DagBag from /opt/airflow/dags/dag_etl_camara_diario.py
[2026-07-13T18:58:07.991+0000] {processor.py:840} INFO - DAG(s) 'dag_etl_camara_diario' retrieved from /opt/airflow/dags/dag_etl_camara_diario.py
[2026-07-13T18:58:08.013+0000] {logging_mixin.py:188} INFO - [2026-07-13T18:58:08.012+0000] {dag.py:3036} INFO - Sync 1 DAGs
[2026-07-13T18:58:08.034+0000] {logging_mixin.py:188} INFO - [2026-07-13T18:58:08.034+0000] {dag.py:3823} INFO - Setting next_dagrun for dag_etl_camara_diario to 2026-07-12 03:00:00+00:00, run_after=2026-07-13 03:00:00+00:00
[2026-07-13T18:58:08.054+0000] {processor.py:183} INFO - Processing /opt/airflow/dags/dag_etl_camara_diario.py took 0.076 seconds
[2026-07-13T18:58:38.186+0000] {processor.py:161} INFO - Started process (PID=235) to work on /opt/airflow/dags/dag_etl_camara_diario.py
[2026-07-13T18:58:38.187+0000] {processor.py:830} INFO - Processing file /opt/airflow/dags/dag_etl_camara_diario.py for tasks to queue
[2026-07-13T18:58:38.188+0000] {logging_mixin.py:188} INFO - [2026-07-13T18:58:38.188+0000] {dagbag.py:538} INFO - Filling up the DagBag from /opt/airflow/dags/dag_etl_camara_diario.py
[2026-07-13T18:58:38.202+0000] {processor.py:840} INFO - DAG(s) 'dag_etl_camara_diario' retrieved from /opt/airflow/dags/dag_etl_camara_diario.py
[2026-07-13T18:58:38.227+0000] {logging_mixin.py:188} INFO - [2026-07-13T18:58:38.226+0000] {dag.py:3036} INFO - Sync 1 DAGs
[2026-07-13T18:58:38.250+0000] {logging_mixin.py:188} INFO - [2026-07-13T18:58:38.250+0000] {dag.py:3823} INFO - Setting next_dagrun for dag_etl_camara_diario to 2026-07-12 03:00:00+00:00, run_after=2026-07-13 03:00:00+00:00
[2026-07-13T18:58:38.265+0000] {processor.py:183} INFO - Processing /opt/airflow/dags/dag_etl_camara_diario.py took 0.083 seconds
[2026-07-13T18:59:08.390+0000] {processor.py:161} INFO - Started process (PID=250) to work on /opt/airflow/dags/dag_etl_camara_diario.py
[2026-07-13T18:59:08.390+0000] {processor.py:830} INFO - Processing file /opt/airflow/dags/dag_etl_camara_diario.py for tasks to queue
[2026-07-13T18:59:08.391+0000] {logging_mixin.py:188} INFO - [2026-07-13T18:59:08.391+0000] {dagbag.py:538} INFO - Filling up the DagBag from /opt/airflow/dags/dag_etl_camara_diario.py
[2026-07-13T18:59:08.402+0000] {processor.py:840} INFO - DAG(s) 'dag_etl_camara_diario' retrieved from /opt/airflow/dags/dag_etl_camara_diario.py
[2026-07-13T18:59:08.426+0000] {logging_mixin.py:188} INFO - [2026-07-13T18:59:08.425+0000] {dag.py:3036} INFO - Sync 1 DAGs
[2026-07-13T18:59:08.449+0000] {logging_mixin.py:188} INFO - [2026-07-13T18:59:08.449+0000] {dag.py:3823} INFO - Setting next_dagrun for dag_etl_camara_diario to 2026-07-12 03:00:00+00:00, run_after=2026-07-13 03:00:00+00:00
[2026-07-13T18:59:08.466+0000] {processor.py:183} INFO - Processing /opt/airflow/dags/dag_etl_camara_diario.py took 0.080 seconds
[2026-07-13T18:59:38.591+0000] {processor.py:161} INFO - Started process (PID=265) to work on /opt/airflow/dags/dag_etl_camara_diario.py
[2026-07-13T18:59:38.592+0000] {processor.py:830} INFO - Processing file /opt/airflow/dags/dag_etl_camara_diario.py for tasks to queue
[2026-07-13T18:59:38.593+0000] {logging_mixin.py:188} INFO - [2026-07-13T18:59:38.593+0000] {dagbag.py:538} INFO - Filling up the DagBag from /opt/airflow/dags/dag_etl_camara_diario.py
[2026-07-13T18:59:38.602+0000] {processor.py:840} INFO - DAG(s) 'dag_etl_camara_diario' retrieved from /opt/airflow/dags/dag_etl_camara_diario.py
[2026-07-13T18:59:38.625+0000] {logging_mixin.py:188} INFO - [2026-07-13T18:59:38.625+0000] {dag.py:3036} INFO - Sync 1 DAGs
[2026-07-13T18:59:38.648+0000] {logging_mixin.py:188} INFO - [2026-07-13T18:59:38.648+0000] {dag.py:3823} INFO - Setting next_dagrun for dag_etl_camara_diario to 2026-07-12 03:00:00+00:00, run_after=2026-07-13 03:00:00+00:00
[2026-07-13T18:59:38.667+0000] {processor.py:183} INFO - Processing /opt/airflow/dags/dag_etl_camara_diario.py took 0.078 seconds
[2026-07-13T19:00:08.797+0000] {processor.py:161} INFO - Started process (PID=280) to work on /opt/airflow/dags/dag_etl_camara_diario.py
[2026-07-13T19:00:08.798+0000] {processor.py:830} INFO - Processing file /opt/airflow/dags/dag_etl_camara_diario.py for tasks to queue
[2026-07-13T19:00:08.799+0000] {logging_mixin.py:188} INFO - [2026-07-13T19:00:08.798+0000] {dagbag.py:538} INFO - Filling up the DagBag from /opt/airflow/dags/dag_etl_camara_diario.py
[2026-07-13T19:00:08.808+0000] {processor.py:840} INFO - DAG(s) 'dag_etl_camara_diario' retrieved from /opt/airflow/dags/dag_etl_camara_diario.py
[2026-07-13T19:00:08.829+0000] {logging_mixin.py:188} INFO - [2026-07-13T19:00:08.829+0000] {dag.py:3036} INFO - Sync 1 DAGs
[2026-07-13T19:00:08.853+0000] {logging_mixin.py:188} INFO - [2026-07-13T19:00:08.853+0000] {dag.py:3823} INFO - Setting next_dagrun for dag_etl_camara_diario to 2026-07-12 03:00:00+00:00, run_after=2026-07-13 03:00:00+00:00
[2026-07-13T19:00:08.870+0000] {processor.py:183} INFO - Processing /opt/airflow/dags/dag_etl_camara_diario.py took 0.076 seconds
[2026-07-13T19:00:39.004+0000] {processor.py:161} INFO - Started process (PID=295) to work on /opt/airflow/dags/dag_etl_camara_diario.py
[2026-07-13T19:00:39.005+0000] {processor.py:830} INFO - Processing file /opt/airflow/dags/dag_etl_camara_diario.py for tasks to queue
[2026-07-13T19:00:39.006+0000] {logging_mixin.py:188} INFO - [2026-07-13T19:00:39.005+0000] {dagbag.py:538} INFO - Filling up the DagBag from /opt/airflow/dags/dag_etl_camara_diario.py
[2026-07-13T19:00:39.016+0000] {processor.py:840} INFO - DAG(s) 'dag_etl_camara_diario' retrieved from /opt/airflow/dags/dag_etl_camara_diario.py
[2026-07-13T19:00:39.037+0000] {logging_mixin.py:188} INFO - [2026-07-13T19:00:39.037+0000] {dag.py:3036} INFO - Sync 1 DAGs
[2026-07-13T19:00:39.060+0000] {logging_mixin.py:188} INFO - [2026-07-13T19:00:39.060+0000] {dag.py:3823} INFO - Setting next_dagrun for dag_etl_camara_diario to 2026-07-12 03:00:00+00:00, run_after=2026-07-13 03:00:00+00:00
[2026-07-13T19:00:39.079+0000] {processor.py:183} INFO - Processing /opt/airflow/dags/dag_etl_camara_diario.py took 0.077 seconds
[2026-07-13T19:01:09.215+0000] {processor.py:161} INFO - Started process (PID=310) to work on /opt/airflow/dags/dag_etl_camara_diario.py
[2026-07-13T19:01:09.216+0000] {processor.py:830} INFO - Processing file /opt/airflow/dags/dag_etl_camara_diario.py for tasks to queue
[2026-07-13T19:01:09.217+0000] {logging_mixin.py:188} INFO - [2026-07-13T19:01:09.216+0000] {dagbag.py:538} INFO - Filling up the DagBag from /opt/airflow/dags/dag_etl_camara_diario.py
[2026-07-13T19:01:09.225+0000] {processor.py:840} INFO - DAG(s) 'dag_etl_camara_diario' retrieved from /opt/airflow/dags/dag_etl_camara_diario.py
[2026-07-13T19:01:09.247+0000] {logging_mixin.py:188} INFO - [2026-07-13T19:01:09.247+0000] {dag.py:3036} INFO - Sync 1 DAGs
[2026-07-13T19:01:09.271+0000] {logging_mixin.py:188} INFO - [2026-07-13T19:01:09.271+0000] {dag.py:3823} INFO - Setting next_dagrun for dag_etl_camara_diario to 2026-07-12 03:00:00+00:00, run_after=2026-07-13 03:00:00+00:00
[2026-07-13T19:01:09.289+0000] {processor.py:183} INFO - Processing /opt/airflow/dags/dag_etl_camara_diario.py took 0.076 seconds
[2026-07-13T19:01:39.430+0000] {processor.py:161} INFO - Started process (PID=325) to work on /opt/airflow/dags/dag_etl_camara_diario.py
[2026-07-13T19:01:39.431+0000] {processor.py:830} INFO - Processing file /opt/airflow/dags/dag_etl_camara_diario.py for tasks to queue
[2026-07-13T19:01:39.432+0000] {logging_mixin.py:188} INFO - [2026-07-13T19:01:39.432+0000] {dagbag.py:538} INFO - Filling up the DagBag from /opt/airflow/dags/dag_etl_camara_diario.py
[2026-07-13T19:01:39.443+0000] {processor.py:840} INFO - DAG(s) 'dag_etl_camara_diario' retrieved from /opt/airflow/dags/dag_etl_camara_diario.py
[2026-07-13T19:01:39.466+0000] {logging_mixin.py:188} INFO - [2026-07-13T19:01:39.466+0000] {dag.py:3036} INFO - Sync 1 DAGs
[2026-07-13T19:01:39.489+0000] {logging_mixin.py:188} INFO - [2026-07-13T19:01:39.489+0000] {dag.py:3823} INFO - Setting next_dagrun for dag_etl_camara_diario to 2026-07-12 03:00:00+00:00, run_after=2026-07-13 03:00:00+00:00
[2026-07-13T19:01:39.506+0000] {processor.py:183} INFO - Processing /opt/airflow/dags/dag_etl_camara_diario.py took 0.078 seconds
[2026-07-13T19:02:09.638+0000] {processor.py:161} INFO - Started process (PID=340) to work on /opt/airflow/dags/dag_etl_camara_diario.py
[2026-07-13T19:02:09.639+0000] {processor.py:830} INFO - Processing file /opt/airflow/dags/dag_etl_camara_diario.py for tasks to queue
[2026-07-13T19:02:09.639+0000] {logging_mixin.py:188} INFO - [2026-07-13T19:02:09.639+0000] {dagbag.py:538} INFO - Filling up the DagBag from /opt/airflow/dags/dag_etl_camara_diario.py
[2026-07-13T19:02:09.651+0000] {processor.py:840} INFO - DAG(s) 'dag_etl_camara_diario' retrieved from /opt/airflow/dags/dag_etl_camara_diario.py
[2026-07-13T19:02:09.677+0000] {logging_mixin.py:188} INFO - [2026-07-13T19:02:09.677+0000] {dag.py:3036} INFO - Sync 1 DAGs
[2026-07-13T19:02:09.706+0000] {logging_mixin.py:188} INFO - [2026-07-13T19:02:09.706+0000] {dag.py:3823} INFO - Setting next_dagrun for dag_etl_camara_diario to 2026-07-12 03:00:00+00:00, run_after=2026-07-13 03:00:00+00:00
[2026-07-13T19:02:09.727+0000] {processor.py:183} INFO - Processing /opt/airflow/dags/dag_etl_camara_diario.py took 0.092 seconds
[2026-07-13T19:02:39.866+0000] {processor.py:161} INFO - Started process (PID=355) to work on /opt/airflow/dags/dag_etl_camara_diario.py
[2026-07-13T19:02:39.867+0000] {processor.py:830} INFO - Processing file /opt/airflow/dags/dag_etl_camara_diario.py for tasks to queue
[2026-07-13T19:02:39.868+0000] {logging_mixin.py:188} INFO - [2026-07-13T19:02:39.867+0000] {dagbag.py:538} INFO - Filling up the DagBag from /opt/airflow/dags/dag_etl_camara_diario.py
[2026-07-13T19:02:39.880+0000] {processor.py:840} INFO - DAG(s) 'dag_etl_camara_diario' retrieved from /opt/airflow/dags/dag_etl_camara_diario.py
[2026-07-13T19:02:39.904+0000] {logging_mixin.py:188} INFO - [2026-07-13T19:02:39.903+0000] {dag.py:3036} INFO - Sync 1 DAGs
[2026-07-13T19:02:39.930+0000] {logging_mixin.py:188} INFO - [2026-07-13T19:02:39.930+0000] {dag.py:3823} INFO - Setting next_dagrun for dag_etl_camara_diario to 2026-07-12 03:00:00+00:00, run_after=2026-07-13 03:00:00+00:00
[2026-07-13T19:02:39.948+0000] {processor.py:183} INFO - Processing /opt/airflow/dags/dag_etl_camara_diario.py took 0.085 seconds
[2026-07-13T19:03:10.074+0000] {processor.py:161} INFO - Started process (PID=370) to work on /opt/airflow/dags/dag_etl_camara_diario.py
[2026-07-13T19:03:10.075+0000] {processor.py:830} INFO - Processing file /opt/airflow/dags/dag_etl_camara_diario.py for tasks to queue
[2026-07-13T19:03:10.075+0000] {logging_mixin.py:188} INFO - [2026-07-13T19:03:10.075+0000] {dagbag.py:538} INFO - Filling up the DagBag from /opt/airflow/dags/dag_etl_camara_diario.py
[2026-07-13T19:03:10.084+0000] {processor.py:840} INFO - DAG(s) 'dag_etl_camara_diario' retrieved from /opt/airflow/dags/dag_etl_camara_diario.py
[2026-07-13T19:03:10.105+0000] {logging_mixin.py:188} INFO - [2026-07-13T19:03:10.105+0000] {dag.py:3036} INFO - Sync 1 DAGs
[2026-07-13T19:03:10.125+0000] {logging_mixin.py:188} INFO - [2026-07-13T19:03:10.125+0000] {dag.py:3823} INFO - Setting next_dagrun for dag_etl_camara_diario to 2026-07-12 03:00:00+00:00, run_after=2026-07-13 03:00:00+00:00
[2026-07-13T19:03:10.142+0000] {processor.py:183} INFO - Processing /opt/airflow/dags/dag_etl_camara_diario.py took 0.071 seconds
[2026-07-13T19:03:40.279+0000] {processor.py:161} INFO - Started process (PID=385) to work on /opt/airflow/dags/dag_etl_camara_diario.py
[2026-07-13T19:03:40.280+0000] {processor.py:830} INFO - Processing file /opt/airflow/dags/dag_etl_camara_diario.py for tasks to queue
[2026-07-13T19:03:40.280+0000] {logging_mixin.py:188} INFO - [2026-07-13T19:03:40.280+0000] {dagbag.py:538} INFO - Filling up the DagBag from /opt/airflow/dags/dag_etl_camara_diario.py
[2026-07-13T19:03:40.290+0000] {processor.py:840} INFO - DAG(s) 'dag_etl_camara_diario' retrieved from /opt/airflow/dags/dag_etl_camara_diario.py
[2026-07-13T19:03:40.312+0000] {logging_mixin.py:188} INFO - [2026-07-13T19:03:40.312+0000] {dag.py:3036} INFO - Sync 1 DAGs
[2026-07-13T19:03:40.333+0000] {logging_mixin.py:188} INFO - [2026-07-13T19:03:40.333+0000] {dag.py:3823} INFO - Setting next_dagrun for dag_etl_camara_diario to 2026-07-12 03:00:00+00:00, run_after=2026-07-13 03:00:00+00:00
[2026-07-13T19:03:40.348+0000] {processor.py:183} INFO - Processing /opt/airflow/dags/dag_etl_camara_diario.py took 0.072 seconds
[2026-07-13T19:04:10.480+0000] {processor.py:161} INFO - Started process (PID=400) to work on /opt/airflow/dags/dag_etl_camara_diario.py
[2026-07-13T19:04:10.481+0000] {processor.py:830} INFO - Processing file /opt/airflow/dags/dag_etl_camara_diario.py for tasks to queue
[2026-07-13T19:04:10.481+0000] {logging_mixin.py:188} INFO - [2026-07-13T19:04:10.481+0000] {dagbag.py:538} INFO - Filling up the DagBag from /opt/airflow/dags/dag_etl_camara_diario.py
[2026-07-13T19:04:10.491+0000] {processor.py:840} INFO - DAG(s) 'dag_etl_camara_diario' retrieved from /opt/airflow/dags/dag_etl_camara_diario.py
[2026-07-13T19:04:10.513+0000] {logging_mixin.py:188} INFO - [2026-07-13T19:04:10.513+0000] {dag.py:3036} INFO - Sync 1 DAGs
[2026-07-13T19:04:10.535+0000] {logging_mixin.py:188} INFO - [2026-07-13T19:04:10.535+0000] {dag.py:3823} INFO - Setting next_dagrun for dag_etl_camara_diario to 2026-07-12 03:00:00+00:00, run_after=2026-07-13 03:00:00+00:00
[2026-07-13T19:04:10.549+0000] {processor.py:183} INFO - Processing /opt/airflow/dags/dag_etl_camara_diario.py took 0.071 seconds
[2026-07-13T19:04:40.681+0000] {processor.py:161} INFO - Started process (PID=415) to work on /opt/airflow/dags/dag_etl_camara_diario.py
[2026-07-13T19:04:40.682+0000] {processor.py:830} INFO - Processing file /opt/airflow/dags/dag_etl_camara_diario.py for tasks to queue
[2026-07-13T19:04:40.683+0000] {logging_mixin.py:188} INFO - [2026-07-13T19:04:40.682+0000] {dagbag.py:538} INFO - Filling up the DagBag from /opt/airflow/dags/dag_etl_camara_diario.py
[2026-07-13T19:04:40.693+0000] {processor.py:840} INFO - DAG(s) 'dag_etl_camara_diario' retrieved from /opt/airflow/dags/dag_etl_camara_diario.py
[2026-07-13T19:04:40.717+0000] {logging_mixin.py:188} INFO - [2026-07-13T19:04:40.716+0000] {dag.py:3036} INFO - Sync 1 DAGs
[2026-07-13T19:04:40.740+0000] {logging_mixin.py:188} INFO - [2026-07-13T19:04:40.740+0000] {dag.py:3823} INFO - Setting next_dagrun for dag_etl_camara_diario to 2026-07-12 03:00:00+00:00, run_after=2026-07-13 03:00:00+00:00
[2026-07-13T19:04:40.756+0000] {processor.py:183} INFO - Processing /opt/airflow/dags/dag_etl_camara_diario.py took 0.078 seconds
[2026-07-13T19:05:10.888+0000] {processor.py:161} INFO - Started process (PID=430) to work on /opt/airflow/dags/dag_etl_camara_diario.py
[2026-07-13T19:05:10.889+0000] {processor.py:830} INFO - Processing file /opt/airflow/dags/dag_etl_camara_diario.py for tasks to queue
[2026-07-13T19:05:10.890+0000] {logging_mixin.py:188} INFO - [2026-07-13T19:05:10.889+0000] {dagbag.py:538} INFO - Filling up the DagBag from /opt/airflow/dags/dag_etl_camara_diario.py
[2026-07-13T19:05:10.900+0000] {processor.py:840} INFO - DAG(s) 'dag_etl_camara_diario' retrieved from /opt/airflow/dags/dag_etl_camara_diario.py
[2026-07-13T19:05:10.924+0000] {logging_mixin.py:188} INFO - [2026-07-13T19:05:10.923+0000] {dag.py:3036} INFO - Sync 1 DAGs
[2026-07-13T19:05:10.948+0000] {logging_mixin.py:188} INFO - [2026-07-13T19:05:10.948+0000] {dag.py:3823} INFO - Setting next_dagrun for dag_etl_camara_diario to 2026-07-12 03:00:00+00:00, run_after=2026-07-13 03:00:00+00:00
[2026-07-13T19:05:10.963+0000] {processor.py:183} INFO - Processing /opt/airflow/dags/dag_etl_camara_diario.py took 0.077 seconds
[2026-07-13T19:05:41.095+0000] {processor.py:161} INFO - Started process (PID=445) to work on /opt/airflow/dags/dag_etl_camara_diario.py
[2026-07-13T19:05:41.095+0000] {processor.py:830} INFO - Processing file /opt/airflow/dags/dag_etl_camara_diario.py for tasks to queue
[2026-07-13T19:05:41.096+0000] {logging_mixin.py:188} INFO - [2026-07-13T19:05:41.096+0000] {dagbag.py:538} INFO - Filling up the DagBag from /opt/airflow/dags/dag_etl_camara_diario.py
[2026-07-13T19:05:41.105+0000] {processor.py:840} INFO - DAG(s) 'dag_etl_camara_diario' retrieved from /opt/airflow/dags/dag_etl_camara_diario.py
[2026-07-13T19:05:41.128+0000] {logging_mixin.py:188} INFO - [2026-07-13T19:05:41.128+0000] {dag.py:3036} INFO - Sync 1 DAGs
[2026-07-13T19:05:41.150+0000] {logging_mixin.py:188} INFO - [2026-07-13T19:05:41.150+0000] {dag.py:3823} INFO - Setting next_dagrun for dag_etl_camara_diario to 2026-07-12 03:00:00+00:00, run_after=2026-07-13 03:00:00+00:00
[2026-07-13T19:05:41.166+0000] {processor.py:183} INFO - Processing /opt/airflow/dags/dag_etl_camara_diario.py took 0.074 seconds
[2026-07-13T19:06:11.298+0000] {processor.py:161} INFO - Started process (PID=460) to work on /opt/airflow/dags/dag_etl_camara_diario.py
[2026-07-13T19:06:11.298+0000] {processor.py:830} INFO - Processing file /opt/airflow/dags/dag_etl_camara_diario.py for tasks to queue
[2026-07-13T19:06:11.299+0000] {logging_mixin.py:188} INFO - [2026-07-13T19:06:11.299+0000] {dagbag.py:538} INFO - Filling up the DagBag from /opt/airflow/dags/dag_etl_camara_diario.py
[2026-07-13T19:06:11.308+0000] {processor.py:840} INFO - DAG(s) 'dag_etl_camara_diario' retrieved from /opt/airflow/dags/dag_etl_camara_diario.py
[2026-07-13T19:06:11.332+0000] {logging_mixin.py:188} INFO - [2026-07-13T19:06:11.332+0000] {dag.py:3036} INFO - Sync 1 DAGs
[2026-07-13T19:06:11.355+0000] {logging_mixin.py:188} INFO - [2026-07-13T19:06:11.355+0000] {dag.py:3823} INFO - Setting next_dagrun for dag_etl_camara_diario to 2026-07-12 03:00:00+00:00, run_after=2026-07-13 03:00:00+00:00
[2026-07-13T19:06:11.371+0000] {processor.py:183} INFO - Processing /opt/airflow/dags/dag_etl_camara_diario.py took 0.076 seconds
[2026-07-13T19:06:41.509+0000] {processor.py:161} INFO - Started process (PID=475) to work on /opt/airflow/dags/dag_etl_camara_diario.py
[2026-07-13T19:06:41.511+0000] {processor.py:830} INFO - Processing file /opt/airflow/dags/dag_etl_camara_diario.py for tasks to queue
[2026-07-13T19:06:41.512+0000] {logging_mixin.py:188} INFO - [2026-07-13T19:06:41.511+0000] {dagbag.py:538} INFO - Filling up the DagBag from /opt/airflow/dags/dag_etl_camara_diario.py
[2026-07-13T19:06:41.521+0000] {processor.py:840} INFO - DAG(s) 'dag_etl_camara_diario' retrieved from /opt/airflow/dags/dag_etl_camara_diario.py
[2026-07-13T19:06:41.543+0000] {logging_mixin.py:188} INFO - [2026-07-13T19:06:41.543+0000] {dag.py:3036} INFO - Sync 1 DAGs
[2026-07-13T19:06:41.566+0000] {logging_mixin.py:188} INFO - [2026-07-13T19:06:41.565+0000] {dag.py:3823} INFO - Setting next_dagrun for dag_etl_camara_diario to 2026-07-12 03:00:00+00:00, run_after=2026-07-13 03:00:00+00:00
[2026-07-13T19:06:41.580+0000] {processor.py:183} INFO - Processing /opt/airflow/dags/dag_etl_camara_diario.py took 0.073 seconds
[2026-07-13T19:07:11.711+0000] {processor.py:161} INFO - Started process (PID=490) to work on /opt/airflow/dags/dag_etl_camara_diario.py
[2026-07-13T19:07:11.712+0000] {processor.py:830} INFO - Processing file /opt/airflow/dags/dag_etl_camara_diario.py for tasks to queue
[2026-07-13T19:07:11.712+0000] {logging_mixin.py:188} INFO - [2026-07-13T19:07:11.712+0000] {dagbag.py:538} INFO - Filling up the DagBag from /opt/airflow/dags/dag_etl_camara_diario.py
[2026-07-13T19:07:11.723+0000] {processor.py:840} INFO - DAG(s) 'dag_etl_camara_diario' retrieved from /opt/airflow/dags/dag_etl_camara_diario.py
[2026-07-13T19:07:11.744+0000] {logging_mixin.py:188} INFO - [2026-07-13T19:07:11.744+0000] {dag.py:3036} INFO - Sync 1 DAGs
[2026-07-13T19:07:11.766+0000] {logging_mixin.py:188} INFO - [2026-07-13T19:07:11.766+0000] {dag.py:3823} INFO - Setting next_dagrun for dag_etl_camara_diario to 2026-07-12 03:00:00+00:00, run_after=2026-07-13 03:00:00+00:00
[2026-07-13T19:07:11.780+0000] {processor.py:183} INFO - Processing /opt/airflow/dags/dag_etl_camara_diario.py took 0.072 seconds
[2026-07-13T19:07:41.917+0000] {processor.py:161} INFO - Started process (PID=505) to work on /opt/airflow/dags/dag_etl_camara_diario.py
[2026-07-13T19:07:41.918+0000] {processor.py:830} INFO - Processing file /opt/airflow/dags/dag_etl_camara_diario.py for tasks to queue
[2026-07-13T19:07:41.918+0000] {logging_mixin.py:188} INFO - [2026-07-13T19:07:41.918+0000] {dagbag.py:538} INFO - Filling up the DagBag from /opt/airflow/dags/dag_etl_camara_diario.py
[2026-07-13T19:07:41.929+0000] {processor.py:840} INFO - DAG(s) 'dag_etl_camara_diario' retrieved from /opt/airflow/dags/dag_etl_camara_diario.py
[2026-07-13T19:07:41.952+0000] {logging_mixin.py:188} INFO - [2026-07-13T19:07:41.952+0000] {dag.py:3036} INFO - Sync 1 DAGs
[2026-07-13T19:07:41.975+0000] {logging_mixin.py:188} INFO - [2026-07-13T19:07:41.975+0000] {dag.py:3823} INFO - Setting next_dagrun for dag_etl_camara_diario to 2026-07-12 03:00:00+00:00, run_after=2026-07-13 03:00:00+00:00
[2026-07-13T19:07:41.993+0000] {processor.py:183} INFO - Processing /opt/airflow/dags/dag_etl_camara_diario.py took 0.079 seconds
[2026-07-13T19:08:12.130+0000] {processor.py:161} INFO - Started process (PID=520) to work on /opt/airflow/dags/dag_etl_camara_diario.py
[2026-07-13T19:08:12.131+0000] {processor.py:830} INFO - Processing file /opt/airflow/dags/dag_etl_camara_diario.py for tasks to queue
[2026-07-13T19:08:12.131+0000] {logging_mixin.py:188} INFO - [2026-07-13T19:08:12.131+0000] {dagbag.py:538} INFO - Filling up the DagBag from /opt/airflow/dags/dag_etl_camara_diario.py
[2026-07-13T19:08:12.140+0000] {processor.py:840} INFO - DAG(s) 'dag_etl_camara_diario' retrieved from /opt/airflow/dags/dag_etl_camara_diario.py
[2026-07-13T19:08:12.161+0000] {logging_mixin.py:188} INFO - [2026-07-13T19:08:12.161+0000] {dag.py:3036} INFO - Sync 1 DAGs
[2026-07-13T19:08:12.182+0000] {logging_mixin.py:188} INFO - [2026-07-13T19:08:12.181+0000] {dag.py:3823} INFO - Setting next_dagrun for dag_etl_camara_diario to 2026-07-12 03:00:00+00:00, run_after=2026-07-13 03:00:00+00:00
[2026-07-13T19:08:12.199+0000] {processor.py:183} INFO - Processing /opt/airflow/dags/dag_etl_camara_diario.py took 0.072 seconds
[2026-07-13T19:08:42.335+0000] {processor.py:161} INFO - Started process (PID=535) to work on /opt/airflow/dags/dag_etl_camara_diario.py
[2026-07-13T19:08:42.336+0000] {processor.py:830} INFO - Processing file /opt/airflow/dags/dag_etl_camara_diario.py for tasks to queue
[2026-07-13T19:08:42.336+0000] {logging_mixin.py:188} INFO - [2026-07-13T19:08:42.336+0000] {dagbag.py:538} INFO - Filling up the DagBag from /opt/airflow/dags/dag_etl_camara_diario.py
[2026-07-13T19:08:42.346+0000] {processor.py:840} INFO - DAG(s) 'dag_etl_camara_diario' retrieved from /opt/airflow/dags/dag_etl_camara_diario.py
[2026-07-13T19:08:42.367+0000] {logging_mixin.py:188} INFO - [2026-07-13T19:08:42.367+0000] {dag.py:3036} INFO - Sync 1 DAGs
[2026-07-13T19:08:42.389+0000] {logging_mixin.py:188} INFO - [2026-07-13T19:08:42.389+0000] {dag.py:3823} INFO - Setting next_dagrun for dag_etl_camara_diario to 2026-07-12 03:00:00+00:00, run_after=2026-07-13 03:00:00+00:00
[2026-07-13T19:08:42.404+0000] {processor.py:183} INFO - Processing /opt/airflow/dags/dag_etl_camara_diario.py took 0.071 seconds
[2026-07-13T19:09:12.539+0000] {processor.py:161} INFO - Started process (PID=550) to work on /opt/airflow/dags/dag_etl_camara_diario.py
[2026-07-13T19:09:12.540+0000] {processor.py:830} INFO - Processing file /opt/airflow/dags/dag_etl_camara_diario.py for tasks to queue
[2026-07-13T19:09:12.540+0000] {logging_mixin.py:188} INFO - [2026-07-13T19:09:12.540+0000] {dagbag.py:538} INFO - Filling up the DagBag from /opt/airflow/dags/dag_etl_camara_diario.py
[2026-07-13T19:09:12.549+0000] {processor.py:840} INFO - DAG(s) 'dag_etl_camara_diario' retrieved from /opt/airflow/dags/dag_etl_camara_diario.py
[2026-07-13T19:09:12.569+0000] {logging_mixin.py:188} INFO - [2026-07-13T19:09:12.569+0000] {dag.py:3036} INFO - Sync 1 DAGs
[2026-07-13T19:09:12.591+0000] {logging_mixin.py:188} INFO - [2026-07-13T19:09:12.591+0000] {dag.py:3823} INFO - Setting next_dagrun for dag_etl_camara_diario to 2026-07-12 03:00:00+00:00, run_after=2026-07-13 03:00:00+00:00
[2026-07-13T19:09:12.609+0000] {processor.py:183} INFO - Processing /opt/airflow/dags/dag_etl_camara_diario.py took 0.072 seconds
[2026-07-13T19:09:42.743+0000] {processor.py:161} INFO - Started process (PID=565) to work on /opt/airflow/dags/dag_etl_camara_diario.py
[2026-07-13T19:09:42.744+0000] {processor.py:830} INFO - Processing file /opt/airflow/dags/dag_etl_camara_diario.py for tasks to queue
[2026-07-13T19:09:42.744+0000] {logging_mixin.py:188} INFO - [2026-07-13T19:09:42.744+0000] {dagbag.py:538} INFO - Filling up the DagBag from /opt/airflow/dags/dag_etl_camara_diario.py
[2026-07-13T19:09:42.755+0000] {processor.py:840} INFO - DAG(s) 'dag_etl_camara_diario' retrieved from /opt/airflow/dags/dag_etl_camara_diario.py
[2026-07-13T19:09:42.777+0000] {logging_mixin.py:188} INFO - [2026-07-13T19:09:42.777+0000] {dag.py:3036} INFO - Sync 1 DAGs
[2026-07-13T19:09:42.801+0000] {logging_mixin.py:188} INFO - [2026-07-13T19:09:42.801+0000] {dag.py:3823} INFO - Setting next_dagrun for dag_etl_camara_diario to 2026-07-12 03:00:00+00:00, run_after=2026-07-13 03:00:00+00:00
[2026-07-13T19:09:42.816+0000] {processor.py:183} INFO - Processing /opt/airflow/dags/dag_etl_camara_diario.py took 0.075 seconds
[2026-07-13T19:10:12.951+0000] {processor.py:161} INFO - Started process (PID=580) to work on /opt/airflow/dags/dag_etl_camara_diario.py
[2026-07-13T19:10:12.952+0000] {processor.py:830} INFO - Processing file /opt/airflow/dags/dag_etl_camara_diario.py for tasks to queue
[2026-07-13T19:10:12.952+0000] {logging_mixin.py:188} INFO - [2026-07-13T19:10:12.952+0000] {dagbag.py:538} INFO - Filling up the DagBag from /opt/airflow/dags/dag_etl_camara_diario.py
[2026-07-13T19:10:12.962+0000] {processor.py:840} INFO - DAG(s) 'dag_etl_camara_diario' retrieved from /opt/airflow/dags/dag_etl_camara_diario.py
[2026-07-13T19:10:12.983+0000] {logging_mixin.py:188} INFO - [2026-07-13T19:10:12.983+0000] {dag.py:3036} INFO - Sync 1 DAGs
[2026-07-13T19:10:13.004+0000] {logging_mixin.py:188} INFO - [2026-07-13T19:10:13.003+0000] {dag.py:3823} INFO - Setting next_dagrun for dag_etl_camara_diario to 2026-07-12 03:00:00+00:00, run_after=2026-07-13 03:00:00+00:00
[2026-07-13T19:10:13.019+0000] {processor.py:183} INFO - Processing /opt/airflow/dags/dag_etl_camara_diario.py took 0.071 seconds
[2026-07-13T19:10:43.159+0000] {processor.py:161} INFO - Started process (PID=595) to work on /opt/airflow/dags/dag_etl_camara_diario.py
[2026-07-13T19:10:43.160+0000] {processor.py:830} INFO - Processing file /opt/airflow/dags/dag_etl_camara_diario.py for tasks to queue
[2026-07-13T19:10:43.160+0000] {logging_mixin.py:188} INFO - [2026-07-13T19:10:43.160+0000] {dagbag.py:538} INFO - Filling up the DagBag from /opt/airflow/dags/dag_etl_camara_diario.py
[2026-07-13T19:10:43.170+0000] {processor.py:840} INFO - DAG(s) 'dag_etl_camara_diario' retrieved from /opt/airflow/dags/dag_etl_camara_diario.py
[2026-07-13T19:10:43.192+0000] {logging_mixin.py:188} INFO - [2026-07-13T19:10:43.192+0000] {dag.py:3036} INFO - Sync 1 DAGs
[2026-07-13T19:10:43.216+0000] {logging_mixin.py:188} INFO - [2026-07-13T19:10:43.215+0000] {dag.py:3823} INFO - Setting next_dagrun for dag_etl_camara_diario to 2026-07-12 03:00:00+00:00, run_after=2026-07-13 03:00:00+00:00
[2026-07-13T19:10:43.231+0000] {processor.py:183} INFO - Processing /opt/airflow/dags/dag_etl_camara_diario.py took 0.075 seconds
[2026-07-13T19:11:13.362+0000] {processor.py:161} INFO - Started process (PID=610) to work on /opt/airflow/dags/dag_etl_camara_diario.py
[2026-07-13T19:11:13.363+0000] {processor.py:830} INFO - Processing file /opt/airflow/dags/dag_etl_camara_diario.py for tasks to queue
[2026-07-13T19:11:13.363+0000] {logging_mixin.py:188} INFO - [2026-07-13T19:11:13.363+0000] {dagbag.py:538} INFO - Filling up the DagBag from /opt/airflow/dags/dag_etl_camara_diario.py
[2026-07-13T19:11:13.372+0000] {processor.py:840} INFO - DAG(s) 'dag_etl_camara_diario' retrieved from /opt/airflow/dags/dag_etl_camara_diario.py
[2026-07-13T19:11:13.394+0000] {logging_mixin.py:188} INFO - [2026-07-13T19:11:13.394+0000] {dag.py:3036} INFO - Sync 1 DAGs
[2026-07-13T19:11:13.418+0000] {logging_mixin.py:188} INFO - [2026-07-13T19:11:13.418+0000] {dag.py:3823} INFO - Setting next_dagrun for dag_etl_camara_diario to 2026-07-12 03:00:00+00:00, run_after=2026-07-13 03:00:00+00:00
[2026-07-13T19:11:13.432+0000] {processor.py:183} INFO - Processing /opt/airflow/dags/dag_etl_camara_diario.py took 0.073 seconds
[2026-07-13T19:11:43.575+0000] {processor.py:161} INFO - Started process (PID=625) to work on /opt/airflow/dags/dag_etl_camara_diario.py
[2026-07-13T19:11:43.576+0000] {processor.py:830} INFO - Processing file /opt/airflow/dags/dag_etl_camara_diario.py for tasks to queue
[2026-07-13T19:11:43.576+0000] {logging_mixin.py:188} INFO - [2026-07-13T19:11:43.576+0000] {dagbag.py:538} INFO - Filling up the DagBag from /opt/airflow/dags/dag_etl_camara_diario.py
[2026-07-13T19:11:43.586+0000] {processor.py:840} INFO - DAG(s) 'dag_etl_camara_diario' retrieved from /opt/airflow/dags/dag_etl_camara_diario.py
[2026-07-13T19:11:43.609+0000] {logging_mixin.py:188} INFO - [2026-07-13T19:11:43.609+0000] {dag.py:3036} INFO - Sync 1 DAGs
[2026-07-13T19:11:43.633+0000] {logging_mixin.py:188} INFO - [2026-07-13T19:11:43.633+0000] {dag.py:3823} INFO - Setting next_dagrun for dag_etl_camara_diario to 2026-07-12 03:00:00+00:00, run_after=2026-07-13 03:00:00+00:00
[2026-07-13T19:11:43.650+0000] {processor.py:183} INFO - Processing /opt/airflow/dags/dag_etl_camara_diario.py took 0.078 seconds
[2026-07-13T19:12:13.781+0000] {processor.py:161} INFO - Started process (PID=640) to work on /opt/airflow/dags/dag_etl_camara_diario.py
[2026-07-13T19:12:13.782+0000] {processor.py:830} INFO - Processing file /opt/airflow/dags/dag_etl_camara_diario.py for tasks to queue
[2026-07-13T19:12:13.783+0000] {logging_mixin.py:188} INFO - [2026-07-13T19:12:13.782+0000] {dagbag.py:538} INFO - Filling up the DagBag from /opt/airflow/dags/dag_etl_camara_diario.py
[2026-07-13T19:12:13.791+0000] {processor.py:840} INFO - DAG(s) 'dag_etl_camara_diario' retrieved from /opt/airflow/dags/dag_etl_camara_diario.py
[2026-07-13T19:12:13.813+0000] {logging_mixin.py:188} INFO - [2026-07-13T19:12:13.812+0000] {dag.py:3036} INFO - Sync 1 DAGs
[2026-07-13T19:12:13.834+0000] {logging_mixin.py:188} INFO - [2026-07-13T19:12:13.834+0000] {dag.py:3823} INFO - Setting next_dagrun for dag_etl_camara_diario to 2026-07-12 03:00:00+00:00, run_after=2026-07-13 03:00:00+00:00
[2026-07-13T19:12:13.849+0000] {processor.py:183} INFO - Processing /opt/airflow/dags/dag_etl_camara_diario.py took 0.070 seconds
[2026-07-13T19:12:43.981+0000] {processor.py:161} INFO - Started process (PID=655) to work on /opt/airflow/dags/dag_etl_camara_diario.py
[2026-07-13T19:12:43.982+0000] {processor.py:830} INFO - Processing file /opt/airflow/dags/dag_etl_camara_diario.py for tasks to queue
[2026-07-13T19:12:43.983+0000] {logging_mixin.py:188} INFO - [2026-07-13T19:12:43.982+0000] {dagbag.py:538} INFO - Filling up the DagBag from /opt/airflow/dags/dag_etl_camara_diario.py
[2026-07-13T19:12:43.992+0000] {processor.py:840} INFO - DAG(s) 'dag_etl_camara_diario' retrieved from /opt/airflow/dags/dag_etl_camara_diario.py
[2026-07-13T19:12:44.014+0000] {logging_mixin.py:188} INFO - [2026-07-13T19:12:44.014+0000] {dag.py:3036} INFO - Sync 1 DAGs
[2026-07-13T19:12:44.035+0000] {logging_mixin.py:188} INFO - [2026-07-13T19:12:44.035+0000] {dag.py:3823} INFO - Setting next_dagrun for dag_etl_camara_diario to 2026-07-12 03:00:00+00:00, run_after=2026-07-13 03:00:00+00:00
[2026-07-13T19:12:44.051+0000] {processor.py:183} INFO - Processing /opt/airflow/dags/dag_etl_camara_diario.py took 0.072 seconds
[2026-07-13T19:13:14.181+0000] {processor.py:161} INFO - Started process (PID=670) to work on /opt/airflow/dags/dag_etl_camara_diario.py
[2026-07-13T19:13:14.182+0000] {processor.py:830} INFO - Processing file /opt/airflow/dags/dag_etl_camara_diario.py for tasks to queue
[2026-07-13T19:13:14.183+0000] {logging_mixin.py:188} INFO - [2026-07-13T19:13:14.183+0000] {dagbag.py:538} INFO - Filling up the DagBag from /opt/airflow/dags/dag_etl_camara_diario.py
[2026-07-13T19:13:14.193+0000] {processor.py:840} INFO - DAG(s) 'dag_etl_camara_diario' retrieved from /opt/airflow/dags/dag_etl_camara_diario.py
[2026-07-13T19:13:14.217+0000] {logging_mixin.py:188} INFO - [2026-07-13T19:13:14.217+0000] {dag.py:3036} INFO - Sync 1 DAGs
[2026-07-13T19:13:14.242+0000] {logging_mixin.py:188} INFO - [2026-07-13T19:13:14.242+0000] {dag.py:3823} INFO - Setting next_dagrun for dag_etl_camara_diario to 2026-07-12 03:00:00+00:00, run_after=2026-07-13 03:00:00+00:00
[2026-07-13T19:13:14.259+0000] {processor.py:183} INFO - Processing /opt/airflow/dags/dag_etl_camara_diario.py took 0.081 seconds
[2026-07-13T19:13:44.390+0000] {processor.py:161} INFO - Started process (PID=685) to work on /opt/airflow/dags/dag_etl_camara_diario.py
[2026-07-13T19:13:44.391+0000] {processor.py:830} INFO - Processing file /opt/airflow/dags/dag_etl_camara_diario.py for tasks to queue
[2026-07-13T19:13:44.391+0000] {logging_mixin.py:188} INFO - [2026-07-13T19:13:44.391+0000] {dagbag.py:538} INFO - Filling up the DagBag from /opt/airflow/dags/dag_etl_camara_diario.py
[2026-07-13T19:13:44.401+0000] {processor.py:840} INFO - DAG(s) 'dag_etl_camara_diario' retrieved from /opt/airflow/dags/dag_etl_camara_diario.py
[2026-07-13T19:13:44.424+0000] {logging_mixin.py:188} INFO - [2026-07-13T19:13:44.424+0000] {dag.py:3036} INFO - Sync 1 DAGs
[2026-07-13T19:13:44.448+0000] {logging_mixin.py:188} INFO - [2026-07-13T19:13:44.447+0000] {dag.py:3823} INFO - Setting next_dagrun for dag_etl_camara_diario to 2026-07-12 03:00:00+00:00, run_after=2026-07-13 03:00:00+00:00
[2026-07-13T19:13:44.462+0000] {processor.py:183} INFO - Processing /opt/airflow/dags/dag_etl_camara_diario.py took 0.075 seconds
[2026-07-13T19:14:14.597+0000] {processor.py:161} INFO - Started process (PID=700) to work on /opt/airflow/dags/dag_etl_camara_diario.py
[2026-07-13T19:14:14.598+0000] {processor.py:830} INFO - Processing file /opt/airflow/dags/dag_etl_camara_diario.py for tasks to queue
[2026-07-13T19:14:14.598+0000] {logging_mixin.py:188} INFO - [2026-07-13T19:14:14.598+0000] {dagbag.py:538} INFO - Filling up the DagBag from /opt/airflow/dags/dag_etl_camara_diario.py
[2026-07-13T19:14:14.608+0000] {processor.py:840} INFO - DAG(s) 'dag_etl_camara_diario' retrieved from /opt/airflow/dags/dag_etl_camara_diario.py
[2026-07-13T19:14:14.631+0000] {logging_mixin.py:188} INFO - [2026-07-13T19:14:14.631+0000] {dag.py:3036} INFO - Sync 1 DAGs
[2026-07-13T19:14:14.652+0000] {logging_mixin.py:188} INFO - [2026-07-13T19:14:14.652+0000] {dag.py:3823} INFO - Setting next_dagrun for dag_etl_camara_diario to 2026-07-12 03:00:00+00:00, run_after=2026-07-13 03:00:00+00:00
[2026-07-13T19:14:14.667+0000] {processor.py:183} INFO - Processing /opt/airflow/dags/dag_etl_camara_diario.py took 0.073 seconds
[2026-07-13T19:14:44.799+0000] {processor.py:161} INFO - Started process (PID=715) to work on /opt/airflow/dags/dag_etl_camara_diario.py
[2026-07-13T19:14:44.800+0000] {processor.py:830} INFO - Processing file /opt/airflow/dags/dag_etl_camara_diario.py for tasks to queue
[2026-07-13T19:14:44.800+0000] {logging_mixin.py:188} INFO - [2026-07-13T19:14:44.800+0000] {dagbag.py:538} INFO - Filling up the DagBag from /opt/airflow/dags/dag_etl_camara_diario.py
[2026-07-13T19:14:44.810+0000] {processor.py:840} INFO - DAG(s) 'dag_etl_camara_diario' retrieved from /opt/airflow/dags/dag_etl_camara_diario.py
[2026-07-13T19:14:44.831+0000] {logging_mixin.py:188} INFO - [2026-07-13T19:14:44.831+0000] {dag.py:3036} INFO - Sync 1 DAGs
[2026-07-13T19:14:44.852+0000] {logging_mixin.py:188} INFO - [2026-07-13T19:14:44.852+0000] {dag.py:3823} INFO - Setting next_dagrun for dag_etl_camara_diario to 2026-07-12 03:00:00+00:00, run_after=2026-07-13 03:00:00+00:00
[2026-07-13T19:14:44.869+0000] {processor.py:183} INFO - Processing /opt/airflow/dags/dag_etl_camara_diario.py took 0.073 seconds
[2026-07-13T19:15:15.004+0000] {processor.py:161} INFO - Started process (PID=730) to work on /opt/airflow/dags/dag_etl_camara_diario.py
[2026-07-13T19:15:15.005+0000] {processor.py:830} INFO - Processing file /opt/airflow/dags/dag_etl_camara_diario.py for tasks to queue
[2026-07-13T19:15:15.006+0000] {logging_mixin.py:188} INFO - [2026-07-13T19:15:15.006+0000] {dagbag.py:538} INFO - Filling up the DagBag from /opt/airflow/dags/dag_etl_camara_diario.py
[2026-07-13T19:15:15.015+0000] {processor.py:840} INFO - DAG(s) 'dag_etl_camara_diario' retrieved from /opt/airflow/dags/dag_etl_camara_diario.py
[2026-07-13T19:15:15.036+0000] {logging_mixin.py:188} INFO - [2026-07-13T19:15:15.036+0000] {dag.py:3036} INFO - Sync 1 DAGs
[2026-07-13T19:15:15.058+0000] {logging_mixin.py:188} INFO - [2026-07-13T19:15:15.058+0000] {dag.py:3823} INFO - Setting next_dagrun for dag_etl_camara_diario to 2026-07-12 03:00:00+00:00, run_after=2026-07-13 03:00:00+00:00
[2026-07-13T19:15:15.073+0000] {processor.py:183} INFO - Processing /opt/airflow/dags/dag_etl_camara_diario.py took 0.071 seconds
[2026-07-13T19:26:20.458+0000] {processor.py:161} INFO - Started process (PID=168) to work on /opt/airflow/dags/dag_etl_camara_diario.py
[2026-07-13T19:26:20.460+0000] {processor.py:830} INFO - Processing file /opt/airflow/dags/dag_etl_camara_diario.py for tasks to queue
[2026-07-13T19:26:20.461+0000] {logging_mixin.py:188} INFO - [2026-07-13T19:26:20.460+0000] {dagbag.py:538} INFO - Filling up the DagBag from /opt/airflow/dags/dag_etl_camara_diario.py
[2026-07-13T19:26:20.481+0000] {processor.py:840} INFO - DAG(s) 'dag_etl_camara_diario' retrieved from /opt/airflow/dags/dag_etl_camara_diario.py
[2026-07-13T19:26:20.514+0000] {logging_mixin.py:188} INFO - [2026-07-13T19:26:20.514+0000] {dag.py:3036} INFO - Sync 1 DAGs
[2026-07-13T19:26:20.545+0000] {logging_mixin.py:188} INFO - [2026-07-13T19:26:20.544+0000] {dag.py:3823} INFO - Setting next_dagrun for dag_etl_camara_diario to 2026-07-12 03:00:00+00:00, run_after=2026-07-13 03:00:00+00:00
[2026-07-13T19:26:20.563+0000] {processor.py:183} INFO - Processing /opt/airflow/dags/dag_etl_camara_diario.py took 0.109 seconds
[2026-07-13T19:26:50.696+0000] {processor.py:161} INFO - Started process (PID=184) to work on /opt/airflow/dags/dag_etl_camara_diario.py
[2026-07-13T19:26:50.697+0000] {processor.py:830} INFO - Processing file /opt/airflow/dags/dag_etl_camara_diario.py for tasks to queue
[2026-07-13T19:26:50.697+0000] {logging_mixin.py:188} INFO - [2026-07-13T19:26:50.697+0000] {dagbag.py:538} INFO - Filling up the DagBag from /opt/airflow/dags/dag_etl_camara_diario.py
[2026-07-13T19:26:50.708+0000] {processor.py:840} INFO - DAG(s) 'dag_etl_camara_diario' retrieved from /opt/airflow/dags/dag_etl_camara_diario.py
[2026-07-13T19:26:50.869+0000] {logging_mixin.py:188} INFO - [2026-07-13T19:26:50.868+0000] {dag.py:3036} INFO - Sync 1 DAGs
[2026-07-13T19:26:50.888+0000] {logging_mixin.py:188} INFO - [2026-07-13T19:26:50.888+0000] {dag.py:3823} INFO - Setting next_dagrun for dag_etl_camara_diario to 2026-07-12 03:00:00+00:00, run_after=2026-07-13 03:00:00+00:00
[2026-07-13T19:26:50.933+0000] {processor.py:183} INFO - Processing /opt/airflow/dags/dag_etl_camara_diario.py took 0.240 seconds
[2026-07-13T19:27:21.058+0000] {processor.py:161} INFO - Started process (PID=199) to work on /opt/airflow/dags/dag_etl_camara_diario.py
[2026-07-13T19:27:21.059+0000] {processor.py:830} INFO - Processing file /opt/airflow/dags/dag_etl_camara_diario.py for tasks to queue
[2026-07-13T19:27:21.060+0000] {logging_mixin.py:188} INFO - [2026-07-13T19:27:21.060+0000] {dagbag.py:538} INFO - Filling up the DagBag from /opt/airflow/dags/dag_etl_camara_diario.py
[2026-07-13T19:27:21.070+0000] {processor.py:840} INFO - DAG(s) 'dag_etl_camara_diario' retrieved from /opt/airflow/dags/dag_etl_camara_diario.py
[2026-07-13T19:27:21.094+0000] {logging_mixin.py:188} INFO - [2026-07-13T19:27:21.094+0000] {dag.py:3036} INFO - Sync 1 DAGs
[2026-07-13T19:27:21.121+0000] {logging_mixin.py:188} INFO - [2026-07-13T19:27:21.121+0000] {dag.py:3823} INFO - Setting next_dagrun for dag_etl_camara_diario to 2026-07-12 03:00:00+00:00, run_after=2026-07-13 03:00:00+00:00
[2026-07-13T19:27:21.149+0000] {processor.py:183} INFO - Processing /opt/airflow/dags/dag_etl_camara_diario.py took 0.094 seconds
[2026-07-13T19:27:51.276+0000] {processor.py:161} INFO - Started process (PID=214) to work on /opt/airflow/dags/dag_etl_camara_diario.py
[2026-07-13T19:27:51.277+0000] {processor.py:830} INFO - Processing file /opt/airflow/dags/dag_etl_camara_diario.py for tasks to queue
[2026-07-13T19:27:51.278+0000] {logging_mixin.py:188} INFO - [2026-07-13T19:27:51.278+0000] {dagbag.py:538} INFO - Filling up the DagBag from /opt/airflow/dags/dag_etl_camara_diario.py
[2026-07-13T19:27:51.289+0000] {processor.py:840} INFO - DAG(s) 'dag_etl_camara_diario' retrieved from /opt/airflow/dags/dag_etl_camara_diario.py
[2026-07-13T19:27:51.313+0000] {logging_mixin.py:188} INFO - [2026-07-13T19:27:51.312+0000] {dag.py:3036} INFO - Sync 1 DAGs
[2026-07-13T19:27:51.335+0000] {logging_mixin.py:188} INFO - [2026-07-13T19:27:51.335+0000] {dag.py:3823} INFO - Setting next_dagrun for dag_etl_camara_diario to 2026-07-12 03:00:00+00:00, run_after=2026-07-13 03:00:00+00:00
[2026-07-13T19:27:51.353+0000] {processor.py:183} INFO - Processing /opt/airflow/dags/dag_etl_camara_diario.py took 0.079 seconds
[2026-07-13T19:28:21.485+0000] {processor.py:161} INFO - Started process (PID=229) to work on /opt/airflow/dags/dag_etl_camara_diario.py
[2026-07-13T19:28:21.486+0000] {processor.py:830} INFO - Processing file /opt/airflow/dags/dag_etl_camara_diario.py for tasks to queue
[2026-07-13T19:28:21.487+0000] {logging_mixin.py:188} INFO - [2026-07-13T19:28:21.487+0000] {dagbag.py:538} INFO - Filling up the DagBag from /opt/airflow/dags/dag_etl_camara_diario.py
[2026-07-13T19:28:21.497+0000] {processor.py:840} INFO - DAG(s) 'dag_etl_camara_diario' retrieved from /opt/airflow/dags/dag_etl_camara_diario.py
[2026-07-13T19:28:21.520+0000] {logging_mixin.py:188} INFO - [2026-07-13T19:28:21.519+0000] {dag.py:3036} INFO - Sync 1 DAGs
[2026-07-13T19:28:21.543+0000] {logging_mixin.py:188} INFO - [2026-07-13T19:28:21.543+0000] {dag.py:3823} INFO - Setting next_dagrun for dag_etl_camara_diario to 2026-07-12 03:00:00+00:00, run_after=2026-07-13 03:00:00+00:00
[2026-07-13T19:28:21.576+0000] {processor.py:183} INFO - Processing /opt/airflow/dags/dag_etl_camara_diario.py took 0.094 seconds
[2026-07-13T19:28:51.705+0000] {processor.py:161} INFO - Started process (PID=244) to work on /opt/airflow/dags/dag_etl_camara_diario.py
[2026-07-13T19:28:51.706+0000] {processor.py:830} INFO - Processing file /opt/airflow/dags/dag_etl_camara_diario.py for tasks to queue
[2026-07-13T19:28:51.707+0000] {logging_mixin.py:188} INFO - [2026-07-13T19:28:51.706+0000] {dagbag.py:538} INFO - Filling up the DagBag from /opt/airflow/dags/dag_etl_camara_diario.py
[2026-07-13T19:28:51.717+0000] {processor.py:840} INFO - DAG(s) 'dag_etl_camara_diario' retrieved from /opt/airflow/dags/dag_etl_camara_diario.py
[2026-07-13T19:28:51.740+0000] {logging_mixin.py:188} INFO - [2026-07-13T19:28:51.740+0000] {dag.py:3036} INFO - Sync 1 DAGs
[2026-07-13T19:28:51.764+0000] {logging_mixin.py:188} INFO - [2026-07-13T19:28:51.764+0000] {dag.py:3823} INFO - Setting next_dagrun for dag_etl_camara_diario to 2026-07-12 03:00:00+00:00, run_after=2026-07-13 03:00:00+00:00
[2026-07-13T19:28:51.798+0000] {processor.py:183} INFO - Processing /opt/airflow/dags/dag_etl_camara_diario.py took 0.096 seconds
[2026-07-13T19:29:21.930+0000] {processor.py:161} INFO - Started process (PID=259) to work on /opt/airflow/dags/dag_etl_camara_diario.py
[2026-07-13T19:29:21.932+0000] {processor.py:830} INFO - Processing file /opt/airflow/dags/dag_etl_camara_diario.py for tasks to queue
[2026-07-13T19:29:21.932+0000] {logging_mixin.py:188} INFO - [2026-07-13T19:29:21.932+0000] {dagbag.py:538} INFO - Filling up the DagBag from /opt/airflow/dags/dag_etl_camara_diario.py
[2026-07-13T19:29:21.943+0000] {processor.py:840} INFO - DAG(s) 'dag_etl_camara_diario' retrieved from /opt/airflow/dags/dag_etl_camara_diario.py
[2026-07-13T19:29:21.966+0000] {logging_mixin.py:188} INFO - [2026-07-13T19:29:21.966+0000] {dag.py:3036} INFO - Sync 1 DAGs
[2026-07-13T19:29:21.990+0000] {logging_mixin.py:188} INFO - [2026-07-13T19:29:21.989+0000] {dag.py:3823} INFO - Setting next_dagrun for dag_etl_camara_diario to 2026-07-12 03:00:00+00:00, run_after=2026-07-13 03:00:00+00:00
[2026-07-13T19:29:22.025+0000] {processor.py:183} INFO - Processing /opt/airflow/dags/dag_etl_camara_diario.py took 0.097 seconds
[2026-07-13T19:29:52.157+0000] {processor.py:161} INFO - Started process (PID=274) to work on /opt/airflow/dags/dag_etl_camara_diario.py
[2026-07-13T19:29:52.158+0000] {processor.py:830} INFO - Processing file /opt/airflow/dags/dag_etl_camara_diario.py for tasks to queue
[2026-07-13T19:29:52.159+0000] {logging_mixin.py:188} INFO - [2026-07-13T19:29:52.159+0000] {dagbag.py:538} INFO - Filling up the DagBag from /opt/airflow/dags/dag_etl_camara_diario.py
[2026-07-13T19:29:52.170+0000] {processor.py:840} INFO - DAG(s) 'dag_etl_camara_diario' retrieved from /opt/airflow/dags/dag_etl_camara_diario.py
[2026-07-13T19:29:52.198+0000] {logging_mixin.py:188} INFO - [2026-07-13T19:29:52.198+0000] {dag.py:3036} INFO - Sync 1 DAGs
[2026-07-13T19:29:52.228+0000] {logging_mixin.py:188} INFO - [2026-07-13T19:29:52.228+0000] {dag.py:3823} INFO - Setting next_dagrun for dag_etl_camara_diario to 2026-07-12 03:00:00+00:00, run_after=2026-07-13 03:00:00+00:00
[2026-07-13T19:29:52.267+0000] {processor.py:183} INFO - Processing /opt/airflow/dags/dag_etl_camara_diario.py took 0.113 seconds
[2026-07-13T19:30:22.406+0000] {processor.py:161} INFO - Started process (PID=289) to work on /opt/airflow/dags/dag_etl_camara_diario.py
[2026-07-13T19:30:22.407+0000] {processor.py:830} INFO - Processing file /opt/airflow/dags/dag_etl_camara_diario.py for tasks to queue
[2026-07-13T19:30:22.408+0000] {logging_mixin.py:188} INFO - [2026-07-13T19:30:22.407+0000] {dagbag.py:538} INFO - Filling up the DagBag from /opt/airflow/dags/dag_etl_camara_diario.py
[2026-07-13T19:30:22.419+0000] {processor.py:840} INFO - DAG(s) 'dag_etl_camara_diario' retrieved from /opt/airflow/dags/dag_etl_camara_diario.py
[2026-07-13T19:30:22.442+0000] {logging_mixin.py:188} INFO - [2026-07-13T19:30:22.442+0000] {dag.py:3036} INFO - Sync 1 DAGs
[2026-07-13T19:30:22.469+0000] {logging_mixin.py:188} INFO - [2026-07-13T19:30:22.468+0000] {dag.py:3823} INFO - Setting next_dagrun for dag_etl_camara_diario to 2026-07-12 03:00:00+00:00, run_after=2026-07-13 03:00:00+00:00
[2026-07-13T19:30:22.506+0000] {processor.py:183} INFO - Processing /opt/airflow/dags/dag_etl_camara_diario.py took 0.103 seconds
[2026-07-13T19:30:52.641+0000] {processor.py:161} INFO - Started process (PID=304) to work on /opt/airflow/dags/dag_etl_camara_diario.py
[2026-07-13T19:30:52.642+0000] {processor.py:830} INFO - Processing file /opt/airflow/dags/dag_etl_camara_diario.py for tasks to queue
[2026-07-13T19:30:52.643+0000] {logging_mixin.py:188} INFO - [2026-07-13T19:30:52.642+0000] {dagbag.py:538} INFO - Filling up the DagBag from /opt/airflow/dags/dag_etl_camara_diario.py
[2026-07-13T19:30:52.654+0000] {processor.py:840} INFO - DAG(s) 'dag_etl_camara_diario' retrieved from /opt/airflow/dags/dag_etl_camara_diario.py
[2026-07-13T19:30:52.678+0000] {logging_mixin.py:188} INFO - [2026-07-13T19:30:52.678+0000] {dag.py:3036} INFO - Sync 1 DAGs
[2026-07-13T19:30:52.704+0000] {logging_mixin.py:188} INFO - [2026-07-13T19:30:52.704+0000] {dag.py:3823} INFO - Setting next_dagrun for dag_etl_camara_diario to 2026-07-12 03:00:00+00:00, run_after=2026-07-13 03:00:00+00:00
[2026-07-13T19:30:52.741+0000] {processor.py:183} INFO - Processing /opt/airflow/dags/dag_etl_camara_diario.py took 0.103 seconds
[2026-07-13T19:31:22.887+0000] {processor.py:161} INFO - Started process (PID=319) to work on /opt/airflow/dags/dag_etl_camara_diario.py
[2026-07-13T19:31:22.888+0000] {processor.py:830} INFO - Processing file /opt/airflow/dags/dag_etl_camara_diario.py for tasks to queue
[2026-07-13T19:31:22.889+0000] {logging_mixin.py:188} INFO - [2026-07-13T19:31:22.889+0000] {dagbag.py:538} INFO - Filling up the DagBag from /opt/airflow/dags/dag_etl_camara_diario.py
[2026-07-13T19:31:22.900+0000] {processor.py:840} INFO - DAG(s) 'dag_etl_camara_diario' retrieved from /opt/airflow/dags/dag_etl_camara_diario.py
[2026-07-13T19:31:22.926+0000] {logging_mixin.py:188} INFO - [2026-07-13T19:31:22.926+0000] {dag.py:3036} INFO - Sync 1 DAGs
[2026-07-13T19:31:22.954+0000] {logging_mixin.py:188} INFO - [2026-07-13T19:31:22.954+0000] {dag.py:3823} INFO - Setting next_dagrun for dag_etl_camara_diario to 2026-07-12 03:00:00+00:00, run_after=2026-07-13 03:00:00+00:00
[2026-07-13T19:31:22.987+0000] {processor.py:183} INFO - Processing /opt/airflow/dags/dag_etl_camara_diario.py took 0.103 seconds
[2026-07-13T19:31:53.120+0000] {processor.py:161} INFO - Started process (PID=334) to work on /opt/airflow/dags/dag_etl_camara_diario.py
[2026-07-13T19:31:53.121+0000] {processor.py:830} INFO - Processing file /opt/airflow/dags/dag_etl_camara_diario.py for tasks to queue
[2026-07-13T19:31:53.122+0000] {logging_mixin.py:188} INFO - [2026-07-13T19:31:53.122+0000] {dagbag.py:538} INFO - Filling up the DagBag from /opt/airflow/dags/dag_etl_camara_diario.py
[2026-07-13T19:31:53.134+0000] {processor.py:840} INFO - DAG(s) 'dag_etl_camara_diario' retrieved from /opt/airflow/dags/dag_etl_camara_diario.py
[2026-07-13T19:31:53.162+0000] {logging_mixin.py:188} INFO - [2026-07-13T19:31:53.161+0000] {dag.py:3036} INFO - Sync 1 DAGs
[2026-07-13T19:31:53.189+0000] {logging_mixin.py:188} INFO - [2026-07-13T19:31:53.189+0000] {dag.py:3823} INFO - Setting next_dagrun for dag_etl_camara_diario to 2026-07-12 03:00:00+00:00, run_after=2026-07-13 03:00:00+00:00
[2026-07-13T19:31:53.209+0000] {processor.py:183} INFO - Processing /opt/airflow/dags/dag_etl_camara_diario.py took 0.091 seconds
[2026-07-13T19:32:23.337+0000] {processor.py:161} INFO - Started process (PID=349) to work on /opt/airflow/dags/dag_etl_camara_diario.py
[2026-07-13T19:32:23.338+0000] {processor.py:830} INFO - Processing file /opt/airflow/dags/dag_etl_camara_diario.py for tasks to queue
[2026-07-13T19:32:23.338+0000] {logging_mixin.py:188} INFO - [2026-07-13T19:32:23.338+0000] {dagbag.py:538} INFO - Filling up the DagBag from /opt/airflow/dags/dag_etl_camara_diario.py
[2026-07-13T19:32:23.348+0000] {processor.py:840} INFO - DAG(s) 'dag_etl_camara_diario' retrieved from /opt/airflow/dags/dag_etl_camara_diario.py
[2026-07-13T19:32:23.374+0000] {logging_mixin.py:188} INFO - [2026-07-13T19:32:23.373+0000] {dag.py:3036} INFO - Sync 1 DAGs
[2026-07-13T19:32:23.401+0000] {logging_mixin.py:188} INFO - [2026-07-13T19:32:23.401+0000] {dag.py:3823} INFO - Setting next_dagrun for dag_etl_camara_diario to 2026-07-12 03:00:00+00:00, run_after=2026-07-13 03:00:00+00:00
[2026-07-13T19:32:23.421+0000] {processor.py:183} INFO - Processing /opt/airflow/dags/dag_etl_camara_diario.py took 0.087 seconds
[2026-07-13T19:32:53.554+0000] {processor.py:161} INFO - Started process (PID=364) to work on /opt/airflow/dags/dag_etl_camara_diario.py
[2026-07-13T19:32:53.555+0000] {processor.py:830} INFO - Processing file /opt/airflow/dags/dag_etl_camara_diario.py for tasks to queue
[2026-07-13T19:32:53.556+0000] {logging_mixin.py:188} INFO - [2026-07-13T19:32:53.556+0000] {dagbag.py:538} INFO - Filling up the DagBag from /opt/airflow/dags/dag_etl_camara_diario.py
[2026-07-13T19:32:53.566+0000] {processor.py:840} INFO - DAG(s) 'dag_etl_camara_diario' retrieved from /opt/airflow/dags/dag_etl_camara_diario.py
[2026-07-13T19:32:53.591+0000] {logging_mixin.py:188} INFO - [2026-07-13T19:32:53.590+0000] {dag.py:3036} INFO - Sync 1 DAGs
[2026-07-13T19:32:53.621+0000] {logging_mixin.py:188} INFO - [2026-07-13T19:32:53.621+0000] {dag.py:3823} INFO - Setting next_dagrun for dag_etl_camara_diario to 2026-07-12 03:00:00+00:00, run_after=2026-07-13 03:00:00+00:00
[2026-07-13T19:32:53.639+0000] {processor.py:183} INFO - Processing /opt/airflow/dags/dag_etl_camara_diario.py took 0.088 seconds
[2026-07-13T19:33:23.771+0000] {processor.py:161} INFO - Started process (PID=379) to work on /opt/airflow/dags/dag_etl_camara_diario.py
[2026-07-13T19:33:23.772+0000] {processor.py:830} INFO - Processing file /opt/airflow/dags/dag_etl_camara_diario.py for tasks to queue
[2026-07-13T19:33:23.773+0000] {logging_mixin.py:188} INFO - [2026-07-13T19:33:23.772+0000] {dagbag.py:538} INFO - Filling up the DagBag from /opt/airflow/dags/dag_etl_camara_diario.py
[2026-07-13T19:33:23.784+0000] {processor.py:840} INFO - DAG(s) 'dag_etl_camara_diario' retrieved from /opt/airflow/dags/dag_etl_camara_diario.py
[2026-07-13T19:33:23.810+0000] {logging_mixin.py:188} INFO - [2026-07-13T19:33:23.810+0000] {dag.py:3036} INFO - Sync 1 DAGs
[2026-07-13T19:33:23.836+0000] {logging_mixin.py:188} INFO - [2026-07-13T19:33:23.836+0000] {dag.py:3823} INFO - Setting next_dagrun for dag_etl_camara_diario to 2026-07-12 03:00:00+00:00, run_after=2026-07-13 03:00:00+00:00
[2026-07-13T19:33:23.856+0000] {processor.py:183} INFO - Processing /opt/airflow/dags/dag_etl_camara_diario.py took 0.089 seconds
[2026-07-13T19:33:53.983+0000] {processor.py:161} INFO - Started process (PID=394) to work on /opt/airflow/dags/dag_etl_camara_diario.py
[2026-07-13T19:33:53.984+0000] {processor.py:830} INFO - Processing file /opt/airflow/dags/dag_etl_camara_diario.py for tasks to queue
[2026-07-13T19:33:53.985+0000] {logging_mixin.py:188} INFO - [2026-07-13T19:33:53.984+0000] {dagbag.py:538} INFO - Filling up the DagBag from /opt/airflow/dags/dag_etl_camara_diario.py
[2026-07-13T19:33:53.996+0000] {processor.py:840} INFO - DAG(s) 'dag_etl_camara_diario' retrieved from /opt/airflow/dags/dag_etl_camara_diario.py
[2026-07-13T19:33:54.021+0000] {logging_mixin.py:188} INFO - [2026-07-13T19:33:54.020+0000] {dag.py:3036} INFO - Sync 1 DAGs
[2026-07-13T19:33:54.047+0000] {logging_mixin.py:188} INFO - [2026-07-13T19:33:54.047+0000] {dag.py:3823} INFO - Setting next_dagrun for dag_etl_camara_diario to 2026-07-12 03:00:00+00:00, run_after=2026-07-13 03:00:00+00:00
[2026-07-13T19:33:54.068+0000] {processor.py:183} INFO - Processing /opt/airflow/dags/dag_etl_camara_diario.py took 0.088 seconds
[2026-07-13T19:34:24.200+0000] {processor.py:161} INFO - Started process (PID=409) to work on /opt/airflow/dags/dag_etl_camara_diario.py
[2026-07-13T19:34:24.202+0000] {processor.py:830} INFO - Processing file /opt/airflow/dags/dag_etl_camara_diario.py for tasks to queue
[2026-07-13T19:34:24.203+0000] {logging_mixin.py:188} INFO - [2026-07-13T19:34:24.202+0000] {dagbag.py:538} INFO - Filling up the DagBag from /opt/airflow/dags/dag_etl_camara_diario.py
[2026-07-13T19:34:24.214+0000] {processor.py:840} INFO - DAG(s) 'dag_etl_camara_diario' retrieved from /opt/airflow/dags/dag_etl_camara_diario.py
[2026-07-13T19:34:24.239+0000] {logging_mixin.py:188} INFO - [2026-07-13T19:34:24.238+0000] {dag.py:3036} INFO - Sync 1 DAGs
[2026-07-13T19:34:24.264+0000] {logging_mixin.py:188} INFO - [2026-07-13T19:34:24.264+0000] {dag.py:3823} INFO - Setting next_dagrun for dag_etl_camara_diario to 2026-07-12 03:00:00+00:00, run_after=2026-07-13 03:00:00+00:00
[2026-07-13T19:34:24.283+0000] {processor.py:183} INFO - Processing /opt/airflow/dags/dag_etl_camara_diario.py took 0.086 seconds
[2026-07-13T19:34:54.418+0000] {processor.py:161} INFO - Started process (PID=424) to work on /opt/airflow/dags/dag_etl_camara_diario.py
[2026-07-13T19:34:54.419+0000] {processor.py:830} INFO - Processing file /opt/airflow/dags/dag_etl_camara_diario.py for tasks to queue
[2026-07-13T19:34:54.420+0000] {logging_mixin.py:188} INFO - [2026-07-13T19:34:54.419+0000] {dagbag.py:538} INFO - Filling up the DagBag from /opt/airflow/dags/dag_etl_camara_diario.py
[2026-07-13T19:34:54.433+0000] {processor.py:840} INFO - DAG(s) 'dag_etl_camara_diario' retrieved from /opt/airflow/dags/dag_etl_camara_diario.py
[2026-07-13T19:34:54.462+0000] {logging_mixin.py:188} INFO - [2026-07-13T19:34:54.461+0000] {dag.py:3036} INFO - Sync 1 DAGs
[2026-07-13T19:34:54.490+0000] {logging_mixin.py:188} INFO - [2026-07-13T19:34:54.490+0000] {dag.py:3823} INFO - Setting next_dagrun for dag_etl_camara_diario to 2026-07-12 03:00:00+00:00, run_after=2026-07-13 03:00:00+00:00
[2026-07-13T19:34:54.510+0000] {processor.py:183} INFO - Processing /opt/airflow/dags/dag_etl_camara_diario.py took 0.095 seconds
[2026-07-13T19:35:24.633+0000] {processor.py:161} INFO - Started process (PID=439) to work on /opt/airflow/dags/dag_etl_camara_diario.py
[2026-07-13T19:35:24.634+0000] {processor.py:830} INFO - Processing file /opt/airflow/dags/dag_etl_camara_diario.py for tasks to queue
[2026-07-13T19:35:24.635+0000] {logging_mixin.py:188} INFO - [2026-07-13T19:35:24.634+0000] {dagbag.py:538} INFO - Filling up the DagBag from /opt/airflow/dags/dag_etl_camara_diario.py
[2026-07-13T19:35:24.646+0000] {processor.py:840} INFO - DAG(s) 'dag_etl_camara_diario' retrieved from /opt/airflow/dags/dag_etl_camara_diario.py
[2026-07-13T19:35:24.671+0000] {logging_mixin.py:188} INFO - [2026-07-13T19:35:24.670+0000] {dag.py:3036} INFO - Sync 1 DAGs
[2026-07-13T19:35:24.696+0000] {logging_mixin.py:188} INFO - [2026-07-13T19:35:24.696+0000] {dag.py:3823} INFO - Setting next_dagrun for dag_etl_camara_diario to 2026-07-12 03:00:00+00:00, run_after=2026-07-13 03:00:00+00:00
[2026-07-13T19:35:24.716+0000] {processor.py:183} INFO - Processing /opt/airflow/dags/dag_etl_camara_diario.py took 0.087 seconds
[2026-07-13T19:35:54.845+0000] {processor.py:161} INFO - Started process (PID=454) to work on /opt/airflow/dags/dag_etl_camara_diario.py
[2026-07-13T19:35:54.846+0000] {processor.py:830} INFO - Processing file /opt/airflow/dags/dag_etl_camara_diario.py for tasks to queue
[2026-07-13T19:35:54.846+0000] {logging_mixin.py:188} INFO - [2026-07-13T19:35:54.846+0000] {dagbag.py:538} INFO - Filling up the DagBag from /opt/airflow/dags/dag_etl_camara_diario.py
[2026-07-13T19:35:54.858+0000] {processor.py:840} INFO - DAG(s) 'dag_etl_camara_diario' retrieved from /opt/airflow/dags/dag_etl_camara_diario.py
[2026-07-13T19:35:54.884+0000] {logging_mixin.py:188} INFO - [2026-07-13T19:35:54.883+0000] {dag.py:3036} INFO - Sync 1 DAGs
[2026-07-13T19:35:54.910+0000] {logging_mixin.py:188} INFO - [2026-07-13T19:35:54.909+0000] {dag.py:3823} INFO - Setting next_dagrun for dag_etl_camara_diario to 2026-07-12 03:00:00+00:00, run_after=2026-07-13 03:00:00+00:00
[2026-07-13T19:35:54.928+0000] {processor.py:183} INFO - Processing /opt/airflow/dags/dag_etl_camara_diario.py took 0.086 seconds
[2026-07-13T19:36:25.059+0000] {processor.py:161} INFO - Started process (PID=469) to work on /opt/airflow/dags/dag_etl_camara_diario.py
[2026-07-13T19:36:25.060+0000] {processor.py:830} INFO - Processing file /opt/airflow/dags/dag_etl_camara_diario.py for tasks to queue
[2026-07-13T19:36:25.061+0000] {logging_mixin.py:188} INFO - [2026-07-13T19:36:25.060+0000] {dagbag.py:538} INFO - Filling up the DagBag from /opt/airflow/dags/dag_etl_camara_diario.py
[2026-07-13T19:36:25.071+0000] {processor.py:840} INFO - DAG(s) 'dag_etl_camara_diario' retrieved from /opt/airflow/dags/dag_etl_camara_diario.py
[2026-07-13T19:36:25.098+0000] {logging_mixin.py:188} INFO - [2026-07-13T19:36:25.098+0000] {dag.py:3036} INFO - Sync 1 DAGs
[2026-07-13T19:36:25.127+0000] {logging_mixin.py:188} INFO - [2026-07-13T19:36:25.126+0000] {dag.py:3823} INFO - Setting next_dagrun for dag_etl_camara_diario to 2026-07-12 03:00:00+00:00, run_after=2026-07-13 03:00:00+00:00
[2026-07-13T19:36:25.162+0000] {processor.py:183} INFO - Processing /opt/airflow/dags/dag_etl_camara_diario.py took 0.107 seconds
[2026-07-13T19:36:55.296+0000] {processor.py:161} INFO - Started process (PID=484) to work on /opt/airflow/dags/dag_etl_camara_diario.py
[2026-07-13T19:36:55.297+0000] {processor.py:830} INFO - Processing file /opt/airflow/dags/dag_etl_camara_diario.py for tasks to queue
[2026-07-13T19:36:55.297+0000] {logging_mixin.py:188} INFO - [2026-07-13T19:36:55.297+0000] {dagbag.py:538} INFO - Filling up the DagBag from /opt/airflow/dags/dag_etl_camara_diario.py
[2026-07-13T19:36:55.308+0000] {processor.py:840} INFO - DAG(s) 'dag_etl_camara_diario' retrieved from /opt/airflow/dags/dag_etl_camara_diario.py
[2026-07-13T19:36:55.334+0000] {logging_mixin.py:188} INFO - [2026-07-13T19:36:55.334+0000] {dag.py:3036} INFO - Sync 1 DAGs
[2026-07-13T19:36:55.360+0000] {logging_mixin.py:188} INFO - [2026-07-13T19:36:55.360+0000] {dag.py:3823} INFO - Setting next_dagrun for dag_etl_camara_diario to 2026-07-12 03:00:00+00:00, run_after=2026-07-13 03:00:00+00:00
[2026-07-13T19:36:55.401+0000] {processor.py:183} INFO - Processing /opt/airflow/dags/dag_etl_camara_diario.py took 0.108 seconds
[2026-07-13T19:37:25.532+0000] {processor.py:161} INFO - Started process (PID=499) to work on /opt/airflow/dags/dag_etl_camara_diario.py
[2026-07-13T19:37:25.533+0000] {processor.py:830} INFO - Processing file /opt/airflow/dags/dag_etl_camara_diario.py for tasks to queue
[2026-07-13T19:37:25.534+0000] {logging_mixin.py:188} INFO - [2026-07-13T19:37:25.534+0000] {dagbag.py:538} INFO - Filling up the DagBag from /opt/airflow/dags/dag_etl_camara_diario.py
[2026-07-13T19:37:25.546+0000] {processor.py:840} INFO - DAG(s) 'dag_etl_camara_diario' retrieved from /opt/airflow/dags/dag_etl_camara_diario.py
[2026-07-13T19:37:25.571+0000] {logging_mixin.py:188} INFO - [2026-07-13T19:37:25.571+0000] {dag.py:3036} INFO - Sync 1 DAGs
[2026-07-13T19:37:25.595+0000] {logging_mixin.py:188} INFO - [2026-07-13T19:37:25.595+0000] {dag.py:3823} INFO - Setting next_dagrun for dag_etl_camara_diario to 2026-07-12 03:00:00+00:00, run_after=2026-07-13 03:00:00+00:00
[2026-07-13T19:37:25.617+0000] {processor.py:183} INFO - Processing /opt/airflow/dags/dag_etl_camara_diario.py took 0.088 seconds
[2026-07-13T19:37:55.750+0000] {processor.py:161} INFO - Started process (PID=514) to work on /opt/airflow/dags/dag_etl_camara_diario.py
[2026-07-13T19:37:55.751+0000] {processor.py:830} INFO - Processing file /opt/airflow/dags/dag_etl_camara_diario.py for tasks to queue
[2026-07-13T19:37:55.752+0000] {logging_mixin.py:188} INFO - [2026-07-13T19:37:55.751+0000] {dagbag.py:538} INFO - Filling up the DagBag from /opt/airflow/dags/dag_etl_camara_diario.py
[2026-07-13T19:37:55.762+0000] {processor.py:840} INFO - DAG(s) 'dag_etl_camara_diario' retrieved from /opt/airflow/dags/dag_etl_camara_diario.py
[2026-07-13T19:37:55.784+0000] {logging_mixin.py:188} INFO - [2026-07-13T19:37:55.784+0000] {dag.py:3036} INFO - Sync 1 DAGs
[2026-07-13T19:37:55.807+0000] {logging_mixin.py:188} INFO - [2026-07-13T19:37:55.807+0000] {dag.py:3823} INFO - Setting next_dagrun for dag_etl_camara_diario to 2026-07-12 03:00:00+00:00, run_after=2026-07-13 03:00:00+00:00
[2026-07-13T19:37:55.847+0000] {processor.py:183} INFO - Processing /opt/airflow/dags/dag_etl_camara_diario.py took 0.100 seconds
[2026-07-13T19:38:25.975+0000] {processor.py:161} INFO - Started process (PID=529) to work on /opt/airflow/dags/dag_etl_camara_diario.py
[2026-07-13T19:38:25.976+0000] {processor.py:830} INFO - Processing file /opt/airflow/dags/dag_etl_camara_diario.py for tasks to queue
[2026-07-13T19:38:25.977+0000] {logging_mixin.py:188} INFO - [2026-07-13T19:38:25.977+0000] {dagbag.py:538} INFO - Filling up the DagBag from /opt/airflow/dags/dag_etl_camara_diario.py
[2026-07-13T19:38:25.987+0000] {processor.py:840} INFO - DAG(s) 'dag_etl_camara_diario' retrieved from /opt/airflow/dags/dag_etl_camara_diario.py
[2026-07-13T19:38:26.012+0000] {logging_mixin.py:188} INFO - [2026-07-13T19:38:26.011+0000] {dag.py:3036} INFO - Sync 1 DAGs
[2026-07-13T19:38:26.036+0000] {logging_mixin.py:188} INFO - [2026-07-13T19:38:26.036+0000] {dag.py:3823} INFO - Setting next_dagrun for dag_etl_camara_diario to 2026-07-12 03:00:00+00:00, run_after=2026-07-13 03:00:00+00:00
[2026-07-13T19:38:26.063+0000] {processor.py:183} INFO - Processing /opt/airflow/dags/dag_etl_camara_diario.py took 0.091 seconds
[2026-07-13T19:38:56.190+0000] {processor.py:161} INFO - Started process (PID=544) to work on /opt/airflow/dags/dag_etl_camara_diario.py
[2026-07-13T19:38:56.191+0000] {processor.py:830} INFO - Processing file /opt/airflow/dags/dag_etl_camara_diario.py for tasks to queue
[2026-07-13T19:38:56.192+0000] {logging_mixin.py:188} INFO - [2026-07-13T19:38:56.191+0000] {dagbag.py:538} INFO - Filling up the DagBag from /opt/airflow/dags/dag_etl_camara_diario.py
[2026-07-13T19:38:56.204+0000] {processor.py:840} INFO - DAG(s) 'dag_etl_camara_diario' retrieved from /opt/airflow/dags/dag_etl_camara_diario.py
[2026-07-13T19:38:56.229+0000] {logging_mixin.py:188} INFO - [2026-07-13T19:38:56.229+0000] {dag.py:3036} INFO - Sync 1 DAGs
[2026-07-13T19:38:56.255+0000] {logging_mixin.py:188} INFO - [2026-07-13T19:38:56.255+0000] {dag.py:3823} INFO - Setting next_dagrun for dag_etl_camara_diario to 2026-07-12 03:00:00+00:00, run_after=2026-07-13 03:00:00+00:00
[2026-07-13T19:38:56.298+0000] {processor.py:183} INFO - Processing /opt/airflow/dags/dag_etl_camara_diario.py took 0.111 seconds
[2026-07-13T19:39:26.432+0000] {processor.py:161} INFO - Started process (PID=559) to work on /opt/airflow/dags/dag_etl_camara_diario.py
[2026-07-13T19:39:26.433+0000] {processor.py:830} INFO - Processing file /opt/airflow/dags/dag_etl_camara_diario.py for tasks to queue
[2026-07-13T19:39:26.434+0000] {logging_mixin.py:188} INFO - [2026-07-13T19:39:26.433+0000] {dagbag.py:538} INFO - Filling up the DagBag from /opt/airflow/dags/dag_etl_camara_diario.py
[2026-07-13T19:39:26.445+0000] {processor.py:840} INFO - DAG(s) 'dag_etl_camara_diario' retrieved from /opt/airflow/dags/dag_etl_camara_diario.py
[2026-07-13T19:39:26.469+0000] {logging_mixin.py:188} INFO - [2026-07-13T19:39:26.469+0000] {dag.py:3036} INFO - Sync 1 DAGs
[2026-07-13T19:39:26.496+0000] {logging_mixin.py:188} INFO - [2026-07-13T19:39:26.496+0000] {dag.py:3823} INFO - Setting next_dagrun for dag_etl_camara_diario to 2026-07-12 03:00:00+00:00, run_after=2026-07-13 03:00:00+00:00
[2026-07-13T19:39:26.543+0000] {processor.py:183} INFO - Processing /opt/airflow/dags/dag_etl_camara_diario.py took 0.114 seconds
[2026-07-13T19:39:56.686+0000] {processor.py:161} INFO - Started process (PID=574) to work on /opt/airflow/dags/dag_etl_camara_diario.py
[2026-07-13T19:39:56.687+0000] {processor.py:830} INFO - Processing file /opt/airflow/dags/dag_etl_camara_diario.py for tasks to queue
[2026-07-13T19:39:56.688+0000] {logging_mixin.py:188} INFO - [2026-07-13T19:39:56.688+0000] {dagbag.py:538} INFO - Filling up the DagBag from /opt/airflow/dags/dag_etl_camara_diario.py
[2026-07-13T19:39:56.700+0000] {processor.py:840} INFO - DAG(s) 'dag_etl_camara_diario' retrieved from /opt/airflow/dags/dag_etl_camara_diario.py
[2026-07-13T19:39:56.725+0000] {logging_mixin.py:188} INFO - [2026-07-13T19:39:56.725+0000] {dag.py:3036} INFO - Sync 1 DAGs
[2026-07-13T19:39:56.752+0000] {logging_mixin.py:188} INFO - [2026-07-13T19:39:56.752+0000] {dag.py:3823} INFO - Setting next_dagrun for dag_etl_camara_diario to 2026-07-12 03:00:00+00:00, run_after=2026-07-13 03:00:00+00:00
[2026-07-13T19:39:56.770+0000] {processor.py:183} INFO - Processing /opt/airflow/dags/dag_etl_camara_diario.py took 0.087 seconds
[2026-07-13T19:40:26.904+0000] {processor.py:161} INFO - Started process (PID=589) to work on /opt/airflow/dags/dag_etl_camara_diario.py
[2026-07-13T19:40:26.905+0000] {processor.py:830} INFO - Processing file /opt/airflow/dags/dag_etl_camara_diario.py for tasks to queue
[2026-07-13T19:40:26.906+0000] {logging_mixin.py:188} INFO - [2026-07-13T19:40:26.906+0000] {dagbag.py:538} INFO - Filling up the DagBag from /opt/airflow/dags/dag_etl_camara_diario.py
[2026-07-13T19:40:26.919+0000] {processor.py:840} INFO - DAG(s) 'dag_etl_camara_diario' retrieved from /opt/airflow/dags/dag_etl_camara_diario.py
[2026-07-13T19:40:26.944+0000] {logging_mixin.py:188} INFO - [2026-07-13T19:40:26.944+0000] {dag.py:3036} INFO - Sync 1 DAGs
[2026-07-13T19:40:26.967+0000] {logging_mixin.py:188} INFO - [2026-07-13T19:40:26.967+0000] {dag.py:3823} INFO - Setting next_dagrun for dag_etl_camara_diario to 2026-07-12 03:00:00+00:00, run_after=2026-07-13 03:00:00+00:00
[2026-07-13T19:40:27.011+0000] {processor.py:183} INFO - Processing /opt/airflow/dags/dag_etl_camara_diario.py took 0.109 seconds
[2026-07-13T19:40:57.138+0000] {processor.py:161} INFO - Started process (PID=604) to work on /opt/airflow/dags/dag_etl_camara_diario.py
[2026-07-13T19:40:57.139+0000] {processor.py:830} INFO - Processing file /opt/airflow/dags/dag_etl_camara_diario.py for tasks to queue
[2026-07-13T19:40:57.140+0000] {logging_mixin.py:188} INFO - [2026-07-13T19:40:57.140+0000] {dagbag.py:538} INFO - Filling up the DagBag from /opt/airflow/dags/dag_etl_camara_diario.py
[2026-07-13T19:40:57.154+0000] {processor.py:840} INFO - DAG(s) 'dag_etl_camara_diario' retrieved from /opt/airflow/dags/dag_etl_camara_diario.py
[2026-07-13T19:40:57.178+0000] {logging_mixin.py:188} INFO - [2026-07-13T19:40:57.178+0000] {dag.py:3036} INFO - Sync 1 DAGs
[2026-07-13T19:40:57.206+0000] {logging_mixin.py:188} INFO - [2026-07-13T19:40:57.206+0000] {dag.py:3823} INFO - Setting next_dagrun for dag_etl_camara_diario to 2026-07-12 03:00:00+00:00, run_after=2026-07-13 03:00:00+00:00
[2026-07-13T19:40:57.242+0000] {processor.py:183} INFO - Processing /opt/airflow/dags/dag_etl_camara_diario.py took 0.108 seconds
[2026-07-13T19:41:27.382+0000] {processor.py:161} INFO - Started process (PID=619) to work on /opt/airflow/dags/dag_etl_camara_diario.py
[2026-07-13T19:41:27.383+0000] {processor.py:830} INFO - Processing file /opt/airflow/dags/dag_etl_camara_diario.py for tasks to queue
[2026-07-13T19:41:27.384+0000] {logging_mixin.py:188} INFO - [2026-07-13T19:41:27.383+0000] {dagbag.py:538} INFO - Filling up the DagBag from /opt/airflow/dags/dag_etl_camara_diario.py
[2026-07-13T19:41:27.394+0000] {processor.py:840} INFO - DAG(s) 'dag_etl_camara_diario' retrieved from /opt/airflow/dags/dag_etl_camara_diario.py
[2026-07-13T19:41:27.416+0000] {logging_mixin.py:188} INFO - [2026-07-13T19:41:27.416+0000] {dag.py:3036} INFO - Sync 1 DAGs
[2026-07-13T19:41:27.437+0000] {logging_mixin.py:188} INFO - [2026-07-13T19:41:27.437+0000] {dag.py:3823} INFO - Setting next_dagrun for dag_etl_camara_diario to 2026-07-12 03:00:00+00:00, run_after=2026-07-13 03:00:00+00:00
[2026-07-13T19:41:27.480+0000] {processor.py:183} INFO - Processing /opt/airflow/dags/dag_etl_camara_diario.py took 0.100 seconds
[2026-07-13T19:41:57.609+0000] {processor.py:161} INFO - Started process (PID=634) to work on /opt/airflow/dags/dag_etl_camara_diario.py
[2026-07-13T19:41:57.610+0000] {processor.py:830} INFO - Processing file /opt/airflow/dags/dag_etl_camara_diario.py for tasks to queue
[2026-07-13T19:41:57.610+0000] {logging_mixin.py:188} INFO - [2026-07-13T19:41:57.610+0000] {dagbag.py:538} INFO - Filling up the DagBag from /opt/airflow/dags/dag_etl_camara_diario.py
[2026-07-13T19:41:57.619+0000] {processor.py:840} INFO - DAG(s) 'dag_etl_camara_diario' retrieved from /opt/airflow/dags/dag_etl_camara_diario.py
[2026-07-13T19:41:57.641+0000] {logging_mixin.py:188} INFO - [2026-07-13T19:41:57.641+0000] {dag.py:3036} INFO - Sync 1 DAGs
[2026-07-13T19:41:57.661+0000] {logging_mixin.py:188} INFO - [2026-07-13T19:41:57.661+0000] {dag.py:3823} INFO - Setting next_dagrun for dag_etl_camara_diario to 2026-07-12 03:00:00+00:00, run_after=2026-07-13 03:00:00+00:00
[2026-07-13T19:41:57.704+0000] {processor.py:183} INFO - Processing /opt/airflow/dags/dag_etl_camara_diario.py took 0.099 seconds
[2026-07-13T19:42:27.829+0000] {processor.py:161} INFO - Started process (PID=649) to work on /opt/airflow/dags/dag_etl_camara_diario.py
[2026-07-13T19:42:27.830+0000] {processor.py:830} INFO - Processing file /opt/airflow/dags/dag_etl_camara_diario.py for tasks to queue
[2026-07-13T19:42:27.830+0000] {logging_mixin.py:188} INFO - [2026-07-13T19:42:27.830+0000] {dagbag.py:538} INFO - Filling up the DagBag from /opt/airflow/dags/dag_etl_camara_diario.py
[2026-07-13T19:42:27.840+0000] {processor.py:840} INFO - DAG(s) 'dag_etl_camara_diario' retrieved from /opt/airflow/dags/dag_etl_camara_diario.py
[2026-07-13T19:42:27.861+0000] {logging_mixin.py:188} INFO - [2026-07-13T19:42:27.860+0000] {dag.py:3036} INFO - Sync 1 DAGs
[2026-07-13T19:42:27.881+0000] {logging_mixin.py:188} INFO - [2026-07-13T19:42:27.881+0000] {dag.py:3823} INFO - Setting next_dagrun for dag_etl_camara_diario to 2026-07-12 03:00:00+00:00, run_after=2026-07-13 03:00:00+00:00
[2026-07-13T19:42:27.898+0000] {processor.py:183} INFO - Processing /opt/airflow/dags/dag_etl_camara_diario.py took 0.071 seconds
[2026-07-13T19:42:58.033+0000] {processor.py:161} INFO - Started process (PID=664) to work on /opt/airflow/dags/dag_etl_camara_diario.py
[2026-07-13T19:42:58.034+0000] {processor.py:830} INFO - Processing file /opt/airflow/dags/dag_etl_camara_diario.py for tasks to queue
[2026-07-13T19:42:58.035+0000] {logging_mixin.py:188} INFO - [2026-07-13T19:42:58.035+0000] {dagbag.py:538} INFO - Filling up the DagBag from /opt/airflow/dags/dag_etl_camara_diario.py
[2026-07-13T19:42:58.044+0000] {processor.py:840} INFO - DAG(s) 'dag_etl_camara_diario' retrieved from /opt/airflow/dags/dag_etl_camara_diario.py
[2026-07-13T19:42:58.067+0000] {logging_mixin.py:188} INFO - [2026-07-13T19:42:58.067+0000] {dag.py:3036} INFO - Sync 1 DAGs
[2026-07-13T19:42:58.088+0000] {logging_mixin.py:188} INFO - [2026-07-13T19:42:58.088+0000] {dag.py:3823} INFO - Setting next_dagrun for dag_etl_camara_diario to 2026-07-12 03:00:00+00:00, run_after=2026-07-13 03:00:00+00:00
[2026-07-13T19:42:58.130+0000] {processor.py:183} INFO - Processing /opt/airflow/dags/dag_etl_camara_diario.py took 0.099 seconds
[2026-07-13T19:43:28.259+0000] {processor.py:161} INFO - Started process (PID=679) to work on /opt/airflow/dags/dag_etl_camara_diario.py
[2026-07-13T19:43:28.260+0000] {processor.py:830} INFO - Processing file /opt/airflow/dags/dag_etl_camara_diario.py for tasks to queue
[2026-07-13T19:43:28.260+0000] {logging_mixin.py:188} INFO - [2026-07-13T19:43:28.260+0000] {dagbag.py:538} INFO - Filling up the DagBag from /opt/airflow/dags/dag_etl_camara_diario.py
[2026-07-13T19:43:28.270+0000] {processor.py:840} INFO - DAG(s) 'dag_etl_camara_diario' retrieved from /opt/airflow/dags/dag_etl_camara_diario.py
[2026-07-13T19:43:28.291+0000] {logging_mixin.py:188} INFO - [2026-07-13T19:43:28.291+0000] {dag.py:3036} INFO - Sync 1 DAGs
[2026-07-13T19:43:28.312+0000] {logging_mixin.py:188} INFO - [2026-07-13T19:43:28.312+0000] {dag.py:3823} INFO - Setting next_dagrun for dag_etl_camara_diario to 2026-07-12 03:00:00+00:00, run_after=2026-07-13 03:00:00+00:00
[2026-07-13T19:43:28.355+0000] {processor.py:183} INFO - Processing /opt/airflow/dags/dag_etl_camara_diario.py took 0.098 seconds
[2026-07-13T19:43:58.485+0000] {processor.py:161} INFO - Started process (PID=694) to work on /opt/airflow/dags/dag_etl_camara_diario.py
[2026-07-13T19:43:58.486+0000] {processor.py:830} INFO - Processing file /opt/airflow/dags/dag_etl_camara_diario.py for tasks to queue
[2026-07-13T19:43:58.486+0000] {logging_mixin.py:188} INFO - [2026-07-13T19:43:58.486+0000] {dagbag.py:538} INFO - Filling up the DagBag from /opt/airflow/dags/dag_etl_camara_diario.py
[2026-07-13T19:43:58.496+0000] {processor.py:840} INFO - DAG(s) 'dag_etl_camara_diario' retrieved from /opt/airflow/dags/dag_etl_camara_diario.py
[2026-07-13T19:43:58.518+0000] {logging_mixin.py:188} INFO - [2026-07-13T19:43:58.518+0000] {dag.py:3036} INFO - Sync 1 DAGs
[2026-07-13T19:43:58.541+0000] {logging_mixin.py:188} INFO - [2026-07-13T19:43:58.541+0000] {dag.py:3823} INFO - Setting next_dagrun for dag_etl_camara_diario to 2026-07-12 03:00:00+00:00, run_after=2026-07-13 03:00:00+00:00
[2026-07-13T19:43:58.585+0000] {processor.py:183} INFO - Processing /opt/airflow/dags/dag_etl_camara_diario.py took 0.103 seconds
[2026-07-13T19:44:28.716+0000] {processor.py:161} INFO - Started process (PID=709) to work on /opt/airflow/dags/dag_etl_camara_diario.py
[2026-07-13T19:44:28.717+0000] {processor.py:830} INFO - Processing file /opt/airflow/dags/dag_etl_camara_diario.py for tasks to queue
[2026-07-13T19:44:28.718+0000] {logging_mixin.py:188} INFO - [2026-07-13T19:44:28.718+0000] {dagbag.py:538} INFO - Filling up the DagBag from /opt/airflow/dags/dag_etl_camara_diario.py
[2026-07-13T19:44:28.729+0000] {processor.py:840} INFO - DAG(s) 'dag_etl_camara_diario' retrieved from /opt/airflow/dags/dag_etl_camara_diario.py
[2026-07-13T19:44:28.756+0000] {logging_mixin.py:188} INFO - [2026-07-13T19:44:28.756+0000] {dag.py:3036} INFO - Sync 1 DAGs
[2026-07-13T19:44:28.786+0000] {logging_mixin.py:188} INFO - [2026-07-13T19:44:28.786+0000] {dag.py:3823} INFO - Setting next_dagrun for dag_etl_camara_diario to 2026-07-12 03:00:00+00:00, run_after=2026-07-13 03:00:00+00:00
[2026-07-13T19:44:28.833+0000] {processor.py:183} INFO - Processing /opt/airflow/dags/dag_etl_camara_diario.py took 0.119 seconds
[2026-07-13T19:44:58.956+0000] {processor.py:161} INFO - Started process (PID=724) to work on /opt/airflow/dags/dag_etl_camara_diario.py
[2026-07-13T19:44:58.958+0000] {processor.py:830} INFO - Processing file /opt/airflow/dags/dag_etl_camara_diario.py for tasks to queue
[2026-07-13T19:44:58.958+0000] {logging_mixin.py:188} INFO - [2026-07-13T19:44:58.958+0000] {dagbag.py:538} INFO - Filling up the DagBag from /opt/airflow/dags/dag_etl_camara_diario.py
[2026-07-13T19:44:58.967+0000] {processor.py:840} INFO - DAG(s) 'dag_etl_camara_diario' retrieved from /opt/airflow/dags/dag_etl_camara_diario.py
[2026-07-13T19:44:58.988+0000] {logging_mixin.py:188} INFO - [2026-07-13T19:44:58.987+0000] {dag.py:3036} INFO - Sync 1 DAGs
[2026-07-13T19:44:59.008+0000] {logging_mixin.py:188} INFO - [2026-07-13T19:44:59.008+0000] {dag.py:3823} INFO - Setting next_dagrun for dag_etl_camara_diario to 2026-07-12 03:00:00+00:00, run_after=2026-07-13 03:00:00+00:00
[2026-07-13T19:44:59.049+0000] {processor.py:183} INFO - Processing /opt/airflow/dags/dag_etl_camara_diario.py took 0.095 seconds
[2026-07-13T19:45:29.171+0000] {processor.py:161} INFO - Started process (PID=739) to work on /opt/airflow/dags/dag_etl_camara_diario.py
[2026-07-13T19:45:29.172+0000] {processor.py:830} INFO - Processing file /opt/airflow/dags/dag_etl_camara_diario.py for tasks to queue
[2026-07-13T19:45:29.173+0000] {logging_mixin.py:188} INFO - [2026-07-13T19:45:29.172+0000] {dagbag.py:538} INFO - Filling up the DagBag from /opt/airflow/dags/dag_etl_camara_diario.py
[2026-07-13T19:45:29.181+0000] {processor.py:840} INFO - DAG(s) 'dag_etl_camara_diario' retrieved from /opt/airflow/dags/dag_etl_camara_diario.py
[2026-07-13T19:45:29.205+0000] {logging_mixin.py:188} INFO - [2026-07-13T19:45:29.204+0000] {dag.py:3036} INFO - Sync 1 DAGs
[2026-07-13T19:45:29.227+0000] {logging_mixin.py:188} INFO - [2026-07-13T19:45:29.227+0000] {dag.py:3823} INFO - Setting next_dagrun for dag_etl_camara_diario to 2026-07-12 03:00:00+00:00, run_after=2026-07-13 03:00:00+00:00
[2026-07-13T19:45:29.269+0000] {processor.py:183} INFO - Processing /opt/airflow/dags/dag_etl_camara_diario.py took 0.100 seconds
[2026-07-13T19:45:59.394+0000] {processor.py:161} INFO - Started process (PID=754) to work on /opt/airflow/dags/dag_etl_camara_diario.py
[2026-07-13T19:45:59.395+0000] {processor.py:830} INFO - Processing file /opt/airflow/dags/dag_etl_camara_diario.py for tasks to queue
[2026-07-13T19:45:59.395+0000] {logging_mixin.py:188} INFO - [2026-07-13T19:45:59.395+0000] {dagbag.py:538} INFO - Filling up the DagBag from /opt/airflow/dags/dag_etl_camara_diario.py
[2026-07-13T19:45:59.405+0000] {processor.py:840} INFO - DAG(s) 'dag_etl_camara_diario' retrieved from /opt/airflow/dags/dag_etl_camara_diario.py
[2026-07-13T19:45:59.427+0000] {logging_mixin.py:188} INFO - [2026-07-13T19:45:59.427+0000] {dag.py:3036} INFO - Sync 1 DAGs
[2026-07-13T19:45:59.448+0000] {logging_mixin.py:188} INFO - [2026-07-13T19:45:59.448+0000] {dag.py:3823} INFO - Setting next_dagrun for dag_etl_camara_diario to 2026-07-12 03:00:00+00:00, run_after=2026-07-13 03:00:00+00:00
[2026-07-13T19:45:59.488+0000] {processor.py:183} INFO - Processing /opt/airflow/dags/dag_etl_camara_diario.py took 0.097 seconds
[2026-07-13T19:46:29.611+0000] {processor.py:161} INFO - Started process (PID=769) to work on /opt/airflow/dags/dag_etl_camara_diario.py
[2026-07-13T19:46:29.611+0000] {processor.py:830} INFO - Processing file /opt/airflow/dags/dag_etl_camara_diario.py for tasks to queue
[2026-07-13T19:46:29.612+0000] {logging_mixin.py:188} INFO - [2026-07-13T19:46:29.612+0000] {dagbag.py:538} INFO - Filling up the DagBag from /opt/airflow/dags/dag_etl_camara_diario.py
[2026-07-13T19:46:29.622+0000] {processor.py:840} INFO - DAG(s) 'dag_etl_camara_diario' retrieved from /opt/airflow/dags/dag_etl_camara_diario.py
[2026-07-13T19:46:29.645+0000] {logging_mixin.py:188} INFO - [2026-07-13T19:46:29.645+0000] {dag.py:3036} INFO - Sync 1 DAGs
[2026-07-13T19:46:29.668+0000] {logging_mixin.py:188} INFO - [2026-07-13T19:46:29.668+0000] {dag.py:3823} INFO - Setting next_dagrun for dag_etl_camara_diario to 2026-07-12 03:00:00+00:00, run_after=2026-07-13 03:00:00+00:00
[2026-07-13T19:46:29.708+0000] {processor.py:183} INFO - Processing /opt/airflow/dags/dag_etl_camara_diario.py took 0.100 seconds
[2026-07-13T19:46:59.826+0000] {processor.py:161} INFO - Started process (PID=784) to work on /opt/airflow/dags/dag_etl_camara_diario.py
[2026-07-13T19:46:59.827+0000] {processor.py:830} INFO - Processing file /opt/airflow/dags/dag_etl_camara_diario.py for tasks to queue
[2026-07-13T19:46:59.827+0000] {logging_mixin.py:188} INFO - [2026-07-13T19:46:59.827+0000] {dagbag.py:538} INFO - Filling up the DagBag from /opt/airflow/dags/dag_etl_camara_diario.py
[2026-07-13T19:46:59.837+0000] {processor.py:840} INFO - DAG(s) 'dag_etl_camara_diario' retrieved from /opt/airflow/dags/dag_etl_camara_diario.py
[2026-07-13T19:46:59.858+0000] {logging_mixin.py:188} INFO - [2026-07-13T19:46:59.858+0000] {dag.py:3036} INFO - Sync 1 DAGs
[2026-07-13T19:46:59.879+0000] {logging_mixin.py:188} INFO - [2026-07-13T19:46:59.879+0000] {dag.py:3823} INFO - Setting next_dagrun for dag_etl_camara_diario to 2026-07-12 03:00:00+00:00, run_after=2026-07-13 03:00:00+00:00
[2026-07-13T19:46:59.893+0000] {processor.py:183} INFO - Processing /opt/airflow/dags/dag_etl_camara_diario.py took 0.070 seconds
[2026-07-13T19:47:30.017+0000] {processor.py:161} INFO - Started process (PID=799) to work on /opt/airflow/dags/dag_etl_camara_diario.py
[2026-07-13T19:47:30.017+0000] {processor.py:830} INFO - Processing file /opt/airflow/dags/dag_etl_camara_diario.py for tasks to queue
[2026-07-13T19:47:30.018+0000] {logging_mixin.py:188} INFO - [2026-07-13T19:47:30.017+0000] {dagbag.py:538} INFO - Filling up the DagBag from /opt/airflow/dags/dag_etl_camara_diario.py
[2026-07-13T19:47:30.027+0000] {processor.py:840} INFO - DAG(s) 'dag_etl_camara_diario' retrieved from /opt/airflow/dags/dag_etl_camara_diario.py
[2026-07-13T19:47:30.049+0000] {logging_mixin.py:188} INFO - [2026-07-13T19:47:30.049+0000] {dag.py:3036} INFO - Sync 1 DAGs
[2026-07-13T19:47:30.070+0000] {logging_mixin.py:188} INFO - [2026-07-13T19:47:30.070+0000] {dag.py:3823} INFO - Setting next_dagrun for dag_etl_camara_diario to 2026-07-12 03:00:00+00:00, run_after=2026-07-13 03:00:00+00:00
[2026-07-13T19:47:30.110+0000] {processor.py:183} INFO - Processing /opt/airflow/dags/dag_etl_camara_diario.py took 0.096 seconds
[2026-07-13T19:48:00.231+0000] {processor.py:161} INFO - Started process (PID=814) to work on /opt/airflow/dags/dag_etl_camara_diario.py
[2026-07-13T19:48:00.232+0000] {processor.py:830} INFO - Processing file /opt/airflow/dags/dag_etl_camara_diario.py for tasks to queue
[2026-07-13T19:48:00.232+0000] {logging_mixin.py:188} INFO - [2026-07-13T19:48:00.232+0000] {dagbag.py:538} INFO - Filling up the DagBag from /opt/airflow/dags/dag_etl_camara_diario.py
[2026-07-13T19:48:00.242+0000] {processor.py:840} INFO - DAG(s) 'dag_etl_camara_diario' retrieved from /opt/airflow/dags/dag_etl_camara_diario.py
[2026-07-13T19:48:00.263+0000] {logging_mixin.py:188} INFO - [2026-07-13T19:48:00.262+0000] {dag.py:3036} INFO - Sync 1 DAGs
[2026-07-13T19:48:00.284+0000] {logging_mixin.py:188} INFO - [2026-07-13T19:48:00.284+0000] {dag.py:3823} INFO - Setting next_dagrun for dag_etl_camara_diario to 2026-07-12 03:00:00+00:00, run_after=2026-07-13 03:00:00+00:00
[2026-07-13T19:48:00.326+0000] {processor.py:183} INFO - Processing /opt/airflow/dags/dag_etl_camara_diario.py took 0.098 seconds
[2026-07-13T19:48:30.447+0000] {processor.py:161} INFO - Started process (PID=829) to work on /opt/airflow/dags/dag_etl_camara_diario.py
[2026-07-13T19:48:30.448+0000] {processor.py:830} INFO - Processing file /opt/airflow/dags/dag_etl_camara_diario.py for tasks to queue
[2026-07-13T19:48:30.449+0000] {logging_mixin.py:188} INFO - [2026-07-13T19:48:30.448+0000] {dagbag.py:538} INFO - Filling up the DagBag from /opt/airflow/dags/dag_etl_camara_diario.py
[2026-07-13T19:48:30.458+0000] {processor.py:840} INFO - DAG(s) 'dag_etl_camara_diario' retrieved from /opt/airflow/dags/dag_etl_camara_diario.py
[2026-07-13T19:48:30.481+0000] {logging_mixin.py:188} INFO - [2026-07-13T19:48:30.480+0000] {dag.py:3036} INFO - Sync 1 DAGs
[2026-07-13T19:48:30.502+0000] {logging_mixin.py:188} INFO - [2026-07-13T19:48:30.501+0000] {dag.py:3823} INFO - Setting next_dagrun for dag_etl_camara_diario to 2026-07-12 03:00:00+00:00, run_after=2026-07-13 03:00:00+00:00
[2026-07-13T19:48:30.545+0000] {processor.py:183} INFO - Processing /opt/airflow/dags/dag_etl_camara_diario.py took 0.100 seconds
[2026-07-13T19:49:00.670+0000] {processor.py:161} INFO - Started process (PID=844) to work on /opt/airflow/dags/dag_etl_camara_diario.py
[2026-07-13T19:49:00.671+0000] {processor.py:830} INFO - Processing file /opt/airflow/dags/dag_etl_camara_diario.py for tasks to queue
[2026-07-13T19:49:00.671+0000] {logging_mixin.py:188} INFO - [2026-07-13T19:49:00.671+0000] {dagbag.py:538} INFO - Filling up the DagBag from /opt/airflow/dags/dag_etl_camara_diario.py
[2026-07-13T19:49:00.680+0000] {processor.py:840} INFO - DAG(s) 'dag_etl_camara_diario' retrieved from /opt/airflow/dags/dag_etl_camara_diario.py
[2026-07-13T19:49:00.703+0000] {logging_mixin.py:188} INFO - [2026-07-13T19:49:00.703+0000] {dag.py:3036} INFO - Sync 1 DAGs
[2026-07-13T19:49:00.725+0000] {logging_mixin.py:188} INFO - [2026-07-13T19:49:00.724+0000] {dag.py:3823} INFO - Setting next_dagrun for dag_etl_camara_diario to 2026-07-12 03:00:00+00:00, run_after=2026-07-13 03:00:00+00:00
[2026-07-13T19:49:00.767+0000] {processor.py:183} INFO - Processing /opt/airflow/dags/dag_etl_camara_diario.py took 0.100 seconds
[2026-07-13T19:49:30.889+0000] {processor.py:161} INFO - Started process (PID=859) to work on /opt/airflow/dags/dag_etl_camara_diario.py
[2026-07-13T19:49:30.890+0000] {processor.py:830} INFO - Processing file /opt/airflow/dags/dag_etl_camara_diario.py for tasks to queue
[2026-07-13T19:49:30.890+0000] {logging_mixin.py:188} INFO - [2026-07-13T19:49:30.890+0000] {dagbag.py:538} INFO - Filling up the DagBag from /opt/airflow/dags/dag_etl_camara_diario.py
[2026-07-13T19:49:30.899+0000] {processor.py:840} INFO - DAG(s) 'dag_etl_camara_diario' retrieved from /opt/airflow/dags/dag_etl_camara_diario.py
[2026-07-13T19:49:30.921+0000] {logging_mixin.py:188} INFO - [2026-07-13T19:49:30.921+0000] {dag.py:3036} INFO - Sync 1 DAGs
[2026-07-13T19:49:30.942+0000] {logging_mixin.py:188} INFO - [2026-07-13T19:49:30.941+0000] {dag.py:3823} INFO - Setting next_dagrun for dag_etl_camara_diario to 2026-07-12 03:00:00+00:00, run_after=2026-07-13 03:00:00+00:00
[2026-07-13T19:49:30.985+0000] {processor.py:183} INFO - Processing /opt/airflow/dags/dag_etl_camara_diario.py took 0.098 seconds
[2026-07-13T19:50:01.108+0000] {processor.py:161} INFO - Started process (PID=874) to work on /opt/airflow/dags/dag_etl_camara_diario.py
[2026-07-13T19:50:01.109+0000] {processor.py:830} INFO - Processing file /opt/airflow/dags/dag_etl_camara_diario.py for tasks to queue
[2026-07-13T19:50:01.109+0000] {logging_mixin.py:188} INFO - [2026-07-13T19:50:01.109+0000] {dagbag.py:538} INFO - Filling up the DagBag from /opt/airflow/dags/dag_etl_camara_diario.py
[2026-07-13T19:50:01.119+0000] {processor.py:840} INFO - DAG(s) 'dag_etl_camara_diario' retrieved from /opt/airflow/dags/dag_etl_camara_diario.py
[2026-07-13T19:50:01.140+0000] {logging_mixin.py:188} INFO - [2026-07-13T19:50:01.140+0000] {dag.py:3036} INFO - Sync 1 DAGs
[2026-07-13T19:50:01.161+0000] {logging_mixin.py:188} INFO - [2026-07-13T19:50:01.161+0000] {dag.py:3823} INFO - Setting next_dagrun for dag_etl_camara_diario to 2026-07-12 03:00:00+00:00, run_after=2026-07-13 03:00:00+00:00
[2026-07-13T19:50:01.205+0000] {processor.py:183} INFO - Processing /opt/airflow/dags/dag_etl_camara_diario.py took 0.100 seconds
[2026-07-13T19:50:31.327+0000] {processor.py:161} INFO - Started process (PID=889) to work on /opt/airflow/dags/dag_etl_camara_diario.py
[2026-07-13T19:50:31.328+0000] {processor.py:830} INFO - Processing file /opt/airflow/dags/dag_etl_camara_diario.py for tasks to queue
[2026-07-13T19:50:31.328+0000] {logging_mixin.py:188} INFO - [2026-07-13T19:50:31.328+0000] {dagbag.py:538} INFO - Filling up the DagBag from /opt/airflow/dags/dag_etl_camara_diario.py
[2026-07-13T19:50:31.338+0000] {processor.py:840} INFO - DAG(s) 'dag_etl_camara_diario' retrieved from /opt/airflow/dags/dag_etl_camara_diario.py
[2026-07-13T19:50:31.359+0000] {logging_mixin.py:188} INFO - [2026-07-13T19:50:31.359+0000] {dag.py:3036} INFO - Sync 1 DAGs
[2026-07-13T19:50:31.381+0000] {logging_mixin.py:188} INFO - [2026-07-13T19:50:31.381+0000] {dag.py:3823} INFO - Setting next_dagrun for dag_etl_camara_diario to 2026-07-12 03:00:00+00:00, run_after=2026-07-13 03:00:00+00:00
[2026-07-13T19:50:31.423+0000] {processor.py:183} INFO - Processing /opt/airflow/dags/dag_etl_camara_diario.py took 0.098 seconds
[2026-07-13T19:51:01.550+0000] {processor.py:161} INFO - Started process (PID=904) to work on /opt/airflow/dags/dag_etl_camara_diario.py
[2026-07-13T19:51:01.551+0000] {processor.py:830} INFO - Processing file /opt/airflow/dags/dag_etl_camara_diario.py for tasks to queue
[2026-07-13T19:51:01.552+0000] {logging_mixin.py:188} INFO - [2026-07-13T19:51:01.552+0000] {dagbag.py:538} INFO - Filling up the DagBag from /opt/airflow/dags/dag_etl_camara_diario.py
[2026-07-13T19:51:01.562+0000] {processor.py:840} INFO - DAG(s) 'dag_etl_camara_diario' retrieved from /opt/airflow/dags/dag_etl_camara_diario.py
[2026-07-13T19:51:01.585+0000] {logging_mixin.py:188} INFO - [2026-07-13T19:51:01.585+0000] {dag.py:3036} INFO - Sync 1 DAGs
[2026-07-13T19:51:01.609+0000] {logging_mixin.py:188} INFO - [2026-07-13T19:51:01.608+0000] {dag.py:3823} INFO - Setting next_dagrun for dag_etl_camara_diario to 2026-07-12 03:00:00+00:00, run_after=2026-07-13 03:00:00+00:00
[2026-07-13T19:51:01.646+0000] {processor.py:183} INFO - Processing /opt/airflow/dags/dag_etl_camara_diario.py took 0.098 seconds
[2026-07-13T19:51:31.775+0000] {processor.py:161} INFO - Started process (PID=919) to work on /opt/airflow/dags/dag_etl_camara_diario.py
[2026-07-13T19:51:31.775+0000] {processor.py:830} INFO - Processing file /opt/airflow/dags/dag_etl_camara_diario.py for tasks to queue
[2026-07-13T19:51:31.776+0000] {logging_mixin.py:188} INFO - [2026-07-13T19:51:31.776+0000] {dagbag.py:538} INFO - Filling up the DagBag from /opt/airflow/dags/dag_etl_camara_diario.py
[2026-07-13T19:51:31.785+0000] {processor.py:840} INFO - DAG(s) 'dag_etl_camara_diario' retrieved from /opt/airflow/dags/dag_etl_camara_diario.py
[2026-07-13T19:51:31.808+0000] {logging_mixin.py:188} INFO - [2026-07-13T19:51:31.808+0000] {dag.py:3036} INFO - Sync 1 DAGs
[2026-07-13T19:51:31.829+0000] {logging_mixin.py:188} INFO - [2026-07-13T19:51:31.829+0000] {dag.py:3823} INFO - Setting next_dagrun for dag_etl_camara_diario to 2026-07-12 03:00:00+00:00, run_after=2026-07-13 03:00:00+00:00
[2026-07-13T19:51:31.854+0000] {processor.py:183} INFO - Processing /opt/airflow/dags/dag_etl_camara_diario.py took 0.082 seconds
[2026-07-13T19:52:01.981+0000] {processor.py:161} INFO - Started process (PID=934) to work on /opt/airflow/dags/dag_etl_camara_diario.py
[2026-07-13T19:52:01.982+0000] {processor.py:830} INFO - Processing file /opt/airflow/dags/dag_etl_camara_diario.py for tasks to queue
[2026-07-13T19:52:01.982+0000] {logging_mixin.py:188} INFO - [2026-07-13T19:52:01.982+0000] {dagbag.py:538} INFO - Filling up the DagBag from /opt/airflow/dags/dag_etl_camara_diario.py
[2026-07-13T19:52:01.992+0000] {processor.py:840} INFO - DAG(s) 'dag_etl_camara_diario' retrieved from /opt/airflow/dags/dag_etl_camara_diario.py
[2026-07-13T19:52:02.015+0000] {logging_mixin.py:188} INFO - [2026-07-13T19:52:02.014+0000] {dag.py:3036} INFO - Sync 1 DAGs
[2026-07-13T19:52:02.037+0000] {logging_mixin.py:188} INFO - [2026-07-13T19:52:02.036+0000] {dag.py:3823} INFO - Setting next_dagrun for dag_etl_camara_diario to 2026-07-12 03:00:00+00:00, run_after=2026-07-13 03:00:00+00:00
[2026-07-13T19:52:02.057+0000] {processor.py:183} INFO - Processing /opt/airflow/dags/dag_etl_camara_diario.py took 0.079 seconds
[2026-07-13T19:52:32.187+0000] {processor.py:161} INFO - Started process (PID=949) to work on /opt/airflow/dags/dag_etl_camara_diario.py
[2026-07-13T19:52:32.188+0000] {processor.py:830} INFO - Processing file /opt/airflow/dags/dag_etl_camara_diario.py for tasks to queue
[2026-07-13T19:52:32.189+0000] {logging_mixin.py:188} INFO - [2026-07-13T19:52:32.189+0000] {dagbag.py:538} INFO - Filling up the DagBag from /opt/airflow/dags/dag_etl_camara_diario.py
[2026-07-13T19:52:32.199+0000] {processor.py:840} INFO - DAG(s) 'dag_etl_camara_diario' retrieved from /opt/airflow/dags/dag_etl_camara_diario.py
[2026-07-13T19:52:32.223+0000] {logging_mixin.py:188} INFO - [2026-07-13T19:52:32.223+0000] {dag.py:3036} INFO - Sync 1 DAGs
[2026-07-13T19:52:32.246+0000] {logging_mixin.py:188} INFO - [2026-07-13T19:52:32.246+0000] {dag.py:3823} INFO - Setting next_dagrun for dag_etl_camara_diario to 2026-07-12 03:00:00+00:00, run_after=2026-07-13 03:00:00+00:00
[2026-07-13T19:52:32.289+0000] {processor.py:183} INFO - Processing /opt/airflow/dags/dag_etl_camara_diario.py took 0.105 seconds
[2026-07-13T19:53:02.411+0000] {processor.py:161} INFO - Started process (PID=964) to work on /opt/airflow/dags/dag_etl_camara_diario.py
[2026-07-13T19:53:02.412+0000] {processor.py:830} INFO - Processing file /opt/airflow/dags/dag_etl_camara_diario.py for tasks to queue
[2026-07-13T19:53:02.412+0000] {logging_mixin.py:188} INFO - [2026-07-13T19:53:02.412+0000] {dagbag.py:538} INFO - Filling up the DagBag from /opt/airflow/dags/dag_etl_camara_diario.py
[2026-07-13T19:53:02.423+0000] {processor.py:840} INFO - DAG(s) 'dag_etl_camara_diario' retrieved from /opt/airflow/dags/dag_etl_camara_diario.py
[2026-07-13T19:53:02.444+0000] {logging_mixin.py:188} INFO - [2026-07-13T19:53:02.444+0000] {dag.py:3036} INFO - Sync 1 DAGs
[2026-07-13T19:53:02.465+0000] {logging_mixin.py:188} INFO - [2026-07-13T19:53:02.465+0000] {dag.py:3823} INFO - Setting next_dagrun for dag_etl_camara_diario to 2026-07-12 03:00:00+00:00, run_after=2026-07-13 03:00:00+00:00
[2026-07-13T19:53:02.509+0000] {processor.py:183} INFO - Processing /opt/airflow/dags/dag_etl_camara_diario.py took 0.100 seconds
[2026-07-13T19:53:32.638+0000] {processor.py:161} INFO - Started process (PID=979) to work on /opt/airflow/dags/dag_etl_camara_diario.py
[2026-07-13T19:53:32.639+0000] {processor.py:830} INFO - Processing file /opt/airflow/dags/dag_etl_camara_diario.py for tasks to queue
[2026-07-13T19:53:32.640+0000] {logging_mixin.py:188} INFO - [2026-07-13T19:53:32.640+0000] {dagbag.py:538} INFO - Filling up the DagBag from /opt/airflow/dags/dag_etl_camara_diario.py
[2026-07-13T19:53:32.649+0000] {processor.py:840} INFO - DAG(s) 'dag_etl_camara_diario' retrieved from /opt/airflow/dags/dag_etl_camara_diario.py
[2026-07-13T19:53:32.672+0000] {logging_mixin.py:188} INFO - [2026-07-13T19:53:32.671+0000] {dag.py:3036} INFO - Sync 1 DAGs
[2026-07-13T19:53:32.695+0000] {logging_mixin.py:188} INFO - [2026-07-13T19:53:32.695+0000] {dag.py:3823} INFO - Setting next_dagrun for dag_etl_camara_diario to 2026-07-12 03:00:00+00:00, run_after=2026-07-13 03:00:00+00:00
[2026-07-13T19:53:32.738+0000] {processor.py:183} INFO - Processing /opt/airflow/dags/dag_etl_camara_diario.py took 0.103 seconds
[2026-07-13T19:54:02.864+0000] {processor.py:161} INFO - Started process (PID=994) to work on /opt/airflow/dags/dag_etl_camara_diario.py
[2026-07-13T19:54:02.865+0000] {processor.py:830} INFO - Processing file /opt/airflow/dags/dag_etl_camara_diario.py for tasks to queue
[2026-07-13T19:54:02.865+0000] {logging_mixin.py:188} INFO - [2026-07-13T19:54:02.865+0000] {dagbag.py:538} INFO - Filling up the DagBag from /opt/airflow/dags/dag_etl_camara_diario.py
[2026-07-13T19:54:02.874+0000] {processor.py:840} INFO - DAG(s) 'dag_etl_camara_diario' retrieved from /opt/airflow/dags/dag_etl_camara_diario.py
[2026-07-13T19:54:02.896+0000] {logging_mixin.py:188} INFO - [2026-07-13T19:54:02.895+0000] {dag.py:3036} INFO - Sync 1 DAGs
[2026-07-13T19:54:02.917+0000] {logging_mixin.py:188} INFO - [2026-07-13T19:54:02.917+0000] {dag.py:3823} INFO - Setting next_dagrun for dag_etl_camara_diario to 2026-07-12 03:00:00+00:00, run_after=2026-07-13 03:00:00+00:00
[2026-07-13T19:54:02.932+0000] {processor.py:183} INFO - Processing /opt/airflow/dags/dag_etl_camara_diario.py took 0.070 seconds
[2026-07-13T19:54:33.059+0000] {processor.py:161} INFO - Started process (PID=1009) to work on /opt/airflow/dags/dag_etl_camara_diario.py
[2026-07-13T19:54:33.059+0000] {processor.py:830} INFO - Processing file /opt/airflow/dags/dag_etl_camara_diario.py for tasks to queue
[2026-07-13T19:54:33.060+0000] {logging_mixin.py:188} INFO - [2026-07-13T19:54:33.060+0000] {dagbag.py:538} INFO - Filling up the DagBag from /opt/airflow/dags/dag_etl_camara_diario.py
[2026-07-13T19:54:33.069+0000] {processor.py:840} INFO - DAG(s) 'dag_etl_camara_diario' retrieved from /opt/airflow/dags/dag_etl_camara_diario.py
[2026-07-13T19:54:33.090+0000] {logging_mixin.py:188} INFO - [2026-07-13T19:54:33.090+0000] {dag.py:3036} INFO - Sync 1 DAGs
[2026-07-13T19:54:33.111+0000] {logging_mixin.py:188} INFO - [2026-07-13T19:54:33.111+0000] {dag.py:3823} INFO - Setting next_dagrun for dag_etl_camara_diario to 2026-07-12 03:00:00+00:00, run_after=2026-07-13 03:00:00+00:00
[2026-07-13T19:54:33.154+0000] {processor.py:183} INFO - Processing /opt/airflow/dags/dag_etl_camara_diario.py took 0.099 seconds
[2026-07-13T19:55:03.273+0000] {processor.py:161} INFO - Started process (PID=1024) to work on /opt/airflow/dags/dag_etl_camara_diario.py
[2026-07-13T19:55:03.274+0000] {processor.py:830} INFO - Processing file /opt/airflow/dags/dag_etl_camara_diario.py for tasks to queue
[2026-07-13T19:55:03.274+0000] {logging_mixin.py:188} INFO - [2026-07-13T19:55:03.274+0000] {dagbag.py:538} INFO - Filling up the DagBag from /opt/airflow/dags/dag_etl_camara_diario.py
[2026-07-13T19:55:03.284+0000] {processor.py:840} INFO - DAG(s) 'dag_etl_camara_diario' retrieved from /opt/airflow/dags/dag_etl_camara_diario.py
[2026-07-13T19:55:03.307+0000] {logging_mixin.py:188} INFO - [2026-07-13T19:55:03.307+0000] {dag.py:3036} INFO - Sync 1 DAGs
[2026-07-13T19:55:03.330+0000] {logging_mixin.py:188} INFO - [2026-07-13T19:55:03.330+0000] {dag.py:3823} INFO - Setting next_dagrun for dag_etl_camara_diario to 2026-07-12 03:00:00+00:00, run_after=2026-07-13 03:00:00+00:00
[2026-07-13T19:55:03.369+0000] {processor.py:183} INFO - Processing /opt/airflow/dags/dag_etl_camara_diario.py took 0.099 seconds
[2026-07-13T19:55:33.494+0000] {processor.py:161} INFO - Started process (PID=1039) to work on /opt/airflow/dags/dag_etl_camara_diario.py
[2026-07-13T19:55:33.495+0000] {processor.py:830} INFO - Processing file /opt/airflow/dags/dag_etl_camara_diario.py for tasks to queue
[2026-07-13T19:55:33.495+0000] {logging_mixin.py:188} INFO - [2026-07-13T19:55:33.495+0000] {dagbag.py:538} INFO - Filling up the DagBag from /opt/airflow/dags/dag_etl_camara_diario.py
[2026-07-13T19:55:33.505+0000] {processor.py:840} INFO - DAG(s) 'dag_etl_camara_diario' retrieved from /opt/airflow/dags/dag_etl_camara_diario.py
[2026-07-13T19:55:33.528+0000] {logging_mixin.py:188} INFO - [2026-07-13T19:55:33.527+0000] {dag.py:3036} INFO - Sync 1 DAGs
[2026-07-13T19:55:33.549+0000] {logging_mixin.py:188} INFO - [2026-07-13T19:55:33.548+0000] {dag.py:3823} INFO - Setting next_dagrun for dag_etl_camara_diario to 2026-07-12 03:00:00+00:00, run_after=2026-07-13 03:00:00+00:00
[2026-07-13T19:55:33.591+0000] {processor.py:183} INFO - Processing /opt/airflow/dags/dag_etl_camara_diario.py took 0.100 seconds
[2026-07-13T19:56:03.719+0000] {processor.py:161} INFO - Started process (PID=1054) to work on /opt/airflow/dags/dag_etl_camara_diario.py
[2026-07-13T19:56:03.720+0000] {processor.py:830} INFO - Processing file /opt/airflow/dags/dag_etl_camara_diario.py for tasks to queue
[2026-07-13T19:56:03.720+0000] {logging_mixin.py:188} INFO - [2026-07-13T19:56:03.720+0000] {dagbag.py:538} INFO - Filling up the DagBag from /opt/airflow/dags/dag_etl_camara_diario.py
[2026-07-13T19:56:03.730+0000] {processor.py:840} INFO - DAG(s) 'dag_etl_camara_diario' retrieved from /opt/airflow/dags/dag_etl_camara_diario.py
[2026-07-13T19:56:03.752+0000] {logging_mixin.py:188} INFO - [2026-07-13T19:56:03.752+0000] {dag.py:3036} INFO - Sync 1 DAGs
[2026-07-13T19:56:03.774+0000] {logging_mixin.py:188} INFO - [2026-07-13T19:56:03.773+0000] {dag.py:3823} INFO - Setting next_dagrun for dag_etl_camara_diario to 2026-07-12 03:00:00+00:00, run_after=2026-07-13 03:00:00+00:00
[2026-07-13T19:56:03.818+0000] {processor.py:183} INFO - Processing /opt/airflow/dags/dag_etl_camara_diario.py took 0.102 seconds
[2026-07-13T19:56:33.961+0000] {processor.py:161} INFO - Started process (PID=1069) to work on /opt/airflow/dags/dag_etl_camara_diario.py
[2026-07-13T19:56:33.962+0000] {processor.py:830} INFO - Processing file /opt/airflow/dags/dag_etl_camara_diario.py for tasks to queue
[2026-07-13T19:56:33.962+0000] {logging_mixin.py:188} INFO - [2026-07-13T19:56:33.962+0000] {dagbag.py:538} INFO - Filling up the DagBag from /opt/airflow/dags/dag_etl_camara_diario.py
[2026-07-13T19:56:33.972+0000] {processor.py:840} INFO - DAG(s) 'dag_etl_camara_diario' retrieved from /opt/airflow/dags/dag_etl_camara_diario.py
[2026-07-13T19:56:33.993+0000] {logging_mixin.py:188} INFO - [2026-07-13T19:56:33.993+0000] {dag.py:3036} INFO - Sync 1 DAGs
[2026-07-13T19:56:34.014+0000] {logging_mixin.py:188} INFO - [2026-07-13T19:56:34.014+0000] {dag.py:3823} INFO - Setting next_dagrun for dag_etl_camara_diario to 2026-07-12 03:00:00+00:00, run_after=2026-07-13 03:00:00+00:00
[2026-07-13T19:56:34.058+0000] {processor.py:183} INFO - Processing /opt/airflow/dags/dag_etl_camara_diario.py took 0.100 seconds
[2026-07-13T19:57:04.180+0000] {processor.py:161} INFO - Started process (PID=1084) to work on /opt/airflow/dags/dag_etl_camara_diario.py
[2026-07-13T19:57:04.181+0000] {processor.py:830} INFO - Processing file /opt/airflow/dags/dag_etl_camara_diario.py for tasks to queue
[2026-07-13T19:57:04.182+0000] {logging_mixin.py:188} INFO - [2026-07-13T19:57:04.181+0000] {dagbag.py:538} INFO - Filling up the DagBag from /opt/airflow/dags/dag_etl_camara_diario.py
[2026-07-13T19:57:04.191+0000] {processor.py:840} INFO - DAG(s) 'dag_etl_camara_diario' retrieved from /opt/airflow/dags/dag_etl_camara_diario.py
[2026-07-13T19:57:04.214+0000] {logging_mixin.py:188} INFO - [2026-07-13T19:57:04.214+0000] {dag.py:3036} INFO - Sync 1 DAGs
[2026-07-13T19:57:04.235+0000] {logging_mixin.py:188} INFO - [2026-07-13T19:57:04.235+0000] {dag.py:3823} INFO - Setting next_dagrun for dag_etl_camara_diario to 2026-07-12 03:00:00+00:00, run_after=2026-07-13 03:00:00+00:00
[2026-07-13T19:57:04.278+0000] {processor.py:183} INFO - Processing /opt/airflow/dags/dag_etl_camara_diario.py took 0.100 seconds
[2026-07-13T19:57:34.401+0000] {processor.py:161} INFO - Started process (PID=1099) to work on /opt/airflow/dags/dag_etl_camara_diario.py
[2026-07-13T19:57:34.402+0000] {processor.py:830} INFO - Processing file /opt/airflow/dags/dag_etl_camara_diario.py for tasks to queue
[2026-07-13T19:57:34.403+0000] {logging_mixin.py:188} INFO - [2026-07-13T19:57:34.403+0000] {dagbag.py:538} INFO - Filling up the DagBag from /opt/airflow/dags/dag_etl_camara_diario.py
[2026-07-13T19:57:34.413+0000] {processor.py:840} INFO - DAG(s) 'dag_etl_camara_diario' retrieved from /opt/airflow/dags/dag_etl_camara_diario.py
[2026-07-13T19:57:34.437+0000] {logging_mixin.py:188} INFO - [2026-07-13T19:57:34.437+0000] {dag.py:3036} INFO - Sync 1 DAGs
[2026-07-13T19:57:34.461+0000] {logging_mixin.py:188} INFO - [2026-07-13T19:57:34.460+0000] {dag.py:3823} INFO - Setting next_dagrun for dag_etl_camara_diario to 2026-07-12 03:00:00+00:00, run_after=2026-07-13 03:00:00+00:00
[2026-07-13T19:57:34.500+0000] {processor.py:183} INFO - Processing /opt/airflow/dags/dag_etl_camara_diario.py took 0.102 seconds
[2026-07-13T19:58:04.626+0000] {processor.py:161} INFO - Started process (PID=1114) to work on /opt/airflow/dags/dag_etl_camara_diario.py
[2026-07-13T19:58:04.627+0000] {processor.py:830} INFO - Processing file /opt/airflow/dags/dag_etl_camara_diario.py for tasks to queue
[2026-07-13T19:58:04.627+0000] {logging_mixin.py:188} INFO - [2026-07-13T19:58:04.627+0000] {dagbag.py:538} INFO - Filling up the DagBag from /opt/airflow/dags/dag_etl_camara_diario.py
[2026-07-13T19:58:04.637+0000] {processor.py:840} INFO - DAG(s) 'dag_etl_camara_diario' retrieved from /opt/airflow/dags/dag_etl_camara_diario.py
[2026-07-13T19:58:04.658+0000] {logging_mixin.py:188} INFO - [2026-07-13T19:58:04.658+0000] {dag.py:3036} INFO - Sync 1 DAGs
[2026-07-13T19:58:04.680+0000] {logging_mixin.py:188} INFO - [2026-07-13T19:58:04.680+0000] {dag.py:3823} INFO - Setting next_dagrun for dag_etl_camara_diario to 2026-07-12 03:00:00+00:00, run_after=2026-07-13 03:00:00+00:00
[2026-07-13T19:58:04.721+0000] {processor.py:183} INFO - Processing /opt/airflow/dags/dag_etl_camara_diario.py took 0.098 seconds
[2026-07-13T19:58:34.843+0000] {processor.py:161} INFO - Started process (PID=1129) to work on /opt/airflow/dags/dag_etl_camara_diario.py
[2026-07-13T19:58:34.844+0000] {processor.py:830} INFO - Processing file /opt/airflow/dags/dag_etl_camara_diario.py for tasks to queue
[2026-07-13T19:58:34.844+0000] {logging_mixin.py:188} INFO - [2026-07-13T19:58:34.844+0000] {dagbag.py:538} INFO - Filling up the DagBag from /opt/airflow/dags/dag_etl_camara_diario.py
[2026-07-13T19:58:34.853+0000] {processor.py:840} INFO - DAG(s) 'dag_etl_camara_diario' retrieved from /opt/airflow/dags/dag_etl_camara_diario.py
[2026-07-13T19:58:34.874+0000] {logging_mixin.py:188} INFO - [2026-07-13T19:58:34.873+0000] {dag.py:3036} INFO - Sync 1 DAGs
[2026-07-13T19:58:34.893+0000] {logging_mixin.py:188} INFO - [2026-07-13T19:58:34.893+0000] {dag.py:3823} INFO - Setting next_dagrun for dag_etl_camara_diario to 2026-07-12 03:00:00+00:00, run_after=2026-07-13 03:00:00+00:00
[2026-07-13T19:58:34.907+0000] {processor.py:183} INFO - Processing /opt/airflow/dags/dag_etl_camara_diario.py took 0.067 seconds
[2026-07-13T19:59:05.028+0000] {processor.py:161} INFO - Started process (PID=1144) to work on /opt/airflow/dags/dag_etl_camara_diario.py
[2026-07-13T19:59:05.029+0000] {processor.py:830} INFO - Processing file /opt/airflow/dags/dag_etl_camara_diario.py for tasks to queue
[2026-07-13T19:59:05.030+0000] {logging_mixin.py:188} INFO - [2026-07-13T19:59:05.030+0000] {dagbag.py:538} INFO - Filling up the DagBag from /opt/airflow/dags/dag_etl_camara_diario.py
[2026-07-13T19:59:05.039+0000] {processor.py:840} INFO - DAG(s) 'dag_etl_camara_diario' retrieved from /opt/airflow/dags/dag_etl_camara_diario.py
[2026-07-13T19:59:05.061+0000] {logging_mixin.py:188} INFO - [2026-07-13T19:59:05.061+0000] {dag.py:3036} INFO - Sync 1 DAGs
[2026-07-13T19:59:05.084+0000] {logging_mixin.py:188} INFO - [2026-07-13T19:59:05.084+0000] {dag.py:3823} INFO - Setting next_dagrun for dag_etl_camara_diario to 2026-07-12 03:00:00+00:00, run_after=2026-07-13 03:00:00+00:00
[2026-07-13T19:59:05.127+0000] {processor.py:183} INFO - Processing /opt/airflow/dags/dag_etl_camara_diario.py took 0.101 seconds
[2026-07-13T19:59:35.250+0000] {processor.py:161} INFO - Started process (PID=1159) to work on /opt/airflow/dags/dag_etl_camara_diario.py
[2026-07-13T19:59:35.251+0000] {processor.py:830} INFO - Processing file /opt/airflow/dags/dag_etl_camara_diario.py for tasks to queue
[2026-07-13T19:59:35.251+0000] {logging_mixin.py:188} INFO - [2026-07-13T19:59:35.251+0000] {dagbag.py:538} INFO - Filling up the DagBag from /opt/airflow/dags/dag_etl_camara_diario.py
[2026-07-13T19:59:35.260+0000] {processor.py:840} INFO - DAG(s) 'dag_etl_camara_diario' retrieved from /opt/airflow/dags/dag_etl_camara_diario.py
[2026-07-13T19:59:35.282+0000] {logging_mixin.py:188} INFO - [2026-07-13T19:59:35.282+0000] {dag.py:3036} INFO - Sync 1 DAGs
[2026-07-13T19:59:35.305+0000] {logging_mixin.py:188} INFO - [2026-07-13T19:59:35.305+0000] {dag.py:3823} INFO - Setting next_dagrun for dag_etl_camara_diario to 2026-07-12 03:00:00+00:00, run_after=2026-07-13 03:00:00+00:00
[2026-07-13T19:59:35.350+0000] {processor.py:183} INFO - Processing /opt/airflow/dags/dag_etl_camara_diario.py took 0.103 seconds
[2026-07-13T20:00:05.477+0000] {processor.py:161} INFO - Started process (PID=1174) to work on /opt/airflow/dags/dag_etl_camara_diario.py
[2026-07-13T20:00:05.477+0000] {processor.py:830} INFO - Processing file /opt/airflow/dags/dag_etl_camara_diario.py for tasks to queue
[2026-07-13T20:00:05.478+0000] {logging_mixin.py:188} INFO - [2026-07-13T20:00:05.478+0000] {dagbag.py:538} INFO - Filling up the DagBag from /opt/airflow/dags/dag_etl_camara_diario.py
[2026-07-13T20:00:05.487+0000] {processor.py:840} INFO - DAG(s) 'dag_etl_camara_diario' retrieved from /opt/airflow/dags/dag_etl_camara_diario.py
[2026-07-13T20:00:05.510+0000] {logging_mixin.py:188} INFO - [2026-07-13T20:00:05.510+0000] {dag.py:3036} INFO - Sync 1 DAGs
[2026-07-13T20:00:05.532+0000] {logging_mixin.py:188} INFO - [2026-07-13T20:00:05.532+0000] {dag.py:3823} INFO - Setting next_dagrun for dag_etl_camara_diario to 2026-07-12 03:00:00+00:00, run_after=2026-07-13 03:00:00+00:00
[2026-07-13T20:00:05.576+0000] {processor.py:183} INFO - Processing /opt/airflow/dags/dag_etl_camara_diario.py took 0.102 seconds
[2026-07-13T20:00:35.700+0000] {processor.py:161} INFO - Started process (PID=1189) to work on /opt/airflow/dags/dag_etl_camara_diario.py
[2026-07-13T20:00:35.700+0000] {processor.py:830} INFO - Processing file /opt/airflow/dags/dag_etl_camara_diario.py for tasks to queue
[2026-07-13T20:00:35.701+0000] {logging_mixin.py:188} INFO - [2026-07-13T20:00:35.701+0000] {dagbag.py:538} INFO - Filling up the DagBag from /opt/airflow/dags/dag_etl_camara_diario.py
[2026-07-13T20:00:35.710+0000] {processor.py:840} INFO - DAG(s) 'dag_etl_camara_diario' retrieved from /opt/airflow/dags/dag_etl_camara_diario.py
[2026-07-13T20:00:35.731+0000] {logging_mixin.py:188} INFO - [2026-07-13T20:00:35.730+0000] {dag.py:3036} INFO - Sync 1 DAGs
[2026-07-13T20:00:35.751+0000] {logging_mixin.py:188} INFO - [2026-07-13T20:00:35.751+0000] {dag.py:3823} INFO - Setting next_dagrun for dag_etl_camara_diario to 2026-07-12 03:00:00+00:00, run_after=2026-07-13 03:00:00+00:00
[2026-07-13T20:00:35.797+0000] {processor.py:183} INFO - Processing /opt/airflow/dags/dag_etl_camara_diario.py took 0.100 seconds
[2026-07-13T20:01:05.919+0000] {processor.py:161} INFO - Started process (PID=1204) to work on /opt/airflow/dags/dag_etl_camara_diario.py
[2026-07-13T20:01:05.920+0000] {processor.py:830} INFO - Processing file /opt/airflow/dags/dag_etl_camara_diario.py for tasks to queue
[2026-07-13T20:01:05.921+0000] {logging_mixin.py:188} INFO - [2026-07-13T20:01:05.921+0000] {dagbag.py:538} INFO - Filling up the DagBag from /opt/airflow/dags/dag_etl_camara_diario.py
[2026-07-13T20:01:05.931+0000] {processor.py:840} INFO - DAG(s) 'dag_etl_camara_diario' retrieved from /opt/airflow/dags/dag_etl_camara_diario.py
[2026-07-13T20:01:05.954+0000] {logging_mixin.py:188} INFO - [2026-07-13T20:01:05.953+0000] {dag.py:3036} INFO - Sync 1 DAGs
[2026-07-13T20:01:05.975+0000] {logging_mixin.py:188} INFO - [2026-07-13T20:01:05.975+0000] {dag.py:3823} INFO - Setting next_dagrun for dag_etl_camara_diario to 2026-07-12 03:00:00+00:00, run_after=2026-07-13 03:00:00+00:00
[2026-07-13T20:01:06.017+0000] {processor.py:183} INFO - Processing /opt/airflow/dags/dag_etl_camara_diario.py took 0.101 seconds
[2026-07-13T20:01:36.153+0000] {processor.py:161} INFO - Started process (PID=1219) to work on /opt/airflow/dags/dag_etl_camara_diario.py
[2026-07-13T20:01:36.153+0000] {processor.py:830} INFO - Processing file /opt/airflow/dags/dag_etl_camara_diario.py for tasks to queue
[2026-07-13T20:01:36.154+0000] {logging_mixin.py:188} INFO - [2026-07-13T20:01:36.154+0000] {dagbag.py:538} INFO - Filling up the DagBag from /opt/airflow/dags/dag_etl_camara_diario.py
[2026-07-13T20:01:36.163+0000] {processor.py:840} INFO - DAG(s) 'dag_etl_camara_diario' retrieved from /opt/airflow/dags/dag_etl_camara_diario.py
[2026-07-13T20:01:36.185+0000] {logging_mixin.py:188} INFO - [2026-07-13T20:01:36.185+0000] {dag.py:3036} INFO - Sync 1 DAGs
[2026-07-13T20:01:36.207+0000] {logging_mixin.py:188} INFO - [2026-07-13T20:01:36.207+0000] {dag.py:3823} INFO - Setting next_dagrun for dag_etl_camara_diario to 2026-07-12 03:00:00+00:00, run_after=2026-07-13 03:00:00+00:00
[2026-07-13T20:01:36.251+0000] {processor.py:183} INFO - Processing /opt/airflow/dags/dag_etl_camara_diario.py took 0.101 seconds
[2026-07-13T20:02:06.374+0000] {processor.py:161} INFO - Started process (PID=1234) to work on /opt/airflow/dags/dag_etl_camara_diario.py
[2026-07-13T20:02:06.375+0000] {processor.py:830} INFO - Processing file /opt/airflow/dags/dag_etl_camara_diario.py for tasks to queue
[2026-07-13T20:02:06.375+0000] {logging_mixin.py:188} INFO - [2026-07-13T20:02:06.375+0000] {dagbag.py:538} INFO - Filling up the DagBag from /opt/airflow/dags/dag_etl_camara_diario.py
[2026-07-13T20:02:06.385+0000] {processor.py:840} INFO - DAG(s) 'dag_etl_camara_diario' retrieved from /opt/airflow/dags/dag_etl_camara_diario.py
[2026-07-13T20:02:06.406+0000] {logging_mixin.py:188} INFO - [2026-07-13T20:02:06.406+0000] {dag.py:3036} INFO - Sync 1 DAGs
[2026-07-13T20:02:06.427+0000] {logging_mixin.py:188} INFO - [2026-07-13T20:02:06.427+0000] {dag.py:3823} INFO - Setting next_dagrun for dag_etl_camara_diario to 2026-07-12 03:00:00+00:00, run_after=2026-07-13 03:00:00+00:00
[2026-07-13T20:02:06.471+0000] {processor.py:183} INFO - Processing /opt/airflow/dags/dag_etl_camara_diario.py took 0.100 seconds
[2026-07-13T20:02:36.595+0000] {processor.py:161} INFO - Started process (PID=1249) to work on /opt/airflow/dags/dag_etl_camara_diario.py
[2026-07-13T20:02:36.596+0000] {processor.py:830} INFO - Processing file /opt/airflow/dags/dag_etl_camara_diario.py for tasks to queue
[2026-07-13T20:02:36.596+0000] {logging_mixin.py:188} INFO - [2026-07-13T20:02:36.596+0000] {dagbag.py:538} INFO - Filling up the DagBag from /opt/airflow/dags/dag_etl_camara_diario.py
[2026-07-13T20:02:36.606+0000] {processor.py:840} INFO - DAG(s) 'dag_etl_camara_diario' retrieved from /opt/airflow/dags/dag_etl_camara_diario.py
[2026-07-13T20:02:36.629+0000] {logging_mixin.py:188} INFO - [2026-07-13T20:02:36.629+0000] {dag.py:3036} INFO - Sync 1 DAGs
[2026-07-13T20:02:36.651+0000] {logging_mixin.py:188} INFO - [2026-07-13T20:02:36.651+0000] {dag.py:3823} INFO - Setting next_dagrun for dag_etl_camara_diario to 2026-07-12 03:00:00+00:00, run_after=2026-07-13 03:00:00+00:00
[2026-07-13T20:02:36.672+0000] {processor.py:183} INFO - Processing /opt/airflow/dags/dag_etl_camara_diario.py took 0.081 seconds
[2026-07-13T20:03:06.793+0000] {processor.py:161} INFO - Started process (PID=1264) to work on /opt/airflow/dags/dag_etl_camara_diario.py
[2026-07-13T20:03:06.794+0000] {processor.py:830} INFO - Processing file /opt/airflow/dags/dag_etl_camara_diario.py for tasks to queue
[2026-07-13T20:03:06.795+0000] {logging_mixin.py:188} INFO - [2026-07-13T20:03:06.795+0000] {dagbag.py:538} INFO - Filling up the DagBag from /opt/airflow/dags/dag_etl_camara_diario.py
[2026-07-13T20:03:06.804+0000] {processor.py:840} INFO - DAG(s) 'dag_etl_camara_diario' retrieved from /opt/airflow/dags/dag_etl_camara_diario.py
[2026-07-13T20:03:06.825+0000] {logging_mixin.py:188} INFO - [2026-07-13T20:03:06.825+0000] {dag.py:3036} INFO - Sync 1 DAGs
[2026-07-13T20:03:06.846+0000] {logging_mixin.py:188} INFO - [2026-07-13T20:03:06.846+0000] {dag.py:3823} INFO - Setting next_dagrun for dag_etl_camara_diario to 2026-07-12 03:00:00+00:00, run_after=2026-07-13 03:00:00+00:00
[2026-07-13T20:03:06.891+0000] {processor.py:183} INFO - Processing /opt/airflow/dags/dag_etl_camara_diario.py took 0.100 seconds
[2026-07-13T20:03:37.017+0000] {processor.py:161} INFO - Started process (PID=1279) to work on /opt/airflow/dags/dag_etl_camara_diario.py
[2026-07-13T20:03:37.018+0000] {processor.py:830} INFO - Processing file /opt/airflow/dags/dag_etl_camara_diario.py for tasks to queue
[2026-07-13T20:03:37.018+0000] {logging_mixin.py:188} INFO - [2026-07-13T20:03:37.018+0000] {dagbag.py:538} INFO - Filling up the DagBag from /opt/airflow/dags/dag_etl_camara_diario.py
[2026-07-13T20:03:37.028+0000] {processor.py:840} INFO - DAG(s) 'dag_etl_camara_diario' retrieved from /opt/airflow/dags/dag_etl_camara_diario.py
[2026-07-13T20:03:37.050+0000] {logging_mixin.py:188} INFO - [2026-07-13T20:03:37.050+0000] {dag.py:3036} INFO - Sync 1 DAGs
[2026-07-13T20:03:37.072+0000] {logging_mixin.py:188} INFO - [2026-07-13T20:03:37.071+0000] {dag.py:3823} INFO - Setting next_dagrun for dag_etl_camara_diario to 2026-07-12 03:00:00+00:00, run_after=2026-07-13 03:00:00+00:00
[2026-07-13T20:03:37.118+0000] {processor.py:183} INFO - Processing /opt/airflow/dags/dag_etl_camara_diario.py took 0.103 seconds
[2026-07-13T20:04:07.243+0000] {processor.py:161} INFO - Started process (PID=1294) to work on /opt/airflow/dags/dag_etl_camara_diario.py
[2026-07-13T20:04:07.244+0000] {processor.py:830} INFO - Processing file /opt/airflow/dags/dag_etl_camara_diario.py for tasks to queue
[2026-07-13T20:04:07.245+0000] {logging_mixin.py:188} INFO - [2026-07-13T20:04:07.244+0000] {dagbag.py:538} INFO - Filling up the DagBag from /opt/airflow/dags/dag_etl_camara_diario.py
[2026-07-13T20:04:07.255+0000] {processor.py:840} INFO - DAG(s) 'dag_etl_camara_diario' retrieved from /opt/airflow/dags/dag_etl_camara_diario.py
[2026-07-13T20:04:07.278+0000] {logging_mixin.py:188} INFO - [2026-07-13T20:04:07.278+0000] {dag.py:3036} INFO - Sync 1 DAGs
[2026-07-13T20:04:07.300+0000] {logging_mixin.py:188} INFO - [2026-07-13T20:04:07.300+0000] {dag.py:3823} INFO - Setting next_dagrun for dag_etl_camara_diario to 2026-07-12 03:00:00+00:00, run_after=2026-07-13 03:00:00+00:00
[2026-07-13T20:04:07.313+0000] {processor.py:183} INFO - Processing /opt/airflow/dags/dag_etl_camara_diario.py took 0.073 seconds
[2026-07-13T20:04:37.442+0000] {processor.py:161} INFO - Started process (PID=1309) to work on /opt/airflow/dags/dag_etl_camara_diario.py
[2026-07-13T20:04:37.443+0000] {processor.py:830} INFO - Processing file /opt/airflow/dags/dag_etl_camara_diario.py for tasks to queue
[2026-07-13T20:04:37.444+0000] {logging_mixin.py:188} INFO - [2026-07-13T20:04:37.443+0000] {dagbag.py:538} INFO - Filling up the DagBag from /opt/airflow/dags/dag_etl_camara_diario.py
[2026-07-13T20:04:37.452+0000] {processor.py:840} INFO - DAG(s) 'dag_etl_camara_diario' retrieved from /opt/airflow/dags/dag_etl_camara_diario.py
[2026-07-13T20:04:37.473+0000] {logging_mixin.py:188} INFO - [2026-07-13T20:04:37.473+0000] {dag.py:3036} INFO - Sync 1 DAGs
[2026-07-13T20:04:37.495+0000] {logging_mixin.py:188} INFO - [2026-07-13T20:04:37.494+0000] {dag.py:3823} INFO - Setting next_dagrun for dag_etl_camara_diario to 2026-07-12 03:00:00+00:00, run_after=2026-07-13 03:00:00+00:00
[2026-07-13T20:04:37.538+0000] {processor.py:183} INFO - Processing /opt/airflow/dags/dag_etl_camara_diario.py took 0.099 seconds
[2026-07-13T20:05:07.659+0000] {processor.py:161} INFO - Started process (PID=1324) to work on /opt/airflow/dags/dag_etl_camara_diario.py
[2026-07-13T20:05:07.660+0000] {processor.py:830} INFO - Processing file /opt/airflow/dags/dag_etl_camara_diario.py for tasks to queue
[2026-07-13T20:05:07.660+0000] {logging_mixin.py:188} INFO - [2026-07-13T20:05:07.660+0000] {dagbag.py:538} INFO - Filling up the DagBag from /opt/airflow/dags/dag_etl_camara_diario.py
[2026-07-13T20:05:07.669+0000] {processor.py:840} INFO - DAG(s) 'dag_etl_camara_diario' retrieved from /opt/airflow/dags/dag_etl_camara_diario.py
[2026-07-13T20:05:07.692+0000] {logging_mixin.py:188} INFO - [2026-07-13T20:05:07.692+0000] {dag.py:3036} INFO - Sync 1 DAGs
[2026-07-13T20:05:07.715+0000] {logging_mixin.py:188} INFO - [2026-07-13T20:05:07.715+0000] {dag.py:3823} INFO - Setting next_dagrun for dag_etl_camara_diario to 2026-07-12 03:00:00+00:00, run_after=2026-07-13 03:00:00+00:00
[2026-07-13T20:05:07.759+0000] {processor.py:183} INFO - Processing /opt/airflow/dags/dag_etl_camara_diario.py took 0.103 seconds
[2026-07-13T20:05:37.885+0000] {processor.py:161} INFO - Started process (PID=1339) to work on /opt/airflow/dags/dag_etl_camara_diario.py
[2026-07-13T20:05:37.886+0000] {processor.py:830} INFO - Processing file /opt/airflow/dags/dag_etl_camara_diario.py for tasks to queue
[2026-07-13T20:05:37.887+0000] {logging_mixin.py:188} INFO - [2026-07-13T20:05:37.886+0000] {dagbag.py:538} INFO - Filling up the DagBag from /opt/airflow/dags/dag_etl_camara_diario.py
[2026-07-13T20:05:37.897+0000] {processor.py:840} INFO - DAG(s) 'dag_etl_camara_diario' retrieved from /opt/airflow/dags/dag_etl_camara_diario.py
[2026-07-13T20:05:37.919+0000] {logging_mixin.py:188} INFO - [2026-07-13T20:05:37.918+0000] {dag.py:3036} INFO - Sync 1 DAGs
[2026-07-13T20:05:37.940+0000] {logging_mixin.py:188} INFO - [2026-07-13T20:05:37.940+0000] {dag.py:3823} INFO - Setting next_dagrun for dag_etl_camara_diario to 2026-07-12 03:00:00+00:00, run_after=2026-07-13 03:00:00+00:00
[2026-07-13T20:05:37.982+0000] {processor.py:183} INFO - Processing /opt/airflow/dags/dag_etl_camara_diario.py took 0.100 seconds
[2026-07-13T20:06:08.102+0000] {processor.py:161} INFO - Started process (PID=1354) to work on /opt/airflow/dags/dag_etl_camara_diario.py
[2026-07-13T20:06:08.103+0000] {processor.py:830} INFO - Processing file /opt/airflow/dags/dag_etl_camara_diario.py for tasks to queue
[2026-07-13T20:06:08.104+0000] {logging_mixin.py:188} INFO - [2026-07-13T20:06:08.104+0000] {dagbag.py:538} INFO - Filling up the DagBag from /opt/airflow/dags/dag_etl_camara_diario.py
[2026-07-13T20:06:08.115+0000] {processor.py:840} INFO - DAG(s) 'dag_etl_camara_diario' retrieved from /opt/airflow/dags/dag_etl_camara_diario.py
[2026-07-13T20:06:08.138+0000] {logging_mixin.py:188} INFO - [2026-07-13T20:06:08.138+0000] {dag.py:3036} INFO - Sync 1 DAGs
[2026-07-13T20:06:08.159+0000] {logging_mixin.py:188} INFO - [2026-07-13T20:06:08.159+0000] {dag.py:3823} INFO - Setting next_dagrun for dag_etl_camara_diario to 2026-07-12 03:00:00+00:00, run_after=2026-07-13 03:00:00+00:00
[2026-07-13T20:06:08.172+0000] {processor.py:183} INFO - Processing /opt/airflow/dags/dag_etl_camara_diario.py took 0.073 seconds
[2026-07-13T20:06:38.301+0000] {processor.py:161} INFO - Started process (PID=1369) to work on /opt/airflow/dags/dag_etl_camara_diario.py
[2026-07-13T20:06:38.301+0000] {processor.py:830} INFO - Processing file /opt/airflow/dags/dag_etl_camara_diario.py for tasks to queue
[2026-07-13T20:06:38.302+0000] {logging_mixin.py:188} INFO - [2026-07-13T20:06:38.302+0000] {dagbag.py:538} INFO - Filling up the DagBag from /opt/airflow/dags/dag_etl_camara_diario.py
[2026-07-13T20:06:38.310+0000] {processor.py:840} INFO - DAG(s) 'dag_etl_camara_diario' retrieved from /opt/airflow/dags/dag_etl_camara_diario.py
[2026-07-13T20:06:38.333+0000] {logging_mixin.py:188} INFO - [2026-07-13T20:06:38.332+0000] {dag.py:3036} INFO - Sync 1 DAGs
[2026-07-13T20:06:38.354+0000] {logging_mixin.py:188} INFO - [2026-07-13T20:06:38.353+0000] {dag.py:3823} INFO - Setting next_dagrun for dag_etl_camara_diario to 2026-07-12 03:00:00+00:00, run_after=2026-07-13 03:00:00+00:00
[2026-07-13T20:06:38.399+0000] {processor.py:183} INFO - Processing /opt/airflow/dags/dag_etl_camara_diario.py took 0.100 seconds
[2026-07-13T20:07:08.521+0000] {processor.py:161} INFO - Started process (PID=1384) to work on /opt/airflow/dags/dag_etl_camara_diario.py
[2026-07-13T20:07:08.522+0000] {processor.py:830} INFO - Processing file /opt/airflow/dags/dag_etl_camara_diario.py for tasks to queue
[2026-07-13T20:07:08.523+0000] {logging_mixin.py:188} INFO - [2026-07-13T20:07:08.523+0000] {dagbag.py:538} INFO - Filling up the DagBag from /opt/airflow/dags/dag_etl_camara_diario.py
[2026-07-13T20:07:08.533+0000] {processor.py:840} INFO - DAG(s) 'dag_etl_camara_diario' retrieved from /opt/airflow/dags/dag_etl_camara_diario.py
[2026-07-13T20:07:08.554+0000] {logging_mixin.py:188} INFO - [2026-07-13T20:07:08.554+0000] {dag.py:3036} INFO - Sync 1 DAGs
[2026-07-13T20:07:08.576+0000] {logging_mixin.py:188} INFO - [2026-07-13T20:07:08.576+0000] {dag.py:3823} INFO - Setting next_dagrun for dag_etl_camara_diario to 2026-07-12 03:00:00+00:00, run_after=2026-07-13 03:00:00+00:00
[2026-07-13T20:07:08.590+0000] {processor.py:183} INFO - Processing /opt/airflow/dags/dag_etl_camara_diario.py took 0.072 seconds
[2026-07-13T20:07:38.726+0000] {processor.py:161} INFO - Started process (PID=1399) to work on /opt/airflow/dags/dag_etl_camara_diario.py
[2026-07-13T20:07:38.726+0000] {processor.py:830} INFO - Processing file /opt/airflow/dags/dag_etl_camara_diario.py for tasks to queue
[2026-07-13T20:07:38.727+0000] {logging_mixin.py:188} INFO - [2026-07-13T20:07:38.727+0000] {dagbag.py:538} INFO - Filling up the DagBag from /opt/airflow/dags/dag_etl_camara_diario.py
[2026-07-13T20:07:38.736+0000] {processor.py:840} INFO - DAG(s) 'dag_etl_camara_diario' retrieved from /opt/airflow/dags/dag_etl_camara_diario.py
[2026-07-13T20:07:38.757+0000] {logging_mixin.py:188} INFO - [2026-07-13T20:07:38.757+0000] {dag.py:3036} INFO - Sync 1 DAGs
[2026-07-13T20:07:38.778+0000] {logging_mixin.py:188} INFO - [2026-07-13T20:07:38.778+0000] {dag.py:3823} INFO - Setting next_dagrun for dag_etl_camara_diario to 2026-07-12 03:00:00+00:00, run_after=2026-07-13 03:00:00+00:00
[2026-07-13T20:07:38.824+0000] {processor.py:183} INFO - Processing /opt/airflow/dags/dag_etl_camara_diario.py took 0.101 seconds
[2026-07-13T20:08:08.950+0000] {processor.py:161} INFO - Started process (PID=1414) to work on /opt/airflow/dags/dag_etl_camara_diario.py
[2026-07-13T20:08:08.951+0000] {processor.py:830} INFO - Processing file /opt/airflow/dags/dag_etl_camara_diario.py for tasks to queue
[2026-07-13T20:08:08.951+0000] {logging_mixin.py:188} INFO - [2026-07-13T20:08:08.951+0000] {dagbag.py:538} INFO - Filling up the DagBag from /opt/airflow/dags/dag_etl_camara_diario.py
[2026-07-13T20:08:08.960+0000] {processor.py:840} INFO - DAG(s) 'dag_etl_camara_diario' retrieved from /opt/airflow/dags/dag_etl_camara_diario.py
[2026-07-13T20:08:08.983+0000] {logging_mixin.py:188} INFO - [2026-07-13T20:08:08.982+0000] {dag.py:3036} INFO - Sync 1 DAGs
[2026-07-13T20:08:09.003+0000] {logging_mixin.py:188} INFO - [2026-07-13T20:08:09.003+0000] {dag.py:3823} INFO - Setting next_dagrun for dag_etl_camara_diario to 2026-07-12 03:00:00+00:00, run_after=2026-07-13 03:00:00+00:00
[2026-07-13T20:08:09.049+0000] {processor.py:183} INFO - Processing /opt/airflow/dags/dag_etl_camara_diario.py took 0.102 seconds
[2026-07-13T20:08:39.181+0000] {processor.py:161} INFO - Started process (PID=1429) to work on /opt/airflow/dags/dag_etl_camara_diario.py
[2026-07-13T20:08:39.181+0000] {processor.py:830} INFO - Processing file /opt/airflow/dags/dag_etl_camara_diario.py for tasks to queue
[2026-07-13T20:08:39.182+0000] {logging_mixin.py:188} INFO - [2026-07-13T20:08:39.182+0000] {dagbag.py:538} INFO - Filling up the DagBag from /opt/airflow/dags/dag_etl_camara_diario.py
[2026-07-13T20:08:39.191+0000] {processor.py:840} INFO - DAG(s) 'dag_etl_camara_diario' retrieved from /opt/airflow/dags/dag_etl_camara_diario.py
[2026-07-13T20:08:39.213+0000] {logging_mixin.py:188} INFO - [2026-07-13T20:08:39.213+0000] {dag.py:3036} INFO - Sync 1 DAGs
[2026-07-13T20:08:39.233+0000] {logging_mixin.py:188} INFO - [2026-07-13T20:08:39.233+0000] {dag.py:3823} INFO - Setting next_dagrun for dag_etl_camara_diario to 2026-07-12 03:00:00+00:00, run_after=2026-07-13 03:00:00+00:00
[2026-07-13T20:08:39.281+0000] {processor.py:183} INFO - Processing /opt/airflow/dags/dag_etl_camara_diario.py took 0.103 seconds
[2026-07-13T20:09:09.399+0000] {processor.py:161} INFO - Started process (PID=1444) to work on /opt/airflow/dags/dag_etl_camara_diario.py
[2026-07-13T20:09:09.400+0000] {processor.py:830} INFO - Processing file /opt/airflow/dags/dag_etl_camara_diario.py for tasks to queue
[2026-07-13T20:09:09.401+0000] {logging_mixin.py:188} INFO - [2026-07-13T20:09:09.401+0000] {dagbag.py:538} INFO - Filling up the DagBag from /opt/airflow/dags/dag_etl_camara_diario.py
[2026-07-13T20:09:09.409+0000] {processor.py:840} INFO - DAG(s) 'dag_etl_camara_diario' retrieved from /opt/airflow/dags/dag_etl_camara_diario.py
[2026-07-13T20:09:09.431+0000] {logging_mixin.py:188} INFO - [2026-07-13T20:09:09.431+0000] {dag.py:3036} INFO - Sync 1 DAGs
[2026-07-13T20:09:09.452+0000] {logging_mixin.py:188} INFO - [2026-07-13T20:09:09.452+0000] {dag.py:3823} INFO - Setting next_dagrun for dag_etl_camara_diario to 2026-07-12 03:00:00+00:00, run_after=2026-07-13 03:00:00+00:00
[2026-07-13T20:09:09.501+0000] {processor.py:183} INFO - Processing /opt/airflow/dags/dag_etl_camara_diario.py took 0.104 seconds
[2026-07-13T20:09:39.624+0000] {processor.py:161} INFO - Started process (PID=1459) to work on /opt/airflow/dags/dag_etl_camara_diario.py
[2026-07-13T20:09:39.625+0000] {processor.py:830} INFO - Processing file /opt/airflow/dags/dag_etl_camara_diario.py for tasks to queue
[2026-07-13T20:09:39.625+0000] {logging_mixin.py:188} INFO - [2026-07-13T20:09:39.625+0000] {dagbag.py:538} INFO - Filling up the DagBag from /opt/airflow/dags/dag_etl_camara_diario.py
[2026-07-13T20:09:39.634+0000] {processor.py:840} INFO - DAG(s) 'dag_etl_camara_diario' retrieved from /opt/airflow/dags/dag_etl_camara_diario.py
[2026-07-13T20:09:39.655+0000] {logging_mixin.py:188} INFO - [2026-07-13T20:09:39.655+0000] {dag.py:3036} INFO - Sync 1 DAGs
[2026-07-13T20:09:39.677+0000] {logging_mixin.py:188} INFO - [2026-07-13T20:09:39.677+0000] {dag.py:3823} INFO - Setting next_dagrun for dag_etl_camara_diario to 2026-07-12 03:00:00+00:00, run_after=2026-07-13 03:00:00+00:00
[2026-07-13T20:09:39.726+0000] {processor.py:183} INFO - Processing /opt/airflow/dags/dag_etl_camara_diario.py took 0.104 seconds
[2026-07-13T20:10:09.761+0000] {processor.py:161} INFO - Started process (PID=1474) to work on /opt/airflow/dags/dag_etl_camara_diario.py
[2026-07-13T20:10:09.762+0000] {processor.py:830} INFO - Processing file /opt/airflow/dags/dag_etl_camara_diario.py for tasks to queue
[2026-07-13T20:10:09.763+0000] {logging_mixin.py:188} INFO - [2026-07-13T20:10:09.763+0000] {dagbag.py:538} INFO - Filling up the DagBag from /opt/airflow/dags/dag_etl_camara_diario.py
[2026-07-13T20:10:09.773+0000] {processor.py:840} INFO - DAG(s) 'dag_etl_camara_diario' retrieved from /opt/airflow/dags/dag_etl_camara_diario.py
[2026-07-13T20:10:09.793+0000] {logging_mixin.py:188} INFO - [2026-07-13T20:10:09.793+0000] {dag.py:3036} INFO - Sync 1 DAGs
[2026-07-13T20:10:09.816+0000] {logging_mixin.py:188} INFO - [2026-07-13T20:10:09.816+0000] {dag.py:3823} INFO - Setting next_dagrun for dag_etl_camara_diario to 2026-07-12 03:00:00+00:00, run_after=2026-07-13 03:00:00+00:00
[2026-07-13T20:10:09.861+0000] {processor.py:183} INFO - Processing /opt/airflow/dags/dag_etl_camara_diario.py took 0.103 seconds
[2026-07-13T20:10:39.990+0000] {processor.py:161} INFO - Started process (PID=1489) to work on /opt/airflow/dags/dag_etl_camara_diario.py
[2026-07-13T20:10:39.991+0000] {processor.py:830} INFO - Processing file /opt/airflow/dags/dag_etl_camara_diario.py for tasks to queue
[2026-07-13T20:10:39.991+0000] {logging_mixin.py:188} INFO - [2026-07-13T20:10:39.991+0000] {dagbag.py:538} INFO - Filling up the DagBag from /opt/airflow/dags/dag_etl_camara_diario.py
[2026-07-13T20:10:40.001+0000] {processor.py:840} INFO - DAG(s) 'dag_etl_camara_diario' retrieved from /opt/airflow/dags/dag_etl_camara_diario.py
[2026-07-13T20:10:40.023+0000] {logging_mixin.py:188} INFO - [2026-07-13T20:10:40.023+0000] {dag.py:3036} INFO - Sync 1 DAGs
[2026-07-13T20:10:40.045+0000] {logging_mixin.py:188} INFO - [2026-07-13T20:10:40.045+0000] {dag.py:3823} INFO - Setting next_dagrun for dag_etl_camara_diario to 2026-07-12 03:00:00+00:00, run_after=2026-07-13 03:00:00+00:00
[2026-07-13T20:10:40.091+0000] {processor.py:183} INFO - Processing /opt/airflow/dags/dag_etl_camara_diario.py took 0.104 seconds
[2026-07-13T20:11:10.215+0000] {processor.py:161} INFO - Started process (PID=1504) to work on /opt/airflow/dags/dag_etl_camara_diario.py
[2026-07-13T20:11:10.216+0000] {processor.py:830} INFO - Processing file /opt/airflow/dags/dag_etl_camara_diario.py for tasks to queue
[2026-07-13T20:11:10.217+0000] {logging_mixin.py:188} INFO - [2026-07-13T20:11:10.217+0000] {dagbag.py:538} INFO - Filling up the DagBag from /opt/airflow/dags/dag_etl_camara_diario.py
[2026-07-13T20:11:10.226+0000] {processor.py:840} INFO - DAG(s) 'dag_etl_camara_diario' retrieved from /opt/airflow/dags/dag_etl_camara_diario.py
[2026-07-13T20:11:10.247+0000] {logging_mixin.py:188} INFO - [2026-07-13T20:11:10.247+0000] {dag.py:3036} INFO - Sync 1 DAGs
[2026-07-13T20:11:10.267+0000] {logging_mixin.py:188} INFO - [2026-07-13T20:11:10.267+0000] {dag.py:3823} INFO - Setting next_dagrun for dag_etl_camara_diario to 2026-07-12 03:00:00+00:00, run_after=2026-07-13 03:00:00+00:00
[2026-07-13T20:11:10.312+0000] {processor.py:183} INFO - Processing /opt/airflow/dags/dag_etl_camara_diario.py took 0.100 seconds
[2026-07-13T20:11:40.357+0000] {processor.py:161} INFO - Started process (PID=1519) to work on /opt/airflow/dags/dag_etl_camara_diario.py
[2026-07-13T20:11:40.358+0000] {processor.py:830} INFO - Processing file /opt/airflow/dags/dag_etl_camara_diario.py for tasks to queue
[2026-07-13T20:11:40.359+0000] {logging_mixin.py:188} INFO - [2026-07-13T20:11:40.359+0000] {dagbag.py:538} INFO - Filling up the DagBag from /opt/airflow/dags/dag_etl_camara_diario.py
[2026-07-13T20:11:40.368+0000] {processor.py:840} INFO - DAG(s) 'dag_etl_camara_diario' retrieved from /opt/airflow/dags/dag_etl_camara_diario.py
[2026-07-13T20:11:40.389+0000] {logging_mixin.py:188} INFO - [2026-07-13T20:11:40.389+0000] {dag.py:3036} INFO - Sync 1 DAGs
[2026-07-13T20:11:40.410+0000] {logging_mixin.py:188} INFO - [2026-07-13T20:11:40.410+0000] {dag.py:3823} INFO - Setting next_dagrun for dag_etl_camara_diario to 2026-07-12 03:00:00+00:00, run_after=2026-07-13 03:00:00+00:00
[2026-07-13T20:11:40.457+0000] {processor.py:183} INFO - Processing /opt/airflow/dags/dag_etl_camara_diario.py took 0.102 seconds
[2026-07-13T20:12:10.582+0000] {processor.py:161} INFO - Started process (PID=1534) to work on /opt/airflow/dags/dag_etl_camara_diario.py
[2026-07-13T20:12:10.583+0000] {processor.py:830} INFO - Processing file /opt/airflow/dags/dag_etl_camara_diario.py for tasks to queue
[2026-07-13T20:12:10.584+0000] {logging_mixin.py:188} INFO - [2026-07-13T20:12:10.584+0000] {dagbag.py:538} INFO - Filling up the DagBag from /opt/airflow/dags/dag_etl_camara_diario.py
[2026-07-13T20:12:10.593+0000] {processor.py:840} INFO - DAG(s) 'dag_etl_camara_diario' retrieved from /opt/airflow/dags/dag_etl_camara_diario.py
[2026-07-13T20:12:10.613+0000] {logging_mixin.py:188} INFO - [2026-07-13T20:12:10.613+0000] {dag.py:3036} INFO - Sync 1 DAGs
[2026-07-13T20:12:10.633+0000] {logging_mixin.py:188} INFO - [2026-07-13T20:12:10.633+0000] {dag.py:3823} INFO - Setting next_dagrun for dag_etl_camara_diario to 2026-07-12 03:00:00+00:00, run_after=2026-07-13 03:00:00+00:00
[2026-07-13T20:12:10.645+0000] {processor.py:183} INFO - Processing /opt/airflow/dags/dag_etl_camara_diario.py took 0.066 seconds
[2026-07-13T20:12:40.772+0000] {processor.py:161} INFO - Started process (PID=1549) to work on /opt/airflow/dags/dag_etl_camara_diario.py
[2026-07-13T20:12:40.773+0000] {processor.py:830} INFO - Processing file /opt/airflow/dags/dag_etl_camara_diario.py for tasks to queue
[2026-07-13T20:12:40.773+0000] {logging_mixin.py:188} INFO - [2026-07-13T20:12:40.773+0000] {dagbag.py:538} INFO - Filling up the DagBag from /opt/airflow/dags/dag_etl_camara_diario.py
[2026-07-13T20:12:40.782+0000] {processor.py:840} INFO - DAG(s) 'dag_etl_camara_diario' retrieved from /opt/airflow/dags/dag_etl_camara_diario.py
[2026-07-13T20:12:40.804+0000] {logging_mixin.py:188} INFO - [2026-07-13T20:12:40.803+0000] {dag.py:3036} INFO - Sync 1 DAGs
[2026-07-13T20:12:40.825+0000] {logging_mixin.py:188} INFO - [2026-07-13T20:12:40.825+0000] {dag.py:3823} INFO - Setting next_dagrun for dag_etl_camara_diario to 2026-07-12 03:00:00+00:00, run_after=2026-07-13 03:00:00+00:00
[2026-07-13T20:12:40.856+0000] {processor.py:183} INFO - Processing /opt/airflow/dags/dag_etl_camara_diario.py took 0.086 seconds
[2026-07-13T20:13:10.977+0000] {processor.py:161} INFO - Started process (PID=1564) to work on /opt/airflow/dags/dag_etl_camara_diario.py
[2026-07-13T20:13:10.978+0000] {processor.py:830} INFO - Processing file /opt/airflow/dags/dag_etl_camara_diario.py for tasks to queue
[2026-07-13T20:13:10.978+0000] {logging_mixin.py:188} INFO - [2026-07-13T20:13:10.978+0000] {dagbag.py:538} INFO - Filling up the DagBag from /opt/airflow/dags/dag_etl_camara_diario.py
[2026-07-13T20:13:10.988+0000] {processor.py:840} INFO - DAG(s) 'dag_etl_camara_diario' retrieved from /opt/airflow/dags/dag_etl_camara_diario.py
[2026-07-13T20:13:11.008+0000] {logging_mixin.py:188} INFO - [2026-07-13T20:13:11.008+0000] {dag.py:3036} INFO - Sync 1 DAGs
[2026-07-13T20:13:11.029+0000] {logging_mixin.py:188} INFO - [2026-07-13T20:13:11.029+0000] {dag.py:3823} INFO - Setting next_dagrun for dag_etl_camara_diario to 2026-07-12 03:00:00+00:00, run_after=2026-07-13 03:00:00+00:00
[2026-07-13T20:13:11.060+0000] {processor.py:183} INFO - Processing /opt/airflow/dags/dag_etl_camara_diario.py took 0.086 seconds
[2026-07-13T20:13:41.187+0000] {processor.py:161} INFO - Started process (PID=1579) to work on /opt/airflow/dags/dag_etl_camara_diario.py
[2026-07-13T20:13:41.188+0000] {processor.py:830} INFO - Processing file /opt/airflow/dags/dag_etl_camara_diario.py for tasks to queue
[2026-07-13T20:13:41.188+0000] {logging_mixin.py:188} INFO - [2026-07-13T20:13:41.188+0000] {dagbag.py:538} INFO - Filling up the DagBag from /opt/airflow/dags/dag_etl_camara_diario.py
[2026-07-13T20:13:41.199+0000] {processor.py:840} INFO - DAG(s) 'dag_etl_camara_diario' retrieved from /opt/airflow/dags/dag_etl_camara_diario.py
[2026-07-13T20:13:41.221+0000] {logging_mixin.py:188} INFO - [2026-07-13T20:13:41.221+0000] {dag.py:3036} INFO - Sync 1 DAGs
[2026-07-13T20:13:41.242+0000] {logging_mixin.py:188} INFO - [2026-07-13T20:13:41.242+0000] {dag.py:3823} INFO - Setting next_dagrun for dag_etl_camara_diario to 2026-07-12 03:00:00+00:00, run_after=2026-07-13 03:00:00+00:00
[2026-07-13T20:13:41.269+0000] {processor.py:183} INFO - Processing /opt/airflow/dags/dag_etl_camara_diario.py took 0.085 seconds
[2026-07-13T20:14:11.389+0000] {processor.py:161} INFO - Started process (PID=1594) to work on /opt/airflow/dags/dag_etl_camara_diario.py
[2026-07-13T20:14:11.390+0000] {processor.py:830} INFO - Processing file /opt/airflow/dags/dag_etl_camara_diario.py for tasks to queue
[2026-07-13T20:14:11.391+0000] {logging_mixin.py:188} INFO - [2026-07-13T20:14:11.390+0000] {dagbag.py:538} INFO - Filling up the DagBag from /opt/airflow/dags/dag_etl_camara_diario.py
[2026-07-13T20:14:11.400+0000] {processor.py:840} INFO - DAG(s) 'dag_etl_camara_diario' retrieved from /opt/airflow/dags/dag_etl_camara_diario.py
[2026-07-13T20:14:11.421+0000] {logging_mixin.py:188} INFO - [2026-07-13T20:14:11.421+0000] {dag.py:3036} INFO - Sync 1 DAGs
[2026-07-13T20:14:11.441+0000] {logging_mixin.py:188} INFO - [2026-07-13T20:14:11.441+0000] {dag.py:3823} INFO - Setting next_dagrun for dag_etl_camara_diario to 2026-07-12 03:00:00+00:00, run_after=2026-07-13 03:00:00+00:00
[2026-07-13T20:14:11.472+0000] {processor.py:183} INFO - Processing /opt/airflow/dags/dag_etl_camara_diario.py took 0.086 seconds
[2026-07-13T20:14:41.596+0000] {processor.py:161} INFO - Started process (PID=1609) to work on /opt/airflow/dags/dag_etl_camara_diario.py
[2026-07-13T20:14:41.596+0000] {processor.py:830} INFO - Processing file /opt/airflow/dags/dag_etl_camara_diario.py for tasks to queue
[2026-07-13T20:14:41.597+0000] {logging_mixin.py:188} INFO - [2026-07-13T20:14:41.597+0000] {dagbag.py:538} INFO - Filling up the DagBag from /opt/airflow/dags/dag_etl_camara_diario.py
[2026-07-13T20:14:41.606+0000] {processor.py:840} INFO - DAG(s) 'dag_etl_camara_diario' retrieved from /opt/airflow/dags/dag_etl_camara_diario.py
[2026-07-13T20:14:41.627+0000] {logging_mixin.py:188} INFO - [2026-07-13T20:14:41.626+0000] {dag.py:3036} INFO - Sync 1 DAGs
[2026-07-13T20:14:41.649+0000] {logging_mixin.py:188} INFO - [2026-07-13T20:14:41.649+0000] {dag.py:3823} INFO - Setting next_dagrun for dag_etl_camara_diario to 2026-07-12 03:00:00+00:00, run_after=2026-07-13 03:00:00+00:00
[2026-07-13T20:14:41.679+0000] {processor.py:183} INFO - Processing /opt/airflow/dags/dag_etl_camara_diario.py took 0.086 seconds
[2026-07-13T20:15:11.797+0000] {processor.py:161} INFO - Started process (PID=1624) to work on /opt/airflow/dags/dag_etl_camara_diario.py
[2026-07-13T20:15:11.798+0000] {processor.py:830} INFO - Processing file /opt/airflow/dags/dag_etl_camara_diario.py for tasks to queue
[2026-07-13T20:15:11.799+0000] {logging_mixin.py:188} INFO - [2026-07-13T20:15:11.799+0000] {dagbag.py:538} INFO - Filling up the DagBag from /opt/airflow/dags/dag_etl_camara_diario.py
[2026-07-13T20:15:11.808+0000] {processor.py:840} INFO - DAG(s) 'dag_etl_camara_diario' retrieved from /opt/airflow/dags/dag_etl_camara_diario.py
[2026-07-13T20:15:11.830+0000] {logging_mixin.py:188} INFO - [2026-07-13T20:15:11.829+0000] {dag.py:3036} INFO - Sync 1 DAGs
[2026-07-13T20:15:11.850+0000] {logging_mixin.py:188} INFO - [2026-07-13T20:15:11.850+0000] {dag.py:3823} INFO - Setting next_dagrun for dag_etl_camara_diario to 2026-07-12 03:00:00+00:00, run_after=2026-07-13 03:00:00+00:00
[2026-07-13T20:15:11.880+0000] {processor.py:183} INFO - Processing /opt/airflow/dags/dag_etl_camara_diario.py took 0.086 seconds
[2026-07-13T20:15:41.996+0000] {processor.py:161} INFO - Started process (PID=1639) to work on /opt/airflow/dags/dag_etl_camara_diario.py
[2026-07-13T20:15:41.997+0000] {processor.py:830} INFO - Processing file /opt/airflow/dags/dag_etl_camara_diario.py for tasks to queue
[2026-07-13T20:15:41.998+0000] {logging_mixin.py:188} INFO - [2026-07-13T20:15:41.997+0000] {dagbag.py:538} INFO - Filling up the DagBag from /opt/airflow/dags/dag_etl_camara_diario.py
[2026-07-13T20:15:42.006+0000] {processor.py:840} INFO - DAG(s) 'dag_etl_camara_diario' retrieved from /opt/airflow/dags/dag_etl_camara_diario.py
[2026-07-13T20:15:42.026+0000] {logging_mixin.py:188} INFO - [2026-07-13T20:15:42.026+0000] {dag.py:3036} INFO - Sync 1 DAGs
[2026-07-13T20:15:42.049+0000] {logging_mixin.py:188} INFO - [2026-07-13T20:15:42.048+0000] {dag.py:3823} INFO - Setting next_dagrun for dag_etl_camara_diario to 2026-07-12 03:00:00+00:00, run_after=2026-07-13 03:00:00+00:00
[2026-07-13T20:15:42.077+0000] {processor.py:183} INFO - Processing /opt/airflow/dags/dag_etl_camara_diario.py took 0.083 seconds
[2026-07-13T20:16:12.194+0000] {processor.py:161} INFO - Started process (PID=1654) to work on /opt/airflow/dags/dag_etl_camara_diario.py
[2026-07-13T20:16:12.195+0000] {processor.py:830} INFO - Processing file /opt/airflow/dags/dag_etl_camara_diario.py for tasks to queue
[2026-07-13T20:16:12.195+0000] {logging_mixin.py:188} INFO - [2026-07-13T20:16:12.195+0000] {dagbag.py:538} INFO - Filling up the DagBag from /opt/airflow/dags/dag_etl_camara_diario.py
[2026-07-13T20:16:12.205+0000] {processor.py:840} INFO - DAG(s) 'dag_etl_camara_diario' retrieved from /opt/airflow/dags/dag_etl_camara_diario.py
[2026-07-13T20:16:12.226+0000] {logging_mixin.py:188} INFO - [2026-07-13T20:16:12.226+0000] {dag.py:3036} INFO - Sync 1 DAGs
[2026-07-13T20:16:12.247+0000] {logging_mixin.py:188} INFO - [2026-07-13T20:16:12.247+0000] {dag.py:3823} INFO - Setting next_dagrun for dag_etl_camara_diario to 2026-07-12 03:00:00+00:00, run_after=2026-07-13 03:00:00+00:00
[2026-07-13T20:16:12.278+0000] {processor.py:183} INFO - Processing /opt/airflow/dags/dag_etl_camara_diario.py took 0.087 seconds
[2026-07-13T20:16:42.410+0000] {processor.py:161} INFO - Started process (PID=1669) to work on /opt/airflow/dags/dag_etl_camara_diario.py
[2026-07-13T20:16:42.411+0000] {processor.py:830} INFO - Processing file /opt/airflow/dags/dag_etl_camara_diario.py for tasks to queue
[2026-07-13T20:16:42.411+0000] {logging_mixin.py:188} INFO - [2026-07-13T20:16:42.411+0000] {dagbag.py:538} INFO - Filling up the DagBag from /opt/airflow/dags/dag_etl_camara_diario.py
[2026-07-13T20:16:42.420+0000] {processor.py:840} INFO - DAG(s) 'dag_etl_camara_diario' retrieved from /opt/airflow/dags/dag_etl_camara_diario.py
[2026-07-13T20:16:42.442+0000] {logging_mixin.py:188} INFO - [2026-07-13T20:16:42.441+0000] {dag.py:3036} INFO - Sync 1 DAGs
[2026-07-13T20:16:42.463+0000] {logging_mixin.py:188} INFO - [2026-07-13T20:16:42.462+0000] {dag.py:3823} INFO - Setting next_dagrun for dag_etl_camara_diario to 2026-07-12 03:00:00+00:00, run_after=2026-07-13 03:00:00+00:00
[2026-07-13T20:16:42.496+0000] {processor.py:183} INFO - Processing /opt/airflow/dags/dag_etl_camara_diario.py took 0.089 seconds
[2026-07-13T20:17:12.620+0000] {processor.py:161} INFO - Started process (PID=1684) to work on /opt/airflow/dags/dag_etl_camara_diario.py
[2026-07-13T20:17:12.621+0000] {processor.py:830} INFO - Processing file /opt/airflow/dags/dag_etl_camara_diario.py for tasks to queue
[2026-07-13T20:17:12.622+0000] {logging_mixin.py:188} INFO - [2026-07-13T20:17:12.621+0000] {dagbag.py:538} INFO - Filling up the DagBag from /opt/airflow/dags/dag_etl_camara_diario.py
[2026-07-13T20:17:12.631+0000] {processor.py:840} INFO - DAG(s) 'dag_etl_camara_diario' retrieved from /opt/airflow/dags/dag_etl_camara_diario.py
[2026-07-13T20:17:12.652+0000] {logging_mixin.py:188} INFO - [2026-07-13T20:17:12.651+0000] {dag.py:3036} INFO - Sync 1 DAGs
[2026-07-13T20:17:12.672+0000] {logging_mixin.py:188} INFO - [2026-07-13T20:17:12.672+0000] {dag.py:3823} INFO - Setting next_dagrun for dag_etl_camara_diario to 2026-07-12 03:00:00+00:00, run_after=2026-07-13 03:00:00+00:00
[2026-07-13T20:17:12.706+0000] {processor.py:183} INFO - Processing /opt/airflow/dags/dag_etl_camara_diario.py took 0.088 seconds
[2026-07-13T20:17:42.825+0000] {processor.py:161} INFO - Started process (PID=1699) to work on /opt/airflow/dags/dag_etl_camara_diario.py
[2026-07-13T20:17:42.826+0000] {processor.py:830} INFO - Processing file /opt/airflow/dags/dag_etl_camara_diario.py for tasks to queue
[2026-07-13T20:17:42.826+0000] {logging_mixin.py:188} INFO - [2026-07-13T20:17:42.826+0000] {dagbag.py:538} INFO - Filling up the DagBag from /opt/airflow/dags/dag_etl_camara_diario.py
[2026-07-13T20:17:42.836+0000] {processor.py:840} INFO - DAG(s) 'dag_etl_camara_diario' retrieved from /opt/airflow/dags/dag_etl_camara_diario.py
[2026-07-13T20:17:42.857+0000] {logging_mixin.py:188} INFO - [2026-07-13T20:17:42.857+0000] {dag.py:3036} INFO - Sync 1 DAGs
[2026-07-13T20:17:42.878+0000] {logging_mixin.py:188} INFO - [2026-07-13T20:17:42.877+0000] {dag.py:3823} INFO - Setting next_dagrun for dag_etl_camara_diario to 2026-07-12 03:00:00+00:00, run_after=2026-07-13 03:00:00+00:00
[2026-07-13T20:17:42.906+0000] {processor.py:183} INFO - Processing /opt/airflow/dags/dag_etl_camara_diario.py took 0.084 seconds
[2026-07-13T20:18:13.025+0000] {processor.py:161} INFO - Started process (PID=1714) to work on /opt/airflow/dags/dag_etl_camara_diario.py
[2026-07-13T20:18:13.026+0000] {processor.py:830} INFO - Processing file /opt/airflow/dags/dag_etl_camara_diario.py for tasks to queue
[2026-07-13T20:18:13.026+0000] {logging_mixin.py:188} INFO - [2026-07-13T20:18:13.026+0000] {dagbag.py:538} INFO - Filling up the DagBag from /opt/airflow/dags/dag_etl_camara_diario.py
[2026-07-13T20:18:13.035+0000] {processor.py:840} INFO - DAG(s) 'dag_etl_camara_diario' retrieved from /opt/airflow/dags/dag_etl_camara_diario.py
[2026-07-13T20:18:13.056+0000] {logging_mixin.py:188} INFO - [2026-07-13T20:18:13.055+0000] {dag.py:3036} INFO - Sync 1 DAGs
[2026-07-13T20:18:13.077+0000] {logging_mixin.py:188} INFO - [2026-07-13T20:18:13.077+0000] {dag.py:3823} INFO - Setting next_dagrun for dag_etl_camara_diario to 2026-07-12 03:00:00+00:00, run_after=2026-07-13 03:00:00+00:00
[2026-07-13T20:18:13.110+0000] {processor.py:183} INFO - Processing /opt/airflow/dags/dag_etl_camara_diario.py took 0.087 seconds
[2026-07-13T20:18:43.228+0000] {processor.py:161} INFO - Started process (PID=1729) to work on /opt/airflow/dags/dag_etl_camara_diario.py
[2026-07-13T20:18:43.229+0000] {processor.py:830} INFO - Processing file /opt/airflow/dags/dag_etl_camara_diario.py for tasks to queue
[2026-07-13T20:18:43.230+0000] {logging_mixin.py:188} INFO - [2026-07-13T20:18:43.229+0000] {dagbag.py:538} INFO - Filling up the DagBag from /opt/airflow/dags/dag_etl_camara_diario.py
[2026-07-13T20:18:43.240+0000] {processor.py:840} INFO - DAG(s) 'dag_etl_camara_diario' retrieved from /opt/airflow/dags/dag_etl_camara_diario.py
[2026-07-13T20:18:43.261+0000] {logging_mixin.py:188} INFO - [2026-07-13T20:18:43.261+0000] {dag.py:3036} INFO - Sync 1 DAGs
[2026-07-13T20:18:43.283+0000] {logging_mixin.py:188} INFO - [2026-07-13T20:18:43.283+0000] {dag.py:3823} INFO - Setting next_dagrun for dag_etl_camara_diario to 2026-07-12 03:00:00+00:00, run_after=2026-07-13 03:00:00+00:00
[2026-07-13T20:18:43.313+0000] {processor.py:183} INFO - Processing /opt/airflow/dags/dag_etl_camara_diario.py took 0.087 seconds
[2026-07-13T20:19:13.432+0000] {processor.py:161} INFO - Started process (PID=1744) to work on /opt/airflow/dags/dag_etl_camara_diario.py
[2026-07-13T20:19:13.433+0000] {processor.py:830} INFO - Processing file /opt/airflow/dags/dag_etl_camara_diario.py for tasks to queue
[2026-07-13T20:19:13.434+0000] {logging_mixin.py:188} INFO - [2026-07-13T20:19:13.434+0000] {dagbag.py:538} INFO - Filling up the DagBag from /opt/airflow/dags/dag_etl_camara_diario.py
[2026-07-13T20:19:13.445+0000] {processor.py:840} INFO - DAG(s) 'dag_etl_camara_diario' retrieved from /opt/airflow/dags/dag_etl_camara_diario.py
[2026-07-13T20:19:13.469+0000] {logging_mixin.py:188} INFO - [2026-07-13T20:19:13.469+0000] {dag.py:3036} INFO - Sync 1 DAGs
[2026-07-13T20:19:13.495+0000] {logging_mixin.py:188} INFO - [2026-07-13T20:19:13.495+0000] {dag.py:3823} INFO - Setting next_dagrun for dag_etl_camara_diario to 2026-07-12 03:00:00+00:00, run_after=2026-07-13 03:00:00+00:00
[2026-07-13T20:19:13.524+0000] {processor.py:183} INFO - Processing /opt/airflow/dags/dag_etl_camara_diario.py took 0.094 seconds
[2026-07-13T20:19:43.653+0000] {processor.py:161} INFO - Started process (PID=1759) to work on /opt/airflow/dags/dag_etl_camara_diario.py
[2026-07-13T20:19:43.654+0000] {processor.py:830} INFO - Processing file /opt/airflow/dags/dag_etl_camara_diario.py for tasks to queue
[2026-07-13T20:19:43.654+0000] {logging_mixin.py:188} INFO - [2026-07-13T20:19:43.654+0000] {dagbag.py:538} INFO - Filling up the DagBag from /opt/airflow/dags/dag_etl_camara_diario.py
[2026-07-13T20:19:43.664+0000] {processor.py:840} INFO - DAG(s) 'dag_etl_camara_diario' retrieved from /opt/airflow/dags/dag_etl_camara_diario.py
[2026-07-13T20:19:43.685+0000] {logging_mixin.py:188} INFO - [2026-07-13T20:19:43.685+0000] {dag.py:3036} INFO - Sync 1 DAGs
[2026-07-13T20:19:43.705+0000] {logging_mixin.py:188} INFO - [2026-07-13T20:19:43.705+0000] {dag.py:3823} INFO - Setting next_dagrun for dag_etl_camara_diario to 2026-07-12 03:00:00+00:00, run_after=2026-07-13 03:00:00+00:00
[2026-07-13T20:19:43.736+0000] {processor.py:183} INFO - Processing /opt/airflow/dags/dag_etl_camara_diario.py took 0.085 seconds
[2026-07-13T20:20:13.854+0000] {processor.py:161} INFO - Started process (PID=1774) to work on /opt/airflow/dags/dag_etl_camara_diario.py
[2026-07-13T20:20:13.855+0000] {processor.py:830} INFO - Processing file /opt/airflow/dags/dag_etl_camara_diario.py for tasks to queue
[2026-07-13T20:20:13.856+0000] {logging_mixin.py:188} INFO - [2026-07-13T20:20:13.855+0000] {dagbag.py:538} INFO - Filling up the DagBag from /opt/airflow/dags/dag_etl_camara_diario.py
[2026-07-13T20:20:13.865+0000] {processor.py:840} INFO - DAG(s) 'dag_etl_camara_diario' retrieved from /opt/airflow/dags/dag_etl_camara_diario.py
[2026-07-13T20:20:13.886+0000] {logging_mixin.py:188} INFO - [2026-07-13T20:20:13.886+0000] {dag.py:3036} INFO - Sync 1 DAGs
[2026-07-13T20:20:13.908+0000] {logging_mixin.py:188} INFO - [2026-07-13T20:20:13.908+0000] {dag.py:3823} INFO - Setting next_dagrun for dag_etl_camara_diario to 2026-07-12 03:00:00+00:00, run_after=2026-07-13 03:00:00+00:00
[2026-07-13T20:20:13.941+0000] {processor.py:183} INFO - Processing /opt/airflow/dags/dag_etl_camara_diario.py took 0.089 seconds
[2026-07-13T20:20:44.065+0000] {processor.py:161} INFO - Started process (PID=1789) to work on /opt/airflow/dags/dag_etl_camara_diario.py
[2026-07-13T20:20:44.066+0000] {processor.py:830} INFO - Processing file /opt/airflow/dags/dag_etl_camara_diario.py for tasks to queue
[2026-07-13T20:20:44.067+0000] {logging_mixin.py:188} INFO - [2026-07-13T20:20:44.066+0000] {dagbag.py:538} INFO - Filling up the DagBag from /opt/airflow/dags/dag_etl_camara_diario.py
[2026-07-13T20:20:44.076+0000] {processor.py:840} INFO - DAG(s) 'dag_etl_camara_diario' retrieved from /opt/airflow/dags/dag_etl_camara_diario.py
[2026-07-13T20:20:44.097+0000] {logging_mixin.py:188} INFO - [2026-07-13T20:20:44.096+0000] {dag.py:3036} INFO - Sync 1 DAGs
[2026-07-13T20:20:44.116+0000] {logging_mixin.py:188} INFO - [2026-07-13T20:20:44.116+0000] {dag.py:3823} INFO - Setting next_dagrun for dag_etl_camara_diario to 2026-07-12 03:00:00+00:00, run_after=2026-07-13 03:00:00+00:00
[2026-07-13T20:20:44.154+0000] {processor.py:183} INFO - Processing /opt/airflow/dags/dag_etl_camara_diario.py took 0.092 seconds
[2026-07-13T20:21:14.272+0000] {processor.py:161} INFO - Started process (PID=1804) to work on /opt/airflow/dags/dag_etl_camara_diario.py
[2026-07-13T20:21:14.273+0000] {processor.py:830} INFO - Processing file /opt/airflow/dags/dag_etl_camara_diario.py for tasks to queue
[2026-07-13T20:21:14.274+0000] {logging_mixin.py:188} INFO - [2026-07-13T20:21:14.273+0000] {dagbag.py:538} INFO - Filling up the DagBag from /opt/airflow/dags/dag_etl_camara_diario.py
[2026-07-13T20:21:14.283+0000] {processor.py:840} INFO - DAG(s) 'dag_etl_camara_diario' retrieved from /opt/airflow/dags/dag_etl_camara_diario.py
[2026-07-13T20:21:14.304+0000] {logging_mixin.py:188} INFO - [2026-07-13T20:21:14.304+0000] {dag.py:3036} INFO - Sync 1 DAGs
[2026-07-13T20:21:14.324+0000] {logging_mixin.py:188} INFO - [2026-07-13T20:21:14.324+0000] {dag.py:3823} INFO - Setting next_dagrun for dag_etl_camara_diario to 2026-07-12 03:00:00+00:00, run_after=2026-07-13 03:00:00+00:00
[2026-07-13T20:21:14.357+0000] {processor.py:183} INFO - Processing /opt/airflow/dags/dag_etl_camara_diario.py took 0.087 seconds
[2026-07-13T20:21:44.488+0000] {processor.py:161} INFO - Started process (PID=1819) to work on /opt/airflow/dags/dag_etl_camara_diario.py
[2026-07-13T20:21:44.488+0000] {processor.py:830} INFO - Processing file /opt/airflow/dags/dag_etl_camara_diario.py for tasks to queue
[2026-07-13T20:21:44.489+0000] {logging_mixin.py:188} INFO - [2026-07-13T20:21:44.489+0000] {dagbag.py:538} INFO - Filling up the DagBag from /opt/airflow/dags/dag_etl_camara_diario.py
[2026-07-13T20:21:44.498+0000] {processor.py:840} INFO - DAG(s) 'dag_etl_camara_diario' retrieved from /opt/airflow/dags/dag_etl_camara_diario.py
[2026-07-13T20:21:44.520+0000] {logging_mixin.py:188} INFO - [2026-07-13T20:21:44.519+0000] {dag.py:3036} INFO - Sync 1 DAGs
[2026-07-13T20:21:44.541+0000] {logging_mixin.py:188} INFO - [2026-07-13T20:21:44.541+0000] {dag.py:3823} INFO - Setting next_dagrun for dag_etl_camara_diario to 2026-07-12 03:00:00+00:00, run_after=2026-07-13 03:00:00+00:00
[2026-07-13T20:21:44.575+0000] {processor.py:183} INFO - Processing /opt/airflow/dags/dag_etl_camara_diario.py took 0.090 seconds
[2026-07-13T20:22:14.694+0000] {processor.py:161} INFO - Started process (PID=1834) to work on /opt/airflow/dags/dag_etl_camara_diario.py
[2026-07-13T20:22:14.695+0000] {processor.py:830} INFO - Processing file /opt/airflow/dags/dag_etl_camara_diario.py for tasks to queue
[2026-07-13T20:22:14.695+0000] {logging_mixin.py:188} INFO - [2026-07-13T20:22:14.695+0000] {dagbag.py:538} INFO - Filling up the DagBag from /opt/airflow/dags/dag_etl_camara_diario.py
[2026-07-13T20:22:14.705+0000] {processor.py:840} INFO - DAG(s) 'dag_etl_camara_diario' retrieved from /opt/airflow/dags/dag_etl_camara_diario.py
[2026-07-13T20:22:14.728+0000] {logging_mixin.py:188} INFO - [2026-07-13T20:22:14.728+0000] {dag.py:3036} INFO - Sync 1 DAGs
[2026-07-13T20:22:14.749+0000] {logging_mixin.py:188} INFO - [2026-07-13T20:22:14.749+0000] {dag.py:3823} INFO - Setting next_dagrun for dag_etl_camara_diario to 2026-07-12 03:00:00+00:00, run_after=2026-07-13 03:00:00+00:00
[2026-07-13T20:22:14.781+0000] {processor.py:183} INFO - Processing /opt/airflow/dags/dag_etl_camara_diario.py took 0.090 seconds
[2026-07-13T20:22:44.904+0000] {processor.py:161} INFO - Started process (PID=1849) to work on /opt/airflow/dags/dag_etl_camara_diario.py
[2026-07-13T20:22:44.905+0000] {processor.py:830} INFO - Processing file /opt/airflow/dags/dag_etl_camara_diario.py for tasks to queue
[2026-07-13T20:22:44.906+0000] {logging_mixin.py:188} INFO - [2026-07-13T20:22:44.905+0000] {dagbag.py:538} INFO - Filling up the DagBag from /opt/airflow/dags/dag_etl_camara_diario.py
[2026-07-13T20:22:44.915+0000] {processor.py:840} INFO - DAG(s) 'dag_etl_camara_diario' retrieved from /opt/airflow/dags/dag_etl_camara_diario.py
[2026-07-13T20:22:44.936+0000] {logging_mixin.py:188} INFO - [2026-07-13T20:22:44.936+0000] {dag.py:3036} INFO - Sync 1 DAGs
[2026-07-13T20:22:44.958+0000] {logging_mixin.py:188} INFO - [2026-07-13T20:22:44.958+0000] {dag.py:3823} INFO - Setting next_dagrun for dag_etl_camara_diario to 2026-07-12 03:00:00+00:00, run_after=2026-07-13 03:00:00+00:00
[2026-07-13T20:22:44.991+0000] {processor.py:183} INFO - Processing /opt/airflow/dags/dag_etl_camara_diario.py took 0.090 seconds
[2026-07-13T20:23:15.112+0000] {processor.py:161} INFO - Started process (PID=1864) to work on /opt/airflow/dags/dag_etl_camara_diario.py
[2026-07-13T20:23:15.113+0000] {processor.py:830} INFO - Processing file /opt/airflow/dags/dag_etl_camara_diario.py for tasks to queue
[2026-07-13T20:23:15.114+0000] {logging_mixin.py:188} INFO - [2026-07-13T20:23:15.113+0000] {dagbag.py:538} INFO - Filling up the DagBag from /opt/airflow/dags/dag_etl_camara_diario.py
[2026-07-13T20:23:15.123+0000] {processor.py:840} INFO - DAG(s) 'dag_etl_camara_diario' retrieved from /opt/airflow/dags/dag_etl_camara_diario.py
[2026-07-13T20:23:15.143+0000] {logging_mixin.py:188} INFO - [2026-07-13T20:23:15.143+0000] {dag.py:3036} INFO - Sync 1 DAGs
[2026-07-13T20:23:15.163+0000] {logging_mixin.py:188} INFO - [2026-07-13T20:23:15.163+0000] {dag.py:3823} INFO - Setting next_dagrun for dag_etl_camara_diario to 2026-07-12 03:00:00+00:00, run_after=2026-07-13 03:00:00+00:00
[2026-07-13T20:23:15.193+0000] {processor.py:183} INFO - Processing /opt/airflow/dags/dag_etl_camara_diario.py took 0.084 seconds
[2026-07-13T20:23:45.319+0000] {processor.py:161} INFO - Started process (PID=1879) to work on /opt/airflow/dags/dag_etl_camara_diario.py
[2026-07-13T20:23:45.320+0000] {processor.py:830} INFO - Processing file /opt/airflow/dags/dag_etl_camara_diario.py for tasks to queue
[2026-07-13T20:23:45.321+0000] {logging_mixin.py:188} INFO - [2026-07-13T20:23:45.320+0000] {dagbag.py:538} INFO - Filling up the DagBag from /opt/airflow/dags/dag_etl_camara_diario.py
[2026-07-13T20:23:45.330+0000] {processor.py:840} INFO - DAG(s) 'dag_etl_camara_diario' retrieved from /opt/airflow/dags/dag_etl_camara_diario.py
[2026-07-13T20:23:45.351+0000] {logging_mixin.py:188} INFO - [2026-07-13T20:23:45.351+0000] {dag.py:3036} INFO - Sync 1 DAGs
[2026-07-13T20:23:45.372+0000] {logging_mixin.py:188} INFO - [2026-07-13T20:23:45.372+0000] {dag.py:3823} INFO - Setting next_dagrun for dag_etl_camara_diario to 2026-07-12 03:00:00+00:00, run_after=2026-07-13 03:00:00+00:00
[2026-07-13T20:23:45.401+0000] {processor.py:183} INFO - Processing /opt/airflow/dags/dag_etl_camara_diario.py took 0.084 seconds
[2026-07-13T20:24:15.522+0000] {processor.py:161} INFO - Started process (PID=1894) to work on /opt/airflow/dags/dag_etl_camara_diario.py
[2026-07-13T20:24:15.523+0000] {processor.py:830} INFO - Processing file /opt/airflow/dags/dag_etl_camara_diario.py for tasks to queue
[2026-07-13T20:24:15.523+0000] {logging_mixin.py:188} INFO - [2026-07-13T20:24:15.523+0000] {dagbag.py:538} INFO - Filling up the DagBag from /opt/airflow/dags/dag_etl_camara_diario.py
[2026-07-13T20:24:15.532+0000] {processor.py:840} INFO - DAG(s) 'dag_etl_camara_diario' retrieved from /opt/airflow/dags/dag_etl_camara_diario.py
[2026-07-13T20:24:15.553+0000] {logging_mixin.py:188} INFO - [2026-07-13T20:24:15.553+0000] {dag.py:3036} INFO - Sync 1 DAGs
[2026-07-13T20:24:15.574+0000] {logging_mixin.py:188} INFO - [2026-07-13T20:24:15.574+0000] {dag.py:3823} INFO - Setting next_dagrun for dag_etl_camara_diario to 2026-07-12 03:00:00+00:00, run_after=2026-07-13 03:00:00+00:00
[2026-07-13T20:24:15.607+0000] {processor.py:183} INFO - Processing /opt/airflow/dags/dag_etl_camara_diario.py took 0.088 seconds
[2026-07-13T20:24:45.729+0000] {processor.py:161} INFO - Started process (PID=1909) to work on /opt/airflow/dags/dag_etl_camara_diario.py
[2026-07-13T20:24:45.730+0000] {processor.py:830} INFO - Processing file /opt/airflow/dags/dag_etl_camara_diario.py for tasks to queue
[2026-07-13T20:24:45.730+0000] {logging_mixin.py:188} INFO - [2026-07-13T20:24:45.730+0000] {dagbag.py:538} INFO - Filling up the DagBag from /opt/airflow/dags/dag_etl_camara_diario.py
[2026-07-13T20:24:45.739+0000] {processor.py:840} INFO - DAG(s) 'dag_etl_camara_diario' retrieved from /opt/airflow/dags/dag_etl_camara_diario.py
[2026-07-13T20:24:45.761+0000] {logging_mixin.py:188} INFO - [2026-07-13T20:24:45.761+0000] {dag.py:3036} INFO - Sync 1 DAGs
[2026-07-13T20:24:45.785+0000] {logging_mixin.py:188} INFO - [2026-07-13T20:24:45.785+0000] {dag.py:3823} INFO - Setting next_dagrun for dag_etl_camara_diario to 2026-07-12 03:00:00+00:00, run_after=2026-07-13 03:00:00+00:00
[2026-07-13T20:24:45.799+0000] {processor.py:183} INFO - Processing /opt/airflow/dags/dag_etl_camara_diario.py took 0.072 seconds
[2026-07-13T20:25:15.915+0000] {processor.py:161} INFO - Started process (PID=1924) to work on /opt/airflow/dags/dag_etl_camara_diario.py
[2026-07-13T20:25:15.916+0000] {processor.py:830} INFO - Processing file /opt/airflow/dags/dag_etl_camara_diario.py for tasks to queue
[2026-07-13T20:25:15.917+0000] {logging_mixin.py:188} INFO - [2026-07-13T20:25:15.916+0000] {dagbag.py:538} INFO - Filling up the DagBag from /opt/airflow/dags/dag_etl_camara_diario.py
[2026-07-13T20:25:15.925+0000] {processor.py:840} INFO - DAG(s) 'dag_etl_camara_diario' retrieved from /opt/airflow/dags/dag_etl_camara_diario.py
[2026-07-13T20:25:15.946+0000] {logging_mixin.py:188} INFO - [2026-07-13T20:25:15.946+0000] {dag.py:3036} INFO - Sync 1 DAGs
[2026-07-13T20:25:15.967+0000] {logging_mixin.py:188} INFO - [2026-07-13T20:25:15.967+0000] {dag.py:3823} INFO - Setting next_dagrun for dag_etl_camara_diario to 2026-07-12 03:00:00+00:00, run_after=2026-07-13 03:00:00+00:00
[2026-07-13T20:25:16.002+0000] {processor.py:183} INFO - Processing /opt/airflow/dags/dag_etl_camara_diario.py took 0.089 seconds
[2026-07-13T20:25:46.121+0000] {processor.py:161} INFO - Started process (PID=1939) to work on /opt/airflow/dags/dag_etl_camara_diario.py
[2026-07-13T20:25:46.121+0000] {processor.py:830} INFO - Processing file /opt/airflow/dags/dag_etl_camara_diario.py for tasks to queue
[2026-07-13T20:25:46.122+0000] {logging_mixin.py:188} INFO - [2026-07-13T20:25:46.122+0000] {dagbag.py:538} INFO - Filling up the DagBag from /opt/airflow/dags/dag_etl_camara_diario.py
[2026-07-13T20:25:46.131+0000] {processor.py:840} INFO - DAG(s) 'dag_etl_camara_diario' retrieved from /opt/airflow/dags/dag_etl_camara_diario.py
[2026-07-13T20:25:46.152+0000] {logging_mixin.py:188} INFO - [2026-07-13T20:25:46.152+0000] {dag.py:3036} INFO - Sync 1 DAGs
[2026-07-13T20:25:46.173+0000] {logging_mixin.py:188} INFO - [2026-07-13T20:25:46.173+0000] {dag.py:3823} INFO - Setting next_dagrun for dag_etl_camara_diario to 2026-07-12 03:00:00+00:00, run_after=2026-07-13 03:00:00+00:00
[2026-07-13T20:25:46.207+0000] {processor.py:183} INFO - Processing /opt/airflow/dags/dag_etl_camara_diario.py took 0.089 seconds
[2026-07-13T20:26:16.329+0000] {processor.py:161} INFO - Started process (PID=1954) to work on /opt/airflow/dags/dag_etl_camara_diario.py
[2026-07-13T20:26:16.330+0000] {processor.py:830} INFO - Processing file /opt/airflow/dags/dag_etl_camara_diario.py for tasks to queue
[2026-07-13T20:26:16.331+0000] {logging_mixin.py:188} INFO - [2026-07-13T20:26:16.330+0000] {dagbag.py:538} INFO - Filling up the DagBag from /opt/airflow/dags/dag_etl_camara_diario.py
[2026-07-13T20:26:16.340+0000] {processor.py:840} INFO - DAG(s) 'dag_etl_camara_diario' retrieved from /opt/airflow/dags/dag_etl_camara_diario.py
[2026-07-13T20:26:16.361+0000] {logging_mixin.py:188} INFO - [2026-07-13T20:26:16.361+0000] {dag.py:3036} INFO - Sync 1 DAGs
[2026-07-13T20:26:16.383+0000] {logging_mixin.py:188} INFO - [2026-07-13T20:26:16.383+0000] {dag.py:3823} INFO - Setting next_dagrun for dag_etl_camara_diario to 2026-07-12 03:00:00+00:00, run_after=2026-07-13 03:00:00+00:00
[2026-07-13T20:26:16.417+0000] {processor.py:183} INFO - Processing /opt/airflow/dags/dag_etl_camara_diario.py took 0.090 seconds
[2026-07-13T20:26:46.565+0000] {processor.py:161} INFO - Started process (PID=1969) to work on /opt/airflow/dags/dag_etl_camara_diario.py
[2026-07-13T20:26:46.566+0000] {processor.py:830} INFO - Processing file /opt/airflow/dags/dag_etl_camara_diario.py for tasks to queue
[2026-07-13T20:26:46.566+0000] {logging_mixin.py:188} INFO - [2026-07-13T20:26:46.566+0000] {dagbag.py:538} INFO - Filling up the DagBag from /opt/airflow/dags/dag_etl_camara_diario.py
[2026-07-13T20:26:46.575+0000] {processor.py:840} INFO - DAG(s) 'dag_etl_camara_diario' retrieved from /opt/airflow/dags/dag_etl_camara_diario.py
[2026-07-13T20:26:46.597+0000] {logging_mixin.py:188} INFO - [2026-07-13T20:26:46.596+0000] {dag.py:3036} INFO - Sync 1 DAGs
[2026-07-13T20:26:46.618+0000] {logging_mixin.py:188} INFO - [2026-07-13T20:26:46.618+0000] {dag.py:3823} INFO - Setting next_dagrun for dag_etl_camara_diario to 2026-07-12 03:00:00+00:00, run_after=2026-07-13 03:00:00+00:00
[2026-07-13T20:26:46.651+0000] {processor.py:183} INFO - Processing /opt/airflow/dags/dag_etl_camara_diario.py took 0.089 seconds
[2026-07-13T20:27:16.776+0000] {processor.py:161} INFO - Started process (PID=1984) to work on /opt/airflow/dags/dag_etl_camara_diario.py
[2026-07-13T20:27:16.776+0000] {processor.py:830} INFO - Processing file /opt/airflow/dags/dag_etl_camara_diario.py for tasks to queue
[2026-07-13T20:27:16.777+0000] {logging_mixin.py:188} INFO - [2026-07-13T20:27:16.777+0000] {dagbag.py:538} INFO - Filling up the DagBag from /opt/airflow/dags/dag_etl_camara_diario.py
[2026-07-13T20:27:16.786+0000] {processor.py:840} INFO - DAG(s) 'dag_etl_camara_diario' retrieved from /opt/airflow/dags/dag_etl_camara_diario.py
[2026-07-13T20:27:16.808+0000] {logging_mixin.py:188} INFO - [2026-07-13T20:27:16.808+0000] {dag.py:3036} INFO - Sync 1 DAGs
[2026-07-13T20:27:16.830+0000] {logging_mixin.py:188} INFO - [2026-07-13T20:27:16.830+0000] {dag.py:3823} INFO - Setting next_dagrun for dag_etl_camara_diario to 2026-07-12 03:00:00+00:00, run_after=2026-07-13 03:00:00+00:00
[2026-07-13T20:27:16.845+0000] {processor.py:183} INFO - Processing /opt/airflow/dags/dag_etl_camara_diario.py took 0.072 seconds
[2026-07-13T20:27:46.964+0000] {processor.py:161} INFO - Started process (PID=1999) to work on /opt/airflow/dags/dag_etl_camara_diario.py
[2026-07-13T20:27:46.964+0000] {processor.py:830} INFO - Processing file /opt/airflow/dags/dag_etl_camara_diario.py for tasks to queue
[2026-07-13T20:27:46.965+0000] {logging_mixin.py:188} INFO - [2026-07-13T20:27:46.965+0000] {dagbag.py:538} INFO - Filling up the DagBag from /opt/airflow/dags/dag_etl_camara_diario.py
[2026-07-13T20:27:46.974+0000] {processor.py:840} INFO - DAG(s) 'dag_etl_camara_diario' retrieved from /opt/airflow/dags/dag_etl_camara_diario.py
[2026-07-13T20:27:46.996+0000] {logging_mixin.py:188} INFO - [2026-07-13T20:27:46.995+0000] {dag.py:3036} INFO - Sync 1 DAGs
[2026-07-13T20:27:47.017+0000] {logging_mixin.py:188} INFO - [2026-07-13T20:27:47.017+0000] {dag.py:3823} INFO - Setting next_dagrun for dag_etl_camara_diario to 2026-07-12 03:00:00+00:00, run_after=2026-07-13 03:00:00+00:00
[2026-07-13T20:27:47.051+0000] {processor.py:183} INFO - Processing /opt/airflow/dags/dag_etl_camara_diario.py took 0.090 seconds
[2026-07-13T20:28:17.171+0000] {processor.py:161} INFO - Started process (PID=2014) to work on /opt/airflow/dags/dag_etl_camara_diario.py
[2026-07-13T20:28:17.172+0000] {processor.py:830} INFO - Processing file /opt/airflow/dags/dag_etl_camara_diario.py for tasks to queue
[2026-07-13T20:28:17.173+0000] {logging_mixin.py:188} INFO - [2026-07-13T20:28:17.173+0000] {dagbag.py:538} INFO - Filling up the DagBag from /opt/airflow/dags/dag_etl_camara_diario.py
[2026-07-13T20:28:17.183+0000] {processor.py:840} INFO - DAG(s) 'dag_etl_camara_diario' retrieved from /opt/airflow/dags/dag_etl_camara_diario.py
[2026-07-13T20:28:17.206+0000] {logging_mixin.py:188} INFO - [2026-07-13T20:28:17.206+0000] {dag.py:3036} INFO - Sync 1 DAGs
[2026-07-13T20:28:17.227+0000] {logging_mixin.py:188} INFO - [2026-07-13T20:28:17.227+0000] {dag.py:3823} INFO - Setting next_dagrun for dag_etl_camara_diario to 2026-07-12 03:00:00+00:00, run_after=2026-07-13 03:00:00+00:00
[2026-07-13T20:28:17.260+0000] {processor.py:183} INFO - Processing /opt/airflow/dags/dag_etl_camara_diario.py took 0.092 seconds
[2026-07-13T20:28:47.381+0000] {processor.py:161} INFO - Started process (PID=2029) to work on /opt/airflow/dags/dag_etl_camara_diario.py
[2026-07-13T20:28:47.382+0000] {processor.py:830} INFO - Processing file /opt/airflow/dags/dag_etl_camara_diario.py for tasks to queue
[2026-07-13T20:28:47.382+0000] {logging_mixin.py:188} INFO - [2026-07-13T20:28:47.382+0000] {dagbag.py:538} INFO - Filling up the DagBag from /opt/airflow/dags/dag_etl_camara_diario.py
[2026-07-13T20:28:47.392+0000] {processor.py:840} INFO - DAG(s) 'dag_etl_camara_diario' retrieved from /opt/airflow/dags/dag_etl_camara_diario.py
[2026-07-13T20:28:47.415+0000] {logging_mixin.py:188} INFO - [2026-07-13T20:28:47.415+0000] {dag.py:3036} INFO - Sync 1 DAGs
[2026-07-13T20:28:47.438+0000] {logging_mixin.py:188} INFO - [2026-07-13T20:28:47.438+0000] {dag.py:3823} INFO - Setting next_dagrun for dag_etl_camara_diario to 2026-07-12 03:00:00+00:00, run_after=2026-07-13 03:00:00+00:00
[2026-07-13T20:28:47.470+0000] {processor.py:183} INFO - Processing /opt/airflow/dags/dag_etl_camara_diario.py took 0.091 seconds
[2026-07-13T20:29:17.593+0000] {processor.py:161} INFO - Started process (PID=2044) to work on /opt/airflow/dags/dag_etl_camara_diario.py
[2026-07-13T20:29:17.594+0000] {processor.py:830} INFO - Processing file /opt/airflow/dags/dag_etl_camara_diario.py for tasks to queue
[2026-07-13T20:29:17.594+0000] {logging_mixin.py:188} INFO - [2026-07-13T20:29:17.594+0000] {dagbag.py:538} INFO - Filling up the DagBag from /opt/airflow/dags/dag_etl_camara_diario.py
[2026-07-13T20:29:17.603+0000] {processor.py:840} INFO - DAG(s) 'dag_etl_camara_diario' retrieved from /opt/airflow/dags/dag_etl_camara_diario.py
[2026-07-13T20:29:17.624+0000] {logging_mixin.py:188} INFO - [2026-07-13T20:29:17.623+0000] {dag.py:3036} INFO - Sync 1 DAGs
[2026-07-13T20:29:17.644+0000] {logging_mixin.py:188} INFO - [2026-07-13T20:29:17.644+0000] {dag.py:3823} INFO - Setting next_dagrun for dag_etl_camara_diario to 2026-07-12 03:00:00+00:00, run_after=2026-07-13 03:00:00+00:00
[2026-07-13T20:29:17.681+0000] {processor.py:183} INFO - Processing /opt/airflow/dags/dag_etl_camara_diario.py took 0.091 seconds
[2026-07-13T20:29:47.805+0000] {processor.py:161} INFO - Started process (PID=2059) to work on /opt/airflow/dags/dag_etl_camara_diario.py
[2026-07-13T20:29:47.806+0000] {processor.py:830} INFO - Processing file /opt/airflow/dags/dag_etl_camara_diario.py for tasks to queue
[2026-07-13T20:29:47.807+0000] {logging_mixin.py:188} INFO - [2026-07-13T20:29:47.806+0000] {dagbag.py:538} INFO - Filling up the DagBag from /opt/airflow/dags/dag_etl_camara_diario.py
[2026-07-13T20:29:47.815+0000] {processor.py:840} INFO - DAG(s) 'dag_etl_camara_diario' retrieved from /opt/airflow/dags/dag_etl_camara_diario.py
[2026-07-13T20:29:47.837+0000] {logging_mixin.py:188} INFO - [2026-07-13T20:29:47.837+0000] {dag.py:3036} INFO - Sync 1 DAGs
[2026-07-13T20:29:47.859+0000] {logging_mixin.py:188} INFO - [2026-07-13T20:29:47.859+0000] {dag.py:3823} INFO - Setting next_dagrun for dag_etl_camara_diario to 2026-07-12 03:00:00+00:00, run_after=2026-07-13 03:00:00+00:00
[2026-07-13T20:29:47.890+0000] {processor.py:183} INFO - Processing /opt/airflow/dags/dag_etl_camara_diario.py took 0.087 seconds
[2026-07-13T20:30:18.010+0000] {processor.py:161} INFO - Started process (PID=2074) to work on /opt/airflow/dags/dag_etl_camara_diario.py
[2026-07-13T20:30:18.011+0000] {processor.py:830} INFO - Processing file /opt/airflow/dags/dag_etl_camara_diario.py for tasks to queue
[2026-07-13T20:30:18.011+0000] {logging_mixin.py:188} INFO - [2026-07-13T20:30:18.011+0000] {dagbag.py:538} INFO - Filling up the DagBag from /opt/airflow/dags/dag_etl_camara_diario.py
[2026-07-13T20:30:18.020+0000] {processor.py:840} INFO - DAG(s) 'dag_etl_camara_diario' retrieved from /opt/airflow/dags/dag_etl_camara_diario.py
[2026-07-13T20:30:18.041+0000] {logging_mixin.py:188} INFO - [2026-07-13T20:30:18.040+0000] {dag.py:3036} INFO - Sync 1 DAGs
[2026-07-13T20:30:18.061+0000] {logging_mixin.py:188} INFO - [2026-07-13T20:30:18.061+0000] {dag.py:3823} INFO - Setting next_dagrun for dag_etl_camara_diario to 2026-07-12 03:00:00+00:00, run_after=2026-07-13 03:00:00+00:00
[2026-07-13T20:30:18.097+0000] {processor.py:183} INFO - Processing /opt/airflow/dags/dag_etl_camara_diario.py took 0.089 seconds
[2026-07-13T20:30:48.217+0000] {processor.py:161} INFO - Started process (PID=2089) to work on /opt/airflow/dags/dag_etl_camara_diario.py
[2026-07-13T20:30:48.217+0000] {processor.py:830} INFO - Processing file /opt/airflow/dags/dag_etl_camara_diario.py for tasks to queue
[2026-07-13T20:30:48.218+0000] {logging_mixin.py:188} INFO - [2026-07-13T20:30:48.218+0000] {dagbag.py:538} INFO - Filling up the DagBag from /opt/airflow/dags/dag_etl_camara_diario.py
[2026-07-13T20:30:48.227+0000] {processor.py:840} INFO - DAG(s) 'dag_etl_camara_diario' retrieved from /opt/airflow/dags/dag_etl_camara_diario.py
[2026-07-13T20:30:48.249+0000] {logging_mixin.py:188} INFO - [2026-07-13T20:30:48.248+0000] {dag.py:3036} INFO - Sync 1 DAGs
[2026-07-13T20:30:48.269+0000] {logging_mixin.py:188} INFO - [2026-07-13T20:30:48.269+0000] {dag.py:3823} INFO - Setting next_dagrun for dag_etl_camara_diario to 2026-07-12 03:00:00+00:00, run_after=2026-07-13 03:00:00+00:00
[2026-07-13T20:30:48.303+0000] {processor.py:183} INFO - Processing /opt/airflow/dags/dag_etl_camara_diario.py took 0.089 seconds
[2026-07-13T20:31:18.422+0000] {processor.py:161} INFO - Started process (PID=2104) to work on /opt/airflow/dags/dag_etl_camara_diario.py
[2026-07-13T20:31:18.423+0000] {processor.py:830} INFO - Processing file /opt/airflow/dags/dag_etl_camara_diario.py for tasks to queue
[2026-07-13T20:31:18.424+0000] {logging_mixin.py:188} INFO - [2026-07-13T20:31:18.424+0000] {dagbag.py:538} INFO - Filling up the DagBag from /opt/airflow/dags/dag_etl_camara_diario.py
[2026-07-13T20:31:18.434+0000] {processor.py:840} INFO - DAG(s) 'dag_etl_camara_diario' retrieved from /opt/airflow/dags/dag_etl_camara_diario.py
[2026-07-13T20:31:18.455+0000] {logging_mixin.py:188} INFO - [2026-07-13T20:31:18.455+0000] {dag.py:3036} INFO - Sync 1 DAGs
[2026-07-13T20:31:18.477+0000] {logging_mixin.py:188} INFO - [2026-07-13T20:31:18.477+0000] {dag.py:3823} INFO - Setting next_dagrun for dag_etl_camara_diario to 2026-07-12 03:00:00+00:00, run_after=2026-07-13 03:00:00+00:00
[2026-07-13T20:31:18.502+0000] {processor.py:183} INFO - Processing /opt/airflow/dags/dag_etl_camara_diario.py took 0.082 seconds
[2026-07-13T20:31:48.634+0000] {processor.py:161} INFO - Started process (PID=2119) to work on /opt/airflow/dags/dag_etl_camara_diario.py
[2026-07-13T20:31:48.635+0000] {processor.py:830} INFO - Processing file /opt/airflow/dags/dag_etl_camara_diario.py for tasks to queue
[2026-07-13T20:31:48.636+0000] {logging_mixin.py:188} INFO - [2026-07-13T20:31:48.635+0000] {dagbag.py:538} INFO - Filling up the DagBag from /opt/airflow/dags/dag_etl_camara_diario.py
[2026-07-13T20:31:48.645+0000] {processor.py:840} INFO - DAG(s) 'dag_etl_camara_diario' retrieved from /opt/airflow/dags/dag_etl_camara_diario.py
[2026-07-13T20:31:48.666+0000] {logging_mixin.py:188} INFO - [2026-07-13T20:31:48.666+0000] {dag.py:3036} INFO - Sync 1 DAGs
[2026-07-13T20:31:48.688+0000] {logging_mixin.py:188} INFO - [2026-07-13T20:31:48.688+0000] {dag.py:3823} INFO - Setting next_dagrun for dag_etl_camara_diario to 2026-07-12 03:00:00+00:00, run_after=2026-07-13 03:00:00+00:00
[2026-07-13T20:31:48.721+0000] {processor.py:183} INFO - Processing /opt/airflow/dags/dag_etl_camara_diario.py took 0.089 seconds
[2026-07-13T20:32:18.838+0000] {processor.py:161} INFO - Started process (PID=2134) to work on /opt/airflow/dags/dag_etl_camara_diario.py
[2026-07-13T20:32:18.839+0000] {processor.py:830} INFO - Processing file /opt/airflow/dags/dag_etl_camara_diario.py for tasks to queue
[2026-07-13T20:32:18.840+0000] {logging_mixin.py:188} INFO - [2026-07-13T20:32:18.840+0000] {dagbag.py:538} INFO - Filling up the DagBag from /opt/airflow/dags/dag_etl_camara_diario.py
[2026-07-13T20:32:18.850+0000] {processor.py:840} INFO - DAG(s) 'dag_etl_camara_diario' retrieved from /opt/airflow/dags/dag_etl_camara_diario.py
[2026-07-13T20:32:18.870+0000] {logging_mixin.py:188} INFO - [2026-07-13T20:32:18.870+0000] {dag.py:3036} INFO - Sync 1 DAGs
[2026-07-13T20:32:18.890+0000] {logging_mixin.py:188} INFO - [2026-07-13T20:32:18.890+0000] {dag.py:3823} INFO - Setting next_dagrun for dag_etl_camara_diario to 2026-07-12 03:00:00+00:00, run_after=2026-07-13 03:00:00+00:00
[2026-07-13T20:32:18.926+0000] {processor.py:183} INFO - Processing /opt/airflow/dags/dag_etl_camara_diario.py took 0.091 seconds
[2026-07-13T20:32:49.047+0000] {processor.py:161} INFO - Started process (PID=2149) to work on /opt/airflow/dags/dag_etl_camara_diario.py
[2026-07-13T20:32:49.047+0000] {processor.py:830} INFO - Processing file /opt/airflow/dags/dag_etl_camara_diario.py for tasks to queue
[2026-07-13T20:32:49.048+0000] {logging_mixin.py:188} INFO - [2026-07-13T20:32:49.048+0000] {dagbag.py:538} INFO - Filling up the DagBag from /opt/airflow/dags/dag_etl_camara_diario.py
[2026-07-13T20:32:49.057+0000] {processor.py:840} INFO - DAG(s) 'dag_etl_camara_diario' retrieved from /opt/airflow/dags/dag_etl_camara_diario.py
[2026-07-13T20:32:49.079+0000] {logging_mixin.py:188} INFO - [2026-07-13T20:32:49.079+0000] {dag.py:3036} INFO - Sync 1 DAGs
[2026-07-13T20:32:49.101+0000] {logging_mixin.py:188} INFO - [2026-07-13T20:32:49.101+0000] {dag.py:3823} INFO - Setting next_dagrun for dag_etl_camara_diario to 2026-07-12 03:00:00+00:00, run_after=2026-07-13 03:00:00+00:00
[2026-07-13T20:32:49.137+0000] {processor.py:183} INFO - Processing /opt/airflow/dags/dag_etl_camara_diario.py took 0.092 seconds
[2026-07-13T20:33:19.264+0000] {processor.py:161} INFO - Started process (PID=2164) to work on /opt/airflow/dags/dag_etl_camara_diario.py
[2026-07-13T20:33:19.265+0000] {processor.py:830} INFO - Processing file /opt/airflow/dags/dag_etl_camara_diario.py for tasks to queue
[2026-07-13T20:33:19.265+0000] {logging_mixin.py:188} INFO - [2026-07-13T20:33:19.265+0000] {dagbag.py:538} INFO - Filling up the DagBag from /opt/airflow/dags/dag_etl_camara_diario.py
[2026-07-13T20:33:19.275+0000] {processor.py:840} INFO - DAG(s) 'dag_etl_camara_diario' retrieved from /opt/airflow/dags/dag_etl_camara_diario.py
[2026-07-13T20:33:19.297+0000] {logging_mixin.py:188} INFO - [2026-07-13T20:33:19.297+0000] {dag.py:3036} INFO - Sync 1 DAGs
[2026-07-13T20:33:19.318+0000] {logging_mixin.py:188} INFO - [2026-07-13T20:33:19.317+0000] {dag.py:3823} INFO - Setting next_dagrun for dag_etl_camara_diario to 2026-07-12 03:00:00+00:00, run_after=2026-07-13 03:00:00+00:00
[2026-07-13T20:33:19.350+0000] {processor.py:183} INFO - Processing /opt/airflow/dags/dag_etl_camara_diario.py took 0.090 seconds
[2026-07-13T20:33:49.470+0000] {processor.py:161} INFO - Started process (PID=2179) to work on /opt/airflow/dags/dag_etl_camara_diario.py
[2026-07-13T20:33:49.471+0000] {processor.py:830} INFO - Processing file /opt/airflow/dags/dag_etl_camara_diario.py for tasks to queue
[2026-07-13T20:33:49.472+0000] {logging_mixin.py:188} INFO - [2026-07-13T20:33:49.471+0000] {dagbag.py:538} INFO - Filling up the DagBag from /opt/airflow/dags/dag_etl_camara_diario.py
[2026-07-13T20:33:49.481+0000] {processor.py:840} INFO - DAG(s) 'dag_etl_camara_diario' retrieved from /opt/airflow/dags/dag_etl_camara_diario.py
[2026-07-13T20:33:49.502+0000] {logging_mixin.py:188} INFO - [2026-07-13T20:33:49.502+0000] {dag.py:3036} INFO - Sync 1 DAGs
[2026-07-13T20:33:49.522+0000] {logging_mixin.py:188} INFO - [2026-07-13T20:33:49.522+0000] {dag.py:3823} INFO - Setting next_dagrun for dag_etl_camara_diario to 2026-07-12 03:00:00+00:00, run_after=2026-07-13 03:00:00+00:00
[2026-07-13T20:33:49.558+0000] {processor.py:183} INFO - Processing /opt/airflow/dags/dag_etl_camara_diario.py took 0.091 seconds
[2026-07-13T20:34:19.679+0000] {processor.py:161} INFO - Started process (PID=2194) to work on /opt/airflow/dags/dag_etl_camara_diario.py
[2026-07-13T20:34:19.680+0000] {processor.py:830} INFO - Processing file /opt/airflow/dags/dag_etl_camara_diario.py for tasks to queue
[2026-07-13T20:34:19.681+0000] {logging_mixin.py:188} INFO - [2026-07-13T20:34:19.681+0000] {dagbag.py:538} INFO - Filling up the DagBag from /opt/airflow/dags/dag_etl_camara_diario.py
[2026-07-13T20:34:19.690+0000] {processor.py:840} INFO - DAG(s) 'dag_etl_camara_diario' retrieved from /opt/airflow/dags/dag_etl_camara_diario.py
[2026-07-13T20:34:19.714+0000] {logging_mixin.py:188} INFO - [2026-07-13T20:34:19.714+0000] {dag.py:3036} INFO - Sync 1 DAGs
[2026-07-13T20:34:19.736+0000] {logging_mixin.py:188} INFO - [2026-07-13T20:34:19.736+0000] {dag.py:3823} INFO - Setting next_dagrun for dag_etl_camara_diario to 2026-07-12 03:00:00+00:00, run_after=2026-07-13 03:00:00+00:00
[2026-07-13T20:34:19.772+0000] {processor.py:183} INFO - Processing /opt/airflow/dags/dag_etl_camara_diario.py took 0.095 seconds
[2026-07-13T20:34:49.892+0000] {processor.py:161} INFO - Started process (PID=2209) to work on /opt/airflow/dags/dag_etl_camara_diario.py
[2026-07-13T20:34:49.893+0000] {processor.py:830} INFO - Processing file /opt/airflow/dags/dag_etl_camara_diario.py for tasks to queue
[2026-07-13T20:34:49.893+0000] {logging_mixin.py:188} INFO - [2026-07-13T20:34:49.893+0000] {dagbag.py:538} INFO - Filling up the DagBag from /opt/airflow/dags/dag_etl_camara_diario.py
[2026-07-13T20:34:49.902+0000] {processor.py:840} INFO - DAG(s) 'dag_etl_camara_diario' retrieved from /opt/airflow/dags/dag_etl_camara_diario.py
[2026-07-13T20:34:49.924+0000] {logging_mixin.py:188} INFO - [2026-07-13T20:34:49.924+0000] {dag.py:3036} INFO - Sync 1 DAGs
[2026-07-13T20:34:49.945+0000] {logging_mixin.py:188} INFO - [2026-07-13T20:34:49.944+0000] {dag.py:3823} INFO - Setting next_dagrun for dag_etl_camara_diario to 2026-07-12 03:00:00+00:00, run_after=2026-07-13 03:00:00+00:00
[2026-07-13T20:34:49.981+0000] {processor.py:183} INFO - Processing /opt/airflow/dags/dag_etl_camara_diario.py took 0.092 seconds
[2026-07-13T20:35:20.102+0000] {processor.py:161} INFO - Started process (PID=2224) to work on /opt/airflow/dags/dag_etl_camara_diario.py
[2026-07-13T20:35:20.103+0000] {processor.py:830} INFO - Processing file /opt/airflow/dags/dag_etl_camara_diario.py for tasks to queue
[2026-07-13T20:35:20.103+0000] {logging_mixin.py:188} INFO - [2026-07-13T20:35:20.103+0000] {dagbag.py:538} INFO - Filling up the DagBag from /opt/airflow/dags/dag_etl_camara_diario.py
[2026-07-13T20:35:20.112+0000] {processor.py:840} INFO - DAG(s) 'dag_etl_camara_diario' retrieved from /opt/airflow/dags/dag_etl_camara_diario.py
[2026-07-13T20:35:20.135+0000] {logging_mixin.py:188} INFO - [2026-07-13T20:35:20.135+0000] {dag.py:3036} INFO - Sync 1 DAGs
[2026-07-13T20:35:20.158+0000] {logging_mixin.py:188} INFO - [2026-07-13T20:35:20.158+0000] {dag.py:3823} INFO - Setting next_dagrun for dag_etl_camara_diario to 2026-07-12 03:00:00+00:00, run_after=2026-07-13 03:00:00+00:00
[2026-07-13T20:35:20.191+0000] {processor.py:183} INFO - Processing /opt/airflow/dags/dag_etl_camara_diario.py took 0.092 seconds
[2026-07-13T20:35:50.318+0000] {processor.py:161} INFO - Started process (PID=2239) to work on /opt/airflow/dags/dag_etl_camara_diario.py
[2026-07-13T20:35:50.319+0000] {processor.py:830} INFO - Processing file /opt/airflow/dags/dag_etl_camara_diario.py for tasks to queue
[2026-07-13T20:35:50.319+0000] {logging_mixin.py:188} INFO - [2026-07-13T20:35:50.319+0000] {dagbag.py:538} INFO - Filling up the DagBag from /opt/airflow/dags/dag_etl_camara_diario.py
[2026-07-13T20:35:50.328+0000] {processor.py:840} INFO - DAG(s) 'dag_etl_camara_diario' retrieved from /opt/airflow/dags/dag_etl_camara_diario.py
[2026-07-13T20:35:50.350+0000] {logging_mixin.py:188} INFO - [2026-07-13T20:35:50.349+0000] {dag.py:3036} INFO - Sync 1 DAGs
[2026-07-13T20:35:50.371+0000] {logging_mixin.py:188} INFO - [2026-07-13T20:35:50.371+0000] {dag.py:3823} INFO - Setting next_dagrun for dag_etl_camara_diario to 2026-07-12 03:00:00+00:00, run_after=2026-07-13 03:00:00+00:00
[2026-07-13T20:35:50.407+0000] {processor.py:183} INFO - Processing /opt/airflow/dags/dag_etl_camara_diario.py took 0.091 seconds
[2026-07-13T20:36:20.530+0000] {processor.py:161} INFO - Started process (PID=2254) to work on /opt/airflow/dags/dag_etl_camara_diario.py
[2026-07-13T20:36:20.531+0000] {processor.py:830} INFO - Processing file /opt/airflow/dags/dag_etl_camara_diario.py for tasks to queue
[2026-07-13T20:36:20.531+0000] {logging_mixin.py:188} INFO - [2026-07-13T20:36:20.531+0000] {dagbag.py:538} INFO - Filling up the DagBag from /opt/airflow/dags/dag_etl_camara_diario.py
[2026-07-13T20:36:20.540+0000] {processor.py:840} INFO - DAG(s) 'dag_etl_camara_diario' retrieved from /opt/airflow/dags/dag_etl_camara_diario.py
[2026-07-13T20:36:20.562+0000] {logging_mixin.py:188} INFO - [2026-07-13T20:36:20.561+0000] {dag.py:3036} INFO - Sync 1 DAGs
[2026-07-13T20:36:20.582+0000] {logging_mixin.py:188} INFO - [2026-07-13T20:36:20.582+0000] {dag.py:3823} INFO - Setting next_dagrun for dag_etl_camara_diario to 2026-07-12 03:00:00+00:00, run_after=2026-07-13 03:00:00+00:00
[2026-07-13T20:36:20.617+0000] {processor.py:183} INFO - Processing /opt/airflow/dags/dag_etl_camara_diario.py took 0.090 seconds
[2026-07-13T20:36:50.746+0000] {processor.py:161} INFO - Started process (PID=2269) to work on /opt/airflow/dags/dag_etl_camara_diario.py
[2026-07-13T20:36:50.747+0000] {processor.py:830} INFO - Processing file /opt/airflow/dags/dag_etl_camara_diario.py for tasks to queue
[2026-07-13T20:36:50.747+0000] {logging_mixin.py:188} INFO - [2026-07-13T20:36:50.747+0000] {dagbag.py:538} INFO - Filling up the DagBag from /opt/airflow/dags/dag_etl_camara_diario.py
[2026-07-13T20:36:50.757+0000] {processor.py:840} INFO - DAG(s) 'dag_etl_camara_diario' retrieved from /opt/airflow/dags/dag_etl_camara_diario.py
[2026-07-13T20:36:50.780+0000] {logging_mixin.py:188} INFO - [2026-07-13T20:36:50.780+0000] {dag.py:3036} INFO - Sync 1 DAGs
[2026-07-13T20:36:50.803+0000] {logging_mixin.py:188} INFO - [2026-07-13T20:36:50.802+0000] {dag.py:3823} INFO - Setting next_dagrun for dag_etl_camara_diario to 2026-07-12 03:00:00+00:00, run_after=2026-07-13 03:00:00+00:00
[2026-07-13T20:36:50.837+0000] {processor.py:183} INFO - Processing /opt/airflow/dags/dag_etl_camara_diario.py took 0.093 seconds
[2026-07-13T20:37:20.961+0000] {processor.py:161} INFO - Started process (PID=2284) to work on /opt/airflow/dags/dag_etl_camara_diario.py
[2026-07-13T20:37:20.962+0000] {processor.py:830} INFO - Processing file /opt/airflow/dags/dag_etl_camara_diario.py for tasks to queue
[2026-07-13T20:37:20.963+0000] {logging_mixin.py:188} INFO - [2026-07-13T20:37:20.963+0000] {dagbag.py:538} INFO - Filling up the DagBag from /opt/airflow/dags/dag_etl_camara_diario.py
[2026-07-13T20:37:20.972+0000] {processor.py:840} INFO - DAG(s) 'dag_etl_camara_diario' retrieved from /opt/airflow/dags/dag_etl_camara_diario.py
[2026-07-13T20:37:20.994+0000] {logging_mixin.py:188} INFO - [2026-07-13T20:37:20.993+0000] {dag.py:3036} INFO - Sync 1 DAGs
[2026-07-13T20:37:21.014+0000] {logging_mixin.py:188} INFO - [2026-07-13T20:37:21.014+0000] {dag.py:3823} INFO - Setting next_dagrun for dag_etl_camara_diario to 2026-07-12 03:00:00+00:00, run_after=2026-07-13 03:00:00+00:00
[2026-07-13T20:37:21.050+0000] {processor.py:183} INFO - Processing /opt/airflow/dags/dag_etl_camara_diario.py took 0.092 seconds
[2026-07-13T20:37:51.169+0000] {processor.py:161} INFO - Started process (PID=2299) to work on /opt/airflow/dags/dag_etl_camara_diario.py
[2026-07-13T20:37:51.170+0000] {processor.py:830} INFO - Processing file /opt/airflow/dags/dag_etl_camara_diario.py for tasks to queue
[2026-07-13T20:37:51.171+0000] {logging_mixin.py:188} INFO - [2026-07-13T20:37:51.170+0000] {dagbag.py:538} INFO - Filling up the DagBag from /opt/airflow/dags/dag_etl_camara_diario.py
[2026-07-13T20:37:51.180+0000] {processor.py:840} INFO - DAG(s) 'dag_etl_camara_diario' retrieved from /opt/airflow/dags/dag_etl_camara_diario.py
[2026-07-13T20:37:51.203+0000] {logging_mixin.py:188} INFO - [2026-07-13T20:37:51.202+0000] {dag.py:3036} INFO - Sync 1 DAGs
[2026-07-13T20:37:51.224+0000] {logging_mixin.py:188} INFO - [2026-07-13T20:37:51.223+0000] {dag.py:3823} INFO - Setting next_dagrun for dag_etl_camara_diario to 2026-07-12 03:00:00+00:00, run_after=2026-07-13 03:00:00+00:00
[2026-07-13T20:37:51.258+0000] {processor.py:183} INFO - Processing /opt/airflow/dags/dag_etl_camara_diario.py took 0.092 seconds
[2026-07-13T20:38:21.378+0000] {processor.py:161} INFO - Started process (PID=2314) to work on /opt/airflow/dags/dag_etl_camara_diario.py
[2026-07-13T20:38:21.379+0000] {processor.py:830} INFO - Processing file /opt/airflow/dags/dag_etl_camara_diario.py for tasks to queue
[2026-07-13T20:38:21.379+0000] {logging_mixin.py:188} INFO - [2026-07-13T20:38:21.379+0000] {dagbag.py:538} INFO - Filling up the DagBag from /opt/airflow/dags/dag_etl_camara_diario.py
[2026-07-13T20:38:21.388+0000] {processor.py:840} INFO - DAG(s) 'dag_etl_camara_diario' retrieved from /opt/airflow/dags/dag_etl_camara_diario.py
[2026-07-13T20:38:21.410+0000] {logging_mixin.py:188} INFO - [2026-07-13T20:38:21.410+0000] {dag.py:3036} INFO - Sync 1 DAGs
[2026-07-13T20:38:21.432+0000] {logging_mixin.py:188} INFO - [2026-07-13T20:38:21.432+0000] {dag.py:3823} INFO - Setting next_dagrun for dag_etl_camara_diario to 2026-07-12 03:00:00+00:00, run_after=2026-07-13 03:00:00+00:00
[2026-07-13T20:38:21.467+0000] {processor.py:183} INFO - Processing /opt/airflow/dags/dag_etl_camara_diario.py took 0.091 seconds
[2026-07-13T20:38:51.590+0000] {processor.py:161} INFO - Started process (PID=2329) to work on /opt/airflow/dags/dag_etl_camara_diario.py
[2026-07-13T20:38:51.590+0000] {processor.py:830} INFO - Processing file /opt/airflow/dags/dag_etl_camara_diario.py for tasks to queue
[2026-07-13T20:38:51.591+0000] {logging_mixin.py:188} INFO - [2026-07-13T20:38:51.591+0000] {dagbag.py:538} INFO - Filling up the DagBag from /opt/airflow/dags/dag_etl_camara_diario.py
[2026-07-13T20:38:51.600+0000] {processor.py:840} INFO - DAG(s) 'dag_etl_camara_diario' retrieved from /opt/airflow/dags/dag_etl_camara_diario.py
[2026-07-13T20:38:51.622+0000] {logging_mixin.py:188} INFO - [2026-07-13T20:38:51.622+0000] {dag.py:3036} INFO - Sync 1 DAGs
[2026-07-13T20:38:51.644+0000] {logging_mixin.py:188} INFO - [2026-07-13T20:38:51.643+0000] {dag.py:3823} INFO - Setting next_dagrun for dag_etl_camara_diario to 2026-07-12 03:00:00+00:00, run_after=2026-07-13 03:00:00+00:00
[2026-07-13T20:38:51.681+0000] {processor.py:183} INFO - Processing /opt/airflow/dags/dag_etl_camara_diario.py took 0.094 seconds
[2026-07-13T20:39:21.800+0000] {processor.py:161} INFO - Started process (PID=2344) to work on /opt/airflow/dags/dag_etl_camara_diario.py
[2026-07-13T20:39:21.801+0000] {processor.py:830} INFO - Processing file /opt/airflow/dags/dag_etl_camara_diario.py for tasks to queue
[2026-07-13T20:39:21.802+0000] {logging_mixin.py:188} INFO - [2026-07-13T20:39:21.802+0000] {dagbag.py:538} INFO - Filling up the DagBag from /opt/airflow/dags/dag_etl_camara_diario.py
[2026-07-13T20:39:21.812+0000] {processor.py:840} INFO - DAG(s) 'dag_etl_camara_diario' retrieved from /opt/airflow/dags/dag_etl_camara_diario.py
[2026-07-13T20:39:21.833+0000] {logging_mixin.py:188} INFO - [2026-07-13T20:39:21.833+0000] {dag.py:3036} INFO - Sync 1 DAGs
[2026-07-13T20:39:21.853+0000] {logging_mixin.py:188} INFO - [2026-07-13T20:39:21.853+0000] {dag.py:3823} INFO - Setting next_dagrun for dag_etl_camara_diario to 2026-07-12 03:00:00+00:00, run_after=2026-07-13 03:00:00+00:00
[2026-07-13T20:39:21.889+0000] {processor.py:183} INFO - Processing /opt/airflow/dags/dag_etl_camara_diario.py took 0.091 seconds
[2026-07-13T20:39:52.013+0000] {processor.py:161} INFO - Started process (PID=2359) to work on /opt/airflow/dags/dag_etl_camara_diario.py
[2026-07-13T20:39:52.014+0000] {processor.py:830} INFO - Processing file /opt/airflow/dags/dag_etl_camara_diario.py for tasks to queue
[2026-07-13T20:39:52.015+0000] {logging_mixin.py:188} INFO - [2026-07-13T20:39:52.015+0000] {dagbag.py:538} INFO - Filling up the DagBag from /opt/airflow/dags/dag_etl_camara_diario.py
[2026-07-13T20:39:52.024+0000] {processor.py:840} INFO - DAG(s) 'dag_etl_camara_diario' retrieved from /opt/airflow/dags/dag_etl_camara_diario.py
[2026-07-13T20:39:52.046+0000] {logging_mixin.py:188} INFO - [2026-07-13T20:39:52.045+0000] {dag.py:3036} INFO - Sync 1 DAGs
[2026-07-13T20:39:52.068+0000] {logging_mixin.py:188} INFO - [2026-07-13T20:39:52.067+0000] {dag.py:3823} INFO - Setting next_dagrun for dag_etl_camara_diario to 2026-07-12 03:00:00+00:00, run_after=2026-07-13 03:00:00+00:00
[2026-07-13T20:39:52.105+0000] {processor.py:183} INFO - Processing /opt/airflow/dags/dag_etl_camara_diario.py took 0.094 seconds
[2026-07-13T20:40:22.228+0000] {processor.py:161} INFO - Started process (PID=2374) to work on /opt/airflow/dags/dag_etl_camara_diario.py
[2026-07-13T20:40:22.229+0000] {processor.py:830} INFO - Processing file /opt/airflow/dags/dag_etl_camara_diario.py for tasks to queue
[2026-07-13T20:40:22.230+0000] {logging_mixin.py:188} INFO - [2026-07-13T20:40:22.229+0000] {dagbag.py:538} INFO - Filling up the DagBag from /opt/airflow/dags/dag_etl_camara_diario.py
[2026-07-13T20:40:22.238+0000] {processor.py:840} INFO - DAG(s) 'dag_etl_camara_diario' retrieved from /opt/airflow/dags/dag_etl_camara_diario.py
[2026-07-13T20:40:22.260+0000] {logging_mixin.py:188} INFO - [2026-07-13T20:40:22.260+0000] {dag.py:3036} INFO - Sync 1 DAGs
[2026-07-13T20:40:22.281+0000] {logging_mixin.py:188} INFO - [2026-07-13T20:40:22.280+0000] {dag.py:3823} INFO - Setting next_dagrun for dag_etl_camara_diario to 2026-07-12 03:00:00+00:00, run_after=2026-07-13 03:00:00+00:00
[2026-07-13T20:40:22.315+0000] {processor.py:183} INFO - Processing /opt/airflow/dags/dag_etl_camara_diario.py took 0.090 seconds
[2026-07-13T20:40:52.439+0000] {processor.py:161} INFO - Started process (PID=2389) to work on /opt/airflow/dags/dag_etl_camara_diario.py
[2026-07-13T20:40:52.440+0000] {processor.py:830} INFO - Processing file /opt/airflow/dags/dag_etl_camara_diario.py for tasks to queue
[2026-07-13T20:40:52.440+0000] {logging_mixin.py:188} INFO - [2026-07-13T20:40:52.440+0000] {dagbag.py:538} INFO - Filling up the DagBag from /opt/airflow/dags/dag_etl_camara_diario.py
[2026-07-13T20:40:52.449+0000] {processor.py:840} INFO - DAG(s) 'dag_etl_camara_diario' retrieved from /opt/airflow/dags/dag_etl_camara_diario.py
[2026-07-13T20:40:52.471+0000] {logging_mixin.py:188} INFO - [2026-07-13T20:40:52.471+0000] {dag.py:3036} INFO - Sync 1 DAGs
[2026-07-13T20:40:52.492+0000] {logging_mixin.py:188} INFO - [2026-07-13T20:40:52.492+0000] {dag.py:3823} INFO - Setting next_dagrun for dag_etl_camara_diario to 2026-07-12 03:00:00+00:00, run_after=2026-07-13 03:00:00+00:00
[2026-07-13T20:40:52.530+0000] {processor.py:183} INFO - Processing /opt/airflow/dags/dag_etl_camara_diario.py took 0.093 seconds
[2026-07-13T20:41:22.645+0000] {processor.py:161} INFO - Started process (PID=2404) to work on /opt/airflow/dags/dag_etl_camara_diario.py
[2026-07-13T20:41:22.646+0000] {processor.py:830} INFO - Processing file /opt/airflow/dags/dag_etl_camara_diario.py for tasks to queue
[2026-07-13T20:41:22.647+0000] {logging_mixin.py:188} INFO - [2026-07-13T20:41:22.647+0000] {dagbag.py:538} INFO - Filling up the DagBag from /opt/airflow/dags/dag_etl_camara_diario.py
[2026-07-13T20:41:22.656+0000] {processor.py:840} INFO - DAG(s) 'dag_etl_camara_diario' retrieved from /opt/airflow/dags/dag_etl_camara_diario.py
[2026-07-13T20:41:22.676+0000] {logging_mixin.py:188} INFO - [2026-07-13T20:41:22.676+0000] {dag.py:3036} INFO - Sync 1 DAGs
[2026-07-13T20:41:22.697+0000] {logging_mixin.py:188} INFO - [2026-07-13T20:41:22.697+0000] {dag.py:3823} INFO - Setting next_dagrun for dag_etl_camara_diario to 2026-07-12 03:00:00+00:00, run_after=2026-07-13 03:00:00+00:00
[2026-07-13T20:41:22.733+0000] {processor.py:183} INFO - Processing /opt/airflow/dags/dag_etl_camara_diario.py took 0.090 seconds
[2026-07-13T20:41:52.864+0000] {processor.py:161} INFO - Started process (PID=2419) to work on /opt/airflow/dags/dag_etl_camara_diario.py
[2026-07-13T20:41:52.865+0000] {processor.py:830} INFO - Processing file /opt/airflow/dags/dag_etl_camara_diario.py for tasks to queue
[2026-07-13T20:41:52.865+0000] {logging_mixin.py:188} INFO - [2026-07-13T20:41:52.865+0000] {dagbag.py:538} INFO - Filling up the DagBag from /opt/airflow/dags/dag_etl_camara_diario.py
[2026-07-13T20:41:52.874+0000] {processor.py:840} INFO - DAG(s) 'dag_etl_camara_diario' retrieved from /opt/airflow/dags/dag_etl_camara_diario.py
[2026-07-13T20:41:52.896+0000] {logging_mixin.py:188} INFO - [2026-07-13T20:41:52.895+0000] {dag.py:3036} INFO - Sync 1 DAGs
[2026-07-13T20:41:52.915+0000] {logging_mixin.py:188} INFO - [2026-07-13T20:41:52.915+0000] {dag.py:3823} INFO - Setting next_dagrun for dag_etl_camara_diario to 2026-07-12 03:00:00+00:00, run_after=2026-07-13 03:00:00+00:00
[2026-07-13T20:41:52.951+0000] {processor.py:183} INFO - Processing /opt/airflow/dags/dag_etl_camara_diario.py took 0.090 seconds
[2026-07-13T20:42:23.080+0000] {processor.py:161} INFO - Started process (PID=2434) to work on /opt/airflow/dags/dag_etl_camara_diario.py
[2026-07-13T20:42:23.081+0000] {processor.py:830} INFO - Processing file /opt/airflow/dags/dag_etl_camara_diario.py for tasks to queue
[2026-07-13T20:42:23.081+0000] {logging_mixin.py:188} INFO - [2026-07-13T20:42:23.081+0000] {dagbag.py:538} INFO - Filling up the DagBag from /opt/airflow/dags/dag_etl_camara_diario.py
[2026-07-13T20:42:23.092+0000] {processor.py:840} INFO - DAG(s) 'dag_etl_camara_diario' retrieved from /opt/airflow/dags/dag_etl_camara_diario.py
[2026-07-13T20:42:23.114+0000] {logging_mixin.py:188} INFO - [2026-07-13T20:42:23.114+0000] {dag.py:3036} INFO - Sync 1 DAGs
[2026-07-13T20:42:23.136+0000] {logging_mixin.py:188} INFO - [2026-07-13T20:42:23.136+0000] {dag.py:3823} INFO - Setting next_dagrun for dag_etl_camara_diario to 2026-07-12 03:00:00+00:00, run_after=2026-07-13 03:00:00+00:00
[2026-07-13T20:42:23.167+0000] {processor.py:183} INFO - Processing /opt/airflow/dags/dag_etl_camara_diario.py took 0.089 seconds
[2026-07-13T20:42:53.291+0000] {processor.py:161} INFO - Started process (PID=2449) to work on /opt/airflow/dags/dag_etl_camara_diario.py
[2026-07-13T20:42:53.291+0000] {processor.py:830} INFO - Processing file /opt/airflow/dags/dag_etl_camara_diario.py for tasks to queue
[2026-07-13T20:42:53.292+0000] {logging_mixin.py:188} INFO - [2026-07-13T20:42:53.292+0000] {dagbag.py:538} INFO - Filling up the DagBag from /opt/airflow/dags/dag_etl_camara_diario.py
[2026-07-13T20:42:53.302+0000] {processor.py:840} INFO - DAG(s) 'dag_etl_camara_diario' retrieved from /opt/airflow/dags/dag_etl_camara_diario.py
[2026-07-13T20:42:53.323+0000] {logging_mixin.py:188} INFO - [2026-07-13T20:42:53.323+0000] {dag.py:3036} INFO - Sync 1 DAGs
[2026-07-13T20:42:53.344+0000] {logging_mixin.py:188} INFO - [2026-07-13T20:42:53.344+0000] {dag.py:3823} INFO - Setting next_dagrun for dag_etl_camara_diario to 2026-07-12 03:00:00+00:00, run_after=2026-07-13 03:00:00+00:00
[2026-07-13T20:42:53.379+0000] {processor.py:183} INFO - Processing /opt/airflow/dags/dag_etl_camara_diario.py took 0.091 seconds
[2026-07-13T20:43:23.499+0000] {processor.py:161} INFO - Started process (PID=2464) to work on /opt/airflow/dags/dag_etl_camara_diario.py
[2026-07-13T20:43:23.500+0000] {processor.py:830} INFO - Processing file /opt/airflow/dags/dag_etl_camara_diario.py for tasks to queue
[2026-07-13T20:43:23.500+0000] {logging_mixin.py:188} INFO - [2026-07-13T20:43:23.500+0000] {dagbag.py:538} INFO - Filling up the DagBag from /opt/airflow/dags/dag_etl_camara_diario.py
[2026-07-13T20:43:23.509+0000] {processor.py:840} INFO - DAG(s) 'dag_etl_camara_diario' retrieved from /opt/airflow/dags/dag_etl_camara_diario.py
[2026-07-13T20:43:23.530+0000] {logging_mixin.py:188} INFO - [2026-07-13T20:43:23.530+0000] {dag.py:3036} INFO - Sync 1 DAGs
[2026-07-13T20:43:23.551+0000] {logging_mixin.py:188} INFO - [2026-07-13T20:43:23.551+0000] {dag.py:3823} INFO - Setting next_dagrun for dag_etl_camara_diario to 2026-07-12 03:00:00+00:00, run_after=2026-07-13 03:00:00+00:00
[2026-07-13T20:43:23.590+0000] {processor.py:183} INFO - Processing /opt/airflow/dags/dag_etl_camara_diario.py took 0.094 seconds
[2026-07-13T20:43:53.704+0000] {processor.py:161} INFO - Started process (PID=2479) to work on /opt/airflow/dags/dag_etl_camara_diario.py
[2026-07-13T20:43:53.705+0000] {processor.py:830} INFO - Processing file /opt/airflow/dags/dag_etl_camara_diario.py for tasks to queue
[2026-07-13T20:43:53.705+0000] {logging_mixin.py:188} INFO - [2026-07-13T20:43:53.705+0000] {dagbag.py:538} INFO - Filling up the DagBag from /opt/airflow/dags/dag_etl_camara_diario.py
[2026-07-13T20:43:53.714+0000] {processor.py:840} INFO - DAG(s) 'dag_etl_camara_diario' retrieved from /opt/airflow/dags/dag_etl_camara_diario.py
[2026-07-13T20:43:53.736+0000] {logging_mixin.py:188} INFO - [2026-07-13T20:43:53.735+0000] {dag.py:3036} INFO - Sync 1 DAGs
[2026-07-13T20:43:53.760+0000] {logging_mixin.py:188} INFO - [2026-07-13T20:43:53.760+0000] {dag.py:3823} INFO - Setting next_dagrun for dag_etl_camara_diario to 2026-07-12 03:00:00+00:00, run_after=2026-07-13 03:00:00+00:00
[2026-07-13T20:43:53.774+0000] {processor.py:183} INFO - Processing /opt/airflow/dags/dag_etl_camara_diario.py took 0.073 seconds
[2026-07-13T20:44:23.894+0000] {processor.py:161} INFO - Started process (PID=2494) to work on /opt/airflow/dags/dag_etl_camara_diario.py
[2026-07-13T20:44:23.895+0000] {processor.py:830} INFO - Processing file /opt/airflow/dags/dag_etl_camara_diario.py for tasks to queue
[2026-07-13T20:44:23.896+0000] {logging_mixin.py:188} INFO - [2026-07-13T20:44:23.896+0000] {dagbag.py:538} INFO - Filling up the DagBag from /opt/airflow/dags/dag_etl_camara_diario.py
[2026-07-13T20:44:23.905+0000] {processor.py:840} INFO - DAG(s) 'dag_etl_camara_diario' retrieved from /opt/airflow/dags/dag_etl_camara_diario.py
[2026-07-13T20:44:23.927+0000] {logging_mixin.py:188} INFO - [2026-07-13T20:44:23.927+0000] {dag.py:3036} INFO - Sync 1 DAGs
[2026-07-13T20:44:23.949+0000] {logging_mixin.py:188} INFO - [2026-07-13T20:44:23.949+0000] {dag.py:3823} INFO - Setting next_dagrun for dag_etl_camara_diario to 2026-07-12 03:00:00+00:00, run_after=2026-07-13 03:00:00+00:00
[2026-07-13T20:44:23.982+0000] {processor.py:183} INFO - Processing /opt/airflow/dags/dag_etl_camara_diario.py took 0.090 seconds
[2026-07-13T20:44:54.102+0000] {processor.py:161} INFO - Started process (PID=2509) to work on /opt/airflow/dags/dag_etl_camara_diario.py
[2026-07-13T20:44:54.102+0000] {processor.py:830} INFO - Processing file /opt/airflow/dags/dag_etl_camara_diario.py for tasks to queue
[2026-07-13T20:44:54.103+0000] {logging_mixin.py:188} INFO - [2026-07-13T20:44:54.103+0000] {dagbag.py:538} INFO - Filling up the DagBag from /opt/airflow/dags/dag_etl_camara_diario.py
[2026-07-13T20:44:54.112+0000] {processor.py:840} INFO - DAG(s) 'dag_etl_camara_diario' retrieved from /opt/airflow/dags/dag_etl_camara_diario.py
[2026-07-13T20:44:54.134+0000] {logging_mixin.py:188} INFO - [2026-07-13T20:44:54.134+0000] {dag.py:3036} INFO - Sync 1 DAGs
[2026-07-13T20:44:54.155+0000] {logging_mixin.py:188} INFO - [2026-07-13T20:44:54.155+0000] {dag.py:3823} INFO - Setting next_dagrun for dag_etl_camara_diario to 2026-07-12 03:00:00+00:00, run_after=2026-07-13 03:00:00+00:00
[2026-07-13T20:44:54.192+0000] {processor.py:183} INFO - Processing /opt/airflow/dags/dag_etl_camara_diario.py took 0.093 seconds
[2026-07-13T20:45:24.234+0000] {processor.py:161} INFO - Started process (PID=2524) to work on /opt/airflow/dags/dag_etl_camara_diario.py
[2026-07-13T20:45:24.235+0000] {processor.py:830} INFO - Processing file /opt/airflow/dags/dag_etl_camara_diario.py for tasks to queue
[2026-07-13T20:45:24.236+0000] {logging_mixin.py:188} INFO - [2026-07-13T20:45:24.235+0000] {dagbag.py:538} INFO - Filling up the DagBag from /opt/airflow/dags/dag_etl_camara_diario.py
[2026-07-13T20:45:24.245+0000] {processor.py:840} INFO - DAG(s) 'dag_etl_camara_diario' retrieved from /opt/airflow/dags/dag_etl_camara_diario.py
[2026-07-13T20:45:24.266+0000] {logging_mixin.py:188} INFO - [2026-07-13T20:45:24.266+0000] {dag.py:3036} INFO - Sync 1 DAGs
[2026-07-13T20:45:24.286+0000] {logging_mixin.py:188} INFO - [2026-07-13T20:45:24.286+0000] {dag.py:3823} INFO - Setting next_dagrun for dag_etl_camara_diario to 2026-07-12 03:00:00+00:00, run_after=2026-07-13 03:00:00+00:00
[2026-07-13T20:45:24.300+0000] {processor.py:183} INFO - Processing /opt/airflow/dags/dag_etl_camara_diario.py took 0.068 seconds
[2026-07-13T20:45:54.431+0000] {processor.py:161} INFO - Started process (PID=2539) to work on /opt/airflow/dags/dag_etl_camara_diario.py
[2026-07-13T20:45:54.432+0000] {processor.py:830} INFO - Processing file /opt/airflow/dags/dag_etl_camara_diario.py for tasks to queue
[2026-07-13T20:45:54.432+0000] {logging_mixin.py:188} INFO - [2026-07-13T20:45:54.432+0000] {dagbag.py:538} INFO - Filling up the DagBag from /opt/airflow/dags/dag_etl_camara_diario.py
[2026-07-13T20:45:54.441+0000] {processor.py:840} INFO - DAG(s) 'dag_etl_camara_diario' retrieved from /opt/airflow/dags/dag_etl_camara_diario.py
[2026-07-13T20:45:54.462+0000] {logging_mixin.py:188} INFO - [2026-07-13T20:45:54.462+0000] {dag.py:3036} INFO - Sync 1 DAGs
[2026-07-13T20:45:54.482+0000] {logging_mixin.py:188} INFO - [2026-07-13T20:45:54.482+0000] {dag.py:3823} INFO - Setting next_dagrun for dag_etl_camara_diario to 2026-07-12 03:00:00+00:00, run_after=2026-07-13 03:00:00+00:00
[2026-07-13T20:45:54.520+0000] {processor.py:183} INFO - Processing /opt/airflow/dags/dag_etl_camara_diario.py took 0.092 seconds
[2026-07-13T20:46:24.655+0000] {processor.py:161} INFO - Started process (PID=2554) to work on /opt/airflow/dags/dag_etl_camara_diario.py
[2026-07-13T20:46:24.656+0000] {processor.py:830} INFO - Processing file /opt/airflow/dags/dag_etl_camara_diario.py for tasks to queue
[2026-07-13T20:46:24.657+0000] {logging_mixin.py:188} INFO - [2026-07-13T20:46:24.657+0000] {dagbag.py:538} INFO - Filling up the DagBag from /opt/airflow/dags/dag_etl_camara_diario.py
[2026-07-13T20:46:24.666+0000] {processor.py:840} INFO - DAG(s) 'dag_etl_camara_diario' retrieved from /opt/airflow/dags/dag_etl_camara_diario.py
[2026-07-13T20:46:24.687+0000] {logging_mixin.py:188} INFO - [2026-07-13T20:46:24.687+0000] {dag.py:3036} INFO - Sync 1 DAGs
[2026-07-13T20:46:24.710+0000] {logging_mixin.py:188} INFO - [2026-07-13T20:46:24.710+0000] {dag.py:3823} INFO - Setting next_dagrun for dag_etl_camara_diario to 2026-07-12 03:00:00+00:00, run_after=2026-07-13 03:00:00+00:00
[2026-07-13T20:46:24.747+0000] {processor.py:183} INFO - Processing /opt/airflow/dags/dag_etl_camara_diario.py took 0.094 seconds
[2026-07-13T20:46:54.871+0000] {processor.py:161} INFO - Started process (PID=2569) to work on /opt/airflow/dags/dag_etl_camara_diario.py
[2026-07-13T20:46:54.872+0000] {processor.py:830} INFO - Processing file /opt/airflow/dags/dag_etl_camara_diario.py for tasks to queue
[2026-07-13T20:46:54.873+0000] {logging_mixin.py:188} INFO - [2026-07-13T20:46:54.873+0000] {dagbag.py:538} INFO - Filling up the DagBag from /opt/airflow/dags/dag_etl_camara_diario.py
[2026-07-13T20:46:54.882+0000] {processor.py:840} INFO - DAG(s) 'dag_etl_camara_diario' retrieved from /opt/airflow/dags/dag_etl_camara_diario.py
[2026-07-13T20:46:54.903+0000] {logging_mixin.py:188} INFO - [2026-07-13T20:46:54.903+0000] {dag.py:3036} INFO - Sync 1 DAGs
[2026-07-13T20:46:54.924+0000] {logging_mixin.py:188} INFO - [2026-07-13T20:46:54.924+0000] {dag.py:3823} INFO - Setting next_dagrun for dag_etl_camara_diario to 2026-07-12 03:00:00+00:00, run_after=2026-07-13 03:00:00+00:00
[2026-07-13T20:46:54.965+0000] {processor.py:183} INFO - Processing /opt/airflow/dags/dag_etl_camara_diario.py took 0.096 seconds
[2026-07-13T20:47:25.087+0000] {processor.py:161} INFO - Started process (PID=2584) to work on /opt/airflow/dags/dag_etl_camara_diario.py
[2026-07-13T20:47:25.088+0000] {processor.py:830} INFO - Processing file /opt/airflow/dags/dag_etl_camara_diario.py for tasks to queue
[2026-07-13T20:47:25.089+0000] {logging_mixin.py:188} INFO - [2026-07-13T20:47:25.089+0000] {dagbag.py:538} INFO - Filling up the DagBag from /opt/airflow/dags/dag_etl_camara_diario.py
[2026-07-13T20:47:25.098+0000] {processor.py:840} INFO - DAG(s) 'dag_etl_camara_diario' retrieved from /opt/airflow/dags/dag_etl_camara_diario.py
[2026-07-13T20:47:25.120+0000] {logging_mixin.py:188} INFO - [2026-07-13T20:47:25.119+0000] {dag.py:3036} INFO - Sync 1 DAGs
[2026-07-13T20:47:25.143+0000] {logging_mixin.py:188} INFO - [2026-07-13T20:47:25.143+0000] {dag.py:3823} INFO - Setting next_dagrun for dag_etl_camara_diario to 2026-07-12 03:00:00+00:00, run_after=2026-07-13 03:00:00+00:00
[2026-07-13T20:47:25.178+0000] {processor.py:183} INFO - Processing /opt/airflow/dags/dag_etl_camara_diario.py took 0.094 seconds
[2026-07-13T20:47:55.302+0000] {processor.py:161} INFO - Started process (PID=2599) to work on /opt/airflow/dags/dag_etl_camara_diario.py
[2026-07-13T20:47:55.303+0000] {processor.py:830} INFO - Processing file /opt/airflow/dags/dag_etl_camara_diario.py for tasks to queue
[2026-07-13T20:47:55.303+0000] {logging_mixin.py:188} INFO - [2026-07-13T20:47:55.303+0000] {dagbag.py:538} INFO - Filling up the DagBag from /opt/airflow/dags/dag_etl_camara_diario.py
[2026-07-13T20:47:55.313+0000] {processor.py:840} INFO - DAG(s) 'dag_etl_camara_diario' retrieved from /opt/airflow/dags/dag_etl_camara_diario.py
[2026-07-13T20:47:55.335+0000] {logging_mixin.py:188} INFO - [2026-07-13T20:47:55.335+0000] {dag.py:3036} INFO - Sync 1 DAGs
[2026-07-13T20:47:55.355+0000] {logging_mixin.py:188} INFO - [2026-07-13T20:47:55.355+0000] {dag.py:3823} INFO - Setting next_dagrun for dag_etl_camara_diario to 2026-07-12 03:00:00+00:00, run_after=2026-07-13 03:00:00+00:00
[2026-07-13T20:47:55.392+0000] {processor.py:183} INFO - Processing /opt/airflow/dags/dag_etl_camara_diario.py took 0.093 seconds
[2026-07-13T20:48:25.511+0000] {processor.py:161} INFO - Started process (PID=2614) to work on /opt/airflow/dags/dag_etl_camara_diario.py
[2026-07-13T20:48:25.512+0000] {processor.py:830} INFO - Processing file /opt/airflow/dags/dag_etl_camara_diario.py for tasks to queue
[2026-07-13T20:48:25.513+0000] {logging_mixin.py:188} INFO - [2026-07-13T20:48:25.513+0000] {dagbag.py:538} INFO - Filling up the DagBag from /opt/airflow/dags/dag_etl_camara_diario.py
[2026-07-13T20:48:25.522+0000] {processor.py:840} INFO - DAG(s) 'dag_etl_camara_diario' retrieved from /opt/airflow/dags/dag_etl_camara_diario.py
[2026-07-13T20:48:25.544+0000] {logging_mixin.py:188} INFO - [2026-07-13T20:48:25.543+0000] {dag.py:3036} INFO - Sync 1 DAGs
[2026-07-13T20:48:25.564+0000] {logging_mixin.py:188} INFO - [2026-07-13T20:48:25.564+0000] {dag.py:3823} INFO - Setting next_dagrun for dag_etl_camara_diario to 2026-07-12 03:00:00+00:00, run_after=2026-07-13 03:00:00+00:00
[2026-07-13T20:48:25.604+0000] {processor.py:183} INFO - Processing /opt/airflow/dags/dag_etl_camara_diario.py took 0.095 seconds
[2026-07-13T20:48:55.725+0000] {processor.py:161} INFO - Started process (PID=2629) to work on /opt/airflow/dags/dag_etl_camara_diario.py
[2026-07-13T20:48:55.726+0000] {processor.py:830} INFO - Processing file /opt/airflow/dags/dag_etl_camara_diario.py for tasks to queue
[2026-07-13T20:48:55.727+0000] {logging_mixin.py:188} INFO - [2026-07-13T20:48:55.726+0000] {dagbag.py:538} INFO - Filling up the DagBag from /opt/airflow/dags/dag_etl_camara_diario.py
[2026-07-13T20:48:55.736+0000] {processor.py:840} INFO - DAG(s) 'dag_etl_camara_diario' retrieved from /opt/airflow/dags/dag_etl_camara_diario.py
[2026-07-13T20:48:55.758+0000] {logging_mixin.py:188} INFO - [2026-07-13T20:48:55.758+0000] {dag.py:3036} INFO - Sync 1 DAGs
[2026-07-13T20:48:55.780+0000] {logging_mixin.py:188} INFO - [2026-07-13T20:48:55.780+0000] {dag.py:3823} INFO - Setting next_dagrun for dag_etl_camara_diario to 2026-07-12 03:00:00+00:00, run_after=2026-07-13 03:00:00+00:00
[2026-07-13T20:48:55.813+0000] {processor.py:183} INFO - Processing /opt/airflow/dags/dag_etl_camara_diario.py took 0.090 seconds
[2026-07-13T20:49:25.937+0000] {processor.py:161} INFO - Started process (PID=2644) to work on /opt/airflow/dags/dag_etl_camara_diario.py
[2026-07-13T20:49:25.938+0000] {processor.py:830} INFO - Processing file /opt/airflow/dags/dag_etl_camara_diario.py for tasks to queue
[2026-07-13T20:49:25.939+0000] {logging_mixin.py:188} INFO - [2026-07-13T20:49:25.939+0000] {dagbag.py:538} INFO - Filling up the DagBag from /opt/airflow/dags/dag_etl_camara_diario.py
[2026-07-13T20:49:25.949+0000] {processor.py:840} INFO - DAG(s) 'dag_etl_camara_diario' retrieved from /opt/airflow/dags/dag_etl_camara_diario.py
[2026-07-13T20:49:25.970+0000] {logging_mixin.py:188} INFO - [2026-07-13T20:49:25.970+0000] {dag.py:3036} INFO - Sync 1 DAGs
[2026-07-13T20:49:25.992+0000] {logging_mixin.py:188} INFO - [2026-07-13T20:49:25.992+0000] {dag.py:3823} INFO - Setting next_dagrun for dag_etl_camara_diario to 2026-07-12 03:00:00+00:00, run_after=2026-07-13 03:00:00+00:00
[2026-07-13T20:49:26.029+0000] {processor.py:183} INFO - Processing /opt/airflow/dags/dag_etl_camara_diario.py took 0.094 seconds
[2026-07-13T20:49:56.154+0000] {processor.py:161} INFO - Started process (PID=2659) to work on /opt/airflow/dags/dag_etl_camara_diario.py
[2026-07-13T20:49:56.155+0000] {processor.py:830} INFO - Processing file /opt/airflow/dags/dag_etl_camara_diario.py for tasks to queue
[2026-07-13T20:49:56.155+0000] {logging_mixin.py:188} INFO - [2026-07-13T20:49:56.155+0000] {dagbag.py:538} INFO - Filling up the DagBag from /opt/airflow/dags/dag_etl_camara_diario.py
[2026-07-13T20:49:56.165+0000] {processor.py:840} INFO - DAG(s) 'dag_etl_camara_diario' retrieved from /opt/airflow/dags/dag_etl_camara_diario.py
[2026-07-13T20:49:56.187+0000] {logging_mixin.py:188} INFO - [2026-07-13T20:49:56.187+0000] {dag.py:3036} INFO - Sync 1 DAGs
[2026-07-13T20:49:56.210+0000] {logging_mixin.py:188} INFO - [2026-07-13T20:49:56.210+0000] {dag.py:3823} INFO - Setting next_dagrun for dag_etl_camara_diario to 2026-07-12 03:00:00+00:00, run_after=2026-07-13 03:00:00+00:00
[2026-07-13T20:49:56.246+0000] {processor.py:183} INFO - Processing /opt/airflow/dags/dag_etl_camara_diario.py took 0.094 seconds
[2026-07-13T20:50:26.365+0000] {processor.py:161} INFO - Started process (PID=2674) to work on /opt/airflow/dags/dag_etl_camara_diario.py
[2026-07-13T20:50:26.366+0000] {processor.py:830} INFO - Processing file /opt/airflow/dags/dag_etl_camara_diario.py for tasks to queue
[2026-07-13T20:50:26.366+0000] {logging_mixin.py:188} INFO - [2026-07-13T20:50:26.366+0000] {dagbag.py:538} INFO - Filling up the DagBag from /opt/airflow/dags/dag_etl_camara_diario.py
[2026-07-13T20:50:26.375+0000] {processor.py:840} INFO - DAG(s) 'dag_etl_camara_diario' retrieved from /opt/airflow/dags/dag_etl_camara_diario.py
[2026-07-13T20:50:26.396+0000] {logging_mixin.py:188} INFO - [2026-07-13T20:50:26.396+0000] {dag.py:3036} INFO - Sync 1 DAGs
[2026-07-13T20:50:26.417+0000] {logging_mixin.py:188} INFO - [2026-07-13T20:50:26.417+0000] {dag.py:3823} INFO - Setting next_dagrun for dag_etl_camara_diario to 2026-07-12 03:00:00+00:00, run_after=2026-07-13 03:00:00+00:00
[2026-07-13T20:50:26.453+0000] {processor.py:183} INFO - Processing /opt/airflow/dags/dag_etl_camara_diario.py took 0.091 seconds
[2026-07-13T20:50:56.573+0000] {processor.py:161} INFO - Started process (PID=2689) to work on /opt/airflow/dags/dag_etl_camara_diario.py
[2026-07-13T20:50:56.574+0000] {processor.py:830} INFO - Processing file /opt/airflow/dags/dag_etl_camara_diario.py for tasks to queue
[2026-07-13T20:50:56.574+0000] {logging_mixin.py:188} INFO - [2026-07-13T20:50:56.574+0000] {dagbag.py:538} INFO - Filling up the DagBag from /opt/airflow/dags/dag_etl_camara_diario.py
[2026-07-13T20:50:56.583+0000] {processor.py:840} INFO - DAG(s) 'dag_etl_camara_diario' retrieved from /opt/airflow/dags/dag_etl_camara_diario.py
[2026-07-13T20:50:56.604+0000] {logging_mixin.py:188} INFO - [2026-07-13T20:50:56.604+0000] {dag.py:3036} INFO - Sync 1 DAGs
[2026-07-13T20:50:56.624+0000] {logging_mixin.py:188} INFO - [2026-07-13T20:50:56.624+0000] {dag.py:3823} INFO - Setting next_dagrun for dag_etl_camara_diario to 2026-07-12 03:00:00+00:00, run_after=2026-07-13 03:00:00+00:00
[2026-07-13T20:50:56.665+0000] {processor.py:183} INFO - Processing /opt/airflow/dags/dag_etl_camara_diario.py took 0.095 seconds
[2026-07-13T20:51:26.792+0000] {processor.py:161} INFO - Started process (PID=2704) to work on /opt/airflow/dags/dag_etl_camara_diario.py
[2026-07-13T20:51:26.793+0000] {processor.py:830} INFO - Processing file /opt/airflow/dags/dag_etl_camara_diario.py for tasks to queue
[2026-07-13T20:51:26.794+0000] {logging_mixin.py:188} INFO - [2026-07-13T20:51:26.794+0000] {dagbag.py:538} INFO - Filling up the DagBag from /opt/airflow/dags/dag_etl_camara_diario.py
[2026-07-13T20:51:26.803+0000] {processor.py:840} INFO - DAG(s) 'dag_etl_camara_diario' retrieved from /opt/airflow/dags/dag_etl_camara_diario.py
[2026-07-13T20:51:26.825+0000] {logging_mixin.py:188} INFO - [2026-07-13T20:51:26.825+0000] {dag.py:3036} INFO - Sync 1 DAGs
[2026-07-13T20:51:26.847+0000] {logging_mixin.py:188} INFO - [2026-07-13T20:51:26.846+0000] {dag.py:3823} INFO - Setting next_dagrun for dag_etl_camara_diario to 2026-07-12 03:00:00+00:00, run_after=2026-07-13 03:00:00+00:00
[2026-07-13T20:51:26.886+0000] {processor.py:183} INFO - Processing /opt/airflow/dags/dag_etl_camara_diario.py took 0.096 seconds
[2026-07-13T20:51:57.012+0000] {processor.py:161} INFO - Started process (PID=2719) to work on /opt/airflow/dags/dag_etl_camara_diario.py
[2026-07-13T20:51:57.013+0000] {processor.py:830} INFO - Processing file /opt/airflow/dags/dag_etl_camara_diario.py for tasks to queue
[2026-07-13T20:51:57.013+0000] {logging_mixin.py:188} INFO - [2026-07-13T20:51:57.013+0000] {dagbag.py:538} INFO - Filling up the DagBag from /opt/airflow/dags/dag_etl_camara_diario.py
[2026-07-13T20:51:57.023+0000] {processor.py:840} INFO - DAG(s) 'dag_etl_camara_diario' retrieved from /opt/airflow/dags/dag_etl_camara_diario.py
[2026-07-13T20:51:57.045+0000] {logging_mixin.py:188} INFO - [2026-07-13T20:51:57.044+0000] {dag.py:3036} INFO - Sync 1 DAGs
[2026-07-13T20:51:57.066+0000] {logging_mixin.py:188} INFO - [2026-07-13T20:51:57.066+0000] {dag.py:3823} INFO - Setting next_dagrun for dag_etl_camara_diario to 2026-07-12 03:00:00+00:00, run_after=2026-07-13 03:00:00+00:00
[2026-07-13T20:51:57.097+0000] {processor.py:183} INFO - Processing /opt/airflow/dags/dag_etl_camara_diario.py took 0.088 seconds
[2026-07-13T20:52:27.220+0000] {processor.py:161} INFO - Started process (PID=2734) to work on /opt/airflow/dags/dag_etl_camara_diario.py
[2026-07-13T20:52:27.220+0000] {processor.py:830} INFO - Processing file /opt/airflow/dags/dag_etl_camara_diario.py for tasks to queue
[2026-07-13T20:52:27.221+0000] {logging_mixin.py:188} INFO - [2026-07-13T20:52:27.221+0000] {dagbag.py:538} INFO - Filling up the DagBag from /opt/airflow/dags/dag_etl_camara_diario.py
[2026-07-13T20:52:27.230+0000] {processor.py:840} INFO - DAG(s) 'dag_etl_camara_diario' retrieved from /opt/airflow/dags/dag_etl_camara_diario.py
[2026-07-13T20:52:27.250+0000] {logging_mixin.py:188} INFO - [2026-07-13T20:52:27.250+0000] {dag.py:3036} INFO - Sync 1 DAGs
[2026-07-13T20:52:27.270+0000] {logging_mixin.py:188} INFO - [2026-07-13T20:52:27.270+0000] {dag.py:3823} INFO - Setting next_dagrun for dag_etl_camara_diario to 2026-07-12 03:00:00+00:00, run_after=2026-07-13 03:00:00+00:00
[2026-07-13T20:52:27.310+0000] {processor.py:183} INFO - Processing /opt/airflow/dags/dag_etl_camara_diario.py took 0.093 seconds
[2026-07-13T20:52:57.436+0000] {processor.py:161} INFO - Started process (PID=2749) to work on /opt/airflow/dags/dag_etl_camara_diario.py
[2026-07-13T20:52:57.437+0000] {processor.py:830} INFO - Processing file /opt/airflow/dags/dag_etl_camara_diario.py for tasks to queue
[2026-07-13T20:52:57.438+0000] {logging_mixin.py:188} INFO - [2026-07-13T20:52:57.437+0000] {dagbag.py:538} INFO - Filling up the DagBag from /opt/airflow/dags/dag_etl_camara_diario.py
[2026-07-13T20:52:57.448+0000] {processor.py:840} INFO - DAG(s) 'dag_etl_camara_diario' retrieved from /opt/airflow/dags/dag_etl_camara_diario.py
[2026-07-13T20:52:57.469+0000] {logging_mixin.py:188} INFO - [2026-07-13T20:52:57.469+0000] {dag.py:3036} INFO - Sync 1 DAGs
[2026-07-13T20:52:57.490+0000] {logging_mixin.py:188} INFO - [2026-07-13T20:52:57.490+0000] {dag.py:3823} INFO - Setting next_dagrun for dag_etl_camara_diario to 2026-07-12 03:00:00+00:00, run_after=2026-07-13 03:00:00+00:00
[2026-07-13T20:52:57.527+0000] {processor.py:183} INFO - Processing /opt/airflow/dags/dag_etl_camara_diario.py took 0.094 seconds
[2026-07-13T20:53:27.650+0000] {processor.py:161} INFO - Started process (PID=2764) to work on /opt/airflow/dags/dag_etl_camara_diario.py
[2026-07-13T20:53:27.651+0000] {processor.py:830} INFO - Processing file /opt/airflow/dags/dag_etl_camara_diario.py for tasks to queue
[2026-07-13T20:53:27.651+0000] {logging_mixin.py:188} INFO - [2026-07-13T20:53:27.651+0000] {dagbag.py:538} INFO - Filling up the DagBag from /opt/airflow/dags/dag_etl_camara_diario.py
[2026-07-13T20:53:27.661+0000] {processor.py:840} INFO - DAG(s) 'dag_etl_camara_diario' retrieved from /opt/airflow/dags/dag_etl_camara_diario.py
[2026-07-13T20:53:27.682+0000] {logging_mixin.py:188} INFO - [2026-07-13T20:53:27.682+0000] {dag.py:3036} INFO - Sync 1 DAGs
[2026-07-13T20:53:27.703+0000] {logging_mixin.py:188} INFO - [2026-07-13T20:53:27.703+0000] {dag.py:3823} INFO - Setting next_dagrun for dag_etl_camara_diario to 2026-07-12 03:00:00+00:00, run_after=2026-07-13 03:00:00+00:00
[2026-07-13T20:53:27.726+0000] {processor.py:183} INFO - Processing /opt/airflow/dags/dag_etl_camara_diario.py took 0.079 seconds
[2026-07-13T20:53:57.853+0000] {processor.py:161} INFO - Started process (PID=2779) to work on /opt/airflow/dags/dag_etl_camara_diario.py
[2026-07-13T20:53:57.854+0000] {processor.py:830} INFO - Processing file /opt/airflow/dags/dag_etl_camara_diario.py for tasks to queue
[2026-07-13T20:53:57.854+0000] {logging_mixin.py:188} INFO - [2026-07-13T20:53:57.854+0000] {dagbag.py:538} INFO - Filling up the DagBag from /opt/airflow/dags/dag_etl_camara_diario.py
[2026-07-13T20:53:57.864+0000] {processor.py:840} INFO - DAG(s) 'dag_etl_camara_diario' retrieved from /opt/airflow/dags/dag_etl_camara_diario.py
[2026-07-13T20:53:57.885+0000] {logging_mixin.py:188} INFO - [2026-07-13T20:53:57.885+0000] {dag.py:3036} INFO - Sync 1 DAGs
[2026-07-13T20:53:57.906+0000] {logging_mixin.py:188} INFO - [2026-07-13T20:53:57.906+0000] {dag.py:3823} INFO - Setting next_dagrun for dag_etl_camara_diario to 2026-07-12 03:00:00+00:00, run_after=2026-07-13 03:00:00+00:00
[2026-07-13T20:53:57.920+0000] {processor.py:183} INFO - Processing /opt/airflow/dags/dag_etl_camara_diario.py took 0.069 seconds
[2026-07-13T20:54:28.034+0000] {processor.py:161} INFO - Started process (PID=2794) to work on /opt/airflow/dags/dag_etl_camara_diario.py
[2026-07-13T20:54:28.035+0000] {processor.py:830} INFO - Processing file /opt/airflow/dags/dag_etl_camara_diario.py for tasks to queue
[2026-07-13T20:54:28.035+0000] {logging_mixin.py:188} INFO - [2026-07-13T20:54:28.035+0000] {dagbag.py:538} INFO - Filling up the DagBag from /opt/airflow/dags/dag_etl_camara_diario.py
[2026-07-13T20:54:28.044+0000] {processor.py:840} INFO - DAG(s) 'dag_etl_camara_diario' retrieved from /opt/airflow/dags/dag_etl_camara_diario.py
[2026-07-13T20:54:28.065+0000] {logging_mixin.py:188} INFO - [2026-07-13T20:54:28.065+0000] {dag.py:3036} INFO - Sync 1 DAGs
[2026-07-13T20:54:28.085+0000] {logging_mixin.py:188} INFO - [2026-07-13T20:54:28.085+0000] {dag.py:3823} INFO - Setting next_dagrun for dag_etl_camara_diario to 2026-07-12 03:00:00+00:00, run_after=2026-07-13 03:00:00+00:00
[2026-07-13T20:54:28.124+0000] {processor.py:183} INFO - Processing /opt/airflow/dags/dag_etl_camara_diario.py took 0.093 seconds
[2026-07-13T20:54:58.247+0000] {processor.py:161} INFO - Started process (PID=2809) to work on /opt/airflow/dags/dag_etl_camara_diario.py
[2026-07-13T20:54:58.248+0000] {processor.py:830} INFO - Processing file /opt/airflow/dags/dag_etl_camara_diario.py for tasks to queue
[2026-07-13T20:54:58.249+0000] {logging_mixin.py:188} INFO - [2026-07-13T20:54:58.248+0000] {dagbag.py:538} INFO - Filling up the DagBag from /opt/airflow/dags/dag_etl_camara_diario.py
[2026-07-13T20:54:58.258+0000] {processor.py:840} INFO - DAG(s) 'dag_etl_camara_diario' retrieved from /opt/airflow/dags/dag_etl_camara_diario.py
[2026-07-13T20:54:58.280+0000] {logging_mixin.py:188} INFO - [2026-07-13T20:54:58.280+0000] {dag.py:3036} INFO - Sync 1 DAGs
[2026-07-13T20:54:58.302+0000] {logging_mixin.py:188} INFO - [2026-07-13T20:54:58.302+0000] {dag.py:3823} INFO - Setting next_dagrun for dag_etl_camara_diario to 2026-07-12 03:00:00+00:00, run_after=2026-07-13 03:00:00+00:00
[2026-07-13T20:54:58.338+0000] {processor.py:183} INFO - Processing /opt/airflow/dags/dag_etl_camara_diario.py took 0.094 seconds
[2026-07-13T20:55:28.461+0000] {processor.py:161} INFO - Started process (PID=2824) to work on /opt/airflow/dags/dag_etl_camara_diario.py
[2026-07-13T20:55:28.462+0000] {processor.py:830} INFO - Processing file /opt/airflow/dags/dag_etl_camara_diario.py for tasks to queue
[2026-07-13T20:55:28.463+0000] {logging_mixin.py:188} INFO - [2026-07-13T20:55:28.463+0000] {dagbag.py:538} INFO - Filling up the DagBag from /opt/airflow/dags/dag_etl_camara_diario.py
[2026-07-13T20:55:28.473+0000] {processor.py:840} INFO - DAG(s) 'dag_etl_camara_diario' retrieved from /opt/airflow/dags/dag_etl_camara_diario.py
[2026-07-13T20:55:28.494+0000] {logging_mixin.py:188} INFO - [2026-07-13T20:55:28.494+0000] {dag.py:3036} INFO - Sync 1 DAGs
[2026-07-13T20:55:28.516+0000] {logging_mixin.py:188} INFO - [2026-07-13T20:55:28.516+0000] {dag.py:3823} INFO - Setting next_dagrun for dag_etl_camara_diario to 2026-07-12 03:00:00+00:00, run_after=2026-07-13 03:00:00+00:00
[2026-07-13T20:55:28.557+0000] {processor.py:183} INFO - Processing /opt/airflow/dags/dag_etl_camara_diario.py took 0.098 seconds
[2026-07-13T20:55:58.680+0000] {processor.py:161} INFO - Started process (PID=2839) to work on /opt/airflow/dags/dag_etl_camara_diario.py
[2026-07-13T20:55:58.681+0000] {processor.py:830} INFO - Processing file /opt/airflow/dags/dag_etl_camara_diario.py for tasks to queue
[2026-07-13T20:55:58.681+0000] {logging_mixin.py:188} INFO - [2026-07-13T20:55:58.681+0000] {dagbag.py:538} INFO - Filling up the DagBag from /opt/airflow/dags/dag_etl_camara_diario.py
[2026-07-13T20:55:58.691+0000] {processor.py:840} INFO - DAG(s) 'dag_etl_camara_diario' retrieved from /opt/airflow/dags/dag_etl_camara_diario.py
[2026-07-13T20:55:58.712+0000] {logging_mixin.py:188} INFO - [2026-07-13T20:55:58.712+0000] {dag.py:3036} INFO - Sync 1 DAGs
[2026-07-13T20:55:58.732+0000] {logging_mixin.py:188} INFO - [2026-07-13T20:55:58.732+0000] {dag.py:3823} INFO - Setting next_dagrun for dag_etl_camara_diario to 2026-07-12 03:00:00+00:00, run_after=2026-07-13 03:00:00+00:00
[2026-07-13T20:55:58.773+0000] {processor.py:183} INFO - Processing /opt/airflow/dags/dag_etl_camara_diario.py took 0.096 seconds
[2026-07-13T20:56:28.912+0000] {processor.py:161} INFO - Started process (PID=2854) to work on /opt/airflow/dags/dag_etl_camara_diario.py
[2026-07-13T20:56:28.913+0000] {processor.py:830} INFO - Processing file /opt/airflow/dags/dag_etl_camara_diario.py for tasks to queue
[2026-07-13T20:56:28.914+0000] {logging_mixin.py:188} INFO - [2026-07-13T20:56:28.914+0000] {dagbag.py:538} INFO - Filling up the DagBag from /opt/airflow/dags/dag_etl_camara_diario.py
[2026-07-13T20:56:28.923+0000] {processor.py:840} INFO - DAG(s) 'dag_etl_camara_diario' retrieved from /opt/airflow/dags/dag_etl_camara_diario.py
[2026-07-13T20:56:28.945+0000] {logging_mixin.py:188} INFO - [2026-07-13T20:56:28.945+0000] {dag.py:3036} INFO - Sync 1 DAGs
[2026-07-13T20:56:28.967+0000] {logging_mixin.py:188} INFO - [2026-07-13T20:56:28.967+0000] {dag.py:3823} INFO - Setting next_dagrun for dag_etl_camara_diario to 2026-07-12 03:00:00+00:00, run_after=2026-07-13 03:00:00+00:00
[2026-07-13T20:56:29.005+0000] {processor.py:183} INFO - Processing /opt/airflow/dags/dag_etl_camara_diario.py took 0.096 seconds
[2026-07-13T20:56:59.125+0000] {processor.py:161} INFO - Started process (PID=2869) to work on /opt/airflow/dags/dag_etl_camara_diario.py
[2026-07-13T20:56:59.125+0000] {processor.py:830} INFO - Processing file /opt/airflow/dags/dag_etl_camara_diario.py for tasks to queue
[2026-07-13T20:56:59.126+0000] {logging_mixin.py:188} INFO - [2026-07-13T20:56:59.125+0000] {dagbag.py:538} INFO - Filling up the DagBag from /opt/airflow/dags/dag_etl_camara_diario.py
[2026-07-13T20:56:59.135+0000] {processor.py:840} INFO - DAG(s) 'dag_etl_camara_diario' retrieved from /opt/airflow/dags/dag_etl_camara_diario.py
[2026-07-13T20:56:59.157+0000] {logging_mixin.py:188} INFO - [2026-07-13T20:56:59.157+0000] {dag.py:3036} INFO - Sync 1 DAGs
[2026-07-13T20:56:59.177+0000] {logging_mixin.py:188} INFO - [2026-07-13T20:56:59.177+0000] {dag.py:3823} INFO - Setting next_dagrun for dag_etl_camara_diario to 2026-07-12 03:00:00+00:00, run_after=2026-07-13 03:00:00+00:00
[2026-07-13T20:56:59.216+0000] {processor.py:183} INFO - Processing /opt/airflow/dags/dag_etl_camara_diario.py took 0.094 seconds
[2026-07-13T20:57:29.342+0000] {processor.py:161} INFO - Started process (PID=2884) to work on /opt/airflow/dags/dag_etl_camara_diario.py
[2026-07-13T20:57:29.343+0000] {processor.py:830} INFO - Processing file /opt/airflow/dags/dag_etl_camara_diario.py for tasks to queue
[2026-07-13T20:57:29.344+0000] {logging_mixin.py:188} INFO - [2026-07-13T20:57:29.343+0000] {dagbag.py:538} INFO - Filling up the DagBag from /opt/airflow/dags/dag_etl_camara_diario.py
[2026-07-13T20:57:29.353+0000] {processor.py:840} INFO - DAG(s) 'dag_etl_camara_diario' retrieved from /opt/airflow/dags/dag_etl_camara_diario.py
[2026-07-13T20:57:29.375+0000] {logging_mixin.py:188} INFO - [2026-07-13T20:57:29.375+0000] {dag.py:3036} INFO - Sync 1 DAGs
[2026-07-13T20:57:29.395+0000] {logging_mixin.py:188} INFO - [2026-07-13T20:57:29.395+0000] {dag.py:3823} INFO - Setting next_dagrun for dag_etl_camara_diario to 2026-07-12 03:00:00+00:00, run_after=2026-07-13 03:00:00+00:00
[2026-07-13T20:57:29.435+0000] {processor.py:183} INFO - Processing /opt/airflow/dags/dag_etl_camara_diario.py took 0.095 seconds
[2026-07-13T20:57:59.554+0000] {processor.py:161} INFO - Started process (PID=2899) to work on /opt/airflow/dags/dag_etl_camara_diario.py
[2026-07-13T20:57:59.555+0000] {processor.py:830} INFO - Processing file /opt/airflow/dags/dag_etl_camara_diario.py for tasks to queue
[2026-07-13T20:57:59.556+0000] {logging_mixin.py:188} INFO - [2026-07-13T20:57:59.555+0000] {dagbag.py:538} INFO - Filling up the DagBag from /opt/airflow/dags/dag_etl_camara_diario.py
[2026-07-13T20:57:59.565+0000] {processor.py:840} INFO - DAG(s) 'dag_etl_camara_diario' retrieved from /opt/airflow/dags/dag_etl_camara_diario.py
[2026-07-13T20:57:59.586+0000] {logging_mixin.py:188} INFO - [2026-07-13T20:57:59.586+0000] {dag.py:3036} INFO - Sync 1 DAGs
[2026-07-13T20:57:59.607+0000] {logging_mixin.py:188} INFO - [2026-07-13T20:57:59.607+0000] {dag.py:3823} INFO - Setting next_dagrun for dag_etl_camara_diario to 2026-07-12 03:00:00+00:00, run_after=2026-07-13 03:00:00+00:00
[2026-07-13T20:57:59.620+0000] {processor.py:183} INFO - Processing /opt/airflow/dags/dag_etl_camara_diario.py took 0.069 seconds
[2026-07-13T20:58:29.745+0000] {processor.py:161} INFO - Started process (PID=2914) to work on /opt/airflow/dags/dag_etl_camara_diario.py
[2026-07-13T20:58:29.746+0000] {processor.py:830} INFO - Processing file /opt/airflow/dags/dag_etl_camara_diario.py for tasks to queue
[2026-07-13T20:58:29.747+0000] {logging_mixin.py:188} INFO - [2026-07-13T20:58:29.746+0000] {dagbag.py:538} INFO - Filling up the DagBag from /opt/airflow/dags/dag_etl_camara_diario.py
[2026-07-13T20:58:29.755+0000] {processor.py:840} INFO - DAG(s) 'dag_etl_camara_diario' retrieved from /opt/airflow/dags/dag_etl_camara_diario.py
[2026-07-13T20:58:29.775+0000] {logging_mixin.py:188} INFO - [2026-07-13T20:58:29.775+0000] {dag.py:3036} INFO - Sync 1 DAGs
[2026-07-13T20:58:29.796+0000] {logging_mixin.py:188} INFO - [2026-07-13T20:58:29.796+0000] {dag.py:3823} INFO - Setting next_dagrun for dag_etl_camara_diario to 2026-07-12 03:00:00+00:00, run_after=2026-07-13 03:00:00+00:00
[2026-07-13T20:58:29.837+0000] {processor.py:183} INFO - Processing /opt/airflow/dags/dag_etl_camara_diario.py took 0.095 seconds
[2026-07-13T20:58:59.958+0000] {processor.py:161} INFO - Started process (PID=2929) to work on /opt/airflow/dags/dag_etl_camara_diario.py
[2026-07-13T20:58:59.959+0000] {processor.py:830} INFO - Processing file /opt/airflow/dags/dag_etl_camara_diario.py for tasks to queue
[2026-07-13T20:58:59.960+0000] {logging_mixin.py:188} INFO - [2026-07-13T20:58:59.959+0000] {dagbag.py:538} INFO - Filling up the DagBag from /opt/airflow/dags/dag_etl_camara_diario.py
[2026-07-13T20:58:59.969+0000] {processor.py:840} INFO - DAG(s) 'dag_etl_camara_diario' retrieved from /opt/airflow/dags/dag_etl_camara_diario.py
[2026-07-13T20:58:59.990+0000] {logging_mixin.py:188} INFO - [2026-07-13T20:58:59.990+0000] {dag.py:3036} INFO - Sync 1 DAGs
[2026-07-13T20:59:00.012+0000] {logging_mixin.py:188} INFO - [2026-07-13T20:59:00.011+0000] {dag.py:3823} INFO - Setting next_dagrun for dag_etl_camara_diario to 2026-07-12 03:00:00+00:00, run_after=2026-07-13 03:00:00+00:00
[2026-07-13T20:59:00.052+0000] {processor.py:183} INFO - Processing /opt/airflow/dags/dag_etl_camara_diario.py took 0.097 seconds
[2026-07-13T20:59:30.169+0000] {processor.py:161} INFO - Started process (PID=2944) to work on /opt/airflow/dags/dag_etl_camara_diario.py
[2026-07-13T20:59:30.170+0000] {processor.py:830} INFO - Processing file /opt/airflow/dags/dag_etl_camara_diario.py for tasks to queue
[2026-07-13T20:59:30.171+0000] {logging_mixin.py:188} INFO - [2026-07-13T20:59:30.171+0000] {dagbag.py:538} INFO - Filling up the DagBag from /opt/airflow/dags/dag_etl_camara_diario.py
[2026-07-13T20:59:30.182+0000] {processor.py:840} INFO - DAG(s) 'dag_etl_camara_diario' retrieved from /opt/airflow/dags/dag_etl_camara_diario.py
[2026-07-13T20:59:30.204+0000] {logging_mixin.py:188} INFO - [2026-07-13T20:59:30.204+0000] {dag.py:3036} INFO - Sync 1 DAGs
[2026-07-13T20:59:30.225+0000] {logging_mixin.py:188} INFO - [2026-07-13T20:59:30.224+0000] {dag.py:3823} INFO - Setting next_dagrun for dag_etl_camara_diario to 2026-07-12 03:00:00+00:00, run_after=2026-07-13 03:00:00+00:00
[2026-07-13T20:59:30.240+0000] {processor.py:183} INFO - Processing /opt/airflow/dags/dag_etl_camara_diario.py took 0.073 seconds
[2026-07-13T21:00:00.374+0000] {processor.py:161} INFO - Started process (PID=2959) to work on /opt/airflow/dags/dag_etl_camara_diario.py
[2026-07-13T21:00:00.375+0000] {processor.py:830} INFO - Processing file /opt/airflow/dags/dag_etl_camara_diario.py for tasks to queue
[2026-07-13T21:00:00.375+0000] {logging_mixin.py:188} INFO - [2026-07-13T21:00:00.375+0000] {dagbag.py:538} INFO - Filling up the DagBag from /opt/airflow/dags/dag_etl_camara_diario.py
[2026-07-13T21:00:00.384+0000] {processor.py:840} INFO - DAG(s) 'dag_etl_camara_diario' retrieved from /opt/airflow/dags/dag_etl_camara_diario.py
[2026-07-13T21:00:00.405+0000] {logging_mixin.py:188} INFO - [2026-07-13T21:00:00.405+0000] {dag.py:3036} INFO - Sync 1 DAGs
[2026-07-13T21:00:00.426+0000] {logging_mixin.py:188} INFO - [2026-07-13T21:00:00.425+0000] {dag.py:3823} INFO - Setting next_dagrun for dag_etl_camara_diario to 2026-07-12 03:00:00+00:00, run_after=2026-07-13 03:00:00+00:00
[2026-07-13T21:00:00.467+0000] {processor.py:183} INFO - Processing /opt/airflow/dags/dag_etl_camara_diario.py took 0.095 seconds
[2026-07-13T21:00:30.597+0000] {processor.py:161} INFO - Started process (PID=2974) to work on /opt/airflow/dags/dag_etl_camara_diario.py
[2026-07-13T21:00:30.598+0000] {processor.py:830} INFO - Processing file /opt/airflow/dags/dag_etl_camara_diario.py for tasks to queue
[2026-07-13T21:00:30.598+0000] {logging_mixin.py:188} INFO - [2026-07-13T21:00:30.598+0000] {dagbag.py:538} INFO - Filling up the DagBag from /opt/airflow/dags/dag_etl_camara_diario.py
[2026-07-13T21:00:30.607+0000] {processor.py:840} INFO - DAG(s) 'dag_etl_camara_diario' retrieved from /opt/airflow/dags/dag_etl_camara_diario.py
[2026-07-13T21:00:30.628+0000] {logging_mixin.py:188} INFO - [2026-07-13T21:00:30.628+0000] {dag.py:3036} INFO - Sync 1 DAGs
[2026-07-13T21:00:30.649+0000] {logging_mixin.py:188} INFO - [2026-07-13T21:00:30.649+0000] {dag.py:3823} INFO - Setting next_dagrun for dag_etl_camara_diario to 2026-07-12 03:00:00+00:00, run_after=2026-07-13 03:00:00+00:00
[2026-07-13T21:00:30.689+0000] {processor.py:183} INFO - Processing /opt/airflow/dags/dag_etl_camara_diario.py took 0.095 seconds
[2026-07-13T21:01:00.815+0000] {processor.py:161} INFO - Started process (PID=2989) to work on /opt/airflow/dags/dag_etl_camara_diario.py
[2026-07-13T21:01:00.816+0000] {processor.py:830} INFO - Processing file /opt/airflow/dags/dag_etl_camara_diario.py for tasks to queue
[2026-07-13T21:01:00.816+0000] {logging_mixin.py:188} INFO - [2026-07-13T21:01:00.816+0000] {dagbag.py:538} INFO - Filling up the DagBag from /opt/airflow/dags/dag_etl_camara_diario.py
[2026-07-13T21:01:00.825+0000] {processor.py:840} INFO - DAG(s) 'dag_etl_camara_diario' retrieved from /opt/airflow/dags/dag_etl_camara_diario.py
[2026-07-13T21:01:00.846+0000] {logging_mixin.py:188} INFO - [2026-07-13T21:01:00.846+0000] {dag.py:3036} INFO - Sync 1 DAGs
[2026-07-13T21:01:00.868+0000] {logging_mixin.py:188} INFO - [2026-07-13T21:01:00.868+0000] {dag.py:3823} INFO - Setting next_dagrun for dag_etl_camara_diario to 2026-07-12 03:00:00+00:00, run_after=2026-07-13 03:00:00+00:00
[2026-07-13T21:01:00.896+0000] {processor.py:183} INFO - Processing /opt/airflow/dags/dag_etl_camara_diario.py took 0.084 seconds
[2026-07-13T21:01:31.045+0000] {processor.py:161} INFO - Started process (PID=3004) to work on /opt/airflow/dags/dag_etl_camara_diario.py
[2026-07-13T21:01:31.046+0000] {processor.py:830} INFO - Processing file /opt/airflow/dags/dag_etl_camara_diario.py for tasks to queue
[2026-07-13T21:01:31.046+0000] {logging_mixin.py:188} INFO - [2026-07-13T21:01:31.046+0000] {dagbag.py:538} INFO - Filling up the DagBag from /opt/airflow/dags/dag_etl_camara_diario.py
[2026-07-13T21:01:31.055+0000] {processor.py:840} INFO - DAG(s) 'dag_etl_camara_diario' retrieved from /opt/airflow/dags/dag_etl_camara_diario.py
[2026-07-13T21:01:31.077+0000] {logging_mixin.py:188} INFO - [2026-07-13T21:01:31.077+0000] {dag.py:3036} INFO - Sync 1 DAGs
[2026-07-13T21:01:31.098+0000] {logging_mixin.py:188} INFO - [2026-07-13T21:01:31.097+0000] {dag.py:3823} INFO - Setting next_dagrun for dag_etl_camara_diario to 2026-07-12 03:00:00+00:00, run_after=2026-07-13 03:00:00+00:00
[2026-07-13T21:01:31.144+0000] {processor.py:183} INFO - Processing /opt/airflow/dags/dag_etl_camara_diario.py took 0.102 seconds
[2026-07-13T21:02:01.271+0000] {processor.py:161} INFO - Started process (PID=3019) to work on /opt/airflow/dags/dag_etl_camara_diario.py
[2026-07-13T21:02:01.272+0000] {processor.py:830} INFO - Processing file /opt/airflow/dags/dag_etl_camara_diario.py for tasks to queue
[2026-07-13T21:02:01.272+0000] {logging_mixin.py:188} INFO - [2026-07-13T21:02:01.272+0000] {dagbag.py:538} INFO - Filling up the DagBag from /opt/airflow/dags/dag_etl_camara_diario.py
[2026-07-13T21:02:01.282+0000] {processor.py:840} INFO - DAG(s) 'dag_etl_camara_diario' retrieved from /opt/airflow/dags/dag_etl_camara_diario.py
[2026-07-13T21:02:01.304+0000] {logging_mixin.py:188} INFO - [2026-07-13T21:02:01.304+0000] {dag.py:3036} INFO - Sync 1 DAGs
[2026-07-13T21:02:01.326+0000] {logging_mixin.py:188} INFO - [2026-07-13T21:02:01.325+0000] {dag.py:3823} INFO - Setting next_dagrun for dag_etl_camara_diario to 2026-07-12 03:00:00+00:00, run_after=2026-07-13 03:00:00+00:00
[2026-07-13T21:02:01.366+0000] {processor.py:183} INFO - Processing /opt/airflow/dags/dag_etl_camara_diario.py took 0.097 seconds
[2026-07-13T21:02:31.487+0000] {processor.py:161} INFO - Started process (PID=3034) to work on /opt/airflow/dags/dag_etl_camara_diario.py
[2026-07-13T21:02:31.488+0000] {processor.py:830} INFO - Processing file /opt/airflow/dags/dag_etl_camara_diario.py for tasks to queue
[2026-07-13T21:02:31.488+0000] {logging_mixin.py:188} INFO - [2026-07-13T21:02:31.488+0000] {dagbag.py:538} INFO - Filling up the DagBag from /opt/airflow/dags/dag_etl_camara_diario.py
[2026-07-13T21:02:31.497+0000] {processor.py:840} INFO - DAG(s) 'dag_etl_camara_diario' retrieved from /opt/airflow/dags/dag_etl_camara_diario.py
[2026-07-13T21:02:31.518+0000] {logging_mixin.py:188} INFO - [2026-07-13T21:02:31.518+0000] {dag.py:3036} INFO - Sync 1 DAGs
[2026-07-13T21:02:31.539+0000] {logging_mixin.py:188} INFO - [2026-07-13T21:02:31.539+0000] {dag.py:3823} INFO - Setting next_dagrun for dag_etl_camara_diario to 2026-07-12 03:00:00+00:00, run_after=2026-07-13 03:00:00+00:00
[2026-07-13T21:02:31.580+0000] {processor.py:183} INFO - Processing /opt/airflow/dags/dag_etl_camara_diario.py took 0.095 seconds
[2026-07-13T21:03:01.695+0000] {processor.py:161} INFO - Started process (PID=3049) to work on /opt/airflow/dags/dag_etl_camara_diario.py
[2026-07-13T21:03:01.695+0000] {processor.py:830} INFO - Processing file /opt/airflow/dags/dag_etl_camara_diario.py for tasks to queue
[2026-07-13T21:03:01.696+0000] {logging_mixin.py:188} INFO - [2026-07-13T21:03:01.696+0000] {dagbag.py:538} INFO - Filling up the DagBag from /opt/airflow/dags/dag_etl_camara_diario.py
[2026-07-13T21:03:01.705+0000] {processor.py:840} INFO - DAG(s) 'dag_etl_camara_diario' retrieved from /opt/airflow/dags/dag_etl_camara_diario.py
[2026-07-13T21:03:01.726+0000] {logging_mixin.py:188} INFO - [2026-07-13T21:03:01.726+0000] {dag.py:3036} INFO - Sync 1 DAGs
[2026-07-13T21:03:01.747+0000] {logging_mixin.py:188} INFO - [2026-07-13T21:03:01.747+0000] {dag.py:3823} INFO - Setting next_dagrun for dag_etl_camara_diario to 2026-07-12 03:00:00+00:00, run_after=2026-07-13 03:00:00+00:00
[2026-07-13T21:03:01.763+0000] {processor.py:183} INFO - Processing /opt/airflow/dags/dag_etl_camara_diario.py took 0.070 seconds
[2026-07-13T21:03:31.881+0000] {processor.py:161} INFO - Started process (PID=3064) to work on /opt/airflow/dags/dag_etl_camara_diario.py
[2026-07-13T21:03:31.882+0000] {processor.py:830} INFO - Processing file /opt/airflow/dags/dag_etl_camara_diario.py for tasks to queue
[2026-07-13T21:03:31.883+0000] {logging_mixin.py:188} INFO - [2026-07-13T21:03:31.883+0000] {dagbag.py:538} INFO - Filling up the DagBag from /opt/airflow/dags/dag_etl_camara_diario.py
[2026-07-13T21:03:31.892+0000] {processor.py:840} INFO - DAG(s) 'dag_etl_camara_diario' retrieved from /opt/airflow/dags/dag_etl_camara_diario.py
[2026-07-13T21:03:31.915+0000] {logging_mixin.py:188} INFO - [2026-07-13T21:03:31.915+0000] {dag.py:3036} INFO - Sync 1 DAGs
[2026-07-13T21:03:31.938+0000] {logging_mixin.py:188} INFO - [2026-07-13T21:03:31.938+0000] {dag.py:3823} INFO - Setting next_dagrun for dag_etl_camara_diario to 2026-07-12 03:00:00+00:00, run_after=2026-07-13 03:00:00+00:00
[2026-07-13T21:03:31.967+0000] {processor.py:183} INFO - Processing /opt/airflow/dags/dag_etl_camara_diario.py took 0.088 seconds
[2026-07-13T21:04:02.090+0000] {processor.py:161} INFO - Started process (PID=3079) to work on /opt/airflow/dags/dag_etl_camara_diario.py
[2026-07-13T21:04:02.090+0000] {processor.py:830} INFO - Processing file /opt/airflow/dags/dag_etl_camara_diario.py for tasks to queue
[2026-07-13T21:04:02.091+0000] {logging_mixin.py:188} INFO - [2026-07-13T21:04:02.091+0000] {dagbag.py:538} INFO - Filling up the DagBag from /opt/airflow/dags/dag_etl_camara_diario.py
[2026-07-13T21:04:02.100+0000] {processor.py:840} INFO - DAG(s) 'dag_etl_camara_diario' retrieved from /opt/airflow/dags/dag_etl_camara_diario.py
[2026-07-13T21:04:02.121+0000] {logging_mixin.py:188} INFO - [2026-07-13T21:04:02.121+0000] {dag.py:3036} INFO - Sync 1 DAGs
[2026-07-13T21:04:02.142+0000] {logging_mixin.py:188} INFO - [2026-07-13T21:04:02.142+0000] {dag.py:3823} INFO - Setting next_dagrun for dag_etl_camara_diario to 2026-07-12 03:00:00+00:00, run_after=2026-07-13 03:00:00+00:00
[2026-07-13T21:04:02.172+0000] {processor.py:183} INFO - Processing /opt/airflow/dags/dag_etl_camara_diario.py took 0.086 seconds
[2026-07-13T21:04:32.290+0000] {processor.py:161} INFO - Started process (PID=3094) to work on /opt/airflow/dags/dag_etl_camara_diario.py
[2026-07-13T21:04:32.291+0000] {processor.py:830} INFO - Processing file /opt/airflow/dags/dag_etl_camara_diario.py for tasks to queue
[2026-07-13T21:04:32.291+0000] {logging_mixin.py:188} INFO - [2026-07-13T21:04:32.291+0000] {dagbag.py:538} INFO - Filling up the DagBag from /opt/airflow/dags/dag_etl_camara_diario.py
[2026-07-13T21:04:32.301+0000] {processor.py:840} INFO - DAG(s) 'dag_etl_camara_diario' retrieved from /opt/airflow/dags/dag_etl_camara_diario.py
[2026-07-13T21:04:32.323+0000] {logging_mixin.py:188} INFO - [2026-07-13T21:04:32.322+0000] {dag.py:3036} INFO - Sync 1 DAGs
[2026-07-13T21:04:32.344+0000] {logging_mixin.py:188} INFO - [2026-07-13T21:04:32.344+0000] {dag.py:3823} INFO - Setting next_dagrun for dag_etl_camara_diario to 2026-07-12 03:00:00+00:00, run_after=2026-07-13 03:00:00+00:00
[2026-07-13T21:04:32.370+0000] {processor.py:183} INFO - Processing /opt/airflow/dags/dag_etl_camara_diario.py took 0.083 seconds
[2026-07-13T21:05:02.490+0000] {processor.py:161} INFO - Started process (PID=3109) to work on /opt/airflow/dags/dag_etl_camara_diario.py
[2026-07-13T21:05:02.490+0000] {processor.py:830} INFO - Processing file /opt/airflow/dags/dag_etl_camara_diario.py for tasks to queue
[2026-07-13T21:05:02.491+0000] {logging_mixin.py:188} INFO - [2026-07-13T21:05:02.491+0000] {dagbag.py:538} INFO - Filling up the DagBag from /opt/airflow/dags/dag_etl_camara_diario.py
[2026-07-13T21:05:02.500+0000] {processor.py:840} INFO - DAG(s) 'dag_etl_camara_diario' retrieved from /opt/airflow/dags/dag_etl_camara_diario.py
[2026-07-13T21:05:02.520+0000] {logging_mixin.py:188} INFO - [2026-07-13T21:05:02.520+0000] {dag.py:3036} INFO - Sync 1 DAGs
[2026-07-13T21:05:02.540+0000] {logging_mixin.py:188} INFO - [2026-07-13T21:05:02.540+0000] {dag.py:3823} INFO - Setting next_dagrun for dag_etl_camara_diario to 2026-07-12 03:00:00+00:00, run_after=2026-07-13 03:00:00+00:00
[2026-07-13T21:05:02.573+0000] {processor.py:183} INFO - Processing /opt/airflow/dags/dag_etl_camara_diario.py took 0.086 seconds
[2026-07-13T21:05:32.695+0000] {processor.py:161} INFO - Started process (PID=3124) to work on /opt/airflow/dags/dag_etl_camara_diario.py
[2026-07-13T21:05:32.696+0000] {processor.py:830} INFO - Processing file /opt/airflow/dags/dag_etl_camara_diario.py for tasks to queue
[2026-07-13T21:05:32.696+0000] {logging_mixin.py:188} INFO - [2026-07-13T21:05:32.696+0000] {dagbag.py:538} INFO - Filling up the DagBag from /opt/airflow/dags/dag_etl_camara_diario.py
[2026-07-13T21:05:32.707+0000] {processor.py:840} INFO - DAG(s) 'dag_etl_camara_diario' retrieved from /opt/airflow/dags/dag_etl_camara_diario.py
[2026-07-13T21:05:32.731+0000] {logging_mixin.py:188} INFO - [2026-07-13T21:05:32.731+0000] {dag.py:3036} INFO - Sync 1 DAGs
[2026-07-13T21:05:32.755+0000] {logging_mixin.py:188} INFO - [2026-07-13T21:05:32.754+0000] {dag.py:3823} INFO - Setting next_dagrun for dag_etl_camara_diario to 2026-07-12 03:00:00+00:00, run_after=2026-07-13 03:00:00+00:00
[2026-07-13T21:05:32.779+0000] {processor.py:183} INFO - Processing /opt/airflow/dags/dag_etl_camara_diario.py took 0.087 seconds
[2026-07-13T21:06:02.905+0000] {processor.py:161} INFO - Started process (PID=3139) to work on /opt/airflow/dags/dag_etl_camara_diario.py
[2026-07-13T21:06:02.905+0000] {processor.py:830} INFO - Processing file /opt/airflow/dags/dag_etl_camara_diario.py for tasks to queue
[2026-07-13T21:06:02.906+0000] {logging_mixin.py:188} INFO - [2026-07-13T21:06:02.906+0000] {dagbag.py:538} INFO - Filling up the DagBag from /opt/airflow/dags/dag_etl_camara_diario.py
[2026-07-13T21:06:02.915+0000] {processor.py:840} INFO - DAG(s) 'dag_etl_camara_diario' retrieved from /opt/airflow/dags/dag_etl_camara_diario.py
[2026-07-13T21:06:02.935+0000] {logging_mixin.py:188} INFO - [2026-07-13T21:06:02.935+0000] {dag.py:3036} INFO - Sync 1 DAGs
[2026-07-13T21:06:02.956+0000] {logging_mixin.py:188} INFO - [2026-07-13T21:06:02.956+0000] {dag.py:3823} INFO - Setting next_dagrun for dag_etl_camara_diario to 2026-07-12 03:00:00+00:00, run_after=2026-07-13 03:00:00+00:00
[2026-07-13T21:06:02.989+0000] {processor.py:183} INFO - Processing /opt/airflow/dags/dag_etl_camara_diario.py took 0.087 seconds
[2026-07-13T21:06:33.119+0000] {processor.py:161} INFO - Started process (PID=3154) to work on /opt/airflow/dags/dag_etl_camara_diario.py
[2026-07-13T21:06:33.120+0000] {processor.py:830} INFO - Processing file /opt/airflow/dags/dag_etl_camara_diario.py for tasks to queue
[2026-07-13T21:06:33.120+0000] {logging_mixin.py:188} INFO - [2026-07-13T21:06:33.120+0000] {dagbag.py:538} INFO - Filling up the DagBag from /opt/airflow/dags/dag_etl_camara_diario.py
[2026-07-13T21:06:33.129+0000] {processor.py:840} INFO - DAG(s) 'dag_etl_camara_diario' retrieved from /opt/airflow/dags/dag_etl_camara_diario.py
[2026-07-13T21:06:33.150+0000] {logging_mixin.py:188} INFO - [2026-07-13T21:06:33.150+0000] {dag.py:3036} INFO - Sync 1 DAGs
[2026-07-13T21:06:33.173+0000] {logging_mixin.py:188} INFO - [2026-07-13T21:06:33.173+0000] {dag.py:3823} INFO - Setting next_dagrun for dag_etl_camara_diario to 2026-07-12 03:00:00+00:00, run_after=2026-07-13 03:00:00+00:00
[2026-07-13T21:06:33.206+0000] {processor.py:183} INFO - Processing /opt/airflow/dags/dag_etl_camara_diario.py took 0.090 seconds
[2026-07-13T21:07:03.329+0000] {processor.py:161} INFO - Started process (PID=3169) to work on /opt/airflow/dags/dag_etl_camara_diario.py
[2026-07-13T21:07:03.329+0000] {processor.py:830} INFO - Processing file /opt/airflow/dags/dag_etl_camara_diario.py for tasks to queue
[2026-07-13T21:07:03.330+0000] {logging_mixin.py:188} INFO - [2026-07-13T21:07:03.330+0000] {dagbag.py:538} INFO - Filling up the DagBag from /opt/airflow/dags/dag_etl_camara_diario.py
[2026-07-13T21:07:03.339+0000] {processor.py:840} INFO - DAG(s) 'dag_etl_camara_diario' retrieved from /opt/airflow/dags/dag_etl_camara_diario.py
[2026-07-13T21:07:03.360+0000] {logging_mixin.py:188} INFO - [2026-07-13T21:07:03.359+0000] {dag.py:3036} INFO - Sync 1 DAGs
[2026-07-13T21:07:03.380+0000] {logging_mixin.py:188} INFO - [2026-07-13T21:07:03.379+0000] {dag.py:3823} INFO - Setting next_dagrun for dag_etl_camara_diario to 2026-07-12 03:00:00+00:00, run_after=2026-07-13 03:00:00+00:00
[2026-07-13T21:07:03.413+0000] {processor.py:183} INFO - Processing /opt/airflow/dags/dag_etl_camara_diario.py took 0.087 seconds
[2026-07-13T21:07:33.531+0000] {processor.py:161} INFO - Started process (PID=3184) to work on /opt/airflow/dags/dag_etl_camara_diario.py
[2026-07-13T21:07:33.532+0000] {processor.py:830} INFO - Processing file /opt/airflow/dags/dag_etl_camara_diario.py for tasks to queue
[2026-07-13T21:07:33.533+0000] {logging_mixin.py:188} INFO - [2026-07-13T21:07:33.533+0000] {dagbag.py:538} INFO - Filling up the DagBag from /opt/airflow/dags/dag_etl_camara_diario.py
[2026-07-13T21:07:33.542+0000] {processor.py:840} INFO - DAG(s) 'dag_etl_camara_diario' retrieved from /opt/airflow/dags/dag_etl_camara_diario.py
[2026-07-13T21:07:33.563+0000] {logging_mixin.py:188} INFO - [2026-07-13T21:07:33.563+0000] {dag.py:3036} INFO - Sync 1 DAGs
[2026-07-13T21:07:33.583+0000] {logging_mixin.py:188} INFO - [2026-07-13T21:07:33.583+0000] {dag.py:3823} INFO - Setting next_dagrun for dag_etl_camara_diario to 2026-07-12 03:00:00+00:00, run_after=2026-07-13 03:00:00+00:00
[2026-07-13T21:07:33.614+0000] {processor.py:183} INFO - Processing /opt/airflow/dags/dag_etl_camara_diario.py took 0.085 seconds
[2026-07-13T21:08:03.735+0000] {processor.py:161} INFO - Started process (PID=3199) to work on /opt/airflow/dags/dag_etl_camara_diario.py
[2026-07-13T21:08:03.736+0000] {processor.py:830} INFO - Processing file /opt/airflow/dags/dag_etl_camara_diario.py for tasks to queue
[2026-07-13T21:08:03.736+0000] {logging_mixin.py:188} INFO - [2026-07-13T21:08:03.736+0000] {dagbag.py:538} INFO - Filling up the DagBag from /opt/airflow/dags/dag_etl_camara_diario.py
[2026-07-13T21:08:03.745+0000] {processor.py:840} INFO - DAG(s) 'dag_etl_camara_diario' retrieved from /opt/airflow/dags/dag_etl_camara_diario.py
[2026-07-13T21:08:03.765+0000] {logging_mixin.py:188} INFO - [2026-07-13T21:08:03.765+0000] {dag.py:3036} INFO - Sync 1 DAGs
[2026-07-13T21:08:03.786+0000] {logging_mixin.py:188} INFO - [2026-07-13T21:08:03.786+0000] {dag.py:3823} INFO - Setting next_dagrun for dag_etl_camara_diario to 2026-07-12 03:00:00+00:00, run_after=2026-07-13 03:00:00+00:00
[2026-07-13T21:08:03.818+0000] {processor.py:183} INFO - Processing /opt/airflow/dags/dag_etl_camara_diario.py took 0.086 seconds
[2026-07-13T21:08:33.942+0000] {processor.py:161} INFO - Started process (PID=3214) to work on /opt/airflow/dags/dag_etl_camara_diario.py
[2026-07-13T21:08:33.943+0000] {processor.py:830} INFO - Processing file /opt/airflow/dags/dag_etl_camara_diario.py for tasks to queue
[2026-07-13T21:08:33.943+0000] {logging_mixin.py:188} INFO - [2026-07-13T21:08:33.943+0000] {dagbag.py:538} INFO - Filling up the DagBag from /opt/airflow/dags/dag_etl_camara_diario.py
[2026-07-13T21:08:33.952+0000] {processor.py:840} INFO - DAG(s) 'dag_etl_camara_diario' retrieved from /opt/airflow/dags/dag_etl_camara_diario.py
[2026-07-13T21:08:33.972+0000] {logging_mixin.py:188} INFO - [2026-07-13T21:08:33.972+0000] {dag.py:3036} INFO - Sync 1 DAGs
[2026-07-13T21:08:33.993+0000] {logging_mixin.py:188} INFO - [2026-07-13T21:08:33.992+0000] {dag.py:3823} INFO - Setting next_dagrun for dag_etl_camara_diario to 2026-07-12 03:00:00+00:00, run_after=2026-07-13 03:00:00+00:00
[2026-07-13T21:08:34.008+0000] {processor.py:183} INFO - Processing /opt/airflow/dags/dag_etl_camara_diario.py took 0.069 seconds
[2026-07-13T21:09:04.130+0000] {processor.py:161} INFO - Started process (PID=3229) to work on /opt/airflow/dags/dag_etl_camara_diario.py
[2026-07-13T21:09:04.131+0000] {processor.py:830} INFO - Processing file /opt/airflow/dags/dag_etl_camara_diario.py for tasks to queue
[2026-07-13T21:09:04.131+0000] {logging_mixin.py:188} INFO - [2026-07-13T21:09:04.131+0000] {dagbag.py:538} INFO - Filling up the DagBag from /opt/airflow/dags/dag_etl_camara_diario.py
[2026-07-13T21:09:04.140+0000] {processor.py:840} INFO - DAG(s) 'dag_etl_camara_diario' retrieved from /opt/airflow/dags/dag_etl_camara_diario.py
[2026-07-13T21:09:04.161+0000] {logging_mixin.py:188} INFO - [2026-07-13T21:09:04.161+0000] {dag.py:3036} INFO - Sync 1 DAGs
[2026-07-13T21:09:04.183+0000] {logging_mixin.py:188} INFO - [2026-07-13T21:09:04.183+0000] {dag.py:3823} INFO - Setting next_dagrun for dag_etl_camara_diario to 2026-07-12 03:00:00+00:00, run_after=2026-07-13 03:00:00+00:00
[2026-07-13T21:09:04.214+0000] {processor.py:183} INFO - Processing /opt/airflow/dags/dag_etl_camara_diario.py took 0.087 seconds
[2026-07-13T21:09:34.332+0000] {processor.py:161} INFO - Started process (PID=3244) to work on /opt/airflow/dags/dag_etl_camara_diario.py
[2026-07-13T21:09:34.333+0000] {processor.py:830} INFO - Processing file /opt/airflow/dags/dag_etl_camara_diario.py for tasks to queue
[2026-07-13T21:09:34.333+0000] {logging_mixin.py:188} INFO - [2026-07-13T21:09:34.333+0000] {dagbag.py:538} INFO - Filling up the DagBag from /opt/airflow/dags/dag_etl_camara_diario.py
[2026-07-13T21:09:34.342+0000] {processor.py:840} INFO - DAG(s) 'dag_etl_camara_diario' retrieved from /opt/airflow/dags/dag_etl_camara_diario.py
[2026-07-13T21:09:34.364+0000] {logging_mixin.py:188} INFO - [2026-07-13T21:09:34.363+0000] {dag.py:3036} INFO - Sync 1 DAGs
[2026-07-13T21:09:34.386+0000] {logging_mixin.py:188} INFO - [2026-07-13T21:09:34.386+0000] {dag.py:3823} INFO - Setting next_dagrun for dag_etl_camara_diario to 2026-07-12 03:00:00+00:00, run_after=2026-07-13 03:00:00+00:00
[2026-07-13T21:09:34.418+0000] {processor.py:183} INFO - Processing /opt/airflow/dags/dag_etl_camara_diario.py took 0.089 seconds
[2026-07-13T21:10:04.544+0000] {processor.py:161} INFO - Started process (PID=3259) to work on /opt/airflow/dags/dag_etl_camara_diario.py
[2026-07-13T21:10:04.545+0000] {processor.py:830} INFO - Processing file /opt/airflow/dags/dag_etl_camara_diario.py for tasks to queue
[2026-07-13T21:10:04.545+0000] {logging_mixin.py:188} INFO - [2026-07-13T21:10:04.545+0000] {dagbag.py:538} INFO - Filling up the DagBag from /opt/airflow/dags/dag_etl_camara_diario.py
[2026-07-13T21:10:04.555+0000] {processor.py:840} INFO - DAG(s) 'dag_etl_camara_diario' retrieved from /opt/airflow/dags/dag_etl_camara_diario.py
[2026-07-13T21:10:04.577+0000] {logging_mixin.py:188} INFO - [2026-07-13T21:10:04.577+0000] {dag.py:3036} INFO - Sync 1 DAGs
[2026-07-13T21:10:04.599+0000] {logging_mixin.py:188} INFO - [2026-07-13T21:10:04.599+0000] {dag.py:3823} INFO - Setting next_dagrun for dag_etl_camara_diario to 2026-07-12 03:00:00+00:00, run_after=2026-07-13 03:00:00+00:00
[2026-07-13T21:10:04.631+0000] {processor.py:183} INFO - Processing /opt/airflow/dags/dag_etl_camara_diario.py took 0.089 seconds
[2026-07-13T21:10:34.751+0000] {processor.py:161} INFO - Started process (PID=3274) to work on /opt/airflow/dags/dag_etl_camara_diario.py
[2026-07-13T21:10:34.752+0000] {processor.py:830} INFO - Processing file /opt/airflow/dags/dag_etl_camara_diario.py for tasks to queue
[2026-07-13T21:10:34.753+0000] {logging_mixin.py:188} INFO - [2026-07-13T21:10:34.752+0000] {dagbag.py:538} INFO - Filling up the DagBag from /opt/airflow/dags/dag_etl_camara_diario.py
[2026-07-13T21:10:34.762+0000] {processor.py:840} INFO - DAG(s) 'dag_etl_camara_diario' retrieved from /opt/airflow/dags/dag_etl_camara_diario.py
[2026-07-13T21:10:34.783+0000] {logging_mixin.py:188} INFO - [2026-07-13T21:10:34.783+0000] {dag.py:3036} INFO - Sync 1 DAGs
[2026-07-13T21:10:34.804+0000] {logging_mixin.py:188} INFO - [2026-07-13T21:10:34.803+0000] {dag.py:3823} INFO - Setting next_dagrun for dag_etl_camara_diario to 2026-07-12 03:00:00+00:00, run_after=2026-07-13 03:00:00+00:00
[2026-07-13T21:10:34.832+0000] {processor.py:183} INFO - Processing /opt/airflow/dags/dag_etl_camara_diario.py took 0.084 seconds
[2026-07-13T21:11:04.953+0000] {processor.py:161} INFO - Started process (PID=3289) to work on /opt/airflow/dags/dag_etl_camara_diario.py
[2026-07-13T21:11:04.954+0000] {processor.py:830} INFO - Processing file /opt/airflow/dags/dag_etl_camara_diario.py for tasks to queue
[2026-07-13T21:11:04.954+0000] {logging_mixin.py:188} INFO - [2026-07-13T21:11:04.954+0000] {dagbag.py:538} INFO - Filling up the DagBag from /opt/airflow/dags/dag_etl_camara_diario.py
[2026-07-13T21:11:04.963+0000] {processor.py:840} INFO - DAG(s) 'dag_etl_camara_diario' retrieved from /opt/airflow/dags/dag_etl_camara_diario.py
[2026-07-13T21:11:04.984+0000] {logging_mixin.py:188} INFO - [2026-07-13T21:11:04.984+0000] {dag.py:3036} INFO - Sync 1 DAGs
[2026-07-13T21:11:05.004+0000] {logging_mixin.py:188} INFO - [2026-07-13T21:11:05.004+0000] {dag.py:3823} INFO - Setting next_dagrun for dag_etl_camara_diario to 2026-07-12 03:00:00+00:00, run_after=2026-07-13 03:00:00+00:00
[2026-07-13T21:11:05.037+0000] {processor.py:183} INFO - Processing /opt/airflow/dags/dag_etl_camara_diario.py took 0.086 seconds
[2026-07-13T21:11:35.165+0000] {processor.py:161} INFO - Started process (PID=3304) to work on /opt/airflow/dags/dag_etl_camara_diario.py
[2026-07-13T21:11:35.166+0000] {processor.py:830} INFO - Processing file /opt/airflow/dags/dag_etl_camara_diario.py for tasks to queue
[2026-07-13T21:11:35.166+0000] {logging_mixin.py:188} INFO - [2026-07-13T21:11:35.166+0000] {dagbag.py:538} INFO - Filling up the DagBag from /opt/airflow/dags/dag_etl_camara_diario.py
[2026-07-13T21:11:35.176+0000] {processor.py:840} INFO - DAG(s) 'dag_etl_camara_diario' retrieved from /opt/airflow/dags/dag_etl_camara_diario.py
[2026-07-13T21:11:35.198+0000] {logging_mixin.py:188} INFO - [2026-07-13T21:11:35.198+0000] {dag.py:3036} INFO - Sync 1 DAGs
[2026-07-13T21:11:35.221+0000] {logging_mixin.py:188} INFO - [2026-07-13T21:11:35.221+0000] {dag.py:3823} INFO - Setting next_dagrun for dag_etl_camara_diario to 2026-07-12 03:00:00+00:00, run_after=2026-07-13 03:00:00+00:00
[2026-07-13T21:11:35.250+0000] {processor.py:183} INFO - Processing /opt/airflow/dags/dag_etl_camara_diario.py took 0.089 seconds
[2026-07-13T21:12:05.373+0000] {processor.py:161} INFO - Started process (PID=3319) to work on /opt/airflow/dags/dag_etl_camara_diario.py
[2026-07-13T21:12:05.373+0000] {processor.py:830} INFO - Processing file /opt/airflow/dags/dag_etl_camara_diario.py for tasks to queue
[2026-07-13T21:12:05.374+0000] {logging_mixin.py:188} INFO - [2026-07-13T21:12:05.374+0000] {dagbag.py:538} INFO - Filling up the DagBag from /opt/airflow/dags/dag_etl_camara_diario.py
[2026-07-13T21:12:05.383+0000] {processor.py:840} INFO - DAG(s) 'dag_etl_camara_diario' retrieved from /opt/airflow/dags/dag_etl_camara_diario.py
[2026-07-13T21:12:05.404+0000] {logging_mixin.py:188} INFO - [2026-07-13T21:12:05.404+0000] {dag.py:3036} INFO - Sync 1 DAGs
[2026-07-13T21:12:05.426+0000] {logging_mixin.py:188} INFO - [2026-07-13T21:12:05.425+0000] {dag.py:3823} INFO - Setting next_dagrun for dag_etl_camara_diario to 2026-07-12 03:00:00+00:00, run_after=2026-07-13 03:00:00+00:00
[2026-07-13T21:12:05.458+0000] {processor.py:183} INFO - Processing /opt/airflow/dags/dag_etl_camara_diario.py took 0.088 seconds
[2026-07-13T21:12:35.579+0000] {processor.py:161} INFO - Started process (PID=3334) to work on /opt/airflow/dags/dag_etl_camara_diario.py
[2026-07-13T21:12:35.580+0000] {processor.py:830} INFO - Processing file /opt/airflow/dags/dag_etl_camara_diario.py for tasks to queue
[2026-07-13T21:12:35.580+0000] {logging_mixin.py:188} INFO - [2026-07-13T21:12:35.580+0000] {dagbag.py:538} INFO - Filling up the DagBag from /opt/airflow/dags/dag_etl_camara_diario.py
[2026-07-13T21:12:35.589+0000] {processor.py:840} INFO - DAG(s) 'dag_etl_camara_diario' retrieved from /opt/airflow/dags/dag_etl_camara_diario.py
[2026-07-13T21:12:35.611+0000] {logging_mixin.py:188} INFO - [2026-07-13T21:12:35.611+0000] {dag.py:3036} INFO - Sync 1 DAGs
[2026-07-13T21:12:35.631+0000] {logging_mixin.py:188} INFO - [2026-07-13T21:12:35.631+0000] {dag.py:3823} INFO - Setting next_dagrun for dag_etl_camara_diario to 2026-07-12 03:00:00+00:00, run_after=2026-07-13 03:00:00+00:00
[2026-07-13T21:12:35.665+0000] {processor.py:183} INFO - Processing /opt/airflow/dags/dag_etl_camara_diario.py took 0.089 seconds
[2026-07-13T21:13:05.785+0000] {processor.py:161} INFO - Started process (PID=3349) to work on /opt/airflow/dags/dag_etl_camara_diario.py
[2026-07-13T21:13:05.786+0000] {processor.py:830} INFO - Processing file /opt/airflow/dags/dag_etl_camara_diario.py for tasks to queue
[2026-07-13T21:13:05.786+0000] {logging_mixin.py:188} INFO - [2026-07-13T21:13:05.786+0000] {dagbag.py:538} INFO - Filling up the DagBag from /opt/airflow/dags/dag_etl_camara_diario.py
[2026-07-13T21:13:05.795+0000] {processor.py:840} INFO - DAG(s) 'dag_etl_camara_diario' retrieved from /opt/airflow/dags/dag_etl_camara_diario.py
[2026-07-13T21:13:05.817+0000] {logging_mixin.py:188} INFO - [2026-07-13T21:13:05.817+0000] {dag.py:3036} INFO - Sync 1 DAGs
[2026-07-13T21:13:05.838+0000] {logging_mixin.py:188} INFO - [2026-07-13T21:13:05.838+0000] {dag.py:3823} INFO - Setting next_dagrun for dag_etl_camara_diario to 2026-07-12 03:00:00+00:00, run_after=2026-07-13 03:00:00+00:00
[2026-07-13T21:13:05.871+0000] {processor.py:183} INFO - Processing /opt/airflow/dags/dag_etl_camara_diario.py took 0.089 seconds
[2026-07-13T21:13:35.993+0000] {processor.py:161} INFO - Started process (PID=3364) to work on /opt/airflow/dags/dag_etl_camara_diario.py
[2026-07-13T21:13:35.994+0000] {processor.py:830} INFO - Processing file /opt/airflow/dags/dag_etl_camara_diario.py for tasks to queue
[2026-07-13T21:13:35.994+0000] {logging_mixin.py:188} INFO - [2026-07-13T21:13:35.994+0000] {dagbag.py:538} INFO - Filling up the DagBag from /opt/airflow/dags/dag_etl_camara_diario.py
[2026-07-13T21:13:36.003+0000] {processor.py:840} INFO - DAG(s) 'dag_etl_camara_diario' retrieved from /opt/airflow/dags/dag_etl_camara_diario.py
[2026-07-13T21:13:36.024+0000] {logging_mixin.py:188} INFO - [2026-07-13T21:13:36.023+0000] {dag.py:3036} INFO - Sync 1 DAGs
[2026-07-13T21:13:36.044+0000] {logging_mixin.py:188} INFO - [2026-07-13T21:13:36.043+0000] {dag.py:3823} INFO - Setting next_dagrun for dag_etl_camara_diario to 2026-07-12 03:00:00+00:00, run_after=2026-07-13 03:00:00+00:00
[2026-07-13T21:13:36.077+0000] {processor.py:183} INFO - Processing /opt/airflow/dags/dag_etl_camara_diario.py took 0.087 seconds
[2026-07-13T21:14:06.199+0000] {processor.py:161} INFO - Started process (PID=3379) to work on /opt/airflow/dags/dag_etl_camara_diario.py
[2026-07-13T21:14:06.200+0000] {processor.py:830} INFO - Processing file /opt/airflow/dags/dag_etl_camara_diario.py for tasks to queue
[2026-07-13T21:14:06.200+0000] {logging_mixin.py:188} INFO - [2026-07-13T21:14:06.200+0000] {dagbag.py:538} INFO - Filling up the DagBag from /opt/airflow/dags/dag_etl_camara_diario.py
[2026-07-13T21:14:06.210+0000] {processor.py:840} INFO - DAG(s) 'dag_etl_camara_diario' retrieved from /opt/airflow/dags/dag_etl_camara_diario.py
[2026-07-13T21:14:06.233+0000] {logging_mixin.py:188} INFO - [2026-07-13T21:14:06.232+0000] {dag.py:3036} INFO - Sync 1 DAGs
[2026-07-13T21:14:06.254+0000] {logging_mixin.py:188} INFO - [2026-07-13T21:14:06.254+0000] {dag.py:3823} INFO - Setting next_dagrun for dag_etl_camara_diario to 2026-07-12 03:00:00+00:00, run_after=2026-07-13 03:00:00+00:00
[2026-07-13T21:14:06.285+0000] {processor.py:183} INFO - Processing /opt/airflow/dags/dag_etl_camara_diario.py took 0.089 seconds
[2026-07-13T21:14:36.403+0000] {processor.py:161} INFO - Started process (PID=3394) to work on /opt/airflow/dags/dag_etl_camara_diario.py
[2026-07-13T21:14:36.404+0000] {processor.py:830} INFO - Processing file /opt/airflow/dags/dag_etl_camara_diario.py for tasks to queue
[2026-07-13T21:14:36.405+0000] {logging_mixin.py:188} INFO - [2026-07-13T21:14:36.405+0000] {dagbag.py:538} INFO - Filling up the DagBag from /opt/airflow/dags/dag_etl_camara_diario.py
[2026-07-13T21:14:36.413+0000] {processor.py:840} INFO - DAG(s) 'dag_etl_camara_diario' retrieved from /opt/airflow/dags/dag_etl_camara_diario.py
[2026-07-13T21:14:36.435+0000] {logging_mixin.py:188} INFO - [2026-07-13T21:14:36.435+0000] {dag.py:3036} INFO - Sync 1 DAGs
[2026-07-13T21:14:36.457+0000] {logging_mixin.py:188} INFO - [2026-07-13T21:14:36.457+0000] {dag.py:3823} INFO - Setting next_dagrun for dag_etl_camara_diario to 2026-07-12 03:00:00+00:00, run_after=2026-07-13 03:00:00+00:00
[2026-07-13T21:14:36.487+0000] {processor.py:183} INFO - Processing /opt/airflow/dags/dag_etl_camara_diario.py took 0.086 seconds
[2026-07-13T21:15:06.612+0000] {processor.py:161} INFO - Started process (PID=3409) to work on /opt/airflow/dags/dag_etl_camara_diario.py
[2026-07-13T21:15:06.613+0000] {processor.py:830} INFO - Processing file /opt/airflow/dags/dag_etl_camara_diario.py for tasks to queue
[2026-07-13T21:15:06.613+0000] {logging_mixin.py:188} INFO - [2026-07-13T21:15:06.613+0000] {dagbag.py:538} INFO - Filling up the DagBag from /opt/airflow/dags/dag_etl_camara_diario.py
[2026-07-13T21:15:06.622+0000] {processor.py:840} INFO - DAG(s) 'dag_etl_camara_diario' retrieved from /opt/airflow/dags/dag_etl_camara_diario.py
[2026-07-13T21:15:06.644+0000] {logging_mixin.py:188} INFO - [2026-07-13T21:15:06.644+0000] {dag.py:3036} INFO - Sync 1 DAGs
[2026-07-13T21:15:06.665+0000] {logging_mixin.py:188} INFO - [2026-07-13T21:15:06.665+0000] {dag.py:3823} INFO - Setting next_dagrun for dag_etl_camara_diario to 2026-07-12 03:00:00+00:00, run_after=2026-07-13 03:00:00+00:00
[2026-07-13T21:15:06.700+0000] {processor.py:183} INFO - Processing /opt/airflow/dags/dag_etl_camara_diario.py took 0.090 seconds
[2026-07-13T21:15:36.747+0000] {processor.py:161} INFO - Started process (PID=3424) to work on /opt/airflow/dags/dag_etl_camara_diario.py
[2026-07-13T21:15:36.748+0000] {processor.py:830} INFO - Processing file /opt/airflow/dags/dag_etl_camara_diario.py for tasks to queue
[2026-07-13T21:15:36.748+0000] {logging_mixin.py:188} INFO - [2026-07-13T21:15:36.748+0000] {dagbag.py:538} INFO - Filling up the DagBag from /opt/airflow/dags/dag_etl_camara_diario.py
[2026-07-13T21:15:36.757+0000] {processor.py:840} INFO - DAG(s) 'dag_etl_camara_diario' retrieved from /opt/airflow/dags/dag_etl_camara_diario.py
[2026-07-13T21:15:36.778+0000] {logging_mixin.py:188} INFO - [2026-07-13T21:15:36.778+0000] {dag.py:3036} INFO - Sync 1 DAGs
[2026-07-13T21:15:36.800+0000] {logging_mixin.py:188} INFO - [2026-07-13T21:15:36.800+0000] {dag.py:3823} INFO - Setting next_dagrun for dag_etl_camara_diario to 2026-07-12 03:00:00+00:00, run_after=2026-07-13 03:00:00+00:00
[2026-07-13T21:15:36.833+0000] {processor.py:183} INFO - Processing /opt/airflow/dags/dag_etl_camara_diario.py took 0.089 seconds
[2026-07-13T21:16:06.957+0000] {processor.py:161} INFO - Started process (PID=3439) to work on /opt/airflow/dags/dag_etl_camara_diario.py
[2026-07-13T21:16:06.958+0000] {processor.py:830} INFO - Processing file /opt/airflow/dags/dag_etl_camara_diario.py for tasks to queue
[2026-07-13T21:16:06.958+0000] {logging_mixin.py:188} INFO - [2026-07-13T21:16:06.958+0000] {dagbag.py:538} INFO - Filling up the DagBag from /opt/airflow/dags/dag_etl_camara_diario.py
[2026-07-13T21:16:06.967+0000] {processor.py:840} INFO - DAG(s) 'dag_etl_camara_diario' retrieved from /opt/airflow/dags/dag_etl_camara_diario.py
[2026-07-13T21:16:06.988+0000] {logging_mixin.py:188} INFO - [2026-07-13T21:16:06.988+0000] {dag.py:3036} INFO - Sync 1 DAGs
[2026-07-13T21:16:07.010+0000] {logging_mixin.py:188} INFO - [2026-07-13T21:16:07.010+0000] {dag.py:3823} INFO - Setting next_dagrun for dag_etl_camara_diario to 2026-07-12 03:00:00+00:00, run_after=2026-07-13 03:00:00+00:00
[2026-07-13T21:16:07.029+0000] {processor.py:183} INFO - Processing /opt/airflow/dags/dag_etl_camara_diario.py took 0.075 seconds
[2026-07-13T21:16:37.161+0000] {processor.py:161} INFO - Started process (PID=3454) to work on /opt/airflow/dags/dag_etl_camara_diario.py
[2026-07-13T21:16:37.161+0000] {processor.py:830} INFO - Processing file /opt/airflow/dags/dag_etl_camara_diario.py for tasks to queue
[2026-07-13T21:16:37.162+0000] {logging_mixin.py:188} INFO - [2026-07-13T21:16:37.162+0000] {dagbag.py:538} INFO - Filling up the DagBag from /opt/airflow/dags/dag_etl_camara_diario.py
[2026-07-13T21:16:37.171+0000] {processor.py:840} INFO - DAG(s) 'dag_etl_camara_diario' retrieved from /opt/airflow/dags/dag_etl_camara_diario.py
[2026-07-13T21:16:37.193+0000] {logging_mixin.py:188} INFO - [2026-07-13T21:16:37.193+0000] {dag.py:3036} INFO - Sync 1 DAGs
[2026-07-13T21:16:37.215+0000] {logging_mixin.py:188} INFO - [2026-07-13T21:16:37.215+0000] {dag.py:3823} INFO - Setting next_dagrun for dag_etl_camara_diario to 2026-07-12 03:00:00+00:00, run_after=2026-07-13 03:00:00+00:00
[2026-07-13T21:16:37.251+0000] {processor.py:183} INFO - Processing /opt/airflow/dags/dag_etl_camara_diario.py took 0.093 seconds
[2026-07-13T21:17:07.369+0000] {processor.py:161} INFO - Started process (PID=3469) to work on /opt/airflow/dags/dag_etl_camara_diario.py
[2026-07-13T21:17:07.370+0000] {processor.py:830} INFO - Processing file /opt/airflow/dags/dag_etl_camara_diario.py for tasks to queue
[2026-07-13T21:17:07.370+0000] {logging_mixin.py:188} INFO - [2026-07-13T21:17:07.370+0000] {dagbag.py:538} INFO - Filling up the DagBag from /opt/airflow/dags/dag_etl_camara_diario.py
[2026-07-13T21:17:07.379+0000] {processor.py:840} INFO - DAG(s) 'dag_etl_camara_diario' retrieved from /opt/airflow/dags/dag_etl_camara_diario.py
[2026-07-13T21:17:07.401+0000] {logging_mixin.py:188} INFO - [2026-07-13T21:17:07.401+0000] {dag.py:3036} INFO - Sync 1 DAGs
[2026-07-13T21:17:07.421+0000] {logging_mixin.py:188} INFO - [2026-07-13T21:17:07.421+0000] {dag.py:3823} INFO - Setting next_dagrun for dag_etl_camara_diario to 2026-07-12 03:00:00+00:00, run_after=2026-07-13 03:00:00+00:00
[2026-07-13T21:17:07.456+0000] {processor.py:183} INFO - Processing /opt/airflow/dags/dag_etl_camara_diario.py took 0.089 seconds
[2026-07-13T21:17:37.575+0000] {processor.py:161} INFO - Started process (PID=3484) to work on /opt/airflow/dags/dag_etl_camara_diario.py
[2026-07-13T21:17:37.576+0000] {processor.py:830} INFO - Processing file /opt/airflow/dags/dag_etl_camara_diario.py for tasks to queue
[2026-07-13T21:17:37.577+0000] {logging_mixin.py:188} INFO - [2026-07-13T21:17:37.576+0000] {dagbag.py:538} INFO - Filling up the DagBag from /opt/airflow/dags/dag_etl_camara_diario.py
[2026-07-13T21:17:37.585+0000] {processor.py:840} INFO - DAG(s) 'dag_etl_camara_diario' retrieved from /opt/airflow/dags/dag_etl_camara_diario.py
[2026-07-13T21:17:37.607+0000] {logging_mixin.py:188} INFO - [2026-07-13T21:17:37.607+0000] {dag.py:3036} INFO - Sync 1 DAGs
[2026-07-13T21:17:37.628+0000] {logging_mixin.py:188} INFO - [2026-07-13T21:17:37.628+0000] {dag.py:3823} INFO - Setting next_dagrun for dag_etl_camara_diario to 2026-07-12 03:00:00+00:00, run_after=2026-07-13 03:00:00+00:00
[2026-07-13T21:17:37.664+0000] {processor.py:183} INFO - Processing /opt/airflow/dags/dag_etl_camara_diario.py took 0.092 seconds
[2026-07-13T21:18:07.787+0000] {processor.py:161} INFO - Started process (PID=3499) to work on /opt/airflow/dags/dag_etl_camara_diario.py
[2026-07-13T21:18:07.787+0000] {processor.py:830} INFO - Processing file /opt/airflow/dags/dag_etl_camara_diario.py for tasks to queue
[2026-07-13T21:18:07.788+0000] {logging_mixin.py:188} INFO - [2026-07-13T21:18:07.788+0000] {dagbag.py:538} INFO - Filling up the DagBag from /opt/airflow/dags/dag_etl_camara_diario.py
[2026-07-13T21:18:07.797+0000] {processor.py:840} INFO - DAG(s) 'dag_etl_camara_diario' retrieved from /opt/airflow/dags/dag_etl_camara_diario.py
[2026-07-13T21:18:07.819+0000] {logging_mixin.py:188} INFO - [2026-07-13T21:18:07.819+0000] {dag.py:3036} INFO - Sync 1 DAGs
[2026-07-13T21:18:07.841+0000] {logging_mixin.py:188} INFO - [2026-07-13T21:18:07.841+0000] {dag.py:3823} INFO - Setting next_dagrun for dag_etl_camara_diario to 2026-07-12 03:00:00+00:00, run_after=2026-07-13 03:00:00+00:00
[2026-07-13T21:18:07.874+0000] {processor.py:183} INFO - Processing /opt/airflow/dags/dag_etl_camara_diario.py took 0.089 seconds
[2026-07-13T21:18:37.998+0000] {processor.py:161} INFO - Started process (PID=3514) to work on /opt/airflow/dags/dag_etl_camara_diario.py
[2026-07-13T21:18:37.999+0000] {processor.py:830} INFO - Processing file /opt/airflow/dags/dag_etl_camara_diario.py for tasks to queue
[2026-07-13T21:18:37.999+0000] {logging_mixin.py:188} INFO - [2026-07-13T21:18:37.999+0000] {dagbag.py:538} INFO - Filling up the DagBag from /opt/airflow/dags/dag_etl_camara_diario.py
[2026-07-13T21:18:38.009+0000] {processor.py:840} INFO - DAG(s) 'dag_etl_camara_diario' retrieved from /opt/airflow/dags/dag_etl_camara_diario.py
[2026-07-13T21:18:38.031+0000] {logging_mixin.py:188} INFO - [2026-07-13T21:18:38.030+0000] {dag.py:3036} INFO - Sync 1 DAGs
[2026-07-13T21:18:38.052+0000] {logging_mixin.py:188} INFO - [2026-07-13T21:18:38.051+0000] {dag.py:3823} INFO - Setting next_dagrun for dag_etl_camara_diario to 2026-07-12 03:00:00+00:00, run_after=2026-07-13 03:00:00+00:00
[2026-07-13T21:18:38.066+0000] {processor.py:183} INFO - Processing /opt/airflow/dags/dag_etl_camara_diario.py took 0.071 seconds
[2026-07-13T21:19:08.183+0000] {processor.py:161} INFO - Started process (PID=3529) to work on /opt/airflow/dags/dag_etl_camara_diario.py
[2026-07-13T21:19:08.183+0000] {processor.py:830} INFO - Processing file /opt/airflow/dags/dag_etl_camara_diario.py for tasks to queue
[2026-07-13T21:19:08.184+0000] {logging_mixin.py:188} INFO - [2026-07-13T21:19:08.184+0000] {dagbag.py:538} INFO - Filling up the DagBag from /opt/airflow/dags/dag_etl_camara_diario.py
[2026-07-13T21:19:08.193+0000] {processor.py:840} INFO - DAG(s) 'dag_etl_camara_diario' retrieved from /opt/airflow/dags/dag_etl_camara_diario.py
[2026-07-13T21:19:08.216+0000] {logging_mixin.py:188} INFO - [2026-07-13T21:19:08.216+0000] {dag.py:3036} INFO - Sync 1 DAGs
[2026-07-13T21:19:08.238+0000] {logging_mixin.py:188} INFO - [2026-07-13T21:19:08.238+0000] {dag.py:3823} INFO - Setting next_dagrun for dag_etl_camara_diario to 2026-07-12 03:00:00+00:00, run_after=2026-07-13 03:00:00+00:00
[2026-07-13T21:19:08.272+0000] {processor.py:183} INFO - Processing /opt/airflow/dags/dag_etl_camara_diario.py took 0.092 seconds
[2026-07-13T21:19:38.394+0000] {processor.py:161} INFO - Started process (PID=3544) to work on /opt/airflow/dags/dag_etl_camara_diario.py
[2026-07-13T21:19:38.395+0000] {processor.py:830} INFO - Processing file /opt/airflow/dags/dag_etl_camara_diario.py for tasks to queue
[2026-07-13T21:19:38.395+0000] {logging_mixin.py:188} INFO - [2026-07-13T21:19:38.395+0000] {dagbag.py:538} INFO - Filling up the DagBag from /opt/airflow/dags/dag_etl_camara_diario.py
[2026-07-13T21:19:38.404+0000] {processor.py:840} INFO - DAG(s) 'dag_etl_camara_diario' retrieved from /opt/airflow/dags/dag_etl_camara_diario.py
[2026-07-13T21:19:38.425+0000] {logging_mixin.py:188} INFO - [2026-07-13T21:19:38.425+0000] {dag.py:3036} INFO - Sync 1 DAGs
[2026-07-13T21:19:38.445+0000] {logging_mixin.py:188} INFO - [2026-07-13T21:19:38.445+0000] {dag.py:3823} INFO - Setting next_dagrun for dag_etl_camara_diario to 2026-07-12 03:00:00+00:00, run_after=2026-07-13 03:00:00+00:00
[2026-07-13T21:19:38.480+0000] {processor.py:183} INFO - Processing /opt/airflow/dags/dag_etl_camara_diario.py took 0.089 seconds
[2026-07-13T21:20:08.601+0000] {processor.py:161} INFO - Started process (PID=3559) to work on /opt/airflow/dags/dag_etl_camara_diario.py
[2026-07-13T21:20:08.602+0000] {processor.py:830} INFO - Processing file /opt/airflow/dags/dag_etl_camara_diario.py for tasks to queue
[2026-07-13T21:20:08.602+0000] {logging_mixin.py:188} INFO - [2026-07-13T21:20:08.602+0000] {dagbag.py:538} INFO - Filling up the DagBag from /opt/airflow/dags/dag_etl_camara_diario.py
[2026-07-13T21:20:08.611+0000] {processor.py:840} INFO - DAG(s) 'dag_etl_camara_diario' retrieved from /opt/airflow/dags/dag_etl_camara_diario.py
[2026-07-13T21:20:08.632+0000] {logging_mixin.py:188} INFO - [2026-07-13T21:20:08.632+0000] {dag.py:3036} INFO - Sync 1 DAGs
[2026-07-13T21:20:08.652+0000] {logging_mixin.py:188} INFO - [2026-07-13T21:20:08.652+0000] {dag.py:3823} INFO - Setting next_dagrun for dag_etl_camara_diario to 2026-07-12 03:00:00+00:00, run_after=2026-07-13 03:00:00+00:00
[2026-07-13T21:20:08.684+0000] {processor.py:183} INFO - Processing /opt/airflow/dags/dag_etl_camara_diario.py took 0.085 seconds
[2026-07-13T21:20:38.798+0000] {processor.py:161} INFO - Started process (PID=3574) to work on /opt/airflow/dags/dag_etl_camara_diario.py
[2026-07-13T21:20:38.799+0000] {processor.py:830} INFO - Processing file /opt/airflow/dags/dag_etl_camara_diario.py for tasks to queue
[2026-07-13T21:20:38.800+0000] {logging_mixin.py:188} INFO - [2026-07-13T21:20:38.800+0000] {dagbag.py:538} INFO - Filling up the DagBag from /opt/airflow/dags/dag_etl_camara_diario.py
[2026-07-13T21:20:38.810+0000] {processor.py:840} INFO - DAG(s) 'dag_etl_camara_diario' retrieved from /opt/airflow/dags/dag_etl_camara_diario.py
[2026-07-13T21:20:38.835+0000] {logging_mixin.py:188} INFO - [2026-07-13T21:20:38.835+0000] {dag.py:3036} INFO - Sync 1 DAGs
[2026-07-13T21:20:38.857+0000] {logging_mixin.py:188} INFO - [2026-07-13T21:20:38.857+0000] {dag.py:3823} INFO - Setting next_dagrun for dag_etl_camara_diario to 2026-07-12 03:00:00+00:00, run_after=2026-07-13 03:00:00+00:00
[2026-07-13T21:20:38.888+0000] {processor.py:183} INFO - Processing /opt/airflow/dags/dag_etl_camara_diario.py took 0.093 seconds
[2026-07-13T21:21:09.010+0000] {processor.py:161} INFO - Started process (PID=3589) to work on /opt/airflow/dags/dag_etl_camara_diario.py
[2026-07-13T21:21:09.011+0000] {processor.py:830} INFO - Processing file /opt/airflow/dags/dag_etl_camara_diario.py for tasks to queue
[2026-07-13T21:21:09.012+0000] {logging_mixin.py:188} INFO - [2026-07-13T21:21:09.011+0000] {dagbag.py:538} INFO - Filling up the DagBag from /opt/airflow/dags/dag_etl_camara_diario.py
[2026-07-13T21:21:09.021+0000] {processor.py:840} INFO - DAG(s) 'dag_etl_camara_diario' retrieved from /opt/airflow/dags/dag_etl_camara_diario.py
[2026-07-13T21:21:09.042+0000] {logging_mixin.py:188} INFO - [2026-07-13T21:21:09.041+0000] {dag.py:3036} INFO - Sync 1 DAGs
[2026-07-13T21:21:09.061+0000] {logging_mixin.py:188} INFO - [2026-07-13T21:21:09.061+0000] {dag.py:3823} INFO - Setting next_dagrun for dag_etl_camara_diario to 2026-07-12 03:00:00+00:00, run_after=2026-07-13 03:00:00+00:00
[2026-07-13T21:21:09.097+0000] {processor.py:183} INFO - Processing /opt/airflow/dags/dag_etl_camara_diario.py took 0.090 seconds
[2026-07-13T21:21:39.224+0000] {processor.py:161} INFO - Started process (PID=3604) to work on /opt/airflow/dags/dag_etl_camara_diario.py
[2026-07-13T21:21:39.225+0000] {processor.py:830} INFO - Processing file /opt/airflow/dags/dag_etl_camara_diario.py for tasks to queue
[2026-07-13T21:21:39.225+0000] {logging_mixin.py:188} INFO - [2026-07-13T21:21:39.225+0000] {dagbag.py:538} INFO - Filling up the DagBag from /opt/airflow/dags/dag_etl_camara_diario.py
[2026-07-13T21:21:39.235+0000] {processor.py:840} INFO - DAG(s) 'dag_etl_camara_diario' retrieved from /opt/airflow/dags/dag_etl_camara_diario.py
[2026-07-13T21:21:39.256+0000] {logging_mixin.py:188} INFO - [2026-07-13T21:21:39.255+0000] {dag.py:3036} INFO - Sync 1 DAGs
[2026-07-13T21:21:39.276+0000] {logging_mixin.py:188} INFO - [2026-07-13T21:21:39.276+0000] {dag.py:3823} INFO - Setting next_dagrun for dag_etl_camara_diario to 2026-07-12 03:00:00+00:00, run_after=2026-07-13 03:00:00+00:00
[2026-07-13T21:21:39.311+0000] {processor.py:183} INFO - Processing /opt/airflow/dags/dag_etl_camara_diario.py took 0.090 seconds
[2026-07-13T21:22:09.431+0000] {processor.py:161} INFO - Started process (PID=3619) to work on /opt/airflow/dags/dag_etl_camara_diario.py
[2026-07-13T21:22:09.432+0000] {processor.py:830} INFO - Processing file /opt/airflow/dags/dag_etl_camara_diario.py for tasks to queue
[2026-07-13T21:22:09.433+0000] {logging_mixin.py:188} INFO - [2026-07-13T21:22:09.432+0000] {dagbag.py:538} INFO - Filling up the DagBag from /opt/airflow/dags/dag_etl_camara_diario.py
[2026-07-13T21:22:09.442+0000] {processor.py:840} INFO - DAG(s) 'dag_etl_camara_diario' retrieved from /opt/airflow/dags/dag_etl_camara_diario.py
[2026-07-13T21:22:09.465+0000] {logging_mixin.py:188} INFO - [2026-07-13T21:22:09.464+0000] {dag.py:3036} INFO - Sync 1 DAGs
[2026-07-13T21:22:09.486+0000] {logging_mixin.py:188} INFO - [2026-07-13T21:22:09.486+0000] {dag.py:3823} INFO - Setting next_dagrun for dag_etl_camara_diario to 2026-07-12 03:00:00+00:00, run_after=2026-07-13 03:00:00+00:00
[2026-07-13T21:22:09.517+0000] {processor.py:183} INFO - Processing /opt/airflow/dags/dag_etl_camara_diario.py took 0.088 seconds
[2026-07-13T21:22:39.641+0000] {processor.py:161} INFO - Started process (PID=3634) to work on /opt/airflow/dags/dag_etl_camara_diario.py
[2026-07-13T21:22:39.642+0000] {processor.py:830} INFO - Processing file /opt/airflow/dags/dag_etl_camara_diario.py for tasks to queue
[2026-07-13T21:22:39.642+0000] {logging_mixin.py:188} INFO - [2026-07-13T21:22:39.642+0000] {dagbag.py:538} INFO - Filling up the DagBag from /opt/airflow/dags/dag_etl_camara_diario.py
[2026-07-13T21:22:39.651+0000] {processor.py:840} INFO - DAG(s) 'dag_etl_camara_diario' retrieved from /opt/airflow/dags/dag_etl_camara_diario.py
[2026-07-13T21:22:39.671+0000] {logging_mixin.py:188} INFO - [2026-07-13T21:22:39.671+0000] {dag.py:3036} INFO - Sync 1 DAGs
[2026-07-13T21:22:39.691+0000] {logging_mixin.py:188} INFO - [2026-07-13T21:22:39.691+0000] {dag.py:3823} INFO - Setting next_dagrun for dag_etl_camara_diario to 2026-07-12 03:00:00+00:00, run_after=2026-07-13 03:00:00+00:00
[2026-07-13T21:22:39.729+0000] {processor.py:183} INFO - Processing /opt/airflow/dags/dag_etl_camara_diario.py took 0.091 seconds
[2026-07-13T21:23:09.851+0000] {processor.py:161} INFO - Started process (PID=3649) to work on /opt/airflow/dags/dag_etl_camara_diario.py
[2026-07-13T21:23:09.852+0000] {processor.py:830} INFO - Processing file /opt/airflow/dags/dag_etl_camara_diario.py for tasks to queue
[2026-07-13T21:23:09.853+0000] {logging_mixin.py:188} INFO - [2026-07-13T21:23:09.852+0000] {dagbag.py:538} INFO - Filling up the DagBag from /opt/airflow/dags/dag_etl_camara_diario.py
[2026-07-13T21:23:09.861+0000] {processor.py:840} INFO - DAG(s) 'dag_etl_camara_diario' retrieved from /opt/airflow/dags/dag_etl_camara_diario.py
[2026-07-13T21:23:09.882+0000] {logging_mixin.py:188} INFO - [2026-07-13T21:23:09.882+0000] {dag.py:3036} INFO - Sync 1 DAGs
[2026-07-13T21:23:09.904+0000] {logging_mixin.py:188} INFO - [2026-07-13T21:23:09.904+0000] {dag.py:3823} INFO - Setting next_dagrun for dag_etl_camara_diario to 2026-07-12 03:00:00+00:00, run_after=2026-07-13 03:00:00+00:00
[2026-07-13T21:23:09.936+0000] {processor.py:183} INFO - Processing /opt/airflow/dags/dag_etl_camara_diario.py took 0.087 seconds
[2026-07-13T21:23:40.056+0000] {processor.py:161} INFO - Started process (PID=3664) to work on /opt/airflow/dags/dag_etl_camara_diario.py
[2026-07-13T21:23:40.057+0000] {processor.py:830} INFO - Processing file /opt/airflow/dags/dag_etl_camara_diario.py for tasks to queue
[2026-07-13T21:23:40.058+0000] {logging_mixin.py:188} INFO - [2026-07-13T21:23:40.058+0000] {dagbag.py:538} INFO - Filling up the DagBag from /opt/airflow/dags/dag_etl_camara_diario.py
[2026-07-13T21:23:40.067+0000] {processor.py:840} INFO - DAG(s) 'dag_etl_camara_diario' retrieved from /opt/airflow/dags/dag_etl_camara_diario.py
[2026-07-13T21:23:40.089+0000] {logging_mixin.py:188} INFO - [2026-07-13T21:23:40.088+0000] {dag.py:3036} INFO - Sync 1 DAGs
[2026-07-13T21:23:40.110+0000] {logging_mixin.py:188} INFO - [2026-07-13T21:23:40.110+0000] {dag.py:3823} INFO - Setting next_dagrun for dag_etl_camara_diario to 2026-07-12 03:00:00+00:00, run_after=2026-07-13 03:00:00+00:00
[2026-07-13T21:23:40.144+0000] {processor.py:183} INFO - Processing /opt/airflow/dags/dag_etl_camara_diario.py took 0.090 seconds
[2026-07-13T21:24:10.268+0000] {processor.py:161} INFO - Started process (PID=3679) to work on /opt/airflow/dags/dag_etl_camara_diario.py
[2026-07-13T21:24:10.268+0000] {processor.py:830} INFO - Processing file /opt/airflow/dags/dag_etl_camara_diario.py for tasks to queue
[2026-07-13T21:24:10.269+0000] {logging_mixin.py:188} INFO - [2026-07-13T21:24:10.269+0000] {dagbag.py:538} INFO - Filling up the DagBag from /opt/airflow/dags/dag_etl_camara_diario.py
[2026-07-13T21:24:10.278+0000] {processor.py:840} INFO - DAG(s) 'dag_etl_camara_diario' retrieved from /opt/airflow/dags/dag_etl_camara_diario.py
[2026-07-13T21:24:10.300+0000] {logging_mixin.py:188} INFO - [2026-07-13T21:24:10.300+0000] {dag.py:3036} INFO - Sync 1 DAGs
[2026-07-13T21:24:10.321+0000] {logging_mixin.py:188} INFO - [2026-07-13T21:24:10.321+0000] {dag.py:3823} INFO - Setting next_dagrun for dag_etl_camara_diario to 2026-07-12 03:00:00+00:00, run_after=2026-07-13 03:00:00+00:00
[2026-07-13T21:24:10.353+0000] {processor.py:183} INFO - Processing /opt/airflow/dags/dag_etl_camara_diario.py took 0.089 seconds
[2026-07-13T21:24:40.472+0000] {processor.py:161} INFO - Started process (PID=3694) to work on /opt/airflow/dags/dag_etl_camara_diario.py
[2026-07-13T21:24:40.473+0000] {processor.py:830} INFO - Processing file /opt/airflow/dags/dag_etl_camara_diario.py for tasks to queue
[2026-07-13T21:24:40.474+0000] {logging_mixin.py:188} INFO - [2026-07-13T21:24:40.473+0000] {dagbag.py:538} INFO - Filling up the DagBag from /opt/airflow/dags/dag_etl_camara_diario.py
[2026-07-13T21:24:40.483+0000] {processor.py:840} INFO - DAG(s) 'dag_etl_camara_diario' retrieved from /opt/airflow/dags/dag_etl_camara_diario.py
[2026-07-13T21:24:40.505+0000] {logging_mixin.py:188} INFO - [2026-07-13T21:24:40.505+0000] {dag.py:3036} INFO - Sync 1 DAGs
[2026-07-13T21:24:40.525+0000] {logging_mixin.py:188} INFO - [2026-07-13T21:24:40.524+0000] {dag.py:3823} INFO - Setting next_dagrun for dag_etl_camara_diario to 2026-07-12 03:00:00+00:00, run_after=2026-07-13 03:00:00+00:00
[2026-07-13T21:24:40.560+0000] {processor.py:183} INFO - Processing /opt/airflow/dags/dag_etl_camara_diario.py took 0.091 seconds
[2026-07-13T21:25:10.681+0000] {processor.py:161} INFO - Started process (PID=3709) to work on /opt/airflow/dags/dag_etl_camara_diario.py
[2026-07-13T21:25:10.682+0000] {processor.py:830} INFO - Processing file /opt/airflow/dags/dag_etl_camara_diario.py for tasks to queue
[2026-07-13T21:25:10.682+0000] {logging_mixin.py:188} INFO - [2026-07-13T21:25:10.682+0000] {dagbag.py:538} INFO - Filling up the DagBag from /opt/airflow/dags/dag_etl_camara_diario.py
[2026-07-13T21:25:10.691+0000] {processor.py:840} INFO - DAG(s) 'dag_etl_camara_diario' retrieved from /opt/airflow/dags/dag_etl_camara_diario.py
[2026-07-13T21:25:10.713+0000] {logging_mixin.py:188} INFO - [2026-07-13T21:25:10.712+0000] {dag.py:3036} INFO - Sync 1 DAGs
[2026-07-13T21:25:10.733+0000] {logging_mixin.py:188} INFO - [2026-07-13T21:25:10.733+0000] {dag.py:3823} INFO - Setting next_dagrun for dag_etl_camara_diario to 2026-07-12 03:00:00+00:00, run_after=2026-07-13 03:00:00+00:00
[2026-07-13T21:25:10.767+0000] {processor.py:183} INFO - Processing /opt/airflow/dags/dag_etl_camara_diario.py took 0.089 seconds
[2026-07-13T21:25:40.886+0000] {processor.py:161} INFO - Started process (PID=3724) to work on /opt/airflow/dags/dag_etl_camara_diario.py
[2026-07-13T21:25:40.887+0000] {processor.py:830} INFO - Processing file /opt/airflow/dags/dag_etl_camara_diario.py for tasks to queue
[2026-07-13T21:25:40.887+0000] {logging_mixin.py:188} INFO - [2026-07-13T21:25:40.887+0000] {dagbag.py:538} INFO - Filling up the DagBag from /opt/airflow/dags/dag_etl_camara_diario.py
[2026-07-13T21:25:40.897+0000] {processor.py:840} INFO - DAG(s) 'dag_etl_camara_diario' retrieved from /opt/airflow/dags/dag_etl_camara_diario.py
[2026-07-13T21:25:40.917+0000] {logging_mixin.py:188} INFO - [2026-07-13T21:25:40.917+0000] {dag.py:3036} INFO - Sync 1 DAGs
[2026-07-13T21:25:40.937+0000] {logging_mixin.py:188} INFO - [2026-07-13T21:25:40.937+0000] {dag.py:3823} INFO - Setting next_dagrun for dag_etl_camara_diario to 2026-07-12 03:00:00+00:00, run_after=2026-07-13 03:00:00+00:00
[2026-07-13T21:25:40.972+0000] {processor.py:183} INFO - Processing /opt/airflow/dags/dag_etl_camara_diario.py took 0.089 seconds
[2026-07-13T21:26:11.091+0000] {processor.py:161} INFO - Started process (PID=3739) to work on /opt/airflow/dags/dag_etl_camara_diario.py
[2026-07-13T21:26:11.091+0000] {processor.py:830} INFO - Processing file /opt/airflow/dags/dag_etl_camara_diario.py for tasks to queue
[2026-07-13T21:26:11.092+0000] {logging_mixin.py:188} INFO - [2026-07-13T21:26:11.092+0000] {dagbag.py:538} INFO - Filling up the DagBag from /opt/airflow/dags/dag_etl_camara_diario.py
[2026-07-13T21:26:11.100+0000] {processor.py:840} INFO - DAG(s) 'dag_etl_camara_diario' retrieved from /opt/airflow/dags/dag_etl_camara_diario.py
[2026-07-13T21:26:11.121+0000] {logging_mixin.py:188} INFO - [2026-07-13T21:26:11.121+0000] {dag.py:3036} INFO - Sync 1 DAGs
[2026-07-13T21:26:11.141+0000] {logging_mixin.py:188} INFO - [2026-07-13T21:26:11.141+0000] {dag.py:3823} INFO - Setting next_dagrun for dag_etl_camara_diario to 2026-07-12 03:00:00+00:00, run_after=2026-07-13 03:00:00+00:00
[2026-07-13T21:26:11.179+0000] {processor.py:183} INFO - Processing /opt/airflow/dags/dag_etl_camara_diario.py took 0.091 seconds
[2026-07-13T21:26:41.320+0000] {processor.py:161} INFO - Started process (PID=3754) to work on /opt/airflow/dags/dag_etl_camara_diario.py
[2026-07-13T21:26:41.321+0000] {processor.py:830} INFO - Processing file /opt/airflow/dags/dag_etl_camara_diario.py for tasks to queue
[2026-07-13T21:26:41.321+0000] {logging_mixin.py:188} INFO - [2026-07-13T21:26:41.321+0000] {dagbag.py:538} INFO - Filling up the DagBag from /opt/airflow/dags/dag_etl_camara_diario.py
[2026-07-13T21:26:41.330+0000] {processor.py:840} INFO - DAG(s) 'dag_etl_camara_diario' retrieved from /opt/airflow/dags/dag_etl_camara_diario.py
[2026-07-13T21:26:41.351+0000] {logging_mixin.py:188} INFO - [2026-07-13T21:26:41.351+0000] {dag.py:3036} INFO - Sync 1 DAGs
[2026-07-13T21:26:41.373+0000] {logging_mixin.py:188} INFO - [2026-07-13T21:26:41.372+0000] {dag.py:3823} INFO - Setting next_dagrun for dag_etl_camara_diario to 2026-07-12 03:00:00+00:00, run_after=2026-07-13 03:00:00+00:00
[2026-07-13T21:26:41.407+0000] {processor.py:183} INFO - Processing /opt/airflow/dags/dag_etl_camara_diario.py took 0.090 seconds
[2026-07-13T21:27:11.530+0000] {processor.py:161} INFO - Started process (PID=3769) to work on /opt/airflow/dags/dag_etl_camara_diario.py
[2026-07-13T21:27:11.530+0000] {processor.py:830} INFO - Processing file /opt/airflow/dags/dag_etl_camara_diario.py for tasks to queue
[2026-07-13T21:27:11.531+0000] {logging_mixin.py:188} INFO - [2026-07-13T21:27:11.531+0000] {dagbag.py:538} INFO - Filling up the DagBag from /opt/airflow/dags/dag_etl_camara_diario.py
[2026-07-13T21:27:11.540+0000] {processor.py:840} INFO - DAG(s) 'dag_etl_camara_diario' retrieved from /opt/airflow/dags/dag_etl_camara_diario.py
[2026-07-13T21:27:11.564+0000] {logging_mixin.py:188} INFO - [2026-07-13T21:27:11.563+0000] {dag.py:3036} INFO - Sync 1 DAGs
[2026-07-13T21:27:11.588+0000] {logging_mixin.py:188} INFO - [2026-07-13T21:27:11.588+0000] {dag.py:3823} INFO - Setting next_dagrun for dag_etl_camara_diario to 2026-07-12 03:00:00+00:00, run_after=2026-07-13 03:00:00+00:00
[2026-07-13T21:27:11.619+0000] {processor.py:183} INFO - Processing /opt/airflow/dags/dag_etl_camara_diario.py took 0.092 seconds
[2026-07-13T21:27:41.739+0000] {processor.py:161} INFO - Started process (PID=3784) to work on /opt/airflow/dags/dag_etl_camara_diario.py
[2026-07-13T21:27:41.740+0000] {processor.py:830} INFO - Processing file /opt/airflow/dags/dag_etl_camara_diario.py for tasks to queue
[2026-07-13T21:27:41.741+0000] {logging_mixin.py:188} INFO - [2026-07-13T21:27:41.741+0000] {dagbag.py:538} INFO - Filling up the DagBag from /opt/airflow/dags/dag_etl_camara_diario.py
[2026-07-13T21:27:41.750+0000] {processor.py:840} INFO - DAG(s) 'dag_etl_camara_diario' retrieved from /opt/airflow/dags/dag_etl_camara_diario.py
[2026-07-13T21:27:41.771+0000] {logging_mixin.py:188} INFO - [2026-07-13T21:27:41.771+0000] {dag.py:3036} INFO - Sync 1 DAGs
[2026-07-13T21:27:41.791+0000] {logging_mixin.py:188} INFO - [2026-07-13T21:27:41.791+0000] {dag.py:3823} INFO - Setting next_dagrun for dag_etl_camara_diario to 2026-07-12 03:00:00+00:00, run_after=2026-07-13 03:00:00+00:00
[2026-07-13T21:27:41.825+0000] {processor.py:183} INFO - Processing /opt/airflow/dags/dag_etl_camara_diario.py took 0.088 seconds
[2026-07-13T21:28:11.874+0000] {processor.py:161} INFO - Started process (PID=3799) to work on /opt/airflow/dags/dag_etl_camara_diario.py
[2026-07-13T21:28:11.875+0000] {processor.py:830} INFO - Processing file /opt/airflow/dags/dag_etl_camara_diario.py for tasks to queue
[2026-07-13T21:28:11.875+0000] {logging_mixin.py:188} INFO - [2026-07-13T21:28:11.875+0000] {dagbag.py:538} INFO - Filling up the DagBag from /opt/airflow/dags/dag_etl_camara_diario.py
[2026-07-13T21:28:11.884+0000] {processor.py:840} INFO - DAG(s) 'dag_etl_camara_diario' retrieved from /opt/airflow/dags/dag_etl_camara_diario.py
[2026-07-13T21:28:11.907+0000] {logging_mixin.py:188} INFO - [2026-07-13T21:28:11.906+0000] {dag.py:3036} INFO - Sync 1 DAGs
[2026-07-13T21:28:11.928+0000] {logging_mixin.py:188} INFO - [2026-07-13T21:28:11.928+0000] {dag.py:3823} INFO - Setting next_dagrun for dag_etl_camara_diario to 2026-07-12 03:00:00+00:00, run_after=2026-07-13 03:00:00+00:00
[2026-07-13T21:28:11.966+0000] {processor.py:183} INFO - Processing /opt/airflow/dags/dag_etl_camara_diario.py took 0.094 seconds
[2026-07-13T21:28:42.090+0000] {processor.py:161} INFO - Started process (PID=3814) to work on /opt/airflow/dags/dag_etl_camara_diario.py
[2026-07-13T21:28:42.091+0000] {processor.py:830} INFO - Processing file /opt/airflow/dags/dag_etl_camara_diario.py for tasks to queue
[2026-07-13T21:28:42.092+0000] {logging_mixin.py:188} INFO - [2026-07-13T21:28:42.092+0000] {dagbag.py:538} INFO - Filling up the DagBag from /opt/airflow/dags/dag_etl_camara_diario.py
[2026-07-13T21:28:42.101+0000] {processor.py:840} INFO - DAG(s) 'dag_etl_camara_diario' retrieved from /opt/airflow/dags/dag_etl_camara_diario.py
[2026-07-13T21:28:42.127+0000] {logging_mixin.py:188} INFO - [2026-07-13T21:28:42.127+0000] {dag.py:3036} INFO - Sync 1 DAGs
[2026-07-13T21:28:42.149+0000] {logging_mixin.py:188} INFO - [2026-07-13T21:28:42.148+0000] {dag.py:3823} INFO - Setting next_dagrun for dag_etl_camara_diario to 2026-07-12 03:00:00+00:00, run_after=2026-07-13 03:00:00+00:00
[2026-07-13T21:28:42.181+0000] {processor.py:183} INFO - Processing /opt/airflow/dags/dag_etl_camara_diario.py took 0.094 seconds
[2026-07-13T21:29:12.301+0000] {processor.py:161} INFO - Started process (PID=3829) to work on /opt/airflow/dags/dag_etl_camara_diario.py
[2026-07-13T21:29:12.302+0000] {processor.py:830} INFO - Processing file /opt/airflow/dags/dag_etl_camara_diario.py for tasks to queue
[2026-07-13T21:29:12.302+0000] {logging_mixin.py:188} INFO - [2026-07-13T21:29:12.302+0000] {dagbag.py:538} INFO - Filling up the DagBag from /opt/airflow/dags/dag_etl_camara_diario.py
[2026-07-13T21:29:12.316+0000] {processor.py:840} INFO - DAG(s) 'dag_etl_camara_diario' retrieved from /opt/airflow/dags/dag_etl_camara_diario.py
[2026-07-13T21:29:12.338+0000] {logging_mixin.py:188} INFO - [2026-07-13T21:29:12.338+0000] {dag.py:3036} INFO - Sync 1 DAGs
[2026-07-13T21:29:12.360+0000] {logging_mixin.py:188} INFO - [2026-07-13T21:29:12.360+0000] {dag.py:3823} INFO - Setting next_dagrun for dag_etl_camara_diario to 2026-07-12 03:00:00+00:00, run_after=2026-07-13 03:00:00+00:00
[2026-07-13T21:29:12.391+0000] {processor.py:183} INFO - Processing /opt/airflow/dags/dag_etl_camara_diario.py took 0.093 seconds
[2026-07-13T21:29:42.514+0000] {processor.py:161} INFO - Started process (PID=3844) to work on /opt/airflow/dags/dag_etl_camara_diario.py
[2026-07-13T21:29:42.515+0000] {processor.py:830} INFO - Processing file /opt/airflow/dags/dag_etl_camara_diario.py for tasks to queue
[2026-07-13T21:29:42.516+0000] {logging_mixin.py:188} INFO - [2026-07-13T21:29:42.516+0000] {dagbag.py:538} INFO - Filling up the DagBag from /opt/airflow/dags/dag_etl_camara_diario.py
[2026-07-13T21:29:42.528+0000] {processor.py:840} INFO - DAG(s) 'dag_etl_camara_diario' retrieved from /opt/airflow/dags/dag_etl_camara_diario.py
[2026-07-13T21:29:42.549+0000] {logging_mixin.py:188} INFO - [2026-07-13T21:29:42.549+0000] {dag.py:3036} INFO - Sync 1 DAGs
[2026-07-13T21:29:42.569+0000] {logging_mixin.py:188} INFO - [2026-07-13T21:29:42.569+0000] {dag.py:3823} INFO - Setting next_dagrun for dag_etl_camara_diario to 2026-07-12 03:00:00+00:00, run_after=2026-07-13 03:00:00+00:00
[2026-07-13T21:29:42.606+0000] {processor.py:183} INFO - Processing /opt/airflow/dags/dag_etl_camara_diario.py took 0.095 seconds
[2026-07-13T21:30:12.728+0000] {processor.py:161} INFO - Started process (PID=3859) to work on /opt/airflow/dags/dag_etl_camara_diario.py
[2026-07-13T21:30:12.729+0000] {processor.py:830} INFO - Processing file /opt/airflow/dags/dag_etl_camara_diario.py for tasks to queue
[2026-07-13T21:30:12.729+0000] {logging_mixin.py:188} INFO - [2026-07-13T21:30:12.729+0000] {dagbag.py:538} INFO - Filling up the DagBag from /opt/airflow/dags/dag_etl_camara_diario.py
[2026-07-13T21:30:12.742+0000] {processor.py:840} INFO - DAG(s) 'dag_etl_camara_diario' retrieved from /opt/airflow/dags/dag_etl_camara_diario.py
[2026-07-13T21:30:12.764+0000] {logging_mixin.py:188} INFO - [2026-07-13T21:30:12.764+0000] {dag.py:3036} INFO - Sync 1 DAGs
[2026-07-13T21:30:12.784+0000] {logging_mixin.py:188} INFO - [2026-07-13T21:30:12.783+0000] {dag.py:3823} INFO - Setting next_dagrun for dag_etl_camara_diario to 2026-07-12 03:00:00+00:00, run_after=2026-07-13 03:00:00+00:00
[2026-07-13T21:30:12.820+0000] {processor.py:183} INFO - Processing /opt/airflow/dags/dag_etl_camara_diario.py took 0.094 seconds
[2026-07-13T21:30:42.943+0000] {processor.py:161} INFO - Started process (PID=3874) to work on /opt/airflow/dags/dag_etl_camara_diario.py
[2026-07-13T21:30:42.944+0000] {processor.py:830} INFO - Processing file /opt/airflow/dags/dag_etl_camara_diario.py for tasks to queue
[2026-07-13T21:30:42.945+0000] {logging_mixin.py:188} INFO - [2026-07-13T21:30:42.944+0000] {dagbag.py:538} INFO - Filling up the DagBag from /opt/airflow/dags/dag_etl_camara_diario.py
[2026-07-13T21:30:42.958+0000] {processor.py:840} INFO - DAG(s) 'dag_etl_camara_diario' retrieved from /opt/airflow/dags/dag_etl_camara_diario.py
[2026-07-13T21:30:42.980+0000] {logging_mixin.py:188} INFO - [2026-07-13T21:30:42.980+0000] {dag.py:3036} INFO - Sync 1 DAGs
[2026-07-13T21:30:43.000+0000] {logging_mixin.py:188} INFO - [2026-07-13T21:30:43.000+0000] {dag.py:3823} INFO - Setting next_dagrun for dag_etl_camara_diario to 2026-07-12 03:00:00+00:00, run_after=2026-07-13 03:00:00+00:00
[2026-07-13T21:30:43.038+0000] {processor.py:183} INFO - Processing /opt/airflow/dags/dag_etl_camara_diario.py took 0.098 seconds
[2026-07-13T21:31:13.164+0000] {processor.py:161} INFO - Started process (PID=3889) to work on /opt/airflow/dags/dag_etl_camara_diario.py
[2026-07-13T21:31:13.165+0000] {processor.py:830} INFO - Processing file /opt/airflow/dags/dag_etl_camara_diario.py for tasks to queue
[2026-07-13T21:31:13.165+0000] {logging_mixin.py:188} INFO - [2026-07-13T21:31:13.165+0000] {dagbag.py:538} INFO - Filling up the DagBag from /opt/airflow/dags/dag_etl_camara_diario.py
[2026-07-13T21:31:13.179+0000] {processor.py:840} INFO - DAG(s) 'dag_etl_camara_diario' retrieved from /opt/airflow/dags/dag_etl_camara_diario.py
[2026-07-13T21:31:13.200+0000] {logging_mixin.py:188} INFO - [2026-07-13T21:31:13.200+0000] {dag.py:3036} INFO - Sync 1 DAGs
[2026-07-13T21:31:13.221+0000] {logging_mixin.py:188} INFO - [2026-07-13T21:31:13.220+0000] {dag.py:3823} INFO - Setting next_dagrun for dag_etl_camara_diario to 2026-07-12 03:00:00+00:00, run_after=2026-07-13 03:00:00+00:00
[2026-07-13T21:31:13.260+0000] {processor.py:183} INFO - Processing /opt/airflow/dags/dag_etl_camara_diario.py took 0.099 seconds
[2026-07-13T21:31:43.395+0000] {processor.py:161} INFO - Started process (PID=3904) to work on /opt/airflow/dags/dag_etl_camara_diario.py
[2026-07-13T21:31:43.396+0000] {processor.py:830} INFO - Processing file /opt/airflow/dags/dag_etl_camara_diario.py for tasks to queue
[2026-07-13T21:31:43.396+0000] {logging_mixin.py:188} INFO - [2026-07-13T21:31:43.396+0000] {dagbag.py:538} INFO - Filling up the DagBag from /opt/airflow/dags/dag_etl_camara_diario.py
[2026-07-13T21:31:43.405+0000] {processor.py:840} INFO - DAG(s) 'dag_etl_camara_diario' retrieved from /opt/airflow/dags/dag_etl_camara_diario.py
[2026-07-13T21:31:43.427+0000] {logging_mixin.py:188} INFO - [2026-07-13T21:31:43.426+0000] {dag.py:3036} INFO - Sync 1 DAGs
[2026-07-13T21:31:43.450+0000] {logging_mixin.py:188} INFO - [2026-07-13T21:31:43.450+0000] {dag.py:3823} INFO - Setting next_dagrun for dag_etl_camara_diario to 2026-07-12 03:00:00+00:00, run_after=2026-07-13 03:00:00+00:00
[2026-07-13T21:31:43.484+0000] {processor.py:183} INFO - Processing /opt/airflow/dags/dag_etl_camara_diario.py took 0.092 seconds
[2026-07-13T21:32:13.606+0000] {processor.py:161} INFO - Started process (PID=3919) to work on /opt/airflow/dags/dag_etl_camara_diario.py
[2026-07-13T21:32:13.607+0000] {processor.py:830} INFO - Processing file /opt/airflow/dags/dag_etl_camara_diario.py for tasks to queue
[2026-07-13T21:32:13.607+0000] {logging_mixin.py:188} INFO - [2026-07-13T21:32:13.607+0000] {dagbag.py:538} INFO - Filling up the DagBag from /opt/airflow/dags/dag_etl_camara_diario.py
[2026-07-13T21:32:13.616+0000] {processor.py:840} INFO - DAG(s) 'dag_etl_camara_diario' retrieved from /opt/airflow/dags/dag_etl_camara_diario.py
[2026-07-13T21:32:13.638+0000] {logging_mixin.py:188} INFO - [2026-07-13T21:32:13.638+0000] {dag.py:3036} INFO - Sync 1 DAGs
[2026-07-13T21:32:13.658+0000] {logging_mixin.py:188} INFO - [2026-07-13T21:32:13.658+0000] {dag.py:3823} INFO - Setting next_dagrun for dag_etl_camara_diario to 2026-07-12 03:00:00+00:00, run_after=2026-07-13 03:00:00+00:00
[2026-07-13T21:32:13.672+0000] {processor.py:183} INFO - Processing /opt/airflow/dags/dag_etl_camara_diario.py took 0.069 seconds
[2026-07-13T21:32:43.807+0000] {processor.py:161} INFO - Started process (PID=3934) to work on /opt/airflow/dags/dag_etl_camara_diario.py
[2026-07-13T21:32:43.808+0000] {processor.py:830} INFO - Processing file /opt/airflow/dags/dag_etl_camara_diario.py for tasks to queue
[2026-07-13T21:32:43.808+0000] {logging_mixin.py:188} INFO - [2026-07-13T21:32:43.808+0000] {dagbag.py:538} INFO - Filling up the DagBag from /opt/airflow/dags/dag_etl_camara_diario.py
[2026-07-13T21:32:43.818+0000] {processor.py:840} INFO - DAG(s) 'dag_etl_camara_diario' retrieved from /opt/airflow/dags/dag_etl_camara_diario.py
[2026-07-13T21:32:43.840+0000] {logging_mixin.py:188} INFO - [2026-07-13T21:32:43.840+0000] {dag.py:3036} INFO - Sync 1 DAGs
[2026-07-13T21:32:43.861+0000] {logging_mixin.py:188} INFO - [2026-07-13T21:32:43.861+0000] {dag.py:3823} INFO - Setting next_dagrun for dag_etl_camara_diario to 2026-07-12 03:00:00+00:00, run_after=2026-07-13 03:00:00+00:00
[2026-07-13T21:32:43.901+0000] {processor.py:183} INFO - Processing /opt/airflow/dags/dag_etl_camara_diario.py took 0.097 seconds
[2026-07-13T21:33:14.031+0000] {processor.py:161} INFO - Started process (PID=3949) to work on /opt/airflow/dags/dag_etl_camara_diario.py
[2026-07-13T21:33:14.032+0000] {processor.py:830} INFO - Processing file /opt/airflow/dags/dag_etl_camara_diario.py for tasks to queue
[2026-07-13T21:33:14.032+0000] {logging_mixin.py:188} INFO - [2026-07-13T21:33:14.032+0000] {dagbag.py:538} INFO - Filling up the DagBag from /opt/airflow/dags/dag_etl_camara_diario.py
[2026-07-13T21:33:14.042+0000] {processor.py:840} INFO - DAG(s) 'dag_etl_camara_diario' retrieved from /opt/airflow/dags/dag_etl_camara_diario.py
[2026-07-13T21:33:14.063+0000] {logging_mixin.py:188} INFO - [2026-07-13T21:33:14.063+0000] {dag.py:3036} INFO - Sync 1 DAGs
[2026-07-13T21:33:14.085+0000] {logging_mixin.py:188} INFO - [2026-07-13T21:33:14.085+0000] {dag.py:3823} INFO - Setting next_dagrun for dag_etl_camara_diario to 2026-07-12 03:00:00+00:00, run_after=2026-07-13 03:00:00+00:00
[2026-07-13T21:33:14.125+0000] {processor.py:183} INFO - Processing /opt/airflow/dags/dag_etl_camara_diario.py took 0.096 seconds
[2026-07-13T21:33:44.246+0000] {processor.py:161} INFO - Started process (PID=3964) to work on /opt/airflow/dags/dag_etl_camara_diario.py
[2026-07-13T21:33:44.247+0000] {processor.py:830} INFO - Processing file /opt/airflow/dags/dag_etl_camara_diario.py for tasks to queue
[2026-07-13T21:33:44.248+0000] {logging_mixin.py:188} INFO - [2026-07-13T21:33:44.248+0000] {dagbag.py:538} INFO - Filling up the DagBag from /opt/airflow/dags/dag_etl_camara_diario.py
[2026-07-13T21:33:44.257+0000] {processor.py:840} INFO - DAG(s) 'dag_etl_camara_diario' retrieved from /opt/airflow/dags/dag_etl_camara_diario.py
[2026-07-13T21:33:44.278+0000] {logging_mixin.py:188} INFO - [2026-07-13T21:33:44.278+0000] {dag.py:3036} INFO - Sync 1 DAGs
[2026-07-13T21:33:44.297+0000] {logging_mixin.py:188} INFO - [2026-07-13T21:33:44.297+0000] {dag.py:3823} INFO - Setting next_dagrun for dag_etl_camara_diario to 2026-07-12 03:00:00+00:00, run_after=2026-07-13 03:00:00+00:00
[2026-07-13T21:33:44.336+0000] {processor.py:183} INFO - Processing /opt/airflow/dags/dag_etl_camara_diario.py took 0.093 seconds
[2026-07-13T21:34:14.458+0000] {processor.py:161} INFO - Started process (PID=3979) to work on /opt/airflow/dags/dag_etl_camara_diario.py
[2026-07-13T21:34:14.458+0000] {processor.py:830} INFO - Processing file /opt/airflow/dags/dag_etl_camara_diario.py for tasks to queue
[2026-07-13T21:34:14.459+0000] {logging_mixin.py:188} INFO - [2026-07-13T21:34:14.459+0000] {dagbag.py:538} INFO - Filling up the DagBag from /opt/airflow/dags/dag_etl_camara_diario.py
[2026-07-13T21:34:14.468+0000] {processor.py:840} INFO - DAG(s) 'dag_etl_camara_diario' retrieved from /opt/airflow/dags/dag_etl_camara_diario.py
[2026-07-13T21:34:14.489+0000] {logging_mixin.py:188} INFO - [2026-07-13T21:34:14.489+0000] {dag.py:3036} INFO - Sync 1 DAGs
[2026-07-13T21:34:14.511+0000] {logging_mixin.py:188} INFO - [2026-07-13T21:34:14.511+0000] {dag.py:3823} INFO - Setting next_dagrun for dag_etl_camara_diario to 2026-07-12 03:00:00+00:00, run_after=2026-07-13 03:00:00+00:00
[2026-07-13T21:34:14.546+0000] {processor.py:183} INFO - Processing /opt/airflow/dags/dag_etl_camara_diario.py took 0.090 seconds
[2026-07-13T21:34:44.670+0000] {processor.py:161} INFO - Started process (PID=3994) to work on /opt/airflow/dags/dag_etl_camara_diario.py
[2026-07-13T21:34:44.671+0000] {processor.py:830} INFO - Processing file /opt/airflow/dags/dag_etl_camara_diario.py for tasks to queue
[2026-07-13T21:34:44.672+0000] {logging_mixin.py:188} INFO - [2026-07-13T21:34:44.672+0000] {dagbag.py:538} INFO - Filling up the DagBag from /opt/airflow/dags/dag_etl_camara_diario.py
[2026-07-13T21:34:44.681+0000] {processor.py:840} INFO - DAG(s) 'dag_etl_camara_diario' retrieved from /opt/airflow/dags/dag_etl_camara_diario.py
[2026-07-13T21:34:44.702+0000] {logging_mixin.py:188} INFO - [2026-07-13T21:34:44.702+0000] {dag.py:3036} INFO - Sync 1 DAGs
[2026-07-13T21:34:44.723+0000] {logging_mixin.py:188} INFO - [2026-07-13T21:34:44.723+0000] {dag.py:3823} INFO - Setting next_dagrun for dag_etl_camara_diario to 2026-07-12 03:00:00+00:00, run_after=2026-07-13 03:00:00+00:00
[2026-07-13T21:34:44.762+0000] {processor.py:183} INFO - Processing /opt/airflow/dags/dag_etl_camara_diario.py took 0.094 seconds
[2026-07-13T21:35:14.891+0000] {processor.py:161} INFO - Started process (PID=4009) to work on /opt/airflow/dags/dag_etl_camara_diario.py
[2026-07-13T21:35:14.892+0000] {processor.py:830} INFO - Processing file /opt/airflow/dags/dag_etl_camara_diario.py for tasks to queue
[2026-07-13T21:35:14.892+0000] {logging_mixin.py:188} INFO - [2026-07-13T21:35:14.892+0000] {dagbag.py:538} INFO - Filling up the DagBag from /opt/airflow/dags/dag_etl_camara_diario.py
[2026-07-13T21:35:14.902+0000] {processor.py:840} INFO - DAG(s) 'dag_etl_camara_diario' retrieved from /opt/airflow/dags/dag_etl_camara_diario.py
[2026-07-13T21:35:14.923+0000] {logging_mixin.py:188} INFO - [2026-07-13T21:35:14.923+0000] {dag.py:3036} INFO - Sync 1 DAGs
[2026-07-13T21:35:14.944+0000] {logging_mixin.py:188} INFO - [2026-07-13T21:35:14.944+0000] {dag.py:3823} INFO - Setting next_dagrun for dag_etl_camara_diario to 2026-07-12 03:00:00+00:00, run_after=2026-07-13 03:00:00+00:00
[2026-07-13T21:35:14.982+0000] {processor.py:183} INFO - Processing /opt/airflow/dags/dag_etl_camara_diario.py took 0.094 seconds
[2026-07-13T21:35:45.103+0000] {processor.py:161} INFO - Started process (PID=4024) to work on /opt/airflow/dags/dag_etl_camara_diario.py
[2026-07-13T21:35:45.104+0000] {processor.py:830} INFO - Processing file /opt/airflow/dags/dag_etl_camara_diario.py for tasks to queue
[2026-07-13T21:35:45.104+0000] {logging_mixin.py:188} INFO - [2026-07-13T21:35:45.104+0000] {dagbag.py:538} INFO - Filling up the DagBag from /opt/airflow/dags/dag_etl_camara_diario.py
[2026-07-13T21:35:45.113+0000] {processor.py:840} INFO - DAG(s) 'dag_etl_camara_diario' retrieved from /opt/airflow/dags/dag_etl_camara_diario.py
[2026-07-13T21:35:45.135+0000] {logging_mixin.py:188} INFO - [2026-07-13T21:35:45.134+0000] {dag.py:3036} INFO - Sync 1 DAGs
[2026-07-13T21:35:45.156+0000] {logging_mixin.py:188} INFO - [2026-07-13T21:35:45.156+0000] {dag.py:3823} INFO - Setting next_dagrun for dag_etl_camara_diario to 2026-07-12 03:00:00+00:00, run_after=2026-07-13 03:00:00+00:00
[2026-07-13T21:35:45.192+0000] {processor.py:183} INFO - Processing /opt/airflow/dags/dag_etl_camara_diario.py took 0.092 seconds
[2026-07-13T21:36:15.315+0000] {processor.py:161} INFO - Started process (PID=4039) to work on /opt/airflow/dags/dag_etl_camara_diario.py
[2026-07-13T21:36:15.315+0000] {processor.py:830} INFO - Processing file /opt/airflow/dags/dag_etl_camara_diario.py for tasks to queue
[2026-07-13T21:36:15.316+0000] {logging_mixin.py:188} INFO - [2026-07-13T21:36:15.316+0000] {dagbag.py:538} INFO - Filling up the DagBag from /opt/airflow/dags/dag_etl_camara_diario.py
[2026-07-13T21:36:15.326+0000] {processor.py:840} INFO - DAG(s) 'dag_etl_camara_diario' retrieved from /opt/airflow/dags/dag_etl_camara_diario.py
[2026-07-13T21:36:15.348+0000] {logging_mixin.py:188} INFO - [2026-07-13T21:36:15.348+0000] {dag.py:3036} INFO - Sync 1 DAGs
[2026-07-13T21:36:15.370+0000] {logging_mixin.py:188} INFO - [2026-07-13T21:36:15.369+0000] {dag.py:3823} INFO - Setting next_dagrun for dag_etl_camara_diario to 2026-07-12 03:00:00+00:00, run_after=2026-07-13 03:00:00+00:00
[2026-07-13T21:36:15.407+0000] {processor.py:183} INFO - Processing /opt/airflow/dags/dag_etl_camara_diario.py took 0.095 seconds
[2026-07-13T21:36:45.538+0000] {processor.py:161} INFO - Started process (PID=4054) to work on /opt/airflow/dags/dag_etl_camara_diario.py
[2026-07-13T21:36:45.539+0000] {processor.py:830} INFO - Processing file /opt/airflow/dags/dag_etl_camara_diario.py for tasks to queue
[2026-07-13T21:36:45.540+0000] {logging_mixin.py:188} INFO - [2026-07-13T21:36:45.539+0000] {dagbag.py:538} INFO - Filling up the DagBag from /opt/airflow/dags/dag_etl_camara_diario.py
[2026-07-13T21:36:45.548+0000] {processor.py:840} INFO - DAG(s) 'dag_etl_camara_diario' retrieved from /opt/airflow/dags/dag_etl_camara_diario.py
[2026-07-13T21:36:45.570+0000] {logging_mixin.py:188} INFO - [2026-07-13T21:36:45.570+0000] {dag.py:3036} INFO - Sync 1 DAGs
[2026-07-13T21:36:45.592+0000] {logging_mixin.py:188} INFO - [2026-07-13T21:36:45.591+0000] {dag.py:3823} INFO - Setting next_dagrun for dag_etl_camara_diario to 2026-07-12 03:00:00+00:00, run_after=2026-07-13 03:00:00+00:00
[2026-07-13T21:36:45.628+0000] {processor.py:183} INFO - Processing /opt/airflow/dags/dag_etl_camara_diario.py took 0.093 seconds
[2026-07-13T21:37:15.751+0000] {processor.py:161} INFO - Started process (PID=4069) to work on /opt/airflow/dags/dag_etl_camara_diario.py
[2026-07-13T21:37:15.752+0000] {processor.py:830} INFO - Processing file /opt/airflow/dags/dag_etl_camara_diario.py for tasks to queue
[2026-07-13T21:37:15.752+0000] {logging_mixin.py:188} INFO - [2026-07-13T21:37:15.752+0000] {dagbag.py:538} INFO - Filling up the DagBag from /opt/airflow/dags/dag_etl_camara_diario.py
[2026-07-13T21:37:15.762+0000] {processor.py:840} INFO - DAG(s) 'dag_etl_camara_diario' retrieved from /opt/airflow/dags/dag_etl_camara_diario.py
[2026-07-13T21:37:15.783+0000] {logging_mixin.py:188} INFO - [2026-07-13T21:37:15.783+0000] {dag.py:3036} INFO - Sync 1 DAGs
[2026-07-13T21:37:15.805+0000] {logging_mixin.py:188} INFO - [2026-07-13T21:37:15.805+0000] {dag.py:3823} INFO - Setting next_dagrun for dag_etl_camara_diario to 2026-07-12 03:00:00+00:00, run_after=2026-07-13 03:00:00+00:00
[2026-07-13T21:37:15.841+0000] {processor.py:183} INFO - Processing /opt/airflow/dags/dag_etl_camara_diario.py took 0.092 seconds
[2026-07-13T21:37:45.962+0000] {processor.py:161} INFO - Started process (PID=4084) to work on /opt/airflow/dags/dag_etl_camara_diario.py
[2026-07-13T21:37:45.963+0000] {processor.py:830} INFO - Processing file /opt/airflow/dags/dag_etl_camara_diario.py for tasks to queue
[2026-07-13T21:37:45.964+0000] {logging_mixin.py:188} INFO - [2026-07-13T21:37:45.964+0000] {dagbag.py:538} INFO - Filling up the DagBag from /opt/airflow/dags/dag_etl_camara_diario.py
[2026-07-13T21:37:45.973+0000] {processor.py:840} INFO - DAG(s) 'dag_etl_camara_diario' retrieved from /opt/airflow/dags/dag_etl_camara_diario.py
[2026-07-13T21:37:45.993+0000] {logging_mixin.py:188} INFO - [2026-07-13T21:37:45.992+0000] {dag.py:3036} INFO - Sync 1 DAGs
[2026-07-13T21:37:46.016+0000] {logging_mixin.py:188} INFO - [2026-07-13T21:37:46.016+0000] {dag.py:3823} INFO - Setting next_dagrun for dag_etl_camara_diario to 2026-07-12 03:00:00+00:00, run_after=2026-07-13 03:00:00+00:00
[2026-07-13T21:37:46.033+0000] {processor.py:183} INFO - Processing /opt/airflow/dags/dag_etl_camara_diario.py took 0.073 seconds
[2026-07-13T21:38:16.157+0000] {processor.py:161} INFO - Started process (PID=4099) to work on /opt/airflow/dags/dag_etl_camara_diario.py
[2026-07-13T21:38:16.158+0000] {processor.py:830} INFO - Processing file /opt/airflow/dags/dag_etl_camara_diario.py for tasks to queue
[2026-07-13T21:38:16.158+0000] {logging_mixin.py:188} INFO - [2026-07-13T21:38:16.158+0000] {dagbag.py:538} INFO - Filling up the DagBag from /opt/airflow/dags/dag_etl_camara_diario.py
[2026-07-13T21:38:16.167+0000] {processor.py:840} INFO - DAG(s) 'dag_etl_camara_diario' retrieved from /opt/airflow/dags/dag_etl_camara_diario.py
[2026-07-13T21:38:16.190+0000] {logging_mixin.py:188} INFO - [2026-07-13T21:38:16.190+0000] {dag.py:3036} INFO - Sync 1 DAGs
[2026-07-13T21:38:16.217+0000] {logging_mixin.py:188} INFO - [2026-07-13T21:38:16.216+0000] {dag.py:3823} INFO - Setting next_dagrun for dag_etl_camara_diario to 2026-07-12 03:00:00+00:00, run_after=2026-07-13 03:00:00+00:00
[2026-07-13T21:38:16.256+0000] {processor.py:183} INFO - Processing /opt/airflow/dags/dag_etl_camara_diario.py took 0.102 seconds
[2026-07-13T21:38:46.382+0000] {processor.py:161} INFO - Started process (PID=4114) to work on /opt/airflow/dags/dag_etl_camara_diario.py
[2026-07-13T21:38:46.383+0000] {processor.py:830} INFO - Processing file /opt/airflow/dags/dag_etl_camara_diario.py for tasks to queue
[2026-07-13T21:38:46.384+0000] {logging_mixin.py:188} INFO - [2026-07-13T21:38:46.384+0000] {dagbag.py:538} INFO - Filling up the DagBag from /opt/airflow/dags/dag_etl_camara_diario.py
[2026-07-13T21:38:46.394+0000] {processor.py:840} INFO - DAG(s) 'dag_etl_camara_diario' retrieved from /opt/airflow/dags/dag_etl_camara_diario.py
[2026-07-13T21:38:46.416+0000] {logging_mixin.py:188} INFO - [2026-07-13T21:38:46.415+0000] {dag.py:3036} INFO - Sync 1 DAGs
[2026-07-13T21:38:46.435+0000] {logging_mixin.py:188} INFO - [2026-07-13T21:38:46.435+0000] {dag.py:3823} INFO - Setting next_dagrun for dag_etl_camara_diario to 2026-07-12 03:00:00+00:00, run_after=2026-07-13 03:00:00+00:00
[2026-07-13T21:38:46.474+0000] {processor.py:183} INFO - Processing /opt/airflow/dags/dag_etl_camara_diario.py took 0.094 seconds
[2026-07-13T21:39:16.595+0000] {processor.py:161} INFO - Started process (PID=4129) to work on /opt/airflow/dags/dag_etl_camara_diario.py
[2026-07-13T21:39:16.596+0000] {processor.py:830} INFO - Processing file /opt/airflow/dags/dag_etl_camara_diario.py for tasks to queue
[2026-07-13T21:39:16.596+0000] {logging_mixin.py:188} INFO - [2026-07-13T21:39:16.596+0000] {dagbag.py:538} INFO - Filling up the DagBag from /opt/airflow/dags/dag_etl_camara_diario.py
[2026-07-13T21:39:16.606+0000] {processor.py:840} INFO - DAG(s) 'dag_etl_camara_diario' retrieved from /opt/airflow/dags/dag_etl_camara_diario.py
[2026-07-13T21:39:16.627+0000] {logging_mixin.py:188} INFO - [2026-07-13T21:39:16.627+0000] {dag.py:3036} INFO - Sync 1 DAGs
[2026-07-13T21:39:16.647+0000] {logging_mixin.py:188} INFO - [2026-07-13T21:39:16.647+0000] {dag.py:3823} INFO - Setting next_dagrun for dag_etl_camara_diario to 2026-07-12 03:00:00+00:00, run_after=2026-07-13 03:00:00+00:00
[2026-07-13T21:39:16.683+0000] {processor.py:183} INFO - Processing /opt/airflow/dags/dag_etl_camara_diario.py took 0.091 seconds
[2026-07-13T21:39:46.801+0000] {processor.py:161} INFO - Started process (PID=4144) to work on /opt/airflow/dags/dag_etl_camara_diario.py
[2026-07-13T21:39:46.802+0000] {processor.py:830} INFO - Processing file /opt/airflow/dags/dag_etl_camara_diario.py for tasks to queue
[2026-07-13T21:39:46.803+0000] {logging_mixin.py:188} INFO - [2026-07-13T21:39:46.802+0000] {dagbag.py:538} INFO - Filling up the DagBag from /opt/airflow/dags/dag_etl_camara_diario.py
[2026-07-13T21:39:46.812+0000] {processor.py:840} INFO - DAG(s) 'dag_etl_camara_diario' retrieved from /opt/airflow/dags/dag_etl_camara_diario.py
[2026-07-13T21:39:46.834+0000] {logging_mixin.py:188} INFO - [2026-07-13T21:39:46.834+0000] {dag.py:3036} INFO - Sync 1 DAGs
[2026-07-13T21:39:46.855+0000] {logging_mixin.py:188} INFO - [2026-07-13T21:39:46.855+0000] {dag.py:3823} INFO - Setting next_dagrun for dag_etl_camara_diario to 2026-07-12 03:00:00+00:00, run_after=2026-07-13 03:00:00+00:00
[2026-07-13T21:39:46.870+0000] {processor.py:183} INFO - Processing /opt/airflow/dags/dag_etl_camara_diario.py took 0.071 seconds
[2026-07-13T21:40:17.007+0000] {processor.py:161} INFO - Started process (PID=4159) to work on /opt/airflow/dags/dag_etl_camara_diario.py
[2026-07-13T21:40:17.008+0000] {processor.py:830} INFO - Processing file /opt/airflow/dags/dag_etl_camara_diario.py for tasks to queue
[2026-07-13T21:40:17.008+0000] {logging_mixin.py:188} INFO - [2026-07-13T21:40:17.008+0000] {dagbag.py:538} INFO - Filling up the DagBag from /opt/airflow/dags/dag_etl_camara_diario.py
[2026-07-13T21:40:17.017+0000] {processor.py:840} INFO - DAG(s) 'dag_etl_camara_diario' retrieved from /opt/airflow/dags/dag_etl_camara_diario.py
[2026-07-13T21:40:17.039+0000] {logging_mixin.py:188} INFO - [2026-07-13T21:40:17.039+0000] {dag.py:3036} INFO - Sync 1 DAGs
[2026-07-13T21:40:17.060+0000] {logging_mixin.py:188} INFO - [2026-07-13T21:40:17.060+0000] {dag.py:3823} INFO - Setting next_dagrun for dag_etl_camara_diario to 2026-07-12 03:00:00+00:00, run_after=2026-07-13 03:00:00+00:00
[2026-07-13T21:40:17.098+0000] {processor.py:183} INFO - Processing /opt/airflow/dags/dag_etl_camara_diario.py took 0.094 seconds
[2026-07-13T21:40:47.227+0000] {processor.py:161} INFO - Started process (PID=4174) to work on /opt/airflow/dags/dag_etl_camara_diario.py
[2026-07-13T21:40:47.228+0000] {processor.py:830} INFO - Processing file /opt/airflow/dags/dag_etl_camara_diario.py for tasks to queue
[2026-07-13T21:40:47.228+0000] {logging_mixin.py:188} INFO - [2026-07-13T21:40:47.228+0000] {dagbag.py:538} INFO - Filling up the DagBag from /opt/airflow/dags/dag_etl_camara_diario.py
[2026-07-13T21:40:47.237+0000] {processor.py:840} INFO - DAG(s) 'dag_etl_camara_diario' retrieved from /opt/airflow/dags/dag_etl_camara_diario.py
[2026-07-13T21:40:47.258+0000] {logging_mixin.py:188} INFO - [2026-07-13T21:40:47.258+0000] {dag.py:3036} INFO - Sync 1 DAGs
[2026-07-13T21:40:47.279+0000] {logging_mixin.py:188} INFO - [2026-07-13T21:40:47.279+0000] {dag.py:3823} INFO - Setting next_dagrun for dag_etl_camara_diario to 2026-07-12 03:00:00+00:00, run_after=2026-07-13 03:00:00+00:00
[2026-07-13T21:40:47.318+0000] {processor.py:183} INFO - Processing /opt/airflow/dags/dag_etl_camara_diario.py took 0.093 seconds
[2026-07-13T21:41:17.449+0000] {processor.py:161} INFO - Started process (PID=4189) to work on /opt/airflow/dags/dag_etl_camara_diario.py
[2026-07-13T21:41:17.449+0000] {processor.py:830} INFO - Processing file /opt/airflow/dags/dag_etl_camara_diario.py for tasks to queue
[2026-07-13T21:41:17.450+0000] {logging_mixin.py:188} INFO - [2026-07-13T21:41:17.450+0000] {dagbag.py:538} INFO - Filling up the DagBag from /opt/airflow/dags/dag_etl_camara_diario.py
[2026-07-13T21:41:17.460+0000] {processor.py:840} INFO - DAG(s) 'dag_etl_camara_diario' retrieved from /opt/airflow/dags/dag_etl_camara_diario.py
[2026-07-13T21:41:17.483+0000] {logging_mixin.py:188} INFO - [2026-07-13T21:41:17.483+0000] {dag.py:3036} INFO - Sync 1 DAGs
[2026-07-13T21:41:17.505+0000] {logging_mixin.py:188} INFO - [2026-07-13T21:41:17.504+0000] {dag.py:3823} INFO - Setting next_dagrun for dag_etl_camara_diario to 2026-07-12 03:00:00+00:00, run_after=2026-07-13 03:00:00+00:00
[2026-07-13T21:41:17.543+0000] {processor.py:183} INFO - Processing /opt/airflow/dags/dag_etl_camara_diario.py took 0.097 seconds
[2026-07-13T21:41:47.669+0000] {processor.py:161} INFO - Started process (PID=4204) to work on /opt/airflow/dags/dag_etl_camara_diario.py
[2026-07-13T21:41:47.670+0000] {processor.py:830} INFO - Processing file /opt/airflow/dags/dag_etl_camara_diario.py for tasks to queue
[2026-07-13T21:41:47.671+0000] {logging_mixin.py:188} INFO - [2026-07-13T21:41:47.671+0000] {dagbag.py:538} INFO - Filling up the DagBag from /opt/airflow/dags/dag_etl_camara_diario.py
[2026-07-13T21:41:47.680+0000] {processor.py:840} INFO - DAG(s) 'dag_etl_camara_diario' retrieved from /opt/airflow/dags/dag_etl_camara_diario.py
[2026-07-13T21:41:47.701+0000] {logging_mixin.py:188} INFO - [2026-07-13T21:41:47.701+0000] {dag.py:3036} INFO - Sync 1 DAGs
[2026-07-13T21:41:47.722+0000] {logging_mixin.py:188} INFO - [2026-07-13T21:41:47.722+0000] {dag.py:3823} INFO - Setting next_dagrun for dag_etl_camara_diario to 2026-07-12 03:00:00+00:00, run_after=2026-07-13 03:00:00+00:00
[2026-07-13T21:41:47.760+0000] {processor.py:183} INFO - Processing /opt/airflow/dags/dag_etl_camara_diario.py took 0.094 seconds
[2026-07-13T21:42:17.882+0000] {processor.py:161} INFO - Started process (PID=4219) to work on /opt/airflow/dags/dag_etl_camara_diario.py
[2026-07-13T21:42:17.882+0000] {processor.py:830} INFO - Processing file /opt/airflow/dags/dag_etl_camara_diario.py for tasks to queue
[2026-07-13T21:42:17.883+0000] {logging_mixin.py:188} INFO - [2026-07-13T21:42:17.883+0000] {dagbag.py:538} INFO - Filling up the DagBag from /opt/airflow/dags/dag_etl_camara_diario.py
[2026-07-13T21:42:17.892+0000] {processor.py:840} INFO - DAG(s) 'dag_etl_camara_diario' retrieved from /opt/airflow/dags/dag_etl_camara_diario.py
[2026-07-13T21:42:17.914+0000] {logging_mixin.py:188} INFO - [2026-07-13T21:42:17.914+0000] {dag.py:3036} INFO - Sync 1 DAGs
[2026-07-13T21:42:17.935+0000] {logging_mixin.py:188} INFO - [2026-07-13T21:42:17.935+0000] {dag.py:3823} INFO - Setting next_dagrun for dag_etl_camara_diario to 2026-07-12 03:00:00+00:00, run_after=2026-07-13 03:00:00+00:00
[2026-07-13T21:42:17.972+0000] {processor.py:183} INFO - Processing /opt/airflow/dags/dag_etl_camara_diario.py took 0.093 seconds
[2026-07-13T21:42:48.087+0000] {processor.py:161} INFO - Started process (PID=4234) to work on /opt/airflow/dags/dag_etl_camara_diario.py
[2026-07-13T21:42:48.088+0000] {processor.py:830} INFO - Processing file /opt/airflow/dags/dag_etl_camara_diario.py for tasks to queue
[2026-07-13T21:42:48.088+0000] {logging_mixin.py:188} INFO - [2026-07-13T21:42:48.088+0000] {dagbag.py:538} INFO - Filling up the DagBag from /opt/airflow/dags/dag_etl_camara_diario.py
[2026-07-13T21:42:48.098+0000] {processor.py:840} INFO - DAG(s) 'dag_etl_camara_diario' retrieved from /opt/airflow/dags/dag_etl_camara_diario.py
[2026-07-13T21:42:48.120+0000] {logging_mixin.py:188} INFO - [2026-07-13T21:42:48.120+0000] {dag.py:3036} INFO - Sync 1 DAGs
[2026-07-13T21:42:48.142+0000] {logging_mixin.py:188} INFO - [2026-07-13T21:42:48.142+0000] {dag.py:3823} INFO - Setting next_dagrun for dag_etl_camara_diario to 2026-07-12 03:00:00+00:00, run_after=2026-07-13 03:00:00+00:00
[2026-07-13T21:42:48.169+0000] {processor.py:183} INFO - Processing /opt/airflow/dags/dag_etl_camara_diario.py took 0.085 seconds
[2026-07-13T21:43:18.290+0000] {processor.py:161} INFO - Started process (PID=4249) to work on /opt/airflow/dags/dag_etl_camara_diario.py
[2026-07-13T21:43:18.291+0000] {processor.py:830} INFO - Processing file /opt/airflow/dags/dag_etl_camara_diario.py for tasks to queue
[2026-07-13T21:43:18.291+0000] {logging_mixin.py:188} INFO - [2026-07-13T21:43:18.291+0000] {dagbag.py:538} INFO - Filling up the DagBag from /opt/airflow/dags/dag_etl_camara_diario.py
[2026-07-13T21:43:18.300+0000] {processor.py:840} INFO - DAG(s) 'dag_etl_camara_diario' retrieved from /opt/airflow/dags/dag_etl_camara_diario.py
[2026-07-13T21:43:18.322+0000] {logging_mixin.py:188} INFO - [2026-07-13T21:43:18.322+0000] {dag.py:3036} INFO - Sync 1 DAGs
[2026-07-13T21:43:18.343+0000] {logging_mixin.py:188} INFO - [2026-07-13T21:43:18.343+0000] {dag.py:3823} INFO - Setting next_dagrun for dag_etl_camara_diario to 2026-07-12 03:00:00+00:00, run_after=2026-07-13 03:00:00+00:00
[2026-07-13T21:43:18.384+0000] {processor.py:183} INFO - Processing /opt/airflow/dags/dag_etl_camara_diario.py took 0.097 seconds
[2026-07-13T21:43:48.505+0000] {processor.py:161} INFO - Started process (PID=4264) to work on /opt/airflow/dags/dag_etl_camara_diario.py
[2026-07-13T21:43:48.506+0000] {processor.py:830} INFO - Processing file /opt/airflow/dags/dag_etl_camara_diario.py for tasks to queue
[2026-07-13T21:43:48.507+0000] {logging_mixin.py:188} INFO - [2026-07-13T21:43:48.507+0000] {dagbag.py:538} INFO - Filling up the DagBag from /opt/airflow/dags/dag_etl_camara_diario.py
[2026-07-13T21:43:48.516+0000] {processor.py:840} INFO - DAG(s) 'dag_etl_camara_diario' retrieved from /opt/airflow/dags/dag_etl_camara_diario.py
[2026-07-13T21:43:48.537+0000] {logging_mixin.py:188} INFO - [2026-07-13T21:43:48.537+0000] {dag.py:3036} INFO - Sync 1 DAGs
[2026-07-13T21:43:48.558+0000] {logging_mixin.py:188} INFO - [2026-07-13T21:43:48.557+0000] {dag.py:3823} INFO - Setting next_dagrun for dag_etl_camara_diario to 2026-07-12 03:00:00+00:00, run_after=2026-07-13 03:00:00+00:00
[2026-07-13T21:43:48.597+0000] {processor.py:183} INFO - Processing /opt/airflow/dags/dag_etl_camara_diario.py took 0.094 seconds
[2026-07-13T21:44:18.725+0000] {processor.py:161} INFO - Started process (PID=4279) to work on /opt/airflow/dags/dag_etl_camara_diario.py
[2026-07-13T21:44:18.726+0000] {processor.py:830} INFO - Processing file /opt/airflow/dags/dag_etl_camara_diario.py for tasks to queue
[2026-07-13T21:44:18.726+0000] {logging_mixin.py:188} INFO - [2026-07-13T21:44:18.726+0000] {dagbag.py:538} INFO - Filling up the DagBag from /opt/airflow/dags/dag_etl_camara_diario.py
[2026-07-13T21:44:18.735+0000] {processor.py:840} INFO - DAG(s) 'dag_etl_camara_diario' retrieved from /opt/airflow/dags/dag_etl_camara_diario.py
[2026-07-13T21:44:18.756+0000] {logging_mixin.py:188} INFO - [2026-07-13T21:44:18.756+0000] {dag.py:3036} INFO - Sync 1 DAGs
[2026-07-13T21:44:18.777+0000] {logging_mixin.py:188} INFO - [2026-07-13T21:44:18.777+0000] {dag.py:3823} INFO - Setting next_dagrun for dag_etl_camara_diario to 2026-07-12 03:00:00+00:00, run_after=2026-07-13 03:00:00+00:00
[2026-07-13T21:44:18.816+0000] {processor.py:183} INFO - Processing /opt/airflow/dags/dag_etl_camara_diario.py took 0.093 seconds
[2026-07-13T21:44:48.932+0000] {processor.py:161} INFO - Started process (PID=4294) to work on /opt/airflow/dags/dag_etl_camara_diario.py
[2026-07-13T21:44:48.933+0000] {processor.py:830} INFO - Processing file /opt/airflow/dags/dag_etl_camara_diario.py for tasks to queue
[2026-07-13T21:44:48.934+0000] {logging_mixin.py:188} INFO - [2026-07-13T21:44:48.934+0000] {dagbag.py:538} INFO - Filling up the DagBag from /opt/airflow/dags/dag_etl_camara_diario.py
[2026-07-13T21:44:48.943+0000] {processor.py:840} INFO - DAG(s) 'dag_etl_camara_diario' retrieved from /opt/airflow/dags/dag_etl_camara_diario.py
[2026-07-13T21:44:48.963+0000] {logging_mixin.py:188} INFO - [2026-07-13T21:44:48.963+0000] {dag.py:3036} INFO - Sync 1 DAGs
[2026-07-13T21:44:48.985+0000] {logging_mixin.py:188} INFO - [2026-07-13T21:44:48.985+0000] {dag.py:3823} INFO - Setting next_dagrun for dag_etl_camara_diario to 2026-07-12 03:00:00+00:00, run_after=2026-07-13 03:00:00+00:00
[2026-07-13T21:44:49.025+0000] {processor.py:183} INFO - Processing /opt/airflow/dags/dag_etl_camara_diario.py took 0.095 seconds
[2026-07-13T21:45:19.144+0000] {processor.py:161} INFO - Started process (PID=4309) to work on /opt/airflow/dags/dag_etl_camara_diario.py
[2026-07-13T21:45:19.145+0000] {processor.py:830} INFO - Processing file /opt/airflow/dags/dag_etl_camara_diario.py for tasks to queue
[2026-07-13T21:45:19.145+0000] {logging_mixin.py:188} INFO - [2026-07-13T21:45:19.145+0000] {dagbag.py:538} INFO - Filling up the DagBag from /opt/airflow/dags/dag_etl_camara_diario.py
[2026-07-13T21:45:19.154+0000] {processor.py:840} INFO - DAG(s) 'dag_etl_camara_diario' retrieved from /opt/airflow/dags/dag_etl_camara_diario.py
[2026-07-13T21:45:19.175+0000] {logging_mixin.py:188} INFO - [2026-07-13T21:45:19.174+0000] {dag.py:3036} INFO - Sync 1 DAGs
[2026-07-13T21:45:19.194+0000] {logging_mixin.py:188} INFO - [2026-07-13T21:45:19.194+0000] {dag.py:3823} INFO - Setting next_dagrun for dag_etl_camara_diario to 2026-07-12 03:00:00+00:00, run_after=2026-07-13 03:00:00+00:00
[2026-07-13T21:45:19.236+0000] {processor.py:183} INFO - Processing /opt/airflow/dags/dag_etl_camara_diario.py took 0.094 seconds
[2026-07-13T21:45:49.357+0000] {processor.py:161} INFO - Started process (PID=4324) to work on /opt/airflow/dags/dag_etl_camara_diario.py
[2026-07-13T21:45:49.358+0000] {processor.py:830} INFO - Processing file /opt/airflow/dags/dag_etl_camara_diario.py for tasks to queue
[2026-07-13T21:45:49.359+0000] {logging_mixin.py:188} INFO - [2026-07-13T21:45:49.358+0000] {dagbag.py:538} INFO - Filling up the DagBag from /opt/airflow/dags/dag_etl_camara_diario.py
[2026-07-13T21:45:49.368+0000] {processor.py:840} INFO - DAG(s) 'dag_etl_camara_diario' retrieved from /opt/airflow/dags/dag_etl_camara_diario.py
[2026-07-13T21:45:49.390+0000] {logging_mixin.py:188} INFO - [2026-07-13T21:45:49.390+0000] {dag.py:3036} INFO - Sync 1 DAGs
[2026-07-13T21:45:49.412+0000] {logging_mixin.py:188} INFO - [2026-07-13T21:45:49.412+0000] {dag.py:3823} INFO - Setting next_dagrun for dag_etl_camara_diario to 2026-07-12 03:00:00+00:00, run_after=2026-07-13 03:00:00+00:00
[2026-07-13T21:45:49.449+0000] {processor.py:183} INFO - Processing /opt/airflow/dags/dag_etl_camara_diario.py took 0.095 seconds
[2026-07-13T21:46:19.575+0000] {processor.py:161} INFO - Started process (PID=4339) to work on /opt/airflow/dags/dag_etl_camara_diario.py
[2026-07-13T21:46:19.576+0000] {processor.py:830} INFO - Processing file /opt/airflow/dags/dag_etl_camara_diario.py for tasks to queue
[2026-07-13T21:46:19.577+0000] {logging_mixin.py:188} INFO - [2026-07-13T21:46:19.576+0000] {dagbag.py:538} INFO - Filling up the DagBag from /opt/airflow/dags/dag_etl_camara_diario.py
[2026-07-13T21:46:19.586+0000] {processor.py:840} INFO - DAG(s) 'dag_etl_camara_diario' retrieved from /opt/airflow/dags/dag_etl_camara_diario.py
[2026-07-13T21:46:19.608+0000] {logging_mixin.py:188} INFO - [2026-07-13T21:46:19.608+0000] {dag.py:3036} INFO - Sync 1 DAGs
[2026-07-13T21:46:19.629+0000] {logging_mixin.py:188} INFO - [2026-07-13T21:46:19.629+0000] {dag.py:3823} INFO - Setting next_dagrun for dag_etl_camara_diario to 2026-07-12 03:00:00+00:00, run_after=2026-07-13 03:00:00+00:00
[2026-07-13T21:46:19.669+0000] {processor.py:183} INFO - Processing /opt/airflow/dags/dag_etl_camara_diario.py took 0.096 seconds
[2026-07-13T21:46:49.801+0000] {processor.py:161} INFO - Started process (PID=4354) to work on /opt/airflow/dags/dag_etl_camara_diario.py
[2026-07-13T21:46:49.802+0000] {processor.py:830} INFO - Processing file /opt/airflow/dags/dag_etl_camara_diario.py for tasks to queue
[2026-07-13T21:46:49.802+0000] {logging_mixin.py:188} INFO - [2026-07-13T21:46:49.802+0000] {dagbag.py:538} INFO - Filling up the DagBag from /opt/airflow/dags/dag_etl_camara_diario.py
[2026-07-13T21:46:49.811+0000] {processor.py:840} INFO - DAG(s) 'dag_etl_camara_diario' retrieved from /opt/airflow/dags/dag_etl_camara_diario.py
[2026-07-13T21:46:49.832+0000] {logging_mixin.py:188} INFO - [2026-07-13T21:46:49.832+0000] {dag.py:3036} INFO - Sync 1 DAGs
[2026-07-13T21:46:49.852+0000] {logging_mixin.py:188} INFO - [2026-07-13T21:46:49.851+0000] {dag.py:3823} INFO - Setting next_dagrun for dag_etl_camara_diario to 2026-07-12 03:00:00+00:00, run_after=2026-07-13 03:00:00+00:00
[2026-07-13T21:46:49.891+0000] {processor.py:183} INFO - Processing /opt/airflow/dags/dag_etl_camara_diario.py took 0.093 seconds
[2026-07-13T21:47:20.014+0000] {processor.py:161} INFO - Started process (PID=4369) to work on /opt/airflow/dags/dag_etl_camara_diario.py
[2026-07-13T21:47:20.014+0000] {processor.py:830} INFO - Processing file /opt/airflow/dags/dag_etl_camara_diario.py for tasks to queue
[2026-07-13T21:47:20.015+0000] {logging_mixin.py:188} INFO - [2026-07-13T21:47:20.015+0000] {dagbag.py:538} INFO - Filling up the DagBag from /opt/airflow/dags/dag_etl_camara_diario.py
[2026-07-13T21:47:20.025+0000] {processor.py:840} INFO - DAG(s) 'dag_etl_camara_diario' retrieved from /opt/airflow/dags/dag_etl_camara_diario.py
[2026-07-13T21:47:20.048+0000] {logging_mixin.py:188} INFO - [2026-07-13T21:47:20.048+0000] {dag.py:3036} INFO - Sync 1 DAGs
[2026-07-13T21:47:20.068+0000] {logging_mixin.py:188} INFO - [2026-07-13T21:47:20.068+0000] {dag.py:3823} INFO - Setting next_dagrun for dag_etl_camara_diario to 2026-07-12 03:00:00+00:00, run_after=2026-07-13 03:00:00+00:00
[2026-07-13T21:47:20.106+0000] {processor.py:183} INFO - Processing /opt/airflow/dags/dag_etl_camara_diario.py took 0.095 seconds
[2026-07-13T21:47:50.225+0000] {processor.py:161} INFO - Started process (PID=4384) to work on /opt/airflow/dags/dag_etl_camara_diario.py
[2026-07-13T21:47:50.226+0000] {processor.py:830} INFO - Processing file /opt/airflow/dags/dag_etl_camara_diario.py for tasks to queue
[2026-07-13T21:47:50.227+0000] {logging_mixin.py:188} INFO - [2026-07-13T21:47:50.227+0000] {dagbag.py:538} INFO - Filling up the DagBag from /opt/airflow/dags/dag_etl_camara_diario.py
[2026-07-13T21:47:50.237+0000] {processor.py:840} INFO - DAG(s) 'dag_etl_camara_diario' retrieved from /opt/airflow/dags/dag_etl_camara_diario.py
[2026-07-13T21:47:50.259+0000] {logging_mixin.py:188} INFO - [2026-07-13T21:47:50.259+0000] {dag.py:3036} INFO - Sync 1 DAGs
[2026-07-13T21:47:50.280+0000] {logging_mixin.py:188} INFO - [2026-07-13T21:47:50.280+0000] {dag.py:3823} INFO - Setting next_dagrun for dag_etl_camara_diario to 2026-07-12 03:00:00+00:00, run_after=2026-07-13 03:00:00+00:00
[2026-07-13T21:47:50.296+0000] {processor.py:183} INFO - Processing /opt/airflow/dags/dag_etl_camara_diario.py took 0.073 seconds
[2026-07-13T21:48:20.431+0000] {processor.py:161} INFO - Started process (PID=4399) to work on /opt/airflow/dags/dag_etl_camara_diario.py
[2026-07-13T21:48:20.432+0000] {processor.py:830} INFO - Processing file /opt/airflow/dags/dag_etl_camara_diario.py for tasks to queue
[2026-07-13T21:48:20.432+0000] {logging_mixin.py:188} INFO - [2026-07-13T21:48:20.432+0000] {dagbag.py:538} INFO - Filling up the DagBag from /opt/airflow/dags/dag_etl_camara_diario.py
[2026-07-13T21:48:20.441+0000] {processor.py:840} INFO - DAG(s) 'dag_etl_camara_diario' retrieved from /opt/airflow/dags/dag_etl_camara_diario.py
[2026-07-13T21:48:20.464+0000] {logging_mixin.py:188} INFO - [2026-07-13T21:48:20.463+0000] {dag.py:3036} INFO - Sync 1 DAGs
[2026-07-13T21:48:20.489+0000] {logging_mixin.py:188} INFO - [2026-07-13T21:48:20.489+0000] {dag.py:3823} INFO - Setting next_dagrun for dag_etl_camara_diario to 2026-07-12 03:00:00+00:00, run_after=2026-07-13 03:00:00+00:00
[2026-07-13T21:48:20.529+0000] {processor.py:183} INFO - Processing /opt/airflow/dags/dag_etl_camara_diario.py took 0.101 seconds
[2026-07-13T21:48:50.655+0000] {processor.py:161} INFO - Started process (PID=4414) to work on /opt/airflow/dags/dag_etl_camara_diario.py
[2026-07-13T21:48:50.656+0000] {processor.py:830} INFO - Processing file /opt/airflow/dags/dag_etl_camara_diario.py for tasks to queue
[2026-07-13T21:48:50.656+0000] {logging_mixin.py:188} INFO - [2026-07-13T21:48:50.656+0000] {dagbag.py:538} INFO - Filling up the DagBag from /opt/airflow/dags/dag_etl_camara_diario.py
[2026-07-13T21:48:50.665+0000] {processor.py:840} INFO - DAG(s) 'dag_etl_camara_diario' retrieved from /opt/airflow/dags/dag_etl_camara_diario.py
[2026-07-13T21:48:50.687+0000] {logging_mixin.py:188} INFO - [2026-07-13T21:48:50.687+0000] {dag.py:3036} INFO - Sync 1 DAGs
[2026-07-13T21:48:50.708+0000] {logging_mixin.py:188} INFO - [2026-07-13T21:48:50.708+0000] {dag.py:3823} INFO - Setting next_dagrun for dag_etl_camara_diario to 2026-07-12 03:00:00+00:00, run_after=2026-07-13 03:00:00+00:00
[2026-07-13T21:48:50.747+0000] {processor.py:183} INFO - Processing /opt/airflow/dags/dag_etl_camara_diario.py took 0.095 seconds
[2026-07-13T21:49:20.869+0000] {processor.py:161} INFO - Started process (PID=4429) to work on /opt/airflow/dags/dag_etl_camara_diario.py
[2026-07-13T21:49:20.870+0000] {processor.py:830} INFO - Processing file /opt/airflow/dags/dag_etl_camara_diario.py for tasks to queue
[2026-07-13T21:49:20.871+0000] {logging_mixin.py:188} INFO - [2026-07-13T21:49:20.871+0000] {dagbag.py:538} INFO - Filling up the DagBag from /opt/airflow/dags/dag_etl_camara_diario.py
[2026-07-13T21:49:20.881+0000] {processor.py:840} INFO - DAG(s) 'dag_etl_camara_diario' retrieved from /opt/airflow/dags/dag_etl_camara_diario.py
[2026-07-13T21:49:20.904+0000] {logging_mixin.py:188} INFO - [2026-07-13T21:49:20.904+0000] {dag.py:3036} INFO - Sync 1 DAGs
[2026-07-13T21:49:20.928+0000] {logging_mixin.py:188} INFO - [2026-07-13T21:49:20.928+0000] {dag.py:3823} INFO - Setting next_dagrun for dag_etl_camara_diario to 2026-07-12 03:00:00+00:00, run_after=2026-07-13 03:00:00+00:00
[2026-07-13T21:49:20.965+0000] {processor.py:183} INFO - Processing /opt/airflow/dags/dag_etl_camara_diario.py took 0.098 seconds
[2026-07-13T21:49:51.086+0000] {processor.py:161} INFO - Started process (PID=4444) to work on /opt/airflow/dags/dag_etl_camara_diario.py
[2026-07-13T21:49:51.087+0000] {processor.py:830} INFO - Processing file /opt/airflow/dags/dag_etl_camara_diario.py for tasks to queue
[2026-07-13T21:49:51.087+0000] {logging_mixin.py:188} INFO - [2026-07-13T21:49:51.087+0000] {dagbag.py:538} INFO - Filling up the DagBag from /opt/airflow/dags/dag_etl_camara_diario.py
[2026-07-13T21:49:51.096+0000] {processor.py:840} INFO - DAG(s) 'dag_etl_camara_diario' retrieved from /opt/airflow/dags/dag_etl_camara_diario.py
[2026-07-13T21:49:51.118+0000] {logging_mixin.py:188} INFO - [2026-07-13T21:49:51.118+0000] {dag.py:3036} INFO - Sync 1 DAGs
[2026-07-13T21:49:51.139+0000] {logging_mixin.py:188} INFO - [2026-07-13T21:49:51.139+0000] {dag.py:3823} INFO - Setting next_dagrun for dag_etl_camara_diario to 2026-07-12 03:00:00+00:00, run_after=2026-07-13 03:00:00+00:00
[2026-07-13T21:49:51.178+0000] {processor.py:183} INFO - Processing /opt/airflow/dags/dag_etl_camara_diario.py took 0.095 seconds
[2026-07-13T21:50:21.309+0000] {processor.py:161} INFO - Started process (PID=4459) to work on /opt/airflow/dags/dag_etl_camara_diario.py
[2026-07-13T21:50:21.309+0000] {processor.py:830} INFO - Processing file /opt/airflow/dags/dag_etl_camara_diario.py for tasks to queue
[2026-07-13T21:50:21.310+0000] {logging_mixin.py:188} INFO - [2026-07-13T21:50:21.310+0000] {dagbag.py:538} INFO - Filling up the DagBag from /opt/airflow/dags/dag_etl_camara_diario.py
[2026-07-13T21:50:21.319+0000] {processor.py:840} INFO - DAG(s) 'dag_etl_camara_diario' retrieved from /opt/airflow/dags/dag_etl_camara_diario.py
[2026-07-13T21:50:21.342+0000] {logging_mixin.py:188} INFO - [2026-07-13T21:50:21.342+0000] {dag.py:3036} INFO - Sync 1 DAGs
[2026-07-13T21:50:21.363+0000] {logging_mixin.py:188} INFO - [2026-07-13T21:50:21.363+0000] {dag.py:3823} INFO - Setting next_dagrun for dag_etl_camara_diario to 2026-07-12 03:00:00+00:00, run_after=2026-07-13 03:00:00+00:00
[2026-07-13T21:50:21.406+0000] {processor.py:183} INFO - Processing /opt/airflow/dags/dag_etl_camara_diario.py took 0.100 seconds
[2026-07-13T21:50:51.525+0000] {processor.py:161} INFO - Started process (PID=4474) to work on /opt/airflow/dags/dag_etl_camara_diario.py
[2026-07-13T21:50:51.526+0000] {processor.py:830} INFO - Processing file /opt/airflow/dags/dag_etl_camara_diario.py for tasks to queue
[2026-07-13T21:50:51.527+0000] {logging_mixin.py:188} INFO - [2026-07-13T21:50:51.526+0000] {dagbag.py:538} INFO - Filling up the DagBag from /opt/airflow/dags/dag_etl_camara_diario.py
[2026-07-13T21:50:51.536+0000] {processor.py:840} INFO - DAG(s) 'dag_etl_camara_diario' retrieved from /opt/airflow/dags/dag_etl_camara_diario.py
[2026-07-13T21:50:51.558+0000] {logging_mixin.py:188} INFO - [2026-07-13T21:50:51.558+0000] {dag.py:3036} INFO - Sync 1 DAGs
[2026-07-13T21:50:51.578+0000] {logging_mixin.py:188} INFO - [2026-07-13T21:50:51.578+0000] {dag.py:3823} INFO - Setting next_dagrun for dag_etl_camara_diario to 2026-07-12 03:00:00+00:00, run_after=2026-07-13 03:00:00+00:00
[2026-07-13T21:50:51.617+0000] {processor.py:183} INFO - Processing /opt/airflow/dags/dag_etl_camara_diario.py took 0.095 seconds
[2026-07-13T21:51:21.740+0000] {processor.py:161} INFO - Started process (PID=4489) to work on /opt/airflow/dags/dag_etl_camara_diario.py
[2026-07-13T21:51:21.740+0000] {processor.py:830} INFO - Processing file /opt/airflow/dags/dag_etl_camara_diario.py for tasks to queue
[2026-07-13T21:51:21.741+0000] {logging_mixin.py:188} INFO - [2026-07-13T21:51:21.741+0000] {dagbag.py:538} INFO - Filling up the DagBag from /opt/airflow/dags/dag_etl_camara_diario.py
[2026-07-13T21:51:21.749+0000] {processor.py:840} INFO - DAG(s) 'dag_etl_camara_diario' retrieved from /opt/airflow/dags/dag_etl_camara_diario.py
[2026-07-13T21:51:21.770+0000] {logging_mixin.py:188} INFO - [2026-07-13T21:51:21.770+0000] {dag.py:3036} INFO - Sync 1 DAGs
[2026-07-13T21:51:21.791+0000] {logging_mixin.py:188} INFO - [2026-07-13T21:51:21.790+0000] {dag.py:3823} INFO - Setting next_dagrun for dag_etl_camara_diario to 2026-07-12 03:00:00+00:00, run_after=2026-07-13 03:00:00+00:00
[2026-07-13T21:51:21.830+0000] {processor.py:183} INFO - Processing /opt/airflow/dags/dag_etl_camara_diario.py took 0.094 seconds
[2026-07-13T21:51:51.962+0000] {processor.py:161} INFO - Started process (PID=4504) to work on /opt/airflow/dags/dag_etl_camara_diario.py
[2026-07-13T21:51:51.962+0000] {processor.py:830} INFO - Processing file /opt/airflow/dags/dag_etl_camara_diario.py for tasks to queue
[2026-07-13T21:51:51.963+0000] {logging_mixin.py:188} INFO - [2026-07-13T21:51:51.963+0000] {dagbag.py:538} INFO - Filling up the DagBag from /opt/airflow/dags/dag_etl_camara_diario.py
[2026-07-13T21:51:51.972+0000] {processor.py:840} INFO - DAG(s) 'dag_etl_camara_diario' retrieved from /opt/airflow/dags/dag_etl_camara_diario.py
[2026-07-13T21:51:51.993+0000] {logging_mixin.py:188} INFO - [2026-07-13T21:51:51.993+0000] {dag.py:3036} INFO - Sync 1 DAGs
[2026-07-13T21:51:52.016+0000] {logging_mixin.py:188} INFO - [2026-07-13T21:51:52.016+0000] {dag.py:3823} INFO - Setting next_dagrun for dag_etl_camara_diario to 2026-07-12 03:00:00+00:00, run_after=2026-07-13 03:00:00+00:00
[2026-07-13T21:51:52.058+0000] {processor.py:183} INFO - Processing /opt/airflow/dags/dag_etl_camara_diario.py took 0.099 seconds
[2026-07-13T21:52:22.178+0000] {processor.py:161} INFO - Started process (PID=4519) to work on /opt/airflow/dags/dag_etl_camara_diario.py
[2026-07-13T21:52:22.179+0000] {processor.py:830} INFO - Processing file /opt/airflow/dags/dag_etl_camara_diario.py for tasks to queue
[2026-07-13T21:52:22.179+0000] {logging_mixin.py:188} INFO - [2026-07-13T21:52:22.179+0000] {dagbag.py:538} INFO - Filling up the DagBag from /opt/airflow/dags/dag_etl_camara_diario.py
[2026-07-13T21:52:22.188+0000] {processor.py:840} INFO - DAG(s) 'dag_etl_camara_diario' retrieved from /opt/airflow/dags/dag_etl_camara_diario.py
[2026-07-13T21:52:22.210+0000] {logging_mixin.py:188} INFO - [2026-07-13T21:52:22.210+0000] {dag.py:3036} INFO - Sync 1 DAGs
[2026-07-13T21:52:22.232+0000] {logging_mixin.py:188} INFO - [2026-07-13T21:52:22.232+0000] {dag.py:3823} INFO - Setting next_dagrun for dag_etl_camara_diario to 2026-07-12 03:00:00+00:00, run_after=2026-07-13 03:00:00+00:00
[2026-07-13T21:52:22.275+0000] {processor.py:183} INFO - Processing /opt/airflow/dags/dag_etl_camara_diario.py took 0.099 seconds
[2026-07-13T21:52:52.312+0000] {processor.py:161} INFO - Started process (PID=4534) to work on /opt/airflow/dags/dag_etl_camara_diario.py
[2026-07-13T21:52:52.313+0000] {processor.py:830} INFO - Processing file /opt/airflow/dags/dag_etl_camara_diario.py for tasks to queue
[2026-07-13T21:52:52.313+0000] {logging_mixin.py:188} INFO - [2026-07-13T21:52:52.313+0000] {dagbag.py:538} INFO - Filling up the DagBag from /opt/airflow/dags/dag_etl_camara_diario.py
[2026-07-13T21:52:52.323+0000] {processor.py:840} INFO - DAG(s) 'dag_etl_camara_diario' retrieved from /opt/airflow/dags/dag_etl_camara_diario.py
[2026-07-13T21:52:52.345+0000] {logging_mixin.py:188} INFO - [2026-07-13T21:52:52.345+0000] {dag.py:3036} INFO - Sync 1 DAGs
[2026-07-13T21:52:52.368+0000] {logging_mixin.py:188} INFO - [2026-07-13T21:52:52.368+0000] {dag.py:3823} INFO - Setting next_dagrun for dag_etl_camara_diario to 2026-07-12 03:00:00+00:00, run_after=2026-07-13 03:00:00+00:00
[2026-07-13T21:52:52.409+0000] {processor.py:183} INFO - Processing /opt/airflow/dags/dag_etl_camara_diario.py took 0.099 seconds
[2026-07-13T21:53:22.537+0000] {processor.py:161} INFO - Started process (PID=4549) to work on /opt/airflow/dags/dag_etl_camara_diario.py
[2026-07-13T21:53:22.537+0000] {processor.py:830} INFO - Processing file /opt/airflow/dags/dag_etl_camara_diario.py for tasks to queue
[2026-07-13T21:53:22.538+0000] {logging_mixin.py:188} INFO - [2026-07-13T21:53:22.538+0000] {dagbag.py:538} INFO - Filling up the DagBag from /opt/airflow/dags/dag_etl_camara_diario.py
[2026-07-13T21:53:22.546+0000] {processor.py:840} INFO - DAG(s) 'dag_etl_camara_diario' retrieved from /opt/airflow/dags/dag_etl_camara_diario.py
[2026-07-13T21:53:22.568+0000] {logging_mixin.py:188} INFO - [2026-07-13T21:53:22.568+0000] {dag.py:3036} INFO - Sync 1 DAGs
[2026-07-13T21:53:22.589+0000] {logging_mixin.py:188} INFO - [2026-07-13T21:53:22.589+0000] {dag.py:3823} INFO - Setting next_dagrun for dag_etl_camara_diario to 2026-07-12 03:00:00+00:00, run_after=2026-07-13 03:00:00+00:00
[2026-07-13T21:53:22.620+0000] {processor.py:183} INFO - Processing /opt/airflow/dags/dag_etl_camara_diario.py took 0.085 seconds
[2026-07-13T21:53:52.743+0000] {processor.py:161} INFO - Started process (PID=4564) to work on /opt/airflow/dags/dag_etl_camara_diario.py
[2026-07-13T21:53:52.744+0000] {processor.py:830} INFO - Processing file /opt/airflow/dags/dag_etl_camara_diario.py for tasks to queue
[2026-07-13T21:53:52.744+0000] {logging_mixin.py:188} INFO - [2026-07-13T21:53:52.744+0000] {dagbag.py:538} INFO - Filling up the DagBag from /opt/airflow/dags/dag_etl_camara_diario.py
[2026-07-13T21:53:52.753+0000] {processor.py:840} INFO - DAG(s) 'dag_etl_camara_diario' retrieved from /opt/airflow/dags/dag_etl_camara_diario.py
[2026-07-13T21:53:52.775+0000] {logging_mixin.py:188} INFO - [2026-07-13T21:53:52.775+0000] {dag.py:3036} INFO - Sync 1 DAGs
[2026-07-13T21:53:52.796+0000] {logging_mixin.py:188} INFO - [2026-07-13T21:53:52.796+0000] {dag.py:3823} INFO - Setting next_dagrun for dag_etl_camara_diario to 2026-07-12 03:00:00+00:00, run_after=2026-07-13 03:00:00+00:00
[2026-07-13T21:53:52.826+0000] {processor.py:183} INFO - Processing /opt/airflow/dags/dag_etl_camara_diario.py took 0.086 seconds
[2026-07-13T21:54:22.945+0000] {processor.py:161} INFO - Started process (PID=4579) to work on /opt/airflow/dags/dag_etl_camara_diario.py
[2026-07-13T21:54:22.946+0000] {processor.py:830} INFO - Processing file /opt/airflow/dags/dag_etl_camara_diario.py for tasks to queue
[2026-07-13T21:54:22.946+0000] {logging_mixin.py:188} INFO - [2026-07-13T21:54:22.946+0000] {dagbag.py:538} INFO - Filling up the DagBag from /opt/airflow/dags/dag_etl_camara_diario.py
[2026-07-13T21:54:22.956+0000] {processor.py:840} INFO - DAG(s) 'dag_etl_camara_diario' retrieved from /opt/airflow/dags/dag_etl_camara_diario.py
[2026-07-13T21:54:22.980+0000] {logging_mixin.py:188} INFO - [2026-07-13T21:54:22.980+0000] {dag.py:3036} INFO - Sync 1 DAGs
[2026-07-13T21:54:23.004+0000] {logging_mixin.py:188} INFO - [2026-07-13T21:54:23.003+0000] {dag.py:3823} INFO - Setting next_dagrun for dag_etl_camara_diario to 2026-07-12 03:00:00+00:00, run_after=2026-07-13 03:00:00+00:00
[2026-07-13T21:54:23.035+0000] {processor.py:183} INFO - Processing /opt/airflow/dags/dag_etl_camara_diario.py took 0.093 seconds
[2026-07-13T21:54:53.083+0000] {processor.py:161} INFO - Started process (PID=4594) to work on /opt/airflow/dags/dag_etl_camara_diario.py
[2026-07-13T21:54:53.084+0000] {processor.py:830} INFO - Processing file /opt/airflow/dags/dag_etl_camara_diario.py for tasks to queue
[2026-07-13T21:54:53.085+0000] {logging_mixin.py:188} INFO - [2026-07-13T21:54:53.084+0000] {dagbag.py:538} INFO - Filling up the DagBag from /opt/airflow/dags/dag_etl_camara_diario.py
[2026-07-13T21:54:53.093+0000] {processor.py:840} INFO - DAG(s) 'dag_etl_camara_diario' retrieved from /opt/airflow/dags/dag_etl_camara_diario.py
[2026-07-13T21:54:53.115+0000] {logging_mixin.py:188} INFO - [2026-07-13T21:54:53.115+0000] {dag.py:3036} INFO - Sync 1 DAGs
[2026-07-13T21:54:53.137+0000] {logging_mixin.py:188} INFO - [2026-07-13T21:54:53.137+0000] {dag.py:3823} INFO - Setting next_dagrun for dag_etl_camara_diario to 2026-07-12 03:00:00+00:00, run_after=2026-07-13 03:00:00+00:00
[2026-07-13T21:54:53.167+0000] {processor.py:183} INFO - Processing /opt/airflow/dags/dag_etl_camara_diario.py took 0.087 seconds
[2026-07-13T21:55:23.293+0000] {processor.py:161} INFO - Started process (PID=4609) to work on /opt/airflow/dags/dag_etl_camara_diario.py
[2026-07-13T21:55:23.293+0000] {processor.py:830} INFO - Processing file /opt/airflow/dags/dag_etl_camara_diario.py for tasks to queue
[2026-07-13T21:55:23.294+0000] {logging_mixin.py:188} INFO - [2026-07-13T21:55:23.294+0000] {dagbag.py:538} INFO - Filling up the DagBag from /opt/airflow/dags/dag_etl_camara_diario.py
[2026-07-13T21:55:23.302+0000] {processor.py:840} INFO - DAG(s) 'dag_etl_camara_diario' retrieved from /opt/airflow/dags/dag_etl_camara_diario.py
[2026-07-13T21:55:23.324+0000] {logging_mixin.py:188} INFO - [2026-07-13T21:55:23.324+0000] {dag.py:3036} INFO - Sync 1 DAGs
[2026-07-13T21:55:23.344+0000] {logging_mixin.py:188} INFO - [2026-07-13T21:55:23.344+0000] {dag.py:3823} INFO - Setting next_dagrun for dag_etl_camara_diario to 2026-07-12 03:00:00+00:00, run_after=2026-07-13 03:00:00+00:00
[2026-07-13T21:55:23.377+0000] {processor.py:183} INFO - Processing /opt/airflow/dags/dag_etl_camara_diario.py took 0.087 seconds
[2026-07-13T21:55:53.496+0000] {processor.py:161} INFO - Started process (PID=4624) to work on /opt/airflow/dags/dag_etl_camara_diario.py
[2026-07-13T21:55:53.497+0000] {processor.py:830} INFO - Processing file /opt/airflow/dags/dag_etl_camara_diario.py for tasks to queue
[2026-07-13T21:55:53.498+0000] {logging_mixin.py:188} INFO - [2026-07-13T21:55:53.498+0000] {dagbag.py:538} INFO - Filling up the DagBag from /opt/airflow/dags/dag_etl_camara_diario.py
[2026-07-13T21:55:53.508+0000] {processor.py:840} INFO - DAG(s) 'dag_etl_camara_diario' retrieved from /opt/airflow/dags/dag_etl_camara_diario.py
[2026-07-13T21:55:53.530+0000] {logging_mixin.py:188} INFO - [2026-07-13T21:55:53.530+0000] {dag.py:3036} INFO - Sync 1 DAGs
[2026-07-13T21:55:53.552+0000] {logging_mixin.py:188} INFO - [2026-07-13T21:55:53.552+0000] {dag.py:3823} INFO - Setting next_dagrun for dag_etl_camara_diario to 2026-07-12 03:00:00+00:00, run_after=2026-07-13 03:00:00+00:00
[2026-07-13T21:55:53.581+0000] {processor.py:183} INFO - Processing /opt/airflow/dags/dag_etl_camara_diario.py took 0.088 seconds
[2026-07-13T21:56:23.713+0000] {processor.py:161} INFO - Started process (PID=4639) to work on /opt/airflow/dags/dag_etl_camara_diario.py
[2026-07-13T21:56:23.713+0000] {processor.py:830} INFO - Processing file /opt/airflow/dags/dag_etl_camara_diario.py for tasks to queue
[2026-07-13T21:56:23.714+0000] {logging_mixin.py:188} INFO - [2026-07-13T21:56:23.714+0000] {dagbag.py:538} INFO - Filling up the DagBag from /opt/airflow/dags/dag_etl_camara_diario.py
[2026-07-13T21:56:23.724+0000] {processor.py:840} INFO - DAG(s) 'dag_etl_camara_diario' retrieved from /opt/airflow/dags/dag_etl_camara_diario.py
[2026-07-13T21:56:23.746+0000] {logging_mixin.py:188} INFO - [2026-07-13T21:56:23.745+0000] {dag.py:3036} INFO - Sync 1 DAGs
[2026-07-13T21:56:23.766+0000] {logging_mixin.py:188} INFO - [2026-07-13T21:56:23.766+0000] {dag.py:3823} INFO - Setting next_dagrun for dag_etl_camara_diario to 2026-07-12 03:00:00+00:00, run_after=2026-07-13 03:00:00+00:00
[2026-07-13T21:56:23.784+0000] {processor.py:183} INFO - Processing /opt/airflow/dags/dag_etl_camara_diario.py took 0.074 seconds
[2026-07-13T21:56:53.917+0000] {processor.py:161} INFO - Started process (PID=4654) to work on /opt/airflow/dags/dag_etl_camara_diario.py
[2026-07-13T21:56:53.918+0000] {processor.py:830} INFO - Processing file /opt/airflow/dags/dag_etl_camara_diario.py for tasks to queue
[2026-07-13T21:56:53.919+0000] {logging_mixin.py:188} INFO - [2026-07-13T21:56:53.918+0000] {dagbag.py:538} INFO - Filling up the DagBag from /opt/airflow/dags/dag_etl_camara_diario.py
[2026-07-13T21:56:53.927+0000] {processor.py:840} INFO - DAG(s) 'dag_etl_camara_diario' retrieved from /opt/airflow/dags/dag_etl_camara_diario.py
[2026-07-13T21:56:53.948+0000] {logging_mixin.py:188} INFO - [2026-07-13T21:56:53.948+0000] {dag.py:3036} INFO - Sync 1 DAGs
[2026-07-13T21:56:53.969+0000] {logging_mixin.py:188} INFO - [2026-07-13T21:56:53.969+0000] {dag.py:3823} INFO - Setting next_dagrun for dag_etl_camara_diario to 2026-07-12 03:00:00+00:00, run_after=2026-07-13 03:00:00+00:00
[2026-07-13T21:56:54.002+0000] {processor.py:183} INFO - Processing /opt/airflow/dags/dag_etl_camara_diario.py took 0.088 seconds
[2026-07-13T21:57:24.122+0000] {processor.py:161} INFO - Started process (PID=4669) to work on /opt/airflow/dags/dag_etl_camara_diario.py
[2026-07-13T21:57:24.123+0000] {processor.py:830} INFO - Processing file /opt/airflow/dags/dag_etl_camara_diario.py for tasks to queue
[2026-07-13T21:57:24.124+0000] {logging_mixin.py:188} INFO - [2026-07-13T21:57:24.123+0000] {dagbag.py:538} INFO - Filling up the DagBag from /opt/airflow/dags/dag_etl_camara_diario.py
[2026-07-13T21:57:24.133+0000] {processor.py:840} INFO - DAG(s) 'dag_etl_camara_diario' retrieved from /opt/airflow/dags/dag_etl_camara_diario.py
[2026-07-13T21:57:24.155+0000] {logging_mixin.py:188} INFO - [2026-07-13T21:57:24.154+0000] {dag.py:3036} INFO - Sync 1 DAGs
[2026-07-13T21:57:24.176+0000] {logging_mixin.py:188} INFO - [2026-07-13T21:57:24.175+0000] {dag.py:3823} INFO - Setting next_dagrun for dag_etl_camara_diario to 2026-07-12 03:00:00+00:00, run_after=2026-07-13 03:00:00+00:00
[2026-07-13T21:57:24.207+0000] {processor.py:183} INFO - Processing /opt/airflow/dags/dag_etl_camara_diario.py took 0.087 seconds
[2026-07-13T21:57:54.331+0000] {processor.py:161} INFO - Started process (PID=4684) to work on /opt/airflow/dags/dag_etl_camara_diario.py
[2026-07-13T21:57:54.332+0000] {processor.py:830} INFO - Processing file /opt/airflow/dags/dag_etl_camara_diario.py for tasks to queue
[2026-07-13T21:57:54.333+0000] {logging_mixin.py:188} INFO - [2026-07-13T21:57:54.332+0000] {dagbag.py:538} INFO - Filling up the DagBag from /opt/airflow/dags/dag_etl_camara_diario.py
[2026-07-13T21:57:54.342+0000] {processor.py:840} INFO - DAG(s) 'dag_etl_camara_diario' retrieved from /opt/airflow/dags/dag_etl_camara_diario.py
[2026-07-13T21:57:54.364+0000] {logging_mixin.py:188} INFO - [2026-07-13T21:57:54.364+0000] {dag.py:3036} INFO - Sync 1 DAGs
[2026-07-13T21:57:54.386+0000] {logging_mixin.py:188} INFO - [2026-07-13T21:57:54.386+0000] {dag.py:3823} INFO - Setting next_dagrun for dag_etl_camara_diario to 2026-07-12 03:00:00+00:00, run_after=2026-07-13 03:00:00+00:00
[2026-07-13T21:57:54.418+0000] {processor.py:183} INFO - Processing /opt/airflow/dags/dag_etl_camara_diario.py took 0.090 seconds
[2026-07-13T21:58:24.548+0000] {processor.py:161} INFO - Started process (PID=4699) to work on /opt/airflow/dags/dag_etl_camara_diario.py
[2026-07-13T21:58:24.548+0000] {processor.py:830} INFO - Processing file /opt/airflow/dags/dag_etl_camara_diario.py for tasks to queue
[2026-07-13T21:58:24.549+0000] {logging_mixin.py:188} INFO - [2026-07-13T21:58:24.549+0000] {dagbag.py:538} INFO - Filling up the DagBag from /opt/airflow/dags/dag_etl_camara_diario.py
[2026-07-13T21:58:24.558+0000] {processor.py:840} INFO - DAG(s) 'dag_etl_camara_diario' retrieved from /opt/airflow/dags/dag_etl_camara_diario.py
[2026-07-13T21:58:24.581+0000] {logging_mixin.py:188} INFO - [2026-07-13T21:58:24.581+0000] {dag.py:3036} INFO - Sync 1 DAGs
[2026-07-13T21:58:24.604+0000] {logging_mixin.py:188} INFO - [2026-07-13T21:58:24.603+0000] {dag.py:3823} INFO - Setting next_dagrun for dag_etl_camara_diario to 2026-07-12 03:00:00+00:00, run_after=2026-07-13 03:00:00+00:00
[2026-07-13T21:58:24.633+0000] {processor.py:183} INFO - Processing /opt/airflow/dags/dag_etl_camara_diario.py took 0.088 seconds
[2026-07-13T21:58:54.753+0000] {processor.py:161} INFO - Started process (PID=4714) to work on /opt/airflow/dags/dag_etl_camara_diario.py
[2026-07-13T21:58:54.754+0000] {processor.py:830} INFO - Processing file /opt/airflow/dags/dag_etl_camara_diario.py for tasks to queue
[2026-07-13T21:58:54.754+0000] {logging_mixin.py:188} INFO - [2026-07-13T21:58:54.754+0000] {dagbag.py:538} INFO - Filling up the DagBag from /opt/airflow/dags/dag_etl_camara_diario.py
[2026-07-13T21:58:54.763+0000] {processor.py:840} INFO - DAG(s) 'dag_etl_camara_diario' retrieved from /opt/airflow/dags/dag_etl_camara_diario.py
[2026-07-13T21:58:54.784+0000] {logging_mixin.py:188} INFO - [2026-07-13T21:58:54.784+0000] {dag.py:3036} INFO - Sync 1 DAGs
[2026-07-13T21:58:54.806+0000] {logging_mixin.py:188} INFO - [2026-07-13T21:58:54.806+0000] {dag.py:3823} INFO - Setting next_dagrun for dag_etl_camara_diario to 2026-07-12 03:00:00+00:00, run_after=2026-07-13 03:00:00+00:00
[2026-07-13T21:58:54.818+0000] {processor.py:183} INFO - Processing /opt/airflow/dags/dag_etl_camara_diario.py took 0.068 seconds
[2026-07-13T21:59:24.943+0000] {processor.py:161} INFO - Started process (PID=4729) to work on /opt/airflow/dags/dag_etl_camara_diario.py
[2026-07-13T21:59:24.944+0000] {processor.py:830} INFO - Processing file /opt/airflow/dags/dag_etl_camara_diario.py for tasks to queue
[2026-07-13T21:59:24.944+0000] {logging_mixin.py:188} INFO - [2026-07-13T21:59:24.944+0000] {dagbag.py:538} INFO - Filling up the DagBag from /opt/airflow/dags/dag_etl_camara_diario.py
[2026-07-13T21:59:24.953+0000] {processor.py:840} INFO - DAG(s) 'dag_etl_camara_diario' retrieved from /opt/airflow/dags/dag_etl_camara_diario.py
[2026-07-13T21:59:24.975+0000] {logging_mixin.py:188} INFO - [2026-07-13T21:59:24.975+0000] {dag.py:3036} INFO - Sync 1 DAGs
[2026-07-13T21:59:24.996+0000] {logging_mixin.py:188} INFO - [2026-07-13T21:59:24.996+0000] {dag.py:3823} INFO - Setting next_dagrun for dag_etl_camara_diario to 2026-07-12 03:00:00+00:00, run_after=2026-07-13 03:00:00+00:00
[2026-07-13T21:59:25.029+0000] {processor.py:183} INFO - Processing /opt/airflow/dags/dag_etl_camara_diario.py took 0.089 seconds
[2026-07-13T21:59:55.147+0000] {processor.py:161} INFO - Started process (PID=4744) to work on /opt/airflow/dags/dag_etl_camara_diario.py
[2026-07-13T21:59:55.148+0000] {processor.py:830} INFO - Processing file /opt/airflow/dags/dag_etl_camara_diario.py for tasks to queue
[2026-07-13T21:59:55.149+0000] {logging_mixin.py:188} INFO - [2026-07-13T21:59:55.149+0000] {dagbag.py:538} INFO - Filling up the DagBag from /opt/airflow/dags/dag_etl_camara_diario.py
[2026-07-13T21:59:55.158+0000] {processor.py:840} INFO - DAG(s) 'dag_etl_camara_diario' retrieved from /opt/airflow/dags/dag_etl_camara_diario.py
[2026-07-13T21:59:55.179+0000] {logging_mixin.py:188} INFO - [2026-07-13T21:59:55.179+0000] {dag.py:3036} INFO - Sync 1 DAGs
[2026-07-13T21:59:55.202+0000] {logging_mixin.py:188} INFO - [2026-07-13T21:59:55.202+0000] {dag.py:3823} INFO - Setting next_dagrun for dag_etl_camara_diario to 2026-07-12 03:00:00+00:00, run_after=2026-07-13 03:00:00+00:00
[2026-07-13T21:59:55.235+0000] {processor.py:183} INFO - Processing /opt/airflow/dags/dag_etl_camara_diario.py took 0.090 seconds
[2026-07-13T22:00:25.357+0000] {processor.py:161} INFO - Started process (PID=4759) to work on /opt/airflow/dags/dag_etl_camara_diario.py
[2026-07-13T22:00:25.358+0000] {processor.py:830} INFO - Processing file /opt/airflow/dags/dag_etl_camara_diario.py for tasks to queue
[2026-07-13T22:00:25.358+0000] {logging_mixin.py:188} INFO - [2026-07-13T22:00:25.358+0000] {dagbag.py:538} INFO - Filling up the DagBag from /opt/airflow/dags/dag_etl_camara_diario.py
[2026-07-13T22:00:25.368+0000] {processor.py:840} INFO - DAG(s) 'dag_etl_camara_diario' retrieved from /opt/airflow/dags/dag_etl_camara_diario.py
[2026-07-13T22:00:25.390+0000] {logging_mixin.py:188} INFO - [2026-07-13T22:00:25.390+0000] {dag.py:3036} INFO - Sync 1 DAGs
[2026-07-13T22:00:25.411+0000] {logging_mixin.py:188} INFO - [2026-07-13T22:00:25.410+0000] {dag.py:3823} INFO - Setting next_dagrun for dag_etl_camara_diario to 2026-07-12 03:00:00+00:00, run_after=2026-07-13 03:00:00+00:00
[2026-07-13T22:00:25.439+0000] {processor.py:183} INFO - Processing /opt/airflow/dags/dag_etl_camara_diario.py took 0.084 seconds
[2026-07-13T22:00:55.564+0000] {processor.py:161} INFO - Started process (PID=4774) to work on /opt/airflow/dags/dag_etl_camara_diario.py
[2026-07-13T22:00:55.565+0000] {processor.py:830} INFO - Processing file /opt/airflow/dags/dag_etl_camara_diario.py for tasks to queue
[2026-07-13T22:00:55.565+0000] {logging_mixin.py:188} INFO - [2026-07-13T22:00:55.565+0000] {dagbag.py:538} INFO - Filling up the DagBag from /opt/airflow/dags/dag_etl_camara_diario.py
[2026-07-13T22:00:55.576+0000] {processor.py:840} INFO - DAG(s) 'dag_etl_camara_diario' retrieved from /opt/airflow/dags/dag_etl_camara_diario.py
[2026-07-13T22:00:55.598+0000] {logging_mixin.py:188} INFO - [2026-07-13T22:00:55.598+0000] {dag.py:3036} INFO - Sync 1 DAGs
[2026-07-13T22:00:55.619+0000] {logging_mixin.py:188} INFO - [2026-07-13T22:00:55.619+0000] {dag.py:3823} INFO - Setting next_dagrun for dag_etl_camara_diario to 2026-07-12 03:00:00+00:00, run_after=2026-07-13 03:00:00+00:00
[2026-07-13T22:00:55.649+0000] {processor.py:183} INFO - Processing /opt/airflow/dags/dag_etl_camara_diario.py took 0.088 seconds
[2026-07-13T22:01:25.769+0000] {processor.py:161} INFO - Started process (PID=4789) to work on /opt/airflow/dags/dag_etl_camara_diario.py
[2026-07-13T22:01:25.770+0000] {processor.py:830} INFO - Processing file /opt/airflow/dags/dag_etl_camara_diario.py for tasks to queue
[2026-07-13T22:01:25.771+0000] {logging_mixin.py:188} INFO - [2026-07-13T22:01:25.770+0000] {dagbag.py:538} INFO - Filling up the DagBag from /opt/airflow/dags/dag_etl_camara_diario.py
[2026-07-13T22:01:25.780+0000] {processor.py:840} INFO - DAG(s) 'dag_etl_camara_diario' retrieved from /opt/airflow/dags/dag_etl_camara_diario.py
[2026-07-13T22:01:25.802+0000] {logging_mixin.py:188} INFO - [2026-07-13T22:01:25.802+0000] {dag.py:3036} INFO - Sync 1 DAGs
[2026-07-13T22:01:25.823+0000] {logging_mixin.py:188} INFO - [2026-07-13T22:01:25.823+0000] {dag.py:3823} INFO - Setting next_dagrun for dag_etl_camara_diario to 2026-07-12 03:00:00+00:00, run_after=2026-07-13 03:00:00+00:00
[2026-07-13T22:01:25.858+0000] {processor.py:183} INFO - Processing /opt/airflow/dags/dag_etl_camara_diario.py took 0.092 seconds
[2026-07-13T22:01:55.986+0000] {processor.py:161} INFO - Started process (PID=4804) to work on /opt/airflow/dags/dag_etl_camara_diario.py
[2026-07-13T22:01:55.987+0000] {processor.py:830} INFO - Processing file /opt/airflow/dags/dag_etl_camara_diario.py for tasks to queue
[2026-07-13T22:01:55.987+0000] {logging_mixin.py:188} INFO - [2026-07-13T22:01:55.987+0000] {dagbag.py:538} INFO - Filling up the DagBag from /opt/airflow/dags/dag_etl_camara_diario.py
[2026-07-13T22:01:55.996+0000] {processor.py:840} INFO - DAG(s) 'dag_etl_camara_diario' retrieved from /opt/airflow/dags/dag_etl_camara_diario.py
[2026-07-13T22:01:56.018+0000] {logging_mixin.py:188} INFO - [2026-07-13T22:01:56.018+0000] {dag.py:3036} INFO - Sync 1 DAGs
[2026-07-13T22:01:56.039+0000] {logging_mixin.py:188} INFO - [2026-07-13T22:01:56.039+0000] {dag.py:3823} INFO - Setting next_dagrun for dag_etl_camara_diario to 2026-07-12 03:00:00+00:00, run_after=2026-07-13 03:00:00+00:00
[2026-07-13T22:01:56.071+0000] {processor.py:183} INFO - Processing /opt/airflow/dags/dag_etl_camara_diario.py took 0.088 seconds
[2026-07-13T22:02:26.196+0000] {processor.py:161} INFO - Started process (PID=4819) to work on /opt/airflow/dags/dag_etl_camara_diario.py
[2026-07-13T22:02:26.197+0000] {processor.py:830} INFO - Processing file /opt/airflow/dags/dag_etl_camara_diario.py for tasks to queue
[2026-07-13T22:02:26.198+0000] {logging_mixin.py:188} INFO - [2026-07-13T22:02:26.198+0000] {dagbag.py:538} INFO - Filling up the DagBag from /opt/airflow/dags/dag_etl_camara_diario.py
[2026-07-13T22:02:26.208+0000] {processor.py:840} INFO - DAG(s) 'dag_etl_camara_diario' retrieved from /opt/airflow/dags/dag_etl_camara_diario.py
[2026-07-13T22:02:26.229+0000] {logging_mixin.py:188} INFO - [2026-07-13T22:02:26.229+0000] {dag.py:3036} INFO - Sync 1 DAGs
[2026-07-13T22:02:26.250+0000] {logging_mixin.py:188} INFO - [2026-07-13T22:02:26.249+0000] {dag.py:3823} INFO - Setting next_dagrun for dag_etl_camara_diario to 2026-07-12 03:00:00+00:00, run_after=2026-07-13 03:00:00+00:00
[2026-07-13T22:02:26.284+0000] {processor.py:183} INFO - Processing /opt/airflow/dags/dag_etl_camara_diario.py took 0.090 seconds
[2026-07-13T22:03:41.097+0000] {processor.py:161} INFO - Started process (PID=167) to work on /opt/airflow/dags/dag_etl_camara_diario.py
[2026-07-13T22:03:41.098+0000] {processor.py:830} INFO - Processing file /opt/airflow/dags/dag_etl_camara_diario.py for tasks to queue
[2026-07-13T22:03:41.099+0000] {logging_mixin.py:188} INFO - [2026-07-13T22:03:41.099+0000] {dagbag.py:538} INFO - Filling up the DagBag from /opt/airflow/dags/dag_etl_camara_diario.py
[2026-07-13T22:03:41.113+0000] {processor.py:840} INFO - DAG(s) 'dag_etl_camara_diario' retrieved from /opt/airflow/dags/dag_etl_camara_diario.py
[2026-07-13T22:03:41.149+0000] {logging_mixin.py:188} INFO - [2026-07-13T22:03:41.149+0000] {dag.py:3036} INFO - Sync 1 DAGs
[2026-07-13T22:03:41.195+0000] {logging_mixin.py:188} INFO - [2026-07-13T22:03:41.195+0000] {dag.py:3823} INFO - Setting next_dagrun for dag_etl_camara_diario to 2026-07-12 03:00:00+00:00, run_after=2026-07-13 03:00:00+00:00
[2026-07-13T22:03:41.221+0000] {processor.py:183} INFO - Processing /opt/airflow/dags/dag_etl_camara_diario.py took 0.126 seconds
[2026-07-13T22:04:11.349+0000] {processor.py:161} INFO - Started process (PID=183) to work on /opt/airflow/dags/dag_etl_camara_diario.py
[2026-07-13T22:04:11.350+0000] {processor.py:830} INFO - Processing file /opt/airflow/dags/dag_etl_camara_diario.py for tasks to queue
[2026-07-13T22:04:11.350+0000] {logging_mixin.py:188} INFO - [2026-07-13T22:04:11.350+0000] {dagbag.py:538} INFO - Filling up the DagBag from /opt/airflow/dags/dag_etl_camara_diario.py
[2026-07-13T22:04:11.359+0000] {processor.py:840} INFO - DAG(s) 'dag_etl_camara_diario' retrieved from /opt/airflow/dags/dag_etl_camara_diario.py
[2026-07-13T22:04:11.379+0000] {logging_mixin.py:188} INFO - [2026-07-13T22:04:11.379+0000] {dag.py:3036} INFO - Sync 1 DAGs
[2026-07-13T22:04:11.398+0000] {logging_mixin.py:188} INFO - [2026-07-13T22:04:11.397+0000] {dag.py:3823} INFO - Setting next_dagrun for dag_etl_camara_diario to 2026-07-12 03:00:00+00:00, run_after=2026-07-13 03:00:00+00:00
[2026-07-13T22:04:11.421+0000] {processor.py:183} INFO - Processing /opt/airflow/dags/dag_etl_camara_diario.py took 0.074 seconds
[2026-07-13T22:04:41.544+0000] {processor.py:161} INFO - Started process (PID=198) to work on /opt/airflow/dags/dag_etl_camara_diario.py
[2026-07-13T22:04:41.544+0000] {processor.py:830} INFO - Processing file /opt/airflow/dags/dag_etl_camara_diario.py for tasks to queue
[2026-07-13T22:04:41.545+0000] {logging_mixin.py:188} INFO - [2026-07-13T22:04:41.545+0000] {dagbag.py:538} INFO - Filling up the DagBag from /opt/airflow/dags/dag_etl_camara_diario.py
[2026-07-13T22:04:41.556+0000] {processor.py:840} INFO - DAG(s) 'dag_etl_camara_diario' retrieved from /opt/airflow/dags/dag_etl_camara_diario.py
[2026-07-13T22:04:41.577+0000] {logging_mixin.py:188} INFO - [2026-07-13T22:04:41.577+0000] {dag.py:3036} INFO - Sync 1 DAGs
[2026-07-13T22:04:41.599+0000] {logging_mixin.py:188} INFO - [2026-07-13T22:04:41.598+0000] {dag.py:3823} INFO - Setting next_dagrun for dag_etl_camara_diario to 2026-07-12 03:00:00+00:00, run_after=2026-07-13 03:00:00+00:00
[2026-07-13T22:04:41.615+0000] {processor.py:183} INFO - Processing /opt/airflow/dags/dag_etl_camara_diario.py took 0.074 seconds
[2026-07-13T22:05:11.730+0000] {processor.py:161} INFO - Started process (PID=213) to work on /opt/airflow/dags/dag_etl_camara_diario.py
[2026-07-13T22:05:11.730+0000] {processor.py:830} INFO - Processing file /opt/airflow/dags/dag_etl_camara_diario.py for tasks to queue
[2026-07-13T22:05:11.731+0000] {logging_mixin.py:188} INFO - [2026-07-13T22:05:11.730+0000] {dagbag.py:538} INFO - Filling up the DagBag from /opt/airflow/dags/dag_etl_camara_diario.py
[2026-07-13T22:05:11.739+0000] {processor.py:840} INFO - DAG(s) 'dag_etl_camara_diario' retrieved from /opt/airflow/dags/dag_etl_camara_diario.py
[2026-07-13T22:05:11.759+0000] {logging_mixin.py:188} INFO - [2026-07-13T22:05:11.758+0000] {dag.py:3036} INFO - Sync 1 DAGs
[2026-07-13T22:05:11.777+0000] {logging_mixin.py:188} INFO - [2026-07-13T22:05:11.777+0000] {dag.py:3823} INFO - Setting next_dagrun for dag_etl_camara_diario to 2026-07-12 03:00:00+00:00, run_after=2026-07-13 03:00:00+00:00
[2026-07-13T22:05:11.794+0000] {processor.py:183} INFO - Processing /opt/airflow/dags/dag_etl_camara_diario.py took 0.067 seconds
[2026-07-13T22:05:41.920+0000] {processor.py:161} INFO - Started process (PID=228) to work on /opt/airflow/dags/dag_etl_camara_diario.py
[2026-07-13T22:05:41.920+0000] {processor.py:830} INFO - Processing file /opt/airflow/dags/dag_etl_camara_diario.py for tasks to queue
[2026-07-13T22:05:41.921+0000] {logging_mixin.py:188} INFO - [2026-07-13T22:05:41.921+0000] {dagbag.py:538} INFO - Filling up the DagBag from /opt/airflow/dags/dag_etl_camara_diario.py
[2026-07-13T22:05:41.930+0000] {processor.py:840} INFO - DAG(s) 'dag_etl_camara_diario' retrieved from /opt/airflow/dags/dag_etl_camara_diario.py
[2026-07-13T22:05:41.950+0000] {logging_mixin.py:188} INFO - [2026-07-13T22:05:41.950+0000] {dag.py:3036} INFO - Sync 1 DAGs
[2026-07-13T22:05:41.970+0000] {logging_mixin.py:188} INFO - [2026-07-13T22:05:41.970+0000] {dag.py:3823} INFO - Setting next_dagrun for dag_etl_camara_diario to 2026-07-12 03:00:00+00:00, run_after=2026-07-13 03:00:00+00:00
[2026-07-13T22:05:41.986+0000] {processor.py:183} INFO - Processing /opt/airflow/dags/dag_etl_camara_diario.py took 0.068 seconds
[2026-07-13T22:06:12.105+0000] {processor.py:161} INFO - Started process (PID=243) to work on /opt/airflow/dags/dag_etl_camara_diario.py
[2026-07-13T22:06:12.106+0000] {processor.py:830} INFO - Processing file /opt/airflow/dags/dag_etl_camara_diario.py for tasks to queue
[2026-07-13T22:06:12.107+0000] {logging_mixin.py:188} INFO - [2026-07-13T22:06:12.106+0000] {dagbag.py:538} INFO - Filling up the DagBag from /opt/airflow/dags/dag_etl_camara_diario.py
[2026-07-13T22:06:12.115+0000] {processor.py:840} INFO - DAG(s) 'dag_etl_camara_diario' retrieved from /opt/airflow/dags/dag_etl_camara_diario.py
[2026-07-13T22:06:12.134+0000] {logging_mixin.py:188} INFO - [2026-07-13T22:06:12.134+0000] {dag.py:3036} INFO - Sync 1 DAGs
[2026-07-13T22:06:12.155+0000] {logging_mixin.py:188} INFO - [2026-07-13T22:06:12.155+0000] {dag.py:3823} INFO - Setting next_dagrun for dag_etl_camara_diario to 2026-07-12 03:00:00+00:00, run_after=2026-07-13 03:00:00+00:00
[2026-07-13T22:06:12.173+0000] {processor.py:183} INFO - Processing /opt/airflow/dags/dag_etl_camara_diario.py took 0.070 seconds
[2026-07-13T22:06:42.294+0000] {processor.py:161} INFO - Started process (PID=258) to work on /opt/airflow/dags/dag_etl_camara_diario.py
[2026-07-13T22:06:42.295+0000] {processor.py:830} INFO - Processing file /opt/airflow/dags/dag_etl_camara_diario.py for tasks to queue
[2026-07-13T22:06:42.296+0000] {logging_mixin.py:188} INFO - [2026-07-13T22:06:42.295+0000] {dagbag.py:538} INFO - Filling up the DagBag from /opt/airflow/dags/dag_etl_camara_diario.py
[2026-07-13T22:06:42.304+0000] {processor.py:840} INFO - DAG(s) 'dag_etl_camara_diario' retrieved from /opt/airflow/dags/dag_etl_camara_diario.py
[2026-07-13T22:06:42.325+0000] {logging_mixin.py:188} INFO - [2026-07-13T22:06:42.325+0000] {dag.py:3036} INFO - Sync 1 DAGs
[2026-07-13T22:06:42.344+0000] {logging_mixin.py:188} INFO - [2026-07-13T22:06:42.344+0000] {dag.py:3823} INFO - Setting next_dagrun for dag_etl_camara_diario to 2026-07-12 03:00:00+00:00, run_after=2026-07-13 03:00:00+00:00
[2026-07-13T22:06:42.357+0000] {processor.py:183} INFO - Processing /opt/airflow/dags/dag_etl_camara_diario.py took 0.066 seconds
[2026-07-13T22:07:12.474+0000] {processor.py:161} INFO - Started process (PID=273) to work on /opt/airflow/dags/dag_etl_camara_diario.py
[2026-07-13T22:07:12.475+0000] {processor.py:830} INFO - Processing file /opt/airflow/dags/dag_etl_camara_diario.py for tasks to queue
[2026-07-13T22:07:12.475+0000] {logging_mixin.py:188} INFO - [2026-07-13T22:07:12.475+0000] {dagbag.py:538} INFO - Filling up the DagBag from /opt/airflow/dags/dag_etl_camara_diario.py
[2026-07-13T22:07:12.483+0000] {processor.py:840} INFO - DAG(s) 'dag_etl_camara_diario' retrieved from /opt/airflow/dags/dag_etl_camara_diario.py
[2026-07-13T22:07:12.502+0000] {logging_mixin.py:188} INFO - [2026-07-13T22:07:12.502+0000] {dag.py:3036} INFO - Sync 1 DAGs
[2026-07-13T22:07:12.521+0000] {logging_mixin.py:188} INFO - [2026-07-13T22:07:12.520+0000] {dag.py:3823} INFO - Setting next_dagrun for dag_etl_camara_diario to 2026-07-12 03:00:00+00:00, run_after=2026-07-13 03:00:00+00:00
[2026-07-13T22:07:12.563+0000] {processor.py:183} INFO - Processing /opt/airflow/dags/dag_etl_camara_diario.py took 0.092 seconds
[2026-07-13T22:07:42.685+0000] {processor.py:161} INFO - Started process (PID=288) to work on /opt/airflow/dags/dag_etl_camara_diario.py
[2026-07-13T22:07:42.686+0000] {processor.py:830} INFO - Processing file /opt/airflow/dags/dag_etl_camara_diario.py for tasks to queue
[2026-07-13T22:07:42.686+0000] {logging_mixin.py:188} INFO - [2026-07-13T22:07:42.686+0000] {dagbag.py:538} INFO - Filling up the DagBag from /opt/airflow/dags/dag_etl_camara_diario.py
[2026-07-13T22:07:42.695+0000] {processor.py:840} INFO - DAG(s) 'dag_etl_camara_diario' retrieved from /opt/airflow/dags/dag_etl_camara_diario.py
[2026-07-13T22:07:42.716+0000] {logging_mixin.py:188} INFO - [2026-07-13T22:07:42.716+0000] {dag.py:3036} INFO - Sync 1 DAGs
[2026-07-13T22:07:42.737+0000] {logging_mixin.py:188} INFO - [2026-07-13T22:07:42.736+0000] {dag.py:3823} INFO - Setting next_dagrun for dag_etl_camara_diario to 2026-07-12 03:00:00+00:00, run_after=2026-07-13 03:00:00+00:00
[2026-07-13T22:07:42.776+0000] {processor.py:183} INFO - Processing /opt/airflow/dags/dag_etl_camara_diario.py took 0.094 seconds
[2026-07-13T22:08:12.898+0000] {processor.py:161} INFO - Started process (PID=303) to work on /opt/airflow/dags/dag_etl_camara_diario.py
[2026-07-13T22:08:12.898+0000] {processor.py:830} INFO - Processing file /opt/airflow/dags/dag_etl_camara_diario.py for tasks to queue
[2026-07-13T22:08:12.899+0000] {logging_mixin.py:188} INFO - [2026-07-13T22:08:12.898+0000] {dagbag.py:538} INFO - Filling up the DagBag from /opt/airflow/dags/dag_etl_camara_diario.py
[2026-07-13T22:08:12.908+0000] {processor.py:840} INFO - DAG(s) 'dag_etl_camara_diario' retrieved from /opt/airflow/dags/dag_etl_camara_diario.py
[2026-07-13T22:08:12.928+0000] {logging_mixin.py:188} INFO - [2026-07-13T22:08:12.928+0000] {dag.py:3036} INFO - Sync 1 DAGs
[2026-07-13T22:08:12.949+0000] {logging_mixin.py:188} INFO - [2026-07-13T22:08:12.949+0000] {dag.py:3823} INFO - Setting next_dagrun for dag_etl_camara_diario to 2026-07-12 03:00:00+00:00, run_after=2026-07-13 03:00:00+00:00
[2026-07-13T22:08:12.980+0000] {processor.py:183} INFO - Processing /opt/airflow/dags/dag_etl_camara_diario.py took 0.085 seconds
[2026-07-13T22:08:43.104+0000] {processor.py:161} INFO - Started process (PID=318) to work on /opt/airflow/dags/dag_etl_camara_diario.py
[2026-07-13T22:08:43.105+0000] {processor.py:830} INFO - Processing file /opt/airflow/dags/dag_etl_camara_diario.py for tasks to queue
[2026-07-13T22:08:43.105+0000] {logging_mixin.py:188} INFO - [2026-07-13T22:08:43.105+0000] {dagbag.py:538} INFO - Filling up the DagBag from /opt/airflow/dags/dag_etl_camara_diario.py
[2026-07-13T22:08:43.114+0000] {processor.py:840} INFO - DAG(s) 'dag_etl_camara_diario' retrieved from /opt/airflow/dags/dag_etl_camara_diario.py
[2026-07-13T22:08:43.135+0000] {logging_mixin.py:188} INFO - [2026-07-13T22:08:43.135+0000] {dag.py:3036} INFO - Sync 1 DAGs
[2026-07-13T22:08:43.157+0000] {logging_mixin.py:188} INFO - [2026-07-13T22:08:43.157+0000] {dag.py:3823} INFO - Setting next_dagrun for dag_etl_camara_diario to 2026-07-12 03:00:00+00:00, run_after=2026-07-13 03:00:00+00:00
[2026-07-13T22:08:43.195+0000] {processor.py:183} INFO - Processing /opt/airflow/dags/dag_etl_camara_diario.py took 0.094 seconds
[2026-07-13T22:09:13.318+0000] {processor.py:161} INFO - Started process (PID=333) to work on /opt/airflow/dags/dag_etl_camara_diario.py
[2026-07-13T22:09:13.319+0000] {processor.py:830} INFO - Processing file /opt/airflow/dags/dag_etl_camara_diario.py for tasks to queue
[2026-07-13T22:09:13.320+0000] {logging_mixin.py:188} INFO - [2026-07-13T22:09:13.319+0000] {dagbag.py:538} INFO - Filling up the DagBag from /opt/airflow/dags/dag_etl_camara_diario.py
[2026-07-13T22:09:13.329+0000] {processor.py:840} INFO - DAG(s) 'dag_etl_camara_diario' retrieved from /opt/airflow/dags/dag_etl_camara_diario.py
[2026-07-13T22:09:13.348+0000] {logging_mixin.py:188} INFO - [2026-07-13T22:09:13.348+0000] {dag.py:3036} INFO - Sync 1 DAGs
[2026-07-13T22:09:13.368+0000] {logging_mixin.py:188} INFO - [2026-07-13T22:09:13.368+0000] {dag.py:3823} INFO - Setting next_dagrun for dag_etl_camara_diario to 2026-07-12 03:00:00+00:00, run_after=2026-07-13 03:00:00+00:00
[2026-07-13T22:09:13.407+0000] {processor.py:183} INFO - Processing /opt/airflow/dags/dag_etl_camara_diario.py took 0.092 seconds
[2026-07-13T22:09:43.530+0000] {processor.py:161} INFO - Started process (PID=348) to work on /opt/airflow/dags/dag_etl_camara_diario.py
[2026-07-13T22:09:43.531+0000] {processor.py:830} INFO - Processing file /opt/airflow/dags/dag_etl_camara_diario.py for tasks to queue
[2026-07-13T22:09:43.531+0000] {logging_mixin.py:188} INFO - [2026-07-13T22:09:43.531+0000] {dagbag.py:538} INFO - Filling up the DagBag from /opt/airflow/dags/dag_etl_camara_diario.py
[2026-07-13T22:09:43.540+0000] {processor.py:840} INFO - DAG(s) 'dag_etl_camara_diario' retrieved from /opt/airflow/dags/dag_etl_camara_diario.py
[2026-07-13T22:09:43.560+0000] {logging_mixin.py:188} INFO - [2026-07-13T22:09:43.560+0000] {dag.py:3036} INFO - Sync 1 DAGs
[2026-07-13T22:09:43.579+0000] {logging_mixin.py:188} INFO - [2026-07-13T22:09:43.579+0000] {dag.py:3823} INFO - Setting next_dagrun for dag_etl_camara_diario to 2026-07-12 03:00:00+00:00, run_after=2026-07-13 03:00:00+00:00
[2026-07-13T22:09:43.622+0000] {processor.py:183} INFO - Processing /opt/airflow/dags/dag_etl_camara_diario.py took 0.094 seconds
[2026-07-13T22:10:13.739+0000] {processor.py:161} INFO - Started process (PID=363) to work on /opt/airflow/dags/dag_etl_camara_diario.py
[2026-07-13T22:10:13.740+0000] {processor.py:830} INFO - Processing file /opt/airflow/dags/dag_etl_camara_diario.py for tasks to queue
[2026-07-13T22:10:13.740+0000] {logging_mixin.py:188} INFO - [2026-07-13T22:10:13.740+0000] {dagbag.py:538} INFO - Filling up the DagBag from /opt/airflow/dags/dag_etl_camara_diario.py
[2026-07-13T22:10:13.748+0000] {processor.py:840} INFO - DAG(s) 'dag_etl_camara_diario' retrieved from /opt/airflow/dags/dag_etl_camara_diario.py
[2026-07-13T22:10:13.768+0000] {logging_mixin.py:188} INFO - [2026-07-13T22:10:13.767+0000] {dag.py:3036} INFO - Sync 1 DAGs
[2026-07-13T22:10:13.787+0000] {logging_mixin.py:188} INFO - [2026-07-13T22:10:13.787+0000] {dag.py:3823} INFO - Setting next_dagrun for dag_etl_camara_diario to 2026-07-12 03:00:00+00:00, run_after=2026-07-13 03:00:00+00:00
[2026-07-13T22:10:13.831+0000] {processor.py:183} INFO - Processing /opt/airflow/dags/dag_etl_camara_diario.py took 0.094 seconds
[2026-07-13T22:10:43.950+0000] {processor.py:161} INFO - Started process (PID=378) to work on /opt/airflow/dags/dag_etl_camara_diario.py
[2026-07-13T22:10:43.951+0000] {processor.py:830} INFO - Processing file /opt/airflow/dags/dag_etl_camara_diario.py for tasks to queue
[2026-07-13T22:10:43.951+0000] {logging_mixin.py:188} INFO - [2026-07-13T22:10:43.951+0000] {dagbag.py:538} INFO - Filling up the DagBag from /opt/airflow/dags/dag_etl_camara_diario.py
[2026-07-13T22:10:43.960+0000] {processor.py:840} INFO - DAG(s) 'dag_etl_camara_diario' retrieved from /opt/airflow/dags/dag_etl_camara_diario.py
[2026-07-13T22:10:43.980+0000] {logging_mixin.py:188} INFO - [2026-07-13T22:10:43.980+0000] {dag.py:3036} INFO - Sync 1 DAGs
[2026-07-13T22:10:44.000+0000] {logging_mixin.py:188} INFO - [2026-07-13T22:10:43.999+0000] {dag.py:3823} INFO - Setting next_dagrun for dag_etl_camara_diario to 2026-07-12 03:00:00+00:00, run_after=2026-07-13 03:00:00+00:00
[2026-07-13T22:10:44.042+0000] {processor.py:183} INFO - Processing /opt/airflow/dags/dag_etl_camara_diario.py took 0.094 seconds
[2026-07-13T22:11:14.160+0000] {processor.py:161} INFO - Started process (PID=393) to work on /opt/airflow/dags/dag_etl_camara_diario.py
[2026-07-13T22:11:14.161+0000] {processor.py:830} INFO - Processing file /opt/airflow/dags/dag_etl_camara_diario.py for tasks to queue
[2026-07-13T22:11:14.161+0000] {logging_mixin.py:188} INFO - [2026-07-13T22:11:14.161+0000] {dagbag.py:538} INFO - Filling up the DagBag from /opt/airflow/dags/dag_etl_camara_diario.py
[2026-07-13T22:11:14.170+0000] {processor.py:840} INFO - DAG(s) 'dag_etl_camara_diario' retrieved from /opt/airflow/dags/dag_etl_camara_diario.py
[2026-07-13T22:11:14.192+0000] {logging_mixin.py:188} INFO - [2026-07-13T22:11:14.191+0000] {dag.py:3036} INFO - Sync 1 DAGs
[2026-07-13T22:11:14.214+0000] {logging_mixin.py:188} INFO - [2026-07-13T22:11:14.214+0000] {dag.py:3823} INFO - Setting next_dagrun for dag_etl_camara_diario to 2026-07-12 03:00:00+00:00, run_after=2026-07-13 03:00:00+00:00
[2026-07-13T22:11:14.237+0000] {processor.py:183} INFO - Processing /opt/airflow/dags/dag_etl_camara_diario.py took 0.079 seconds
[2026-07-13T22:11:44.360+0000] {processor.py:161} INFO - Started process (PID=408) to work on /opt/airflow/dags/dag_etl_camara_diario.py
[2026-07-13T22:11:44.361+0000] {processor.py:830} INFO - Processing file /opt/airflow/dags/dag_etl_camara_diario.py for tasks to queue
[2026-07-13T22:11:44.362+0000] {logging_mixin.py:188} INFO - [2026-07-13T22:11:44.362+0000] {dagbag.py:538} INFO - Filling up the DagBag from /opt/airflow/dags/dag_etl_camara_diario.py
[2026-07-13T22:11:44.371+0000] {processor.py:840} INFO - DAG(s) 'dag_etl_camara_diario' retrieved from /opt/airflow/dags/dag_etl_camara_diario.py
[2026-07-13T22:11:44.392+0000] {logging_mixin.py:188} INFO - [2026-07-13T22:11:44.392+0000] {dag.py:3036} INFO - Sync 1 DAGs
[2026-07-13T22:11:44.414+0000] {logging_mixin.py:188} INFO - [2026-07-13T22:11:44.414+0000] {dag.py:3823} INFO - Setting next_dagrun for dag_etl_camara_diario to 2026-07-12 03:00:00+00:00, run_after=2026-07-13 03:00:00+00:00
[2026-07-13T22:11:44.428+0000] {processor.py:183} INFO - Processing /opt/airflow/dags/dag_etl_camara_diario.py took 0.070 seconds
[2026-07-13T22:12:14.541+0000] {processor.py:161} INFO - Started process (PID=423) to work on /opt/airflow/dags/dag_etl_camara_diario.py
[2026-07-13T22:12:14.541+0000] {processor.py:830} INFO - Processing file /opt/airflow/dags/dag_etl_camara_diario.py for tasks to queue
[2026-07-13T22:12:14.542+0000] {logging_mixin.py:188} INFO - [2026-07-13T22:12:14.542+0000] {dagbag.py:538} INFO - Filling up the DagBag from /opt/airflow/dags/dag_etl_camara_diario.py
[2026-07-13T22:12:14.551+0000] {processor.py:840} INFO - DAG(s) 'dag_etl_camara_diario' retrieved from /opt/airflow/dags/dag_etl_camara_diario.py
[2026-07-13T22:12:14.571+0000] {logging_mixin.py:188} INFO - [2026-07-13T22:12:14.571+0000] {dag.py:3036} INFO - Sync 1 DAGs
[2026-07-13T22:12:14.592+0000] {logging_mixin.py:188} INFO - [2026-07-13T22:12:14.592+0000] {dag.py:3823} INFO - Setting next_dagrun for dag_etl_camara_diario to 2026-07-12 03:00:00+00:00, run_after=2026-07-13 03:00:00+00:00
[2026-07-13T22:12:14.606+0000] {processor.py:183} INFO - Processing /opt/airflow/dags/dag_etl_camara_diario.py took 0.068 seconds
[2026-07-13T22:12:44.723+0000] {processor.py:161} INFO - Started process (PID=438) to work on /opt/airflow/dags/dag_etl_camara_diario.py
[2026-07-13T22:12:44.724+0000] {processor.py:830} INFO - Processing file /opt/airflow/dags/dag_etl_camara_diario.py for tasks to queue
[2026-07-13T22:12:44.724+0000] {logging_mixin.py:188} INFO - [2026-07-13T22:12:44.724+0000] {dagbag.py:538} INFO - Filling up the DagBag from /opt/airflow/dags/dag_etl_camara_diario.py
[2026-07-13T22:12:44.733+0000] {processor.py:840} INFO - DAG(s) 'dag_etl_camara_diario' retrieved from /opt/airflow/dags/dag_etl_camara_diario.py
[2026-07-13T22:12:44.752+0000] {logging_mixin.py:188} INFO - [2026-07-13T22:12:44.752+0000] {dag.py:3036} INFO - Sync 1 DAGs
[2026-07-13T22:12:44.773+0000] {logging_mixin.py:188} INFO - [2026-07-13T22:12:44.773+0000] {dag.py:3823} INFO - Setting next_dagrun for dag_etl_camara_diario to 2026-07-12 03:00:00+00:00, run_after=2026-07-13 03:00:00+00:00
[2026-07-13T22:12:44.787+0000] {processor.py:183} INFO - Processing /opt/airflow/dags/dag_etl_camara_diario.py took 0.066 seconds
[2026-07-13T22:13:14.903+0000] {processor.py:161} INFO - Started process (PID=453) to work on /opt/airflow/dags/dag_etl_camara_diario.py
[2026-07-13T22:13:14.903+0000] {processor.py:830} INFO - Processing file /opt/airflow/dags/dag_etl_camara_diario.py for tasks to queue
[2026-07-13T22:13:14.904+0000] {logging_mixin.py:188} INFO - [2026-07-13T22:13:14.904+0000] {dagbag.py:538} INFO - Filling up the DagBag from /opt/airflow/dags/dag_etl_camara_diario.py
[2026-07-13T22:13:14.912+0000] {processor.py:840} INFO - DAG(s) 'dag_etl_camara_diario' retrieved from /opt/airflow/dags/dag_etl_camara_diario.py
[2026-07-13T22:13:14.934+0000] {logging_mixin.py:188} INFO - [2026-07-13T22:13:14.933+0000] {dag.py:3036} INFO - Sync 1 DAGs
[2026-07-13T22:13:14.955+0000] {logging_mixin.py:188} INFO - [2026-07-13T22:13:14.955+0000] {dag.py:3823} INFO - Setting next_dagrun for dag_etl_camara_diario to 2026-07-12 03:00:00+00:00, run_after=2026-07-13 03:00:00+00:00
[2026-07-13T22:13:14.969+0000] {processor.py:183} INFO - Processing /opt/airflow/dags/dag_etl_camara_diario.py took 0.069 seconds
[2026-07-13T22:13:45.083+0000] {processor.py:161} INFO - Started process (PID=468) to work on /opt/airflow/dags/dag_etl_camara_diario.py
[2026-07-13T22:13:45.084+0000] {processor.py:830} INFO - Processing file /opt/airflow/dags/dag_etl_camara_diario.py for tasks to queue
[2026-07-13T22:13:45.084+0000] {logging_mixin.py:188} INFO - [2026-07-13T22:13:45.084+0000] {dagbag.py:538} INFO - Filling up the DagBag from /opt/airflow/dags/dag_etl_camara_diario.py
[2026-07-13T22:13:45.093+0000] {processor.py:840} INFO - DAG(s) 'dag_etl_camara_diario' retrieved from /opt/airflow/dags/dag_etl_camara_diario.py
[2026-07-13T22:13:45.112+0000] {logging_mixin.py:188} INFO - [2026-07-13T22:13:45.112+0000] {dag.py:3036} INFO - Sync 1 DAGs
[2026-07-13T22:13:45.132+0000] {logging_mixin.py:188} INFO - [2026-07-13T22:13:45.132+0000] {dag.py:3823} INFO - Setting next_dagrun for dag_etl_camara_diario to 2026-07-12 03:00:00+00:00, run_after=2026-07-13 03:00:00+00:00
[2026-07-13T22:13:45.147+0000] {processor.py:183} INFO - Processing /opt/airflow/dags/dag_etl_camara_diario.py took 0.066 seconds
[2026-07-13T22:14:15.263+0000] {processor.py:161} INFO - Started process (PID=483) to work on /opt/airflow/dags/dag_etl_camara_diario.py
[2026-07-13T22:14:15.264+0000] {processor.py:830} INFO - Processing file /opt/airflow/dags/dag_etl_camara_diario.py for tasks to queue
[2026-07-13T22:14:15.264+0000] {logging_mixin.py:188} INFO - [2026-07-13T22:14:15.264+0000] {dagbag.py:538} INFO - Filling up the DagBag from /opt/airflow/dags/dag_etl_camara_diario.py
[2026-07-13T22:14:15.273+0000] {processor.py:840} INFO - DAG(s) 'dag_etl_camara_diario' retrieved from /opt/airflow/dags/dag_etl_camara_diario.py
[2026-07-13T22:14:15.294+0000] {logging_mixin.py:188} INFO - [2026-07-13T22:14:15.293+0000] {dag.py:3036} INFO - Sync 1 DAGs
[2026-07-13T22:14:15.317+0000] {logging_mixin.py:188} INFO - [2026-07-13T22:14:15.317+0000] {dag.py:3823} INFO - Setting next_dagrun for dag_etl_camara_diario to 2026-07-12 03:00:00+00:00, run_after=2026-07-13 03:00:00+00:00
[2026-07-13T22:14:15.358+0000] {processor.py:183} INFO - Processing /opt/airflow/dags/dag_etl_camara_diario.py took 0.098 seconds
[2026-07-13T22:14:45.477+0000] {processor.py:161} INFO - Started process (PID=498) to work on /opt/airflow/dags/dag_etl_camara_diario.py
[2026-07-13T22:14:45.478+0000] {processor.py:830} INFO - Processing file /opt/airflow/dags/dag_etl_camara_diario.py for tasks to queue
[2026-07-13T22:14:45.478+0000] {logging_mixin.py:188} INFO - [2026-07-13T22:14:45.478+0000] {dagbag.py:538} INFO - Filling up the DagBag from /opt/airflow/dags/dag_etl_camara_diario.py
[2026-07-13T22:14:45.487+0000] {processor.py:840} INFO - DAG(s) 'dag_etl_camara_diario' retrieved from /opt/airflow/dags/dag_etl_camara_diario.py
[2026-07-13T22:14:45.507+0000] {logging_mixin.py:188} INFO - [2026-07-13T22:14:45.507+0000] {dag.py:3036} INFO - Sync 1 DAGs
[2026-07-13T22:14:45.528+0000] {logging_mixin.py:188} INFO - [2026-07-13T22:14:45.528+0000] {dag.py:3823} INFO - Setting next_dagrun for dag_etl_camara_diario to 2026-07-12 03:00:00+00:00, run_after=2026-07-13 03:00:00+00:00
[2026-07-13T22:14:45.569+0000] {processor.py:183} INFO - Processing /opt/airflow/dags/dag_etl_camara_diario.py took 0.094 seconds
[2026-07-13T22:15:15.689+0000] {processor.py:161} INFO - Started process (PID=513) to work on /opt/airflow/dags/dag_etl_camara_diario.py
[2026-07-13T22:15:15.689+0000] {processor.py:830} INFO - Processing file /opt/airflow/dags/dag_etl_camara_diario.py for tasks to queue
[2026-07-13T22:15:15.690+0000] {logging_mixin.py:188} INFO - [2026-07-13T22:15:15.690+0000] {dagbag.py:538} INFO - Filling up the DagBag from /opt/airflow/dags/dag_etl_camara_diario.py
[2026-07-13T22:15:15.698+0000] {processor.py:840} INFO - DAG(s) 'dag_etl_camara_diario' retrieved from /opt/airflow/dags/dag_etl_camara_diario.py
[2026-07-13T22:15:15.718+0000] {logging_mixin.py:188} INFO - [2026-07-13T22:15:15.718+0000] {dag.py:3036} INFO - Sync 1 DAGs
[2026-07-13T22:15:15.739+0000] {logging_mixin.py:188} INFO - [2026-07-13T22:15:15.738+0000] {dag.py:3823} INFO - Setting next_dagrun for dag_etl_camara_diario to 2026-07-12 03:00:00+00:00, run_after=2026-07-13 03:00:00+00:00
[2026-07-13T22:15:15.780+0000] {processor.py:183} INFO - Processing /opt/airflow/dags/dag_etl_camara_diario.py took 0.094 seconds
[2026-07-13T22:15:45.900+0000] {processor.py:161} INFO - Started process (PID=528) to work on /opt/airflow/dags/dag_etl_camara_diario.py
[2026-07-13T22:15:45.901+0000] {processor.py:830} INFO - Processing file /opt/airflow/dags/dag_etl_camara_diario.py for tasks to queue
[2026-07-13T22:15:45.901+0000] {logging_mixin.py:188} INFO - [2026-07-13T22:15:45.901+0000] {dagbag.py:538} INFO - Filling up the DagBag from /opt/airflow/dags/dag_etl_camara_diario.py
[2026-07-13T22:15:45.910+0000] {processor.py:840} INFO - DAG(s) 'dag_etl_camara_diario' retrieved from /opt/airflow/dags/dag_etl_camara_diario.py
[2026-07-13T22:15:45.929+0000] {logging_mixin.py:188} INFO - [2026-07-13T22:15:45.929+0000] {dag.py:3036} INFO - Sync 1 DAGs
[2026-07-13T22:15:45.948+0000] {logging_mixin.py:188} INFO - [2026-07-13T22:15:45.948+0000] {dag.py:3823} INFO - Setting next_dagrun for dag_etl_camara_diario to 2026-07-12 03:00:00+00:00, run_after=2026-07-13 03:00:00+00:00
[2026-07-13T22:15:45.991+0000] {processor.py:183} INFO - Processing /opt/airflow/dags/dag_etl_camara_diario.py took 0.094 seconds
[2026-07-13T22:16:16.110+0000] {processor.py:161} INFO - Started process (PID=543) to work on /opt/airflow/dags/dag_etl_camara_diario.py
[2026-07-13T22:16:16.111+0000] {processor.py:830} INFO - Processing file /opt/airflow/dags/dag_etl_camara_diario.py for tasks to queue
[2026-07-13T22:16:16.111+0000] {logging_mixin.py:188} INFO - [2026-07-13T22:16:16.111+0000] {dagbag.py:538} INFO - Filling up the DagBag from /opt/airflow/dags/dag_etl_camara_diario.py
[2026-07-13T22:16:16.120+0000] {processor.py:840} INFO - DAG(s) 'dag_etl_camara_diario' retrieved from /opt/airflow/dags/dag_etl_camara_diario.py
[2026-07-13T22:16:16.140+0000] {logging_mixin.py:188} INFO - [2026-07-13T22:16:16.139+0000] {dag.py:3036} INFO - Sync 1 DAGs
[2026-07-13T22:16:16.159+0000] {logging_mixin.py:188} INFO - [2026-07-13T22:16:16.159+0000] {dag.py:3823} INFO - Setting next_dagrun for dag_etl_camara_diario to 2026-07-12 03:00:00+00:00, run_after=2026-07-13 03:00:00+00:00
[2026-07-13T22:16:16.201+0000] {processor.py:183} INFO - Processing /opt/airflow/dags/dag_etl_camara_diario.py took 0.093 seconds
[2026-07-13T22:16:46.319+0000] {processor.py:161} INFO - Started process (PID=558) to work on /opt/airflow/dags/dag_etl_camara_diario.py
[2026-07-13T22:16:46.320+0000] {processor.py:830} INFO - Processing file /opt/airflow/dags/dag_etl_camara_diario.py for tasks to queue
[2026-07-13T22:16:46.320+0000] {logging_mixin.py:188} INFO - [2026-07-13T22:16:46.320+0000] {dagbag.py:538} INFO - Filling up the DagBag from /opt/airflow/dags/dag_etl_camara_diario.py
[2026-07-13T22:16:46.329+0000] {processor.py:840} INFO - DAG(s) 'dag_etl_camara_diario' retrieved from /opt/airflow/dags/dag_etl_camara_diario.py
[2026-07-13T22:16:46.349+0000] {logging_mixin.py:188} INFO - [2026-07-13T22:16:46.349+0000] {dag.py:3036} INFO - Sync 1 DAGs
[2026-07-13T22:16:46.369+0000] {logging_mixin.py:188} INFO - [2026-07-13T22:16:46.369+0000] {dag.py:3823} INFO - Setting next_dagrun for dag_etl_camara_diario to 2026-07-12 03:00:00+00:00, run_after=2026-07-13 03:00:00+00:00
[2026-07-13T22:16:46.407+0000] {processor.py:183} INFO - Processing /opt/airflow/dags/dag_etl_camara_diario.py took 0.091 seconds
[2026-07-13T22:17:16.528+0000] {processor.py:161} INFO - Started process (PID=573) to work on /opt/airflow/dags/dag_etl_camara_diario.py
[2026-07-13T22:17:16.528+0000] {processor.py:830} INFO - Processing file /opt/airflow/dags/dag_etl_camara_diario.py for tasks to queue
[2026-07-13T22:17:16.529+0000] {logging_mixin.py:188} INFO - [2026-07-13T22:17:16.528+0000] {dagbag.py:538} INFO - Filling up the DagBag from /opt/airflow/dags/dag_etl_camara_diario.py
[2026-07-13T22:17:16.537+0000] {processor.py:840} INFO - DAG(s) 'dag_etl_camara_diario' retrieved from /opt/airflow/dags/dag_etl_camara_diario.py
[2026-07-13T22:17:16.557+0000] {logging_mixin.py:188} INFO - [2026-07-13T22:17:16.556+0000] {dag.py:3036} INFO - Sync 1 DAGs
[2026-07-13T22:17:16.576+0000] {logging_mixin.py:188} INFO - [2026-07-13T22:17:16.576+0000] {dag.py:3823} INFO - Setting next_dagrun for dag_etl_camara_diario to 2026-07-12 03:00:00+00:00, run_after=2026-07-13 03:00:00+00:00
[2026-07-13T22:17:16.620+0000] {processor.py:183} INFO - Processing /opt/airflow/dags/dag_etl_camara_diario.py took 0.095 seconds
[2026-07-13T22:17:46.739+0000] {processor.py:161} INFO - Started process (PID=588) to work on /opt/airflow/dags/dag_etl_camara_diario.py
[2026-07-13T22:17:46.740+0000] {processor.py:830} INFO - Processing file /opt/airflow/dags/dag_etl_camara_diario.py for tasks to queue
[2026-07-13T22:17:46.740+0000] {logging_mixin.py:188} INFO - [2026-07-13T22:17:46.740+0000] {dagbag.py:538} INFO - Filling up the DagBag from /opt/airflow/dags/dag_etl_camara_diario.py
[2026-07-13T22:17:46.749+0000] {processor.py:840} INFO - DAG(s) 'dag_etl_camara_diario' retrieved from /opt/airflow/dags/dag_etl_camara_diario.py
[2026-07-13T22:17:46.769+0000] {logging_mixin.py:188} INFO - [2026-07-13T22:17:46.769+0000] {dag.py:3036} INFO - Sync 1 DAGs
[2026-07-13T22:17:46.791+0000] {logging_mixin.py:188} INFO - [2026-07-13T22:17:46.791+0000] {dag.py:3823} INFO - Setting next_dagrun for dag_etl_camara_diario to 2026-07-12 03:00:00+00:00, run_after=2026-07-13 03:00:00+00:00
[2026-07-13T22:17:46.834+0000] {processor.py:183} INFO - Processing /opt/airflow/dags/dag_etl_camara_diario.py took 0.097 seconds
[2026-07-13T22:18:16.953+0000] {processor.py:161} INFO - Started process (PID=603) to work on /opt/airflow/dags/dag_etl_camara_diario.py
[2026-07-13T22:18:16.953+0000] {processor.py:830} INFO - Processing file /opt/airflow/dags/dag_etl_camara_diario.py for tasks to queue
[2026-07-13T22:18:16.954+0000] {logging_mixin.py:188} INFO - [2026-07-13T22:18:16.954+0000] {dagbag.py:538} INFO - Filling up the DagBag from /opt/airflow/dags/dag_etl_camara_diario.py
[2026-07-13T22:18:16.962+0000] {processor.py:840} INFO - DAG(s) 'dag_etl_camara_diario' retrieved from /opt/airflow/dags/dag_etl_camara_diario.py
[2026-07-13T22:18:16.983+0000] {logging_mixin.py:188} INFO - [2026-07-13T22:18:16.982+0000] {dag.py:3036} INFO - Sync 1 DAGs
[2026-07-13T22:18:17.003+0000] {logging_mixin.py:188} INFO - [2026-07-13T22:18:17.003+0000] {dag.py:3823} INFO - Setting next_dagrun for dag_etl_camara_diario to 2026-07-12 03:00:00+00:00, run_after=2026-07-13 03:00:00+00:00
[2026-07-13T22:18:17.047+0000] {processor.py:183} INFO - Processing /opt/airflow/dags/dag_etl_camara_diario.py took 0.097 seconds
[2026-07-13T22:18:47.168+0000] {processor.py:161} INFO - Started process (PID=618) to work on /opt/airflow/dags/dag_etl_camara_diario.py
[2026-07-13T22:18:47.169+0000] {processor.py:830} INFO - Processing file /opt/airflow/dags/dag_etl_camara_diario.py for tasks to queue
[2026-07-13T22:18:47.169+0000] {logging_mixin.py:188} INFO - [2026-07-13T22:18:47.169+0000] {dagbag.py:538} INFO - Filling up the DagBag from /opt/airflow/dags/dag_etl_camara_diario.py
[2026-07-13T22:18:47.178+0000] {processor.py:840} INFO - DAG(s) 'dag_etl_camara_diario' retrieved from /opt/airflow/dags/dag_etl_camara_diario.py
[2026-07-13T22:18:47.197+0000] {logging_mixin.py:188} INFO - [2026-07-13T22:18:47.197+0000] {dag.py:3036} INFO - Sync 1 DAGs
[2026-07-13T22:18:47.217+0000] {logging_mixin.py:188} INFO - [2026-07-13T22:18:47.217+0000] {dag.py:3823} INFO - Setting next_dagrun for dag_etl_camara_diario to 2026-07-12 03:00:00+00:00, run_after=2026-07-13 03:00:00+00:00
[2026-07-13T22:18:47.238+0000] {processor.py:183} INFO - Processing /opt/airflow/dags/dag_etl_camara_diario.py took 0.073 seconds
[2026-07-13T22:19:17.362+0000] {processor.py:161} INFO - Started process (PID=633) to work on /opt/airflow/dags/dag_etl_camara_diario.py
[2026-07-13T22:19:17.362+0000] {processor.py:830} INFO - Processing file /opt/airflow/dags/dag_etl_camara_diario.py for tasks to queue
[2026-07-13T22:19:17.363+0000] {logging_mixin.py:188} INFO - [2026-07-13T22:19:17.362+0000] {dagbag.py:538} INFO - Filling up the DagBag from /opt/airflow/dags/dag_etl_camara_diario.py
[2026-07-13T22:19:17.371+0000] {processor.py:840} INFO - DAG(s) 'dag_etl_camara_diario' retrieved from /opt/airflow/dags/dag_etl_camara_diario.py
[2026-07-13T22:19:17.391+0000] {logging_mixin.py:188} INFO - [2026-07-13T22:19:17.390+0000] {dag.py:3036} INFO - Sync 1 DAGs
[2026-07-13T22:19:17.410+0000] {logging_mixin.py:188} INFO - [2026-07-13T22:19:17.410+0000] {dag.py:3823} INFO - Setting next_dagrun for dag_etl_camara_diario to 2026-07-12 03:00:00+00:00, run_after=2026-07-13 03:00:00+00:00
[2026-07-13T22:19:17.438+0000] {processor.py:183} INFO - Processing /opt/airflow/dags/dag_etl_camara_diario.py took 0.079 seconds
[2026-07-13T22:19:47.561+0000] {processor.py:161} INFO - Started process (PID=648) to work on /opt/airflow/dags/dag_etl_camara_diario.py
[2026-07-13T22:19:47.562+0000] {processor.py:830} INFO - Processing file /opt/airflow/dags/dag_etl_camara_diario.py for tasks to queue
[2026-07-13T22:19:47.563+0000] {logging_mixin.py:188} INFO - [2026-07-13T22:19:47.563+0000] {dagbag.py:538} INFO - Filling up the DagBag from /opt/airflow/dags/dag_etl_camara_diario.py
[2026-07-13T22:19:47.572+0000] {processor.py:840} INFO - DAG(s) 'dag_etl_camara_diario' retrieved from /opt/airflow/dags/dag_etl_camara_diario.py
[2026-07-13T22:19:47.592+0000] {logging_mixin.py:188} INFO - [2026-07-13T22:19:47.592+0000] {dag.py:3036} INFO - Sync 1 DAGs
[2026-07-13T22:19:47.614+0000] {logging_mixin.py:188} INFO - [2026-07-13T22:19:47.614+0000] {dag.py:3823} INFO - Setting next_dagrun for dag_etl_camara_diario to 2026-07-12 03:00:00+00:00, run_after=2026-07-13 03:00:00+00:00
[2026-07-13T22:19:47.642+0000] {processor.py:183} INFO - Processing /opt/airflow/dags/dag_etl_camara_diario.py took 0.083 seconds
[2026-07-13T22:20:17.767+0000] {processor.py:161} INFO - Started process (PID=663) to work on /opt/airflow/dags/dag_etl_camara_diario.py
[2026-07-13T22:20:17.768+0000] {processor.py:830} INFO - Processing file /opt/airflow/dags/dag_etl_camara_diario.py for tasks to queue
[2026-07-13T22:20:17.768+0000] {logging_mixin.py:188} INFO - [2026-07-13T22:20:17.768+0000] {dagbag.py:538} INFO - Filling up the DagBag from /opt/airflow/dags/dag_etl_camara_diario.py
[2026-07-13T22:20:17.777+0000] {processor.py:840} INFO - DAG(s) 'dag_etl_camara_diario' retrieved from /opt/airflow/dags/dag_etl_camara_diario.py
[2026-07-13T22:20:17.798+0000] {logging_mixin.py:188} INFO - [2026-07-13T22:20:17.797+0000] {dag.py:3036} INFO - Sync 1 DAGs
[2026-07-13T22:20:17.821+0000] {logging_mixin.py:188} INFO - [2026-07-13T22:20:17.821+0000] {dag.py:3823} INFO - Setting next_dagrun for dag_etl_camara_diario to 2026-07-12 03:00:00+00:00, run_after=2026-07-13 03:00:00+00:00
[2026-07-13T22:20:17.851+0000] {processor.py:183} INFO - Processing /opt/airflow/dags/dag_etl_camara_diario.py took 0.086 seconds
[2026-07-13T22:20:47.976+0000] {processor.py:161} INFO - Started process (PID=678) to work on /opt/airflow/dags/dag_etl_camara_diario.py
[2026-07-13T22:20:47.977+0000] {processor.py:830} INFO - Processing file /opt/airflow/dags/dag_etl_camara_diario.py for tasks to queue
[2026-07-13T22:20:47.978+0000] {logging_mixin.py:188} INFO - [2026-07-13T22:20:47.978+0000] {dagbag.py:538} INFO - Filling up the DagBag from /opt/airflow/dags/dag_etl_camara_diario.py
[2026-07-13T22:20:47.987+0000] {processor.py:840} INFO - DAG(s) 'dag_etl_camara_diario' retrieved from /opt/airflow/dags/dag_etl_camara_diario.py
[2026-07-13T22:20:48.010+0000] {logging_mixin.py:188} INFO - [2026-07-13T22:20:48.010+0000] {dag.py:3036} INFO - Sync 1 DAGs
[2026-07-13T22:20:48.032+0000] {logging_mixin.py:188} INFO - [2026-07-13T22:20:48.031+0000] {dag.py:3823} INFO - Setting next_dagrun for dag_etl_camara_diario to 2026-07-12 03:00:00+00:00, run_after=2026-07-13 03:00:00+00:00
[2026-07-13T22:20:48.060+0000] {processor.py:183} INFO - Processing /opt/airflow/dags/dag_etl_camara_diario.py took 0.086 seconds
[2026-07-13T22:21:18.186+0000] {processor.py:161} INFO - Started process (PID=693) to work on /opt/airflow/dags/dag_etl_camara_diario.py
[2026-07-13T22:21:18.187+0000] {processor.py:830} INFO - Processing file /opt/airflow/dags/dag_etl_camara_diario.py for tasks to queue
[2026-07-13T22:21:18.187+0000] {logging_mixin.py:188} INFO - [2026-07-13T22:21:18.187+0000] {dagbag.py:538} INFO - Filling up the DagBag from /opt/airflow/dags/dag_etl_camara_diario.py
[2026-07-13T22:21:18.196+0000] {processor.py:840} INFO - DAG(s) 'dag_etl_camara_diario' retrieved from /opt/airflow/dags/dag_etl_camara_diario.py
[2026-07-13T22:21:18.217+0000] {logging_mixin.py:188} INFO - [2026-07-13T22:21:18.217+0000] {dag.py:3036} INFO - Sync 1 DAGs
[2026-07-13T22:21:18.238+0000] {logging_mixin.py:188} INFO - [2026-07-13T22:21:18.238+0000] {dag.py:3823} INFO - Setting next_dagrun for dag_etl_camara_diario to 2026-07-12 03:00:00+00:00, run_after=2026-07-13 03:00:00+00:00
[2026-07-13T22:21:18.271+0000] {processor.py:183} INFO - Processing /opt/airflow/dags/dag_etl_camara_diario.py took 0.087 seconds
[2026-07-13T22:21:48.397+0000] {processor.py:161} INFO - Started process (PID=708) to work on /opt/airflow/dags/dag_etl_camara_diario.py
[2026-07-13T22:21:48.397+0000] {processor.py:830} INFO - Processing file /opt/airflow/dags/dag_etl_camara_diario.py for tasks to queue
[2026-07-13T22:21:48.398+0000] {logging_mixin.py:188} INFO - [2026-07-13T22:21:48.398+0000] {dagbag.py:538} INFO - Filling up the DagBag from /opt/airflow/dags/dag_etl_camara_diario.py
[2026-07-13T22:21:48.407+0000] {processor.py:840} INFO - DAG(s) 'dag_etl_camara_diario' retrieved from /opt/airflow/dags/dag_etl_camara_diario.py
[2026-07-13T22:21:48.429+0000] {logging_mixin.py:188} INFO - [2026-07-13T22:21:48.429+0000] {dag.py:3036} INFO - Sync 1 DAGs
[2026-07-13T22:21:48.450+0000] {logging_mixin.py:188} INFO - [2026-07-13T22:21:48.450+0000] {dag.py:3823} INFO - Setting next_dagrun for dag_etl_camara_diario to 2026-07-12 03:00:00+00:00, run_after=2026-07-13 03:00:00+00:00
[2026-07-13T22:21:48.481+0000] {processor.py:183} INFO - Processing /opt/airflow/dags/dag_etl_camara_diario.py took 0.087 seconds
[2026-07-13T22:22:18.607+0000] {processor.py:161} INFO - Started process (PID=723) to work on /opt/airflow/dags/dag_etl_camara_diario.py
[2026-07-13T22:22:18.607+0000] {processor.py:830} INFO - Processing file /opt/airflow/dags/dag_etl_camara_diario.py for tasks to queue
[2026-07-13T22:22:18.608+0000] {logging_mixin.py:188} INFO - [2026-07-13T22:22:18.608+0000] {dagbag.py:538} INFO - Filling up the DagBag from /opt/airflow/dags/dag_etl_camara_diario.py
[2026-07-13T22:22:18.617+0000] {processor.py:840} INFO - DAG(s) 'dag_etl_camara_diario' retrieved from /opt/airflow/dags/dag_etl_camara_diario.py
[2026-07-13T22:22:18.639+0000] {logging_mixin.py:188} INFO - [2026-07-13T22:22:18.639+0000] {dag.py:3036} INFO - Sync 1 DAGs
[2026-07-13T22:22:18.660+0000] {logging_mixin.py:188} INFO - [2026-07-13T22:22:18.660+0000] {dag.py:3823} INFO - Setting next_dagrun for dag_etl_camara_diario to 2026-07-12 03:00:00+00:00, run_after=2026-07-13 03:00:00+00:00
[2026-07-13T22:22:18.688+0000] {processor.py:183} INFO - Processing /opt/airflow/dags/dag_etl_camara_diario.py took 0.084 seconds
[2026-07-13T22:22:48.818+0000] {processor.py:161} INFO - Started process (PID=738) to work on /opt/airflow/dags/dag_etl_camara_diario.py
[2026-07-13T22:22:48.819+0000] {processor.py:830} INFO - Processing file /opt/airflow/dags/dag_etl_camara_diario.py for tasks to queue
[2026-07-13T22:22:48.820+0000] {logging_mixin.py:188} INFO - [2026-07-13T22:22:48.819+0000] {dagbag.py:538} INFO - Filling up the DagBag from /opt/airflow/dags/dag_etl_camara_diario.py
[2026-07-13T22:22:48.829+0000] {processor.py:840} INFO - DAG(s) 'dag_etl_camara_diario' retrieved from /opt/airflow/dags/dag_etl_camara_diario.py
[2026-07-13T22:22:48.850+0000] {logging_mixin.py:188} INFO - [2026-07-13T22:22:48.850+0000] {dag.py:3036} INFO - Sync 1 DAGs
[2026-07-13T22:22:48.871+0000] {logging_mixin.py:188} INFO - [2026-07-13T22:22:48.871+0000] {dag.py:3823} INFO - Setting next_dagrun for dag_etl_camara_diario to 2026-07-12 03:00:00+00:00, run_after=2026-07-13 03:00:00+00:00
[2026-07-13T22:22:48.901+0000] {processor.py:183} INFO - Processing /opt/airflow/dags/dag_etl_camara_diario.py took 0.085 seconds
[2026-07-13T22:23:19.024+0000] {processor.py:161} INFO - Started process (PID=753) to work on /opt/airflow/dags/dag_etl_camara_diario.py
[2026-07-13T22:23:19.024+0000] {processor.py:830} INFO - Processing file /opt/airflow/dags/dag_etl_camara_diario.py for tasks to queue
[2026-07-13T22:23:19.025+0000] {logging_mixin.py:188} INFO - [2026-07-13T22:23:19.025+0000] {dagbag.py:538} INFO - Filling up the DagBag from /opt/airflow/dags/dag_etl_camara_diario.py
[2026-07-13T22:23:19.034+0000] {processor.py:840} INFO - DAG(s) 'dag_etl_camara_diario' retrieved from /opt/airflow/dags/dag_etl_camara_diario.py
[2026-07-13T22:23:19.054+0000] {logging_mixin.py:188} INFO - [2026-07-13T22:23:19.054+0000] {dag.py:3036} INFO - Sync 1 DAGs
[2026-07-13T22:23:19.077+0000] {logging_mixin.py:188} INFO - [2026-07-13T22:23:19.077+0000] {dag.py:3823} INFO - Setting next_dagrun for dag_etl_camara_diario to 2026-07-12 03:00:00+00:00, run_after=2026-07-13 03:00:00+00:00
[2026-07-13T22:23:19.107+0000] {processor.py:183} INFO - Processing /opt/airflow/dags/dag_etl_camara_diario.py took 0.086 seconds
[2026-07-13T22:23:49.232+0000] {processor.py:161} INFO - Started process (PID=768) to work on /opt/airflow/dags/dag_etl_camara_diario.py
[2026-07-13T22:23:49.233+0000] {processor.py:830} INFO - Processing file /opt/airflow/dags/dag_etl_camara_diario.py for tasks to queue
[2026-07-13T22:23:49.233+0000] {logging_mixin.py:188} INFO - [2026-07-13T22:23:49.233+0000] {dagbag.py:538} INFO - Filling up the DagBag from /opt/airflow/dags/dag_etl_camara_diario.py
[2026-07-13T22:23:49.242+0000] {processor.py:840} INFO - DAG(s) 'dag_etl_camara_diario' retrieved from /opt/airflow/dags/dag_etl_camara_diario.py
[2026-07-13T22:23:49.264+0000] {logging_mixin.py:188} INFO - [2026-07-13T22:23:49.264+0000] {dag.py:3036} INFO - Sync 1 DAGs
[2026-07-13T22:23:49.286+0000] {logging_mixin.py:188} INFO - [2026-07-13T22:23:49.286+0000] {dag.py:3823} INFO - Setting next_dagrun for dag_etl_camara_diario to 2026-07-12 03:00:00+00:00, run_after=2026-07-13 03:00:00+00:00
[2026-07-13T22:23:49.318+0000] {processor.py:183} INFO - Processing /opt/airflow/dags/dag_etl_camara_diario.py took 0.089 seconds
[2026-07-13T22:24:19.445+0000] {processor.py:161} INFO - Started process (PID=783) to work on /opt/airflow/dags/dag_etl_camara_diario.py
[2026-07-13T22:24:19.446+0000] {processor.py:830} INFO - Processing file /opt/airflow/dags/dag_etl_camara_diario.py for tasks to queue
[2026-07-13T22:24:19.446+0000] {logging_mixin.py:188} INFO - [2026-07-13T22:24:19.446+0000] {dagbag.py:538} INFO - Filling up the DagBag from /opt/airflow/dags/dag_etl_camara_diario.py
[2026-07-13T22:24:19.456+0000] {processor.py:840} INFO - DAG(s) 'dag_etl_camara_diario' retrieved from /opt/airflow/dags/dag_etl_camara_diario.py
[2026-07-13T22:24:19.476+0000] {logging_mixin.py:188} INFO - [2026-07-13T22:24:19.476+0000] {dag.py:3036} INFO - Sync 1 DAGs
[2026-07-13T22:24:19.497+0000] {logging_mixin.py:188} INFO - [2026-07-13T22:24:19.496+0000] {dag.py:3823} INFO - Setting next_dagrun for dag_etl_camara_diario to 2026-07-12 03:00:00+00:00, run_after=2026-07-13 03:00:00+00:00
[2026-07-13T22:24:19.528+0000] {processor.py:183} INFO - Processing /opt/airflow/dags/dag_etl_camara_diario.py took 0.085 seconds
[2026-07-13T22:24:49.653+0000] {processor.py:161} INFO - Started process (PID=798) to work on /opt/airflow/dags/dag_etl_camara_diario.py
[2026-07-13T22:24:49.654+0000] {processor.py:830} INFO - Processing file /opt/airflow/dags/dag_etl_camara_diario.py for tasks to queue
[2026-07-13T22:24:49.654+0000] {logging_mixin.py:188} INFO - [2026-07-13T22:24:49.654+0000] {dagbag.py:538} INFO - Filling up the DagBag from /opt/airflow/dags/dag_etl_camara_diario.py
[2026-07-13T22:24:49.663+0000] {processor.py:840} INFO - DAG(s) 'dag_etl_camara_diario' retrieved from /opt/airflow/dags/dag_etl_camara_diario.py
[2026-07-13T22:24:49.683+0000] {logging_mixin.py:188} INFO - [2026-07-13T22:24:49.683+0000] {dag.py:3036} INFO - Sync 1 DAGs
[2026-07-13T22:24:49.704+0000] {logging_mixin.py:188} INFO - [2026-07-13T22:24:49.704+0000] {dag.py:3823} INFO - Setting next_dagrun for dag_etl_camara_diario to 2026-07-12 03:00:00+00:00, run_after=2026-07-13 03:00:00+00:00
[2026-07-13T22:24:49.721+0000] {processor.py:183} INFO - Processing /opt/airflow/dags/dag_etl_camara_diario.py took 0.071 seconds
[2026-07-13T22:25:19.842+0000] {processor.py:161} INFO - Started process (PID=813) to work on /opt/airflow/dags/dag_etl_camara_diario.py
[2026-07-13T22:25:19.843+0000] {processor.py:830} INFO - Processing file /opt/airflow/dags/dag_etl_camara_diario.py for tasks to queue
[2026-07-13T22:25:19.843+0000] {logging_mixin.py:188} INFO - [2026-07-13T22:25:19.843+0000] {dagbag.py:538} INFO - Filling up the DagBag from /opt/airflow/dags/dag_etl_camara_diario.py
[2026-07-13T22:25:19.852+0000] {processor.py:840} INFO - DAG(s) 'dag_etl_camara_diario' retrieved from /opt/airflow/dags/dag_etl_camara_diario.py
[2026-07-13T22:25:19.875+0000] {logging_mixin.py:188} INFO - [2026-07-13T22:25:19.874+0000] {dag.py:3036} INFO - Sync 1 DAGs
[2026-07-13T22:25:19.896+0000] {logging_mixin.py:188} INFO - [2026-07-13T22:25:19.896+0000] {dag.py:3823} INFO - Setting next_dagrun for dag_etl_camara_diario to 2026-07-12 03:00:00+00:00, run_after=2026-07-13 03:00:00+00:00
[2026-07-13T22:25:19.928+0000] {processor.py:183} INFO - Processing /opt/airflow/dags/dag_etl_camara_diario.py took 0.089 seconds
[2026-07-13T22:25:50.052+0000] {processor.py:161} INFO - Started process (PID=828) to work on /opt/airflow/dags/dag_etl_camara_diario.py
[2026-07-13T22:25:50.053+0000] {processor.py:830} INFO - Processing file /opt/airflow/dags/dag_etl_camara_diario.py for tasks to queue
[2026-07-13T22:25:50.054+0000] {logging_mixin.py:188} INFO - [2026-07-13T22:25:50.053+0000] {dagbag.py:538} INFO - Filling up the DagBag from /opt/airflow/dags/dag_etl_camara_diario.py
[2026-07-13T22:25:50.062+0000] {processor.py:840} INFO - DAG(s) 'dag_etl_camara_diario' retrieved from /opt/airflow/dags/dag_etl_camara_diario.py
[2026-07-13T22:25:50.084+0000] {logging_mixin.py:188} INFO - [2026-07-13T22:25:50.084+0000] {dag.py:3036} INFO - Sync 1 DAGs
[2026-07-13T22:25:50.105+0000] {logging_mixin.py:188} INFO - [2026-07-13T22:25:50.105+0000] {dag.py:3823} INFO - Setting next_dagrun for dag_etl_camara_diario to 2026-07-12 03:00:00+00:00, run_after=2026-07-13 03:00:00+00:00
[2026-07-13T22:25:50.136+0000] {processor.py:183} INFO - Processing /opt/airflow/dags/dag_etl_camara_diario.py took 0.087 seconds
[2026-07-13T22:26:20.262+0000] {processor.py:161} INFO - Started process (PID=843) to work on /opt/airflow/dags/dag_etl_camara_diario.py
[2026-07-13T22:26:20.262+0000] {processor.py:830} INFO - Processing file /opt/airflow/dags/dag_etl_camara_diario.py for tasks to queue
[2026-07-13T22:26:20.263+0000] {logging_mixin.py:188} INFO - [2026-07-13T22:26:20.263+0000] {dagbag.py:538} INFO - Filling up the DagBag from /opt/airflow/dags/dag_etl_camara_diario.py
[2026-07-13T22:26:20.272+0000] {processor.py:840} INFO - DAG(s) 'dag_etl_camara_diario' retrieved from /opt/airflow/dags/dag_etl_camara_diario.py
[2026-07-13T22:26:20.293+0000] {logging_mixin.py:188} INFO - [2026-07-13T22:26:20.292+0000] {dag.py:3036} INFO - Sync 1 DAGs
[2026-07-13T22:26:20.315+0000] {logging_mixin.py:188} INFO - [2026-07-13T22:26:20.315+0000] {dag.py:3823} INFO - Setting next_dagrun for dag_etl_camara_diario to 2026-07-12 03:00:00+00:00, run_after=2026-07-13 03:00:00+00:00
[2026-07-13T22:26:20.349+0000] {processor.py:183} INFO - Processing /opt/airflow/dags/dag_etl_camara_diario.py took 0.090 seconds
[2026-07-13T22:26:50.472+0000] {processor.py:161} INFO - Started process (PID=858) to work on /opt/airflow/dags/dag_etl_camara_diario.py
[2026-07-13T22:26:50.472+0000] {processor.py:830} INFO - Processing file /opt/airflow/dags/dag_etl_camara_diario.py for tasks to queue
[2026-07-13T22:26:50.473+0000] {logging_mixin.py:188} INFO - [2026-07-13T22:26:50.473+0000] {dagbag.py:538} INFO - Filling up the DagBag from /opt/airflow/dags/dag_etl_camara_diario.py
[2026-07-13T22:26:50.481+0000] {processor.py:840} INFO - DAG(s) 'dag_etl_camara_diario' retrieved from /opt/airflow/dags/dag_etl_camara_diario.py
[2026-07-13T22:26:50.502+0000] {logging_mixin.py:188} INFO - [2026-07-13T22:26:50.501+0000] {dag.py:3036} INFO - Sync 1 DAGs
[2026-07-13T22:26:50.523+0000] {logging_mixin.py:188} INFO - [2026-07-13T22:26:50.522+0000] {dag.py:3823} INFO - Setting next_dagrun for dag_etl_camara_diario to 2026-07-12 03:00:00+00:00, run_after=2026-07-13 03:00:00+00:00
[2026-07-13T22:26:50.558+0000] {processor.py:183} INFO - Processing /opt/airflow/dags/dag_etl_camara_diario.py took 0.089 seconds
[2026-07-13T22:27:20.684+0000] {processor.py:161} INFO - Started process (PID=873) to work on /opt/airflow/dags/dag_etl_camara_diario.py
[2026-07-13T22:27:20.685+0000] {processor.py:830} INFO - Processing file /opt/airflow/dags/dag_etl_camara_diario.py for tasks to queue
[2026-07-13T22:27:20.685+0000] {logging_mixin.py:188} INFO - [2026-07-13T22:27:20.685+0000] {dagbag.py:538} INFO - Filling up the DagBag from /opt/airflow/dags/dag_etl_camara_diario.py
[2026-07-13T22:27:20.694+0000] {processor.py:840} INFO - DAG(s) 'dag_etl_camara_diario' retrieved from /opt/airflow/dags/dag_etl_camara_diario.py
[2026-07-13T22:27:20.716+0000] {logging_mixin.py:188} INFO - [2026-07-13T22:27:20.716+0000] {dag.py:3036} INFO - Sync 1 DAGs
[2026-07-13T22:27:20.736+0000] {logging_mixin.py:188} INFO - [2026-07-13T22:27:20.736+0000] {dag.py:3823} INFO - Setting next_dagrun for dag_etl_camara_diario to 2026-07-12 03:00:00+00:00, run_after=2026-07-13 03:00:00+00:00
[2026-07-13T22:27:20.769+0000] {processor.py:183} INFO - Processing /opt/airflow/dags/dag_etl_camara_diario.py took 0.088 seconds
[2026-07-13T22:27:50.894+0000] {processor.py:161} INFO - Started process (PID=888) to work on /opt/airflow/dags/dag_etl_camara_diario.py
[2026-07-13T22:27:50.895+0000] {processor.py:830} INFO - Processing file /opt/airflow/dags/dag_etl_camara_diario.py for tasks to queue
[2026-07-13T22:27:50.896+0000] {logging_mixin.py:188} INFO - [2026-07-13T22:27:50.896+0000] {dagbag.py:538} INFO - Filling up the DagBag from /opt/airflow/dags/dag_etl_camara_diario.py
[2026-07-13T22:27:50.905+0000] {processor.py:840} INFO - DAG(s) 'dag_etl_camara_diario' retrieved from /opt/airflow/dags/dag_etl_camara_diario.py
[2026-07-13T22:27:50.926+0000] {logging_mixin.py:188} INFO - [2026-07-13T22:27:50.925+0000] {dag.py:3036} INFO - Sync 1 DAGs
[2026-07-13T22:27:50.946+0000] {logging_mixin.py:188} INFO - [2026-07-13T22:27:50.946+0000] {dag.py:3823} INFO - Setting next_dagrun for dag_etl_camara_diario to 2026-07-12 03:00:00+00:00, run_after=2026-07-13 03:00:00+00:00
[2026-07-13T22:27:50.982+0000] {processor.py:183} INFO - Processing /opt/airflow/dags/dag_etl_camara_diario.py took 0.090 seconds
[2026-07-13T22:28:21.109+0000] {processor.py:161} INFO - Started process (PID=903) to work on /opt/airflow/dags/dag_etl_camara_diario.py
[2026-07-13T22:28:21.109+0000] {processor.py:830} INFO - Processing file /opt/airflow/dags/dag_etl_camara_diario.py for tasks to queue
[2026-07-13T22:28:21.110+0000] {logging_mixin.py:188} INFO - [2026-07-13T22:28:21.110+0000] {dagbag.py:538} INFO - Filling up the DagBag from /opt/airflow/dags/dag_etl_camara_diario.py
[2026-07-13T22:28:21.120+0000] {processor.py:840} INFO - DAG(s) 'dag_etl_camara_diario' retrieved from /opt/airflow/dags/dag_etl_camara_diario.py
[2026-07-13T22:28:21.143+0000] {logging_mixin.py:188} INFO - [2026-07-13T22:28:21.143+0000] {dag.py:3036} INFO - Sync 1 DAGs
[2026-07-13T22:28:21.166+0000] {logging_mixin.py:188} INFO - [2026-07-13T22:28:21.165+0000] {dag.py:3823} INFO - Setting next_dagrun for dag_etl_camara_diario to 2026-07-12 03:00:00+00:00, run_after=2026-07-13 03:00:00+00:00
[2026-07-13T22:28:21.183+0000] {processor.py:183} INFO - Processing /opt/airflow/dags/dag_etl_camara_diario.py took 0.077 seconds
[2026-07-13T22:28:51.303+0000] {processor.py:161} INFO - Started process (PID=918) to work on /opt/airflow/dags/dag_etl_camara_diario.py
[2026-07-13T22:28:51.304+0000] {processor.py:830} INFO - Processing file /opt/airflow/dags/dag_etl_camara_diario.py for tasks to queue
[2026-07-13T22:28:51.304+0000] {logging_mixin.py:188} INFO - [2026-07-13T22:28:51.304+0000] {dagbag.py:538} INFO - Filling up the DagBag from /opt/airflow/dags/dag_etl_camara_diario.py
[2026-07-13T22:28:51.314+0000] {processor.py:840} INFO - DAG(s) 'dag_etl_camara_diario' retrieved from /opt/airflow/dags/dag_etl_camara_diario.py
[2026-07-13T22:28:51.335+0000] {logging_mixin.py:188} INFO - [2026-07-13T22:28:51.335+0000] {dag.py:3036} INFO - Sync 1 DAGs
[2026-07-13T22:28:51.358+0000] {logging_mixin.py:188} INFO - [2026-07-13T22:28:51.358+0000] {dag.py:3823} INFO - Setting next_dagrun for dag_etl_camara_diario to 2026-07-12 03:00:00+00:00, run_after=2026-07-13 03:00:00+00:00
[2026-07-13T22:28:51.392+0000] {processor.py:183} INFO - Processing /opt/airflow/dags/dag_etl_camara_diario.py took 0.092 seconds
[2026-07-13T22:29:21.519+0000] {processor.py:161} INFO - Started process (PID=933) to work on /opt/airflow/dags/dag_etl_camara_diario.py
[2026-07-13T22:29:21.520+0000] {processor.py:830} INFO - Processing file /opt/airflow/dags/dag_etl_camara_diario.py for tasks to queue
[2026-07-13T22:29:21.521+0000] {logging_mixin.py:188} INFO - [2026-07-13T22:29:21.520+0000] {dagbag.py:538} INFO - Filling up the DagBag from /opt/airflow/dags/dag_etl_camara_diario.py
[2026-07-13T22:29:21.530+0000] {processor.py:840} INFO - DAG(s) 'dag_etl_camara_diario' retrieved from /opt/airflow/dags/dag_etl_camara_diario.py
[2026-07-13T22:29:21.552+0000] {logging_mixin.py:188} INFO - [2026-07-13T22:29:21.552+0000] {dag.py:3036} INFO - Sync 1 DAGs
[2026-07-13T22:29:21.573+0000] {logging_mixin.py:188} INFO - [2026-07-13T22:29:21.573+0000] {dag.py:3823} INFO - Setting next_dagrun for dag_etl_camara_diario to 2026-07-12 03:00:00+00:00, run_after=2026-07-13 03:00:00+00:00
[2026-07-13T22:29:21.604+0000] {processor.py:183} INFO - Processing /opt/airflow/dags/dag_etl_camara_diario.py took 0.088 seconds
[2026-07-13T22:29:51.733+0000] {processor.py:161} INFO - Started process (PID=948) to work on /opt/airflow/dags/dag_etl_camara_diario.py
[2026-07-13T22:29:51.734+0000] {processor.py:830} INFO - Processing file /opt/airflow/dags/dag_etl_camara_diario.py for tasks to queue
[2026-07-13T22:29:51.734+0000] {logging_mixin.py:188} INFO - [2026-07-13T22:29:51.734+0000] {dagbag.py:538} INFO - Filling up the DagBag from /opt/airflow/dags/dag_etl_camara_diario.py
[2026-07-13T22:29:51.743+0000] {processor.py:840} INFO - DAG(s) 'dag_etl_camara_diario' retrieved from /opt/airflow/dags/dag_etl_camara_diario.py
[2026-07-13T22:29:51.764+0000] {logging_mixin.py:188} INFO - [2026-07-13T22:29:51.763+0000] {dag.py:3036} INFO - Sync 1 DAGs
[2026-07-13T22:29:51.784+0000] {logging_mixin.py:188} INFO - [2026-07-13T22:29:51.784+0000] {dag.py:3823} INFO - Setting next_dagrun for dag_etl_camara_diario to 2026-07-12 03:00:00+00:00, run_after=2026-07-13 03:00:00+00:00
[2026-07-13T22:29:51.818+0000] {processor.py:183} INFO - Processing /opt/airflow/dags/dag_etl_camara_diario.py took 0.088 seconds
[2026-07-13T22:30:21.943+0000] {processor.py:161} INFO - Started process (PID=963) to work on /opt/airflow/dags/dag_etl_camara_diario.py
[2026-07-13T22:30:21.944+0000] {processor.py:830} INFO - Processing file /opt/airflow/dags/dag_etl_camara_diario.py for tasks to queue
[2026-07-13T22:30:21.945+0000] {logging_mixin.py:188} INFO - [2026-07-13T22:30:21.944+0000] {dagbag.py:538} INFO - Filling up the DagBag from /opt/airflow/dags/dag_etl_camara_diario.py
[2026-07-13T22:30:21.954+0000] {processor.py:840} INFO - DAG(s) 'dag_etl_camara_diario' retrieved from /opt/airflow/dags/dag_etl_camara_diario.py
[2026-07-13T22:30:21.975+0000] {logging_mixin.py:188} INFO - [2026-07-13T22:30:21.975+0000] {dag.py:3036} INFO - Sync 1 DAGs
[2026-07-13T22:30:21.997+0000] {logging_mixin.py:188} INFO - [2026-07-13T22:30:21.996+0000] {dag.py:3823} INFO - Setting next_dagrun for dag_etl_camara_diario to 2026-07-12 03:00:00+00:00, run_after=2026-07-13 03:00:00+00:00
[2026-07-13T22:30:22.031+0000] {processor.py:183} INFO - Processing /opt/airflow/dags/dag_etl_camara_diario.py took 0.090 seconds
[2026-07-13T22:30:52.154+0000] {processor.py:161} INFO - Started process (PID=978) to work on /opt/airflow/dags/dag_etl_camara_diario.py
[2026-07-13T22:30:52.155+0000] {processor.py:830} INFO - Processing file /opt/airflow/dags/dag_etl_camara_diario.py for tasks to queue
[2026-07-13T22:30:52.155+0000] {logging_mixin.py:188} INFO - [2026-07-13T22:30:52.155+0000] {dagbag.py:538} INFO - Filling up the DagBag from /opt/airflow/dags/dag_etl_camara_diario.py
[2026-07-13T22:30:52.164+0000] {processor.py:840} INFO - DAG(s) 'dag_etl_camara_diario' retrieved from /opt/airflow/dags/dag_etl_camara_diario.py
[2026-07-13T22:30:52.185+0000] {logging_mixin.py:188} INFO - [2026-07-13T22:30:52.185+0000] {dag.py:3036} INFO - Sync 1 DAGs
[2026-07-13T22:30:52.206+0000] {logging_mixin.py:188} INFO - [2026-07-13T22:30:52.205+0000] {dag.py:3823} INFO - Setting next_dagrun for dag_etl_camara_diario to 2026-07-12 03:00:00+00:00, run_after=2026-07-13 03:00:00+00:00
[2026-07-13T22:30:52.220+0000] {processor.py:183} INFO - Processing /opt/airflow/dags/dag_etl_camara_diario.py took 0.068 seconds
[2026-07-13T22:31:22.341+0000] {processor.py:161} INFO - Started process (PID=993) to work on /opt/airflow/dags/dag_etl_camara_diario.py
[2026-07-13T22:31:22.342+0000] {processor.py:830} INFO - Processing file /opt/airflow/dags/dag_etl_camara_diario.py for tasks to queue
[2026-07-13T22:31:22.342+0000] {logging_mixin.py:188} INFO - [2026-07-13T22:31:22.342+0000] {dagbag.py:538} INFO - Filling up the DagBag from /opt/airflow/dags/dag_etl_camara_diario.py
[2026-07-13T22:31:22.351+0000] {processor.py:840} INFO - DAG(s) 'dag_etl_camara_diario' retrieved from /opt/airflow/dags/dag_etl_camara_diario.py
[2026-07-13T22:31:22.373+0000] {logging_mixin.py:188} INFO - [2026-07-13T22:31:22.373+0000] {dag.py:3036} INFO - Sync 1 DAGs
[2026-07-13T22:31:22.394+0000] {logging_mixin.py:188} INFO - [2026-07-13T22:31:22.394+0000] {dag.py:3823} INFO - Setting next_dagrun for dag_etl_camara_diario to 2026-07-12 03:00:00+00:00, run_after=2026-07-13 03:00:00+00:00
[2026-07-13T22:31:22.428+0000] {processor.py:183} INFO - Processing /opt/airflow/dags/dag_etl_camara_diario.py took 0.089 seconds
[2026-07-13T22:31:52.556+0000] {processor.py:161} INFO - Started process (PID=1008) to work on /opt/airflow/dags/dag_etl_camara_diario.py
[2026-07-13T22:31:52.558+0000] {processor.py:830} INFO - Processing file /opt/airflow/dags/dag_etl_camara_diario.py for tasks to queue
[2026-07-13T22:31:52.558+0000] {logging_mixin.py:188} INFO - [2026-07-13T22:31:52.558+0000] {dagbag.py:538} INFO - Filling up the DagBag from /opt/airflow/dags/dag_etl_camara_diario.py
[2026-07-13T22:31:52.567+0000] {processor.py:840} INFO - DAG(s) 'dag_etl_camara_diario' retrieved from /opt/airflow/dags/dag_etl_camara_diario.py
[2026-07-13T22:31:52.589+0000] {logging_mixin.py:188} INFO - [2026-07-13T22:31:52.589+0000] {dag.py:3036} INFO - Sync 1 DAGs
[2026-07-13T22:31:52.611+0000] {logging_mixin.py:188} INFO - [2026-07-13T22:31:52.610+0000] {dag.py:3823} INFO - Setting next_dagrun for dag_etl_camara_diario to 2026-07-12 03:00:00+00:00, run_after=2026-07-13 03:00:00+00:00
[2026-07-13T22:31:52.640+0000] {processor.py:183} INFO - Processing /opt/airflow/dags/dag_etl_camara_diario.py took 0.086 seconds
[2026-07-13T22:32:22.768+0000] {processor.py:161} INFO - Started process (PID=1023) to work on /opt/airflow/dags/dag_etl_camara_diario.py
[2026-07-13T22:32:22.768+0000] {processor.py:830} INFO - Processing file /opt/airflow/dags/dag_etl_camara_diario.py for tasks to queue
[2026-07-13T22:32:22.769+0000] {logging_mixin.py:188} INFO - [2026-07-13T22:32:22.769+0000] {dagbag.py:538} INFO - Filling up the DagBag from /opt/airflow/dags/dag_etl_camara_diario.py
[2026-07-13T22:32:22.778+0000] {processor.py:840} INFO - DAG(s) 'dag_etl_camara_diario' retrieved from /opt/airflow/dags/dag_etl_camara_diario.py
[2026-07-13T22:32:22.799+0000] {logging_mixin.py:188} INFO - [2026-07-13T22:32:22.799+0000] {dag.py:3036} INFO - Sync 1 DAGs
[2026-07-13T22:32:22.821+0000] {logging_mixin.py:188} INFO - [2026-07-13T22:32:22.821+0000] {dag.py:3823} INFO - Setting next_dagrun for dag_etl_camara_diario to 2026-07-12 03:00:00+00:00, run_after=2026-07-13 03:00:00+00:00
[2026-07-13T22:32:22.855+0000] {processor.py:183} INFO - Processing /opt/airflow/dags/dag_etl_camara_diario.py took 0.090 seconds
[2026-07-13T22:32:52.985+0000] {processor.py:161} INFO - Started process (PID=1038) to work on /opt/airflow/dags/dag_etl_camara_diario.py
[2026-07-13T22:32:52.986+0000] {processor.py:830} INFO - Processing file /opt/airflow/dags/dag_etl_camara_diario.py for tasks to queue
[2026-07-13T22:32:52.986+0000] {logging_mixin.py:188} INFO - [2026-07-13T22:32:52.986+0000] {dagbag.py:538} INFO - Filling up the DagBag from /opt/airflow/dags/dag_etl_camara_diario.py
[2026-07-13T22:32:52.996+0000] {processor.py:840} INFO - DAG(s) 'dag_etl_camara_diario' retrieved from /opt/airflow/dags/dag_etl_camara_diario.py
[2026-07-13T22:32:53.016+0000] {logging_mixin.py:188} INFO - [2026-07-13T22:32:53.016+0000] {dag.py:3036} INFO - Sync 1 DAGs
[2026-07-13T22:32:53.037+0000] {logging_mixin.py:188} INFO - [2026-07-13T22:32:53.037+0000] {dag.py:3823} INFO - Setting next_dagrun for dag_etl_camara_diario to 2026-07-12 03:00:00+00:00, run_after=2026-07-13 03:00:00+00:00
[2026-07-13T22:32:53.072+0000] {processor.py:183} INFO - Processing /opt/airflow/dags/dag_etl_camara_diario.py took 0.089 seconds
[2026-07-13T22:33:23.199+0000] {processor.py:161} INFO - Started process (PID=1053) to work on /opt/airflow/dags/dag_etl_camara_diario.py
[2026-07-13T22:33:23.200+0000] {processor.py:830} INFO - Processing file /opt/airflow/dags/dag_etl_camara_diario.py for tasks to queue
[2026-07-13T22:33:23.200+0000] {logging_mixin.py:188} INFO - [2026-07-13T22:33:23.200+0000] {dagbag.py:538} INFO - Filling up the DagBag from /opt/airflow/dags/dag_etl_camara_diario.py
[2026-07-13T22:33:23.210+0000] {processor.py:840} INFO - DAG(s) 'dag_etl_camara_diario' retrieved from /opt/airflow/dags/dag_etl_camara_diario.py
[2026-07-13T22:33:23.231+0000] {logging_mixin.py:188} INFO - [2026-07-13T22:33:23.231+0000] {dag.py:3036} INFO - Sync 1 DAGs
[2026-07-13T22:33:23.254+0000] {logging_mixin.py:188} INFO - [2026-07-13T22:33:23.254+0000] {dag.py:3823} INFO - Setting next_dagrun for dag_etl_camara_diario to 2026-07-12 03:00:00+00:00, run_after=2026-07-13 03:00:00+00:00
[2026-07-13T22:33:23.286+0000] {processor.py:183} INFO - Processing /opt/airflow/dags/dag_etl_camara_diario.py took 0.090 seconds
[2026-07-13T22:33:53.427+0000] {processor.py:161} INFO - Started process (PID=1068) to work on /opt/airflow/dags/dag_etl_camara_diario.py
[2026-07-13T22:33:53.427+0000] {processor.py:830} INFO - Processing file /opt/airflow/dags/dag_etl_camara_diario.py for tasks to queue
[2026-07-13T22:33:53.428+0000] {logging_mixin.py:188} INFO - [2026-07-13T22:33:53.428+0000] {dagbag.py:538} INFO - Filling up the DagBag from /opt/airflow/dags/dag_etl_camara_diario.py
[2026-07-13T22:33:53.437+0000] {processor.py:840} INFO - DAG(s) 'dag_etl_camara_diario' retrieved from /opt/airflow/dags/dag_etl_camara_diario.py
[2026-07-13T22:33:53.459+0000] {logging_mixin.py:188} INFO - [2026-07-13T22:33:53.458+0000] {dag.py:3036} INFO - Sync 1 DAGs
[2026-07-13T22:33:53.479+0000] {logging_mixin.py:188} INFO - [2026-07-13T22:33:53.479+0000] {dag.py:3823} INFO - Setting next_dagrun for dag_etl_camara_diario to 2026-07-12 03:00:00+00:00, run_after=2026-07-13 03:00:00+00:00
[2026-07-13T22:33:53.515+0000] {processor.py:183} INFO - Processing /opt/airflow/dags/dag_etl_camara_diario.py took 0.091 seconds
[2026-07-13T22:34:23.639+0000] {processor.py:161} INFO - Started process (PID=1083) to work on /opt/airflow/dags/dag_etl_camara_diario.py
[2026-07-13T22:34:23.640+0000] {processor.py:830} INFO - Processing file /opt/airflow/dags/dag_etl_camara_diario.py for tasks to queue
[2026-07-13T22:34:23.640+0000] {logging_mixin.py:188} INFO - [2026-07-13T22:34:23.640+0000] {dagbag.py:538} INFO - Filling up the DagBag from /opt/airflow/dags/dag_etl_camara_diario.py
[2026-07-13T22:34:23.649+0000] {processor.py:840} INFO - DAG(s) 'dag_etl_camara_diario' retrieved from /opt/airflow/dags/dag_etl_camara_diario.py
[2026-07-13T22:34:23.670+0000] {logging_mixin.py:188} INFO - [2026-07-13T22:34:23.670+0000] {dag.py:3036} INFO - Sync 1 DAGs
[2026-07-13T22:34:23.691+0000] {logging_mixin.py:188} INFO - [2026-07-13T22:34:23.691+0000] {dag.py:3823} INFO - Setting next_dagrun for dag_etl_camara_diario to 2026-07-12 03:00:00+00:00, run_after=2026-07-13 03:00:00+00:00
[2026-07-13T22:34:23.726+0000] {processor.py:183} INFO - Processing /opt/airflow/dags/dag_etl_camara_diario.py took 0.089 seconds
[2026-07-13T22:34:53.850+0000] {processor.py:161} INFO - Started process (PID=1098) to work on /opt/airflow/dags/dag_etl_camara_diario.py
[2026-07-13T22:34:53.851+0000] {processor.py:830} INFO - Processing file /opt/airflow/dags/dag_etl_camara_diario.py for tasks to queue
[2026-07-13T22:34:53.852+0000] {logging_mixin.py:188} INFO - [2026-07-13T22:34:53.852+0000] {dagbag.py:538} INFO - Filling up the DagBag from /opt/airflow/dags/dag_etl_camara_diario.py
[2026-07-13T22:34:53.861+0000] {processor.py:840} INFO - DAG(s) 'dag_etl_camara_diario' retrieved from /opt/airflow/dags/dag_etl_camara_diario.py
[2026-07-13T22:34:53.883+0000] {logging_mixin.py:188} INFO - [2026-07-13T22:34:53.882+0000] {dag.py:3036} INFO - Sync 1 DAGs
[2026-07-13T22:34:53.904+0000] {logging_mixin.py:188} INFO - [2026-07-13T22:34:53.904+0000] {dag.py:3823} INFO - Setting next_dagrun for dag_etl_camara_diario to 2026-07-12 03:00:00+00:00, run_after=2026-07-13 03:00:00+00:00
[2026-07-13T22:34:53.939+0000] {processor.py:183} INFO - Processing /opt/airflow/dags/dag_etl_camara_diario.py took 0.092 seconds
[2026-07-13T22:35:24.065+0000] {processor.py:161} INFO - Started process (PID=1113) to work on /opt/airflow/dags/dag_etl_camara_diario.py
[2026-07-13T22:35:24.065+0000] {processor.py:830} INFO - Processing file /opt/airflow/dags/dag_etl_camara_diario.py for tasks to queue
[2026-07-13T22:35:24.066+0000] {logging_mixin.py:188} INFO - [2026-07-13T22:35:24.065+0000] {dagbag.py:538} INFO - Filling up the DagBag from /opt/airflow/dags/dag_etl_camara_diario.py
[2026-07-13T22:35:24.075+0000] {processor.py:840} INFO - DAG(s) 'dag_etl_camara_diario' retrieved from /opt/airflow/dags/dag_etl_camara_diario.py
[2026-07-13T22:35:24.095+0000] {logging_mixin.py:188} INFO - [2026-07-13T22:35:24.095+0000] {dag.py:3036} INFO - Sync 1 DAGs
[2026-07-13T22:35:24.116+0000] {logging_mixin.py:188} INFO - [2026-07-13T22:35:24.115+0000] {dag.py:3823} INFO - Setting next_dagrun for dag_etl_camara_diario to 2026-07-12 03:00:00+00:00, run_after=2026-07-13 03:00:00+00:00
[2026-07-13T22:35:24.153+0000] {processor.py:183} INFO - Processing /opt/airflow/dags/dag_etl_camara_diario.py took 0.091 seconds
[2026-07-13T22:35:54.278+0000] {processor.py:161} INFO - Started process (PID=1128) to work on /opt/airflow/dags/dag_etl_camara_diario.py
[2026-07-13T22:35:54.279+0000] {processor.py:830} INFO - Processing file /opt/airflow/dags/dag_etl_camara_diario.py for tasks to queue
[2026-07-13T22:35:54.279+0000] {logging_mixin.py:188} INFO - [2026-07-13T22:35:54.279+0000] {dagbag.py:538} INFO - Filling up the DagBag from /opt/airflow/dags/dag_etl_camara_diario.py
[2026-07-13T22:35:54.289+0000] {processor.py:840} INFO - DAG(s) 'dag_etl_camara_diario' retrieved from /opt/airflow/dags/dag_etl_camara_diario.py
[2026-07-13T22:35:54.310+0000] {logging_mixin.py:188} INFO - [2026-07-13T22:35:54.309+0000] {dag.py:3036} INFO - Sync 1 DAGs
[2026-07-13T22:35:54.331+0000] {logging_mixin.py:188} INFO - [2026-07-13T22:35:54.330+0000] {dag.py:3823} INFO - Setting next_dagrun for dag_etl_camara_diario to 2026-07-12 03:00:00+00:00, run_after=2026-07-13 03:00:00+00:00
[2026-07-13T22:35:54.367+0000] {processor.py:183} INFO - Processing /opt/airflow/dags/dag_etl_camara_diario.py took 0.092 seconds
[2026-07-13T22:36:24.490+0000] {processor.py:161} INFO - Started process (PID=1143) to work on /opt/airflow/dags/dag_etl_camara_diario.py
[2026-07-13T22:36:24.490+0000] {processor.py:830} INFO - Processing file /opt/airflow/dags/dag_etl_camara_diario.py for tasks to queue
[2026-07-13T22:36:24.491+0000] {logging_mixin.py:188} INFO - [2026-07-13T22:36:24.491+0000] {dagbag.py:538} INFO - Filling up the DagBag from /opt/airflow/dags/dag_etl_camara_diario.py
[2026-07-13T22:36:24.500+0000] {processor.py:840} INFO - DAG(s) 'dag_etl_camara_diario' retrieved from /opt/airflow/dags/dag_etl_camara_diario.py
[2026-07-13T22:36:24.521+0000] {logging_mixin.py:188} INFO - [2026-07-13T22:36:24.521+0000] {dag.py:3036} INFO - Sync 1 DAGs
[2026-07-13T22:36:24.543+0000] {logging_mixin.py:188} INFO - [2026-07-13T22:36:24.542+0000] {dag.py:3823} INFO - Setting next_dagrun for dag_etl_camara_diario to 2026-07-12 03:00:00+00:00, run_after=2026-07-13 03:00:00+00:00
[2026-07-13T22:36:24.578+0000] {processor.py:183} INFO - Processing /opt/airflow/dags/dag_etl_camara_diario.py took 0.091 seconds
[2026-07-13T22:36:54.702+0000] {processor.py:161} INFO - Started process (PID=1158) to work on /opt/airflow/dags/dag_etl_camara_diario.py
[2026-07-13T22:36:54.703+0000] {processor.py:830} INFO - Processing file /opt/airflow/dags/dag_etl_camara_diario.py for tasks to queue
[2026-07-13T22:36:54.703+0000] {logging_mixin.py:188} INFO - [2026-07-13T22:36:54.703+0000] {dagbag.py:538} INFO - Filling up the DagBag from /opt/airflow/dags/dag_etl_camara_diario.py
[2026-07-13T22:36:54.714+0000] {processor.py:840} INFO - DAG(s) 'dag_etl_camara_diario' retrieved from /opt/airflow/dags/dag_etl_camara_diario.py
[2026-07-13T22:36:54.735+0000] {logging_mixin.py:188} INFO - [2026-07-13T22:36:54.735+0000] {dag.py:3036} INFO - Sync 1 DAGs
[2026-07-13T22:36:54.758+0000] {logging_mixin.py:188} INFO - [2026-07-13T22:36:54.758+0000] {dag.py:3823} INFO - Setting next_dagrun for dag_etl_camara_diario to 2026-07-12 03:00:00+00:00, run_after=2026-07-13 03:00:00+00:00
[2026-07-13T22:36:54.791+0000] {processor.py:183} INFO - Processing /opt/airflow/dags/dag_etl_camara_diario.py took 0.091 seconds
[2026-07-13T22:37:24.915+0000] {processor.py:161} INFO - Started process (PID=1173) to work on /opt/airflow/dags/dag_etl_camara_diario.py
[2026-07-13T22:37:24.916+0000] {processor.py:830} INFO - Processing file /opt/airflow/dags/dag_etl_camara_diario.py for tasks to queue
[2026-07-13T22:37:24.916+0000] {logging_mixin.py:188} INFO - [2026-07-13T22:37:24.916+0000] {dagbag.py:538} INFO - Filling up the DagBag from /opt/airflow/dags/dag_etl_camara_diario.py
[2026-07-13T22:37:24.925+0000] {processor.py:840} INFO - DAG(s) 'dag_etl_camara_diario' retrieved from /opt/airflow/dags/dag_etl_camara_diario.py
[2026-07-13T22:37:24.946+0000] {logging_mixin.py:188} INFO - [2026-07-13T22:37:24.946+0000] {dag.py:3036} INFO - Sync 1 DAGs
[2026-07-13T22:37:24.968+0000] {logging_mixin.py:188} INFO - [2026-07-13T22:37:24.968+0000] {dag.py:3823} INFO - Setting next_dagrun for dag_etl_camara_diario to 2026-07-12 03:00:00+00:00, run_after=2026-07-13 03:00:00+00:00
[2026-07-13T22:37:25.002+0000] {processor.py:183} INFO - Processing /opt/airflow/dags/dag_etl_camara_diario.py took 0.089 seconds
[2026-07-13T22:37:55.126+0000] {processor.py:161} INFO - Started process (PID=1188) to work on /opt/airflow/dags/dag_etl_camara_diario.py
[2026-07-13T22:37:55.127+0000] {processor.py:830} INFO - Processing file /opt/airflow/dags/dag_etl_camara_diario.py for tasks to queue
[2026-07-13T22:37:55.128+0000] {logging_mixin.py:188} INFO - [2026-07-13T22:37:55.128+0000] {dagbag.py:538} INFO - Filling up the DagBag from /opt/airflow/dags/dag_etl_camara_diario.py
[2026-07-13T22:37:55.137+0000] {processor.py:840} INFO - DAG(s) 'dag_etl_camara_diario' retrieved from /opt/airflow/dags/dag_etl_camara_diario.py
[2026-07-13T22:37:55.160+0000] {logging_mixin.py:188} INFO - [2026-07-13T22:37:55.159+0000] {dag.py:3036} INFO - Sync 1 DAGs
[2026-07-13T22:37:55.181+0000] {logging_mixin.py:188} INFO - [2026-07-13T22:37:55.181+0000] {dag.py:3823} INFO - Setting next_dagrun for dag_etl_camara_diario to 2026-07-12 03:00:00+00:00, run_after=2026-07-13 03:00:00+00:00
[2026-07-13T22:37:55.218+0000] {processor.py:183} INFO - Processing /opt/airflow/dags/dag_etl_camara_diario.py took 0.094 seconds
[2026-07-13T22:38:25.347+0000] {processor.py:161} INFO - Started process (PID=1203) to work on /opt/airflow/dags/dag_etl_camara_diario.py
[2026-07-13T22:38:25.347+0000] {processor.py:830} INFO - Processing file /opt/airflow/dags/dag_etl_camara_diario.py for tasks to queue
[2026-07-13T22:38:25.348+0000] {logging_mixin.py:188} INFO - [2026-07-13T22:38:25.348+0000] {dagbag.py:538} INFO - Filling up the DagBag from /opt/airflow/dags/dag_etl_camara_diario.py
[2026-07-13T22:38:25.357+0000] {processor.py:840} INFO - DAG(s) 'dag_etl_camara_diario' retrieved from /opt/airflow/dags/dag_etl_camara_diario.py
[2026-07-13T22:38:25.379+0000] {logging_mixin.py:188} INFO - [2026-07-13T22:38:25.378+0000] {dag.py:3036} INFO - Sync 1 DAGs
[2026-07-13T22:38:25.401+0000] {logging_mixin.py:188} INFO - [2026-07-13T22:38:25.400+0000] {dag.py:3823} INFO - Setting next_dagrun for dag_etl_camara_diario to 2026-07-12 03:00:00+00:00, run_after=2026-07-13 03:00:00+00:00
[2026-07-13T22:38:25.437+0000] {processor.py:183} INFO - Processing /opt/airflow/dags/dag_etl_camara_diario.py took 0.093 seconds
[2026-07-13T22:38:55.572+0000] {processor.py:161} INFO - Started process (PID=1218) to work on /opt/airflow/dags/dag_etl_camara_diario.py
[2026-07-13T22:38:55.573+0000] {processor.py:830} INFO - Processing file /opt/airflow/dags/dag_etl_camara_diario.py for tasks to queue
[2026-07-13T22:38:55.574+0000] {logging_mixin.py:188} INFO - [2026-07-13T22:38:55.573+0000] {dagbag.py:538} INFO - Filling up the DagBag from /opt/airflow/dags/dag_etl_camara_diario.py
[2026-07-13T22:38:55.584+0000] {processor.py:840} INFO - DAG(s) 'dag_etl_camara_diario' retrieved from /opt/airflow/dags/dag_etl_camara_diario.py
[2026-07-13T22:38:55.607+0000] {logging_mixin.py:188} INFO - [2026-07-13T22:38:55.606+0000] {dag.py:3036} INFO - Sync 1 DAGs
[2026-07-13T22:38:55.629+0000] {logging_mixin.py:188} INFO - [2026-07-13T22:38:55.629+0000] {dag.py:3823} INFO - Setting next_dagrun for dag_etl_camara_diario to 2026-07-12 03:00:00+00:00, run_after=2026-07-13 03:00:00+00:00
[2026-07-13T22:38:55.664+0000] {processor.py:183} INFO - Processing /opt/airflow/dags/dag_etl_camara_diario.py took 0.094 seconds
[2026-07-13T22:39:25.789+0000] {processor.py:161} INFO - Started process (PID=1233) to work on /opt/airflow/dags/dag_etl_camara_diario.py
[2026-07-13T22:39:25.789+0000] {processor.py:830} INFO - Processing file /opt/airflow/dags/dag_etl_camara_diario.py for tasks to queue
[2026-07-13T22:39:25.790+0000] {logging_mixin.py:188} INFO - [2026-07-13T22:39:25.790+0000] {dagbag.py:538} INFO - Filling up the DagBag from /opt/airflow/dags/dag_etl_camara_diario.py
[2026-07-13T22:39:25.799+0000] {processor.py:840} INFO - DAG(s) 'dag_etl_camara_diario' retrieved from /opt/airflow/dags/dag_etl_camara_diario.py
[2026-07-13T22:39:25.820+0000] {logging_mixin.py:188} INFO - [2026-07-13T22:39:25.819+0000] {dag.py:3036} INFO - Sync 1 DAGs
[2026-07-13T22:39:25.841+0000] {logging_mixin.py:188} INFO - [2026-07-13T22:39:25.840+0000] {dag.py:3823} INFO - Setting next_dagrun for dag_etl_camara_diario to 2026-07-12 03:00:00+00:00, run_after=2026-07-13 03:00:00+00:00
[2026-07-13T22:39:25.876+0000] {processor.py:183} INFO - Processing /opt/airflow/dags/dag_etl_camara_diario.py took 0.090 seconds
[2026-07-13T22:39:56.002+0000] {processor.py:161} INFO - Started process (PID=1248) to work on /opt/airflow/dags/dag_etl_camara_diario.py
[2026-07-13T22:39:56.003+0000] {processor.py:830} INFO - Processing file /opt/airflow/dags/dag_etl_camara_diario.py for tasks to queue
[2026-07-13T22:39:56.004+0000] {logging_mixin.py:188} INFO - [2026-07-13T22:39:56.004+0000] {dagbag.py:538} INFO - Filling up the DagBag from /opt/airflow/dags/dag_etl_camara_diario.py
[2026-07-13T22:39:56.013+0000] {processor.py:840} INFO - DAG(s) 'dag_etl_camara_diario' retrieved from /opt/airflow/dags/dag_etl_camara_diario.py
[2026-07-13T22:39:56.035+0000] {logging_mixin.py:188} INFO - [2026-07-13T22:39:56.035+0000] {dag.py:3036} INFO - Sync 1 DAGs
[2026-07-13T22:39:56.058+0000] {logging_mixin.py:188} INFO - [2026-07-13T22:39:56.058+0000] {dag.py:3823} INFO - Setting next_dagrun for dag_etl_camara_diario to 2026-07-12 03:00:00+00:00, run_after=2026-07-13 03:00:00+00:00
[2026-07-13T22:39:56.099+0000] {processor.py:183} INFO - Processing /opt/airflow/dags/dag_etl_camara_diario.py took 0.099 seconds
[2026-07-13T22:40:26.227+0000] {processor.py:161} INFO - Started process (PID=1263) to work on /opt/airflow/dags/dag_etl_camara_diario.py
[2026-07-13T22:40:26.228+0000] {processor.py:830} INFO - Processing file /opt/airflow/dags/dag_etl_camara_diario.py for tasks to queue
[2026-07-13T22:40:26.228+0000] {logging_mixin.py:188} INFO - [2026-07-13T22:40:26.228+0000] {dagbag.py:538} INFO - Filling up the DagBag from /opt/airflow/dags/dag_etl_camara_diario.py
[2026-07-13T22:40:26.237+0000] {processor.py:840} INFO - DAG(s) 'dag_etl_camara_diario' retrieved from /opt/airflow/dags/dag_etl_camara_diario.py
[2026-07-13T22:40:26.259+0000] {logging_mixin.py:188} INFO - [2026-07-13T22:40:26.258+0000] {dag.py:3036} INFO - Sync 1 DAGs
[2026-07-13T22:40:26.280+0000] {logging_mixin.py:188} INFO - [2026-07-13T22:40:26.280+0000] {dag.py:3823} INFO - Setting next_dagrun for dag_etl_camara_diario to 2026-07-12 03:00:00+00:00, run_after=2026-07-13 03:00:00+00:00
[2026-07-13T22:40:26.319+0000] {processor.py:183} INFO - Processing /opt/airflow/dags/dag_etl_camara_diario.py took 0.095 seconds
[2026-07-13T22:40:56.443+0000] {processor.py:161} INFO - Started process (PID=1278) to work on /opt/airflow/dags/dag_etl_camara_diario.py
[2026-07-13T22:40:56.444+0000] {processor.py:830} INFO - Processing file /opt/airflow/dags/dag_etl_camara_diario.py for tasks to queue
[2026-07-13T22:40:56.444+0000] {logging_mixin.py:188} INFO - [2026-07-13T22:40:56.444+0000] {dagbag.py:538} INFO - Filling up the DagBag from /opt/airflow/dags/dag_etl_camara_diario.py
[2026-07-13T22:40:56.453+0000] {processor.py:840} INFO - DAG(s) 'dag_etl_camara_diario' retrieved from /opt/airflow/dags/dag_etl_camara_diario.py
[2026-07-13T22:40:56.474+0000] {logging_mixin.py:188} INFO - [2026-07-13T22:40:56.474+0000] {dag.py:3036} INFO - Sync 1 DAGs
[2026-07-13T22:40:56.496+0000] {logging_mixin.py:188} INFO - [2026-07-13T22:40:56.496+0000] {dag.py:3823} INFO - Setting next_dagrun for dag_etl_camara_diario to 2026-07-12 03:00:00+00:00, run_after=2026-07-13 03:00:00+00:00
[2026-07-13T22:40:56.534+0000] {processor.py:183} INFO - Processing /opt/airflow/dags/dag_etl_camara_diario.py took 0.094 seconds
[2026-07-13T22:41:26.658+0000] {processor.py:161} INFO - Started process (PID=1293) to work on /opt/airflow/dags/dag_etl_camara_diario.py
[2026-07-13T22:41:26.658+0000] {processor.py:830} INFO - Processing file /opt/airflow/dags/dag_etl_camara_diario.py for tasks to queue
[2026-07-13T22:41:26.659+0000] {logging_mixin.py:188} INFO - [2026-07-13T22:41:26.659+0000] {dagbag.py:538} INFO - Filling up the DagBag from /opt/airflow/dags/dag_etl_camara_diario.py
[2026-07-13T22:41:26.670+0000] {processor.py:840} INFO - DAG(s) 'dag_etl_camara_diario' retrieved from /opt/airflow/dags/dag_etl_camara_diario.py
[2026-07-13T22:41:26.693+0000] {logging_mixin.py:188} INFO - [2026-07-13T22:41:26.693+0000] {dag.py:3036} INFO - Sync 1 DAGs
[2026-07-13T22:41:26.717+0000] {logging_mixin.py:188} INFO - [2026-07-13T22:41:26.717+0000] {dag.py:3823} INFO - Setting next_dagrun for dag_etl_camara_diario to 2026-07-12 03:00:00+00:00, run_after=2026-07-13 03:00:00+00:00
[2026-07-13T22:41:26.735+0000] {processor.py:183} INFO - Processing /opt/airflow/dags/dag_etl_camara_diario.py took 0.080 seconds
[2026-07-13T22:41:56.859+0000] {processor.py:161} INFO - Started process (PID=1308) to work on /opt/airflow/dags/dag_etl_camara_diario.py
[2026-07-13T22:41:56.860+0000] {processor.py:830} INFO - Processing file /opt/airflow/dags/dag_etl_camara_diario.py for tasks to queue
[2026-07-13T22:41:56.861+0000] {logging_mixin.py:188} INFO - [2026-07-13T22:41:56.861+0000] {dagbag.py:538} INFO - Filling up the DagBag from /opt/airflow/dags/dag_etl_camara_diario.py
[2026-07-13T22:41:56.871+0000] {processor.py:840} INFO - DAG(s) 'dag_etl_camara_diario' retrieved from /opt/airflow/dags/dag_etl_camara_diario.py
[2026-07-13T22:41:56.892+0000] {logging_mixin.py:188} INFO - [2026-07-13T22:41:56.892+0000] {dag.py:3036} INFO - Sync 1 DAGs
[2026-07-13T22:41:56.912+0000] {logging_mixin.py:188} INFO - [2026-07-13T22:41:56.912+0000] {dag.py:3823} INFO - Setting next_dagrun for dag_etl_camara_diario to 2026-07-12 03:00:00+00:00, run_after=2026-07-13 03:00:00+00:00
[2026-07-13T22:41:56.949+0000] {processor.py:183} INFO - Processing /opt/airflow/dags/dag_etl_camara_diario.py took 0.093 seconds
[2026-07-13T22:42:27.070+0000] {processor.py:161} INFO - Started process (PID=1323) to work on /opt/airflow/dags/dag_etl_camara_diario.py
[2026-07-13T22:42:27.071+0000] {processor.py:830} INFO - Processing file /opt/airflow/dags/dag_etl_camara_diario.py for tasks to queue
[2026-07-13T22:42:27.072+0000] {logging_mixin.py:188} INFO - [2026-07-13T22:42:27.072+0000] {dagbag.py:538} INFO - Filling up the DagBag from /opt/airflow/dags/dag_etl_camara_diario.py
[2026-07-13T22:42:27.081+0000] {processor.py:840} INFO - DAG(s) 'dag_etl_camara_diario' retrieved from /opt/airflow/dags/dag_etl_camara_diario.py
[2026-07-13T22:42:27.102+0000] {logging_mixin.py:188} INFO - [2026-07-13T22:42:27.102+0000] {dag.py:3036} INFO - Sync 1 DAGs
[2026-07-13T22:42:27.123+0000] {logging_mixin.py:188} INFO - [2026-07-13T22:42:27.123+0000] {dag.py:3823} INFO - Setting next_dagrun for dag_etl_camara_diario to 2026-07-12 03:00:00+00:00, run_after=2026-07-13 03:00:00+00:00
[2026-07-13T22:42:27.164+0000] {processor.py:183} INFO - Processing /opt/airflow/dags/dag_etl_camara_diario.py took 0.095 seconds
[2026-07-13T22:42:57.288+0000] {processor.py:161} INFO - Started process (PID=1338) to work on /opt/airflow/dags/dag_etl_camara_diario.py
[2026-07-13T22:42:57.289+0000] {processor.py:830} INFO - Processing file /opt/airflow/dags/dag_etl_camara_diario.py for tasks to queue
[2026-07-13T22:42:57.290+0000] {logging_mixin.py:188} INFO - [2026-07-13T22:42:57.290+0000] {dagbag.py:538} INFO - Filling up the DagBag from /opt/airflow/dags/dag_etl_camara_diario.py
[2026-07-13T22:42:57.299+0000] {processor.py:840} INFO - DAG(s) 'dag_etl_camara_diario' retrieved from /opt/airflow/dags/dag_etl_camara_diario.py
[2026-07-13T22:42:57.320+0000] {logging_mixin.py:188} INFO - [2026-07-13T22:42:57.319+0000] {dag.py:3036} INFO - Sync 1 DAGs
[2026-07-13T22:42:57.341+0000] {logging_mixin.py:188} INFO - [2026-07-13T22:42:57.341+0000] {dag.py:3823} INFO - Setting next_dagrun for dag_etl_camara_diario to 2026-07-12 03:00:00+00:00, run_after=2026-07-13 03:00:00+00:00
[2026-07-13T22:42:57.380+0000] {processor.py:183} INFO - Processing /opt/airflow/dags/dag_etl_camara_diario.py took 0.095 seconds
[2026-07-13T22:43:27.504+0000] {processor.py:161} INFO - Started process (PID=1353) to work on /opt/airflow/dags/dag_etl_camara_diario.py
[2026-07-13T22:43:27.504+0000] {processor.py:830} INFO - Processing file /opt/airflow/dags/dag_etl_camara_diario.py for tasks to queue
[2026-07-13T22:43:27.505+0000] {logging_mixin.py:188} INFO - [2026-07-13T22:43:27.505+0000] {dagbag.py:538} INFO - Filling up the DagBag from /opt/airflow/dags/dag_etl_camara_diario.py
[2026-07-13T22:43:27.514+0000] {processor.py:840} INFO - DAG(s) 'dag_etl_camara_diario' retrieved from /opt/airflow/dags/dag_etl_camara_diario.py
[2026-07-13T22:43:27.535+0000] {logging_mixin.py:188} INFO - [2026-07-13T22:43:27.534+0000] {dag.py:3036} INFO - Sync 1 DAGs
[2026-07-13T22:43:27.555+0000] {logging_mixin.py:188} INFO - [2026-07-13T22:43:27.555+0000] {dag.py:3823} INFO - Setting next_dagrun for dag_etl_camara_diario to 2026-07-12 03:00:00+00:00, run_after=2026-07-13 03:00:00+00:00
[2026-07-13T22:43:27.595+0000] {processor.py:183} INFO - Processing /opt/airflow/dags/dag_etl_camara_diario.py took 0.094 seconds
[2026-07-13T22:43:57.730+0000] {processor.py:161} INFO - Started process (PID=1368) to work on /opt/airflow/dags/dag_etl_camara_diario.py
[2026-07-13T22:43:57.731+0000] {processor.py:830} INFO - Processing file /opt/airflow/dags/dag_etl_camara_diario.py for tasks to queue
[2026-07-13T22:43:57.731+0000] {logging_mixin.py:188} INFO - [2026-07-13T22:43:57.731+0000] {dagbag.py:538} INFO - Filling up the DagBag from /opt/airflow/dags/dag_etl_camara_diario.py
[2026-07-13T22:43:57.741+0000] {processor.py:840} INFO - DAG(s) 'dag_etl_camara_diario' retrieved from /opt/airflow/dags/dag_etl_camara_diario.py
[2026-07-13T22:43:57.762+0000] {logging_mixin.py:188} INFO - [2026-07-13T22:43:57.762+0000] {dag.py:3036} INFO - Sync 1 DAGs
[2026-07-13T22:43:57.783+0000] {logging_mixin.py:188} INFO - [2026-07-13T22:43:57.782+0000] {dag.py:3823} INFO - Setting next_dagrun for dag_etl_camara_diario to 2026-07-12 03:00:00+00:00, run_after=2026-07-13 03:00:00+00:00
[2026-07-13T22:43:57.819+0000] {processor.py:183} INFO - Processing /opt/airflow/dags/dag_etl_camara_diario.py took 0.092 seconds
[2026-07-13T22:44:27.946+0000] {processor.py:161} INFO - Started process (PID=1383) to work on /opt/airflow/dags/dag_etl_camara_diario.py
[2026-07-13T22:44:27.947+0000] {processor.py:830} INFO - Processing file /opt/airflow/dags/dag_etl_camara_diario.py for tasks to queue
[2026-07-13T22:44:27.947+0000] {logging_mixin.py:188} INFO - [2026-07-13T22:44:27.947+0000] {dagbag.py:538} INFO - Filling up the DagBag from /opt/airflow/dags/dag_etl_camara_diario.py
[2026-07-13T22:44:27.956+0000] {processor.py:840} INFO - DAG(s) 'dag_etl_camara_diario' retrieved from /opt/airflow/dags/dag_etl_camara_diario.py
[2026-07-13T22:44:27.977+0000] {logging_mixin.py:188} INFO - [2026-07-13T22:44:27.977+0000] {dag.py:3036} INFO - Sync 1 DAGs
[2026-07-13T22:44:27.999+0000] {logging_mixin.py:188} INFO - [2026-07-13T22:44:27.999+0000] {dag.py:3823} INFO - Setting next_dagrun for dag_etl_camara_diario to 2026-07-12 03:00:00+00:00, run_after=2026-07-13 03:00:00+00:00
[2026-07-13T22:44:28.037+0000] {processor.py:183} INFO - Processing /opt/airflow/dags/dag_etl_camara_diario.py took 0.094 seconds
[2026-07-13T22:44:58.164+0000] {processor.py:161} INFO - Started process (PID=1398) to work on /opt/airflow/dags/dag_etl_camara_diario.py
[2026-07-13T22:44:58.165+0000] {processor.py:830} INFO - Processing file /opt/airflow/dags/dag_etl_camara_diario.py for tasks to queue
[2026-07-13T22:44:58.166+0000] {logging_mixin.py:188} INFO - [2026-07-13T22:44:58.165+0000] {dagbag.py:538} INFO - Filling up the DagBag from /opt/airflow/dags/dag_etl_camara_diario.py
[2026-07-13T22:44:58.175+0000] {processor.py:840} INFO - DAG(s) 'dag_etl_camara_diario' retrieved from /opt/airflow/dags/dag_etl_camara_diario.py
[2026-07-13T22:44:58.197+0000] {logging_mixin.py:188} INFO - [2026-07-13T22:44:58.196+0000] {dag.py:3036} INFO - Sync 1 DAGs
[2026-07-13T22:44:58.218+0000] {logging_mixin.py:188} INFO - [2026-07-13T22:44:58.217+0000] {dag.py:3823} INFO - Setting next_dagrun for dag_etl_camara_diario to 2026-07-12 03:00:00+00:00, run_after=2026-07-13 03:00:00+00:00
[2026-07-13T22:44:58.246+0000] {processor.py:183} INFO - Processing /opt/airflow/dags/dag_etl_camara_diario.py took 0.084 seconds
[2026-07-13T22:45:28.369+0000] {processor.py:161} INFO - Started process (PID=1413) to work on /opt/airflow/dags/dag_etl_camara_diario.py
[2026-07-13T22:45:28.370+0000] {processor.py:830} INFO - Processing file /opt/airflow/dags/dag_etl_camara_diario.py for tasks to queue
[2026-07-13T22:45:28.370+0000] {logging_mixin.py:188} INFO - [2026-07-13T22:45:28.370+0000] {dagbag.py:538} INFO - Filling up the DagBag from /opt/airflow/dags/dag_etl_camara_diario.py
[2026-07-13T22:45:28.380+0000] {processor.py:840} INFO - DAG(s) 'dag_etl_camara_diario' retrieved from /opt/airflow/dags/dag_etl_camara_diario.py
[2026-07-13T22:45:28.400+0000] {logging_mixin.py:188} INFO - [2026-07-13T22:45:28.400+0000] {dag.py:3036} INFO - Sync 1 DAGs
[2026-07-13T22:45:28.421+0000] {logging_mixin.py:188} INFO - [2026-07-13T22:45:28.421+0000] {dag.py:3823} INFO - Setting next_dagrun for dag_etl_camara_diario to 2026-07-12 03:00:00+00:00, run_after=2026-07-13 03:00:00+00:00
[2026-07-13T22:45:28.453+0000] {processor.py:183} INFO - Processing /opt/airflow/dags/dag_etl_camara_diario.py took 0.087 seconds
[2026-07-13T22:45:58.580+0000] {processor.py:161} INFO - Started process (PID=1428) to work on /opt/airflow/dags/dag_etl_camara_diario.py
[2026-07-13T22:45:58.581+0000] {processor.py:830} INFO - Processing file /opt/airflow/dags/dag_etl_camara_diario.py for tasks to queue
[2026-07-13T22:45:58.581+0000] {logging_mixin.py:188} INFO - [2026-07-13T22:45:58.581+0000] {dagbag.py:538} INFO - Filling up the DagBag from /opt/airflow/dags/dag_etl_camara_diario.py
[2026-07-13T22:45:58.590+0000] {processor.py:840} INFO - DAG(s) 'dag_etl_camara_diario' retrieved from /opt/airflow/dags/dag_etl_camara_diario.py
[2026-07-13T22:45:58.611+0000] {logging_mixin.py:188} INFO - [2026-07-13T22:45:58.611+0000] {dag.py:3036} INFO - Sync 1 DAGs
[2026-07-13T22:45:58.633+0000] {logging_mixin.py:188} INFO - [2026-07-13T22:45:58.633+0000] {dag.py:3823} INFO - Setting next_dagrun for dag_etl_camara_diario to 2026-07-12 03:00:00+00:00, run_after=2026-07-13 03:00:00+00:00
[2026-07-13T22:45:58.665+0000] {processor.py:183} INFO - Processing /opt/airflow/dags/dag_etl_camara_diario.py took 0.088 seconds
[2026-07-13T22:46:28.794+0000] {processor.py:161} INFO - Started process (PID=1443) to work on /opt/airflow/dags/dag_etl_camara_diario.py
[2026-07-13T22:46:28.794+0000] {processor.py:830} INFO - Processing file /opt/airflow/dags/dag_etl_camara_diario.py for tasks to queue
[2026-07-13T22:46:28.795+0000] {logging_mixin.py:188} INFO - [2026-07-13T22:46:28.795+0000] {dagbag.py:538} INFO - Filling up the DagBag from /opt/airflow/dags/dag_etl_camara_diario.py
[2026-07-13T22:46:28.804+0000] {processor.py:840} INFO - DAG(s) 'dag_etl_camara_diario' retrieved from /opt/airflow/dags/dag_etl_camara_diario.py
[2026-07-13T22:46:28.825+0000] {logging_mixin.py:188} INFO - [2026-07-13T22:46:28.824+0000] {dag.py:3036} INFO - Sync 1 DAGs
[2026-07-13T22:46:28.846+0000] {logging_mixin.py:188} INFO - [2026-07-13T22:46:28.846+0000] {dag.py:3823} INFO - Setting next_dagrun for dag_etl_camara_diario to 2026-07-12 03:00:00+00:00, run_after=2026-07-13 03:00:00+00:00
[2026-07-13T22:46:28.878+0000] {processor.py:183} INFO - Processing /opt/airflow/dags/dag_etl_camara_diario.py took 0.087 seconds
[2026-07-13T22:46:59.005+0000] {processor.py:161} INFO - Started process (PID=1458) to work on /opt/airflow/dags/dag_etl_camara_diario.py
[2026-07-13T22:46:59.006+0000] {processor.py:830} INFO - Processing file /opt/airflow/dags/dag_etl_camara_diario.py for tasks to queue
[2026-07-13T22:46:59.007+0000] {logging_mixin.py:188} INFO - [2026-07-13T22:46:59.006+0000] {dagbag.py:538} INFO - Filling up the DagBag from /opt/airflow/dags/dag_etl_camara_diario.py
[2026-07-13T22:46:59.016+0000] {processor.py:840} INFO - DAG(s) 'dag_etl_camara_diario' retrieved from /opt/airflow/dags/dag_etl_camara_diario.py
[2026-07-13T22:46:59.038+0000] {logging_mixin.py:188} INFO - [2026-07-13T22:46:59.037+0000] {dag.py:3036} INFO - Sync 1 DAGs
[2026-07-13T22:46:59.059+0000] {logging_mixin.py:188} INFO - [2026-07-13T22:46:59.059+0000] {dag.py:3823} INFO - Setting next_dagrun for dag_etl_camara_diario to 2026-07-12 03:00:00+00:00, run_after=2026-07-13 03:00:00+00:00
[2026-07-13T22:46:59.087+0000] {processor.py:183} INFO - Processing /opt/airflow/dags/dag_etl_camara_diario.py took 0.084 seconds
[2026-07-13T22:47:29.210+0000] {processor.py:161} INFO - Started process (PID=1473) to work on /opt/airflow/dags/dag_etl_camara_diario.py
[2026-07-13T22:47:29.210+0000] {processor.py:830} INFO - Processing file /opt/airflow/dags/dag_etl_camara_diario.py for tasks to queue
[2026-07-13T22:47:29.211+0000] {logging_mixin.py:188} INFO - [2026-07-13T22:47:29.211+0000] {dagbag.py:538} INFO - Filling up the DagBag from /opt/airflow/dags/dag_etl_camara_diario.py
[2026-07-13T22:47:29.220+0000] {processor.py:840} INFO - DAG(s) 'dag_etl_camara_diario' retrieved from /opt/airflow/dags/dag_etl_camara_diario.py
[2026-07-13T22:47:29.241+0000] {logging_mixin.py:188} INFO - [2026-07-13T22:47:29.241+0000] {dag.py:3036} INFO - Sync 1 DAGs
[2026-07-13T22:47:29.263+0000] {logging_mixin.py:188} INFO - [2026-07-13T22:47:29.263+0000] {dag.py:3823} INFO - Setting next_dagrun for dag_etl_camara_diario to 2026-07-12 03:00:00+00:00, run_after=2026-07-13 03:00:00+00:00
[2026-07-13T22:47:29.285+0000] {processor.py:183} INFO - Processing /opt/airflow/dags/dag_etl_camara_diario.py took 0.078 seconds
[2026-07-13T22:47:59.413+0000] {processor.py:161} INFO - Started process (PID=1488) to work on /opt/airflow/dags/dag_etl_camara_diario.py
[2026-07-13T22:47:59.414+0000] {processor.py:830} INFO - Processing file /opt/airflow/dags/dag_etl_camara_diario.py for tasks to queue
[2026-07-13T22:47:59.415+0000] {logging_mixin.py:188} INFO - [2026-07-13T22:47:59.415+0000] {dagbag.py:538} INFO - Filling up the DagBag from /opt/airflow/dags/dag_etl_camara_diario.py
[2026-07-13T22:47:59.423+0000] {processor.py:840} INFO - DAG(s) 'dag_etl_camara_diario' retrieved from /opt/airflow/dags/dag_etl_camara_diario.py
[2026-07-13T22:47:59.444+0000] {logging_mixin.py:188} INFO - [2026-07-13T22:47:59.444+0000] {dag.py:3036} INFO - Sync 1 DAGs
[2026-07-13T22:47:59.465+0000] {logging_mixin.py:188} INFO - [2026-07-13T22:47:59.465+0000] {dag.py:3823} INFO - Setting next_dagrun for dag_etl_camara_diario to 2026-07-12 03:00:00+00:00, run_after=2026-07-13 03:00:00+00:00
[2026-07-13T22:47:59.496+0000] {processor.py:183} INFO - Processing /opt/airflow/dags/dag_etl_camara_diario.py took 0.085 seconds
[2026-07-13T22:48:29.618+0000] {processor.py:161} INFO - Started process (PID=1503) to work on /opt/airflow/dags/dag_etl_camara_diario.py
[2026-07-13T22:48:29.619+0000] {processor.py:830} INFO - Processing file /opt/airflow/dags/dag_etl_camara_diario.py for tasks to queue
[2026-07-13T22:48:29.620+0000] {logging_mixin.py:188} INFO - [2026-07-13T22:48:29.620+0000] {dagbag.py:538} INFO - Filling up the DagBag from /opt/airflow/dags/dag_etl_camara_diario.py
[2026-07-13T22:48:29.631+0000] {processor.py:840} INFO - DAG(s) 'dag_etl_camara_diario' retrieved from /opt/airflow/dags/dag_etl_camara_diario.py
[2026-07-13T22:48:29.652+0000] {logging_mixin.py:188} INFO - [2026-07-13T22:48:29.652+0000] {dag.py:3036} INFO - Sync 1 DAGs
[2026-07-13T22:48:29.678+0000] {logging_mixin.py:188} INFO - [2026-07-13T22:48:29.678+0000] {dag.py:3823} INFO - Setting next_dagrun for dag_etl_camara_diario to 2026-07-12 03:00:00+00:00, run_after=2026-07-13 03:00:00+00:00
[2026-07-13T22:48:29.696+0000] {processor.py:183} INFO - Processing /opt/airflow/dags/dag_etl_camara_diario.py took 0.080 seconds
[2026-07-13T22:48:59.824+0000] {processor.py:161} INFO - Started process (PID=1518) to work on /opt/airflow/dags/dag_etl_camara_diario.py
[2026-07-13T22:48:59.824+0000] {processor.py:830} INFO - Processing file /opt/airflow/dags/dag_etl_camara_diario.py for tasks to queue
[2026-07-13T22:48:59.825+0000] {logging_mixin.py:188} INFO - [2026-07-13T22:48:59.825+0000] {dagbag.py:538} INFO - Filling up the DagBag from /opt/airflow/dags/dag_etl_camara_diario.py
[2026-07-13T22:48:59.834+0000] {processor.py:840} INFO - DAG(s) 'dag_etl_camara_diario' retrieved from /opt/airflow/dags/dag_etl_camara_diario.py
[2026-07-13T22:48:59.856+0000] {logging_mixin.py:188} INFO - [2026-07-13T22:48:59.856+0000] {dag.py:3036} INFO - Sync 1 DAGs
[2026-07-13T22:48:59.878+0000] {logging_mixin.py:188} INFO - [2026-07-13T22:48:59.878+0000] {dag.py:3823} INFO - Setting next_dagrun for dag_etl_camara_diario to 2026-07-12 03:00:00+00:00, run_after=2026-07-13 03:00:00+00:00
[2026-07-13T22:48:59.910+0000] {processor.py:183} INFO - Processing /opt/airflow/dags/dag_etl_camara_diario.py took 0.089 seconds
[2026-07-13T22:49:30.031+0000] {processor.py:161} INFO - Started process (PID=1533) to work on /opt/airflow/dags/dag_etl_camara_diario.py
[2026-07-13T22:49:30.032+0000] {processor.py:830} INFO - Processing file /opt/airflow/dags/dag_etl_camara_diario.py for tasks to queue
[2026-07-13T22:49:30.032+0000] {logging_mixin.py:188} INFO - [2026-07-13T22:49:30.032+0000] {dagbag.py:538} INFO - Filling up the DagBag from /opt/airflow/dags/dag_etl_camara_diario.py
[2026-07-13T22:49:30.041+0000] {processor.py:840} INFO - DAG(s) 'dag_etl_camara_diario' retrieved from /opt/airflow/dags/dag_etl_camara_diario.py
[2026-07-13T22:49:30.061+0000] {logging_mixin.py:188} INFO - [2026-07-13T22:49:30.061+0000] {dag.py:3036} INFO - Sync 1 DAGs
[2026-07-13T22:49:30.082+0000] {logging_mixin.py:188} INFO - [2026-07-13T22:49:30.081+0000] {dag.py:3823} INFO - Setting next_dagrun for dag_etl_camara_diario to 2026-07-12 03:00:00+00:00, run_after=2026-07-13 03:00:00+00:00
[2026-07-13T22:49:30.113+0000] {processor.py:183} INFO - Processing /opt/airflow/dags/dag_etl_camara_diario.py took 0.084 seconds
[2026-07-13T22:50:00.240+0000] {processor.py:161} INFO - Started process (PID=1548) to work on /opt/airflow/dags/dag_etl_camara_diario.py
[2026-07-13T22:50:00.241+0000] {processor.py:830} INFO - Processing file /opt/airflow/dags/dag_etl_camara_diario.py for tasks to queue
[2026-07-13T22:50:00.241+0000] {logging_mixin.py:188} INFO - [2026-07-13T22:50:00.241+0000] {dagbag.py:538} INFO - Filling up the DagBag from /opt/airflow/dags/dag_etl_camara_diario.py
[2026-07-13T22:50:00.250+0000] {processor.py:840} INFO - DAG(s) 'dag_etl_camara_diario' retrieved from /opt/airflow/dags/dag_etl_camara_diario.py
[2026-07-13T22:50:00.272+0000] {logging_mixin.py:188} INFO - [2026-07-13T22:50:00.271+0000] {dag.py:3036} INFO - Sync 1 DAGs
[2026-07-13T22:50:00.293+0000] {logging_mixin.py:188} INFO - [2026-07-13T22:50:00.293+0000] {dag.py:3823} INFO - Setting next_dagrun for dag_etl_camara_diario to 2026-07-12 03:00:00+00:00, run_after=2026-07-13 03:00:00+00:00
[2026-07-13T22:50:00.318+0000] {processor.py:183} INFO - Processing /opt/airflow/dags/dag_etl_camara_diario.py took 0.081 seconds
[2026-07-13T22:50:30.444+0000] {processor.py:161} INFO - Started process (PID=1563) to work on /opt/airflow/dags/dag_etl_camara_diario.py
[2026-07-13T22:50:30.444+0000] {processor.py:830} INFO - Processing file /opt/airflow/dags/dag_etl_camara_diario.py for tasks to queue
[2026-07-13T22:50:30.445+0000] {logging_mixin.py:188} INFO - [2026-07-13T22:50:30.445+0000] {dagbag.py:538} INFO - Filling up the DagBag from /opt/airflow/dags/dag_etl_camara_diario.py
[2026-07-13T22:50:30.454+0000] {processor.py:840} INFO - DAG(s) 'dag_etl_camara_diario' retrieved from /opt/airflow/dags/dag_etl_camara_diario.py
[2026-07-13T22:50:30.475+0000] {logging_mixin.py:188} INFO - [2026-07-13T22:50:30.475+0000] {dag.py:3036} INFO - Sync 1 DAGs
[2026-07-13T22:50:30.496+0000] {logging_mixin.py:188} INFO - [2026-07-13T22:50:30.496+0000] {dag.py:3823} INFO - Setting next_dagrun for dag_etl_camara_diario to 2026-07-12 03:00:00+00:00, run_after=2026-07-13 03:00:00+00:00
[2026-07-13T22:50:30.531+0000] {processor.py:183} INFO - Processing /opt/airflow/dags/dag_etl_camara_diario.py took 0.090 seconds
[2026-07-13T22:51:00.660+0000] {processor.py:161} INFO - Started process (PID=1578) to work on /opt/airflow/dags/dag_etl_camara_diario.py
[2026-07-13T22:51:00.660+0000] {processor.py:830} INFO - Processing file /opt/airflow/dags/dag_etl_camara_diario.py for tasks to queue
[2026-07-13T22:51:00.661+0000] {logging_mixin.py:188} INFO - [2026-07-13T22:51:00.661+0000] {dagbag.py:538} INFO - Filling up the DagBag from /opt/airflow/dags/dag_etl_camara_diario.py
[2026-07-13T22:51:00.670+0000] {processor.py:840} INFO - DAG(s) 'dag_etl_camara_diario' retrieved from /opt/airflow/dags/dag_etl_camara_diario.py
[2026-07-13T22:51:00.691+0000] {logging_mixin.py:188} INFO - [2026-07-13T22:51:00.691+0000] {dag.py:3036} INFO - Sync 1 DAGs
[2026-07-13T22:51:00.714+0000] {logging_mixin.py:188} INFO - [2026-07-13T22:51:00.714+0000] {dag.py:3823} INFO - Setting next_dagrun for dag_etl_camara_diario to 2026-07-12 03:00:00+00:00, run_after=2026-07-13 03:00:00+00:00
[2026-07-13T22:51:00.742+0000] {processor.py:183} INFO - Processing /opt/airflow/dags/dag_etl_camara_diario.py took 0.085 seconds
[2026-07-13T22:51:30.870+0000] {processor.py:161} INFO - Started process (PID=1593) to work on /opt/airflow/dags/dag_etl_camara_diario.py
[2026-07-13T22:51:30.871+0000] {processor.py:830} INFO - Processing file /opt/airflow/dags/dag_etl_camara_diario.py for tasks to queue
[2026-07-13T22:51:30.872+0000] {logging_mixin.py:188} INFO - [2026-07-13T22:51:30.871+0000] {dagbag.py:538} INFO - Filling up the DagBag from /opt/airflow/dags/dag_etl_camara_diario.py
[2026-07-13T22:51:30.881+0000] {processor.py:840} INFO - DAG(s) 'dag_etl_camara_diario' retrieved from /opt/airflow/dags/dag_etl_camara_diario.py
[2026-07-13T22:51:30.902+0000] {logging_mixin.py:188} INFO - [2026-07-13T22:51:30.902+0000] {dag.py:3036} INFO - Sync 1 DAGs
[2026-07-13T22:51:30.924+0000] {logging_mixin.py:188} INFO - [2026-07-13T22:51:30.924+0000] {dag.py:3823} INFO - Setting next_dagrun for dag_etl_camara_diario to 2026-07-12 03:00:00+00:00, run_after=2026-07-13 03:00:00+00:00
[2026-07-13T22:51:30.957+0000] {processor.py:183} INFO - Processing /opt/airflow/dags/dag_etl_camara_diario.py took 0.089 seconds
[2026-07-13T22:52:01.084+0000] {processor.py:161} INFO - Started process (PID=1608) to work on /opt/airflow/dags/dag_etl_camara_diario.py
[2026-07-13T22:52:01.085+0000] {processor.py:830} INFO - Processing file /opt/airflow/dags/dag_etl_camara_diario.py for tasks to queue
[2026-07-13T22:52:01.086+0000] {logging_mixin.py:188} INFO - [2026-07-13T22:52:01.085+0000] {dagbag.py:538} INFO - Filling up the DagBag from /opt/airflow/dags/dag_etl_camara_diario.py
[2026-07-13T22:52:01.095+0000] {processor.py:840} INFO - DAG(s) 'dag_etl_camara_diario' retrieved from /opt/airflow/dags/dag_etl_camara_diario.py
[2026-07-13T22:52:01.117+0000] {logging_mixin.py:188} INFO - [2026-07-13T22:52:01.117+0000] {dag.py:3036} INFO - Sync 1 DAGs
[2026-07-13T22:52:01.139+0000] {logging_mixin.py:188} INFO - [2026-07-13T22:52:01.139+0000] {dag.py:3823} INFO - Setting next_dagrun for dag_etl_camara_diario to 2026-07-12 03:00:00+00:00, run_after=2026-07-13 03:00:00+00:00
[2026-07-13T22:52:01.170+0000] {processor.py:183} INFO - Processing /opt/airflow/dags/dag_etl_camara_diario.py took 0.089 seconds
[2026-07-13T22:52:31.297+0000] {processor.py:161} INFO - Started process (PID=1623) to work on /opt/airflow/dags/dag_etl_camara_diario.py
[2026-07-13T22:52:31.298+0000] {processor.py:830} INFO - Processing file /opt/airflow/dags/dag_etl_camara_diario.py for tasks to queue
[2026-07-13T22:52:31.299+0000] {logging_mixin.py:188} INFO - [2026-07-13T22:52:31.299+0000] {dagbag.py:538} INFO - Filling up the DagBag from /opt/airflow/dags/dag_etl_camara_diario.py
[2026-07-13T22:52:31.307+0000] {processor.py:840} INFO - DAG(s) 'dag_etl_camara_diario' retrieved from /opt/airflow/dags/dag_etl_camara_diario.py
[2026-07-13T22:52:31.328+0000] {logging_mixin.py:188} INFO - [2026-07-13T22:52:31.328+0000] {dag.py:3036} INFO - Sync 1 DAGs
[2026-07-13T22:52:31.349+0000] {logging_mixin.py:188} INFO - [2026-07-13T22:52:31.349+0000] {dag.py:3823} INFO - Setting next_dagrun for dag_etl_camara_diario to 2026-07-12 03:00:00+00:00, run_after=2026-07-13 03:00:00+00:00
[2026-07-13T22:52:31.386+0000] {processor.py:183} INFO - Processing /opt/airflow/dags/dag_etl_camara_diario.py took 0.092 seconds
[2026-07-13T22:53:01.507+0000] {processor.py:161} INFO - Started process (PID=1638) to work on /opt/airflow/dags/dag_etl_camara_diario.py
[2026-07-13T22:53:01.508+0000] {processor.py:830} INFO - Processing file /opt/airflow/dags/dag_etl_camara_diario.py for tasks to queue
[2026-07-13T22:53:01.509+0000] {logging_mixin.py:188} INFO - [2026-07-13T22:53:01.509+0000] {dagbag.py:538} INFO - Filling up the DagBag from /opt/airflow/dags/dag_etl_camara_diario.py
[2026-07-13T22:53:01.518+0000] {processor.py:840} INFO - DAG(s) 'dag_etl_camara_diario' retrieved from /opt/airflow/dags/dag_etl_camara_diario.py
[2026-07-13T22:53:01.539+0000] {logging_mixin.py:188} INFO - [2026-07-13T22:53:01.539+0000] {dag.py:3036} INFO - Sync 1 DAGs
[2026-07-13T22:53:01.561+0000] {logging_mixin.py:188} INFO - [2026-07-13T22:53:01.561+0000] {dag.py:3823} INFO - Setting next_dagrun for dag_etl_camara_diario to 2026-07-12 03:00:00+00:00, run_after=2026-07-13 03:00:00+00:00
[2026-07-13T22:53:01.586+0000] {processor.py:183} INFO - Processing /opt/airflow/dags/dag_etl_camara_diario.py took 0.081 seconds
[2026-07-13T22:53:31.712+0000] {processor.py:161} INFO - Started process (PID=1653) to work on /opt/airflow/dags/dag_etl_camara_diario.py
[2026-07-13T22:53:31.713+0000] {processor.py:830} INFO - Processing file /opt/airflow/dags/dag_etl_camara_diario.py for tasks to queue
[2026-07-13T22:53:31.713+0000] {logging_mixin.py:188} INFO - [2026-07-13T22:53:31.713+0000] {dagbag.py:538} INFO - Filling up the DagBag from /opt/airflow/dags/dag_etl_camara_diario.py
[2026-07-13T22:53:31.722+0000] {processor.py:840} INFO - DAG(s) 'dag_etl_camara_diario' retrieved from /opt/airflow/dags/dag_etl_camara_diario.py
[2026-07-13T22:53:31.743+0000] {logging_mixin.py:188} INFO - [2026-07-13T22:53:31.742+0000] {dag.py:3036} INFO - Sync 1 DAGs
[2026-07-13T22:53:31.764+0000] {logging_mixin.py:188} INFO - [2026-07-13T22:53:31.764+0000] {dag.py:3823} INFO - Setting next_dagrun for dag_etl_camara_diario to 2026-07-12 03:00:00+00:00, run_after=2026-07-13 03:00:00+00:00
[2026-07-13T22:53:31.781+0000] {processor.py:183} INFO - Processing /opt/airflow/dags/dag_etl_camara_diario.py took 0.072 seconds
[2026-07-13T22:54:01.909+0000] {processor.py:161} INFO - Started process (PID=1668) to work on /opt/airflow/dags/dag_etl_camara_diario.py
[2026-07-13T22:54:01.909+0000] {processor.py:830} INFO - Processing file /opt/airflow/dags/dag_etl_camara_diario.py for tasks to queue
[2026-07-13T22:54:01.910+0000] {logging_mixin.py:188} INFO - [2026-07-13T22:54:01.910+0000] {dagbag.py:538} INFO - Filling up the DagBag from /opt/airflow/dags/dag_etl_camara_diario.py
[2026-07-13T22:54:01.919+0000] {processor.py:840} INFO - DAG(s) 'dag_etl_camara_diario' retrieved from /opt/airflow/dags/dag_etl_camara_diario.py
[2026-07-13T22:54:01.940+0000] {logging_mixin.py:188} INFO - [2026-07-13T22:54:01.940+0000] {dag.py:3036} INFO - Sync 1 DAGs
[2026-07-13T22:54:01.962+0000] {logging_mixin.py:188} INFO - [2026-07-13T22:54:01.962+0000] {dag.py:3823} INFO - Setting next_dagrun for dag_etl_camara_diario to 2026-07-12 03:00:00+00:00, run_after=2026-07-13 03:00:00+00:00
[2026-07-13T22:54:01.983+0000] {processor.py:183} INFO - Processing /opt/airflow/dags/dag_etl_camara_diario.py took 0.077 seconds
[2026-07-13T22:54:32.110+0000] {processor.py:161} INFO - Started process (PID=1683) to work on /opt/airflow/dags/dag_etl_camara_diario.py
[2026-07-13T22:54:32.111+0000] {processor.py:830} INFO - Processing file /opt/airflow/dags/dag_etl_camara_diario.py for tasks to queue
[2026-07-13T22:54:32.111+0000] {logging_mixin.py:188} INFO - [2026-07-13T22:54:32.111+0000] {dagbag.py:538} INFO - Filling up the DagBag from /opt/airflow/dags/dag_etl_camara_diario.py
[2026-07-13T22:54:32.120+0000] {processor.py:840} INFO - DAG(s) 'dag_etl_camara_diario' retrieved from /opt/airflow/dags/dag_etl_camara_diario.py
[2026-07-13T22:54:32.142+0000] {logging_mixin.py:188} INFO - [2026-07-13T22:54:32.142+0000] {dag.py:3036} INFO - Sync 1 DAGs
[2026-07-13T22:54:32.165+0000] {logging_mixin.py:188} INFO - [2026-07-13T22:54:32.165+0000] {dag.py:3823} INFO - Setting next_dagrun for dag_etl_camara_diario to 2026-07-12 03:00:00+00:00, run_after=2026-07-13 03:00:00+00:00
[2026-07-13T22:54:32.186+0000] {processor.py:183} INFO - Processing /opt/airflow/dags/dag_etl_camara_diario.py took 0.079 seconds
[2026-07-13T22:55:02.314+0000] {processor.py:161} INFO - Started process (PID=1698) to work on /opt/airflow/dags/dag_etl_camara_diario.py
[2026-07-13T22:55:02.314+0000] {processor.py:830} INFO - Processing file /opt/airflow/dags/dag_etl_camara_diario.py for tasks to queue
[2026-07-13T22:55:02.315+0000] {logging_mixin.py:188} INFO - [2026-07-13T22:55:02.315+0000] {dagbag.py:538} INFO - Filling up the DagBag from /opt/airflow/dags/dag_etl_camara_diario.py
[2026-07-13T22:55:02.324+0000] {processor.py:840} INFO - DAG(s) 'dag_etl_camara_diario' retrieved from /opt/airflow/dags/dag_etl_camara_diario.py
[2026-07-13T22:55:02.346+0000] {logging_mixin.py:188} INFO - [2026-07-13T22:55:02.345+0000] {dag.py:3036} INFO - Sync 1 DAGs
[2026-07-13T22:55:02.368+0000] {logging_mixin.py:188} INFO - [2026-07-13T22:55:02.367+0000] {dag.py:3823} INFO - Setting next_dagrun for dag_etl_camara_diario to 2026-07-12 03:00:00+00:00, run_after=2026-07-13 03:00:00+00:00
[2026-07-13T22:55:02.383+0000] {processor.py:183} INFO - Processing /opt/airflow/dags/dag_etl_camara_diario.py took 0.072 seconds
[2026-07-13T22:55:32.510+0000] {processor.py:161} INFO - Started process (PID=1713) to work on /opt/airflow/dags/dag_etl_camara_diario.py
[2026-07-13T22:55:32.511+0000] {processor.py:830} INFO - Processing file /opt/airflow/dags/dag_etl_camara_diario.py for tasks to queue
[2026-07-13T22:55:32.511+0000] {logging_mixin.py:188} INFO - [2026-07-13T22:55:32.511+0000] {dagbag.py:538} INFO - Filling up the DagBag from /opt/airflow/dags/dag_etl_camara_diario.py
[2026-07-13T22:55:32.520+0000] {processor.py:840} INFO - DAG(s) 'dag_etl_camara_diario' retrieved from /opt/airflow/dags/dag_etl_camara_diario.py
[2026-07-13T22:55:32.541+0000] {logging_mixin.py:188} INFO - [2026-07-13T22:55:32.540+0000] {dag.py:3036} INFO - Sync 1 DAGs
[2026-07-13T22:55:32.562+0000] {logging_mixin.py:188} INFO - [2026-07-13T22:55:32.562+0000] {dag.py:3823} INFO - Setting next_dagrun for dag_etl_camara_diario to 2026-07-12 03:00:00+00:00, run_after=2026-07-13 03:00:00+00:00
[2026-07-13T22:55:32.602+0000] {processor.py:183} INFO - Processing /opt/airflow/dags/dag_etl_camara_diario.py took 0.094 seconds
[2026-07-13T22:56:02.730+0000] {processor.py:161} INFO - Started process (PID=1728) to work on /opt/airflow/dags/dag_etl_camara_diario.py
[2026-07-13T22:56:02.731+0000] {processor.py:830} INFO - Processing file /opt/airflow/dags/dag_etl_camara_diario.py for tasks to queue
[2026-07-13T22:56:02.731+0000] {logging_mixin.py:188} INFO - [2026-07-13T22:56:02.731+0000] {dagbag.py:538} INFO - Filling up the DagBag from /opt/airflow/dags/dag_etl_camara_diario.py
[2026-07-13T22:56:02.740+0000] {processor.py:840} INFO - DAG(s) 'dag_etl_camara_diario' retrieved from /opt/airflow/dags/dag_etl_camara_diario.py
[2026-07-13T22:56:02.761+0000] {logging_mixin.py:188} INFO - [2026-07-13T22:56:02.761+0000] {dag.py:3036} INFO - Sync 1 DAGs
[2026-07-13T22:56:02.782+0000] {logging_mixin.py:188} INFO - [2026-07-13T22:56:02.782+0000] {dag.py:3823} INFO - Setting next_dagrun for dag_etl_camara_diario to 2026-07-12 03:00:00+00:00, run_after=2026-07-13 03:00:00+00:00
[2026-07-13T22:56:02.812+0000] {processor.py:183} INFO - Processing /opt/airflow/dags/dag_etl_camara_diario.py took 0.085 seconds
[2026-07-13T22:56:32.937+0000] {processor.py:161} INFO - Started process (PID=1743) to work on /opt/airflow/dags/dag_etl_camara_diario.py
[2026-07-13T22:56:32.938+0000] {processor.py:830} INFO - Processing file /opt/airflow/dags/dag_etl_camara_diario.py for tasks to queue
[2026-07-13T22:56:32.938+0000] {logging_mixin.py:188} INFO - [2026-07-13T22:56:32.938+0000] {dagbag.py:538} INFO - Filling up the DagBag from /opt/airflow/dags/dag_etl_camara_diario.py
[2026-07-13T22:56:32.948+0000] {processor.py:840} INFO - DAG(s) 'dag_etl_camara_diario' retrieved from /opt/airflow/dags/dag_etl_camara_diario.py
[2026-07-13T22:56:32.970+0000] {logging_mixin.py:188} INFO - [2026-07-13T22:56:32.970+0000] {dag.py:3036} INFO - Sync 1 DAGs
[2026-07-13T22:56:32.994+0000] {logging_mixin.py:188} INFO - [2026-07-13T22:56:32.994+0000] {dag.py:3823} INFO - Setting next_dagrun for dag_etl_camara_diario to 2026-07-12 03:00:00+00:00, run_after=2026-07-13 03:00:00+00:00
[2026-07-13T22:56:33.028+0000] {processor.py:183} INFO - Processing /opt/airflow/dags/dag_etl_camara_diario.py took 0.093 seconds
[2026-07-13T22:57:03.155+0000] {processor.py:161} INFO - Started process (PID=1758) to work on /opt/airflow/dags/dag_etl_camara_diario.py
[2026-07-13T22:57:03.156+0000] {processor.py:830} INFO - Processing file /opt/airflow/dags/dag_etl_camara_diario.py for tasks to queue
[2026-07-13T22:57:03.157+0000] {logging_mixin.py:188} INFO - [2026-07-13T22:57:03.156+0000] {dagbag.py:538} INFO - Filling up the DagBag from /opt/airflow/dags/dag_etl_camara_diario.py
[2026-07-13T22:57:03.166+0000] {processor.py:840} INFO - DAG(s) 'dag_etl_camara_diario' retrieved from /opt/airflow/dags/dag_etl_camara_diario.py
[2026-07-13T22:57:03.189+0000] {logging_mixin.py:188} INFO - [2026-07-13T22:57:03.189+0000] {dag.py:3036} INFO - Sync 1 DAGs
[2026-07-13T22:57:03.211+0000] {logging_mixin.py:188} INFO - [2026-07-13T22:57:03.211+0000] {dag.py:3823} INFO - Setting next_dagrun for dag_etl_camara_diario to 2026-07-12 03:00:00+00:00, run_after=2026-07-13 03:00:00+00:00
[2026-07-13T22:57:03.234+0000] {processor.py:183} INFO - Processing /opt/airflow/dags/dag_etl_camara_diario.py took 0.081 seconds
[2026-07-13T22:57:33.361+0000] {processor.py:161} INFO - Started process (PID=1773) to work on /opt/airflow/dags/dag_etl_camara_diario.py
[2026-07-13T22:57:33.362+0000] {processor.py:830} INFO - Processing file /opt/airflow/dags/dag_etl_camara_diario.py for tasks to queue
[2026-07-13T22:57:33.362+0000] {logging_mixin.py:188} INFO - [2026-07-13T22:57:33.362+0000] {dagbag.py:538} INFO - Filling up the DagBag from /opt/airflow/dags/dag_etl_camara_diario.py
[2026-07-13T22:57:33.371+0000] {processor.py:840} INFO - DAG(s) 'dag_etl_camara_diario' retrieved from /opt/airflow/dags/dag_etl_camara_diario.py
[2026-07-13T22:57:33.392+0000] {logging_mixin.py:188} INFO - [2026-07-13T22:57:33.392+0000] {dag.py:3036} INFO - Sync 1 DAGs
[2026-07-13T22:57:33.413+0000] {logging_mixin.py:188} INFO - [2026-07-13T22:57:33.413+0000] {dag.py:3823} INFO - Setting next_dagrun for dag_etl_camara_diario to 2026-07-12 03:00:00+00:00, run_after=2026-07-13 03:00:00+00:00
[2026-07-13T22:57:33.450+0000] {processor.py:183} INFO - Processing /opt/airflow/dags/dag_etl_camara_diario.py took 0.091 seconds
[2026-07-13T22:58:03.579+0000] {processor.py:161} INFO - Started process (PID=1788) to work on /opt/airflow/dags/dag_etl_camara_diario.py
[2026-07-13T22:58:03.579+0000] {processor.py:830} INFO - Processing file /opt/airflow/dags/dag_etl_camara_diario.py for tasks to queue
[2026-07-13T22:58:03.580+0000] {logging_mixin.py:188} INFO - [2026-07-13T22:58:03.580+0000] {dagbag.py:538} INFO - Filling up the DagBag from /opt/airflow/dags/dag_etl_camara_diario.py
[2026-07-13T22:58:03.589+0000] {processor.py:840} INFO - DAG(s) 'dag_etl_camara_diario' retrieved from /opt/airflow/dags/dag_etl_camara_diario.py
[2026-07-13T22:58:03.610+0000] {logging_mixin.py:188} INFO - [2026-07-13T22:58:03.610+0000] {dag.py:3036} INFO - Sync 1 DAGs
[2026-07-13T22:58:03.632+0000] {logging_mixin.py:188} INFO - [2026-07-13T22:58:03.632+0000] {dag.py:3823} INFO - Setting next_dagrun for dag_etl_camara_diario to 2026-07-12 03:00:00+00:00, run_after=2026-07-13 03:00:00+00:00
[2026-07-13T22:58:03.658+0000] {processor.py:183} INFO - Processing /opt/airflow/dags/dag_etl_camara_diario.py took 0.082 seconds
[2026-07-13T22:58:33.785+0000] {processor.py:161} INFO - Started process (PID=1803) to work on /opt/airflow/dags/dag_etl_camara_diario.py
[2026-07-13T22:58:33.786+0000] {processor.py:830} INFO - Processing file /opt/airflow/dags/dag_etl_camara_diario.py for tasks to queue
[2026-07-13T22:58:33.786+0000] {logging_mixin.py:188} INFO - [2026-07-13T22:58:33.786+0000] {dagbag.py:538} INFO - Filling up the DagBag from /opt/airflow/dags/dag_etl_camara_diario.py
[2026-07-13T22:58:33.796+0000] {processor.py:840} INFO - DAG(s) 'dag_etl_camara_diario' retrieved from /opt/airflow/dags/dag_etl_camara_diario.py
[2026-07-13T22:58:33.817+0000] {logging_mixin.py:188} INFO - [2026-07-13T22:58:33.816+0000] {dag.py:3036} INFO - Sync 1 DAGs
[2026-07-13T22:58:33.837+0000] {logging_mixin.py:188} INFO - [2026-07-13T22:58:33.837+0000] {dag.py:3823} INFO - Setting next_dagrun for dag_etl_camara_diario to 2026-07-12 03:00:00+00:00, run_after=2026-07-13 03:00:00+00:00
[2026-07-13T22:58:33.877+0000] {processor.py:183} INFO - Processing /opt/airflow/dags/dag_etl_camara_diario.py took 0.094 seconds
[2026-07-13T22:59:04.007+0000] {processor.py:161} INFO - Started process (PID=1818) to work on /opt/airflow/dags/dag_etl_camara_diario.py
[2026-07-13T22:59:04.008+0000] {processor.py:830} INFO - Processing file /opt/airflow/dags/dag_etl_camara_diario.py for tasks to queue
[2026-07-13T22:59:04.008+0000] {logging_mixin.py:188} INFO - [2026-07-13T22:59:04.008+0000] {dagbag.py:538} INFO - Filling up the DagBag from /opt/airflow/dags/dag_etl_camara_diario.py
[2026-07-13T22:59:04.017+0000] {processor.py:840} INFO - DAG(s) 'dag_etl_camara_diario' retrieved from /opt/airflow/dags/dag_etl_camara_diario.py
[2026-07-13T22:59:04.038+0000] {logging_mixin.py:188} INFO - [2026-07-13T22:59:04.038+0000] {dag.py:3036} INFO - Sync 1 DAGs
[2026-07-13T22:59:04.058+0000] {logging_mixin.py:188} INFO - [2026-07-13T22:59:04.058+0000] {dag.py:3823} INFO - Setting next_dagrun for dag_etl_camara_diario to 2026-07-12 03:00:00+00:00, run_after=2026-07-13 03:00:00+00:00
[2026-07-13T22:59:04.098+0000] {processor.py:183} INFO - Processing /opt/airflow/dags/dag_etl_camara_diario.py took 0.094 seconds
[2026-07-13T22:59:34.226+0000] {processor.py:161} INFO - Started process (PID=1833) to work on /opt/airflow/dags/dag_etl_camara_diario.py
[2026-07-13T22:59:34.226+0000] {processor.py:830} INFO - Processing file /opt/airflow/dags/dag_etl_camara_diario.py for tasks to queue
[2026-07-13T22:59:34.227+0000] {logging_mixin.py:188} INFO - [2026-07-13T22:59:34.227+0000] {dagbag.py:538} INFO - Filling up the DagBag from /opt/airflow/dags/dag_etl_camara_diario.py
[2026-07-13T22:59:34.239+0000] {processor.py:840} INFO - DAG(s) 'dag_etl_camara_diario' retrieved from /opt/airflow/dags/dag_etl_camara_diario.py
[2026-07-13T22:59:34.263+0000] {logging_mixin.py:188} INFO - [2026-07-13T22:59:34.263+0000] {dag.py:3036} INFO - Sync 1 DAGs
[2026-07-13T22:59:34.289+0000] {logging_mixin.py:188} INFO - [2026-07-13T22:59:34.289+0000] {dag.py:3823} INFO - Setting next_dagrun for dag_etl_camara_diario to 2026-07-12 03:00:00+00:00, run_after=2026-07-13 03:00:00+00:00
[2026-07-13T22:59:34.332+0000] {processor.py:183} INFO - Processing /opt/airflow/dags/dag_etl_camara_diario.py took 0.109 seconds
[2026-07-13T23:00:04.461+0000] {processor.py:161} INFO - Started process (PID=1848) to work on /opt/airflow/dags/dag_etl_camara_diario.py
[2026-07-13T23:00:04.462+0000] {processor.py:830} INFO - Processing file /opt/airflow/dags/dag_etl_camara_diario.py for tasks to queue
[2026-07-13T23:00:04.462+0000] {logging_mixin.py:188} INFO - [2026-07-13T23:00:04.462+0000] {dagbag.py:538} INFO - Filling up the DagBag from /opt/airflow/dags/dag_etl_camara_diario.py
[2026-07-13T23:00:04.471+0000] {processor.py:840} INFO - DAG(s) 'dag_etl_camara_diario' retrieved from /opt/airflow/dags/dag_etl_camara_diario.py
[2026-07-13T23:00:04.492+0000] {logging_mixin.py:188} INFO - [2026-07-13T23:00:04.492+0000] {dag.py:3036} INFO - Sync 1 DAGs
[2026-07-13T23:00:04.513+0000] {logging_mixin.py:188} INFO - [2026-07-13T23:00:04.513+0000] {dag.py:3823} INFO - Setting next_dagrun for dag_etl_camara_diario to 2026-07-12 03:00:00+00:00, run_after=2026-07-13 03:00:00+00:00
[2026-07-13T23:00:04.550+0000] {processor.py:183} INFO - Processing /opt/airflow/dags/dag_etl_camara_diario.py took 0.092 seconds
[2026-07-13T23:00:34.674+0000] {processor.py:161} INFO - Started process (PID=1863) to work on /opt/airflow/dags/dag_etl_camara_diario.py
[2026-07-13T23:00:34.675+0000] {processor.py:830} INFO - Processing file /opt/airflow/dags/dag_etl_camara_diario.py for tasks to queue
[2026-07-13T23:00:34.675+0000] {logging_mixin.py:188} INFO - [2026-07-13T23:00:34.675+0000] {dagbag.py:538} INFO - Filling up the DagBag from /opt/airflow/dags/dag_etl_camara_diario.py
[2026-07-13T23:00:34.685+0000] {processor.py:840} INFO - DAG(s) 'dag_etl_camara_diario' retrieved from /opt/airflow/dags/dag_etl_camara_diario.py
[2026-07-13T23:00:34.708+0000] {logging_mixin.py:188} INFO - [2026-07-13T23:00:34.708+0000] {dag.py:3036} INFO - Sync 1 DAGs
[2026-07-13T23:00:34.730+0000] {logging_mixin.py:188} INFO - [2026-07-13T23:00:34.729+0000] {dag.py:3823} INFO - Setting next_dagrun for dag_etl_camara_diario to 2026-07-12 03:00:00+00:00, run_after=2026-07-13 03:00:00+00:00
[2026-07-13T23:00:34.768+0000] {processor.py:183} INFO - Processing /opt/airflow/dags/dag_etl_camara_diario.py took 0.097 seconds
[2026-07-13T23:01:04.893+0000] {processor.py:161} INFO - Started process (PID=1878) to work on /opt/airflow/dags/dag_etl_camara_diario.py
[2026-07-13T23:01:04.893+0000] {processor.py:830} INFO - Processing file /opt/airflow/dags/dag_etl_camara_diario.py for tasks to queue
[2026-07-13T23:01:04.894+0000] {logging_mixin.py:188} INFO - [2026-07-13T23:01:04.894+0000] {dagbag.py:538} INFO - Filling up the DagBag from /opt/airflow/dags/dag_etl_camara_diario.py
[2026-07-13T23:01:04.903+0000] {processor.py:840} INFO - DAG(s) 'dag_etl_camara_diario' retrieved from /opt/airflow/dags/dag_etl_camara_diario.py
[2026-07-13T23:01:04.925+0000] {logging_mixin.py:188} INFO - [2026-07-13T23:01:04.924+0000] {dag.py:3036} INFO - Sync 1 DAGs
[2026-07-13T23:01:04.947+0000] {logging_mixin.py:188} INFO - [2026-07-13T23:01:04.946+0000] {dag.py:3823} INFO - Setting next_dagrun for dag_etl_camara_diario to 2026-07-12 03:00:00+00:00, run_after=2026-07-13 03:00:00+00:00
[2026-07-13T23:01:04.985+0000] {processor.py:183} INFO - Processing /opt/airflow/dags/dag_etl_camara_diario.py took 0.095 seconds
[2026-07-13T23:01:35.111+0000] {processor.py:161} INFO - Started process (PID=1893) to work on /opt/airflow/dags/dag_etl_camara_diario.py
[2026-07-13T23:01:35.112+0000] {processor.py:830} INFO - Processing file /opt/airflow/dags/dag_etl_camara_diario.py for tasks to queue
[2026-07-13T23:01:35.112+0000] {logging_mixin.py:188} INFO - [2026-07-13T23:01:35.112+0000] {dagbag.py:538} INFO - Filling up the DagBag from /opt/airflow/dags/dag_etl_camara_diario.py
[2026-07-13T23:01:35.121+0000] {processor.py:840} INFO - DAG(s) 'dag_etl_camara_diario' retrieved from /opt/airflow/dags/dag_etl_camara_diario.py
[2026-07-13T23:01:35.143+0000] {logging_mixin.py:188} INFO - [2026-07-13T23:01:35.142+0000] {dag.py:3036} INFO - Sync 1 DAGs
[2026-07-13T23:01:35.165+0000] {logging_mixin.py:188} INFO - [2026-07-13T23:01:35.165+0000] {dag.py:3823} INFO - Setting next_dagrun for dag_etl_camara_diario to 2026-07-12 03:00:00+00:00, run_after=2026-07-13 03:00:00+00:00
[2026-07-13T23:01:35.195+0000] {processor.py:183} INFO - Processing /opt/airflow/dags/dag_etl_camara_diario.py took 0.086 seconds
[2026-07-13T23:02:05.322+0000] {processor.py:161} INFO - Started process (PID=1908) to work on /opt/airflow/dags/dag_etl_camara_diario.py
[2026-07-13T23:02:05.322+0000] {processor.py:830} INFO - Processing file /opt/airflow/dags/dag_etl_camara_diario.py for tasks to queue
[2026-07-13T23:02:05.323+0000] {logging_mixin.py:188} INFO - [2026-07-13T23:02:05.323+0000] {dagbag.py:538} INFO - Filling up the DagBag from /opt/airflow/dags/dag_etl_camara_diario.py
[2026-07-13T23:02:05.333+0000] {processor.py:840} INFO - DAG(s) 'dag_etl_camara_diario' retrieved from /opt/airflow/dags/dag_etl_camara_diario.py
[2026-07-13T23:02:05.354+0000] {logging_mixin.py:188} INFO - [2026-07-13T23:02:05.354+0000] {dag.py:3036} INFO - Sync 1 DAGs
[2026-07-13T23:02:05.376+0000] {logging_mixin.py:188} INFO - [2026-07-13T23:02:05.376+0000] {dag.py:3823} INFO - Setting next_dagrun for dag_etl_camara_diario to 2026-07-12 03:00:00+00:00, run_after=2026-07-13 03:00:00+00:00
[2026-07-13T23:02:05.418+0000] {processor.py:183} INFO - Processing /opt/airflow/dags/dag_etl_camara_diario.py took 0.099 seconds
[2026-07-13T23:02:35.545+0000] {processor.py:161} INFO - Started process (PID=1923) to work on /opt/airflow/dags/dag_etl_camara_diario.py
[2026-07-13T23:02:35.546+0000] {processor.py:830} INFO - Processing file /opt/airflow/dags/dag_etl_camara_diario.py for tasks to queue
[2026-07-13T23:02:35.547+0000] {logging_mixin.py:188} INFO - [2026-07-13T23:02:35.547+0000] {dagbag.py:538} INFO - Filling up the DagBag from /opt/airflow/dags/dag_etl_camara_diario.py
[2026-07-13T23:02:35.556+0000] {processor.py:840} INFO - DAG(s) 'dag_etl_camara_diario' retrieved from /opt/airflow/dags/dag_etl_camara_diario.py
[2026-07-13T23:02:35.578+0000] {logging_mixin.py:188} INFO - [2026-07-13T23:02:35.577+0000] {dag.py:3036} INFO - Sync 1 DAGs
[2026-07-13T23:02:35.601+0000] {logging_mixin.py:188} INFO - [2026-07-13T23:02:35.600+0000] {dag.py:3823} INFO - Setting next_dagrun for dag_etl_camara_diario to 2026-07-12 03:00:00+00:00, run_after=2026-07-13 03:00:00+00:00
[2026-07-13T23:02:35.642+0000] {processor.py:183} INFO - Processing /opt/airflow/dags/dag_etl_camara_diario.py took 0.100 seconds
[2026-07-13T23:03:05.772+0000] {processor.py:161} INFO - Started process (PID=1938) to work on /opt/airflow/dags/dag_etl_camara_diario.py
[2026-07-13T23:03:05.773+0000] {processor.py:830} INFO - Processing file /opt/airflow/dags/dag_etl_camara_diario.py for tasks to queue
[2026-07-13T23:03:05.773+0000] {logging_mixin.py:188} INFO - [2026-07-13T23:03:05.773+0000] {dagbag.py:538} INFO - Filling up the DagBag from /opt/airflow/dags/dag_etl_camara_diario.py
[2026-07-13T23:03:05.782+0000] {processor.py:840} INFO - DAG(s) 'dag_etl_camara_diario' retrieved from /opt/airflow/dags/dag_etl_camara_diario.py
[2026-07-13T23:03:05.803+0000] {logging_mixin.py:188} INFO - [2026-07-13T23:03:05.803+0000] {dag.py:3036} INFO - Sync 1 DAGs
[2026-07-13T23:03:05.823+0000] {logging_mixin.py:188} INFO - [2026-07-13T23:03:05.823+0000] {dag.py:3823} INFO - Setting next_dagrun for dag_etl_camara_diario to 2026-07-12 03:00:00+00:00, run_after=2026-07-13 03:00:00+00:00
[2026-07-13T23:03:05.838+0000] {processor.py:183} INFO - Processing /opt/airflow/dags/dag_etl_camara_diario.py took 0.069 seconds
[2026-07-13T23:03:35.957+0000] {processor.py:161} INFO - Started process (PID=1953) to work on /opt/airflow/dags/dag_etl_camara_diario.py
[2026-07-13T23:03:35.958+0000] {processor.py:830} INFO - Processing file /opt/airflow/dags/dag_etl_camara_diario.py for tasks to queue
[2026-07-13T23:03:35.959+0000] {logging_mixin.py:188} INFO - [2026-07-13T23:03:35.959+0000] {dagbag.py:538} INFO - Filling up the DagBag from /opt/airflow/dags/dag_etl_camara_diario.py
[2026-07-13T23:03:35.968+0000] {processor.py:840} INFO - DAG(s) 'dag_etl_camara_diario' retrieved from /opt/airflow/dags/dag_etl_camara_diario.py
[2026-07-13T23:03:35.989+0000] {logging_mixin.py:188} INFO - [2026-07-13T23:03:35.989+0000] {dag.py:3036} INFO - Sync 1 DAGs
[2026-07-13T23:03:36.011+0000] {logging_mixin.py:188} INFO - [2026-07-13T23:03:36.010+0000] {dag.py:3823} INFO - Setting next_dagrun for dag_etl_camara_diario to 2026-07-12 03:00:00+00:00, run_after=2026-07-13 03:00:00+00:00
[2026-07-13T23:03:36.029+0000] {processor.py:183} INFO - Processing /opt/airflow/dags/dag_etl_camara_diario.py took 0.074 seconds
[2026-07-13T23:04:06.166+0000] {processor.py:161} INFO - Started process (PID=1968) to work on /opt/airflow/dags/dag_etl_camara_diario.py
[2026-07-13T23:04:06.166+0000] {processor.py:830} INFO - Processing file /opt/airflow/dags/dag_etl_camara_diario.py for tasks to queue
[2026-07-13T23:04:06.167+0000] {logging_mixin.py:188} INFO - [2026-07-13T23:04:06.167+0000] {dagbag.py:538} INFO - Filling up the DagBag from /opt/airflow/dags/dag_etl_camara_diario.py
[2026-07-13T23:04:06.176+0000] {processor.py:840} INFO - DAG(s) 'dag_etl_camara_diario' retrieved from /opt/airflow/dags/dag_etl_camara_diario.py
[2026-07-13T23:04:06.198+0000] {logging_mixin.py:188} INFO - [2026-07-13T23:04:06.197+0000] {dag.py:3036} INFO - Sync 1 DAGs
[2026-07-13T23:04:06.223+0000] {logging_mixin.py:188} INFO - [2026-07-13T23:04:06.223+0000] {dag.py:3823} INFO - Setting next_dagrun for dag_etl_camara_diario to 2026-07-12 03:00:00+00:00, run_after=2026-07-13 03:00:00+00:00
[2026-07-13T23:04:06.249+0000] {processor.py:183} INFO - Processing /opt/airflow/dags/dag_etl_camara_diario.py took 0.086 seconds
[2026-07-13T23:04:36.367+0000] {processor.py:161} INFO - Started process (PID=1983) to work on /opt/airflow/dags/dag_etl_camara_diario.py
[2026-07-13T23:04:36.368+0000] {processor.py:830} INFO - Processing file /opt/airflow/dags/dag_etl_camara_diario.py for tasks to queue
[2026-07-13T23:04:36.369+0000] {logging_mixin.py:188} INFO - [2026-07-13T23:04:36.369+0000] {dagbag.py:538} INFO - Filling up the DagBag from /opt/airflow/dags/dag_etl_camara_diario.py
[2026-07-13T23:04:36.381+0000] {processor.py:840} INFO - DAG(s) 'dag_etl_camara_diario' retrieved from /opt/airflow/dags/dag_etl_camara_diario.py
[2026-07-13T23:04:36.403+0000] {logging_mixin.py:188} INFO - [2026-07-13T23:04:36.403+0000] {dag.py:3036} INFO - Sync 1 DAGs
[2026-07-13T23:04:36.425+0000] {logging_mixin.py:188} INFO - [2026-07-13T23:04:36.425+0000] {dag.py:3823} INFO - Setting next_dagrun for dag_etl_camara_diario to 2026-07-12 03:00:00+00:00, run_after=2026-07-13 03:00:00+00:00
[2026-07-13T23:04:36.605+0000] {processor.py:183} INFO - Processing /opt/airflow/dags/dag_etl_camara_diario.py took 0.241 seconds
[2026-07-13T23:05:07.501+0000] {processor.py:161} INFO - Started process (PID=1998) to work on /opt/airflow/dags/dag_etl_camara_diario.py
[2026-07-13T23:05:07.501+0000] {processor.py:830} INFO - Processing file /opt/airflow/dags/dag_etl_camara_diario.py for tasks to queue
[2026-07-13T23:05:07.502+0000] {logging_mixin.py:188} INFO - [2026-07-13T23:05:07.502+0000] {dagbag.py:538} INFO - Filling up the DagBag from /opt/airflow/dags/dag_etl_camara_diario.py
[2026-07-13T23:05:07.511+0000] {processor.py:840} INFO - DAG(s) 'dag_etl_camara_diario' retrieved from /opt/airflow/dags/dag_etl_camara_diario.py
[2026-07-13T23:05:07.534+0000] {logging_mixin.py:188} INFO - [2026-07-13T23:05:07.534+0000] {dag.py:3036} INFO - Sync 1 DAGs
[2026-07-13T23:05:07.560+0000] {logging_mixin.py:188} INFO - [2026-07-13T23:05:07.560+0000] {dag.py:3823} INFO - Setting next_dagrun for dag_etl_camara_diario to 2026-07-12 03:00:00+00:00, run_after=2026-07-13 03:00:00+00:00
[2026-07-13T23:05:07.581+0000] {processor.py:183} INFO - Processing /opt/airflow/dags/dag_etl_camara_diario.py took 0.083 seconds
[2026-07-13T23:05:37.714+0000] {processor.py:161} INFO - Started process (PID=2013) to work on /opt/airflow/dags/dag_etl_camara_diario.py
[2026-07-13T23:05:37.715+0000] {processor.py:830} INFO - Processing file /opt/airflow/dags/dag_etl_camara_diario.py for tasks to queue
[2026-07-13T23:05:37.716+0000] {logging_mixin.py:188} INFO - [2026-07-13T23:05:37.716+0000] {dagbag.py:538} INFO - Filling up the DagBag from /opt/airflow/dags/dag_etl_camara_diario.py
[2026-07-13T23:05:37.727+0000] {processor.py:840} INFO - DAG(s) 'dag_etl_camara_diario' retrieved from /opt/airflow/dags/dag_etl_camara_diario.py
[2026-07-13T23:05:37.752+0000] {logging_mixin.py:188} INFO - [2026-07-13T23:05:37.751+0000] {dag.py:3036} INFO - Sync 1 DAGs
[2026-07-13T23:05:37.780+0000] {logging_mixin.py:188} INFO - [2026-07-13T23:05:37.780+0000] {dag.py:3823} INFO - Setting next_dagrun for dag_etl_camara_diario to 2026-07-12 03:00:00+00:00, run_after=2026-07-13 03:00:00+00:00
[2026-07-13T23:05:37.798+0000] {processor.py:183} INFO - Processing /opt/airflow/dags/dag_etl_camara_diario.py took 0.087 seconds
[2026-07-13T23:06:07.931+0000] {processor.py:161} INFO - Started process (PID=2028) to work on /opt/airflow/dags/dag_etl_camara_diario.py
[2026-07-13T23:06:07.932+0000] {processor.py:830} INFO - Processing file /opt/airflow/dags/dag_etl_camara_diario.py for tasks to queue
[2026-07-13T23:06:07.933+0000] {logging_mixin.py:188} INFO - [2026-07-13T23:06:07.932+0000] {dagbag.py:538} INFO - Filling up the DagBag from /opt/airflow/dags/dag_etl_camara_diario.py
[2026-07-13T23:06:07.942+0000] {processor.py:840} INFO - DAG(s) 'dag_etl_camara_diario' retrieved from /opt/airflow/dags/dag_etl_camara_diario.py
[2026-07-13T23:06:07.963+0000] {logging_mixin.py:188} INFO - [2026-07-13T23:06:07.963+0000] {dag.py:3036} INFO - Sync 1 DAGs
[2026-07-13T23:06:07.985+0000] {logging_mixin.py:188} INFO - [2026-07-13T23:06:07.985+0000] {dag.py:3823} INFO - Setting next_dagrun for dag_etl_camara_diario to 2026-07-12 03:00:00+00:00, run_after=2026-07-13 03:00:00+00:00
[2026-07-13T23:06:07.999+0000] {processor.py:183} INFO - Processing /opt/airflow/dags/dag_etl_camara_diario.py took 0.070 seconds
[2026-07-13T23:06:38.127+0000] {processor.py:161} INFO - Started process (PID=2043) to work on /opt/airflow/dags/dag_etl_camara_diario.py
[2026-07-13T23:06:38.128+0000] {processor.py:830} INFO - Processing file /opt/airflow/dags/dag_etl_camara_diario.py for tasks to queue
[2026-07-13T23:06:38.129+0000] {logging_mixin.py:188} INFO - [2026-07-13T23:06:38.129+0000] {dagbag.py:538} INFO - Filling up the DagBag from /opt/airflow/dags/dag_etl_camara_diario.py
[2026-07-13T23:06:38.138+0000] {processor.py:840} INFO - DAG(s) 'dag_etl_camara_diario' retrieved from /opt/airflow/dags/dag_etl_camara_diario.py
[2026-07-13T23:06:38.159+0000] {logging_mixin.py:188} INFO - [2026-07-13T23:06:38.159+0000] {dag.py:3036} INFO - Sync 1 DAGs
[2026-07-13T23:06:38.181+0000] {logging_mixin.py:188} INFO - [2026-07-13T23:06:38.181+0000] {dag.py:3823} INFO - Setting next_dagrun for dag_etl_camara_diario to 2026-07-12 03:00:00+00:00, run_after=2026-07-13 03:00:00+00:00
[2026-07-13T23:06:38.200+0000] {processor.py:183} INFO - Processing /opt/airflow/dags/dag_etl_camara_diario.py took 0.076 seconds
[2026-07-13T23:07:08.327+0000] {processor.py:161} INFO - Started process (PID=2058) to work on /opt/airflow/dags/dag_etl_camara_diario.py
[2026-07-13T23:07:08.328+0000] {processor.py:830} INFO - Processing file /opt/airflow/dags/dag_etl_camara_diario.py for tasks to queue
[2026-07-13T23:07:08.328+0000] {logging_mixin.py:188} INFO - [2026-07-13T23:07:08.328+0000] {dagbag.py:538} INFO - Filling up the DagBag from /opt/airflow/dags/dag_etl_camara_diario.py
[2026-07-13T23:07:08.337+0000] {processor.py:840} INFO - DAG(s) 'dag_etl_camara_diario' retrieved from /opt/airflow/dags/dag_etl_camara_diario.py
[2026-07-13T23:07:08.358+0000] {logging_mixin.py:188} INFO - [2026-07-13T23:07:08.358+0000] {dag.py:3036} INFO - Sync 1 DAGs
[2026-07-13T23:07:08.379+0000] {logging_mixin.py:188} INFO - [2026-07-13T23:07:08.379+0000] {dag.py:3823} INFO - Setting next_dagrun for dag_etl_camara_diario to 2026-07-12 03:00:00+00:00, run_after=2026-07-13 03:00:00+00:00
[2026-07-13T23:07:08.408+0000] {processor.py:183} INFO - Processing /opt/airflow/dags/dag_etl_camara_diario.py took 0.083 seconds
[2026-07-13T23:07:38.537+0000] {processor.py:161} INFO - Started process (PID=2073) to work on /opt/airflow/dags/dag_etl_camara_diario.py
[2026-07-13T23:07:38.537+0000] {processor.py:830} INFO - Processing file /opt/airflow/dags/dag_etl_camara_diario.py for tasks to queue
[2026-07-13T23:07:38.538+0000] {logging_mixin.py:188} INFO - [2026-07-13T23:07:38.538+0000] {dagbag.py:538} INFO - Filling up the DagBag from /opt/airflow/dags/dag_etl_camara_diario.py
[2026-07-13T23:07:38.546+0000] {processor.py:840} INFO - DAG(s) 'dag_etl_camara_diario' retrieved from /opt/airflow/dags/dag_etl_camara_diario.py
[2026-07-13T23:07:38.566+0000] {logging_mixin.py:188} INFO - [2026-07-13T23:07:38.566+0000] {dag.py:3036} INFO - Sync 1 DAGs
[2026-07-13T23:07:38.587+0000] {logging_mixin.py:188} INFO - [2026-07-13T23:07:38.587+0000] {dag.py:3823} INFO - Setting next_dagrun for dag_etl_camara_diario to 2026-07-12 03:00:00+00:00, run_after=2026-07-13 03:00:00+00:00
[2026-07-13T23:07:38.612+0000] {processor.py:183} INFO - Processing /opt/airflow/dags/dag_etl_camara_diario.py took 0.078 seconds
[2026-07-13T23:08:08.741+0000] {processor.py:161} INFO - Started process (PID=2088) to work on /opt/airflow/dags/dag_etl_camara_diario.py
[2026-07-13T23:08:08.741+0000] {processor.py:830} INFO - Processing file /opt/airflow/dags/dag_etl_camara_diario.py for tasks to queue
[2026-07-13T23:08:08.742+0000] {logging_mixin.py:188} INFO - [2026-07-13T23:08:08.742+0000] {dagbag.py:538} INFO - Filling up the DagBag from /opt/airflow/dags/dag_etl_camara_diario.py
[2026-07-13T23:08:08.750+0000] {processor.py:840} INFO - DAG(s) 'dag_etl_camara_diario' retrieved from /opt/airflow/dags/dag_etl_camara_diario.py
[2026-07-13T23:08:08.770+0000] {logging_mixin.py:188} INFO - [2026-07-13T23:08:08.770+0000] {dag.py:3036} INFO - Sync 1 DAGs
[2026-07-13T23:08:08.792+0000] {logging_mixin.py:188} INFO - [2026-07-13T23:08:08.792+0000] {dag.py:3823} INFO - Setting next_dagrun for dag_etl_camara_diario to 2026-07-12 03:00:00+00:00, run_after=2026-07-13 03:00:00+00:00
[2026-07-13T23:08:08.815+0000] {processor.py:183} INFO - Processing /opt/airflow/dags/dag_etl_camara_diario.py took 0.076 seconds
[2026-07-13T23:08:38.938+0000] {processor.py:161} INFO - Started process (PID=2103) to work on /opt/airflow/dags/dag_etl_camara_diario.py
[2026-07-13T23:08:38.939+0000] {processor.py:830} INFO - Processing file /opt/airflow/dags/dag_etl_camara_diario.py for tasks to queue
[2026-07-13T23:08:38.939+0000] {logging_mixin.py:188} INFO - [2026-07-13T23:08:38.939+0000] {dagbag.py:538} INFO - Filling up the DagBag from /opt/airflow/dags/dag_etl_camara_diario.py
[2026-07-13T23:08:38.948+0000] {processor.py:840} INFO - DAG(s) 'dag_etl_camara_diario' retrieved from /opt/airflow/dags/dag_etl_camara_diario.py
[2026-07-13T23:08:38.970+0000] {logging_mixin.py:188} INFO - [2026-07-13T23:08:38.970+0000] {dag.py:3036} INFO - Sync 1 DAGs
[2026-07-13T23:08:38.991+0000] {logging_mixin.py:188} INFO - [2026-07-13T23:08:38.991+0000] {dag.py:3823} INFO - Setting next_dagrun for dag_etl_camara_diario to 2026-07-12 03:00:00+00:00, run_after=2026-07-13 03:00:00+00:00
[2026-07-13T23:08:39.010+0000] {processor.py:183} INFO - Processing /opt/airflow/dags/dag_etl_camara_diario.py took 0.076 seconds
[2026-07-13T23:09:09.141+0000] {processor.py:161} INFO - Started process (PID=2118) to work on /opt/airflow/dags/dag_etl_camara_diario.py
[2026-07-13T23:09:09.141+0000] {processor.py:830} INFO - Processing file /opt/airflow/dags/dag_etl_camara_diario.py for tasks to queue
[2026-07-13T23:09:09.142+0000] {logging_mixin.py:188} INFO - [2026-07-13T23:09:09.141+0000] {dagbag.py:538} INFO - Filling up the DagBag from /opt/airflow/dags/dag_etl_camara_diario.py
[2026-07-13T23:09:09.150+0000] {processor.py:840} INFO - DAG(s) 'dag_etl_camara_diario' retrieved from /opt/airflow/dags/dag_etl_camara_diario.py
[2026-07-13T23:09:09.171+0000] {logging_mixin.py:188} INFO - [2026-07-13T23:09:09.171+0000] {dag.py:3036} INFO - Sync 1 DAGs
[2026-07-13T23:09:09.192+0000] {logging_mixin.py:188} INFO - [2026-07-13T23:09:09.192+0000] {dag.py:3823} INFO - Setting next_dagrun for dag_etl_camara_diario to 2026-07-12 03:00:00+00:00, run_after=2026-07-13 03:00:00+00:00
[2026-07-13T23:09:09.206+0000] {processor.py:183} INFO - Processing /opt/airflow/dags/dag_etl_camara_diario.py took 0.068 seconds
[2026-07-13T23:09:39.328+0000] {processor.py:161} INFO - Started process (PID=2133) to work on /opt/airflow/dags/dag_etl_camara_diario.py
[2026-07-13T23:09:39.329+0000] {processor.py:830} INFO - Processing file /opt/airflow/dags/dag_etl_camara_diario.py for tasks to queue
[2026-07-13T23:09:39.329+0000] {logging_mixin.py:188} INFO - [2026-07-13T23:09:39.329+0000] {dagbag.py:538} INFO - Filling up the DagBag from /opt/airflow/dags/dag_etl_camara_diario.py
[2026-07-13T23:09:39.338+0000] {processor.py:840} INFO - DAG(s) 'dag_etl_camara_diario' retrieved from /opt/airflow/dags/dag_etl_camara_diario.py
[2026-07-13T23:09:39.359+0000] {logging_mixin.py:188} INFO - [2026-07-13T23:09:39.359+0000] {dag.py:3036} INFO - Sync 1 DAGs
[2026-07-13T23:09:39.380+0000] {logging_mixin.py:188} INFO - [2026-07-13T23:09:39.380+0000] {dag.py:3823} INFO - Setting next_dagrun for dag_etl_camara_diario to 2026-07-12 03:00:00+00:00, run_after=2026-07-13 03:00:00+00:00
[2026-07-13T23:09:39.394+0000] {processor.py:183} INFO - Processing /opt/airflow/dags/dag_etl_camara_diario.py took 0.069 seconds
[2026-07-13T23:10:09.519+0000] {processor.py:161} INFO - Started process (PID=2148) to work on /opt/airflow/dags/dag_etl_camara_diario.py
[2026-07-13T23:10:09.520+0000] {processor.py:830} INFO - Processing file /opt/airflow/dags/dag_etl_camara_diario.py for tasks to queue
[2026-07-13T23:10:09.520+0000] {logging_mixin.py:188} INFO - [2026-07-13T23:10:09.520+0000] {dagbag.py:538} INFO - Filling up the DagBag from /opt/airflow/dags/dag_etl_camara_diario.py
[2026-07-13T23:10:09.529+0000] {processor.py:840} INFO - DAG(s) 'dag_etl_camara_diario' retrieved from /opt/airflow/dags/dag_etl_camara_diario.py
[2026-07-13T23:10:09.549+0000] {logging_mixin.py:188} INFO - [2026-07-13T23:10:09.549+0000] {dag.py:3036} INFO - Sync 1 DAGs
[2026-07-13T23:10:09.570+0000] {logging_mixin.py:188} INFO - [2026-07-13T23:10:09.570+0000] {dag.py:3823} INFO - Setting next_dagrun for dag_etl_camara_diario to 2026-07-12 03:00:00+00:00, run_after=2026-07-13 03:00:00+00:00
[2026-07-13T23:10:09.585+0000] {processor.py:183} INFO - Processing /opt/airflow/dags/dag_etl_camara_diario.py took 0.069 seconds
[2026-07-13T23:10:39.713+0000] {processor.py:161} INFO - Started process (PID=2163) to work on /opt/airflow/dags/dag_etl_camara_diario.py
[2026-07-13T23:10:39.714+0000] {processor.py:830} INFO - Processing file /opt/airflow/dags/dag_etl_camara_diario.py for tasks to queue
[2026-07-13T23:10:39.714+0000] {logging_mixin.py:188} INFO - [2026-07-13T23:10:39.714+0000] {dagbag.py:538} INFO - Filling up the DagBag from /opt/airflow/dags/dag_etl_camara_diario.py
[2026-07-13T23:10:39.724+0000] {processor.py:840} INFO - DAG(s) 'dag_etl_camara_diario' retrieved from /opt/airflow/dags/dag_etl_camara_diario.py
[2026-07-13T23:10:39.745+0000] {logging_mixin.py:188} INFO - [2026-07-13T23:10:39.745+0000] {dag.py:3036} INFO - Sync 1 DAGs
[2026-07-13T23:10:39.768+0000] {logging_mixin.py:188} INFO - [2026-07-13T23:10:39.768+0000] {dag.py:3823} INFO - Setting next_dagrun for dag_etl_camara_diario to 2026-07-12 03:00:00+00:00, run_after=2026-07-13 03:00:00+00:00
[2026-07-13T23:10:39.796+0000] {processor.py:183} INFO - Processing /opt/airflow/dags/dag_etl_camara_diario.py took 0.086 seconds
[2026-07-13T23:11:09.924+0000] {processor.py:161} INFO - Started process (PID=2178) to work on /opt/airflow/dags/dag_etl_camara_diario.py
[2026-07-13T23:11:09.925+0000] {processor.py:830} INFO - Processing file /opt/airflow/dags/dag_etl_camara_diario.py for tasks to queue
[2026-07-13T23:11:09.925+0000] {logging_mixin.py:188} INFO - [2026-07-13T23:11:09.925+0000] {dagbag.py:538} INFO - Filling up the DagBag from /opt/airflow/dags/dag_etl_camara_diario.py
[2026-07-13T23:11:09.934+0000] {processor.py:840} INFO - DAG(s) 'dag_etl_camara_diario' retrieved from /opt/airflow/dags/dag_etl_camara_diario.py
[2026-07-13T23:11:09.955+0000] {logging_mixin.py:188} INFO - [2026-07-13T23:11:09.955+0000] {dag.py:3036} INFO - Sync 1 DAGs
[2026-07-13T23:11:09.976+0000] {logging_mixin.py:188} INFO - [2026-07-13T23:11:09.976+0000] {dag.py:3823} INFO - Setting next_dagrun for dag_etl_camara_diario to 2026-07-12 03:00:00+00:00, run_after=2026-07-13 03:00:00+00:00
[2026-07-13T23:11:09.995+0000] {processor.py:183} INFO - Processing /opt/airflow/dags/dag_etl_camara_diario.py took 0.073 seconds
[2026-07-13T23:11:40.120+0000] {processor.py:161} INFO - Started process (PID=2193) to work on /opt/airflow/dags/dag_etl_camara_diario.py
[2026-07-13T23:11:40.121+0000] {processor.py:830} INFO - Processing file /opt/airflow/dags/dag_etl_camara_diario.py for tasks to queue
[2026-07-13T23:11:40.121+0000] {logging_mixin.py:188} INFO - [2026-07-13T23:11:40.121+0000] {dagbag.py:538} INFO - Filling up the DagBag from /opt/airflow/dags/dag_etl_camara_diario.py
[2026-07-13T23:11:40.129+0000] {processor.py:840} INFO - DAG(s) 'dag_etl_camara_diario' retrieved from /opt/airflow/dags/dag_etl_camara_diario.py
[2026-07-13T23:11:40.150+0000] {logging_mixin.py:188} INFO - [2026-07-13T23:11:40.150+0000] {dag.py:3036} INFO - Sync 1 DAGs
[2026-07-13T23:11:40.170+0000] {logging_mixin.py:188} INFO - [2026-07-13T23:11:40.170+0000] {dag.py:3823} INFO - Setting next_dagrun for dag_etl_camara_diario to 2026-07-12 03:00:00+00:00, run_after=2026-07-13 03:00:00+00:00
[2026-07-13T23:11:40.188+0000] {processor.py:183} INFO - Processing /opt/airflow/dags/dag_etl_camara_diario.py took 0.071 seconds
[2026-07-13T23:12:10.319+0000] {processor.py:161} INFO - Started process (PID=2208) to work on /opt/airflow/dags/dag_etl_camara_diario.py
[2026-07-13T23:12:10.319+0000] {processor.py:830} INFO - Processing file /opt/airflow/dags/dag_etl_camara_diario.py for tasks to queue
[2026-07-13T23:12:10.320+0000] {logging_mixin.py:188} INFO - [2026-07-13T23:12:10.320+0000] {dagbag.py:538} INFO - Filling up the DagBag from /opt/airflow/dags/dag_etl_camara_diario.py
[2026-07-13T23:12:10.330+0000] {processor.py:840} INFO - DAG(s) 'dag_etl_camara_diario' retrieved from /opt/airflow/dags/dag_etl_camara_diario.py
[2026-07-13T23:12:10.353+0000] {logging_mixin.py:188} INFO - [2026-07-13T23:12:10.353+0000] {dag.py:3036} INFO - Sync 1 DAGs
[2026-07-13T23:12:10.375+0000] {logging_mixin.py:188} INFO - [2026-07-13T23:12:10.375+0000] {dag.py:3823} INFO - Setting next_dagrun for dag_etl_camara_diario to 2026-07-12 03:00:00+00:00, run_after=2026-07-13 03:00:00+00:00
[2026-07-13T23:12:10.400+0000] {processor.py:183} INFO - Processing /opt/airflow/dags/dag_etl_camara_diario.py took 0.084 seconds
[2026-07-13T23:12:40.529+0000] {processor.py:161} INFO - Started process (PID=2223) to work on /opt/airflow/dags/dag_etl_camara_diario.py
[2026-07-13T23:12:40.530+0000] {processor.py:830} INFO - Processing file /opt/airflow/dags/dag_etl_camara_diario.py for tasks to queue
[2026-07-13T23:12:40.530+0000] {logging_mixin.py:188} INFO - [2026-07-13T23:12:40.530+0000] {dagbag.py:538} INFO - Filling up the DagBag from /opt/airflow/dags/dag_etl_camara_diario.py
[2026-07-13T23:12:40.539+0000] {processor.py:840} INFO - DAG(s) 'dag_etl_camara_diario' retrieved from /opt/airflow/dags/dag_etl_camara_diario.py
[2026-07-13T23:12:40.559+0000] {logging_mixin.py:188} INFO - [2026-07-13T23:12:40.559+0000] {dag.py:3036} INFO - Sync 1 DAGs
[2026-07-13T23:12:40.581+0000] {logging_mixin.py:188} INFO - [2026-07-13T23:12:40.581+0000] {dag.py:3823} INFO - Setting next_dagrun for dag_etl_camara_diario to 2026-07-12 03:00:00+00:00, run_after=2026-07-13 03:00:00+00:00
[2026-07-13T23:12:40.595+0000] {processor.py:183} INFO - Processing /opt/airflow/dags/dag_etl_camara_diario.py took 0.069 seconds
[2026-07-13T23:13:10.719+0000] {processor.py:161} INFO - Started process (PID=2238) to work on /opt/airflow/dags/dag_etl_camara_diario.py
[2026-07-13T23:13:10.720+0000] {processor.py:830} INFO - Processing file /opt/airflow/dags/dag_etl_camara_diario.py for tasks to queue
[2026-07-13T23:13:10.720+0000] {logging_mixin.py:188} INFO - [2026-07-13T23:13:10.720+0000] {dagbag.py:538} INFO - Filling up the DagBag from /opt/airflow/dags/dag_etl_camara_diario.py
[2026-07-13T23:13:10.728+0000] {processor.py:840} INFO - DAG(s) 'dag_etl_camara_diario' retrieved from /opt/airflow/dags/dag_etl_camara_diario.py
[2026-07-13T23:13:10.748+0000] {logging_mixin.py:188} INFO - [2026-07-13T23:13:10.748+0000] {dag.py:3036} INFO - Sync 1 DAGs
[2026-07-13T23:13:10.770+0000] {logging_mixin.py:188} INFO - [2026-07-13T23:13:10.770+0000] {dag.py:3823} INFO - Setting next_dagrun for dag_etl_camara_diario to 2026-07-12 03:00:00+00:00, run_after=2026-07-13 03:00:00+00:00
[2026-07-13T23:13:10.795+0000] {processor.py:183} INFO - Processing /opt/airflow/dags/dag_etl_camara_diario.py took 0.079 seconds
[2026-07-13T23:13:40.920+0000] {processor.py:161} INFO - Started process (PID=2253) to work on /opt/airflow/dags/dag_etl_camara_diario.py
[2026-07-13T23:13:40.921+0000] {processor.py:830} INFO - Processing file /opt/airflow/dags/dag_etl_camara_diario.py for tasks to queue
[2026-07-13T23:13:40.922+0000] {logging_mixin.py:188} INFO - [2026-07-13T23:13:40.921+0000] {dagbag.py:538} INFO - Filling up the DagBag from /opt/airflow/dags/dag_etl_camara_diario.py
[2026-07-13T23:13:40.930+0000] {processor.py:840} INFO - DAG(s) 'dag_etl_camara_diario' retrieved from /opt/airflow/dags/dag_etl_camara_diario.py
[2026-07-13T23:13:40.950+0000] {logging_mixin.py:188} INFO - [2026-07-13T23:13:40.949+0000] {dag.py:3036} INFO - Sync 1 DAGs
[2026-07-13T23:13:40.971+0000] {logging_mixin.py:188} INFO - [2026-07-13T23:13:40.971+0000] {dag.py:3823} INFO - Setting next_dagrun for dag_etl_camara_diario to 2026-07-12 03:00:00+00:00, run_after=2026-07-13 03:00:00+00:00
[2026-07-13T23:13:40.991+0000] {processor.py:183} INFO - Processing /opt/airflow/dags/dag_etl_camara_diario.py took 0.073 seconds
[2026-07-13T23:14:11.127+0000] {processor.py:161} INFO - Started process (PID=2268) to work on /opt/airflow/dags/dag_etl_camara_diario.py
[2026-07-13T23:14:11.128+0000] {processor.py:830} INFO - Processing file /opt/airflow/dags/dag_etl_camara_diario.py for tasks to queue
[2026-07-13T23:14:11.129+0000] {logging_mixin.py:188} INFO - [2026-07-13T23:14:11.128+0000] {dagbag.py:538} INFO - Filling up the DagBag from /opt/airflow/dags/dag_etl_camara_diario.py
[2026-07-13T23:14:11.137+0000] {processor.py:840} INFO - DAG(s) 'dag_etl_camara_diario' retrieved from /opt/airflow/dags/dag_etl_camara_diario.py
[2026-07-13T23:14:11.158+0000] {logging_mixin.py:188} INFO - [2026-07-13T23:14:11.158+0000] {dag.py:3036} INFO - Sync 1 DAGs
[2026-07-13T23:14:11.180+0000] {logging_mixin.py:188} INFO - [2026-07-13T23:14:11.180+0000] {dag.py:3823} INFO - Setting next_dagrun for dag_etl_camara_diario to 2026-07-12 03:00:00+00:00, run_after=2026-07-13 03:00:00+00:00
[2026-07-13T23:14:11.197+0000] {processor.py:183} INFO - Processing /opt/airflow/dags/dag_etl_camara_diario.py took 0.073 seconds
[2026-07-13T23:14:41.323+0000] {processor.py:161} INFO - Started process (PID=2283) to work on /opt/airflow/dags/dag_etl_camara_diario.py
[2026-07-13T23:14:41.324+0000] {processor.py:830} INFO - Processing file /opt/airflow/dags/dag_etl_camara_diario.py for tasks to queue
[2026-07-13T23:14:41.325+0000] {logging_mixin.py:188} INFO - [2026-07-13T23:14:41.325+0000] {dagbag.py:538} INFO - Filling up the DagBag from /opt/airflow/dags/dag_etl_camara_diario.py
[2026-07-13T23:14:41.334+0000] {processor.py:840} INFO - DAG(s) 'dag_etl_camara_diario' retrieved from /opt/airflow/dags/dag_etl_camara_diario.py
[2026-07-13T23:14:41.357+0000] {logging_mixin.py:188} INFO - [2026-07-13T23:14:41.357+0000] {dag.py:3036} INFO - Sync 1 DAGs
[2026-07-13T23:14:41.382+0000] {logging_mixin.py:188} INFO - [2026-07-13T23:14:41.382+0000] {dag.py:3823} INFO - Setting next_dagrun for dag_etl_camara_diario to 2026-07-12 03:00:00+00:00, run_after=2026-07-13 03:00:00+00:00
[2026-07-13T23:14:41.421+0000] {processor.py:183} INFO - Processing /opt/airflow/dags/dag_etl_camara_diario.py took 0.100 seconds
[2026-07-13T23:15:11.552+0000] {processor.py:161} INFO - Started process (PID=2298) to work on /opt/airflow/dags/dag_etl_camara_diario.py
[2026-07-13T23:15:11.553+0000] {processor.py:830} INFO - Processing file /opt/airflow/dags/dag_etl_camara_diario.py for tasks to queue
[2026-07-13T23:15:11.553+0000] {logging_mixin.py:188} INFO - [2026-07-13T23:15:11.553+0000] {dagbag.py:538} INFO - Filling up the DagBag from /opt/airflow/dags/dag_etl_camara_diario.py
[2026-07-13T23:15:11.563+0000] {processor.py:840} INFO - DAG(s) 'dag_etl_camara_diario' retrieved from /opt/airflow/dags/dag_etl_camara_diario.py
[2026-07-13T23:15:11.585+0000] {logging_mixin.py:188} INFO - [2026-07-13T23:15:11.584+0000] {dag.py:3036} INFO - Sync 1 DAGs
[2026-07-13T23:15:11.609+0000] {logging_mixin.py:188} INFO - [2026-07-13T23:15:11.609+0000] {dag.py:3823} INFO - Setting next_dagrun for dag_etl_camara_diario to 2026-07-12 03:00:00+00:00, run_after=2026-07-13 03:00:00+00:00
[2026-07-13T23:15:11.644+0000] {processor.py:183} INFO - Processing /opt/airflow/dags/dag_etl_camara_diario.py took 0.095 seconds
[2026-07-13T23:15:41.774+0000] {processor.py:161} INFO - Started process (PID=2313) to work on /opt/airflow/dags/dag_etl_camara_diario.py
[2026-07-13T23:15:41.775+0000] {processor.py:830} INFO - Processing file /opt/airflow/dags/dag_etl_camara_diario.py for tasks to queue
[2026-07-13T23:15:41.775+0000] {logging_mixin.py:188} INFO - [2026-07-13T23:15:41.775+0000] {dagbag.py:538} INFO - Filling up the DagBag from /opt/airflow/dags/dag_etl_camara_diario.py
[2026-07-13T23:15:41.784+0000] {processor.py:840} INFO - DAG(s) 'dag_etl_camara_diario' retrieved from /opt/airflow/dags/dag_etl_camara_diario.py
[2026-07-13T23:15:41.806+0000] {logging_mixin.py:188} INFO - [2026-07-13T23:15:41.806+0000] {dag.py:3036} INFO - Sync 1 DAGs
[2026-07-13T23:15:41.827+0000] {logging_mixin.py:188} INFO - [2026-07-13T23:15:41.827+0000] {dag.py:3823} INFO - Setting next_dagrun for dag_etl_camara_diario to 2026-07-12 03:00:00+00:00, run_after=2026-07-13 03:00:00+00:00
[2026-07-13T23:15:41.864+0000] {processor.py:183} INFO - Processing /opt/airflow/dags/dag_etl_camara_diario.py took 0.093 seconds
[2026-07-13T23:16:11.989+0000] {processor.py:161} INFO - Started process (PID=2328) to work on /opt/airflow/dags/dag_etl_camara_diario.py
[2026-07-13T23:16:11.990+0000] {processor.py:830} INFO - Processing file /opt/airflow/dags/dag_etl_camara_diario.py for tasks to queue
[2026-07-13T23:16:11.990+0000] {logging_mixin.py:188} INFO - [2026-07-13T23:16:11.990+0000] {dagbag.py:538} INFO - Filling up the DagBag from /opt/airflow/dags/dag_etl_camara_diario.py
[2026-07-13T23:16:12.000+0000] {processor.py:840} INFO - DAG(s) 'dag_etl_camara_diario' retrieved from /opt/airflow/dags/dag_etl_camara_diario.py
[2026-07-13T23:16:12.024+0000] {logging_mixin.py:188} INFO - [2026-07-13T23:16:12.023+0000] {dag.py:3036} INFO - Sync 1 DAGs
[2026-07-13T23:16:12.047+0000] {logging_mixin.py:188} INFO - [2026-07-13T23:16:12.047+0000] {dag.py:3823} INFO - Setting next_dagrun for dag_etl_camara_diario to 2026-07-12 03:00:00+00:00, run_after=2026-07-13 03:00:00+00:00
[2026-07-13T23:16:12.084+0000] {processor.py:183} INFO - Processing /opt/airflow/dags/dag_etl_camara_diario.py took 0.098 seconds
[2026-07-13T23:16:42.214+0000] {processor.py:161} INFO - Started process (PID=2343) to work on /opt/airflow/dags/dag_etl_camara_diario.py
[2026-07-13T23:16:42.215+0000] {processor.py:830} INFO - Processing file /opt/airflow/dags/dag_etl_camara_diario.py for tasks to queue
[2026-07-13T23:16:42.216+0000] {logging_mixin.py:188} INFO - [2026-07-13T23:16:42.215+0000] {dagbag.py:538} INFO - Filling up the DagBag from /opt/airflow/dags/dag_etl_camara_diario.py
[2026-07-13T23:16:42.225+0000] {processor.py:840} INFO - DAG(s) 'dag_etl_camara_diario' retrieved from /opt/airflow/dags/dag_etl_camara_diario.py
[2026-07-13T23:16:42.247+0000] {logging_mixin.py:188} INFO - [2026-07-13T23:16:42.247+0000] {dag.py:3036} INFO - Sync 1 DAGs
[2026-07-13T23:16:42.272+0000] {logging_mixin.py:188} INFO - [2026-07-13T23:16:42.271+0000] {dag.py:3823} INFO - Setting next_dagrun for dag_etl_camara_diario to 2026-07-12 03:00:00+00:00, run_after=2026-07-13 03:00:00+00:00
[2026-07-13T23:16:42.306+0000] {processor.py:183} INFO - Processing /opt/airflow/dags/dag_etl_camara_diario.py took 0.094 seconds
[2026-07-13T23:17:12.432+0000] {processor.py:161} INFO - Started process (PID=2358) to work on /opt/airflow/dags/dag_etl_camara_diario.py
[2026-07-13T23:17:12.433+0000] {processor.py:830} INFO - Processing file /opt/airflow/dags/dag_etl_camara_diario.py for tasks to queue
[2026-07-13T23:17:12.433+0000] {logging_mixin.py:188} INFO - [2026-07-13T23:17:12.433+0000] {dagbag.py:538} INFO - Filling up the DagBag from /opt/airflow/dags/dag_etl_camara_diario.py
[2026-07-13T23:17:12.442+0000] {processor.py:840} INFO - DAG(s) 'dag_etl_camara_diario' retrieved from /opt/airflow/dags/dag_etl_camara_diario.py
[2026-07-13T23:17:12.463+0000] {logging_mixin.py:188} INFO - [2026-07-13T23:17:12.463+0000] {dag.py:3036} INFO - Sync 1 DAGs
[2026-07-13T23:17:12.485+0000] {logging_mixin.py:188} INFO - [2026-07-13T23:17:12.485+0000] {dag.py:3823} INFO - Setting next_dagrun for dag_etl_camara_diario to 2026-07-12 03:00:00+00:00, run_after=2026-07-13 03:00:00+00:00
[2026-07-13T23:17:12.500+0000] {processor.py:183} INFO - Processing /opt/airflow/dags/dag_etl_camara_diario.py took 0.070 seconds
[2026-07-13T23:17:42.628+0000] {processor.py:161} INFO - Started process (PID=2373) to work on /opt/airflow/dags/dag_etl_camara_diario.py
[2026-07-13T23:17:42.629+0000] {processor.py:830} INFO - Processing file /opt/airflow/dags/dag_etl_camara_diario.py for tasks to queue
[2026-07-13T23:17:42.630+0000] {logging_mixin.py:188} INFO - [2026-07-13T23:17:42.629+0000] {dagbag.py:538} INFO - Filling up the DagBag from /opt/airflow/dags/dag_etl_camara_diario.py
[2026-07-13T23:17:42.639+0000] {processor.py:840} INFO - DAG(s) 'dag_etl_camara_diario' retrieved from /opt/airflow/dags/dag_etl_camara_diario.py
[2026-07-13T23:17:42.664+0000] {logging_mixin.py:188} INFO - [2026-07-13T23:17:42.663+0000] {dag.py:3036} INFO - Sync 1 DAGs
[2026-07-13T23:17:42.690+0000] {logging_mixin.py:188} INFO - [2026-07-13T23:17:42.690+0000] {dag.py:3823} INFO - Setting next_dagrun for dag_etl_camara_diario to 2026-07-12 03:00:00+00:00, run_after=2026-07-13 03:00:00+00:00
[2026-07-13T23:17:42.716+0000] {processor.py:183} INFO - Processing /opt/airflow/dags/dag_etl_camara_diario.py took 0.090 seconds
[2026-07-13T23:18:12.846+0000] {processor.py:161} INFO - Started process (PID=2388) to work on /opt/airflow/dags/dag_etl_camara_diario.py
[2026-07-13T23:18:12.847+0000] {processor.py:830} INFO - Processing file /opt/airflow/dags/dag_etl_camara_diario.py for tasks to queue
[2026-07-13T23:18:12.848+0000] {logging_mixin.py:188} INFO - [2026-07-13T23:18:12.848+0000] {dagbag.py:538} INFO - Filling up the DagBag from /opt/airflow/dags/dag_etl_camara_diario.py
[2026-07-13T23:18:12.858+0000] {processor.py:840} INFO - DAG(s) 'dag_etl_camara_diario' retrieved from /opt/airflow/dags/dag_etl_camara_diario.py
[2026-07-13T23:18:12.881+0000] {logging_mixin.py:188} INFO - [2026-07-13T23:18:12.881+0000] {dag.py:3036} INFO - Sync 1 DAGs
[2026-07-13T23:18:12.903+0000] {logging_mixin.py:188} INFO - [2026-07-13T23:18:12.903+0000] {dag.py:3823} INFO - Setting next_dagrun for dag_etl_camara_diario to 2026-07-12 03:00:00+00:00, run_after=2026-07-13 03:00:00+00:00
[2026-07-13T23:18:12.919+0000] {processor.py:183} INFO - Processing /opt/airflow/dags/dag_etl_camara_diario.py took 0.076 seconds
[2026-07-13T23:18:43.047+0000] {processor.py:161} INFO - Started process (PID=2403) to work on /opt/airflow/dags/dag_etl_camara_diario.py
[2026-07-13T23:18:43.047+0000] {processor.py:830} INFO - Processing file /opt/airflow/dags/dag_etl_camara_diario.py for tasks to queue
[2026-07-13T23:18:43.048+0000] {logging_mixin.py:188} INFO - [2026-07-13T23:18:43.048+0000] {dagbag.py:538} INFO - Filling up the DagBag from /opt/airflow/dags/dag_etl_camara_diario.py
[2026-07-13T23:18:43.057+0000] {processor.py:840} INFO - DAG(s) 'dag_etl_camara_diario' retrieved from /opt/airflow/dags/dag_etl_camara_diario.py
[2026-07-13T23:18:43.079+0000] {logging_mixin.py:188} INFO - [2026-07-13T23:18:43.079+0000] {dag.py:3036} INFO - Sync 1 DAGs
[2026-07-13T23:18:43.102+0000] {logging_mixin.py:188} INFO - [2026-07-13T23:18:43.102+0000] {dag.py:3823} INFO - Setting next_dagrun for dag_etl_camara_diario to 2026-07-12 03:00:00+00:00, run_after=2026-07-13 03:00:00+00:00
[2026-07-13T23:18:43.119+0000] {processor.py:183} INFO - Processing /opt/airflow/dags/dag_etl_camara_diario.py took 0.075 seconds
[2026-07-13T23:19:13.245+0000] {processor.py:161} INFO - Started process (PID=2418) to work on /opt/airflow/dags/dag_etl_camara_diario.py
[2026-07-13T23:19:13.245+0000] {processor.py:830} INFO - Processing file /opt/airflow/dags/dag_etl_camara_diario.py for tasks to queue
[2026-07-13T23:19:13.246+0000] {logging_mixin.py:188} INFO - [2026-07-13T23:19:13.246+0000] {dagbag.py:538} INFO - Filling up the DagBag from /opt/airflow/dags/dag_etl_camara_diario.py
[2026-07-13T23:19:13.255+0000] {processor.py:840} INFO - DAG(s) 'dag_etl_camara_diario' retrieved from /opt/airflow/dags/dag_etl_camara_diario.py
[2026-07-13T23:19:13.276+0000] {logging_mixin.py:188} INFO - [2026-07-13T23:19:13.276+0000] {dag.py:3036} INFO - Sync 1 DAGs
[2026-07-13T23:19:13.298+0000] {logging_mixin.py:188} INFO - [2026-07-13T23:19:13.298+0000] {dag.py:3823} INFO - Setting next_dagrun for dag_etl_camara_diario to 2026-07-12 03:00:00+00:00, run_after=2026-07-13 03:00:00+00:00
[2026-07-13T23:19:13.320+0000] {processor.py:183} INFO - Processing /opt/airflow/dags/dag_etl_camara_diario.py took 0.078 seconds
[2026-07-13T23:19:43.444+0000] {processor.py:161} INFO - Started process (PID=2433) to work on /opt/airflow/dags/dag_etl_camara_diario.py
[2026-07-13T23:19:43.445+0000] {processor.py:830} INFO - Processing file /opt/airflow/dags/dag_etl_camara_diario.py for tasks to queue
[2026-07-13T23:19:43.445+0000] {logging_mixin.py:188} INFO - [2026-07-13T23:19:43.445+0000] {dagbag.py:538} INFO - Filling up the DagBag from /opt/airflow/dags/dag_etl_camara_diario.py
[2026-07-13T23:19:43.454+0000] {processor.py:840} INFO - DAG(s) 'dag_etl_camara_diario' retrieved from /opt/airflow/dags/dag_etl_camara_diario.py
[2026-07-13T23:19:43.476+0000] {logging_mixin.py:188} INFO - [2026-07-13T23:19:43.476+0000] {dag.py:3036} INFO - Sync 1 DAGs
[2026-07-13T23:19:43.498+0000] {logging_mixin.py:188} INFO - [2026-07-13T23:19:43.498+0000] {dag.py:3823} INFO - Setting next_dagrun for dag_etl_camara_diario to 2026-07-12 03:00:00+00:00, run_after=2026-07-13 03:00:00+00:00
[2026-07-13T23:19:43.522+0000] {processor.py:183} INFO - Processing /opt/airflow/dags/dag_etl_camara_diario.py took 0.082 seconds
[2026-07-13T23:20:13.652+0000] {processor.py:161} INFO - Started process (PID=2448) to work on /opt/airflow/dags/dag_etl_camara_diario.py
[2026-07-13T23:20:13.652+0000] {processor.py:830} INFO - Processing file /opt/airflow/dags/dag_etl_camara_diario.py for tasks to queue
[2026-07-13T23:20:13.653+0000] {logging_mixin.py:188} INFO - [2026-07-13T23:20:13.653+0000] {dagbag.py:538} INFO - Filling up the DagBag from /opt/airflow/dags/dag_etl_camara_diario.py
[2026-07-13T23:20:13.661+0000] {processor.py:840} INFO - DAG(s) 'dag_etl_camara_diario' retrieved from /opt/airflow/dags/dag_etl_camara_diario.py
[2026-07-13T23:20:13.681+0000] {logging_mixin.py:188} INFO - [2026-07-13T23:20:13.681+0000] {dag.py:3036} INFO - Sync 1 DAGs
[2026-07-13T23:20:13.701+0000] {logging_mixin.py:188} INFO - [2026-07-13T23:20:13.701+0000] {dag.py:3823} INFO - Setting next_dagrun for dag_etl_camara_diario to 2026-07-12 03:00:00+00:00, run_after=2026-07-13 03:00:00+00:00
[2026-07-13T23:20:13.723+0000] {processor.py:183} INFO - Processing /opt/airflow/dags/dag_etl_camara_diario.py took 0.074 seconds
[2026-07-13T23:20:43.850+0000] {processor.py:161} INFO - Started process (PID=2463) to work on /opt/airflow/dags/dag_etl_camara_diario.py
[2026-07-13T23:20:43.851+0000] {processor.py:830} INFO - Processing file /opt/airflow/dags/dag_etl_camara_diario.py for tasks to queue
[2026-07-13T23:20:43.852+0000] {logging_mixin.py:188} INFO - [2026-07-13T23:20:43.851+0000] {dagbag.py:538} INFO - Filling up the DagBag from /opt/airflow/dags/dag_etl_camara_diario.py
[2026-07-13T23:20:43.860+0000] {processor.py:840} INFO - DAG(s) 'dag_etl_camara_diario' retrieved from /opt/airflow/dags/dag_etl_camara_diario.py
[2026-07-13T23:20:43.881+0000] {logging_mixin.py:188} INFO - [2026-07-13T23:20:43.881+0000] {dag.py:3036} INFO - Sync 1 DAGs
[2026-07-13T23:20:43.902+0000] {logging_mixin.py:188} INFO - [2026-07-13T23:20:43.902+0000] {dag.py:3823} INFO - Setting next_dagrun for dag_etl_camara_diario to 2026-07-12 03:00:00+00:00, run_after=2026-07-13 03:00:00+00:00
[2026-07-13T23:20:43.916+0000] {processor.py:183} INFO - Processing /opt/airflow/dags/dag_etl_camara_diario.py took 0.069 seconds
[2026-07-13T23:21:14.044+0000] {processor.py:161} INFO - Started process (PID=2478) to work on /opt/airflow/dags/dag_etl_camara_diario.py
[2026-07-13T23:21:14.045+0000] {processor.py:830} INFO - Processing file /opt/airflow/dags/dag_etl_camara_diario.py for tasks to queue
[2026-07-13T23:21:14.046+0000] {logging_mixin.py:188} INFO - [2026-07-13T23:21:14.046+0000] {dagbag.py:538} INFO - Filling up the DagBag from /opt/airflow/dags/dag_etl_camara_diario.py
[2026-07-13T23:21:14.054+0000] {processor.py:840} INFO - DAG(s) 'dag_etl_camara_diario' retrieved from /opt/airflow/dags/dag_etl_camara_diario.py
[2026-07-13T23:21:14.075+0000] {logging_mixin.py:188} INFO - [2026-07-13T23:21:14.075+0000] {dag.py:3036} INFO - Sync 1 DAGs
[2026-07-13T23:21:14.096+0000] {logging_mixin.py:188} INFO - [2026-07-13T23:21:14.096+0000] {dag.py:3823} INFO - Setting next_dagrun for dag_etl_camara_diario to 2026-07-12 03:00:00+00:00, run_after=2026-07-13 03:00:00+00:00
[2026-07-13T23:21:14.112+0000] {processor.py:183} INFO - Processing /opt/airflow/dags/dag_etl_camara_diario.py took 0.070 seconds
[2026-07-13T23:21:44.232+0000] {processor.py:161} INFO - Started process (PID=2493) to work on /opt/airflow/dags/dag_etl_camara_diario.py
[2026-07-13T23:21:44.233+0000] {processor.py:830} INFO - Processing file /opt/airflow/dags/dag_etl_camara_diario.py for tasks to queue
[2026-07-13T23:21:44.233+0000] {logging_mixin.py:188} INFO - [2026-07-13T23:21:44.233+0000] {dagbag.py:538} INFO - Filling up the DagBag from /opt/airflow/dags/dag_etl_camara_diario.py
[2026-07-13T23:21:44.242+0000] {processor.py:840} INFO - DAG(s) 'dag_etl_camara_diario' retrieved from /opt/airflow/dags/dag_etl_camara_diario.py
[2026-07-13T23:21:44.262+0000] {logging_mixin.py:188} INFO - [2026-07-13T23:21:44.262+0000] {dag.py:3036} INFO - Sync 1 DAGs
[2026-07-13T23:21:44.284+0000] {logging_mixin.py:188} INFO - [2026-07-13T23:21:44.284+0000] {dag.py:3823} INFO - Setting next_dagrun for dag_etl_camara_diario to 2026-07-12 03:00:00+00:00, run_after=2026-07-13 03:00:00+00:00
[2026-07-13T23:21:44.298+0000] {processor.py:183} INFO - Processing /opt/airflow/dags/dag_etl_camara_diario.py took 0.069 seconds
[2026-07-13T23:22:14.425+0000] {processor.py:161} INFO - Started process (PID=2508) to work on /opt/airflow/dags/dag_etl_camara_diario.py
[2026-07-13T23:22:14.425+0000] {processor.py:830} INFO - Processing file /opt/airflow/dags/dag_etl_camara_diario.py for tasks to queue
[2026-07-13T23:22:14.426+0000] {logging_mixin.py:188} INFO - [2026-07-13T23:22:14.425+0000] {dagbag.py:538} INFO - Filling up the DagBag from /opt/airflow/dags/dag_etl_camara_diario.py
[2026-07-13T23:22:14.434+0000] {processor.py:840} INFO - DAG(s) 'dag_etl_camara_diario' retrieved from /opt/airflow/dags/dag_etl_camara_diario.py
[2026-07-13T23:22:14.455+0000] {logging_mixin.py:188} INFO - [2026-07-13T23:22:14.455+0000] {dag.py:3036} INFO - Sync 1 DAGs
[2026-07-13T23:22:14.477+0000] {logging_mixin.py:188} INFO - [2026-07-13T23:22:14.477+0000] {dag.py:3823} INFO - Setting next_dagrun for dag_etl_camara_diario to 2026-07-12 03:00:00+00:00, run_after=2026-07-13 03:00:00+00:00
[2026-07-13T23:22:14.493+0000] {processor.py:183} INFO - Processing /opt/airflow/dags/dag_etl_camara_diario.py took 0.071 seconds
[2026-07-13T23:22:44.620+0000] {processor.py:161} INFO - Started process (PID=2523) to work on /opt/airflow/dags/dag_etl_camara_diario.py
[2026-07-13T23:22:44.621+0000] {processor.py:830} INFO - Processing file /opt/airflow/dags/dag_etl_camara_diario.py for tasks to queue
[2026-07-13T23:22:44.621+0000] {logging_mixin.py:188} INFO - [2026-07-13T23:22:44.621+0000] {dagbag.py:538} INFO - Filling up the DagBag from /opt/airflow/dags/dag_etl_camara_diario.py
[2026-07-13T23:22:44.630+0000] {processor.py:840} INFO - DAG(s) 'dag_etl_camara_diario' retrieved from /opt/airflow/dags/dag_etl_camara_diario.py
[2026-07-13T23:22:44.650+0000] {logging_mixin.py:188} INFO - [2026-07-13T23:22:44.650+0000] {dag.py:3036} INFO - Sync 1 DAGs
[2026-07-13T23:22:44.669+0000] {logging_mixin.py:188} INFO - [2026-07-13T23:22:44.669+0000] {dag.py:3823} INFO - Setting next_dagrun for dag_etl_camara_diario to 2026-07-12 03:00:00+00:00, run_after=2026-07-13 03:00:00+00:00
[2026-07-13T23:22:44.683+0000] {processor.py:183} INFO - Processing /opt/airflow/dags/dag_etl_camara_diario.py took 0.066 seconds
[2026-07-13T23:23:14.810+0000] {processor.py:161} INFO - Started process (PID=2538) to work on /opt/airflow/dags/dag_etl_camara_diario.py
[2026-07-13T23:23:14.811+0000] {processor.py:830} INFO - Processing file /opt/airflow/dags/dag_etl_camara_diario.py for tasks to queue
[2026-07-13T23:23:14.811+0000] {logging_mixin.py:188} INFO - [2026-07-13T23:23:14.811+0000] {dagbag.py:538} INFO - Filling up the DagBag from /opt/airflow/dags/dag_etl_camara_diario.py
[2026-07-13T23:23:14.821+0000] {processor.py:840} INFO - DAG(s) 'dag_etl_camara_diario' retrieved from /opt/airflow/dags/dag_etl_camara_diario.py
[2026-07-13T23:23:14.841+0000] {logging_mixin.py:188} INFO - [2026-07-13T23:23:14.841+0000] {dag.py:3036} INFO - Sync 1 DAGs
[2026-07-13T23:23:14.862+0000] {logging_mixin.py:188} INFO - [2026-07-13T23:23:14.862+0000] {dag.py:3823} INFO - Setting next_dagrun for dag_etl_camara_diario to 2026-07-12 03:00:00+00:00, run_after=2026-07-13 03:00:00+00:00
[2026-07-13T23:23:14.878+0000] {processor.py:183} INFO - Processing /opt/airflow/dags/dag_etl_camara_diario.py took 0.070 seconds
[2026-07-13T23:23:45.004+0000] {processor.py:161} INFO - Started process (PID=2553) to work on /opt/airflow/dags/dag_etl_camara_diario.py
[2026-07-13T23:23:45.005+0000] {processor.py:830} INFO - Processing file /opt/airflow/dags/dag_etl_camara_diario.py for tasks to queue
[2026-07-13T23:23:45.006+0000] {logging_mixin.py:188} INFO - [2026-07-13T23:23:45.005+0000] {dagbag.py:538} INFO - Filling up the DagBag from /opt/airflow/dags/dag_etl_camara_diario.py
[2026-07-13T23:23:45.014+0000] {processor.py:840} INFO - DAG(s) 'dag_etl_camara_diario' retrieved from /opt/airflow/dags/dag_etl_camara_diario.py
[2026-07-13T23:23:45.034+0000] {logging_mixin.py:188} INFO - [2026-07-13T23:23:45.034+0000] {dag.py:3036} INFO - Sync 1 DAGs
[2026-07-13T23:23:45.056+0000] {logging_mixin.py:188} INFO - [2026-07-13T23:23:45.056+0000] {dag.py:3823} INFO - Setting next_dagrun for dag_etl_camara_diario to 2026-07-12 03:00:00+00:00, run_after=2026-07-13 03:00:00+00:00
[2026-07-13T23:23:45.083+0000] {processor.py:183} INFO - Processing /opt/airflow/dags/dag_etl_camara_diario.py took 0.082 seconds
[2026-07-13T23:24:15.211+0000] {processor.py:161} INFO - Started process (PID=2568) to work on /opt/airflow/dags/dag_etl_camara_diario.py
[2026-07-13T23:24:15.211+0000] {processor.py:830} INFO - Processing file /opt/airflow/dags/dag_etl_camara_diario.py for tasks to queue
[2026-07-13T23:24:15.212+0000] {logging_mixin.py:188} INFO - [2026-07-13T23:24:15.212+0000] {dagbag.py:538} INFO - Filling up the DagBag from /opt/airflow/dags/dag_etl_camara_diario.py
[2026-07-13T23:24:15.221+0000] {processor.py:840} INFO - DAG(s) 'dag_etl_camara_diario' retrieved from /opt/airflow/dags/dag_etl_camara_diario.py
[2026-07-13T23:24:15.242+0000] {logging_mixin.py:188} INFO - [2026-07-13T23:24:15.241+0000] {dag.py:3036} INFO - Sync 1 DAGs
[2026-07-13T23:24:15.263+0000] {logging_mixin.py:188} INFO - [2026-07-13T23:24:15.263+0000] {dag.py:3823} INFO - Setting next_dagrun for dag_etl_camara_diario to 2026-07-12 03:00:00+00:00, run_after=2026-07-13 03:00:00+00:00
[2026-07-13T23:24:15.282+0000] {processor.py:183} INFO - Processing /opt/airflow/dags/dag_etl_camara_diario.py took 0.074 seconds
[2026-07-13T23:24:45.408+0000] {processor.py:161} INFO - Started process (PID=2583) to work on /opt/airflow/dags/dag_etl_camara_diario.py
[2026-07-13T23:24:45.409+0000] {processor.py:830} INFO - Processing file /opt/airflow/dags/dag_etl_camara_diario.py for tasks to queue
[2026-07-13T23:24:45.410+0000] {logging_mixin.py:188} INFO - [2026-07-13T23:24:45.410+0000] {dagbag.py:538} INFO - Filling up the DagBag from /opt/airflow/dags/dag_etl_camara_diario.py
[2026-07-13T23:24:45.419+0000] {processor.py:840} INFO - DAG(s) 'dag_etl_camara_diario' retrieved from /opt/airflow/dags/dag_etl_camara_diario.py
[2026-07-13T23:24:45.440+0000] {logging_mixin.py:188} INFO - [2026-07-13T23:24:45.440+0000] {dag.py:3036} INFO - Sync 1 DAGs
[2026-07-13T23:24:45.462+0000] {logging_mixin.py:188} INFO - [2026-07-13T23:24:45.462+0000] {dag.py:3823} INFO - Setting next_dagrun for dag_etl_camara_diario to 2026-07-12 03:00:00+00:00, run_after=2026-07-13 03:00:00+00:00
[2026-07-13T23:24:45.493+0000] {processor.py:183} INFO - Processing /opt/airflow/dags/dag_etl_camara_diario.py took 0.087 seconds
[2026-07-13T23:25:15.623+0000] {processor.py:161} INFO - Started process (PID=2598) to work on /opt/airflow/dags/dag_etl_camara_diario.py
[2026-07-13T23:25:15.623+0000] {processor.py:830} INFO - Processing file /opt/airflow/dags/dag_etl_camara_diario.py for tasks to queue
[2026-07-13T23:25:15.624+0000] {logging_mixin.py:188} INFO - [2026-07-13T23:25:15.624+0000] {dagbag.py:538} INFO - Filling up the DagBag from /opt/airflow/dags/dag_etl_camara_diario.py
[2026-07-13T23:25:15.632+0000] {processor.py:840} INFO - DAG(s) 'dag_etl_camara_diario' retrieved from /opt/airflow/dags/dag_etl_camara_diario.py
[2026-07-13T23:25:15.653+0000] {logging_mixin.py:188} INFO - [2026-07-13T23:25:15.653+0000] {dag.py:3036} INFO - Sync 1 DAGs
[2026-07-13T23:25:15.674+0000] {logging_mixin.py:188} INFO - [2026-07-13T23:25:15.674+0000] {dag.py:3823} INFO - Setting next_dagrun for dag_etl_camara_diario to 2026-07-12 03:00:00+00:00, run_after=2026-07-13 03:00:00+00:00
[2026-07-13T23:25:15.704+0000] {processor.py:183} INFO - Processing /opt/airflow/dags/dag_etl_camara_diario.py took 0.084 seconds
[2026-07-13T23:25:45.834+0000] {processor.py:161} INFO - Started process (PID=2613) to work on /opt/airflow/dags/dag_etl_camara_diario.py
[2026-07-13T23:25:45.834+0000] {processor.py:830} INFO - Processing file /opt/airflow/dags/dag_etl_camara_diario.py for tasks to queue
[2026-07-13T23:25:45.835+0000] {logging_mixin.py:188} INFO - [2026-07-13T23:25:45.835+0000] {dagbag.py:538} INFO - Filling up the DagBag from /opt/airflow/dags/dag_etl_camara_diario.py
[2026-07-13T23:25:45.844+0000] {processor.py:840} INFO - DAG(s) 'dag_etl_camara_diario' retrieved from /opt/airflow/dags/dag_etl_camara_diario.py
[2026-07-13T23:25:45.865+0000] {logging_mixin.py:188} INFO - [2026-07-13T23:25:45.865+0000] {dag.py:3036} INFO - Sync 1 DAGs
[2026-07-13T23:25:45.888+0000] {logging_mixin.py:188} INFO - [2026-07-13T23:25:45.888+0000] {dag.py:3823} INFO - Setting next_dagrun for dag_etl_camara_diario to 2026-07-12 03:00:00+00:00, run_after=2026-07-13 03:00:00+00:00
[2026-07-13T23:25:45.920+0000] {processor.py:183} INFO - Processing /opt/airflow/dags/dag_etl_camara_diario.py took 0.090 seconds
[2026-07-13T23:26:16.047+0000] {processor.py:161} INFO - Started process (PID=2628) to work on /opt/airflow/dags/dag_etl_camara_diario.py
[2026-07-13T23:26:16.047+0000] {processor.py:830} INFO - Processing file /opt/airflow/dags/dag_etl_camara_diario.py for tasks to queue
[2026-07-13T23:26:16.048+0000] {logging_mixin.py:188} INFO - [2026-07-13T23:26:16.048+0000] {dagbag.py:538} INFO - Filling up the DagBag from /opt/airflow/dags/dag_etl_camara_diario.py
[2026-07-13T23:26:16.057+0000] {processor.py:840} INFO - DAG(s) 'dag_etl_camara_diario' retrieved from /opt/airflow/dags/dag_etl_camara_diario.py
[2026-07-13T23:26:16.078+0000] {logging_mixin.py:188} INFO - [2026-07-13T23:26:16.078+0000] {dag.py:3036} INFO - Sync 1 DAGs
[2026-07-13T23:26:16.099+0000] {logging_mixin.py:188} INFO - [2026-07-13T23:26:16.099+0000] {dag.py:3823} INFO - Setting next_dagrun for dag_etl_camara_diario to 2026-07-12 03:00:00+00:00, run_after=2026-07-13 03:00:00+00:00
[2026-07-13T23:26:16.130+0000] {processor.py:183} INFO - Processing /opt/airflow/dags/dag_etl_camara_diario.py took 0.086 seconds
[2026-07-13T23:26:46.254+0000] {processor.py:161} INFO - Started process (PID=2643) to work on /opt/airflow/dags/dag_etl_camara_diario.py
[2026-07-13T23:26:46.255+0000] {processor.py:830} INFO - Processing file /opt/airflow/dags/dag_etl_camara_diario.py for tasks to queue
[2026-07-13T23:26:46.255+0000] {logging_mixin.py:188} INFO - [2026-07-13T23:26:46.255+0000] {dagbag.py:538} INFO - Filling up the DagBag from /opt/airflow/dags/dag_etl_camara_diario.py
[2026-07-13T23:26:46.264+0000] {processor.py:840} INFO - DAG(s) 'dag_etl_camara_diario' retrieved from /opt/airflow/dags/dag_etl_camara_diario.py
[2026-07-13T23:26:46.284+0000] {logging_mixin.py:188} INFO - [2026-07-13T23:26:46.284+0000] {dag.py:3036} INFO - Sync 1 DAGs
[2026-07-13T23:26:46.305+0000] {logging_mixin.py:188} INFO - [2026-07-13T23:26:46.305+0000] {dag.py:3823} INFO - Setting next_dagrun for dag_etl_camara_diario to 2026-07-12 03:00:00+00:00, run_after=2026-07-13 03:00:00+00:00
[2026-07-13T23:26:46.335+0000] {processor.py:183} INFO - Processing /opt/airflow/dags/dag_etl_camara_diario.py took 0.084 seconds
[2026-07-13T23:27:16.462+0000] {processor.py:161} INFO - Started process (PID=2658) to work on /opt/airflow/dags/dag_etl_camara_diario.py
[2026-07-13T23:27:16.463+0000] {processor.py:830} INFO - Processing file /opt/airflow/dags/dag_etl_camara_diario.py for tasks to queue
[2026-07-13T23:27:16.463+0000] {logging_mixin.py:188} INFO - [2026-07-13T23:27:16.463+0000] {dagbag.py:538} INFO - Filling up the DagBag from /opt/airflow/dags/dag_etl_camara_diario.py
[2026-07-13T23:27:16.473+0000] {processor.py:840} INFO - DAG(s) 'dag_etl_camara_diario' retrieved from /opt/airflow/dags/dag_etl_camara_diario.py
[2026-07-13T23:27:16.495+0000] {logging_mixin.py:188} INFO - [2026-07-13T23:27:16.495+0000] {dag.py:3036} INFO - Sync 1 DAGs
[2026-07-13T23:27:16.517+0000] {logging_mixin.py:188} INFO - [2026-07-13T23:27:16.517+0000] {dag.py:3823} INFO - Setting next_dagrun for dag_etl_camara_diario to 2026-07-12 03:00:00+00:00, run_after=2026-07-13 03:00:00+00:00
[2026-07-13T23:27:16.531+0000] {processor.py:183} INFO - Processing /opt/airflow/dags/dag_etl_camara_diario.py took 0.072 seconds
[2026-07-13T23:27:46.651+0000] {processor.py:161} INFO - Started process (PID=2673) to work on /opt/airflow/dags/dag_etl_camara_diario.py
[2026-07-13T23:27:46.652+0000] {processor.py:830} INFO - Processing file /opt/airflow/dags/dag_etl_camara_diario.py for tasks to queue
[2026-07-13T23:27:46.652+0000] {logging_mixin.py:188} INFO - [2026-07-13T23:27:46.652+0000] {dagbag.py:538} INFO - Filling up the DagBag from /opt/airflow/dags/dag_etl_camara_diario.py
[2026-07-13T23:27:46.661+0000] {processor.py:840} INFO - DAG(s) 'dag_etl_camara_diario' retrieved from /opt/airflow/dags/dag_etl_camara_diario.py
[2026-07-13T23:27:46.682+0000] {logging_mixin.py:188} INFO - [2026-07-13T23:27:46.682+0000] {dag.py:3036} INFO - Sync 1 DAGs
[2026-07-13T23:27:46.704+0000] {logging_mixin.py:188} INFO - [2026-07-13T23:27:46.704+0000] {dag.py:3823} INFO - Setting next_dagrun for dag_etl_camara_diario to 2026-07-12 03:00:00+00:00, run_after=2026-07-13 03:00:00+00:00
[2026-07-13T23:27:46.736+0000] {processor.py:183} INFO - Processing /opt/airflow/dags/dag_etl_camara_diario.py took 0.087 seconds
[2026-07-13T23:28:16.864+0000] {processor.py:161} INFO - Started process (PID=2688) to work on /opt/airflow/dags/dag_etl_camara_diario.py
[2026-07-13T23:28:16.864+0000] {processor.py:830} INFO - Processing file /opt/airflow/dags/dag_etl_camara_diario.py for tasks to queue
[2026-07-13T23:28:16.865+0000] {logging_mixin.py:188} INFO - [2026-07-13T23:28:16.865+0000] {dagbag.py:538} INFO - Filling up the DagBag from /opt/airflow/dags/dag_etl_camara_diario.py
[2026-07-13T23:28:16.873+0000] {processor.py:840} INFO - DAG(s) 'dag_etl_camara_diario' retrieved from /opt/airflow/dags/dag_etl_camara_diario.py
[2026-07-13T23:28:16.894+0000] {logging_mixin.py:188} INFO - [2026-07-13T23:28:16.894+0000] {dag.py:3036} INFO - Sync 1 DAGs
[2026-07-13T23:28:16.915+0000] {logging_mixin.py:188} INFO - [2026-07-13T23:28:16.915+0000] {dag.py:3823} INFO - Setting next_dagrun for dag_etl_camara_diario to 2026-07-12 03:00:00+00:00, run_after=2026-07-13 03:00:00+00:00
[2026-07-13T23:28:16.949+0000] {processor.py:183} INFO - Processing /opt/airflow/dags/dag_etl_camara_diario.py took 0.087 seconds
[2026-07-13T23:28:47.081+0000] {processor.py:161} INFO - Started process (PID=2703) to work on /opt/airflow/dags/dag_etl_camara_diario.py
[2026-07-13T23:28:47.082+0000] {processor.py:830} INFO - Processing file /opt/airflow/dags/dag_etl_camara_diario.py for tasks to queue
[2026-07-13T23:28:47.082+0000] {logging_mixin.py:188} INFO - [2026-07-13T23:28:47.082+0000] {dagbag.py:538} INFO - Filling up the DagBag from /opt/airflow/dags/dag_etl_camara_diario.py
[2026-07-13T23:28:47.091+0000] {processor.py:840} INFO - DAG(s) 'dag_etl_camara_diario' retrieved from /opt/airflow/dags/dag_etl_camara_diario.py
[2026-07-13T23:28:47.113+0000] {logging_mixin.py:188} INFO - [2026-07-13T23:28:47.113+0000] {dag.py:3036} INFO - Sync 1 DAGs
[2026-07-13T23:28:47.136+0000] {logging_mixin.py:188} INFO - [2026-07-13T23:28:47.136+0000] {dag.py:3823} INFO - Setting next_dagrun for dag_etl_camara_diario to 2026-07-12 03:00:00+00:00, run_after=2026-07-13 03:00:00+00:00
[2026-07-13T23:28:47.168+0000] {processor.py:183} INFO - Processing /opt/airflow/dags/dag_etl_camara_diario.py took 0.089 seconds
[2026-07-13T23:29:17.293+0000] {processor.py:161} INFO - Started process (PID=2718) to work on /opt/airflow/dags/dag_etl_camara_diario.py
[2026-07-13T23:29:17.294+0000] {processor.py:830} INFO - Processing file /opt/airflow/dags/dag_etl_camara_diario.py for tasks to queue
[2026-07-13T23:29:17.294+0000] {logging_mixin.py:188} INFO - [2026-07-13T23:29:17.294+0000] {dagbag.py:538} INFO - Filling up the DagBag from /opt/airflow/dags/dag_etl_camara_diario.py
[2026-07-13T23:29:17.303+0000] {processor.py:840} INFO - DAG(s) 'dag_etl_camara_diario' retrieved from /opt/airflow/dags/dag_etl_camara_diario.py
[2026-07-13T23:29:17.324+0000] {logging_mixin.py:188} INFO - [2026-07-13T23:29:17.324+0000] {dag.py:3036} INFO - Sync 1 DAGs
[2026-07-13T23:29:17.346+0000] {logging_mixin.py:188} INFO - [2026-07-13T23:29:17.346+0000] {dag.py:3823} INFO - Setting next_dagrun for dag_etl_camara_diario to 2026-07-12 03:00:00+00:00, run_after=2026-07-13 03:00:00+00:00
[2026-07-13T23:29:17.376+0000] {processor.py:183} INFO - Processing /opt/airflow/dags/dag_etl_camara_diario.py took 0.085 seconds
[2026-07-13T23:29:47.503+0000] {processor.py:161} INFO - Started process (PID=2733) to work on /opt/airflow/dags/dag_etl_camara_diario.py
[2026-07-13T23:29:47.504+0000] {processor.py:830} INFO - Processing file /opt/airflow/dags/dag_etl_camara_diario.py for tasks to queue
[2026-07-13T23:29:47.504+0000] {logging_mixin.py:188} INFO - [2026-07-13T23:29:47.504+0000] {dagbag.py:538} INFO - Filling up the DagBag from /opt/airflow/dags/dag_etl_camara_diario.py
[2026-07-13T23:29:47.513+0000] {processor.py:840} INFO - DAG(s) 'dag_etl_camara_diario' retrieved from /opt/airflow/dags/dag_etl_camara_diario.py
[2026-07-13T23:29:47.533+0000] {logging_mixin.py:188} INFO - [2026-07-13T23:29:47.533+0000] {dag.py:3036} INFO - Sync 1 DAGs
[2026-07-13T23:29:47.556+0000] {logging_mixin.py:188} INFO - [2026-07-13T23:29:47.555+0000] {dag.py:3823} INFO - Setting next_dagrun for dag_etl_camara_diario to 2026-07-12 03:00:00+00:00, run_after=2026-07-13 03:00:00+00:00
[2026-07-13T23:29:47.589+0000] {processor.py:183} INFO - Processing /opt/airflow/dags/dag_etl_camara_diario.py took 0.088 seconds
[2026-07-13T23:30:17.719+0000] {processor.py:161} INFO - Started process (PID=2748) to work on /opt/airflow/dags/dag_etl_camara_diario.py
[2026-07-13T23:30:17.719+0000] {processor.py:830} INFO - Processing file /opt/airflow/dags/dag_etl_camara_diario.py for tasks to queue
[2026-07-13T23:30:17.720+0000] {logging_mixin.py:188} INFO - [2026-07-13T23:30:17.720+0000] {dagbag.py:538} INFO - Filling up the DagBag from /opt/airflow/dags/dag_etl_camara_diario.py
[2026-07-13T23:30:17.728+0000] {processor.py:840} INFO - DAG(s) 'dag_etl_camara_diario' retrieved from /opt/airflow/dags/dag_etl_camara_diario.py
[2026-07-13T23:30:17.748+0000] {logging_mixin.py:188} INFO - [2026-07-13T23:30:17.748+0000] {dag.py:3036} INFO - Sync 1 DAGs
[2026-07-13T23:30:17.769+0000] {logging_mixin.py:188} INFO - [2026-07-13T23:30:17.769+0000] {dag.py:3823} INFO - Setting next_dagrun for dag_etl_camara_diario to 2026-07-12 03:00:00+00:00, run_after=2026-07-13 03:00:00+00:00
[2026-07-13T23:30:17.802+0000] {processor.py:183} INFO - Processing /opt/airflow/dags/dag_etl_camara_diario.py took 0.085 seconds
[2026-07-13T23:30:47.929+0000] {processor.py:161} INFO - Started process (PID=2763) to work on /opt/airflow/dags/dag_etl_camara_diario.py
[2026-07-13T23:30:47.929+0000] {processor.py:830} INFO - Processing file /opt/airflow/dags/dag_etl_camara_diario.py for tasks to queue
[2026-07-13T23:30:47.930+0000] {logging_mixin.py:188} INFO - [2026-07-13T23:30:47.930+0000] {dagbag.py:538} INFO - Filling up the DagBag from /opt/airflow/dags/dag_etl_camara_diario.py
[2026-07-13T23:30:47.938+0000] {processor.py:840} INFO - DAG(s) 'dag_etl_camara_diario' retrieved from /opt/airflow/dags/dag_etl_camara_diario.py
[2026-07-13T23:30:47.959+0000] {logging_mixin.py:188} INFO - [2026-07-13T23:30:47.959+0000] {dag.py:3036} INFO - Sync 1 DAGs
[2026-07-13T23:30:47.982+0000] {logging_mixin.py:188} INFO - [2026-07-13T23:30:47.982+0000] {dag.py:3823} INFO - Setting next_dagrun for dag_etl_camara_diario to 2026-07-12 03:00:00+00:00, run_after=2026-07-13 03:00:00+00:00
[2026-07-13T23:30:48.016+0000] {processor.py:183} INFO - Processing /opt/airflow/dags/dag_etl_camara_diario.py took 0.090 seconds
[2026-07-13T23:31:18.147+0000] {processor.py:161} INFO - Started process (PID=2778) to work on /opt/airflow/dags/dag_etl_camara_diario.py
[2026-07-13T23:31:18.148+0000] {processor.py:830} INFO - Processing file /opt/airflow/dags/dag_etl_camara_diario.py for tasks to queue
[2026-07-13T23:31:18.149+0000] {logging_mixin.py:188} INFO - [2026-07-13T23:31:18.148+0000] {dagbag.py:538} INFO - Filling up the DagBag from /opt/airflow/dags/dag_etl_camara_diario.py
[2026-07-13T23:31:18.157+0000] {processor.py:840} INFO - DAG(s) 'dag_etl_camara_diario' retrieved from /opt/airflow/dags/dag_etl_camara_diario.py
[2026-07-13T23:31:18.178+0000] {logging_mixin.py:188} INFO - [2026-07-13T23:31:18.178+0000] {dag.py:3036} INFO - Sync 1 DAGs
[2026-07-13T23:31:18.199+0000] {logging_mixin.py:188} INFO - [2026-07-13T23:31:18.199+0000] {dag.py:3823} INFO - Setting next_dagrun for dag_etl_camara_diario to 2026-07-12 03:00:00+00:00, run_after=2026-07-13 03:00:00+00:00
[2026-07-13T23:31:18.231+0000] {processor.py:183} INFO - Processing /opt/airflow/dags/dag_etl_camara_diario.py took 0.087 seconds
[2026-07-13T23:31:48.359+0000] {processor.py:161} INFO - Started process (PID=2793) to work on /opt/airflow/dags/dag_etl_camara_diario.py
[2026-07-13T23:31:48.360+0000] {processor.py:830} INFO - Processing file /opt/airflow/dags/dag_etl_camara_diario.py for tasks to queue
[2026-07-13T23:31:48.361+0000] {logging_mixin.py:188} INFO - [2026-07-13T23:31:48.360+0000] {dagbag.py:538} INFO - Filling up the DagBag from /opt/airflow/dags/dag_etl_camara_diario.py
[2026-07-13T23:31:48.369+0000] {processor.py:840} INFO - DAG(s) 'dag_etl_camara_diario' retrieved from /opt/airflow/dags/dag_etl_camara_diario.py
[2026-07-13T23:31:48.390+0000] {logging_mixin.py:188} INFO - [2026-07-13T23:31:48.390+0000] {dag.py:3036} INFO - Sync 1 DAGs
[2026-07-13T23:31:48.410+0000] {logging_mixin.py:188} INFO - [2026-07-13T23:31:48.410+0000] {dag.py:3823} INFO - Setting next_dagrun for dag_etl_camara_diario to 2026-07-12 03:00:00+00:00, run_after=2026-07-13 03:00:00+00:00
[2026-07-13T23:31:48.443+0000] {processor.py:183} INFO - Processing /opt/airflow/dags/dag_etl_camara_diario.py took 0.086 seconds
[2026-07-13T23:32:18.574+0000] {processor.py:161} INFO - Started process (PID=2808) to work on /opt/airflow/dags/dag_etl_camara_diario.py
[2026-07-13T23:32:18.575+0000] {processor.py:830} INFO - Processing file /opt/airflow/dags/dag_etl_camara_diario.py for tasks to queue
[2026-07-13T23:32:18.575+0000] {logging_mixin.py:188} INFO - [2026-07-13T23:32:18.575+0000] {dagbag.py:538} INFO - Filling up the DagBag from /opt/airflow/dags/dag_etl_camara_diario.py
[2026-07-13T23:32:18.584+0000] {processor.py:840} INFO - DAG(s) 'dag_etl_camara_diario' retrieved from /opt/airflow/dags/dag_etl_camara_diario.py
[2026-07-13T23:32:18.604+0000] {logging_mixin.py:188} INFO - [2026-07-13T23:32:18.604+0000] {dag.py:3036} INFO - Sync 1 DAGs
[2026-07-13T23:32:18.625+0000] {logging_mixin.py:188} INFO - [2026-07-13T23:32:18.625+0000] {dag.py:3823} INFO - Setting next_dagrun for dag_etl_camara_diario to 2026-07-12 03:00:00+00:00, run_after=2026-07-13 03:00:00+00:00
[2026-07-13T23:32:18.661+0000] {processor.py:183} INFO - Processing /opt/airflow/dags/dag_etl_camara_diario.py took 0.089 seconds
[2026-07-13T23:32:48.787+0000] {processor.py:161} INFO - Started process (PID=2823) to work on /opt/airflow/dags/dag_etl_camara_diario.py
[2026-07-13T23:32:48.788+0000] {processor.py:830} INFO - Processing file /opt/airflow/dags/dag_etl_camara_diario.py for tasks to queue
[2026-07-13T23:32:48.789+0000] {logging_mixin.py:188} INFO - [2026-07-13T23:32:48.789+0000] {dagbag.py:538} INFO - Filling up the DagBag from /opt/airflow/dags/dag_etl_camara_diario.py
[2026-07-13T23:32:48.798+0000] {processor.py:840} INFO - DAG(s) 'dag_etl_camara_diario' retrieved from /opt/airflow/dags/dag_etl_camara_diario.py
[2026-07-13T23:32:48.820+0000] {logging_mixin.py:188} INFO - [2026-07-13T23:32:48.820+0000] {dag.py:3036} INFO - Sync 1 DAGs
[2026-07-13T23:32:48.841+0000] {logging_mixin.py:188} INFO - [2026-07-13T23:32:48.840+0000] {dag.py:3823} INFO - Setting next_dagrun for dag_etl_camara_diario to 2026-07-12 03:00:00+00:00, run_after=2026-07-13 03:00:00+00:00
[2026-07-13T23:32:48.872+0000] {processor.py:183} INFO - Processing /opt/airflow/dags/dag_etl_camara_diario.py took 0.088 seconds
[2026-07-13T23:33:19.000+0000] {processor.py:161} INFO - Started process (PID=2838) to work on /opt/airflow/dags/dag_etl_camara_diario.py
[2026-07-13T23:33:19.000+0000] {processor.py:830} INFO - Processing file /opt/airflow/dags/dag_etl_camara_diario.py for tasks to queue
[2026-07-13T23:33:19.001+0000] {logging_mixin.py:188} INFO - [2026-07-13T23:33:19.001+0000] {dagbag.py:538} INFO - Filling up the DagBag from /opt/airflow/dags/dag_etl_camara_diario.py
[2026-07-13T23:33:19.011+0000] {processor.py:840} INFO - DAG(s) 'dag_etl_camara_diario' retrieved from /opt/airflow/dags/dag_etl_camara_diario.py
[2026-07-13T23:33:19.034+0000] {logging_mixin.py:188} INFO - [2026-07-13T23:33:19.034+0000] {dag.py:3036} INFO - Sync 1 DAGs
[2026-07-13T23:33:19.058+0000] {logging_mixin.py:188} INFO - [2026-07-13T23:33:19.058+0000] {dag.py:3823} INFO - Setting next_dagrun for dag_etl_camara_diario to 2026-07-12 03:00:00+00:00, run_after=2026-07-13 03:00:00+00:00
[2026-07-13T23:33:19.075+0000] {processor.py:183} INFO - Processing /opt/airflow/dags/dag_etl_camara_diario.py took 0.078 seconds
[2026-07-13T23:33:49.212+0000] {processor.py:161} INFO - Started process (PID=2853) to work on /opt/airflow/dags/dag_etl_camara_diario.py
[2026-07-13T23:33:49.213+0000] {processor.py:830} INFO - Processing file /opt/airflow/dags/dag_etl_camara_diario.py for tasks to queue
[2026-07-13T23:33:49.214+0000] {logging_mixin.py:188} INFO - [2026-07-13T23:33:49.214+0000] {dagbag.py:538} INFO - Filling up the DagBag from /opt/airflow/dags/dag_etl_camara_diario.py
[2026-07-13T23:33:49.223+0000] {processor.py:840} INFO - DAG(s) 'dag_etl_camara_diario' retrieved from /opt/airflow/dags/dag_etl_camara_diario.py
[2026-07-13T23:33:49.245+0000] {logging_mixin.py:188} INFO - [2026-07-13T23:33:49.245+0000] {dag.py:3036} INFO - Sync 1 DAGs
[2026-07-13T23:33:49.266+0000] {logging_mixin.py:188} INFO - [2026-07-13T23:33:49.266+0000] {dag.py:3823} INFO - Setting next_dagrun for dag_etl_camara_diario to 2026-07-12 03:00:00+00:00, run_after=2026-07-13 03:00:00+00:00
[2026-07-13T23:33:49.297+0000] {processor.py:183} INFO - Processing /opt/airflow/dags/dag_etl_camara_diario.py took 0.088 seconds
[2026-07-13T23:34:19.424+0000] {processor.py:161} INFO - Started process (PID=2868) to work on /opt/airflow/dags/dag_etl_camara_diario.py
[2026-07-13T23:34:19.425+0000] {processor.py:830} INFO - Processing file /opt/airflow/dags/dag_etl_camara_diario.py for tasks to queue
[2026-07-13T23:34:19.425+0000] {logging_mixin.py:188} INFO - [2026-07-13T23:34:19.425+0000] {dagbag.py:538} INFO - Filling up the DagBag from /opt/airflow/dags/dag_etl_camara_diario.py
[2026-07-13T23:34:19.434+0000] {processor.py:840} INFO - DAG(s) 'dag_etl_camara_diario' retrieved from /opt/airflow/dags/dag_etl_camara_diario.py
[2026-07-13T23:34:19.455+0000] {logging_mixin.py:188} INFO - [2026-07-13T23:34:19.455+0000] {dag.py:3036} INFO - Sync 1 DAGs
[2026-07-13T23:34:19.475+0000] {logging_mixin.py:188} INFO - [2026-07-13T23:34:19.475+0000] {dag.py:3823} INFO - Setting next_dagrun for dag_etl_camara_diario to 2026-07-12 03:00:00+00:00, run_after=2026-07-13 03:00:00+00:00
[2026-07-13T23:34:19.509+0000] {processor.py:183} INFO - Processing /opt/airflow/dags/dag_etl_camara_diario.py took 0.087 seconds
[2026-07-13T23:34:49.633+0000] {processor.py:161} INFO - Started process (PID=2883) to work on /opt/airflow/dags/dag_etl_camara_diario.py
[2026-07-13T23:34:49.634+0000] {processor.py:830} INFO - Processing file /opt/airflow/dags/dag_etl_camara_diario.py for tasks to queue
[2026-07-13T23:34:49.634+0000] {logging_mixin.py:188} INFO - [2026-07-13T23:34:49.634+0000] {dagbag.py:538} INFO - Filling up the DagBag from /opt/airflow/dags/dag_etl_camara_diario.py
[2026-07-13T23:34:49.643+0000] {processor.py:840} INFO - DAG(s) 'dag_etl_camara_diario' retrieved from /opt/airflow/dags/dag_etl_camara_diario.py
[2026-07-13T23:34:49.664+0000] {logging_mixin.py:188} INFO - [2026-07-13T23:34:49.664+0000] {dag.py:3036} INFO - Sync 1 DAGs
[2026-07-13T23:34:49.686+0000] {logging_mixin.py:188} INFO - [2026-07-13T23:34:49.686+0000] {dag.py:3823} INFO - Setting next_dagrun for dag_etl_camara_diario to 2026-07-12 03:00:00+00:00, run_after=2026-07-13 03:00:00+00:00
[2026-07-13T23:34:49.718+0000] {processor.py:183} INFO - Processing /opt/airflow/dags/dag_etl_camara_diario.py took 0.087 seconds
[2026-07-13T23:35:19.845+0000] {processor.py:161} INFO - Started process (PID=2898) to work on /opt/airflow/dags/dag_etl_camara_diario.py
[2026-07-13T23:35:19.846+0000] {processor.py:830} INFO - Processing file /opt/airflow/dags/dag_etl_camara_diario.py for tasks to queue
[2026-07-13T23:35:19.846+0000] {logging_mixin.py:188} INFO - [2026-07-13T23:35:19.846+0000] {dagbag.py:538} INFO - Filling up the DagBag from /opt/airflow/dags/dag_etl_camara_diario.py
[2026-07-13T23:35:19.855+0000] {processor.py:840} INFO - DAG(s) 'dag_etl_camara_diario' retrieved from /opt/airflow/dags/dag_etl_camara_diario.py
[2026-07-13T23:35:19.875+0000] {logging_mixin.py:188} INFO - [2026-07-13T23:35:19.875+0000] {dag.py:3036} INFO - Sync 1 DAGs
[2026-07-13T23:35:19.895+0000] {logging_mixin.py:188} INFO - [2026-07-13T23:35:19.895+0000] {dag.py:3823} INFO - Setting next_dagrun for dag_etl_camara_diario to 2026-07-12 03:00:00+00:00, run_after=2026-07-13 03:00:00+00:00
[2026-07-13T23:35:19.931+0000] {processor.py:183} INFO - Processing /opt/airflow/dags/dag_etl_camara_diario.py took 0.088 seconds
[2026-07-13T23:35:50.058+0000] {processor.py:161} INFO - Started process (PID=2913) to work on /opt/airflow/dags/dag_etl_camara_diario.py
[2026-07-13T23:35:50.059+0000] {processor.py:830} INFO - Processing file /opt/airflow/dags/dag_etl_camara_diario.py for tasks to queue
[2026-07-13T23:35:50.060+0000] {logging_mixin.py:188} INFO - [2026-07-13T23:35:50.059+0000] {dagbag.py:538} INFO - Filling up the DagBag from /opt/airflow/dags/dag_etl_camara_diario.py
[2026-07-13T23:35:50.068+0000] {processor.py:840} INFO - DAG(s) 'dag_etl_camara_diario' retrieved from /opt/airflow/dags/dag_etl_camara_diario.py
[2026-07-13T23:35:50.089+0000] {logging_mixin.py:188} INFO - [2026-07-13T23:35:50.089+0000] {dag.py:3036} INFO - Sync 1 DAGs
[2026-07-13T23:35:50.111+0000] {logging_mixin.py:188} INFO - [2026-07-13T23:35:50.111+0000] {dag.py:3823} INFO - Setting next_dagrun for dag_etl_camara_diario to 2026-07-12 03:00:00+00:00, run_after=2026-07-13 03:00:00+00:00
[2026-07-13T23:35:50.145+0000] {processor.py:183} INFO - Processing /opt/airflow/dags/dag_etl_camara_diario.py took 0.090 seconds
[2026-07-13T23:36:20.274+0000] {processor.py:161} INFO - Started process (PID=2928) to work on /opt/airflow/dags/dag_etl_camara_diario.py
[2026-07-13T23:36:20.274+0000] {processor.py:830} INFO - Processing file /opt/airflow/dags/dag_etl_camara_diario.py for tasks to queue
[2026-07-13T23:36:20.275+0000] {logging_mixin.py:188} INFO - [2026-07-13T23:36:20.275+0000] {dagbag.py:538} INFO - Filling up the DagBag from /opt/airflow/dags/dag_etl_camara_diario.py
[2026-07-13T23:36:20.284+0000] {processor.py:840} INFO - DAG(s) 'dag_etl_camara_diario' retrieved from /opt/airflow/dags/dag_etl_camara_diario.py
[2026-07-13T23:36:20.304+0000] {logging_mixin.py:188} INFO - [2026-07-13T23:36:20.304+0000] {dag.py:3036} INFO - Sync 1 DAGs
[2026-07-13T23:36:20.326+0000] {logging_mixin.py:188} INFO - [2026-07-13T23:36:20.325+0000] {dag.py:3823} INFO - Setting next_dagrun for dag_etl_camara_diario to 2026-07-12 03:00:00+00:00, run_after=2026-07-13 03:00:00+00:00
[2026-07-13T23:36:20.363+0000] {processor.py:183} INFO - Processing /opt/airflow/dags/dag_etl_camara_diario.py took 0.092 seconds
[2026-07-13T23:36:50.489+0000] {processor.py:161} INFO - Started process (PID=2943) to work on /opt/airflow/dags/dag_etl_camara_diario.py
[2026-07-13T23:36:50.490+0000] {processor.py:830} INFO - Processing file /opt/airflow/dags/dag_etl_camara_diario.py for tasks to queue
[2026-07-13T23:36:50.491+0000] {logging_mixin.py:188} INFO - [2026-07-13T23:36:50.490+0000] {dagbag.py:538} INFO - Filling up the DagBag from /opt/airflow/dags/dag_etl_camara_diario.py
[2026-07-13T23:36:50.499+0000] {processor.py:840} INFO - DAG(s) 'dag_etl_camara_diario' retrieved from /opt/airflow/dags/dag_etl_camara_diario.py
[2026-07-13T23:36:50.519+0000] {logging_mixin.py:188} INFO - [2026-07-13T23:36:50.519+0000] {dag.py:3036} INFO - Sync 1 DAGs
[2026-07-13T23:36:50.539+0000] {logging_mixin.py:188} INFO - [2026-07-13T23:36:50.539+0000] {dag.py:3823} INFO - Setting next_dagrun for dag_etl_camara_diario to 2026-07-12 03:00:00+00:00, run_after=2026-07-13 03:00:00+00:00
[2026-07-13T23:36:50.575+0000] {processor.py:183} INFO - Processing /opt/airflow/dags/dag_etl_camara_diario.py took 0.088 seconds
[2026-07-13T23:37:20.703+0000] {processor.py:161} INFO - Started process (PID=2958) to work on /opt/airflow/dags/dag_etl_camara_diario.py
[2026-07-13T23:37:20.704+0000] {processor.py:830} INFO - Processing file /opt/airflow/dags/dag_etl_camara_diario.py for tasks to queue
[2026-07-13T23:37:20.704+0000] {logging_mixin.py:188} INFO - [2026-07-13T23:37:20.704+0000] {dagbag.py:538} INFO - Filling up the DagBag from /opt/airflow/dags/dag_etl_camara_diario.py
[2026-07-13T23:37:20.714+0000] {processor.py:840} INFO - DAG(s) 'dag_etl_camara_diario' retrieved from /opt/airflow/dags/dag_etl_camara_diario.py
[2026-07-13T23:37:20.736+0000] {logging_mixin.py:188} INFO - [2026-07-13T23:37:20.736+0000] {dag.py:3036} INFO - Sync 1 DAGs
[2026-07-13T23:37:20.761+0000] {logging_mixin.py:188} INFO - [2026-07-13T23:37:20.760+0000] {dag.py:3823} INFO - Setting next_dagrun for dag_etl_camara_diario to 2026-07-12 03:00:00+00:00, run_after=2026-07-13 03:00:00+00:00
[2026-07-13T23:37:20.797+0000] {processor.py:183} INFO - Processing /opt/airflow/dags/dag_etl_camara_diario.py took 0.097 seconds
[2026-07-13T23:37:50.925+0000] {processor.py:161} INFO - Started process (PID=2973) to work on /opt/airflow/dags/dag_etl_camara_diario.py
[2026-07-13T23:37:50.926+0000] {processor.py:830} INFO - Processing file /opt/airflow/dags/dag_etl_camara_diario.py for tasks to queue
[2026-07-13T23:37:50.926+0000] {logging_mixin.py:188} INFO - [2026-07-13T23:37:50.926+0000] {dagbag.py:538} INFO - Filling up the DagBag from /opt/airflow/dags/dag_etl_camara_diario.py
[2026-07-13T23:37:50.935+0000] {processor.py:840} INFO - DAG(s) 'dag_etl_camara_diario' retrieved from /opt/airflow/dags/dag_etl_camara_diario.py
[2026-07-13T23:37:50.955+0000] {logging_mixin.py:188} INFO - [2026-07-13T23:37:50.955+0000] {dag.py:3036} INFO - Sync 1 DAGs
[2026-07-13T23:37:50.978+0000] {logging_mixin.py:188} INFO - [2026-07-13T23:37:50.978+0000] {dag.py:3823} INFO - Setting next_dagrun for dag_etl_camara_diario to 2026-07-12 03:00:00+00:00, run_after=2026-07-13 03:00:00+00:00
[2026-07-13T23:37:51.012+0000] {processor.py:183} INFO - Processing /opt/airflow/dags/dag_etl_camara_diario.py took 0.090 seconds
[2026-07-13T23:38:21.139+0000] {processor.py:161} INFO - Started process (PID=2988) to work on /opt/airflow/dags/dag_etl_camara_diario.py
[2026-07-13T23:38:21.140+0000] {processor.py:830} INFO - Processing file /opt/airflow/dags/dag_etl_camara_diario.py for tasks to queue
[2026-07-13T23:38:21.140+0000] {logging_mixin.py:188} INFO - [2026-07-13T23:38:21.140+0000] {dagbag.py:538} INFO - Filling up the DagBag from /opt/airflow/dags/dag_etl_camara_diario.py
[2026-07-13T23:38:21.149+0000] {processor.py:840} INFO - DAG(s) 'dag_etl_camara_diario' retrieved from /opt/airflow/dags/dag_etl_camara_diario.py
[2026-07-13T23:38:21.170+0000] {logging_mixin.py:188} INFO - [2026-07-13T23:38:21.170+0000] {dag.py:3036} INFO - Sync 1 DAGs
[2026-07-13T23:38:21.191+0000] {logging_mixin.py:188} INFO - [2026-07-13T23:38:21.191+0000] {dag.py:3823} INFO - Setting next_dagrun for dag_etl_camara_diario to 2026-07-12 03:00:00+00:00, run_after=2026-07-13 03:00:00+00:00
[2026-07-13T23:38:21.227+0000] {processor.py:183} INFO - Processing /opt/airflow/dags/dag_etl_camara_diario.py took 0.090 seconds
[2026-07-13T23:38:51.359+0000] {processor.py:161} INFO - Started process (PID=3003) to work on /opt/airflow/dags/dag_etl_camara_diario.py
[2026-07-13T23:38:51.359+0000] {processor.py:830} INFO - Processing file /opt/airflow/dags/dag_etl_camara_diario.py for tasks to queue
[2026-07-13T23:38:51.360+0000] {logging_mixin.py:188} INFO - [2026-07-13T23:38:51.360+0000] {dagbag.py:538} INFO - Filling up the DagBag from /opt/airflow/dags/dag_etl_camara_diario.py
[2026-07-13T23:38:51.368+0000] {processor.py:840} INFO - DAG(s) 'dag_etl_camara_diario' retrieved from /opt/airflow/dags/dag_etl_camara_diario.py
[2026-07-13T23:38:51.389+0000] {logging_mixin.py:188} INFO - [2026-07-13T23:38:51.389+0000] {dag.py:3036} INFO - Sync 1 DAGs
[2026-07-13T23:38:51.413+0000] {logging_mixin.py:188} INFO - [2026-07-13T23:38:51.412+0000] {dag.py:3823} INFO - Setting next_dagrun for dag_etl_camara_diario to 2026-07-12 03:00:00+00:00, run_after=2026-07-13 03:00:00+00:00
[2026-07-13T23:38:51.451+0000] {processor.py:183} INFO - Processing /opt/airflow/dags/dag_etl_camara_diario.py took 0.095 seconds
[2026-07-13T23:39:21.576+0000] {processor.py:161} INFO - Started process (PID=3018) to work on /opt/airflow/dags/dag_etl_camara_diario.py
[2026-07-13T23:39:21.577+0000] {processor.py:830} INFO - Processing file /opt/airflow/dags/dag_etl_camara_diario.py for tasks to queue
[2026-07-13T23:39:21.578+0000] {logging_mixin.py:188} INFO - [2026-07-13T23:39:21.577+0000] {dagbag.py:538} INFO - Filling up the DagBag from /opt/airflow/dags/dag_etl_camara_diario.py
[2026-07-13T23:39:21.586+0000] {processor.py:840} INFO - DAG(s) 'dag_etl_camara_diario' retrieved from /opt/airflow/dags/dag_etl_camara_diario.py
[2026-07-13T23:39:21.608+0000] {logging_mixin.py:188} INFO - [2026-07-13T23:39:21.608+0000] {dag.py:3036} INFO - Sync 1 DAGs
[2026-07-13T23:39:21.631+0000] {logging_mixin.py:188} INFO - [2026-07-13T23:39:21.631+0000] {dag.py:3823} INFO - Setting next_dagrun for dag_etl_camara_diario to 2026-07-12 03:00:00+00:00, run_after=2026-07-13 03:00:00+00:00
[2026-07-13T23:39:21.665+0000] {processor.py:183} INFO - Processing /opt/airflow/dags/dag_etl_camara_diario.py took 0.092 seconds
[2026-07-13T23:39:51.792+0000] {processor.py:161} INFO - Started process (PID=3033) to work on /opt/airflow/dags/dag_etl_camara_diario.py
[2026-07-13T23:39:51.793+0000] {processor.py:830} INFO - Processing file /opt/airflow/dags/dag_etl_camara_diario.py for tasks to queue
[2026-07-13T23:39:51.793+0000] {logging_mixin.py:188} INFO - [2026-07-13T23:39:51.793+0000] {dagbag.py:538} INFO - Filling up the DagBag from /opt/airflow/dags/dag_etl_camara_diario.py
[2026-07-13T23:39:51.803+0000] {processor.py:840} INFO - DAG(s) 'dag_etl_camara_diario' retrieved from /opt/airflow/dags/dag_etl_camara_diario.py
[2026-07-13T23:39:51.824+0000] {logging_mixin.py:188} INFO - [2026-07-13T23:39:51.824+0000] {dag.py:3036} INFO - Sync 1 DAGs
[2026-07-13T23:39:51.844+0000] {logging_mixin.py:188} INFO - [2026-07-13T23:39:51.844+0000] {dag.py:3823} INFO - Setting next_dagrun for dag_etl_camara_diario to 2026-07-12 03:00:00+00:00, run_after=2026-07-13 03:00:00+00:00
[2026-07-13T23:39:51.881+0000] {processor.py:183} INFO - Processing /opt/airflow/dags/dag_etl_camara_diario.py took 0.092 seconds
[2026-07-13T23:40:22.007+0000] {processor.py:161} INFO - Started process (PID=3048) to work on /opt/airflow/dags/dag_etl_camara_diario.py
[2026-07-13T23:40:22.007+0000] {processor.py:830} INFO - Processing file /opt/airflow/dags/dag_etl_camara_diario.py for tasks to queue
[2026-07-13T23:40:22.008+0000] {logging_mixin.py:188} INFO - [2026-07-13T23:40:22.008+0000] {dagbag.py:538} INFO - Filling up the DagBag from /opt/airflow/dags/dag_etl_camara_diario.py
[2026-07-13T23:40:22.016+0000] {processor.py:840} INFO - DAG(s) 'dag_etl_camara_diario' retrieved from /opt/airflow/dags/dag_etl_camara_diario.py
[2026-07-13T23:40:22.036+0000] {logging_mixin.py:188} INFO - [2026-07-13T23:40:22.036+0000] {dag.py:3036} INFO - Sync 1 DAGs
[2026-07-13T23:40:22.057+0000] {logging_mixin.py:188} INFO - [2026-07-13T23:40:22.057+0000] {dag.py:3823} INFO - Setting next_dagrun for dag_etl_camara_diario to 2026-07-12 03:00:00+00:00, run_after=2026-07-13 03:00:00+00:00
[2026-07-13T23:40:22.093+0000] {processor.py:183} INFO - Processing /opt/airflow/dags/dag_etl_camara_diario.py took 0.089 seconds
[2026-07-13T23:40:52.219+0000] {processor.py:161} INFO - Started process (PID=3063) to work on /opt/airflow/dags/dag_etl_camara_diario.py
[2026-07-13T23:40:52.220+0000] {processor.py:830} INFO - Processing file /opt/airflow/dags/dag_etl_camara_diario.py for tasks to queue
[2026-07-13T23:40:52.220+0000] {logging_mixin.py:188} INFO - [2026-07-13T23:40:52.220+0000] {dagbag.py:538} INFO - Filling up the DagBag from /opt/airflow/dags/dag_etl_camara_diario.py
[2026-07-13T23:40:52.229+0000] {processor.py:840} INFO - DAG(s) 'dag_etl_camara_diario' retrieved from /opt/airflow/dags/dag_etl_camara_diario.py
[2026-07-13T23:40:52.250+0000] {logging_mixin.py:188} INFO - [2026-07-13T23:40:52.250+0000] {dag.py:3036} INFO - Sync 1 DAGs
[2026-07-13T23:40:52.271+0000] {logging_mixin.py:188} INFO - [2026-07-13T23:40:52.271+0000] {dag.py:3823} INFO - Setting next_dagrun for dag_etl_camara_diario to 2026-07-12 03:00:00+00:00, run_after=2026-07-13 03:00:00+00:00
[2026-07-13T23:40:52.306+0000] {processor.py:183} INFO - Processing /opt/airflow/dags/dag_etl_camara_diario.py took 0.090 seconds
[2026-07-13T23:41:22.427+0000] {processor.py:161} INFO - Started process (PID=3078) to work on /opt/airflow/dags/dag_etl_camara_diario.py
[2026-07-13T23:41:22.427+0000] {processor.py:830} INFO - Processing file /opt/airflow/dags/dag_etl_camara_diario.py for tasks to queue
[2026-07-13T23:41:22.428+0000] {logging_mixin.py:188} INFO - [2026-07-13T23:41:22.428+0000] {dagbag.py:538} INFO - Filling up the DagBag from /opt/airflow/dags/dag_etl_camara_diario.py
[2026-07-13T23:41:22.437+0000] {processor.py:840} INFO - DAG(s) 'dag_etl_camara_diario' retrieved from /opt/airflow/dags/dag_etl_camara_diario.py
[2026-07-13T23:41:22.457+0000] {logging_mixin.py:188} INFO - [2026-07-13T23:41:22.457+0000] {dag.py:3036} INFO - Sync 1 DAGs
[2026-07-13T23:41:22.479+0000] {logging_mixin.py:188} INFO - [2026-07-13T23:41:22.479+0000] {dag.py:3823} INFO - Setting next_dagrun for dag_etl_camara_diario to 2026-07-12 03:00:00+00:00, run_after=2026-07-13 03:00:00+00:00
[2026-07-13T23:41:22.511+0000] {processor.py:183} INFO - Processing /opt/airflow/dags/dag_etl_camara_diario.py took 0.087 seconds
[2026-07-13T23:41:52.636+0000] {processor.py:161} INFO - Started process (PID=3093) to work on /opt/airflow/dags/dag_etl_camara_diario.py
[2026-07-13T23:41:52.637+0000] {processor.py:830} INFO - Processing file /opt/airflow/dags/dag_etl_camara_diario.py for tasks to queue
[2026-07-13T23:41:52.638+0000] {logging_mixin.py:188} INFO - [2026-07-13T23:41:52.637+0000] {dagbag.py:538} INFO - Filling up the DagBag from /opt/airflow/dags/dag_etl_camara_diario.py
[2026-07-13T23:41:52.646+0000] {processor.py:840} INFO - DAG(s) 'dag_etl_camara_diario' retrieved from /opt/airflow/dags/dag_etl_camara_diario.py
[2026-07-13T23:41:52.667+0000] {logging_mixin.py:188} INFO - [2026-07-13T23:41:52.667+0000] {dag.py:3036} INFO - Sync 1 DAGs
[2026-07-13T23:41:52.687+0000] {logging_mixin.py:188} INFO - [2026-07-13T23:41:52.686+0000] {dag.py:3823} INFO - Setting next_dagrun for dag_etl_camara_diario to 2026-07-12 03:00:00+00:00, run_after=2026-07-13 03:00:00+00:00
[2026-07-13T23:41:52.722+0000] {processor.py:183} INFO - Processing /opt/airflow/dags/dag_etl_camara_diario.py took 0.089 seconds
[2026-07-13T23:42:22.851+0000] {processor.py:161} INFO - Started process (PID=3108) to work on /opt/airflow/dags/dag_etl_camara_diario.py
[2026-07-13T23:42:22.852+0000] {processor.py:830} INFO - Processing file /opt/airflow/dags/dag_etl_camara_diario.py for tasks to queue
[2026-07-13T23:42:22.852+0000] {logging_mixin.py:188} INFO - [2026-07-13T23:42:22.852+0000] {dagbag.py:538} INFO - Filling up the DagBag from /opt/airflow/dags/dag_etl_camara_diario.py
[2026-07-13T23:42:22.861+0000] {processor.py:840} INFO - DAG(s) 'dag_etl_camara_diario' retrieved from /opt/airflow/dags/dag_etl_camara_diario.py
[2026-07-13T23:42:22.882+0000] {logging_mixin.py:188} INFO - [2026-07-13T23:42:22.882+0000] {dag.py:3036} INFO - Sync 1 DAGs
[2026-07-13T23:42:22.903+0000] {logging_mixin.py:188} INFO - [2026-07-13T23:42:22.902+0000] {dag.py:3823} INFO - Setting next_dagrun for dag_etl_camara_diario to 2026-07-12 03:00:00+00:00, run_after=2026-07-13 03:00:00+00:00
[2026-07-13T23:42:22.915+0000] {processor.py:183} INFO - Processing /opt/airflow/dags/dag_etl_camara_diario.py took 0.067 seconds
[2026-07-13T23:42:53.042+0000] {processor.py:161} INFO - Started process (PID=3123) to work on /opt/airflow/dags/dag_etl_camara_diario.py
[2026-07-13T23:42:53.042+0000] {processor.py:830} INFO - Processing file /opt/airflow/dags/dag_etl_camara_diario.py for tasks to queue
[2026-07-13T23:42:53.043+0000] {logging_mixin.py:188} INFO - [2026-07-13T23:42:53.043+0000] {dagbag.py:538} INFO - Filling up the DagBag from /opt/airflow/dags/dag_etl_camara_diario.py
[2026-07-13T23:42:53.052+0000] {processor.py:840} INFO - DAG(s) 'dag_etl_camara_diario' retrieved from /opt/airflow/dags/dag_etl_camara_diario.py
[2026-07-13T23:42:53.074+0000] {logging_mixin.py:188} INFO - [2026-07-13T23:42:53.073+0000] {dag.py:3036} INFO - Sync 1 DAGs
[2026-07-13T23:42:53.094+0000] {logging_mixin.py:188} INFO - [2026-07-13T23:42:53.094+0000] {dag.py:3823} INFO - Setting next_dagrun for dag_etl_camara_diario to 2026-07-12 03:00:00+00:00, run_after=2026-07-13 03:00:00+00:00
[2026-07-13T23:42:53.133+0000] {processor.py:183} INFO - Processing /opt/airflow/dags/dag_etl_camara_diario.py took 0.093 seconds
[2026-07-13T23:43:23.255+0000] {processor.py:161} INFO - Started process (PID=3138) to work on /opt/airflow/dags/dag_etl_camara_diario.py
[2026-07-13T23:43:23.255+0000] {processor.py:830} INFO - Processing file /opt/airflow/dags/dag_etl_camara_diario.py for tasks to queue
[2026-07-13T23:43:23.256+0000] {logging_mixin.py:188} INFO - [2026-07-13T23:43:23.256+0000] {dagbag.py:538} INFO - Filling up the DagBag from /opt/airflow/dags/dag_etl_camara_diario.py
[2026-07-13T23:43:23.264+0000] {processor.py:840} INFO - DAG(s) 'dag_etl_camara_diario' retrieved from /opt/airflow/dags/dag_etl_camara_diario.py
[2026-07-13T23:43:23.285+0000] {logging_mixin.py:188} INFO - [2026-07-13T23:43:23.284+0000] {dag.py:3036} INFO - Sync 1 DAGs
[2026-07-13T23:43:23.308+0000] {logging_mixin.py:188} INFO - [2026-07-13T23:43:23.308+0000] {dag.py:3823} INFO - Setting next_dagrun for dag_etl_camara_diario to 2026-07-12 03:00:00+00:00, run_after=2026-07-13 03:00:00+00:00
[2026-07-13T23:43:23.346+0000] {processor.py:183} INFO - Processing /opt/airflow/dags/dag_etl_camara_diario.py took 0.094 seconds
[2026-07-13T23:43:53.475+0000] {processor.py:161} INFO - Started process (PID=3153) to work on /opt/airflow/dags/dag_etl_camara_diario.py
[2026-07-13T23:43:53.476+0000] {processor.py:830} INFO - Processing file /opt/airflow/dags/dag_etl_camara_diario.py for tasks to queue
[2026-07-13T23:43:53.477+0000] {logging_mixin.py:188} INFO - [2026-07-13T23:43:53.477+0000] {dagbag.py:538} INFO - Filling up the DagBag from /opt/airflow/dags/dag_etl_camara_diario.py
[2026-07-13T23:43:53.486+0000] {processor.py:840} INFO - DAG(s) 'dag_etl_camara_diario' retrieved from /opt/airflow/dags/dag_etl_camara_diario.py
[2026-07-13T23:43:53.507+0000] {logging_mixin.py:188} INFO - [2026-07-13T23:43:53.507+0000] {dag.py:3036} INFO - Sync 1 DAGs
[2026-07-13T23:43:53.528+0000] {logging_mixin.py:188} INFO - [2026-07-13T23:43:53.527+0000] {dag.py:3823} INFO - Setting next_dagrun for dag_etl_camara_diario to 2026-07-12 03:00:00+00:00, run_after=2026-07-13 03:00:00+00:00
[2026-07-13T23:43:53.565+0000] {processor.py:183} INFO - Processing /opt/airflow/dags/dag_etl_camara_diario.py took 0.093 seconds
[2026-07-13T23:44:23.691+0000] {processor.py:161} INFO - Started process (PID=3168) to work on /opt/airflow/dags/dag_etl_camara_diario.py
[2026-07-13T23:44:23.691+0000] {processor.py:830} INFO - Processing file /opt/airflow/dags/dag_etl_camara_diario.py for tasks to queue
[2026-07-13T23:44:23.692+0000] {logging_mixin.py:188} INFO - [2026-07-13T23:44:23.692+0000] {dagbag.py:538} INFO - Filling up the DagBag from /opt/airflow/dags/dag_etl_camara_diario.py
[2026-07-13T23:44:23.701+0000] {processor.py:840} INFO - DAG(s) 'dag_etl_camara_diario' retrieved from /opt/airflow/dags/dag_etl_camara_diario.py
[2026-07-13T23:44:23.722+0000] {logging_mixin.py:188} INFO - [2026-07-13T23:44:23.722+0000] {dag.py:3036} INFO - Sync 1 DAGs
[2026-07-13T23:44:23.743+0000] {logging_mixin.py:188} INFO - [2026-07-13T23:44:23.743+0000] {dag.py:3823} INFO - Setting next_dagrun for dag_etl_camara_diario to 2026-07-12 03:00:00+00:00, run_after=2026-07-13 03:00:00+00:00
[2026-07-13T23:44:23.780+0000] {processor.py:183} INFO - Processing /opt/airflow/dags/dag_etl_camara_diario.py took 0.092 seconds
[2026-07-13T23:44:53.905+0000] {processor.py:161} INFO - Started process (PID=3183) to work on /opt/airflow/dags/dag_etl_camara_diario.py
[2026-07-13T23:44:53.906+0000] {processor.py:830} INFO - Processing file /opt/airflow/dags/dag_etl_camara_diario.py for tasks to queue
[2026-07-13T23:44:53.906+0000] {logging_mixin.py:188} INFO - [2026-07-13T23:44:53.906+0000] {dagbag.py:538} INFO - Filling up the DagBag from /opt/airflow/dags/dag_etl_camara_diario.py
[2026-07-13T23:44:53.914+0000] {processor.py:840} INFO - DAG(s) 'dag_etl_camara_diario' retrieved from /opt/airflow/dags/dag_etl_camara_diario.py
[2026-07-13T23:44:53.937+0000] {logging_mixin.py:188} INFO - [2026-07-13T23:44:53.936+0000] {dag.py:3036} INFO - Sync 1 DAGs
[2026-07-13T23:44:53.958+0000] {logging_mixin.py:188} INFO - [2026-07-13T23:44:53.957+0000] {dag.py:3823} INFO - Setting next_dagrun for dag_etl_camara_diario to 2026-07-12 03:00:00+00:00, run_after=2026-07-13 03:00:00+00:00
[2026-07-13T23:44:53.994+0000] {processor.py:183} INFO - Processing /opt/airflow/dags/dag_etl_camara_diario.py took 0.091 seconds
[2026-07-13T23:45:24.116+0000] {processor.py:161} INFO - Started process (PID=3198) to work on /opt/airflow/dags/dag_etl_camara_diario.py
[2026-07-13T23:45:24.116+0000] {processor.py:830} INFO - Processing file /opt/airflow/dags/dag_etl_camara_diario.py for tasks to queue
[2026-07-13T23:45:24.117+0000] {logging_mixin.py:188} INFO - [2026-07-13T23:45:24.117+0000] {dagbag.py:538} INFO - Filling up the DagBag from /opt/airflow/dags/dag_etl_camara_diario.py
[2026-07-13T23:45:24.125+0000] {processor.py:840} INFO - DAG(s) 'dag_etl_camara_diario' retrieved from /opt/airflow/dags/dag_etl_camara_diario.py
[2026-07-13T23:45:24.146+0000] {logging_mixin.py:188} INFO - [2026-07-13T23:45:24.146+0000] {dag.py:3036} INFO - Sync 1 DAGs
[2026-07-13T23:45:24.166+0000] {logging_mixin.py:188} INFO - [2026-07-13T23:45:24.166+0000] {dag.py:3823} INFO - Setting next_dagrun for dag_etl_camara_diario to 2026-07-12 03:00:00+00:00, run_after=2026-07-13 03:00:00+00:00
[2026-07-13T23:45:24.203+0000] {processor.py:183} INFO - Processing /opt/airflow/dags/dag_etl_camara_diario.py took 0.090 seconds
[2026-07-13T23:45:54.328+0000] {processor.py:161} INFO - Started process (PID=3213) to work on /opt/airflow/dags/dag_etl_camara_diario.py
[2026-07-13T23:45:54.329+0000] {processor.py:830} INFO - Processing file /opt/airflow/dags/dag_etl_camara_diario.py for tasks to queue
[2026-07-13T23:45:54.329+0000] {logging_mixin.py:188} INFO - [2026-07-13T23:45:54.329+0000] {dagbag.py:538} INFO - Filling up the DagBag from /opt/airflow/dags/dag_etl_camara_diario.py
[2026-07-13T23:45:54.338+0000] {processor.py:840} INFO - DAG(s) 'dag_etl_camara_diario' retrieved from /opt/airflow/dags/dag_etl_camara_diario.py
[2026-07-13T23:45:54.360+0000] {logging_mixin.py:188} INFO - [2026-07-13T23:45:54.359+0000] {dag.py:3036} INFO - Sync 1 DAGs
[2026-07-13T23:45:54.380+0000] {logging_mixin.py:188} INFO - [2026-07-13T23:45:54.380+0000] {dag.py:3823} INFO - Setting next_dagrun for dag_etl_camara_diario to 2026-07-12 03:00:00+00:00, run_after=2026-07-13 03:00:00+00:00
[2026-07-13T23:45:54.395+0000] {processor.py:183} INFO - Processing /opt/airflow/dags/dag_etl_camara_diario.py took 0.070 seconds
[2026-07-13T23:46:24.521+0000] {processor.py:161} INFO - Started process (PID=3228) to work on /opt/airflow/dags/dag_etl_camara_diario.py
[2026-07-13T23:46:24.521+0000] {processor.py:830} INFO - Processing file /opt/airflow/dags/dag_etl_camara_diario.py for tasks to queue
[2026-07-13T23:46:24.522+0000] {logging_mixin.py:188} INFO - [2026-07-13T23:46:24.522+0000] {dagbag.py:538} INFO - Filling up the DagBag from /opt/airflow/dags/dag_etl_camara_diario.py
[2026-07-13T23:46:24.530+0000] {processor.py:840} INFO - DAG(s) 'dag_etl_camara_diario' retrieved from /opt/airflow/dags/dag_etl_camara_diario.py
[2026-07-13T23:46:24.551+0000] {logging_mixin.py:188} INFO - [2026-07-13T23:46:24.551+0000] {dag.py:3036} INFO - Sync 1 DAGs
[2026-07-13T23:46:24.571+0000] {logging_mixin.py:188} INFO - [2026-07-13T23:46:24.570+0000] {dag.py:3823} INFO - Setting next_dagrun for dag_etl_camara_diario to 2026-07-12 03:00:00+00:00, run_after=2026-07-13 03:00:00+00:00
[2026-07-13T23:46:24.610+0000] {processor.py:183} INFO - Processing /opt/airflow/dags/dag_etl_camara_diario.py took 0.092 seconds
[2026-07-13T23:46:54.734+0000] {processor.py:161} INFO - Started process (PID=3243) to work on /opt/airflow/dags/dag_etl_camara_diario.py
[2026-07-13T23:46:54.735+0000] {processor.py:830} INFO - Processing file /opt/airflow/dags/dag_etl_camara_diario.py for tasks to queue
[2026-07-13T23:46:54.736+0000] {logging_mixin.py:188} INFO - [2026-07-13T23:46:54.735+0000] {dagbag.py:538} INFO - Filling up the DagBag from /opt/airflow/dags/dag_etl_camara_diario.py
[2026-07-13T23:46:54.745+0000] {processor.py:840} INFO - DAG(s) 'dag_etl_camara_diario' retrieved from /opt/airflow/dags/dag_etl_camara_diario.py
[2026-07-13T23:46:54.765+0000] {logging_mixin.py:188} INFO - [2026-07-13T23:46:54.765+0000] {dag.py:3036} INFO - Sync 1 DAGs
[2026-07-13T23:46:54.787+0000] {logging_mixin.py:188} INFO - [2026-07-13T23:46:54.787+0000] {dag.py:3823} INFO - Setting next_dagrun for dag_etl_camara_diario to 2026-07-12 03:00:00+00:00, run_after=2026-07-13 03:00:00+00:00
[2026-07-13T23:46:54.823+0000] {processor.py:183} INFO - Processing /opt/airflow/dags/dag_etl_camara_diario.py took 0.091 seconds
[2026-07-13T23:47:24.949+0000] {processor.py:161} INFO - Started process (PID=3258) to work on /opt/airflow/dags/dag_etl_camara_diario.py
[2026-07-13T23:47:24.950+0000] {processor.py:830} INFO - Processing file /opt/airflow/dags/dag_etl_camara_diario.py for tasks to queue
[2026-07-13T23:47:24.950+0000] {logging_mixin.py:188} INFO - [2026-07-13T23:47:24.950+0000] {dagbag.py:538} INFO - Filling up the DagBag from /opt/airflow/dags/dag_etl_camara_diario.py
[2026-07-13T23:47:24.959+0000] {processor.py:840} INFO - DAG(s) 'dag_etl_camara_diario' retrieved from /opt/airflow/dags/dag_etl_camara_diario.py
[2026-07-13T23:47:24.980+0000] {logging_mixin.py:188} INFO - [2026-07-13T23:47:24.980+0000] {dag.py:3036} INFO - Sync 1 DAGs
[2026-07-13T23:47:25.001+0000] {logging_mixin.py:188} INFO - [2026-07-13T23:47:25.001+0000] {dag.py:3823} INFO - Setting next_dagrun for dag_etl_camara_diario to 2026-07-12 03:00:00+00:00, run_after=2026-07-13 03:00:00+00:00
[2026-07-13T23:47:25.041+0000] {processor.py:183} INFO - Processing /opt/airflow/dags/dag_etl_camara_diario.py took 0.094 seconds
[2026-07-13T23:47:55.165+0000] {processor.py:161} INFO - Started process (PID=3273) to work on /opt/airflow/dags/dag_etl_camara_diario.py
[2026-07-13T23:47:55.166+0000] {processor.py:830} INFO - Processing file /opt/airflow/dags/dag_etl_camara_diario.py for tasks to queue
[2026-07-13T23:47:55.166+0000] {logging_mixin.py:188} INFO - [2026-07-13T23:47:55.166+0000] {dagbag.py:538} INFO - Filling up the DagBag from /opt/airflow/dags/dag_etl_camara_diario.py
[2026-07-13T23:47:55.175+0000] {processor.py:840} INFO - DAG(s) 'dag_etl_camara_diario' retrieved from /opt/airflow/dags/dag_etl_camara_diario.py
[2026-07-13T23:47:55.196+0000] {logging_mixin.py:188} INFO - [2026-07-13T23:47:55.196+0000] {dag.py:3036} INFO - Sync 1 DAGs
[2026-07-13T23:47:55.216+0000] {logging_mixin.py:188} INFO - [2026-07-13T23:47:55.216+0000] {dag.py:3823} INFO - Setting next_dagrun for dag_etl_camara_diario to 2026-07-12 03:00:00+00:00, run_after=2026-07-13 03:00:00+00:00
[2026-07-13T23:47:55.253+0000] {processor.py:183} INFO - Processing /opt/airflow/dags/dag_etl_camara_diario.py took 0.091 seconds
[2026-07-13T23:48:25.382+0000] {processor.py:161} INFO - Started process (PID=3288) to work on /opt/airflow/dags/dag_etl_camara_diario.py
[2026-07-13T23:48:25.382+0000] {processor.py:830} INFO - Processing file /opt/airflow/dags/dag_etl_camara_diario.py for tasks to queue
[2026-07-13T23:48:25.383+0000] {logging_mixin.py:188} INFO - [2026-07-13T23:48:25.383+0000] {dagbag.py:538} INFO - Filling up the DagBag from /opt/airflow/dags/dag_etl_camara_diario.py
[2026-07-13T23:48:25.391+0000] {processor.py:840} INFO - DAG(s) 'dag_etl_camara_diario' retrieved from /opt/airflow/dags/dag_etl_camara_diario.py
[2026-07-13T23:48:25.412+0000] {logging_mixin.py:188} INFO - [2026-07-13T23:48:25.411+0000] {dag.py:3036} INFO - Sync 1 DAGs
[2026-07-13T23:48:25.432+0000] {logging_mixin.py:188} INFO - [2026-07-13T23:48:25.432+0000] {dag.py:3823} INFO - Setting next_dagrun for dag_etl_camara_diario to 2026-07-12 03:00:00+00:00, run_after=2026-07-13 03:00:00+00:00
[2026-07-13T23:48:25.470+0000] {processor.py:183} INFO - Processing /opt/airflow/dags/dag_etl_camara_diario.py took 0.091 seconds
[2026-07-13T23:48:55.601+0000] {processor.py:161} INFO - Started process (PID=3303) to work on /opt/airflow/dags/dag_etl_camara_diario.py
[2026-07-13T23:48:55.602+0000] {processor.py:830} INFO - Processing file /opt/airflow/dags/dag_etl_camara_diario.py for tasks to queue
[2026-07-13T23:48:55.603+0000] {logging_mixin.py:188} INFO - [2026-07-13T23:48:55.602+0000] {dagbag.py:538} INFO - Filling up the DagBag from /opt/airflow/dags/dag_etl_camara_diario.py
[2026-07-13T23:48:55.611+0000] {processor.py:840} INFO - DAG(s) 'dag_etl_camara_diario' retrieved from /opt/airflow/dags/dag_etl_camara_diario.py
[2026-07-13T23:48:55.632+0000] {logging_mixin.py:188} INFO - [2026-07-13T23:48:55.632+0000] {dag.py:3036} INFO - Sync 1 DAGs
[2026-07-13T23:48:55.651+0000] {logging_mixin.py:188} INFO - [2026-07-13T23:48:55.651+0000] {dag.py:3823} INFO - Setting next_dagrun for dag_etl_camara_diario to 2026-07-12 03:00:00+00:00, run_after=2026-07-13 03:00:00+00:00
[2026-07-13T23:48:55.690+0000] {processor.py:183} INFO - Processing /opt/airflow/dags/dag_etl_camara_diario.py took 0.091 seconds
[2026-07-13T23:49:25.816+0000] {processor.py:161} INFO - Started process (PID=3318) to work on /opt/airflow/dags/dag_etl_camara_diario.py
[2026-07-13T23:49:25.817+0000] {processor.py:830} INFO - Processing file /opt/airflow/dags/dag_etl_camara_diario.py for tasks to queue
[2026-07-13T23:49:25.817+0000] {logging_mixin.py:188} INFO - [2026-07-13T23:49:25.817+0000] {dagbag.py:538} INFO - Filling up the DagBag from /opt/airflow/dags/dag_etl_camara_diario.py
[2026-07-13T23:49:25.826+0000] {processor.py:840} INFO - DAG(s) 'dag_etl_camara_diario' retrieved from /opt/airflow/dags/dag_etl_camara_diario.py
[2026-07-13T23:49:25.848+0000] {logging_mixin.py:188} INFO - [2026-07-13T23:49:25.848+0000] {dag.py:3036} INFO - Sync 1 DAGs
[2026-07-13T23:49:25.868+0000] {logging_mixin.py:188} INFO - [2026-07-13T23:49:25.868+0000] {dag.py:3823} INFO - Setting next_dagrun for dag_etl_camara_diario to 2026-07-12 03:00:00+00:00, run_after=2026-07-13 03:00:00+00:00
[2026-07-13T23:49:25.885+0000] {processor.py:183} INFO - Processing /opt/airflow/dags/dag_etl_camara_diario.py took 0.072 seconds
[2026-07-13T23:49:56.013+0000] {processor.py:161} INFO - Started process (PID=3333) to work on /opt/airflow/dags/dag_etl_camara_diario.py
[2026-07-13T23:49:56.014+0000] {processor.py:830} INFO - Processing file /opt/airflow/dags/dag_etl_camara_diario.py for tasks to queue
[2026-07-13T23:49:56.015+0000] {logging_mixin.py:188} INFO - [2026-07-13T23:49:56.015+0000] {dagbag.py:538} INFO - Filling up the DagBag from /opt/airflow/dags/dag_etl_camara_diario.py
[2026-07-13T23:49:56.023+0000] {processor.py:840} INFO - DAG(s) 'dag_etl_camara_diario' retrieved from /opt/airflow/dags/dag_etl_camara_diario.py
[2026-07-13T23:49:56.043+0000] {logging_mixin.py:188} INFO - [2026-07-13T23:49:56.043+0000] {dag.py:3036} INFO - Sync 1 DAGs
[2026-07-13T23:49:56.065+0000] {logging_mixin.py:188} INFO - [2026-07-13T23:49:56.065+0000] {dag.py:3823} INFO - Setting next_dagrun for dag_etl_camara_diario to 2026-07-12 03:00:00+00:00, run_after=2026-07-13 03:00:00+00:00
[2026-07-13T23:49:56.085+0000] {processor.py:183} INFO - Processing /opt/airflow/dags/dag_etl_camara_diario.py took 0.074 seconds
[2026-07-13T23:50:26.211+0000] {processor.py:161} INFO - Started process (PID=3348) to work on /opt/airflow/dags/dag_etl_camara_diario.py
[2026-07-13T23:50:26.212+0000] {processor.py:830} INFO - Processing file /opt/airflow/dags/dag_etl_camara_diario.py for tasks to queue
[2026-07-13T23:50:26.212+0000] {logging_mixin.py:188} INFO - [2026-07-13T23:50:26.212+0000] {dagbag.py:538} INFO - Filling up the DagBag from /opt/airflow/dags/dag_etl_camara_diario.py
[2026-07-13T23:50:26.222+0000] {processor.py:840} INFO - DAG(s) 'dag_etl_camara_diario' retrieved from /opt/airflow/dags/dag_etl_camara_diario.py
[2026-07-13T23:50:26.243+0000] {logging_mixin.py:188} INFO - [2026-07-13T23:50:26.243+0000] {dag.py:3036} INFO - Sync 1 DAGs
[2026-07-13T23:50:26.265+0000] {logging_mixin.py:188} INFO - [2026-07-13T23:50:26.265+0000] {dag.py:3823} INFO - Setting next_dagrun for dag_etl_camara_diario to 2026-07-12 03:00:00+00:00, run_after=2026-07-13 03:00:00+00:00
[2026-07-13T23:50:26.295+0000] {processor.py:183} INFO - Processing /opt/airflow/dags/dag_etl_camara_diario.py took 0.086 seconds
[2026-07-13T23:50:56.423+0000] {processor.py:161} INFO - Started process (PID=3363) to work on /opt/airflow/dags/dag_etl_camara_diario.py
[2026-07-13T23:50:56.424+0000] {processor.py:830} INFO - Processing file /opt/airflow/dags/dag_etl_camara_diario.py for tasks to queue
[2026-07-13T23:50:56.425+0000] {logging_mixin.py:188} INFO - [2026-07-13T23:50:56.424+0000] {dagbag.py:538} INFO - Filling up the DagBag from /opt/airflow/dags/dag_etl_camara_diario.py
[2026-07-13T23:50:56.433+0000] {processor.py:840} INFO - DAG(s) 'dag_etl_camara_diario' retrieved from /opt/airflow/dags/dag_etl_camara_diario.py
[2026-07-13T23:50:56.454+0000] {logging_mixin.py:188} INFO - [2026-07-13T23:50:56.454+0000] {dag.py:3036} INFO - Sync 1 DAGs
[2026-07-13T23:50:56.476+0000] {logging_mixin.py:188} INFO - [2026-07-13T23:50:56.475+0000] {dag.py:3823} INFO - Setting next_dagrun for dag_etl_camara_diario to 2026-07-12 03:00:00+00:00, run_after=2026-07-13 03:00:00+00:00
[2026-07-13T23:50:56.489+0000] {processor.py:183} INFO - Processing /opt/airflow/dags/dag_etl_camara_diario.py took 0.069 seconds
[2026-07-13T23:51:26.615+0000] {processor.py:161} INFO - Started process (PID=3378) to work on /opt/airflow/dags/dag_etl_camara_diario.py
[2026-07-13T23:51:26.616+0000] {processor.py:830} INFO - Processing file /opt/airflow/dags/dag_etl_camara_diario.py for tasks to queue
[2026-07-13T23:51:26.616+0000] {logging_mixin.py:188} INFO - [2026-07-13T23:51:26.616+0000] {dagbag.py:538} INFO - Filling up the DagBag from /opt/airflow/dags/dag_etl_camara_diario.py
[2026-07-13T23:51:26.625+0000] {processor.py:840} INFO - DAG(s) 'dag_etl_camara_diario' retrieved from /opt/airflow/dags/dag_etl_camara_diario.py
[2026-07-13T23:51:26.645+0000] {logging_mixin.py:188} INFO - [2026-07-13T23:51:26.645+0000] {dag.py:3036} INFO - Sync 1 DAGs
[2026-07-13T23:51:26.667+0000] {logging_mixin.py:188} INFO - [2026-07-13T23:51:26.667+0000] {dag.py:3823} INFO - Setting next_dagrun for dag_etl_camara_diario to 2026-07-12 03:00:00+00:00, run_after=2026-07-13 03:00:00+00:00
[2026-07-13T23:51:26.683+0000] {processor.py:183} INFO - Processing /opt/airflow/dags/dag_etl_camara_diario.py took 0.071 seconds
[2026-07-13T23:51:56.812+0000] {processor.py:161} INFO - Started process (PID=3393) to work on /opt/airflow/dags/dag_etl_camara_diario.py
[2026-07-13T23:51:56.813+0000] {processor.py:830} INFO - Processing file /opt/airflow/dags/dag_etl_camara_diario.py for tasks to queue
[2026-07-13T23:51:56.813+0000] {logging_mixin.py:188} INFO - [2026-07-13T23:51:56.813+0000] {dagbag.py:538} INFO - Filling up the DagBag from /opt/airflow/dags/dag_etl_camara_diario.py
[2026-07-13T23:51:56.822+0000] {processor.py:840} INFO - DAG(s) 'dag_etl_camara_diario' retrieved from /opt/airflow/dags/dag_etl_camara_diario.py
[2026-07-13T23:51:56.843+0000] {logging_mixin.py:188} INFO - [2026-07-13T23:51:56.843+0000] {dag.py:3036} INFO - Sync 1 DAGs
[2026-07-13T23:51:56.863+0000] {logging_mixin.py:188} INFO - [2026-07-13T23:51:56.863+0000] {dag.py:3823} INFO - Setting next_dagrun for dag_etl_camara_diario to 2026-07-12 03:00:00+00:00, run_after=2026-07-13 03:00:00+00:00
[2026-07-13T23:51:56.877+0000] {processor.py:183} INFO - Processing /opt/airflow/dags/dag_etl_camara_diario.py took 0.068 seconds
[2026-07-13T23:52:27.005+0000] {processor.py:161} INFO - Started process (PID=3408) to work on /opt/airflow/dags/dag_etl_camara_diario.py
[2026-07-13T23:52:27.006+0000] {processor.py:830} INFO - Processing file /opt/airflow/dags/dag_etl_camara_diario.py for tasks to queue
[2026-07-13T23:52:27.007+0000] {logging_mixin.py:188} INFO - [2026-07-13T23:52:27.006+0000] {dagbag.py:538} INFO - Filling up the DagBag from /opt/airflow/dags/dag_etl_camara_diario.py
[2026-07-13T23:52:27.015+0000] {processor.py:840} INFO - DAG(s) 'dag_etl_camara_diario' retrieved from /opt/airflow/dags/dag_etl_camara_diario.py
[2026-07-13T23:52:27.035+0000] {logging_mixin.py:188} INFO - [2026-07-13T23:52:27.035+0000] {dag.py:3036} INFO - Sync 1 DAGs
[2026-07-13T23:52:27.055+0000] {logging_mixin.py:188} INFO - [2026-07-13T23:52:27.055+0000] {dag.py:3823} INFO - Setting next_dagrun for dag_etl_camara_diario to 2026-07-12 03:00:00+00:00, run_after=2026-07-13 03:00:00+00:00
[2026-07-13T23:52:27.070+0000] {processor.py:183} INFO - Processing /opt/airflow/dags/dag_etl_camara_diario.py took 0.069 seconds
[2026-07-13T23:52:57.197+0000] {processor.py:161} INFO - Started process (PID=3423) to work on /opt/airflow/dags/dag_etl_camara_diario.py
[2026-07-13T23:52:57.198+0000] {processor.py:830} INFO - Processing file /opt/airflow/dags/dag_etl_camara_diario.py for tasks to queue
[2026-07-13T23:52:57.199+0000] {logging_mixin.py:188} INFO - [2026-07-13T23:52:57.198+0000] {dagbag.py:538} INFO - Filling up the DagBag from /opt/airflow/dags/dag_etl_camara_diario.py
[2026-07-13T23:52:57.207+0000] {processor.py:840} INFO - DAG(s) 'dag_etl_camara_diario' retrieved from /opt/airflow/dags/dag_etl_camara_diario.py
[2026-07-13T23:52:57.229+0000] {logging_mixin.py:188} INFO - [2026-07-13T23:52:57.229+0000] {dag.py:3036} INFO - Sync 1 DAGs
[2026-07-13T23:52:57.251+0000] {logging_mixin.py:188} INFO - [2026-07-13T23:52:57.251+0000] {dag.py:3823} INFO - Setting next_dagrun for dag_etl_camara_diario to 2026-07-12 03:00:00+00:00, run_after=2026-07-13 03:00:00+00:00
[2026-07-13T23:52:57.266+0000] {processor.py:183} INFO - Processing /opt/airflow/dags/dag_etl_camara_diario.py took 0.071 seconds
[2026-07-13T23:53:27.391+0000] {processor.py:161} INFO - Started process (PID=3438) to work on /opt/airflow/dags/dag_etl_camara_diario.py
[2026-07-13T23:53:27.392+0000] {processor.py:830} INFO - Processing file /opt/airflow/dags/dag_etl_camara_diario.py for tasks to queue
[2026-07-13T23:53:27.392+0000] {logging_mixin.py:188} INFO - [2026-07-13T23:53:27.392+0000] {dagbag.py:538} INFO - Filling up the DagBag from /opt/airflow/dags/dag_etl_camara_diario.py
[2026-07-13T23:53:27.401+0000] {processor.py:840} INFO - DAG(s) 'dag_etl_camara_diario' retrieved from /opt/airflow/dags/dag_etl_camara_diario.py
[2026-07-13T23:53:27.422+0000] {logging_mixin.py:188} INFO - [2026-07-13T23:53:27.422+0000] {dag.py:3036} INFO - Sync 1 DAGs
[2026-07-13T23:53:27.443+0000] {logging_mixin.py:188} INFO - [2026-07-13T23:53:27.443+0000] {dag.py:3823} INFO - Setting next_dagrun for dag_etl_camara_diario to 2026-07-12 03:00:00+00:00, run_after=2026-07-13 03:00:00+00:00
[2026-07-13T23:53:27.458+0000] {processor.py:183} INFO - Processing /opt/airflow/dags/dag_etl_camara_diario.py took 0.069 seconds
[2026-07-13T23:53:57.579+0000] {processor.py:161} INFO - Started process (PID=3453) to work on /opt/airflow/dags/dag_etl_camara_diario.py
[2026-07-13T23:53:57.580+0000] {processor.py:830} INFO - Processing file /opt/airflow/dags/dag_etl_camara_diario.py for tasks to queue
[2026-07-13T23:53:57.581+0000] {logging_mixin.py:188} INFO - [2026-07-13T23:53:57.581+0000] {dagbag.py:538} INFO - Filling up the DagBag from /opt/airflow/dags/dag_etl_camara_diario.py
[2026-07-13T23:53:57.590+0000] {processor.py:840} INFO - DAG(s) 'dag_etl_camara_diario' retrieved from /opt/airflow/dags/dag_etl_camara_diario.py
[2026-07-13T23:53:57.611+0000] {logging_mixin.py:188} INFO - [2026-07-13T23:53:57.611+0000] {dag.py:3036} INFO - Sync 1 DAGs
[2026-07-13T23:53:57.632+0000] {logging_mixin.py:188} INFO - [2026-07-13T23:53:57.632+0000] {dag.py:3823} INFO - Setting next_dagrun for dag_etl_camara_diario to 2026-07-12 03:00:00+00:00, run_after=2026-07-13 03:00:00+00:00
[2026-07-13T23:53:57.644+0000] {processor.py:183} INFO - Processing /opt/airflow/dags/dag_etl_camara_diario.py took 0.067 seconds
[2026-07-13T23:54:27.772+0000] {processor.py:161} INFO - Started process (PID=3468) to work on /opt/airflow/dags/dag_etl_camara_diario.py
[2026-07-13T23:54:27.773+0000] {processor.py:830} INFO - Processing file /opt/airflow/dags/dag_etl_camara_diario.py for tasks to queue
[2026-07-13T23:54:27.773+0000] {logging_mixin.py:188} INFO - [2026-07-13T23:54:27.773+0000] {dagbag.py:538} INFO - Filling up the DagBag from /opt/airflow/dags/dag_etl_camara_diario.py
[2026-07-13T23:54:27.782+0000] {processor.py:840} INFO - DAG(s) 'dag_etl_camara_diario' retrieved from /opt/airflow/dags/dag_etl_camara_diario.py
[2026-07-13T23:54:27.804+0000] {logging_mixin.py:188} INFO - [2026-07-13T23:54:27.803+0000] {dag.py:3036} INFO - Sync 1 DAGs
[2026-07-13T23:54:27.824+0000] {logging_mixin.py:188} INFO - [2026-07-13T23:54:27.824+0000] {dag.py:3823} INFO - Setting next_dagrun for dag_etl_camara_diario to 2026-07-12 03:00:00+00:00, run_after=2026-07-13 03:00:00+00:00
[2026-07-13T23:54:27.838+0000] {processor.py:183} INFO - Processing /opt/airflow/dags/dag_etl_camara_diario.py took 0.068 seconds
[2026-07-13T23:54:57.964+0000] {processor.py:161} INFO - Started process (PID=3483) to work on /opt/airflow/dags/dag_etl_camara_diario.py
[2026-07-13T23:54:57.965+0000] {processor.py:830} INFO - Processing file /opt/airflow/dags/dag_etl_camara_diario.py for tasks to queue
[2026-07-13T23:54:57.966+0000] {logging_mixin.py:188} INFO - [2026-07-13T23:54:57.965+0000] {dagbag.py:538} INFO - Filling up the DagBag from /opt/airflow/dags/dag_etl_camara_diario.py
[2026-07-13T23:54:57.974+0000] {processor.py:840} INFO - DAG(s) 'dag_etl_camara_diario' retrieved from /opt/airflow/dags/dag_etl_camara_diario.py
[2026-07-13T23:54:57.996+0000] {logging_mixin.py:188} INFO - [2026-07-13T23:54:57.996+0000] {dag.py:3036} INFO - Sync 1 DAGs
[2026-07-13T23:54:58.017+0000] {logging_mixin.py:188} INFO - [2026-07-13T23:54:58.017+0000] {dag.py:3823} INFO - Setting next_dagrun for dag_etl_camara_diario to 2026-07-12 03:00:00+00:00, run_after=2026-07-13 03:00:00+00:00
[2026-07-13T23:54:58.033+0000] {processor.py:183} INFO - Processing /opt/airflow/dags/dag_etl_camara_diario.py took 0.071 seconds
[2026-07-13T23:55:28.151+0000] {processor.py:161} INFO - Started process (PID=3498) to work on /opt/airflow/dags/dag_etl_camara_diario.py
[2026-07-13T23:55:28.151+0000] {processor.py:830} INFO - Processing file /opt/airflow/dags/dag_etl_camara_diario.py for tasks to queue
[2026-07-13T23:55:28.152+0000] {logging_mixin.py:188} INFO - [2026-07-13T23:55:28.152+0000] {dagbag.py:538} INFO - Filling up the DagBag from /opt/airflow/dags/dag_etl_camara_diario.py
[2026-07-13T23:55:28.161+0000] {processor.py:840} INFO - DAG(s) 'dag_etl_camara_diario' retrieved from /opt/airflow/dags/dag_etl_camara_diario.py
[2026-07-13T23:55:28.183+0000] {logging_mixin.py:188} INFO - [2026-07-13T23:55:28.182+0000] {dag.py:3036} INFO - Sync 1 DAGs
[2026-07-13T23:55:28.204+0000] {logging_mixin.py:188} INFO - [2026-07-13T23:55:28.204+0000] {dag.py:3823} INFO - Setting next_dagrun for dag_etl_camara_diario to 2026-07-12 03:00:00+00:00, run_after=2026-07-13 03:00:00+00:00
[2026-07-13T23:55:28.217+0000] {processor.py:183} INFO - Processing /opt/airflow/dags/dag_etl_camara_diario.py took 0.069 seconds
[2026-07-13T23:55:58.340+0000] {processor.py:161} INFO - Started process (PID=3513) to work on /opt/airflow/dags/dag_etl_camara_diario.py
[2026-07-13T23:55:58.341+0000] {processor.py:830} INFO - Processing file /opt/airflow/dags/dag_etl_camara_diario.py for tasks to queue
[2026-07-13T23:55:58.342+0000] {logging_mixin.py:188} INFO - [2026-07-13T23:55:58.342+0000] {dagbag.py:538} INFO - Filling up the DagBag from /opt/airflow/dags/dag_etl_camara_diario.py
[2026-07-13T23:55:58.351+0000] {processor.py:840} INFO - DAG(s) 'dag_etl_camara_diario' retrieved from /opt/airflow/dags/dag_etl_camara_diario.py
[2026-07-13T23:55:58.374+0000] {logging_mixin.py:188} INFO - [2026-07-13T23:55:58.374+0000] {dag.py:3036} INFO - Sync 1 DAGs
[2026-07-13T23:55:58.396+0000] {logging_mixin.py:188} INFO - [2026-07-13T23:55:58.396+0000] {dag.py:3823} INFO - Setting next_dagrun for dag_etl_camara_diario to 2026-07-12 03:00:00+00:00, run_after=2026-07-13 03:00:00+00:00
[2026-07-13T23:55:58.411+0000] {processor.py:183} INFO - Processing /opt/airflow/dags/dag_etl_camara_diario.py took 0.073 seconds
[2026-07-13T23:56:28.534+0000] {processor.py:161} INFO - Started process (PID=3528) to work on /opt/airflow/dags/dag_etl_camara_diario.py
[2026-07-13T23:56:28.534+0000] {processor.py:830} INFO - Processing file /opt/airflow/dags/dag_etl_camara_diario.py for tasks to queue
[2026-07-13T23:56:28.535+0000] {logging_mixin.py:188} INFO - [2026-07-13T23:56:28.535+0000] {dagbag.py:538} INFO - Filling up the DagBag from /opt/airflow/dags/dag_etl_camara_diario.py
[2026-07-13T23:56:28.543+0000] {processor.py:840} INFO - DAG(s) 'dag_etl_camara_diario' retrieved from /opt/airflow/dags/dag_etl_camara_diario.py
[2026-07-13T23:56:28.567+0000] {logging_mixin.py:188} INFO - [2026-07-13T23:56:28.566+0000] {dag.py:3036} INFO - Sync 1 DAGs
[2026-07-13T23:56:28.591+0000] {logging_mixin.py:188} INFO - [2026-07-13T23:56:28.591+0000] {dag.py:3823} INFO - Setting next_dagrun for dag_etl_camara_diario to 2026-07-12 03:00:00+00:00, run_after=2026-07-13 03:00:00+00:00
[2026-07-13T23:56:28.609+0000] {processor.py:183} INFO - Processing /opt/airflow/dags/dag_etl_camara_diario.py took 0.079 seconds
[2026-07-13T23:56:58.734+0000] {processor.py:161} INFO - Started process (PID=3543) to work on /opt/airflow/dags/dag_etl_camara_diario.py
[2026-07-13T23:56:58.735+0000] {processor.py:830} INFO - Processing file /opt/airflow/dags/dag_etl_camara_diario.py for tasks to queue
[2026-07-13T23:56:58.736+0000] {logging_mixin.py:188} INFO - [2026-07-13T23:56:58.735+0000] {dagbag.py:538} INFO - Filling up the DagBag from /opt/airflow/dags/dag_etl_camara_diario.py
[2026-07-13T23:56:58.744+0000] {processor.py:840} INFO - DAG(s) 'dag_etl_camara_diario' retrieved from /opt/airflow/dags/dag_etl_camara_diario.py
[2026-07-13T23:56:58.765+0000] {logging_mixin.py:188} INFO - [2026-07-13T23:56:58.764+0000] {dag.py:3036} INFO - Sync 1 DAGs
[2026-07-13T23:56:58.785+0000] {logging_mixin.py:188} INFO - [2026-07-13T23:56:58.785+0000] {dag.py:3823} INFO - Setting next_dagrun for dag_etl_camara_diario to 2026-07-12 03:00:00+00:00, run_after=2026-07-13 03:00:00+00:00
[2026-07-13T23:56:58.799+0000] {processor.py:183} INFO - Processing /opt/airflow/dags/dag_etl_camara_diario.py took 0.067 seconds
[2026-07-13T23:57:28.923+0000] {processor.py:161} INFO - Started process (PID=3558) to work on /opt/airflow/dags/dag_etl_camara_diario.py
[2026-07-13T23:57:28.924+0000] {processor.py:830} INFO - Processing file /opt/airflow/dags/dag_etl_camara_diario.py for tasks to queue
[2026-07-13T23:57:28.925+0000] {logging_mixin.py:188} INFO - [2026-07-13T23:57:28.924+0000] {dagbag.py:538} INFO - Filling up the DagBag from /opt/airflow/dags/dag_etl_camara_diario.py
[2026-07-13T23:57:28.933+0000] {processor.py:840} INFO - DAG(s) 'dag_etl_camara_diario' retrieved from /opt/airflow/dags/dag_etl_camara_diario.py
[2026-07-13T23:57:28.953+0000] {logging_mixin.py:188} INFO - [2026-07-13T23:57:28.953+0000] {dag.py:3036} INFO - Sync 1 DAGs
[2026-07-13T23:57:28.974+0000] {logging_mixin.py:188} INFO - [2026-07-13T23:57:28.974+0000] {dag.py:3823} INFO - Setting next_dagrun for dag_etl_camara_diario to 2026-07-12 03:00:00+00:00, run_after=2026-07-13 03:00:00+00:00
[2026-07-13T23:57:28.987+0000] {processor.py:183} INFO - Processing /opt/airflow/dags/dag_etl_camara_diario.py took 0.067 seconds
[2026-07-13T23:57:59.114+0000] {processor.py:161} INFO - Started process (PID=3573) to work on /opt/airflow/dags/dag_etl_camara_diario.py
[2026-07-13T23:57:59.115+0000] {processor.py:830} INFO - Processing file /opt/airflow/dags/dag_etl_camara_diario.py for tasks to queue
[2026-07-13T23:57:59.115+0000] {logging_mixin.py:188} INFO - [2026-07-13T23:57:59.115+0000] {dagbag.py:538} INFO - Filling up the DagBag from /opt/airflow/dags/dag_etl_camara_diario.py
[2026-07-13T23:57:59.124+0000] {processor.py:840} INFO - DAG(s) 'dag_etl_camara_diario' retrieved from /opt/airflow/dags/dag_etl_camara_diario.py
[2026-07-13T23:57:59.145+0000] {logging_mixin.py:188} INFO - [2026-07-13T23:57:59.145+0000] {dag.py:3036} INFO - Sync 1 DAGs
[2026-07-13T23:57:59.167+0000] {logging_mixin.py:188} INFO - [2026-07-13T23:57:59.166+0000] {dag.py:3823} INFO - Setting next_dagrun for dag_etl_camara_diario to 2026-07-12 03:00:00+00:00, run_after=2026-07-13 03:00:00+00:00
[2026-07-13T23:57:59.186+0000] {processor.py:183} INFO - Processing /opt/airflow/dags/dag_etl_camara_diario.py took 0.075 seconds
[2026-07-13T23:58:29.307+0000] {processor.py:161} INFO - Started process (PID=3588) to work on /opt/airflow/dags/dag_etl_camara_diario.py
[2026-07-13T23:58:29.307+0000] {processor.py:830} INFO - Processing file /opt/airflow/dags/dag_etl_camara_diario.py for tasks to queue
[2026-07-13T23:58:29.308+0000] {logging_mixin.py:188} INFO - [2026-07-13T23:58:29.308+0000] {dagbag.py:538} INFO - Filling up the DagBag from /opt/airflow/dags/dag_etl_camara_diario.py
[2026-07-13T23:58:29.316+0000] {processor.py:840} INFO - DAG(s) 'dag_etl_camara_diario' retrieved from /opt/airflow/dags/dag_etl_camara_diario.py
[2026-07-13T23:58:29.336+0000] {logging_mixin.py:188} INFO - [2026-07-13T23:58:29.336+0000] {dag.py:3036} INFO - Sync 1 DAGs
[2026-07-13T23:58:29.358+0000] {logging_mixin.py:188} INFO - [2026-07-13T23:58:29.358+0000] {dag.py:3823} INFO - Setting next_dagrun for dag_etl_camara_diario to 2026-07-12 03:00:00+00:00, run_after=2026-07-13 03:00:00+00:00
[2026-07-13T23:58:29.375+0000] {processor.py:183} INFO - Processing /opt/airflow/dags/dag_etl_camara_diario.py took 0.071 seconds
[2026-07-13T23:58:59.502+0000] {processor.py:161} INFO - Started process (PID=3603) to work on /opt/airflow/dags/dag_etl_camara_diario.py
[2026-07-13T23:58:59.502+0000] {processor.py:830} INFO - Processing file /opt/airflow/dags/dag_etl_camara_diario.py for tasks to queue
[2026-07-13T23:58:59.503+0000] {logging_mixin.py:188} INFO - [2026-07-13T23:58:59.503+0000] {dagbag.py:538} INFO - Filling up the DagBag from /opt/airflow/dags/dag_etl_camara_diario.py
[2026-07-13T23:58:59.512+0000] {processor.py:840} INFO - DAG(s) 'dag_etl_camara_diario' retrieved from /opt/airflow/dags/dag_etl_camara_diario.py
[2026-07-13T23:58:59.532+0000] {logging_mixin.py:188} INFO - [2026-07-13T23:58:59.532+0000] {dag.py:3036} INFO - Sync 1 DAGs
[2026-07-13T23:58:59.553+0000] {logging_mixin.py:188} INFO - [2026-07-13T23:58:59.553+0000] {dag.py:3823} INFO - Setting next_dagrun for dag_etl_camara_diario to 2026-07-12 03:00:00+00:00, run_after=2026-07-13 03:00:00+00:00
[2026-07-13T23:58:59.568+0000] {processor.py:183} INFO - Processing /opt/airflow/dags/dag_etl_camara_diario.py took 0.069 seconds
[2026-07-13T23:59:29.694+0000] {processor.py:161} INFO - Started process (PID=3618) to work on /opt/airflow/dags/dag_etl_camara_diario.py
[2026-07-13T23:59:29.695+0000] {processor.py:830} INFO - Processing file /opt/airflow/dags/dag_etl_camara_diario.py for tasks to queue
[2026-07-13T23:59:29.695+0000] {logging_mixin.py:188} INFO - [2026-07-13T23:59:29.695+0000] {dagbag.py:538} INFO - Filling up the DagBag from /opt/airflow/dags/dag_etl_camara_diario.py
[2026-07-13T23:59:29.704+0000] {processor.py:840} INFO - DAG(s) 'dag_etl_camara_diario' retrieved from /opt/airflow/dags/dag_etl_camara_diario.py
[2026-07-13T23:59:29.725+0000] {logging_mixin.py:188} INFO - [2026-07-13T23:59:29.724+0000] {dag.py:3036} INFO - Sync 1 DAGs
[2026-07-13T23:59:29.745+0000] {logging_mixin.py:188} INFO - [2026-07-13T23:59:29.745+0000] {dag.py:3823} INFO - Setting next_dagrun for dag_etl_camara_diario to 2026-07-12 03:00:00+00:00, run_after=2026-07-13 03:00:00+00:00
[2026-07-13T23:59:29.763+0000] {processor.py:183} INFO - Processing /opt/airflow/dags/dag_etl_camara_diario.py took 0.071 seconds
[2026-07-13T23:59:59.887+0000] {processor.py:161} INFO - Started process (PID=3633) to work on /opt/airflow/dags/dag_etl_camara_diario.py
[2026-07-13T23:59:59.888+0000] {processor.py:830} INFO - Processing file /opt/airflow/dags/dag_etl_camara_diario.py for tasks to queue
[2026-07-13T23:59:59.888+0000] {logging_mixin.py:188} INFO - [2026-07-13T23:59:59.888+0000] {dagbag.py:538} INFO - Filling up the DagBag from /opt/airflow/dags/dag_etl_camara_diario.py
[2026-07-13T23:59:59.898+0000] {processor.py:840} INFO - DAG(s) 'dag_etl_camara_diario' retrieved from /opt/airflow/dags/dag_etl_camara_diario.py
[2026-07-13T23:59:59.921+0000] {logging_mixin.py:188} INFO - [2026-07-13T23:59:59.921+0000] {dag.py:3036} INFO - Sync 1 DAGs
[2026-07-13T23:59:59.947+0000] {logging_mixin.py:188} INFO - [2026-07-13T23:59:59.946+0000] {dag.py:3823} INFO - Setting next_dagrun for dag_etl_camara_diario to 2026-07-12 03:00:00+00:00, run_after=2026-07-13 03:00:00+00:00
[2026-07-13T23:59:59.966+0000] {processor.py:183} INFO - Processing /opt/airflow/dags/dag_etl_camara_diario.py took 0.082 seconds
