[2026-07-06T15:38:25.346+0000] {processor.py:161} INFO - Started process (PID=1468) to work on /opt/airflow/dags/dag_enriquecimento_dados.py
[2026-07-06T15:38:25.347+0000] {processor.py:830} INFO - Processing file /opt/airflow/dags/dag_enriquecimento_dados.py for tasks to queue
[2026-07-06T15:38:25.348+0000] {logging_mixin.py:188} INFO - [2026-07-06T15:38:25.347+0000] {dagbag.py:538} INFO - Filling up the DagBag from /opt/airflow/dags/dag_enriquecimento_dados.py
[2026-07-06T15:38:25.356+0000] {processor.py:840} INFO - DAG(s) 'dag_enriquecimento_dados' retrieved from /opt/airflow/dags/dag_enriquecimento_dados.py
[2026-07-06T15:38:25.439+0000] {logging_mixin.py:188} INFO - [2026-07-06T15:38:25.439+0000] {override.py:1769} INFO - Created Permission View: can delete on DAG:dag_enriquecimento_dados
[2026-07-06T15:38:25.448+0000] {logging_mixin.py:188} INFO - [2026-07-06T15:38:25.447+0000] {override.py:1769} INFO - Created Permission View: can read on DAG:dag_enriquecimento_dados
[2026-07-06T15:38:25.453+0000] {logging_mixin.py:188} INFO - [2026-07-06T15:38:25.453+0000] {override.py:1769} INFO - Created Permission View: can edit on DAG:dag_enriquecimento_dados
[2026-07-06T15:38:25.453+0000] {logging_mixin.py:188} INFO - [2026-07-06T15:38:25.453+0000] {dag.py:3036} INFO - Sync 1 DAGs
[2026-07-06T15:38:25.462+0000] {logging_mixin.py:188} INFO - [2026-07-06T15:38:25.462+0000] {dag.py:3058} INFO - Creating ORM DAG for dag_enriquecimento_dados
[2026-07-06T15:38:25.462+0000] {logging_mixin.py:188} INFO - [2026-07-06T15:38:25.462+0000] {dag.py:3823} INFO - Setting next_dagrun for dag_enriquecimento_dados to None, run_after=None
[2026-07-06T15:38:25.474+0000] {processor.py:183} INFO - Processing /opt/airflow/dags/dag_enriquecimento_dados.py took 0.131 seconds
[2026-07-06T15:38:55.606+0000] {processor.py:161} INFO - Started process (PID=1483) to work on /opt/airflow/dags/dag_enriquecimento_dados.py
[2026-07-06T15:38:55.607+0000] {processor.py:830} INFO - Processing file /opt/airflow/dags/dag_enriquecimento_dados.py for tasks to queue
[2026-07-06T15:38:55.608+0000] {logging_mixin.py:188} INFO - [2026-07-06T15:38:55.607+0000] {dagbag.py:538} INFO - Filling up the DagBag from /opt/airflow/dags/dag_enriquecimento_dados.py
[2026-07-06T15:38:55.615+0000] {processor.py:840} INFO - DAG(s) 'dag_enriquecimento_dados' retrieved from /opt/airflow/dags/dag_enriquecimento_dados.py
[2026-07-06T15:38:55.636+0000] {logging_mixin.py:188} INFO - [2026-07-06T15:38:55.636+0000] {dag.py:3036} INFO - Sync 1 DAGs
[2026-07-06T15:38:55.647+0000] {logging_mixin.py:188} INFO - [2026-07-06T15:38:55.647+0000] {dag.py:3823} INFO - Setting next_dagrun for dag_enriquecimento_dados to None, run_after=None
[2026-07-06T15:38:55.665+0000] {processor.py:183} INFO - Processing /opt/airflow/dags/dag_enriquecimento_dados.py took 0.062 seconds
[2026-07-06T15:39:25.798+0000] {processor.py:161} INFO - Started process (PID=1498) to work on /opt/airflow/dags/dag_enriquecimento_dados.py
[2026-07-06T15:39:25.799+0000] {processor.py:830} INFO - Processing file /opt/airflow/dags/dag_enriquecimento_dados.py for tasks to queue
[2026-07-06T15:39:25.800+0000] {logging_mixin.py:188} INFO - [2026-07-06T15:39:25.799+0000] {dagbag.py:538} INFO - Filling up the DagBag from /opt/airflow/dags/dag_enriquecimento_dados.py
[2026-07-06T15:39:25.808+0000] {processor.py:840} INFO - DAG(s) 'dag_enriquecimento_dados' retrieved from /opt/airflow/dags/dag_enriquecimento_dados.py
[2026-07-06T15:39:25.829+0000] {logging_mixin.py:188} INFO - [2026-07-06T15:39:25.829+0000] {dag.py:3036} INFO - Sync 1 DAGs
[2026-07-06T15:39:25.841+0000] {logging_mixin.py:188} INFO - [2026-07-06T15:39:25.840+0000] {dag.py:3823} INFO - Setting next_dagrun for dag_enriquecimento_dados to None, run_after=None
[2026-07-06T15:39:25.859+0000] {processor.py:183} INFO - Processing /opt/airflow/dags/dag_enriquecimento_dados.py took 0.064 seconds
[2026-07-06T15:39:56.053+0000] {processor.py:161} INFO - Started process (PID=1513) to work on /opt/airflow/dags/dag_enriquecimento_dados.py
[2026-07-06T15:39:56.054+0000] {processor.py:830} INFO - Processing file /opt/airflow/dags/dag_enriquecimento_dados.py for tasks to queue
[2026-07-06T15:39:56.054+0000] {logging_mixin.py:188} INFO - [2026-07-06T15:39:56.054+0000] {dagbag.py:538} INFO - Filling up the DagBag from /opt/airflow/dags/dag_enriquecimento_dados.py
[2026-07-06T15:39:56.062+0000] {processor.py:840} INFO - DAG(s) 'dag_enriquecimento_dados' retrieved from /opt/airflow/dags/dag_enriquecimento_dados.py
[2026-07-06T15:39:56.083+0000] {logging_mixin.py:188} INFO - [2026-07-06T15:39:56.082+0000] {dag.py:3036} INFO - Sync 1 DAGs
[2026-07-06T15:39:56.094+0000] {logging_mixin.py:188} INFO - [2026-07-06T15:39:56.094+0000] {dag.py:3823} INFO - Setting next_dagrun for dag_enriquecimento_dados to None, run_after=None
[2026-07-06T15:39:56.114+0000] {processor.py:183} INFO - Processing /opt/airflow/dags/dag_enriquecimento_dados.py took 0.064 seconds
[2026-07-06T15:40:26.261+0000] {processor.py:161} INFO - Started process (PID=1528) to work on /opt/airflow/dags/dag_enriquecimento_dados.py
[2026-07-06T15:40:26.262+0000] {processor.py:830} INFO - Processing file /opt/airflow/dags/dag_enriquecimento_dados.py for tasks to queue
[2026-07-06T15:40:26.262+0000] {logging_mixin.py:188} INFO - [2026-07-06T15:40:26.262+0000] {dagbag.py:538} INFO - Filling up the DagBag from /opt/airflow/dags/dag_enriquecimento_dados.py
[2026-07-06T15:40:26.270+0000] {processor.py:840} INFO - DAG(s) 'dag_enriquecimento_dados' retrieved from /opt/airflow/dags/dag_enriquecimento_dados.py
[2026-07-06T15:40:26.292+0000] {logging_mixin.py:188} INFO - [2026-07-06T15:40:26.292+0000] {dag.py:3036} INFO - Sync 1 DAGs
[2026-07-06T15:40:26.304+0000] {logging_mixin.py:188} INFO - [2026-07-06T15:40:26.304+0000] {dag.py:3823} INFO - Setting next_dagrun for dag_enriquecimento_dados to None, run_after=None
[2026-07-06T15:40:26.323+0000] {processor.py:183} INFO - Processing /opt/airflow/dags/dag_enriquecimento_dados.py took 0.065 seconds
[2026-07-06T15:40:56.514+0000] {processor.py:161} INFO - Started process (PID=1543) to work on /opt/airflow/dags/dag_enriquecimento_dados.py
[2026-07-06T15:40:56.515+0000] {processor.py:830} INFO - Processing file /opt/airflow/dags/dag_enriquecimento_dados.py for tasks to queue
[2026-07-06T15:40:56.516+0000] {logging_mixin.py:188} INFO - [2026-07-06T15:40:56.515+0000] {dagbag.py:538} INFO - Filling up the DagBag from /opt/airflow/dags/dag_enriquecimento_dados.py
[2026-07-06T15:40:56.523+0000] {processor.py:840} INFO - DAG(s) 'dag_enriquecimento_dados' retrieved from /opt/airflow/dags/dag_enriquecimento_dados.py
[2026-07-06T15:40:56.545+0000] {logging_mixin.py:188} INFO - [2026-07-06T15:40:56.545+0000] {dag.py:3036} INFO - Sync 1 DAGs
[2026-07-06T15:40:56.557+0000] {logging_mixin.py:188} INFO - [2026-07-06T15:40:56.557+0000] {dag.py:3823} INFO - Setting next_dagrun for dag_enriquecimento_dados to None, run_after=None
[2026-07-06T15:40:56.576+0000] {processor.py:183} INFO - Processing /opt/airflow/dags/dag_enriquecimento_dados.py took 0.065 seconds
[2026-07-06T15:41:26.724+0000] {processor.py:161} INFO - Started process (PID=1558) to work on /opt/airflow/dags/dag_enriquecimento_dados.py
[2026-07-06T15:41:26.724+0000] {processor.py:830} INFO - Processing file /opt/airflow/dags/dag_enriquecimento_dados.py for tasks to queue
[2026-07-06T15:41:26.725+0000] {logging_mixin.py:188} INFO - [2026-07-06T15:41:26.724+0000] {dagbag.py:538} INFO - Filling up the DagBag from /opt/airflow/dags/dag_enriquecimento_dados.py
[2026-07-06T15:41:26.732+0000] {processor.py:840} INFO - DAG(s) 'dag_enriquecimento_dados' retrieved from /opt/airflow/dags/dag_enriquecimento_dados.py
[2026-07-06T15:41:26.753+0000] {logging_mixin.py:188} INFO - [2026-07-06T15:41:26.753+0000] {dag.py:3036} INFO - Sync 1 DAGs
[2026-07-06T15:41:26.764+0000] {logging_mixin.py:188} INFO - [2026-07-06T15:41:26.764+0000] {dag.py:3823} INFO - Setting next_dagrun for dag_enriquecimento_dados to None, run_after=None
[2026-07-06T15:41:26.782+0000] {processor.py:183} INFO - Processing /opt/airflow/dags/dag_enriquecimento_dados.py took 0.061 seconds
[2026-07-06T15:41:56.952+0000] {processor.py:161} INFO - Started process (PID=1573) to work on /opt/airflow/dags/dag_enriquecimento_dados.py
[2026-07-06T15:41:56.953+0000] {processor.py:830} INFO - Processing file /opt/airflow/dags/dag_enriquecimento_dados.py for tasks to queue
[2026-07-06T15:41:56.953+0000] {logging_mixin.py:188} INFO - [2026-07-06T15:41:56.953+0000] {dagbag.py:538} INFO - Filling up the DagBag from /opt/airflow/dags/dag_enriquecimento_dados.py
[2026-07-06T15:41:56.961+0000] {processor.py:840} INFO - DAG(s) 'dag_enriquecimento_dados' retrieved from /opt/airflow/dags/dag_enriquecimento_dados.py
[2026-07-06T15:41:56.981+0000] {logging_mixin.py:188} INFO - [2026-07-06T15:41:56.981+0000] {dag.py:3036} INFO - Sync 1 DAGs
[2026-07-06T15:41:56.992+0000] {logging_mixin.py:188} INFO - [2026-07-06T15:41:56.992+0000] {dag.py:3823} INFO - Setting next_dagrun for dag_enriquecimento_dados to None, run_after=None
[2026-07-06T15:41:57.008+0000] {processor.py:183} INFO - Processing /opt/airflow/dags/dag_enriquecimento_dados.py took 0.059 seconds
[2026-07-06T15:42:27.145+0000] {processor.py:161} INFO - Started process (PID=1588) to work on /opt/airflow/dags/dag_enriquecimento_dados.py
[2026-07-06T15:42:27.145+0000] {processor.py:830} INFO - Processing file /opt/airflow/dags/dag_enriquecimento_dados.py for tasks to queue
[2026-07-06T15:42:27.146+0000] {logging_mixin.py:188} INFO - [2026-07-06T15:42:27.146+0000] {dagbag.py:538} INFO - Filling up the DagBag from /opt/airflow/dags/dag_enriquecimento_dados.py
[2026-07-06T15:42:27.153+0000] {processor.py:840} INFO - DAG(s) 'dag_enriquecimento_dados' retrieved from /opt/airflow/dags/dag_enriquecimento_dados.py
[2026-07-06T15:42:27.173+0000] {logging_mixin.py:188} INFO - [2026-07-06T15:42:27.173+0000] {dag.py:3036} INFO - Sync 1 DAGs
[2026-07-06T15:42:27.184+0000] {logging_mixin.py:188} INFO - [2026-07-06T15:42:27.183+0000] {dag.py:3823} INFO - Setting next_dagrun for dag_enriquecimento_dados to None, run_after=None
[2026-07-06T15:42:27.200+0000] {processor.py:183} INFO - Processing /opt/airflow/dags/dag_enriquecimento_dados.py took 0.058 seconds
[2026-07-06T15:42:57.366+0000] {processor.py:161} INFO - Started process (PID=1603) to work on /opt/airflow/dags/dag_enriquecimento_dados.py
[2026-07-06T15:42:57.367+0000] {processor.py:830} INFO - Processing file /opt/airflow/dags/dag_enriquecimento_dados.py for tasks to queue
[2026-07-06T15:42:57.368+0000] {logging_mixin.py:188} INFO - [2026-07-06T15:42:57.368+0000] {dagbag.py:538} INFO - Filling up the DagBag from /opt/airflow/dags/dag_enriquecimento_dados.py
[2026-07-06T15:42:57.376+0000] {processor.py:840} INFO - DAG(s) 'dag_enriquecimento_dados' retrieved from /opt/airflow/dags/dag_enriquecimento_dados.py
[2026-07-06T15:42:57.396+0000] {logging_mixin.py:188} INFO - [2026-07-06T15:42:57.396+0000] {dag.py:3036} INFO - Sync 1 DAGs
[2026-07-06T15:42:57.407+0000] {logging_mixin.py:188} INFO - [2026-07-06T15:42:57.407+0000] {dag.py:3823} INFO - Setting next_dagrun for dag_enriquecimento_dados to None, run_after=None
[2026-07-06T15:42:57.424+0000] {processor.py:183} INFO - Processing /opt/airflow/dags/dag_enriquecimento_dados.py took 0.060 seconds
[2026-07-06T15:43:27.568+0000] {processor.py:161} INFO - Started process (PID=1618) to work on /opt/airflow/dags/dag_enriquecimento_dados.py
[2026-07-06T15:43:27.569+0000] {processor.py:830} INFO - Processing file /opt/airflow/dags/dag_enriquecimento_dados.py for tasks to queue
[2026-07-06T15:43:27.570+0000] {logging_mixin.py:188} INFO - [2026-07-06T15:43:27.569+0000] {dagbag.py:538} INFO - Filling up the DagBag from /opt/airflow/dags/dag_enriquecimento_dados.py
[2026-07-06T15:43:27.577+0000] {processor.py:840} INFO - DAG(s) 'dag_enriquecimento_dados' retrieved from /opt/airflow/dags/dag_enriquecimento_dados.py
[2026-07-06T15:43:27.596+0000] {logging_mixin.py:188} INFO - [2026-07-06T15:43:27.596+0000] {dag.py:3036} INFO - Sync 1 DAGs
[2026-07-06T15:43:27.607+0000] {logging_mixin.py:188} INFO - [2026-07-06T15:43:27.607+0000] {dag.py:3823} INFO - Setting next_dagrun for dag_enriquecimento_dados to None, run_after=None
[2026-07-06T15:43:27.623+0000] {processor.py:183} INFO - Processing /opt/airflow/dags/dag_enriquecimento_dados.py took 0.057 seconds
[2026-07-06T15:43:57.783+0000] {processor.py:161} INFO - Started process (PID=1633) to work on /opt/airflow/dags/dag_enriquecimento_dados.py
[2026-07-06T15:43:57.784+0000] {processor.py:830} INFO - Processing file /opt/airflow/dags/dag_enriquecimento_dados.py for tasks to queue
[2026-07-06T15:43:57.784+0000] {logging_mixin.py:188} INFO - [2026-07-06T15:43:57.784+0000] {dagbag.py:538} INFO - Filling up the DagBag from /opt/airflow/dags/dag_enriquecimento_dados.py
[2026-07-06T15:43:57.791+0000] {processor.py:840} INFO - DAG(s) 'dag_enriquecimento_dados' retrieved from /opt/airflow/dags/dag_enriquecimento_dados.py
[2026-07-06T15:43:57.811+0000] {logging_mixin.py:188} INFO - [2026-07-06T15:43:57.811+0000] {dag.py:3036} INFO - Sync 1 DAGs
[2026-07-06T15:43:57.822+0000] {logging_mixin.py:188} INFO - [2026-07-06T15:43:57.822+0000] {dag.py:3823} INFO - Setting next_dagrun for dag_enriquecimento_dados to None, run_after=None
[2026-07-06T15:43:57.837+0000] {processor.py:183} INFO - Processing /opt/airflow/dags/dag_enriquecimento_dados.py took 0.056 seconds
[2026-07-06T15:44:27.986+0000] {processor.py:161} INFO - Started process (PID=1648) to work on /opt/airflow/dags/dag_enriquecimento_dados.py
[2026-07-06T15:44:27.987+0000] {processor.py:830} INFO - Processing file /opt/airflow/dags/dag_enriquecimento_dados.py for tasks to queue
[2026-07-06T15:44:27.987+0000] {logging_mixin.py:188} INFO - [2026-07-06T15:44:27.987+0000] {dagbag.py:538} INFO - Filling up the DagBag from /opt/airflow/dags/dag_enriquecimento_dados.py
[2026-07-06T15:44:27.994+0000] {processor.py:840} INFO - DAG(s) 'dag_enriquecimento_dados' retrieved from /opt/airflow/dags/dag_enriquecimento_dados.py
[2026-07-06T15:44:28.015+0000] {logging_mixin.py:188} INFO - [2026-07-06T15:44:28.014+0000] {dag.py:3036} INFO - Sync 1 DAGs
[2026-07-06T15:44:28.025+0000] {logging_mixin.py:188} INFO - [2026-07-06T15:44:28.025+0000] {dag.py:3823} INFO - Setting next_dagrun for dag_enriquecimento_dados to None, run_after=None
[2026-07-06T15:44:28.041+0000] {processor.py:183} INFO - Processing /opt/airflow/dags/dag_enriquecimento_dados.py took 0.058 seconds
[2026-07-06T15:44:58.195+0000] {processor.py:161} INFO - Started process (PID=1663) to work on /opt/airflow/dags/dag_enriquecimento_dados.py
[2026-07-06T15:44:58.196+0000] {processor.py:830} INFO - Processing file /opt/airflow/dags/dag_enriquecimento_dados.py for tasks to queue
[2026-07-06T15:44:58.196+0000] {logging_mixin.py:188} INFO - [2026-07-06T15:44:58.196+0000] {dagbag.py:538} INFO - Filling up the DagBag from /opt/airflow/dags/dag_enriquecimento_dados.py
[2026-07-06T15:44:58.204+0000] {processor.py:840} INFO - DAG(s) 'dag_enriquecimento_dados' retrieved from /opt/airflow/dags/dag_enriquecimento_dados.py
[2026-07-06T15:44:58.225+0000] {logging_mixin.py:188} INFO - [2026-07-06T15:44:58.224+0000] {dag.py:3036} INFO - Sync 1 DAGs
[2026-07-06T15:44:58.235+0000] {logging_mixin.py:188} INFO - [2026-07-06T15:44:58.235+0000] {dag.py:3823} INFO - Setting next_dagrun for dag_enriquecimento_dados to None, run_after=None
[2026-07-06T15:44:58.253+0000] {processor.py:183} INFO - Processing /opt/airflow/dags/dag_enriquecimento_dados.py took 0.060 seconds
[2026-07-06T15:45:28.406+0000] {processor.py:161} INFO - Started process (PID=1678) to work on /opt/airflow/dags/dag_enriquecimento_dados.py
[2026-07-06T15:45:28.407+0000] {processor.py:830} INFO - Processing file /opt/airflow/dags/dag_enriquecimento_dados.py for tasks to queue
[2026-07-06T15:45:28.408+0000] {logging_mixin.py:188} INFO - [2026-07-06T15:45:28.407+0000] {dagbag.py:538} INFO - Filling up the DagBag from /opt/airflow/dags/dag_enriquecimento_dados.py
[2026-07-06T15:45:28.415+0000] {processor.py:840} INFO - DAG(s) 'dag_enriquecimento_dados' retrieved from /opt/airflow/dags/dag_enriquecimento_dados.py
[2026-07-06T15:45:28.437+0000] {logging_mixin.py:188} INFO - [2026-07-06T15:45:28.436+0000] {dag.py:3036} INFO - Sync 1 DAGs
[2026-07-06T15:45:28.448+0000] {logging_mixin.py:188} INFO - [2026-07-06T15:45:28.448+0000] {dag.py:3823} INFO - Setting next_dagrun for dag_enriquecimento_dados to None, run_after=None
[2026-07-06T15:45:28.460+0000] {processor.py:183} INFO - Processing /opt/airflow/dags/dag_enriquecimento_dados.py took 0.057 seconds
[2026-07-06T15:45:58.620+0000] {processor.py:161} INFO - Started process (PID=1693) to work on /opt/airflow/dags/dag_enriquecimento_dados.py
[2026-07-06T15:45:58.621+0000] {processor.py:830} INFO - Processing file /opt/airflow/dags/dag_enriquecimento_dados.py for tasks to queue
[2026-07-06T15:45:58.622+0000] {logging_mixin.py:188} INFO - [2026-07-06T15:45:58.622+0000] {dagbag.py:538} INFO - Filling up the DagBag from /opt/airflow/dags/dag_enriquecimento_dados.py
[2026-07-06T15:45:58.630+0000] {processor.py:840} INFO - DAG(s) 'dag_enriquecimento_dados' retrieved from /opt/airflow/dags/dag_enriquecimento_dados.py
[2026-07-06T15:45:58.650+0000] {logging_mixin.py:188} INFO - [2026-07-06T15:45:58.650+0000] {dag.py:3036} INFO - Sync 1 DAGs
[2026-07-06T15:45:58.661+0000] {logging_mixin.py:188} INFO - [2026-07-06T15:45:58.661+0000] {dag.py:3823} INFO - Setting next_dagrun for dag_enriquecimento_dados to None, run_after=None
[2026-07-06T15:45:58.676+0000] {processor.py:183} INFO - Processing /opt/airflow/dags/dag_enriquecimento_dados.py took 0.058 seconds
[2026-07-06T15:46:28.822+0000] {processor.py:161} INFO - Started process (PID=1708) to work on /opt/airflow/dags/dag_enriquecimento_dados.py
[2026-07-06T15:46:28.823+0000] {processor.py:830} INFO - Processing file /opt/airflow/dags/dag_enriquecimento_dados.py for tasks to queue
[2026-07-06T15:46:28.824+0000] {logging_mixin.py:188} INFO - [2026-07-06T15:46:28.823+0000] {dagbag.py:538} INFO - Filling up the DagBag from /opt/airflow/dags/dag_enriquecimento_dados.py
[2026-07-06T15:46:28.831+0000] {processor.py:840} INFO - DAG(s) 'dag_enriquecimento_dados' retrieved from /opt/airflow/dags/dag_enriquecimento_dados.py
[2026-07-06T15:46:28.851+0000] {logging_mixin.py:188} INFO - [2026-07-06T15:46:28.851+0000] {dag.py:3036} INFO - Sync 1 DAGs
[2026-07-06T15:46:28.863+0000] {logging_mixin.py:188} INFO - [2026-07-06T15:46:28.863+0000] {dag.py:3823} INFO - Setting next_dagrun for dag_enriquecimento_dados to None, run_after=None
[2026-07-06T15:46:28.876+0000] {processor.py:183} INFO - Processing /opt/airflow/dags/dag_enriquecimento_dados.py took 0.056 seconds
[2026-07-06T15:46:59.037+0000] {processor.py:161} INFO - Started process (PID=1723) to work on /opt/airflow/dags/dag_enriquecimento_dados.py
[2026-07-06T15:46:59.038+0000] {processor.py:830} INFO - Processing file /opt/airflow/dags/dag_enriquecimento_dados.py for tasks to queue
[2026-07-06T15:46:59.038+0000] {logging_mixin.py:188} INFO - [2026-07-06T15:46:59.038+0000] {dagbag.py:538} INFO - Filling up the DagBag from /opt/airflow/dags/dag_enriquecimento_dados.py
[2026-07-06T15:46:59.046+0000] {processor.py:840} INFO - DAG(s) 'dag_enriquecimento_dados' retrieved from /opt/airflow/dags/dag_enriquecimento_dados.py
[2026-07-06T15:46:59.066+0000] {logging_mixin.py:188} INFO - [2026-07-06T15:46:59.066+0000] {dag.py:3036} INFO - Sync 1 DAGs
[2026-07-06T15:46:59.077+0000] {logging_mixin.py:188} INFO - [2026-07-06T15:46:59.077+0000] {dag.py:3823} INFO - Setting next_dagrun for dag_enriquecimento_dados to None, run_after=None
[2026-07-06T15:46:59.093+0000] {processor.py:183} INFO - Processing /opt/airflow/dags/dag_enriquecimento_dados.py took 0.058 seconds
[2026-07-06T15:47:29.235+0000] {processor.py:161} INFO - Started process (PID=1738) to work on /opt/airflow/dags/dag_enriquecimento_dados.py
[2026-07-06T15:47:29.235+0000] {processor.py:830} INFO - Processing file /opt/airflow/dags/dag_enriquecimento_dados.py for tasks to queue
[2026-07-06T15:47:29.236+0000] {logging_mixin.py:188} INFO - [2026-07-06T15:47:29.236+0000] {dagbag.py:538} INFO - Filling up the DagBag from /opt/airflow/dags/dag_enriquecimento_dados.py
[2026-07-06T15:47:29.244+0000] {processor.py:840} INFO - DAG(s) 'dag_enriquecimento_dados' retrieved from /opt/airflow/dags/dag_enriquecimento_dados.py
[2026-07-06T15:47:29.264+0000] {logging_mixin.py:188} INFO - [2026-07-06T15:47:29.264+0000] {dag.py:3036} INFO - Sync 1 DAGs
[2026-07-06T15:47:29.275+0000] {logging_mixin.py:188} INFO - [2026-07-06T15:47:29.275+0000] {dag.py:3823} INFO - Setting next_dagrun for dag_enriquecimento_dados to None, run_after=None
[2026-07-06T15:47:29.291+0000] {processor.py:183} INFO - Processing /opt/airflow/dags/dag_enriquecimento_dados.py took 0.059 seconds
[2026-07-06T15:47:59.454+0000] {processor.py:161} INFO - Started process (PID=1753) to work on /opt/airflow/dags/dag_enriquecimento_dados.py
[2026-07-06T15:47:59.455+0000] {processor.py:830} INFO - Processing file /opt/airflow/dags/dag_enriquecimento_dados.py for tasks to queue
[2026-07-06T15:47:59.456+0000] {logging_mixin.py:188} INFO - [2026-07-06T15:47:59.455+0000] {dagbag.py:538} INFO - Filling up the DagBag from /opt/airflow/dags/dag_enriquecimento_dados.py
[2026-07-06T15:47:59.463+0000] {processor.py:840} INFO - DAG(s) 'dag_enriquecimento_dados' retrieved from /opt/airflow/dags/dag_enriquecimento_dados.py
[2026-07-06T15:47:59.483+0000] {logging_mixin.py:188} INFO - [2026-07-06T15:47:59.483+0000] {dag.py:3036} INFO - Sync 1 DAGs
[2026-07-06T15:47:59.493+0000] {logging_mixin.py:188} INFO - [2026-07-06T15:47:59.493+0000] {dag.py:3823} INFO - Setting next_dagrun for dag_enriquecimento_dados to None, run_after=None
[2026-07-06T15:47:59.509+0000] {processor.py:183} INFO - Processing /opt/airflow/dags/dag_enriquecimento_dados.py took 0.058 seconds
[2026-07-06T15:48:29.658+0000] {processor.py:161} INFO - Started process (PID=1768) to work on /opt/airflow/dags/dag_enriquecimento_dados.py
[2026-07-06T15:48:29.658+0000] {processor.py:830} INFO - Processing file /opt/airflow/dags/dag_enriquecimento_dados.py for tasks to queue
[2026-07-06T15:48:29.659+0000] {logging_mixin.py:188} INFO - [2026-07-06T15:48:29.659+0000] {dagbag.py:538} INFO - Filling up the DagBag from /opt/airflow/dags/dag_enriquecimento_dados.py
[2026-07-06T15:48:29.667+0000] {processor.py:840} INFO - DAG(s) 'dag_enriquecimento_dados' retrieved from /opt/airflow/dags/dag_enriquecimento_dados.py
[2026-07-06T15:48:29.687+0000] {logging_mixin.py:188} INFO - [2026-07-06T15:48:29.687+0000] {dag.py:3036} INFO - Sync 1 DAGs
[2026-07-06T15:48:29.701+0000] {logging_mixin.py:188} INFO - [2026-07-06T15:48:29.701+0000] {dag.py:3823} INFO - Setting next_dagrun for dag_enriquecimento_dados to None, run_after=None
[2026-07-06T15:48:29.724+0000] {processor.py:183} INFO - Processing /opt/airflow/dags/dag_enriquecimento_dados.py took 0.069 seconds
[2026-07-06T15:48:59.867+0000] {processor.py:161} INFO - Started process (PID=1783) to work on /opt/airflow/dags/dag_enriquecimento_dados.py
[2026-07-06T15:48:59.868+0000] {processor.py:830} INFO - Processing file /opt/airflow/dags/dag_enriquecimento_dados.py for tasks to queue
[2026-07-06T15:48:59.869+0000] {logging_mixin.py:188} INFO - [2026-07-06T15:48:59.869+0000] {dagbag.py:538} INFO - Filling up the DagBag from /opt/airflow/dags/dag_enriquecimento_dados.py
[2026-07-06T15:48:59.876+0000] {processor.py:840} INFO - DAG(s) 'dag_enriquecimento_dados' retrieved from /opt/airflow/dags/dag_enriquecimento_dados.py
[2026-07-06T15:48:59.896+0000] {logging_mixin.py:188} INFO - [2026-07-06T15:48:59.896+0000] {dag.py:3036} INFO - Sync 1 DAGs
[2026-07-06T15:48:59.907+0000] {logging_mixin.py:188} INFO - [2026-07-06T15:48:59.907+0000] {dag.py:3823} INFO - Setting next_dagrun for dag_enriquecimento_dados to None, run_after=None
[2026-07-06T15:48:59.923+0000] {processor.py:183} INFO - Processing /opt/airflow/dags/dag_enriquecimento_dados.py took 0.059 seconds
[2026-07-06T15:49:30.086+0000] {processor.py:161} INFO - Started process (PID=1798) to work on /opt/airflow/dags/dag_enriquecimento_dados.py
[2026-07-06T15:49:30.088+0000] {processor.py:830} INFO - Processing file /opt/airflow/dags/dag_enriquecimento_dados.py for tasks to queue
[2026-07-06T15:49:30.088+0000] {logging_mixin.py:188} INFO - [2026-07-06T15:49:30.088+0000] {dagbag.py:538} INFO - Filling up the DagBag from /opt/airflow/dags/dag_enriquecimento_dados.py
[2026-07-06T15:49:30.095+0000] {processor.py:840} INFO - DAG(s) 'dag_enriquecimento_dados' retrieved from /opt/airflow/dags/dag_enriquecimento_dados.py
[2026-07-06T15:49:30.121+0000] {logging_mixin.py:188} INFO - [2026-07-06T15:49:30.121+0000] {dag.py:3036} INFO - Sync 1 DAGs
[2026-07-06T15:49:30.134+0000] {logging_mixin.py:188} INFO - [2026-07-06T15:49:30.134+0000] {dag.py:3823} INFO - Setting next_dagrun for dag_enriquecimento_dados to None, run_after=None
[2026-07-06T15:49:30.151+0000] {processor.py:183} INFO - Processing /opt/airflow/dags/dag_enriquecimento_dados.py took 0.068 seconds
[2026-07-06T15:50:00.287+0000] {processor.py:161} INFO - Started process (PID=1813) to work on /opt/airflow/dags/dag_enriquecimento_dados.py
[2026-07-06T15:50:00.288+0000] {processor.py:830} INFO - Processing file /opt/airflow/dags/dag_enriquecimento_dados.py for tasks to queue
[2026-07-06T15:50:00.288+0000] {logging_mixin.py:188} INFO - [2026-07-06T15:50:00.288+0000] {dagbag.py:538} INFO - Filling up the DagBag from /opt/airflow/dags/dag_enriquecimento_dados.py
[2026-07-06T15:50:00.296+0000] {processor.py:840} INFO - DAG(s) 'dag_enriquecimento_dados' retrieved from /opt/airflow/dags/dag_enriquecimento_dados.py
[2026-07-06T15:50:00.317+0000] {logging_mixin.py:188} INFO - [2026-07-06T15:50:00.316+0000] {dag.py:3036} INFO - Sync 1 DAGs
[2026-07-06T15:50:00.327+0000] {logging_mixin.py:188} INFO - [2026-07-06T15:50:00.327+0000] {dag.py:3823} INFO - Setting next_dagrun for dag_enriquecimento_dados to None, run_after=None
[2026-07-06T15:50:00.346+0000] {processor.py:183} INFO - Processing /opt/airflow/dags/dag_enriquecimento_dados.py took 0.061 seconds
[2026-07-06T15:50:30.517+0000] {processor.py:161} INFO - Started process (PID=1828) to work on /opt/airflow/dags/dag_enriquecimento_dados.py
[2026-07-06T15:50:30.518+0000] {processor.py:830} INFO - Processing file /opt/airflow/dags/dag_enriquecimento_dados.py for tasks to queue
[2026-07-06T15:50:30.519+0000] {logging_mixin.py:188} INFO - [2026-07-06T15:50:30.518+0000] {dagbag.py:538} INFO - Filling up the DagBag from /opt/airflow/dags/dag_enriquecimento_dados.py
[2026-07-06T15:50:30.527+0000] {processor.py:840} INFO - DAG(s) 'dag_enriquecimento_dados' retrieved from /opt/airflow/dags/dag_enriquecimento_dados.py
[2026-07-06T15:50:30.547+0000] {logging_mixin.py:188} INFO - [2026-07-06T15:50:30.546+0000] {dag.py:3036} INFO - Sync 1 DAGs
[2026-07-06T15:50:30.558+0000] {logging_mixin.py:188} INFO - [2026-07-06T15:50:30.558+0000] {dag.py:3823} INFO - Setting next_dagrun for dag_enriquecimento_dados to None, run_after=None
[2026-07-06T15:50:30.576+0000] {processor.py:183} INFO - Processing /opt/airflow/dags/dag_enriquecimento_dados.py took 0.062 seconds
[2026-07-06T15:51:00.718+0000] {processor.py:161} INFO - Started process (PID=1843) to work on /opt/airflow/dags/dag_enriquecimento_dados.py
[2026-07-06T15:51:00.719+0000] {processor.py:830} INFO - Processing file /opt/airflow/dags/dag_enriquecimento_dados.py for tasks to queue
[2026-07-06T15:51:00.719+0000] {logging_mixin.py:188} INFO - [2026-07-06T15:51:00.719+0000] {dagbag.py:538} INFO - Filling up the DagBag from /opt/airflow/dags/dag_enriquecimento_dados.py
[2026-07-06T15:51:00.727+0000] {processor.py:840} INFO - DAG(s) 'dag_enriquecimento_dados' retrieved from /opt/airflow/dags/dag_enriquecimento_dados.py
[2026-07-06T15:51:00.748+0000] {logging_mixin.py:188} INFO - [2026-07-06T15:51:00.747+0000] {dag.py:3036} INFO - Sync 1 DAGs
[2026-07-06T15:51:00.759+0000] {logging_mixin.py:188} INFO - [2026-07-06T15:51:00.759+0000] {dag.py:3823} INFO - Setting next_dagrun for dag_enriquecimento_dados to None, run_after=None
[2026-07-06T15:51:00.775+0000] {processor.py:183} INFO - Processing /opt/airflow/dags/dag_enriquecimento_dados.py took 0.060 seconds
[2026-07-06T15:51:30.937+0000] {processor.py:161} INFO - Started process (PID=1858) to work on /opt/airflow/dags/dag_enriquecimento_dados.py
[2026-07-06T15:51:30.938+0000] {processor.py:830} INFO - Processing file /opt/airflow/dags/dag_enriquecimento_dados.py for tasks to queue
[2026-07-06T15:51:30.938+0000] {logging_mixin.py:188} INFO - [2026-07-06T15:51:30.938+0000] {dagbag.py:538} INFO - Filling up the DagBag from /opt/airflow/dags/dag_enriquecimento_dados.py
[2026-07-06T15:51:30.946+0000] {processor.py:840} INFO - DAG(s) 'dag_enriquecimento_dados' retrieved from /opt/airflow/dags/dag_enriquecimento_dados.py
[2026-07-06T15:51:30.966+0000] {logging_mixin.py:188} INFO - [2026-07-06T15:51:30.966+0000] {dag.py:3036} INFO - Sync 1 DAGs
[2026-07-06T15:51:30.977+0000] {logging_mixin.py:188} INFO - [2026-07-06T15:51:30.976+0000] {dag.py:3823} INFO - Setting next_dagrun for dag_enriquecimento_dados to None, run_after=None
[2026-07-06T15:51:30.992+0000] {processor.py:183} INFO - Processing /opt/airflow/dags/dag_enriquecimento_dados.py took 0.058 seconds
[2026-07-06T15:52:01.140+0000] {processor.py:161} INFO - Started process (PID=1873) to work on /opt/airflow/dags/dag_enriquecimento_dados.py
[2026-07-06T15:52:01.141+0000] {processor.py:830} INFO - Processing file /opt/airflow/dags/dag_enriquecimento_dados.py for tasks to queue
[2026-07-06T15:52:01.141+0000] {logging_mixin.py:188} INFO - [2026-07-06T15:52:01.141+0000] {dagbag.py:538} INFO - Filling up the DagBag from /opt/airflow/dags/dag_enriquecimento_dados.py
[2026-07-06T15:52:01.148+0000] {processor.py:840} INFO - DAG(s) 'dag_enriquecimento_dados' retrieved from /opt/airflow/dags/dag_enriquecimento_dados.py
[2026-07-06T15:52:01.168+0000] {logging_mixin.py:188} INFO - [2026-07-06T15:52:01.167+0000] {dag.py:3036} INFO - Sync 1 DAGs
[2026-07-06T15:52:01.178+0000] {logging_mixin.py:188} INFO - [2026-07-06T15:52:01.178+0000] {dag.py:3823} INFO - Setting next_dagrun for dag_enriquecimento_dados to None, run_after=None
[2026-07-06T15:52:01.193+0000] {processor.py:183} INFO - Processing /opt/airflow/dags/dag_enriquecimento_dados.py took 0.056 seconds
[2026-07-06T15:52:31.358+0000] {processor.py:161} INFO - Started process (PID=1888) to work on /opt/airflow/dags/dag_enriquecimento_dados.py
[2026-07-06T15:52:31.359+0000] {processor.py:830} INFO - Processing file /opt/airflow/dags/dag_enriquecimento_dados.py for tasks to queue
[2026-07-06T15:52:31.359+0000] {logging_mixin.py:188} INFO - [2026-07-06T15:52:31.359+0000] {dagbag.py:538} INFO - Filling up the DagBag from /opt/airflow/dags/dag_enriquecimento_dados.py
[2026-07-06T15:52:31.366+0000] {processor.py:840} INFO - DAG(s) 'dag_enriquecimento_dados' retrieved from /opt/airflow/dags/dag_enriquecimento_dados.py
[2026-07-06T15:52:31.386+0000] {logging_mixin.py:188} INFO - [2026-07-06T15:52:31.386+0000] {dag.py:3036} INFO - Sync 1 DAGs
[2026-07-06T15:52:31.396+0000] {logging_mixin.py:188} INFO - [2026-07-06T15:52:31.396+0000] {dag.py:3823} INFO - Setting next_dagrun for dag_enriquecimento_dados to None, run_after=None
[2026-07-06T15:52:31.411+0000] {processor.py:183} INFO - Processing /opt/airflow/dags/dag_enriquecimento_dados.py took 0.055 seconds
[2026-07-06T15:53:01.545+0000] {processor.py:161} INFO - Started process (PID=1903) to work on /opt/airflow/dags/dag_enriquecimento_dados.py
[2026-07-06T15:53:01.545+0000] {processor.py:830} INFO - Processing file /opt/airflow/dags/dag_enriquecimento_dados.py for tasks to queue
[2026-07-06T15:53:01.546+0000] {logging_mixin.py:188} INFO - [2026-07-06T15:53:01.545+0000] {dagbag.py:538} INFO - Filling up the DagBag from /opt/airflow/dags/dag_enriquecimento_dados.py
[2026-07-06T15:53:01.553+0000] {processor.py:840} INFO - DAG(s) 'dag_enriquecimento_dados' retrieved from /opt/airflow/dags/dag_enriquecimento_dados.py
[2026-07-06T15:53:01.574+0000] {logging_mixin.py:188} INFO - [2026-07-06T15:53:01.574+0000] {dag.py:3036} INFO - Sync 1 DAGs
[2026-07-06T15:53:01.584+0000] {logging_mixin.py:188} INFO - [2026-07-06T15:53:01.584+0000] {dag.py:3823} INFO - Setting next_dagrun for dag_enriquecimento_dados to None, run_after=None
[2026-07-06T15:53:01.599+0000] {processor.py:183} INFO - Processing /opt/airflow/dags/dag_enriquecimento_dados.py took 0.057 seconds
[2026-07-06T15:53:31.768+0000] {processor.py:161} INFO - Started process (PID=1918) to work on /opt/airflow/dags/dag_enriquecimento_dados.py
[2026-07-06T15:53:31.770+0000] {processor.py:830} INFO - Processing file /opt/airflow/dags/dag_enriquecimento_dados.py for tasks to queue
[2026-07-06T15:53:31.770+0000] {logging_mixin.py:188} INFO - [2026-07-06T15:53:31.770+0000] {dagbag.py:538} INFO - Filling up the DagBag from /opt/airflow/dags/dag_enriquecimento_dados.py
[2026-07-06T15:53:31.778+0000] {processor.py:840} INFO - DAG(s) 'dag_enriquecimento_dados' retrieved from /opt/airflow/dags/dag_enriquecimento_dados.py
[2026-07-06T15:53:31.798+0000] {logging_mixin.py:188} INFO - [2026-07-06T15:53:31.798+0000] {dag.py:3036} INFO - Sync 1 DAGs
[2026-07-06T15:53:31.809+0000] {logging_mixin.py:188} INFO - [2026-07-06T15:53:31.808+0000] {dag.py:3823} INFO - Setting next_dagrun for dag_enriquecimento_dados to None, run_after=None
[2026-07-06T15:53:31.824+0000] {processor.py:183} INFO - Processing /opt/airflow/dags/dag_enriquecimento_dados.py took 0.059 seconds
[2026-07-06T15:54:01.972+0000] {processor.py:161} INFO - Started process (PID=1933) to work on /opt/airflow/dags/dag_enriquecimento_dados.py
[2026-07-06T15:54:01.973+0000] {processor.py:830} INFO - Processing file /opt/airflow/dags/dag_enriquecimento_dados.py for tasks to queue
[2026-07-06T15:54:01.973+0000] {logging_mixin.py:188} INFO - [2026-07-06T15:54:01.973+0000] {dagbag.py:538} INFO - Filling up the DagBag from /opt/airflow/dags/dag_enriquecimento_dados.py
[2026-07-06T15:54:01.981+0000] {processor.py:840} INFO - DAG(s) 'dag_enriquecimento_dados' retrieved from /opt/airflow/dags/dag_enriquecimento_dados.py
[2026-07-06T15:54:02.002+0000] {logging_mixin.py:188} INFO - [2026-07-06T15:54:02.001+0000] {dag.py:3036} INFO - Sync 1 DAGs
[2026-07-06T15:54:02.013+0000] {logging_mixin.py:188} INFO - [2026-07-06T15:54:02.012+0000] {dag.py:3823} INFO - Setting next_dagrun for dag_enriquecimento_dados to None, run_after=None
[2026-07-06T15:54:02.030+0000] {processor.py:183} INFO - Processing /opt/airflow/dags/dag_enriquecimento_dados.py took 0.061 seconds
[2026-07-06T15:54:32.188+0000] {processor.py:161} INFO - Started process (PID=1948) to work on /opt/airflow/dags/dag_enriquecimento_dados.py
[2026-07-06T15:54:32.189+0000] {processor.py:830} INFO - Processing file /opt/airflow/dags/dag_enriquecimento_dados.py for tasks to queue
[2026-07-06T15:54:32.190+0000] {logging_mixin.py:188} INFO - [2026-07-06T15:54:32.189+0000] {dagbag.py:538} INFO - Filling up the DagBag from /opt/airflow/dags/dag_enriquecimento_dados.py
[2026-07-06T15:54:32.196+0000] {processor.py:840} INFO - DAG(s) 'dag_enriquecimento_dados' retrieved from /opt/airflow/dags/dag_enriquecimento_dados.py
[2026-07-06T15:54:32.216+0000] {logging_mixin.py:188} INFO - [2026-07-06T15:54:32.216+0000] {dag.py:3036} INFO - Sync 1 DAGs
[2026-07-06T15:54:32.227+0000] {logging_mixin.py:188} INFO - [2026-07-06T15:54:32.227+0000] {dag.py:3823} INFO - Setting next_dagrun for dag_enriquecimento_dados to None, run_after=None
[2026-07-06T15:54:32.244+0000] {processor.py:183} INFO - Processing /opt/airflow/dags/dag_enriquecimento_dados.py took 0.058 seconds
[2026-07-06T15:55:02.392+0000] {processor.py:161} INFO - Started process (PID=1963) to work on /opt/airflow/dags/dag_enriquecimento_dados.py
[2026-07-06T15:55:02.392+0000] {processor.py:830} INFO - Processing file /opt/airflow/dags/dag_enriquecimento_dados.py for tasks to queue
[2026-07-06T15:55:02.393+0000] {logging_mixin.py:188} INFO - [2026-07-06T15:55:02.393+0000] {dagbag.py:538} INFO - Filling up the DagBag from /opt/airflow/dags/dag_enriquecimento_dados.py
[2026-07-06T15:55:02.400+0000] {processor.py:840} INFO - DAG(s) 'dag_enriquecimento_dados' retrieved from /opt/airflow/dags/dag_enriquecimento_dados.py
[2026-07-06T15:55:02.420+0000] {logging_mixin.py:188} INFO - [2026-07-06T15:55:02.420+0000] {dag.py:3036} INFO - Sync 1 DAGs
[2026-07-06T15:55:02.432+0000] {logging_mixin.py:188} INFO - [2026-07-06T15:55:02.432+0000] {dag.py:3823} INFO - Setting next_dagrun for dag_enriquecimento_dados to None, run_after=None
[2026-07-06T15:55:02.448+0000] {processor.py:183} INFO - Processing /opt/airflow/dags/dag_enriquecimento_dados.py took 0.059 seconds
[2026-07-06T15:55:32.597+0000] {processor.py:161} INFO - Started process (PID=1978) to work on /opt/airflow/dags/dag_enriquecimento_dados.py
[2026-07-06T15:55:32.598+0000] {processor.py:830} INFO - Processing file /opt/airflow/dags/dag_enriquecimento_dados.py for tasks to queue
[2026-07-06T15:55:32.598+0000] {logging_mixin.py:188} INFO - [2026-07-06T15:55:32.598+0000] {dagbag.py:538} INFO - Filling up the DagBag from /opt/airflow/dags/dag_enriquecimento_dados.py
[2026-07-06T15:55:32.606+0000] {processor.py:840} INFO - DAG(s) 'dag_enriquecimento_dados' retrieved from /opt/airflow/dags/dag_enriquecimento_dados.py
[2026-07-06T15:55:32.626+0000] {logging_mixin.py:188} INFO - [2026-07-06T15:55:32.625+0000] {dag.py:3036} INFO - Sync 1 DAGs
[2026-07-06T15:55:32.636+0000] {logging_mixin.py:188} INFO - [2026-07-06T15:55:32.636+0000] {dag.py:3823} INFO - Setting next_dagrun for dag_enriquecimento_dados to None, run_after=None
[2026-07-06T15:55:32.651+0000] {processor.py:183} INFO - Processing /opt/airflow/dags/dag_enriquecimento_dados.py took 0.057 seconds
[2026-07-06T15:56:02.807+0000] {processor.py:161} INFO - Started process (PID=1993) to work on /opt/airflow/dags/dag_enriquecimento_dados.py
[2026-07-06T15:56:02.807+0000] {processor.py:830} INFO - Processing file /opt/airflow/dags/dag_enriquecimento_dados.py for tasks to queue
[2026-07-06T15:56:02.808+0000] {logging_mixin.py:188} INFO - [2026-07-06T15:56:02.808+0000] {dagbag.py:538} INFO - Filling up the DagBag from /opt/airflow/dags/dag_enriquecimento_dados.py
[2026-07-06T15:56:02.816+0000] {processor.py:840} INFO - DAG(s) 'dag_enriquecimento_dados' retrieved from /opt/airflow/dags/dag_enriquecimento_dados.py
[2026-07-06T15:56:02.837+0000] {logging_mixin.py:188} INFO - [2026-07-06T15:56:02.837+0000] {dag.py:3036} INFO - Sync 1 DAGs
[2026-07-06T15:56:02.849+0000] {logging_mixin.py:188} INFO - [2026-07-06T15:56:02.848+0000] {dag.py:3823} INFO - Setting next_dagrun for dag_enriquecimento_dados to None, run_after=None
[2026-07-06T15:56:02.865+0000] {processor.py:183} INFO - Processing /opt/airflow/dags/dag_enriquecimento_dados.py took 0.061 seconds
[2026-07-06T15:56:33.013+0000] {processor.py:161} INFO - Started process (PID=2008) to work on /opt/airflow/dags/dag_enriquecimento_dados.py
[2026-07-06T15:56:33.014+0000] {processor.py:830} INFO - Processing file /opt/airflow/dags/dag_enriquecimento_dados.py for tasks to queue
[2026-07-06T15:56:33.015+0000] {logging_mixin.py:188} INFO - [2026-07-06T15:56:33.015+0000] {dagbag.py:538} INFO - Filling up the DagBag from /opt/airflow/dags/dag_enriquecimento_dados.py
[2026-07-06T15:56:33.022+0000] {processor.py:840} INFO - DAG(s) 'dag_enriquecimento_dados' retrieved from /opt/airflow/dags/dag_enriquecimento_dados.py
[2026-07-06T15:56:33.043+0000] {logging_mixin.py:188} INFO - [2026-07-06T15:56:33.043+0000] {dag.py:3036} INFO - Sync 1 DAGs
[2026-07-06T15:56:33.054+0000] {logging_mixin.py:188} INFO - [2026-07-06T15:56:33.054+0000] {dag.py:3823} INFO - Setting next_dagrun for dag_enriquecimento_dados to None, run_after=None
[2026-07-06T15:56:33.070+0000] {processor.py:183} INFO - Processing /opt/airflow/dags/dag_enriquecimento_dados.py took 0.060 seconds
[2026-07-06T15:57:03.235+0000] {processor.py:161} INFO - Started process (PID=2023) to work on /opt/airflow/dags/dag_enriquecimento_dados.py
[2026-07-06T15:57:03.236+0000] {processor.py:830} INFO - Processing file /opt/airflow/dags/dag_enriquecimento_dados.py for tasks to queue
[2026-07-06T15:57:03.237+0000] {logging_mixin.py:188} INFO - [2026-07-06T15:57:03.236+0000] {dagbag.py:538} INFO - Filling up the DagBag from /opt/airflow/dags/dag_enriquecimento_dados.py
[2026-07-06T15:57:03.243+0000] {processor.py:840} INFO - DAG(s) 'dag_enriquecimento_dados' retrieved from /opt/airflow/dags/dag_enriquecimento_dados.py
[2026-07-06T15:57:03.264+0000] {logging_mixin.py:188} INFO - [2026-07-06T15:57:03.263+0000] {dag.py:3036} INFO - Sync 1 DAGs
[2026-07-06T15:57:03.275+0000] {logging_mixin.py:188} INFO - [2026-07-06T15:57:03.274+0000] {dag.py:3823} INFO - Setting next_dagrun for dag_enriquecimento_dados to None, run_after=None
[2026-07-06T15:57:03.292+0000] {processor.py:183} INFO - Processing /opt/airflow/dags/dag_enriquecimento_dados.py took 0.059 seconds
[2026-07-06T15:57:33.432+0000] {processor.py:161} INFO - Started process (PID=2038) to work on /opt/airflow/dags/dag_enriquecimento_dados.py
[2026-07-06T15:57:33.433+0000] {processor.py:830} INFO - Processing file /opt/airflow/dags/dag_enriquecimento_dados.py for tasks to queue
[2026-07-06T15:57:33.434+0000] {logging_mixin.py:188} INFO - [2026-07-06T15:57:33.434+0000] {dagbag.py:538} INFO - Filling up the DagBag from /opt/airflow/dags/dag_enriquecimento_dados.py
[2026-07-06T15:57:33.442+0000] {processor.py:840} INFO - DAG(s) 'dag_enriquecimento_dados' retrieved from /opt/airflow/dags/dag_enriquecimento_dados.py
[2026-07-06T15:57:33.462+0000] {logging_mixin.py:188} INFO - [2026-07-06T15:57:33.462+0000] {dag.py:3036} INFO - Sync 1 DAGs
[2026-07-06T15:57:33.472+0000] {logging_mixin.py:188} INFO - [2026-07-06T15:57:33.472+0000] {dag.py:3823} INFO - Setting next_dagrun for dag_enriquecimento_dados to None, run_after=None
[2026-07-06T15:57:33.488+0000] {processor.py:183} INFO - Processing /opt/airflow/dags/dag_enriquecimento_dados.py took 0.059 seconds
[2026-07-06T15:58:03.661+0000] {processor.py:161} INFO - Started process (PID=2053) to work on /opt/airflow/dags/dag_enriquecimento_dados.py
[2026-07-06T15:58:03.661+0000] {processor.py:830} INFO - Processing file /opt/airflow/dags/dag_enriquecimento_dados.py for tasks to queue
[2026-07-06T15:58:03.662+0000] {logging_mixin.py:188} INFO - [2026-07-06T15:58:03.662+0000] {dagbag.py:538} INFO - Filling up the DagBag from /opt/airflow/dags/dag_enriquecimento_dados.py
[2026-07-06T15:58:03.669+0000] {processor.py:840} INFO - DAG(s) 'dag_enriquecimento_dados' retrieved from /opt/airflow/dags/dag_enriquecimento_dados.py
[2026-07-06T15:58:03.690+0000] {logging_mixin.py:188} INFO - [2026-07-06T15:58:03.690+0000] {dag.py:3036} INFO - Sync 1 DAGs
[2026-07-06T15:58:03.701+0000] {logging_mixin.py:188} INFO - [2026-07-06T15:58:03.700+0000] {dag.py:3823} INFO - Setting next_dagrun for dag_enriquecimento_dados to None, run_after=None
[2026-07-06T15:58:03.716+0000] {processor.py:183} INFO - Processing /opt/airflow/dags/dag_enriquecimento_dados.py took 0.058 seconds
[2026-07-06T15:58:33.865+0000] {processor.py:161} INFO - Started process (PID=2068) to work on /opt/airflow/dags/dag_enriquecimento_dados.py
[2026-07-06T15:58:33.867+0000] {processor.py:830} INFO - Processing file /opt/airflow/dags/dag_enriquecimento_dados.py for tasks to queue
[2026-07-06T15:58:33.867+0000] {logging_mixin.py:188} INFO - [2026-07-06T15:58:33.867+0000] {dagbag.py:538} INFO - Filling up the DagBag from /opt/airflow/dags/dag_enriquecimento_dados.py
[2026-07-06T15:58:33.875+0000] {processor.py:840} INFO - DAG(s) 'dag_enriquecimento_dados' retrieved from /opt/airflow/dags/dag_enriquecimento_dados.py
[2026-07-06T15:58:33.895+0000] {logging_mixin.py:188} INFO - [2026-07-06T15:58:33.895+0000] {dag.py:3036} INFO - Sync 1 DAGs
[2026-07-06T15:58:33.905+0000] {logging_mixin.py:188} INFO - [2026-07-06T15:58:33.905+0000] {dag.py:3823} INFO - Setting next_dagrun for dag_enriquecimento_dados to None, run_after=None
[2026-07-06T15:58:33.921+0000] {processor.py:183} INFO - Processing /opt/airflow/dags/dag_enriquecimento_dados.py took 0.058 seconds
[2026-07-06T15:59:04.100+0000] {processor.py:161} INFO - Started process (PID=2083) to work on /opt/airflow/dags/dag_enriquecimento_dados.py
[2026-07-06T15:59:04.101+0000] {processor.py:830} INFO - Processing file /opt/airflow/dags/dag_enriquecimento_dados.py for tasks to queue
[2026-07-06T15:59:04.102+0000] {logging_mixin.py:188} INFO - [2026-07-06T15:59:04.101+0000] {dagbag.py:538} INFO - Filling up the DagBag from /opt/airflow/dags/dag_enriquecimento_dados.py
[2026-07-06T15:59:04.109+0000] {processor.py:840} INFO - DAG(s) 'dag_enriquecimento_dados' retrieved from /opt/airflow/dags/dag_enriquecimento_dados.py
[2026-07-06T15:59:04.130+0000] {logging_mixin.py:188} INFO - [2026-07-06T15:59:04.129+0000] {dag.py:3036} INFO - Sync 1 DAGs
[2026-07-06T15:59:04.141+0000] {logging_mixin.py:188} INFO - [2026-07-06T15:59:04.140+0000] {dag.py:3823} INFO - Setting next_dagrun for dag_enriquecimento_dados to None, run_after=None
[2026-07-06T15:59:04.158+0000] {processor.py:183} INFO - Processing /opt/airflow/dags/dag_enriquecimento_dados.py took 0.060 seconds
[2026-07-06T15:59:34.293+0000] {processor.py:161} INFO - Started process (PID=2098) to work on /opt/airflow/dags/dag_enriquecimento_dados.py
[2026-07-06T15:59:34.294+0000] {processor.py:830} INFO - Processing file /opt/airflow/dags/dag_enriquecimento_dados.py for tasks to queue
[2026-07-06T15:59:34.294+0000] {logging_mixin.py:188} INFO - [2026-07-06T15:59:34.294+0000] {dagbag.py:538} INFO - Filling up the DagBag from /opt/airflow/dags/dag_enriquecimento_dados.py
[2026-07-06T15:59:34.302+0000] {processor.py:840} INFO - DAG(s) 'dag_enriquecimento_dados' retrieved from /opt/airflow/dags/dag_enriquecimento_dados.py
[2026-07-06T15:59:34.322+0000] {logging_mixin.py:188} INFO - [2026-07-06T15:59:34.322+0000] {dag.py:3036} INFO - Sync 1 DAGs
[2026-07-06T15:59:34.333+0000] {logging_mixin.py:188} INFO - [2026-07-06T15:59:34.333+0000] {dag.py:3823} INFO - Setting next_dagrun for dag_enriquecimento_dados to None, run_after=None
[2026-07-06T15:59:34.348+0000] {processor.py:183} INFO - Processing /opt/airflow/dags/dag_enriquecimento_dados.py took 0.058 seconds
[2026-07-06T16:00:04.522+0000] {processor.py:161} INFO - Started process (PID=2113) to work on /opt/airflow/dags/dag_enriquecimento_dados.py
[2026-07-06T16:00:04.522+0000] {processor.py:830} INFO - Processing file /opt/airflow/dags/dag_enriquecimento_dados.py for tasks to queue
[2026-07-06T16:00:04.523+0000] {logging_mixin.py:188} INFO - [2026-07-06T16:00:04.523+0000] {dagbag.py:538} INFO - Filling up the DagBag from /opt/airflow/dags/dag_enriquecimento_dados.py
[2026-07-06T16:00:04.531+0000] {processor.py:840} INFO - DAG(s) 'dag_enriquecimento_dados' retrieved from /opt/airflow/dags/dag_enriquecimento_dados.py
[2026-07-06T16:00:04.551+0000] {logging_mixin.py:188} INFO - [2026-07-06T16:00:04.551+0000] {dag.py:3036} INFO - Sync 1 DAGs
[2026-07-06T16:00:04.561+0000] {logging_mixin.py:188} INFO - [2026-07-06T16:00:04.561+0000] {dag.py:3823} INFO - Setting next_dagrun for dag_enriquecimento_dados to None, run_after=None
[2026-07-06T16:00:04.577+0000] {processor.py:183} INFO - Processing /opt/airflow/dags/dag_enriquecimento_dados.py took 0.058 seconds
[2026-07-06T16:00:34.713+0000] {processor.py:161} INFO - Started process (PID=2128) to work on /opt/airflow/dags/dag_enriquecimento_dados.py
[2026-07-06T16:00:34.714+0000] {processor.py:830} INFO - Processing file /opt/airflow/dags/dag_enriquecimento_dados.py for tasks to queue
[2026-07-06T16:00:34.715+0000] {logging_mixin.py:188} INFO - [2026-07-06T16:00:34.715+0000] {dagbag.py:538} INFO - Filling up the DagBag from /opt/airflow/dags/dag_enriquecimento_dados.py
[2026-07-06T16:00:34.723+0000] {processor.py:840} INFO - DAG(s) 'dag_enriquecimento_dados' retrieved from /opt/airflow/dags/dag_enriquecimento_dados.py
[2026-07-06T16:00:34.743+0000] {logging_mixin.py:188} INFO - [2026-07-06T16:00:34.743+0000] {dag.py:3036} INFO - Sync 1 DAGs
[2026-07-06T16:00:34.755+0000] {logging_mixin.py:188} INFO - [2026-07-06T16:00:34.755+0000] {dag.py:3823} INFO - Setting next_dagrun for dag_enriquecimento_dados to None, run_after=None
[2026-07-06T16:00:34.770+0000] {processor.py:183} INFO - Processing /opt/airflow/dags/dag_enriquecimento_dados.py took 0.060 seconds
[2026-07-06T16:01:04.936+0000] {processor.py:161} INFO - Started process (PID=2143) to work on /opt/airflow/dags/dag_enriquecimento_dados.py
[2026-07-06T16:01:04.937+0000] {processor.py:830} INFO - Processing file /opt/airflow/dags/dag_enriquecimento_dados.py for tasks to queue
[2026-07-06T16:01:04.938+0000] {logging_mixin.py:188} INFO - [2026-07-06T16:01:04.937+0000] {dagbag.py:538} INFO - Filling up the DagBag from /opt/airflow/dags/dag_enriquecimento_dados.py
[2026-07-06T16:01:04.945+0000] {processor.py:840} INFO - DAG(s) 'dag_enriquecimento_dados' retrieved from /opt/airflow/dags/dag_enriquecimento_dados.py
[2026-07-06T16:01:04.965+0000] {logging_mixin.py:188} INFO - [2026-07-06T16:01:04.964+0000] {dag.py:3036} INFO - Sync 1 DAGs
[2026-07-06T16:01:04.975+0000] {logging_mixin.py:188} INFO - [2026-07-06T16:01:04.975+0000] {dag.py:3823} INFO - Setting next_dagrun for dag_enriquecimento_dados to None, run_after=None
[2026-07-06T16:01:04.990+0000] {processor.py:183} INFO - Processing /opt/airflow/dags/dag_enriquecimento_dados.py took 0.056 seconds
[2026-07-06T16:01:35.135+0000] {processor.py:161} INFO - Started process (PID=2158) to work on /opt/airflow/dags/dag_enriquecimento_dados.py
[2026-07-06T16:01:35.136+0000] {processor.py:830} INFO - Processing file /opt/airflow/dags/dag_enriquecimento_dados.py for tasks to queue
[2026-07-06T16:01:35.136+0000] {logging_mixin.py:188} INFO - [2026-07-06T16:01:35.136+0000] {dagbag.py:538} INFO - Filling up the DagBag from /opt/airflow/dags/dag_enriquecimento_dados.py
[2026-07-06T16:01:35.144+0000] {processor.py:840} INFO - DAG(s) 'dag_enriquecimento_dados' retrieved from /opt/airflow/dags/dag_enriquecimento_dados.py
[2026-07-06T16:01:35.164+0000] {logging_mixin.py:188} INFO - [2026-07-06T16:01:35.163+0000] {dag.py:3036} INFO - Sync 1 DAGs
[2026-07-06T16:01:35.174+0000] {logging_mixin.py:188} INFO - [2026-07-06T16:01:35.174+0000] {dag.py:3823} INFO - Setting next_dagrun for dag_enriquecimento_dados to None, run_after=None
[2026-07-06T16:01:35.190+0000] {processor.py:183} INFO - Processing /opt/airflow/dags/dag_enriquecimento_dados.py took 0.058 seconds
[2026-07-06T16:02:05.354+0000] {processor.py:161} INFO - Started process (PID=2173) to work on /opt/airflow/dags/dag_enriquecimento_dados.py
[2026-07-06T16:02:05.354+0000] {processor.py:830} INFO - Processing file /opt/airflow/dags/dag_enriquecimento_dados.py for tasks to queue
[2026-07-06T16:02:05.355+0000] {logging_mixin.py:188} INFO - [2026-07-06T16:02:05.355+0000] {dagbag.py:538} INFO - Filling up the DagBag from /opt/airflow/dags/dag_enriquecimento_dados.py
[2026-07-06T16:02:05.362+0000] {processor.py:840} INFO - DAG(s) 'dag_enriquecimento_dados' retrieved from /opt/airflow/dags/dag_enriquecimento_dados.py
[2026-07-06T16:02:05.382+0000] {logging_mixin.py:188} INFO - [2026-07-06T16:02:05.382+0000] {dag.py:3036} INFO - Sync 1 DAGs
[2026-07-06T16:02:05.393+0000] {logging_mixin.py:188} INFO - [2026-07-06T16:02:05.393+0000] {dag.py:3823} INFO - Setting next_dagrun for dag_enriquecimento_dados to None, run_after=None
[2026-07-06T16:02:05.408+0000] {processor.py:183} INFO - Processing /opt/airflow/dags/dag_enriquecimento_dados.py took 0.058 seconds
[2026-07-06T16:02:35.563+0000] {processor.py:161} INFO - Started process (PID=2188) to work on /opt/airflow/dags/dag_enriquecimento_dados.py
[2026-07-06T16:02:35.564+0000] {processor.py:830} INFO - Processing file /opt/airflow/dags/dag_enriquecimento_dados.py for tasks to queue
[2026-07-06T16:02:35.564+0000] {logging_mixin.py:188} INFO - [2026-07-06T16:02:35.564+0000] {dagbag.py:538} INFO - Filling up the DagBag from /opt/airflow/dags/dag_enriquecimento_dados.py
[2026-07-06T16:02:35.572+0000] {processor.py:840} INFO - DAG(s) 'dag_enriquecimento_dados' retrieved from /opt/airflow/dags/dag_enriquecimento_dados.py
[2026-07-06T16:02:35.592+0000] {logging_mixin.py:188} INFO - [2026-07-06T16:02:35.592+0000] {dag.py:3036} INFO - Sync 1 DAGs
[2026-07-06T16:02:35.603+0000] {logging_mixin.py:188} INFO - [2026-07-06T16:02:35.603+0000] {dag.py:3823} INFO - Setting next_dagrun for dag_enriquecimento_dados to None, run_after=None
[2026-07-06T16:02:35.622+0000] {processor.py:183} INFO - Processing /opt/airflow/dags/dag_enriquecimento_dados.py took 0.062 seconds
[2026-07-06T16:03:05.777+0000] {processor.py:161} INFO - Started process (PID=2203) to work on /opt/airflow/dags/dag_enriquecimento_dados.py
[2026-07-06T16:03:05.777+0000] {processor.py:830} INFO - Processing file /opt/airflow/dags/dag_enriquecimento_dados.py for tasks to queue
[2026-07-06T16:03:05.778+0000] {logging_mixin.py:188} INFO - [2026-07-06T16:03:05.778+0000] {dagbag.py:538} INFO - Filling up the DagBag from /opt/airflow/dags/dag_enriquecimento_dados.py
[2026-07-06T16:03:05.786+0000] {processor.py:840} INFO - DAG(s) 'dag_enriquecimento_dados' retrieved from /opt/airflow/dags/dag_enriquecimento_dados.py
[2026-07-06T16:03:05.806+0000] {logging_mixin.py:188} INFO - [2026-07-06T16:03:05.806+0000] {dag.py:3036} INFO - Sync 1 DAGs
[2026-07-06T16:03:05.818+0000] {logging_mixin.py:188} INFO - [2026-07-06T16:03:05.818+0000] {dag.py:3823} INFO - Setting next_dagrun for dag_enriquecimento_dados to None, run_after=None
[2026-07-06T16:03:05.834+0000] {processor.py:183} INFO - Processing /opt/airflow/dags/dag_enriquecimento_dados.py took 0.060 seconds
[2026-07-06T16:03:35.992+0000] {processor.py:161} INFO - Started process (PID=2218) to work on /opt/airflow/dags/dag_enriquecimento_dados.py
[2026-07-06T16:03:35.993+0000] {processor.py:830} INFO - Processing file /opt/airflow/dags/dag_enriquecimento_dados.py for tasks to queue
[2026-07-06T16:03:35.994+0000] {logging_mixin.py:188} INFO - [2026-07-06T16:03:35.993+0000] {dagbag.py:538} INFO - Filling up the DagBag from /opt/airflow/dags/dag_enriquecimento_dados.py
[2026-07-06T16:03:36.001+0000] {processor.py:840} INFO - DAG(s) 'dag_enriquecimento_dados' retrieved from /opt/airflow/dags/dag_enriquecimento_dados.py
[2026-07-06T16:03:36.022+0000] {logging_mixin.py:188} INFO - [2026-07-06T16:03:36.022+0000] {dag.py:3036} INFO - Sync 1 DAGs
[2026-07-06T16:03:36.033+0000] {logging_mixin.py:188} INFO - [2026-07-06T16:03:36.033+0000] {dag.py:3823} INFO - Setting next_dagrun for dag_enriquecimento_dados to None, run_after=None
[2026-07-06T16:03:36.049+0000] {processor.py:183} INFO - Processing /opt/airflow/dags/dag_enriquecimento_dados.py took 0.060 seconds
[2026-07-06T16:04:06.207+0000] {processor.py:161} INFO - Started process (PID=2233) to work on /opt/airflow/dags/dag_enriquecimento_dados.py
[2026-07-06T16:04:06.208+0000] {processor.py:830} INFO - Processing file /opt/airflow/dags/dag_enriquecimento_dados.py for tasks to queue
[2026-07-06T16:04:06.210+0000] {logging_mixin.py:188} INFO - [2026-07-06T16:04:06.209+0000] {dagbag.py:538} INFO - Filling up the DagBag from /opt/airflow/dags/dag_enriquecimento_dados.py
[2026-07-06T16:04:06.217+0000] {processor.py:840} INFO - DAG(s) 'dag_enriquecimento_dados' retrieved from /opt/airflow/dags/dag_enriquecimento_dados.py
[2026-07-06T16:04:06.237+0000] {logging_mixin.py:188} INFO - [2026-07-06T16:04:06.236+0000] {dag.py:3036} INFO - Sync 1 DAGs
[2026-07-06T16:04:06.248+0000] {logging_mixin.py:188} INFO - [2026-07-06T16:04:06.248+0000] {dag.py:3823} INFO - Setting next_dagrun for dag_enriquecimento_dados to None, run_after=None
[2026-07-06T16:04:06.268+0000] {processor.py:183} INFO - Processing /opt/airflow/dags/dag_enriquecimento_dados.py took 0.063 seconds
[2026-07-06T16:04:36.415+0000] {processor.py:161} INFO - Started process (PID=2248) to work on /opt/airflow/dags/dag_enriquecimento_dados.py
[2026-07-06T16:04:36.416+0000] {processor.py:830} INFO - Processing file /opt/airflow/dags/dag_enriquecimento_dados.py for tasks to queue
[2026-07-06T16:04:36.417+0000] {logging_mixin.py:188} INFO - [2026-07-06T16:04:36.417+0000] {dagbag.py:538} INFO - Filling up the DagBag from /opt/airflow/dags/dag_enriquecimento_dados.py
[2026-07-06T16:04:36.424+0000] {processor.py:840} INFO - DAG(s) 'dag_enriquecimento_dados' retrieved from /opt/airflow/dags/dag_enriquecimento_dados.py
[2026-07-06T16:04:36.445+0000] {logging_mixin.py:188} INFO - [2026-07-06T16:04:36.444+0000] {dag.py:3036} INFO - Sync 1 DAGs
[2026-07-06T16:04:36.456+0000] {logging_mixin.py:188} INFO - [2026-07-06T16:04:36.456+0000] {dag.py:3823} INFO - Setting next_dagrun for dag_enriquecimento_dados to None, run_after=None
[2026-07-06T16:04:36.472+0000] {processor.py:183} INFO - Processing /opt/airflow/dags/dag_enriquecimento_dados.py took 0.060 seconds
[2026-07-06T16:05:06.628+0000] {processor.py:161} INFO - Started process (PID=2263) to work on /opt/airflow/dags/dag_enriquecimento_dados.py
[2026-07-06T16:05:06.628+0000] {processor.py:830} INFO - Processing file /opt/airflow/dags/dag_enriquecimento_dados.py for tasks to queue
[2026-07-06T16:05:06.629+0000] {logging_mixin.py:188} INFO - [2026-07-06T16:05:06.629+0000] {dagbag.py:538} INFO - Filling up the DagBag from /opt/airflow/dags/dag_enriquecimento_dados.py
[2026-07-06T16:05:06.636+0000] {processor.py:840} INFO - DAG(s) 'dag_enriquecimento_dados' retrieved from /opt/airflow/dags/dag_enriquecimento_dados.py
[2026-07-06T16:05:06.656+0000] {logging_mixin.py:188} INFO - [2026-07-06T16:05:06.656+0000] {dag.py:3036} INFO - Sync 1 DAGs
[2026-07-06T16:05:06.667+0000] {logging_mixin.py:188} INFO - [2026-07-06T16:05:06.666+0000] {dag.py:3823} INFO - Setting next_dagrun for dag_enriquecimento_dados to None, run_after=None
[2026-07-06T16:05:06.684+0000] {processor.py:183} INFO - Processing /opt/airflow/dags/dag_enriquecimento_dados.py took 0.059 seconds
[2026-07-06T16:05:36.829+0000] {processor.py:161} INFO - Started process (PID=2278) to work on /opt/airflow/dags/dag_enriquecimento_dados.py
[2026-07-06T16:05:36.830+0000] {processor.py:830} INFO - Processing file /opt/airflow/dags/dag_enriquecimento_dados.py for tasks to queue
[2026-07-06T16:05:36.831+0000] {logging_mixin.py:188} INFO - [2026-07-06T16:05:36.831+0000] {dagbag.py:538} INFO - Filling up the DagBag from /opt/airflow/dags/dag_enriquecimento_dados.py
[2026-07-06T16:05:36.839+0000] {processor.py:840} INFO - DAG(s) 'dag_enriquecimento_dados' retrieved from /opt/airflow/dags/dag_enriquecimento_dados.py
[2026-07-06T16:05:36.858+0000] {logging_mixin.py:188} INFO - [2026-07-06T16:05:36.858+0000] {dag.py:3036} INFO - Sync 1 DAGs
[2026-07-06T16:05:36.869+0000] {logging_mixin.py:188} INFO - [2026-07-06T16:05:36.868+0000] {dag.py:3823} INFO - Setting next_dagrun for dag_enriquecimento_dados to None, run_after=None
[2026-07-06T16:05:36.883+0000] {processor.py:183} INFO - Processing /opt/airflow/dags/dag_enriquecimento_dados.py took 0.057 seconds
[2026-07-06T16:06:07.042+0000] {processor.py:161} INFO - Started process (PID=2293) to work on /opt/airflow/dags/dag_enriquecimento_dados.py
[2026-07-06T16:06:07.043+0000] {processor.py:830} INFO - Processing file /opt/airflow/dags/dag_enriquecimento_dados.py for tasks to queue
[2026-07-06T16:06:07.043+0000] {logging_mixin.py:188} INFO - [2026-07-06T16:06:07.043+0000] {dagbag.py:538} INFO - Filling up the DagBag from /opt/airflow/dags/dag_enriquecimento_dados.py
[2026-07-06T16:06:07.051+0000] {processor.py:840} INFO - DAG(s) 'dag_enriquecimento_dados' retrieved from /opt/airflow/dags/dag_enriquecimento_dados.py
[2026-07-06T16:06:07.071+0000] {logging_mixin.py:188} INFO - [2026-07-06T16:06:07.071+0000] {dag.py:3036} INFO - Sync 1 DAGs
[2026-07-06T16:06:07.082+0000] {logging_mixin.py:188} INFO - [2026-07-06T16:06:07.082+0000] {dag.py:3823} INFO - Setting next_dagrun for dag_enriquecimento_dados to None, run_after=None
[2026-07-06T16:06:07.096+0000] {processor.py:183} INFO - Processing /opt/airflow/dags/dag_enriquecimento_dados.py took 0.057 seconds
[2026-07-06T16:06:37.241+0000] {processor.py:161} INFO - Started process (PID=2308) to work on /opt/airflow/dags/dag_enriquecimento_dados.py
[2026-07-06T16:06:37.242+0000] {processor.py:830} INFO - Processing file /opt/airflow/dags/dag_enriquecimento_dados.py for tasks to queue
[2026-07-06T16:06:37.243+0000] {logging_mixin.py:188} INFO - [2026-07-06T16:06:37.243+0000] {dagbag.py:538} INFO - Filling up the DagBag from /opt/airflow/dags/dag_enriquecimento_dados.py
[2026-07-06T16:06:37.251+0000] {processor.py:840} INFO - DAG(s) 'dag_enriquecimento_dados' retrieved from /opt/airflow/dags/dag_enriquecimento_dados.py
[2026-07-06T16:06:37.272+0000] {logging_mixin.py:188} INFO - [2026-07-06T16:06:37.271+0000] {dag.py:3036} INFO - Sync 1 DAGs
[2026-07-06T16:06:37.283+0000] {logging_mixin.py:188} INFO - [2026-07-06T16:06:37.283+0000] {dag.py:3823} INFO - Setting next_dagrun for dag_enriquecimento_dados to None, run_after=None
[2026-07-06T16:06:37.296+0000] {processor.py:183} INFO - Processing /opt/airflow/dags/dag_enriquecimento_dados.py took 0.057 seconds
[2026-07-06T16:07:07.451+0000] {processor.py:161} INFO - Started process (PID=2323) to work on /opt/airflow/dags/dag_enriquecimento_dados.py
[2026-07-06T16:07:07.451+0000] {processor.py:830} INFO - Processing file /opt/airflow/dags/dag_enriquecimento_dados.py for tasks to queue
[2026-07-06T16:07:07.452+0000] {logging_mixin.py:188} INFO - [2026-07-06T16:07:07.452+0000] {dagbag.py:538} INFO - Filling up the DagBag from /opt/airflow/dags/dag_enriquecimento_dados.py
[2026-07-06T16:07:07.459+0000] {processor.py:840} INFO - DAG(s) 'dag_enriquecimento_dados' retrieved from /opt/airflow/dags/dag_enriquecimento_dados.py
[2026-07-06T16:07:07.479+0000] {logging_mixin.py:188} INFO - [2026-07-06T16:07:07.479+0000] {dag.py:3036} INFO - Sync 1 DAGs
[2026-07-06T16:07:07.489+0000] {logging_mixin.py:188} INFO - [2026-07-06T16:07:07.489+0000] {dag.py:3823} INFO - Setting next_dagrun for dag_enriquecimento_dados to None, run_after=None
[2026-07-06T16:07:07.501+0000] {processor.py:183} INFO - Processing /opt/airflow/dags/dag_enriquecimento_dados.py took 0.054 seconds
[2026-07-06T16:07:37.653+0000] {processor.py:161} INFO - Started process (PID=2338) to work on /opt/airflow/dags/dag_enriquecimento_dados.py
[2026-07-06T16:07:37.654+0000] {processor.py:830} INFO - Processing file /opt/airflow/dags/dag_enriquecimento_dados.py for tasks to queue
[2026-07-06T16:07:37.654+0000] {logging_mixin.py:188} INFO - [2026-07-06T16:07:37.654+0000] {dagbag.py:538} INFO - Filling up the DagBag from /opt/airflow/dags/dag_enriquecimento_dados.py
[2026-07-06T16:07:37.661+0000] {processor.py:840} INFO - DAG(s) 'dag_enriquecimento_dados' retrieved from /opt/airflow/dags/dag_enriquecimento_dados.py
[2026-07-06T16:07:37.681+0000] {logging_mixin.py:188} INFO - [2026-07-06T16:07:37.681+0000] {dag.py:3036} INFO - Sync 1 DAGs
[2026-07-06T16:07:37.691+0000] {logging_mixin.py:188} INFO - [2026-07-06T16:07:37.691+0000] {dag.py:3823} INFO - Setting next_dagrun for dag_enriquecimento_dados to None, run_after=None
[2026-07-06T16:07:37.706+0000] {processor.py:183} INFO - Processing /opt/airflow/dags/dag_enriquecimento_dados.py took 0.056 seconds
[2026-07-06T16:08:07.850+0000] {processor.py:161} INFO - Started process (PID=2353) to work on /opt/airflow/dags/dag_enriquecimento_dados.py
[2026-07-06T16:08:07.851+0000] {processor.py:830} INFO - Processing file /opt/airflow/dags/dag_enriquecimento_dados.py for tasks to queue
[2026-07-06T16:08:07.851+0000] {logging_mixin.py:188} INFO - [2026-07-06T16:08:07.851+0000] {dagbag.py:538} INFO - Filling up the DagBag from /opt/airflow/dags/dag_enriquecimento_dados.py
[2026-07-06T16:08:07.859+0000] {processor.py:840} INFO - DAG(s) 'dag_enriquecimento_dados' retrieved from /opt/airflow/dags/dag_enriquecimento_dados.py
[2026-07-06T16:08:07.879+0000] {logging_mixin.py:188} INFO - [2026-07-06T16:08:07.879+0000] {dag.py:3036} INFO - Sync 1 DAGs
[2026-07-06T16:08:07.890+0000] {logging_mixin.py:188} INFO - [2026-07-06T16:08:07.890+0000] {dag.py:3823} INFO - Setting next_dagrun for dag_enriquecimento_dados to None, run_after=None
[2026-07-06T16:08:07.907+0000] {processor.py:183} INFO - Processing /opt/airflow/dags/dag_enriquecimento_dados.py took 0.060 seconds
[2026-07-06T16:08:38.064+0000] {processor.py:161} INFO - Started process (PID=2368) to work on /opt/airflow/dags/dag_enriquecimento_dados.py
[2026-07-06T16:08:38.065+0000] {processor.py:830} INFO - Processing file /opt/airflow/dags/dag_enriquecimento_dados.py for tasks to queue
[2026-07-06T16:08:38.066+0000] {logging_mixin.py:188} INFO - [2026-07-06T16:08:38.065+0000] {dagbag.py:538} INFO - Filling up the DagBag from /opt/airflow/dags/dag_enriquecimento_dados.py
[2026-07-06T16:08:38.073+0000] {processor.py:840} INFO - DAG(s) 'dag_enriquecimento_dados' retrieved from /opt/airflow/dags/dag_enriquecimento_dados.py
[2026-07-06T16:08:38.093+0000] {logging_mixin.py:188} INFO - [2026-07-06T16:08:38.092+0000] {dag.py:3036} INFO - Sync 1 DAGs
[2026-07-06T16:08:38.103+0000] {logging_mixin.py:188} INFO - [2026-07-06T16:08:38.103+0000] {dag.py:3823} INFO - Setting next_dagrun for dag_enriquecimento_dados to None, run_after=None
[2026-07-06T16:08:38.119+0000] {processor.py:183} INFO - Processing /opt/airflow/dags/dag_enriquecimento_dados.py took 0.058 seconds
[2026-07-06T16:09:08.284+0000] {processor.py:161} INFO - Started process (PID=2383) to work on /opt/airflow/dags/dag_enriquecimento_dados.py
[2026-07-06T16:09:08.284+0000] {processor.py:830} INFO - Processing file /opt/airflow/dags/dag_enriquecimento_dados.py for tasks to queue
[2026-07-06T16:09:08.285+0000] {logging_mixin.py:188} INFO - [2026-07-06T16:09:08.285+0000] {dagbag.py:538} INFO - Filling up the DagBag from /opt/airflow/dags/dag_enriquecimento_dados.py
[2026-07-06T16:09:08.292+0000] {processor.py:840} INFO - DAG(s) 'dag_enriquecimento_dados' retrieved from /opt/airflow/dags/dag_enriquecimento_dados.py
[2026-07-06T16:09:08.313+0000] {logging_mixin.py:188} INFO - [2026-07-06T16:09:08.313+0000] {dag.py:3036} INFO - Sync 1 DAGs
[2026-07-06T16:09:08.324+0000] {logging_mixin.py:188} INFO - [2026-07-06T16:09:08.324+0000] {dag.py:3823} INFO - Setting next_dagrun for dag_enriquecimento_dados to None, run_after=None
[2026-07-06T16:09:08.340+0000] {processor.py:183} INFO - Processing /opt/airflow/dags/dag_enriquecimento_dados.py took 0.060 seconds
[2026-07-06T16:09:38.485+0000] {processor.py:161} INFO - Started process (PID=2398) to work on /opt/airflow/dags/dag_enriquecimento_dados.py
[2026-07-06T16:09:38.486+0000] {processor.py:830} INFO - Processing file /opt/airflow/dags/dag_enriquecimento_dados.py for tasks to queue
[2026-07-06T16:09:38.486+0000] {logging_mixin.py:188} INFO - [2026-07-06T16:09:38.486+0000] {dagbag.py:538} INFO - Filling up the DagBag from /opt/airflow/dags/dag_enriquecimento_dados.py
[2026-07-06T16:09:38.494+0000] {processor.py:840} INFO - DAG(s) 'dag_enriquecimento_dados' retrieved from /opt/airflow/dags/dag_enriquecimento_dados.py
[2026-07-06T16:09:38.516+0000] {logging_mixin.py:188} INFO - [2026-07-06T16:09:38.515+0000] {dag.py:3036} INFO - Sync 1 DAGs
[2026-07-06T16:09:38.527+0000] {logging_mixin.py:188} INFO - [2026-07-06T16:09:38.527+0000] {dag.py:3823} INFO - Setting next_dagrun for dag_enriquecimento_dados to None, run_after=None
[2026-07-06T16:09:38.543+0000] {processor.py:183} INFO - Processing /opt/airflow/dags/dag_enriquecimento_dados.py took 0.061 seconds
[2026-07-06T16:10:08.710+0000] {processor.py:161} INFO - Started process (PID=2413) to work on /opt/airflow/dags/dag_enriquecimento_dados.py
[2026-07-06T16:10:08.710+0000] {processor.py:830} INFO - Processing file /opt/airflow/dags/dag_enriquecimento_dados.py for tasks to queue
[2026-07-06T16:10:08.711+0000] {logging_mixin.py:188} INFO - [2026-07-06T16:10:08.711+0000] {dagbag.py:538} INFO - Filling up the DagBag from /opt/airflow/dags/dag_enriquecimento_dados.py
[2026-07-06T16:10:08.718+0000] {processor.py:840} INFO - DAG(s) 'dag_enriquecimento_dados' retrieved from /opt/airflow/dags/dag_enriquecimento_dados.py
[2026-07-06T16:10:08.739+0000] {logging_mixin.py:188} INFO - [2026-07-06T16:10:08.738+0000] {dag.py:3036} INFO - Sync 1 DAGs
[2026-07-06T16:10:08.749+0000] {logging_mixin.py:188} INFO - [2026-07-06T16:10:08.749+0000] {dag.py:3823} INFO - Setting next_dagrun for dag_enriquecimento_dados to None, run_after=None
[2026-07-06T16:10:08.765+0000] {processor.py:183} INFO - Processing /opt/airflow/dags/dag_enriquecimento_dados.py took 0.058 seconds
[2026-07-06T16:10:38.912+0000] {processor.py:161} INFO - Started process (PID=2428) to work on /opt/airflow/dags/dag_enriquecimento_dados.py
[2026-07-06T16:10:38.913+0000] {processor.py:830} INFO - Processing file /opt/airflow/dags/dag_enriquecimento_dados.py for tasks to queue
[2026-07-06T16:10:38.914+0000] {logging_mixin.py:188} INFO - [2026-07-06T16:10:38.913+0000] {dagbag.py:538} INFO - Filling up the DagBag from /opt/airflow/dags/dag_enriquecimento_dados.py
[2026-07-06T16:10:38.921+0000] {processor.py:840} INFO - DAG(s) 'dag_enriquecimento_dados' retrieved from /opt/airflow/dags/dag_enriquecimento_dados.py
[2026-07-06T16:10:38.941+0000] {logging_mixin.py:188} INFO - [2026-07-06T16:10:38.941+0000] {dag.py:3036} INFO - Sync 1 DAGs
[2026-07-06T16:10:38.952+0000] {logging_mixin.py:188} INFO - [2026-07-06T16:10:38.952+0000] {dag.py:3823} INFO - Setting next_dagrun for dag_enriquecimento_dados to None, run_after=None
[2026-07-06T16:10:38.971+0000] {processor.py:183} INFO - Processing /opt/airflow/dags/dag_enriquecimento_dados.py took 0.061 seconds
[2026-07-06T16:11:09.128+0000] {processor.py:161} INFO - Started process (PID=2443) to work on /opt/airflow/dags/dag_enriquecimento_dados.py
[2026-07-06T16:11:09.128+0000] {processor.py:830} INFO - Processing file /opt/airflow/dags/dag_enriquecimento_dados.py for tasks to queue
[2026-07-06T16:11:09.129+0000] {logging_mixin.py:188} INFO - [2026-07-06T16:11:09.129+0000] {dagbag.py:538} INFO - Filling up the DagBag from /opt/airflow/dags/dag_enriquecimento_dados.py
[2026-07-06T16:11:09.137+0000] {processor.py:840} INFO - DAG(s) 'dag_enriquecimento_dados' retrieved from /opt/airflow/dags/dag_enriquecimento_dados.py
[2026-07-06T16:11:09.160+0000] {logging_mixin.py:188} INFO - [2026-07-06T16:11:09.160+0000] {dag.py:3036} INFO - Sync 1 DAGs
[2026-07-06T16:11:09.172+0000] {logging_mixin.py:188} INFO - [2026-07-06T16:11:09.172+0000] {dag.py:3823} INFO - Setting next_dagrun for dag_enriquecimento_dados to None, run_after=None
[2026-07-06T16:11:09.190+0000] {processor.py:183} INFO - Processing /opt/airflow/dags/dag_enriquecimento_dados.py took 0.065 seconds
[2026-07-06T16:11:39.334+0000] {processor.py:161} INFO - Started process (PID=2458) to work on /opt/airflow/dags/dag_enriquecimento_dados.py
[2026-07-06T16:11:39.335+0000] {processor.py:830} INFO - Processing file /opt/airflow/dags/dag_enriquecimento_dados.py for tasks to queue
[2026-07-06T16:11:39.336+0000] {logging_mixin.py:188} INFO - [2026-07-06T16:11:39.335+0000] {dagbag.py:538} INFO - Filling up the DagBag from /opt/airflow/dags/dag_enriquecimento_dados.py
[2026-07-06T16:11:39.343+0000] {processor.py:840} INFO - DAG(s) 'dag_enriquecimento_dados' retrieved from /opt/airflow/dags/dag_enriquecimento_dados.py
[2026-07-06T16:11:39.363+0000] {logging_mixin.py:188} INFO - [2026-07-06T16:11:39.363+0000] {dag.py:3036} INFO - Sync 1 DAGs
[2026-07-06T16:11:39.374+0000] {logging_mixin.py:188} INFO - [2026-07-06T16:11:39.374+0000] {dag.py:3823} INFO - Setting next_dagrun for dag_enriquecimento_dados to None, run_after=None
[2026-07-06T16:11:39.391+0000] {processor.py:183} INFO - Processing /opt/airflow/dags/dag_enriquecimento_dados.py took 0.059 seconds
[2026-07-06T16:12:09.553+0000] {processor.py:161} INFO - Started process (PID=2473) to work on /opt/airflow/dags/dag_enriquecimento_dados.py
[2026-07-06T16:12:09.553+0000] {processor.py:830} INFO - Processing file /opt/airflow/dags/dag_enriquecimento_dados.py for tasks to queue
[2026-07-06T16:12:09.554+0000] {logging_mixin.py:188} INFO - [2026-07-06T16:12:09.554+0000] {dagbag.py:538} INFO - Filling up the DagBag from /opt/airflow/dags/dag_enriquecimento_dados.py
[2026-07-06T16:12:09.561+0000] {processor.py:840} INFO - DAG(s) 'dag_enriquecimento_dados' retrieved from /opt/airflow/dags/dag_enriquecimento_dados.py
[2026-07-06T16:12:09.581+0000] {logging_mixin.py:188} INFO - [2026-07-06T16:12:09.581+0000] {dag.py:3036} INFO - Sync 1 DAGs
[2026-07-06T16:12:09.591+0000] {logging_mixin.py:188} INFO - [2026-07-06T16:12:09.591+0000] {dag.py:3823} INFO - Setting next_dagrun for dag_enriquecimento_dados to None, run_after=None
[2026-07-06T16:12:09.606+0000] {processor.py:183} INFO - Processing /opt/airflow/dags/dag_enriquecimento_dados.py took 0.056 seconds
[2026-07-06T16:12:39.759+0000] {processor.py:161} INFO - Started process (PID=2488) to work on /opt/airflow/dags/dag_enriquecimento_dados.py
[2026-07-06T16:12:39.760+0000] {processor.py:830} INFO - Processing file /opt/airflow/dags/dag_enriquecimento_dados.py for tasks to queue
[2026-07-06T16:12:39.760+0000] {logging_mixin.py:188} INFO - [2026-07-06T16:12:39.760+0000] {dagbag.py:538} INFO - Filling up the DagBag from /opt/airflow/dags/dag_enriquecimento_dados.py
[2026-07-06T16:12:39.768+0000] {processor.py:840} INFO - DAG(s) 'dag_enriquecimento_dados' retrieved from /opt/airflow/dags/dag_enriquecimento_dados.py
[2026-07-06T16:12:39.788+0000] {logging_mixin.py:188} INFO - [2026-07-06T16:12:39.788+0000] {dag.py:3036} INFO - Sync 1 DAGs
[2026-07-06T16:12:39.798+0000] {logging_mixin.py:188} INFO - [2026-07-06T16:12:39.798+0000] {dag.py:3823} INFO - Setting next_dagrun for dag_enriquecimento_dados to None, run_after=None
[2026-07-06T16:12:39.814+0000] {processor.py:183} INFO - Processing /opt/airflow/dags/dag_enriquecimento_dados.py took 0.058 seconds
[2026-07-06T16:13:09.979+0000] {processor.py:161} INFO - Started process (PID=2503) to work on /opt/airflow/dags/dag_enriquecimento_dados.py
[2026-07-06T16:13:09.979+0000] {processor.py:830} INFO - Processing file /opt/airflow/dags/dag_enriquecimento_dados.py for tasks to queue
[2026-07-06T16:13:09.980+0000] {logging_mixin.py:188} INFO - [2026-07-06T16:13:09.980+0000] {dagbag.py:538} INFO - Filling up the DagBag from /opt/airflow/dags/dag_enriquecimento_dados.py
[2026-07-06T16:13:09.987+0000] {processor.py:840} INFO - DAG(s) 'dag_enriquecimento_dados' retrieved from /opt/airflow/dags/dag_enriquecimento_dados.py
[2026-07-06T16:13:10.008+0000] {logging_mixin.py:188} INFO - [2026-07-06T16:13:10.008+0000] {dag.py:3036} INFO - Sync 1 DAGs
[2026-07-06T16:13:10.019+0000] {logging_mixin.py:188} INFO - [2026-07-06T16:13:10.019+0000] {dag.py:3823} INFO - Setting next_dagrun for dag_enriquecimento_dados to None, run_after=None
[2026-07-06T16:13:10.035+0000] {processor.py:183} INFO - Processing /opt/airflow/dags/dag_enriquecimento_dados.py took 0.059 seconds
[2026-07-06T16:13:40.182+0000] {processor.py:161} INFO - Started process (PID=2518) to work on /opt/airflow/dags/dag_enriquecimento_dados.py
[2026-07-06T16:13:40.183+0000] {processor.py:830} INFO - Processing file /opt/airflow/dags/dag_enriquecimento_dados.py for tasks to queue
[2026-07-06T16:13:40.183+0000] {logging_mixin.py:188} INFO - [2026-07-06T16:13:40.183+0000] {dagbag.py:538} INFO - Filling up the DagBag from /opt/airflow/dags/dag_enriquecimento_dados.py
[2026-07-06T16:13:40.190+0000] {processor.py:840} INFO - DAG(s) 'dag_enriquecimento_dados' retrieved from /opt/airflow/dags/dag_enriquecimento_dados.py
[2026-07-06T16:13:40.209+0000] {logging_mixin.py:188} INFO - [2026-07-06T16:13:40.208+0000] {dag.py:3036} INFO - Sync 1 DAGs
[2026-07-06T16:13:40.219+0000] {logging_mixin.py:188} INFO - [2026-07-06T16:13:40.219+0000] {dag.py:3823} INFO - Setting next_dagrun for dag_enriquecimento_dados to None, run_after=None
[2026-07-06T16:13:40.236+0000] {processor.py:183} INFO - Processing /opt/airflow/dags/dag_enriquecimento_dados.py took 0.056 seconds
[2026-07-06T16:14:10.411+0000] {processor.py:161} INFO - Started process (PID=2533) to work on /opt/airflow/dags/dag_enriquecimento_dados.py
[2026-07-06T16:14:10.411+0000] {processor.py:830} INFO - Processing file /opt/airflow/dags/dag_enriquecimento_dados.py for tasks to queue
[2026-07-06T16:14:10.412+0000] {logging_mixin.py:188} INFO - [2026-07-06T16:14:10.412+0000] {dagbag.py:538} INFO - Filling up the DagBag from /opt/airflow/dags/dag_enriquecimento_dados.py
[2026-07-06T16:14:10.419+0000] {processor.py:840} INFO - DAG(s) 'dag_enriquecimento_dados' retrieved from /opt/airflow/dags/dag_enriquecimento_dados.py
[2026-07-06T16:14:10.441+0000] {logging_mixin.py:188} INFO - [2026-07-06T16:14:10.441+0000] {dag.py:3036} INFO - Sync 1 DAGs
[2026-07-06T16:14:10.453+0000] {logging_mixin.py:188} INFO - [2026-07-06T16:14:10.453+0000] {dag.py:3823} INFO - Setting next_dagrun for dag_enriquecimento_dados to None, run_after=None
[2026-07-06T16:14:10.471+0000] {processor.py:183} INFO - Processing /opt/airflow/dags/dag_enriquecimento_dados.py took 0.063 seconds
[2026-07-06T16:14:40.607+0000] {processor.py:161} INFO - Started process (PID=2548) to work on /opt/airflow/dags/dag_enriquecimento_dados.py
[2026-07-06T16:14:40.608+0000] {processor.py:830} INFO - Processing file /opt/airflow/dags/dag_enriquecimento_dados.py for tasks to queue
[2026-07-06T16:14:40.609+0000] {logging_mixin.py:188} INFO - [2026-07-06T16:14:40.608+0000] {dagbag.py:538} INFO - Filling up the DagBag from /opt/airflow/dags/dag_enriquecimento_dados.py
[2026-07-06T16:14:40.615+0000] {processor.py:840} INFO - DAG(s) 'dag_enriquecimento_dados' retrieved from /opt/airflow/dags/dag_enriquecimento_dados.py
[2026-07-06T16:14:40.635+0000] {logging_mixin.py:188} INFO - [2026-07-06T16:14:40.635+0000] {dag.py:3036} INFO - Sync 1 DAGs
[2026-07-06T16:14:40.645+0000] {logging_mixin.py:188} INFO - [2026-07-06T16:14:40.645+0000] {dag.py:3823} INFO - Setting next_dagrun for dag_enriquecimento_dados to None, run_after=None
[2026-07-06T16:14:40.661+0000] {processor.py:183} INFO - Processing /opt/airflow/dags/dag_enriquecimento_dados.py took 0.056 seconds
[2026-07-06T16:15:10.833+0000] {processor.py:161} INFO - Started process (PID=2563) to work on /opt/airflow/dags/dag_enriquecimento_dados.py
[2026-07-06T16:15:10.834+0000] {processor.py:830} INFO - Processing file /opt/airflow/dags/dag_enriquecimento_dados.py for tasks to queue
[2026-07-06T16:15:10.834+0000] {logging_mixin.py:188} INFO - [2026-07-06T16:15:10.834+0000] {dagbag.py:538} INFO - Filling up the DagBag from /opt/airflow/dags/dag_enriquecimento_dados.py
[2026-07-06T16:15:10.842+0000] {processor.py:840} INFO - DAG(s) 'dag_enriquecimento_dados' retrieved from /opt/airflow/dags/dag_enriquecimento_dados.py
[2026-07-06T16:15:10.863+0000] {logging_mixin.py:188} INFO - [2026-07-06T16:15:10.862+0000] {dag.py:3036} INFO - Sync 1 DAGs
[2026-07-06T16:15:10.873+0000] {logging_mixin.py:188} INFO - [2026-07-06T16:15:10.873+0000] {dag.py:3823} INFO - Setting next_dagrun for dag_enriquecimento_dados to None, run_after=None
[2026-07-06T16:15:10.890+0000] {processor.py:183} INFO - Processing /opt/airflow/dags/dag_enriquecimento_dados.py took 0.060 seconds
[2026-07-06T16:15:41.025+0000] {processor.py:161} INFO - Started process (PID=2578) to work on /opt/airflow/dags/dag_enriquecimento_dados.py
[2026-07-06T16:15:41.026+0000] {processor.py:830} INFO - Processing file /opt/airflow/dags/dag_enriquecimento_dados.py for tasks to queue
[2026-07-06T16:15:41.027+0000] {logging_mixin.py:188} INFO - [2026-07-06T16:15:41.026+0000] {dagbag.py:538} INFO - Filling up the DagBag from /opt/airflow/dags/dag_enriquecimento_dados.py
[2026-07-06T16:15:41.033+0000] {processor.py:840} INFO - DAG(s) 'dag_enriquecimento_dados' retrieved from /opt/airflow/dags/dag_enriquecimento_dados.py
[2026-07-06T16:15:41.053+0000] {logging_mixin.py:188} INFO - [2026-07-06T16:15:41.053+0000] {dag.py:3036} INFO - Sync 1 DAGs
[2026-07-06T16:15:41.064+0000] {logging_mixin.py:188} INFO - [2026-07-06T16:15:41.064+0000] {dag.py:3823} INFO - Setting next_dagrun for dag_enriquecimento_dados to None, run_after=None
[2026-07-06T16:15:41.081+0000] {processor.py:183} INFO - Processing /opt/airflow/dags/dag_enriquecimento_dados.py took 0.058 seconds
[2026-07-06T16:16:11.247+0000] {processor.py:161} INFO - Started process (PID=2593) to work on /opt/airflow/dags/dag_enriquecimento_dados.py
[2026-07-06T16:16:11.247+0000] {processor.py:830} INFO - Processing file /opt/airflow/dags/dag_enriquecimento_dados.py for tasks to queue
[2026-07-06T16:16:11.248+0000] {logging_mixin.py:188} INFO - [2026-07-06T16:16:11.248+0000] {dagbag.py:538} INFO - Filling up the DagBag from /opt/airflow/dags/dag_enriquecimento_dados.py
[2026-07-06T16:16:11.256+0000] {processor.py:840} INFO - DAG(s) 'dag_enriquecimento_dados' retrieved from /opt/airflow/dags/dag_enriquecimento_dados.py
[2026-07-06T16:16:11.277+0000] {logging_mixin.py:188} INFO - [2026-07-06T16:16:11.276+0000] {dag.py:3036} INFO - Sync 1 DAGs
[2026-07-06T16:16:11.287+0000] {logging_mixin.py:188} INFO - [2026-07-06T16:16:11.287+0000] {dag.py:3823} INFO - Setting next_dagrun for dag_enriquecimento_dados to None, run_after=None
[2026-07-06T16:16:11.304+0000] {processor.py:183} INFO - Processing /opt/airflow/dags/dag_enriquecimento_dados.py took 0.061 seconds
[2026-07-06T16:16:41.441+0000] {processor.py:161} INFO - Started process (PID=2608) to work on /opt/airflow/dags/dag_enriquecimento_dados.py
[2026-07-06T16:16:41.442+0000] {processor.py:830} INFO - Processing file /opt/airflow/dags/dag_enriquecimento_dados.py for tasks to queue
[2026-07-06T16:16:41.443+0000] {logging_mixin.py:188} INFO - [2026-07-06T16:16:41.442+0000] {dagbag.py:538} INFO - Filling up the DagBag from /opt/airflow/dags/dag_enriquecimento_dados.py
[2026-07-06T16:16:41.450+0000] {processor.py:840} INFO - DAG(s) 'dag_enriquecimento_dados' retrieved from /opt/airflow/dags/dag_enriquecimento_dados.py
[2026-07-06T16:16:41.470+0000] {logging_mixin.py:188} INFO - [2026-07-06T16:16:41.470+0000] {dag.py:3036} INFO - Sync 1 DAGs
[2026-07-06T16:16:41.481+0000] {logging_mixin.py:188} INFO - [2026-07-06T16:16:41.481+0000] {dag.py:3823} INFO - Setting next_dagrun for dag_enriquecimento_dados to None, run_after=None
[2026-07-06T16:16:41.498+0000] {processor.py:183} INFO - Processing /opt/airflow/dags/dag_enriquecimento_dados.py took 0.060 seconds
[2026-07-06T16:17:11.662+0000] {processor.py:161} INFO - Started process (PID=2623) to work on /opt/airflow/dags/dag_enriquecimento_dados.py
[2026-07-06T16:17:11.662+0000] {processor.py:830} INFO - Processing file /opt/airflow/dags/dag_enriquecimento_dados.py for tasks to queue
[2026-07-06T16:17:11.663+0000] {logging_mixin.py:188} INFO - [2026-07-06T16:17:11.663+0000] {dagbag.py:538} INFO - Filling up the DagBag from /opt/airflow/dags/dag_enriquecimento_dados.py
[2026-07-06T16:17:11.670+0000] {processor.py:840} INFO - DAG(s) 'dag_enriquecimento_dados' retrieved from /opt/airflow/dags/dag_enriquecimento_dados.py
[2026-07-06T16:17:11.691+0000] {logging_mixin.py:188} INFO - [2026-07-06T16:17:11.691+0000] {dag.py:3036} INFO - Sync 1 DAGs
[2026-07-06T16:17:11.702+0000] {logging_mixin.py:188} INFO - [2026-07-06T16:17:11.702+0000] {dag.py:3823} INFO - Setting next_dagrun for dag_enriquecimento_dados to None, run_after=None
[2026-07-06T16:17:11.719+0000] {processor.py:183} INFO - Processing /opt/airflow/dags/dag_enriquecimento_dados.py took 0.060 seconds
[2026-07-06T16:17:41.871+0000] {processor.py:161} INFO - Started process (PID=2638) to work on /opt/airflow/dags/dag_enriquecimento_dados.py
[2026-07-06T16:17:41.872+0000] {processor.py:830} INFO - Processing file /opt/airflow/dags/dag_enriquecimento_dados.py for tasks to queue
[2026-07-06T16:17:41.873+0000] {logging_mixin.py:188} INFO - [2026-07-06T16:17:41.872+0000] {dagbag.py:538} INFO - Filling up the DagBag from /opt/airflow/dags/dag_enriquecimento_dados.py
[2026-07-06T16:17:41.881+0000] {processor.py:840} INFO - DAG(s) 'dag_enriquecimento_dados' retrieved from /opt/airflow/dags/dag_enriquecimento_dados.py
[2026-07-06T16:17:41.904+0000] {logging_mixin.py:188} INFO - [2026-07-06T16:17:41.904+0000] {dag.py:3036} INFO - Sync 1 DAGs
[2026-07-06T16:17:41.916+0000] {logging_mixin.py:188} INFO - [2026-07-06T16:17:41.916+0000] {dag.py:3823} INFO - Setting next_dagrun for dag_enriquecimento_dados to None, run_after=None
[2026-07-06T16:17:41.935+0000] {processor.py:183} INFO - Processing /opt/airflow/dags/dag_enriquecimento_dados.py took 0.067 seconds
[2026-07-06T16:18:12.122+0000] {processor.py:161} INFO - Started process (PID=2653) to work on /opt/airflow/dags/dag_enriquecimento_dados.py
[2026-07-06T16:18:12.123+0000] {processor.py:830} INFO - Processing file /opt/airflow/dags/dag_enriquecimento_dados.py for tasks to queue
[2026-07-06T16:18:12.123+0000] {logging_mixin.py:188} INFO - [2026-07-06T16:18:12.123+0000] {dagbag.py:538} INFO - Filling up the DagBag from /opt/airflow/dags/dag_enriquecimento_dados.py
[2026-07-06T16:18:12.132+0000] {processor.py:840} INFO - DAG(s) 'dag_enriquecimento_dados' retrieved from /opt/airflow/dags/dag_enriquecimento_dados.py
[2026-07-06T16:18:12.154+0000] {logging_mixin.py:188} INFO - [2026-07-06T16:18:12.154+0000] {dag.py:3036} INFO - Sync 1 DAGs
[2026-07-06T16:18:12.166+0000] {logging_mixin.py:188} INFO - [2026-07-06T16:18:12.166+0000] {dag.py:3823} INFO - Setting next_dagrun for dag_enriquecimento_dados to None, run_after=None
[2026-07-06T16:18:12.186+0000] {processor.py:183} INFO - Processing /opt/airflow/dags/dag_enriquecimento_dados.py took 0.067 seconds
[2026-07-06T16:18:42.335+0000] {processor.py:161} INFO - Started process (PID=2668) to work on /opt/airflow/dags/dag_enriquecimento_dados.py
[2026-07-06T16:18:42.336+0000] {processor.py:830} INFO - Processing file /opt/airflow/dags/dag_enriquecimento_dados.py for tasks to queue
[2026-07-06T16:18:42.336+0000] {logging_mixin.py:188} INFO - [2026-07-06T16:18:42.336+0000] {dagbag.py:538} INFO - Filling up the DagBag from /opt/airflow/dags/dag_enriquecimento_dados.py
[2026-07-06T16:18:42.344+0000] {processor.py:840} INFO - DAG(s) 'dag_enriquecimento_dados' retrieved from /opt/airflow/dags/dag_enriquecimento_dados.py
[2026-07-06T16:18:42.364+0000] {logging_mixin.py:188} INFO - [2026-07-06T16:18:42.364+0000] {dag.py:3036} INFO - Sync 1 DAGs
[2026-07-06T16:18:42.375+0000] {logging_mixin.py:188} INFO - [2026-07-06T16:18:42.374+0000] {dag.py:3823} INFO - Setting next_dagrun for dag_enriquecimento_dados to None, run_after=None
[2026-07-06T16:18:42.391+0000] {processor.py:183} INFO - Processing /opt/airflow/dags/dag_enriquecimento_dados.py took 0.060 seconds
[2026-07-06T16:19:12.579+0000] {processor.py:161} INFO - Started process (PID=2683) to work on /opt/airflow/dags/dag_enriquecimento_dados.py
[2026-07-06T16:19:12.580+0000] {processor.py:830} INFO - Processing file /opt/airflow/dags/dag_enriquecimento_dados.py for tasks to queue
[2026-07-06T16:19:12.581+0000] {logging_mixin.py:188} INFO - [2026-07-06T16:19:12.580+0000] {dagbag.py:538} INFO - Filling up the DagBag from /opt/airflow/dags/dag_enriquecimento_dados.py
[2026-07-06T16:19:12.588+0000] {processor.py:840} INFO - DAG(s) 'dag_enriquecimento_dados' retrieved from /opt/airflow/dags/dag_enriquecimento_dados.py
[2026-07-06T16:19:12.609+0000] {logging_mixin.py:188} INFO - [2026-07-06T16:19:12.608+0000] {dag.py:3036} INFO - Sync 1 DAGs
[2026-07-06T16:19:12.620+0000] {logging_mixin.py:188} INFO - [2026-07-06T16:19:12.619+0000] {dag.py:3823} INFO - Setting next_dagrun for dag_enriquecimento_dados to None, run_after=None
[2026-07-06T16:19:12.637+0000] {processor.py:183} INFO - Processing /opt/airflow/dags/dag_enriquecimento_dados.py took 0.061 seconds
[2026-07-06T16:19:42.787+0000] {processor.py:161} INFO - Started process (PID=2698) to work on /opt/airflow/dags/dag_enriquecimento_dados.py
[2026-07-06T16:19:42.787+0000] {processor.py:830} INFO - Processing file /opt/airflow/dags/dag_enriquecimento_dados.py for tasks to queue
[2026-07-06T16:19:42.788+0000] {logging_mixin.py:188} INFO - [2026-07-06T16:19:42.788+0000] {dagbag.py:538} INFO - Filling up the DagBag from /opt/airflow/dags/dag_enriquecimento_dados.py
[2026-07-06T16:19:42.795+0000] {processor.py:840} INFO - DAG(s) 'dag_enriquecimento_dados' retrieved from /opt/airflow/dags/dag_enriquecimento_dados.py
[2026-07-06T16:19:42.815+0000] {logging_mixin.py:188} INFO - [2026-07-06T16:19:42.815+0000] {dag.py:3036} INFO - Sync 1 DAGs
[2026-07-06T16:19:42.826+0000] {logging_mixin.py:188} INFO - [2026-07-06T16:19:42.826+0000] {dag.py:3823} INFO - Setting next_dagrun for dag_enriquecimento_dados to None, run_after=None
[2026-07-06T16:19:42.844+0000] {processor.py:183} INFO - Processing /opt/airflow/dags/dag_enriquecimento_dados.py took 0.060 seconds
[2026-07-06T16:20:13.018+0000] {processor.py:161} INFO - Started process (PID=2713) to work on /opt/airflow/dags/dag_enriquecimento_dados.py
[2026-07-06T16:20:13.019+0000] {processor.py:830} INFO - Processing file /opt/airflow/dags/dag_enriquecimento_dados.py for tasks to queue
[2026-07-06T16:20:13.019+0000] {logging_mixin.py:188} INFO - [2026-07-06T16:20:13.019+0000] {dagbag.py:538} INFO - Filling up the DagBag from /opt/airflow/dags/dag_enriquecimento_dados.py
[2026-07-06T16:20:13.027+0000] {processor.py:840} INFO - DAG(s) 'dag_enriquecimento_dados' retrieved from /opt/airflow/dags/dag_enriquecimento_dados.py
[2026-07-06T16:20:13.050+0000] {logging_mixin.py:188} INFO - [2026-07-06T16:20:13.049+0000] {dag.py:3036} INFO - Sync 1 DAGs
[2026-07-06T16:20:13.062+0000] {logging_mixin.py:188} INFO - [2026-07-06T16:20:13.061+0000] {dag.py:3823} INFO - Setting next_dagrun for dag_enriquecimento_dados to None, run_after=None
[2026-07-06T16:20:13.082+0000] {processor.py:183} INFO - Processing /opt/airflow/dags/dag_enriquecimento_dados.py took 0.067 seconds
[2026-07-06T16:20:43.237+0000] {processor.py:161} INFO - Started process (PID=2728) to work on /opt/airflow/dags/dag_enriquecimento_dados.py
[2026-07-06T16:20:43.238+0000] {processor.py:830} INFO - Processing file /opt/airflow/dags/dag_enriquecimento_dados.py for tasks to queue
[2026-07-06T16:20:43.239+0000] {logging_mixin.py:188} INFO - [2026-07-06T16:20:43.239+0000] {dagbag.py:538} INFO - Filling up the DagBag from /opt/airflow/dags/dag_enriquecimento_dados.py
[2026-07-06T16:20:43.246+0000] {processor.py:840} INFO - DAG(s) 'dag_enriquecimento_dados' retrieved from /opt/airflow/dags/dag_enriquecimento_dados.py
[2026-07-06T16:20:43.266+0000] {logging_mixin.py:188} INFO - [2026-07-06T16:20:43.266+0000] {dag.py:3036} INFO - Sync 1 DAGs
[2026-07-06T16:20:43.277+0000] {logging_mixin.py:188} INFO - [2026-07-06T16:20:43.277+0000] {dag.py:3823} INFO - Setting next_dagrun for dag_enriquecimento_dados to None, run_after=None
[2026-07-06T16:20:43.292+0000] {processor.py:183} INFO - Processing /opt/airflow/dags/dag_enriquecimento_dados.py took 0.057 seconds
[2026-07-06T16:21:13.463+0000] {processor.py:161} INFO - Started process (PID=2743) to work on /opt/airflow/dags/dag_enriquecimento_dados.py
[2026-07-06T16:21:13.464+0000] {processor.py:830} INFO - Processing file /opt/airflow/dags/dag_enriquecimento_dados.py for tasks to queue
[2026-07-06T16:21:13.465+0000] {logging_mixin.py:188} INFO - [2026-07-06T16:21:13.464+0000] {dagbag.py:538} INFO - Filling up the DagBag from /opt/airflow/dags/dag_enriquecimento_dados.py
[2026-07-06T16:21:13.472+0000] {processor.py:840} INFO - DAG(s) 'dag_enriquecimento_dados' retrieved from /opt/airflow/dags/dag_enriquecimento_dados.py
[2026-07-06T16:21:13.492+0000] {logging_mixin.py:188} INFO - [2026-07-06T16:21:13.492+0000] {dag.py:3036} INFO - Sync 1 DAGs
[2026-07-06T16:21:13.503+0000] {logging_mixin.py:188} INFO - [2026-07-06T16:21:13.503+0000] {dag.py:3823} INFO - Setting next_dagrun for dag_enriquecimento_dados to None, run_after=None
[2026-07-06T16:21:13.520+0000] {processor.py:183} INFO - Processing /opt/airflow/dags/dag_enriquecimento_dados.py took 0.059 seconds
[2026-07-06T16:21:19.560+0000] {processor.py:161} INFO - Started process (PID=2753) to work on /opt/airflow/dags/dag_enriquecimento_dados.py
[2026-07-06T16:21:19.561+0000] {processor.py:830} INFO - Processing file /opt/airflow/dags/dag_enriquecimento_dados.py for tasks to queue
[2026-07-06T16:21:19.562+0000] {logging_mixin.py:188} INFO - [2026-07-06T16:21:19.561+0000] {dagbag.py:538} INFO - Filling up the DagBag from /opt/airflow/dags/dag_enriquecimento_dados.py
[2026-07-06T16:21:19.571+0000] {processor.py:840} INFO - DAG(s) 'dag_enriquecimento_dados' retrieved from /opt/airflow/dags/dag_enriquecimento_dados.py
[2026-07-06T16:21:19.593+0000] {logging_mixin.py:188} INFO - [2026-07-06T16:21:19.593+0000] {dag.py:3036} INFO - Sync 1 DAGs
[2026-07-06T16:21:19.604+0000] {logging_mixin.py:188} INFO - [2026-07-06T16:21:19.604+0000] {dag.py:3823} INFO - Setting next_dagrun for dag_enriquecimento_dados to None, run_after=None
[2026-07-06T16:21:19.621+0000] {processor.py:183} INFO - Processing /opt/airflow/dags/dag_enriquecimento_dados.py took 0.064 seconds
[2026-07-06T16:21:49.749+0000] {processor.py:161} INFO - Started process (PID=2768) to work on /opt/airflow/dags/dag_enriquecimento_dados.py
[2026-07-06T16:21:49.750+0000] {processor.py:830} INFO - Processing file /opt/airflow/dags/dag_enriquecimento_dados.py for tasks to queue
[2026-07-06T16:21:49.750+0000] {logging_mixin.py:188} INFO - [2026-07-06T16:21:49.750+0000] {dagbag.py:538} INFO - Filling up the DagBag from /opt/airflow/dags/dag_enriquecimento_dados.py
[2026-07-06T16:21:49.758+0000] {processor.py:840} INFO - DAG(s) 'dag_enriquecimento_dados' retrieved from /opt/airflow/dags/dag_enriquecimento_dados.py
[2026-07-06T16:21:49.779+0000] {logging_mixin.py:188} INFO - [2026-07-06T16:21:49.778+0000] {dag.py:3036} INFO - Sync 1 DAGs
[2026-07-06T16:21:49.789+0000] {logging_mixin.py:188} INFO - [2026-07-06T16:21:49.789+0000] {dag.py:3823} INFO - Setting next_dagrun for dag_enriquecimento_dados to None, run_after=None
[2026-07-06T16:21:49.806+0000] {processor.py:183} INFO - Processing /opt/airflow/dags/dag_enriquecimento_dados.py took 0.059 seconds
[2026-07-06T16:22:20.011+0000] {processor.py:161} INFO - Started process (PID=2783) to work on /opt/airflow/dags/dag_enriquecimento_dados.py
[2026-07-06T16:22:20.012+0000] {processor.py:830} INFO - Processing file /opt/airflow/dags/dag_enriquecimento_dados.py for tasks to queue
[2026-07-06T16:22:20.012+0000] {logging_mixin.py:188} INFO - [2026-07-06T16:22:20.012+0000] {dagbag.py:538} INFO - Filling up the DagBag from /opt/airflow/dags/dag_enriquecimento_dados.py
[2026-07-06T16:22:20.020+0000] {processor.py:840} INFO - DAG(s) 'dag_enriquecimento_dados' retrieved from /opt/airflow/dags/dag_enriquecimento_dados.py
[2026-07-06T16:22:20.039+0000] {logging_mixin.py:188} INFO - [2026-07-06T16:22:20.038+0000] {dag.py:3036} INFO - Sync 1 DAGs
[2026-07-06T16:22:20.049+0000] {logging_mixin.py:188} INFO - [2026-07-06T16:22:20.049+0000] {dag.py:3823} INFO - Setting next_dagrun for dag_enriquecimento_dados to None, run_after=None
[2026-07-06T16:22:20.065+0000] {processor.py:183} INFO - Processing /opt/airflow/dags/dag_enriquecimento_dados.py took 0.057 seconds
[2026-07-06T16:30:37.731+0000] {processor.py:161} INFO - Started process (PID=171) to work on /opt/airflow/dags/dag_enriquecimento_dados.py
[2026-07-06T16:30:37.732+0000] {processor.py:830} INFO - Processing file /opt/airflow/dags/dag_enriquecimento_dados.py for tasks to queue
[2026-07-06T16:30:37.733+0000] {logging_mixin.py:188} INFO - [2026-07-06T16:30:37.732+0000] {dagbag.py:538} INFO - Filling up the DagBag from /opt/airflow/dags/dag_enriquecimento_dados.py
[2026-07-06T16:30:37.743+0000] {processor.py:840} INFO - DAG(s) 'dag_enriquecimento_dados' retrieved from /opt/airflow/dags/dag_enriquecimento_dados.py
[2026-07-06T16:30:37.782+0000] {logging_mixin.py:188} INFO - [2026-07-06T16:30:37.781+0000] {dag.py:3036} INFO - Sync 1 DAGs
[2026-07-06T16:30:37.793+0000] {logging_mixin.py:188} INFO - [2026-07-06T16:30:37.793+0000] {dag.py:3823} INFO - Setting next_dagrun for dag_enriquecimento_dados to None, run_after=None
[2026-07-06T16:30:37.812+0000] {processor.py:183} INFO - Processing /opt/airflow/dags/dag_enriquecimento_dados.py took 0.083 seconds
[2026-07-06T16:31:07.963+0000] {processor.py:161} INFO - Started process (PID=187) to work on /opt/airflow/dags/dag_enriquecimento_dados.py
[2026-07-06T16:31:07.963+0000] {processor.py:830} INFO - Processing file /opt/airflow/dags/dag_enriquecimento_dados.py for tasks to queue
[2026-07-06T16:31:07.964+0000] {logging_mixin.py:188} INFO - [2026-07-06T16:31:07.964+0000] {dagbag.py:538} INFO - Filling up the DagBag from /opt/airflow/dags/dag_enriquecimento_dados.py
[2026-07-06T16:31:07.972+0000] {processor.py:840} INFO - DAG(s) 'dag_enriquecimento_dados' retrieved from /opt/airflow/dags/dag_enriquecimento_dados.py
[2026-07-06T16:31:07.993+0000] {logging_mixin.py:188} INFO - [2026-07-06T16:31:07.992+0000] {dag.py:3036} INFO - Sync 1 DAGs
[2026-07-06T16:31:08.004+0000] {logging_mixin.py:188} INFO - [2026-07-06T16:31:08.004+0000] {dag.py:3823} INFO - Setting next_dagrun for dag_enriquecimento_dados to None, run_after=None
[2026-07-06T16:31:08.034+0000] {processor.py:183} INFO - Processing /opt/airflow/dags/dag_enriquecimento_dados.py took 0.074 seconds
[2026-07-06T16:31:38.174+0000] {processor.py:161} INFO - Started process (PID=202) to work on /opt/airflow/dags/dag_enriquecimento_dados.py
[2026-07-06T16:31:38.174+0000] {processor.py:830} INFO - Processing file /opt/airflow/dags/dag_enriquecimento_dados.py for tasks to queue
[2026-07-06T16:31:38.175+0000] {logging_mixin.py:188} INFO - [2026-07-06T16:31:38.175+0000] {dagbag.py:538} INFO - Filling up the DagBag from /opt/airflow/dags/dag_enriquecimento_dados.py
[2026-07-06T16:31:38.183+0000] {processor.py:840} INFO - DAG(s) 'dag_enriquecimento_dados' retrieved from /opt/airflow/dags/dag_enriquecimento_dados.py
[2026-07-06T16:31:38.205+0000] {logging_mixin.py:188} INFO - [2026-07-06T16:31:38.205+0000] {dag.py:3036} INFO - Sync 1 DAGs
[2026-07-06T16:31:38.216+0000] {logging_mixin.py:188} INFO - [2026-07-06T16:31:38.216+0000] {dag.py:3823} INFO - Setting next_dagrun for dag_enriquecimento_dados to None, run_after=None
[2026-07-06T16:31:38.240+0000] {processor.py:183} INFO - Processing /opt/airflow/dags/dag_enriquecimento_dados.py took 0.069 seconds
[2026-07-06T16:32:08.378+0000] {processor.py:161} INFO - Started process (PID=217) to work on /opt/airflow/dags/dag_enriquecimento_dados.py
[2026-07-06T16:32:08.378+0000] {processor.py:830} INFO - Processing file /opt/airflow/dags/dag_enriquecimento_dados.py for tasks to queue
[2026-07-06T16:32:08.379+0000] {logging_mixin.py:188} INFO - [2026-07-06T16:32:08.379+0000] {dagbag.py:538} INFO - Filling up the DagBag from /opt/airflow/dags/dag_enriquecimento_dados.py
[2026-07-06T16:32:08.387+0000] {processor.py:840} INFO - DAG(s) 'dag_enriquecimento_dados' retrieved from /opt/airflow/dags/dag_enriquecimento_dados.py
[2026-07-06T16:32:08.409+0000] {logging_mixin.py:188} INFO - [2026-07-06T16:32:08.409+0000] {dag.py:3036} INFO - Sync 1 DAGs
[2026-07-06T16:32:08.421+0000] {logging_mixin.py:188} INFO - [2026-07-06T16:32:08.420+0000] {dag.py:3823} INFO - Setting next_dagrun for dag_enriquecimento_dados to None, run_after=None
[2026-07-06T16:32:08.437+0000] {processor.py:183} INFO - Processing /opt/airflow/dags/dag_enriquecimento_dados.py took 0.062 seconds
[2026-07-06T16:32:38.577+0000] {processor.py:161} INFO - Started process (PID=237) to work on /opt/airflow/dags/dag_enriquecimento_dados.py
[2026-07-06T16:32:38.578+0000] {processor.py:830} INFO - Processing file /opt/airflow/dags/dag_enriquecimento_dados.py for tasks to queue
[2026-07-06T16:32:38.578+0000] {logging_mixin.py:188} INFO - [2026-07-06T16:32:38.578+0000] {dagbag.py:538} INFO - Filling up the DagBag from /opt/airflow/dags/dag_enriquecimento_dados.py
[2026-07-06T16:32:38.586+0000] {processor.py:840} INFO - DAG(s) 'dag_enriquecimento_dados' retrieved from /opt/airflow/dags/dag_enriquecimento_dados.py
[2026-07-06T16:32:38.607+0000] {logging_mixin.py:188} INFO - [2026-07-06T16:32:38.607+0000] {dag.py:3036} INFO - Sync 1 DAGs
[2026-07-06T16:32:38.619+0000] {logging_mixin.py:188} INFO - [2026-07-06T16:32:38.619+0000] {dag.py:3823} INFO - Setting next_dagrun for dag_enriquecimento_dados to None, run_after=None
[2026-07-06T16:32:38.658+0000] {processor.py:183} INFO - Processing /opt/airflow/dags/dag_enriquecimento_dados.py took 0.084 seconds
[2026-07-06T16:33:08.783+0000] {processor.py:161} INFO - Started process (PID=252) to work on /opt/airflow/dags/dag_enriquecimento_dados.py
[2026-07-06T16:33:08.784+0000] {processor.py:830} INFO - Processing file /opt/airflow/dags/dag_enriquecimento_dados.py for tasks to queue
[2026-07-06T16:33:08.784+0000] {logging_mixin.py:188} INFO - [2026-07-06T16:33:08.784+0000] {dagbag.py:538} INFO - Filling up the DagBag from /opt/airflow/dags/dag_enriquecimento_dados.py
[2026-07-06T16:33:08.793+0000] {processor.py:840} INFO - DAG(s) 'dag_enriquecimento_dados' retrieved from /opt/airflow/dags/dag_enriquecimento_dados.py
[2026-07-06T16:33:08.817+0000] {logging_mixin.py:188} INFO - [2026-07-06T16:33:08.816+0000] {dag.py:3036} INFO - Sync 1 DAGs
[2026-07-06T16:33:08.829+0000] {logging_mixin.py:188} INFO - [2026-07-06T16:33:08.829+0000] {dag.py:3823} INFO - Setting next_dagrun for dag_enriquecimento_dados to None, run_after=None
[2026-07-06T16:33:08.848+0000] {processor.py:183} INFO - Processing /opt/airflow/dags/dag_enriquecimento_dados.py took 0.068 seconds
[2026-07-06T16:33:38.979+0000] {processor.py:161} INFO - Started process (PID=267) to work on /opt/airflow/dags/dag_enriquecimento_dados.py
[2026-07-06T16:33:38.980+0000] {processor.py:830} INFO - Processing file /opt/airflow/dags/dag_enriquecimento_dados.py for tasks to queue
[2026-07-06T16:33:38.981+0000] {logging_mixin.py:188} INFO - [2026-07-06T16:33:38.980+0000] {dagbag.py:538} INFO - Filling up the DagBag from /opt/airflow/dags/dag_enriquecimento_dados.py
[2026-07-06T16:33:38.989+0000] {processor.py:840} INFO - DAG(s) 'dag_enriquecimento_dados' retrieved from /opt/airflow/dags/dag_enriquecimento_dados.py
[2026-07-06T16:33:39.011+0000] {logging_mixin.py:188} INFO - [2026-07-06T16:33:39.011+0000] {dag.py:3036} INFO - Sync 1 DAGs
[2026-07-06T16:33:39.023+0000] {logging_mixin.py:188} INFO - [2026-07-06T16:33:39.023+0000] {dag.py:3823} INFO - Setting next_dagrun for dag_enriquecimento_dados to None, run_after=None
[2026-07-06T16:33:39.046+0000] {processor.py:183} INFO - Processing /opt/airflow/dags/dag_enriquecimento_dados.py took 0.070 seconds
[2026-07-06T16:34:09.173+0000] {processor.py:161} INFO - Started process (PID=282) to work on /opt/airflow/dags/dag_enriquecimento_dados.py
[2026-07-06T16:34:09.174+0000] {processor.py:830} INFO - Processing file /opt/airflow/dags/dag_enriquecimento_dados.py for tasks to queue
[2026-07-06T16:34:09.175+0000] {logging_mixin.py:188} INFO - [2026-07-06T16:34:09.174+0000] {dagbag.py:538} INFO - Filling up the DagBag from /opt/airflow/dags/dag_enriquecimento_dados.py
[2026-07-06T16:34:09.183+0000] {processor.py:840} INFO - DAG(s) 'dag_enriquecimento_dados' retrieved from /opt/airflow/dags/dag_enriquecimento_dados.py
[2026-07-06T16:34:09.203+0000] {logging_mixin.py:188} INFO - [2026-07-06T16:34:09.203+0000] {dag.py:3036} INFO - Sync 1 DAGs
[2026-07-06T16:34:09.216+0000] {logging_mixin.py:188} INFO - [2026-07-06T16:34:09.216+0000] {dag.py:3823} INFO - Setting next_dagrun for dag_enriquecimento_dados to None, run_after=None
[2026-07-06T16:34:09.245+0000] {processor.py:183} INFO - Processing /opt/airflow/dags/dag_enriquecimento_dados.py took 0.074 seconds
[2026-07-06T16:34:39.368+0000] {processor.py:161} INFO - Started process (PID=297) to work on /opt/airflow/dags/dag_enriquecimento_dados.py
[2026-07-06T16:34:39.368+0000] {processor.py:830} INFO - Processing file /opt/airflow/dags/dag_enriquecimento_dados.py for tasks to queue
[2026-07-06T16:34:39.369+0000] {logging_mixin.py:188} INFO - [2026-07-06T16:34:39.369+0000] {dagbag.py:538} INFO - Filling up the DagBag from /opt/airflow/dags/dag_enriquecimento_dados.py
[2026-07-06T16:34:39.377+0000] {processor.py:840} INFO - DAG(s) 'dag_enriquecimento_dados' retrieved from /opt/airflow/dags/dag_enriquecimento_dados.py
[2026-07-06T16:34:39.399+0000] {logging_mixin.py:188} INFO - [2026-07-06T16:34:39.399+0000] {dag.py:3036} INFO - Sync 1 DAGs
[2026-07-06T16:34:39.411+0000] {logging_mixin.py:188} INFO - [2026-07-06T16:34:39.411+0000] {dag.py:3823} INFO - Setting next_dagrun for dag_enriquecimento_dados to None, run_after=None
[2026-07-06T16:34:39.440+0000] {processor.py:183} INFO - Processing /opt/airflow/dags/dag_enriquecimento_dados.py took 0.075 seconds
[2026-07-06T16:35:09.570+0000] {processor.py:161} INFO - Started process (PID=312) to work on /opt/airflow/dags/dag_enriquecimento_dados.py
[2026-07-06T16:35:09.570+0000] {processor.py:830} INFO - Processing file /opt/airflow/dags/dag_enriquecimento_dados.py for tasks to queue
[2026-07-06T16:35:09.571+0000] {logging_mixin.py:188} INFO - [2026-07-06T16:35:09.571+0000] {dagbag.py:538} INFO - Filling up the DagBag from /opt/airflow/dags/dag_enriquecimento_dados.py
[2026-07-06T16:35:09.580+0000] {processor.py:840} INFO - DAG(s) 'dag_enriquecimento_dados' retrieved from /opt/airflow/dags/dag_enriquecimento_dados.py
[2026-07-06T16:35:09.605+0000] {logging_mixin.py:188} INFO - [2026-07-06T16:35:09.604+0000] {dag.py:3036} INFO - Sync 1 DAGs
[2026-07-06T16:35:09.617+0000] {logging_mixin.py:188} INFO - [2026-07-06T16:35:09.617+0000] {dag.py:3823} INFO - Setting next_dagrun for dag_enriquecimento_dados to None, run_after=None
[2026-07-06T16:35:09.637+0000] {processor.py:183} INFO - Processing /opt/airflow/dags/dag_enriquecimento_dados.py took 0.070 seconds
[2026-07-06T16:35:39.789+0000] {processor.py:161} INFO - Started process (PID=327) to work on /opt/airflow/dags/dag_enriquecimento_dados.py
[2026-07-06T16:35:39.789+0000] {processor.py:830} INFO - Processing file /opt/airflow/dags/dag_enriquecimento_dados.py for tasks to queue
[2026-07-06T16:35:39.790+0000] {logging_mixin.py:188} INFO - [2026-07-06T16:35:39.790+0000] {dagbag.py:538} INFO - Filling up the DagBag from /opt/airflow/dags/dag_enriquecimento_dados.py
[2026-07-06T16:35:39.798+0000] {processor.py:840} INFO - DAG(s) 'dag_enriquecimento_dados' retrieved from /opt/airflow/dags/dag_enriquecimento_dados.py
[2026-07-06T16:35:39.820+0000] {logging_mixin.py:188} INFO - [2026-07-06T16:35:39.820+0000] {dag.py:3036} INFO - Sync 1 DAGs
[2026-07-06T16:35:39.834+0000] {logging_mixin.py:188} INFO - [2026-07-06T16:35:39.834+0000] {dag.py:3823} INFO - Setting next_dagrun for dag_enriquecimento_dados to None, run_after=None
[2026-07-06T16:35:40.045+0000] {processor.py:183} INFO - Processing /opt/airflow/dags/dag_enriquecimento_dados.py took 0.259 seconds
[2026-07-06T16:36:10.958+0000] {processor.py:161} INFO - Started process (PID=342) to work on /opt/airflow/dags/dag_enriquecimento_dados.py
[2026-07-06T16:36:10.959+0000] {processor.py:830} INFO - Processing file /opt/airflow/dags/dag_enriquecimento_dados.py for tasks to queue
[2026-07-06T16:36:10.959+0000] {logging_mixin.py:188} INFO - [2026-07-06T16:36:10.959+0000] {dagbag.py:538} INFO - Filling up the DagBag from /opt/airflow/dags/dag_enriquecimento_dados.py
[2026-07-06T16:36:10.968+0000] {processor.py:840} INFO - DAG(s) 'dag_enriquecimento_dados' retrieved from /opt/airflow/dags/dag_enriquecimento_dados.py
[2026-07-06T16:36:10.991+0000] {logging_mixin.py:188} INFO - [2026-07-06T16:36:10.991+0000] {dag.py:3036} INFO - Sync 1 DAGs
[2026-07-06T16:36:11.004+0000] {logging_mixin.py:188} INFO - [2026-07-06T16:36:11.003+0000] {dag.py:3823} INFO - Setting next_dagrun for dag_enriquecimento_dados to None, run_after=None
[2026-07-06T16:36:11.024+0000] {processor.py:183} INFO - Processing /opt/airflow/dags/dag_enriquecimento_dados.py took 0.069 seconds
[2026-07-06T16:36:41.162+0000] {processor.py:161} INFO - Started process (PID=357) to work on /opt/airflow/dags/dag_enriquecimento_dados.py
[2026-07-06T16:36:41.163+0000] {processor.py:830} INFO - Processing file /opt/airflow/dags/dag_enriquecimento_dados.py for tasks to queue
[2026-07-06T16:36:41.164+0000] {logging_mixin.py:188} INFO - [2026-07-06T16:36:41.163+0000] {dagbag.py:538} INFO - Filling up the DagBag from /opt/airflow/dags/dag_enriquecimento_dados.py
[2026-07-06T16:36:41.172+0000] {processor.py:840} INFO - DAG(s) 'dag_enriquecimento_dados' retrieved from /opt/airflow/dags/dag_enriquecimento_dados.py
[2026-07-06T16:36:41.195+0000] {logging_mixin.py:188} INFO - [2026-07-06T16:36:41.195+0000] {dag.py:3036} INFO - Sync 1 DAGs
[2026-07-06T16:36:41.209+0000] {logging_mixin.py:188} INFO - [2026-07-06T16:36:41.209+0000] {dag.py:3823} INFO - Setting next_dagrun for dag_enriquecimento_dados to None, run_after=None
[2026-07-06T16:36:41.228+0000] {processor.py:183} INFO - Processing /opt/airflow/dags/dag_enriquecimento_dados.py took 0.069 seconds
[2026-07-06T16:37:11.370+0000] {processor.py:161} INFO - Started process (PID=372) to work on /opt/airflow/dags/dag_enriquecimento_dados.py
[2026-07-06T16:37:11.371+0000] {processor.py:830} INFO - Processing file /opt/airflow/dags/dag_enriquecimento_dados.py for tasks to queue
[2026-07-06T16:37:11.371+0000] {logging_mixin.py:188} INFO - [2026-07-06T16:37:11.371+0000] {dagbag.py:538} INFO - Filling up the DagBag from /opt/airflow/dags/dag_enriquecimento_dados.py
[2026-07-06T16:37:11.380+0000] {processor.py:840} INFO - DAG(s) 'dag_enriquecimento_dados' retrieved from /opt/airflow/dags/dag_enriquecimento_dados.py
[2026-07-06T16:37:11.403+0000] {logging_mixin.py:188} INFO - [2026-07-06T16:37:11.402+0000] {dag.py:3036} INFO - Sync 1 DAGs
[2026-07-06T16:37:11.415+0000] {logging_mixin.py:188} INFO - [2026-07-06T16:37:11.414+0000] {dag.py:3823} INFO - Setting next_dagrun for dag_enriquecimento_dados to None, run_after=None
[2026-07-06T16:37:11.435+0000] {processor.py:183} INFO - Processing /opt/airflow/dags/dag_enriquecimento_dados.py took 0.067 seconds
[2026-07-06T16:37:41.579+0000] {processor.py:161} INFO - Started process (PID=392) to work on /opt/airflow/dags/dag_enriquecimento_dados.py
[2026-07-06T16:37:41.579+0000] {processor.py:830} INFO - Processing file /opt/airflow/dags/dag_enriquecimento_dados.py for tasks to queue
[2026-07-06T16:37:41.580+0000] {logging_mixin.py:188} INFO - [2026-07-06T16:37:41.580+0000] {dagbag.py:538} INFO - Filling up the DagBag from /opt/airflow/dags/dag_enriquecimento_dados.py
[2026-07-06T16:37:41.589+0000] {processor.py:840} INFO - DAG(s) 'dag_enriquecimento_dados' retrieved from /opt/airflow/dags/dag_enriquecimento_dados.py
[2026-07-06T16:37:41.612+0000] {logging_mixin.py:188} INFO - [2026-07-06T16:37:41.612+0000] {dag.py:3036} INFO - Sync 1 DAGs
[2026-07-06T16:37:41.625+0000] {logging_mixin.py:188} INFO - [2026-07-06T16:37:41.625+0000] {dag.py:3823} INFO - Setting next_dagrun for dag_enriquecimento_dados to None, run_after=None
[2026-07-06T16:37:41.645+0000] {processor.py:183} INFO - Processing /opt/airflow/dags/dag_enriquecimento_dados.py took 0.070 seconds
[2026-07-06T16:38:11.786+0000] {processor.py:161} INFO - Started process (PID=407) to work on /opt/airflow/dags/dag_enriquecimento_dados.py
[2026-07-06T16:38:11.787+0000] {processor.py:830} INFO - Processing file /opt/airflow/dags/dag_enriquecimento_dados.py for tasks to queue
[2026-07-06T16:38:11.787+0000] {logging_mixin.py:188} INFO - [2026-07-06T16:38:11.787+0000] {dagbag.py:538} INFO - Filling up the DagBag from /opt/airflow/dags/dag_enriquecimento_dados.py
[2026-07-06T16:38:11.797+0000] {processor.py:840} INFO - DAG(s) 'dag_enriquecimento_dados' retrieved from /opt/airflow/dags/dag_enriquecimento_dados.py
[2026-07-06T16:38:11.819+0000] {logging_mixin.py:188} INFO - [2026-07-06T16:38:11.819+0000] {dag.py:3036} INFO - Sync 1 DAGs
[2026-07-06T16:38:11.832+0000] {logging_mixin.py:188} INFO - [2026-07-06T16:38:11.832+0000] {dag.py:3823} INFO - Setting next_dagrun for dag_enriquecimento_dados to None, run_after=None
[2026-07-06T16:38:11.851+0000] {processor.py:183} INFO - Processing /opt/airflow/dags/dag_enriquecimento_dados.py took 0.068 seconds
[2026-07-06T16:38:41.988+0000] {processor.py:161} INFO - Started process (PID=422) to work on /opt/airflow/dags/dag_enriquecimento_dados.py
[2026-07-06T16:38:41.989+0000] {processor.py:830} INFO - Processing file /opt/airflow/dags/dag_enriquecimento_dados.py for tasks to queue
[2026-07-06T16:38:41.990+0000] {logging_mixin.py:188} INFO - [2026-07-06T16:38:41.989+0000] {dagbag.py:538} INFO - Filling up the DagBag from /opt/airflow/dags/dag_enriquecimento_dados.py
[2026-07-06T16:38:41.998+0000] {processor.py:840} INFO - DAG(s) 'dag_enriquecimento_dados' retrieved from /opt/airflow/dags/dag_enriquecimento_dados.py
[2026-07-06T16:38:42.020+0000] {logging_mixin.py:188} INFO - [2026-07-06T16:38:42.020+0000] {dag.py:3036} INFO - Sync 1 DAGs
[2026-07-06T16:38:42.032+0000] {logging_mixin.py:188} INFO - [2026-07-06T16:38:42.031+0000] {dag.py:3823} INFO - Setting next_dagrun for dag_enriquecimento_dados to None, run_after=None
[2026-07-06T16:38:42.051+0000] {processor.py:183} INFO - Processing /opt/airflow/dags/dag_enriquecimento_dados.py took 0.066 seconds
[2026-07-06T16:39:12.186+0000] {processor.py:161} INFO - Started process (PID=437) to work on /opt/airflow/dags/dag_enriquecimento_dados.py
[2026-07-06T16:39:12.187+0000] {processor.py:830} INFO - Processing file /opt/airflow/dags/dag_enriquecimento_dados.py for tasks to queue
[2026-07-06T16:39:12.188+0000] {logging_mixin.py:188} INFO - [2026-07-06T16:39:12.188+0000] {dagbag.py:538} INFO - Filling up the DagBag from /opt/airflow/dags/dag_enriquecimento_dados.py
[2026-07-06T16:39:12.196+0000] {processor.py:840} INFO - DAG(s) 'dag_enriquecimento_dados' retrieved from /opt/airflow/dags/dag_enriquecimento_dados.py
[2026-07-06T16:39:12.219+0000] {logging_mixin.py:188} INFO - [2026-07-06T16:39:12.219+0000] {dag.py:3036} INFO - Sync 1 DAGs
[2026-07-06T16:39:12.231+0000] {logging_mixin.py:188} INFO - [2026-07-06T16:39:12.230+0000] {dag.py:3823} INFO - Setting next_dagrun for dag_enriquecimento_dados to None, run_after=None
[2026-07-06T16:39:12.251+0000] {processor.py:183} INFO - Processing /opt/airflow/dags/dag_enriquecimento_dados.py took 0.068 seconds
[2026-07-06T16:39:42.389+0000] {processor.py:161} INFO - Started process (PID=452) to work on /opt/airflow/dags/dag_enriquecimento_dados.py
[2026-07-06T16:39:42.390+0000] {processor.py:830} INFO - Processing file /opt/airflow/dags/dag_enriquecimento_dados.py for tasks to queue
[2026-07-06T16:39:42.391+0000] {logging_mixin.py:188} INFO - [2026-07-06T16:39:42.390+0000] {dagbag.py:538} INFO - Filling up the DagBag from /opt/airflow/dags/dag_enriquecimento_dados.py
[2026-07-06T16:39:42.399+0000] {processor.py:840} INFO - DAG(s) 'dag_enriquecimento_dados' retrieved from /opt/airflow/dags/dag_enriquecimento_dados.py
[2026-07-06T16:39:42.422+0000] {logging_mixin.py:188} INFO - [2026-07-06T16:39:42.422+0000] {dag.py:3036} INFO - Sync 1 DAGs
[2026-07-06T16:39:42.435+0000] {logging_mixin.py:188} INFO - [2026-07-06T16:39:42.435+0000] {dag.py:3823} INFO - Setting next_dagrun for dag_enriquecimento_dados to None, run_after=None
[2026-07-06T16:39:42.456+0000] {processor.py:183} INFO - Processing /opt/airflow/dags/dag_enriquecimento_dados.py took 0.070 seconds
[2026-07-06T16:40:12.598+0000] {processor.py:161} INFO - Started process (PID=467) to work on /opt/airflow/dags/dag_enriquecimento_dados.py
[2026-07-06T16:40:12.599+0000] {processor.py:830} INFO - Processing file /opt/airflow/dags/dag_enriquecimento_dados.py for tasks to queue
[2026-07-06T16:40:12.600+0000] {logging_mixin.py:188} INFO - [2026-07-06T16:40:12.599+0000] {dagbag.py:538} INFO - Filling up the DagBag from /opt/airflow/dags/dag_enriquecimento_dados.py
[2026-07-06T16:40:12.608+0000] {processor.py:840} INFO - DAG(s) 'dag_enriquecimento_dados' retrieved from /opt/airflow/dags/dag_enriquecimento_dados.py
[2026-07-06T16:40:12.630+0000] {logging_mixin.py:188} INFO - [2026-07-06T16:40:12.630+0000] {dag.py:3036} INFO - Sync 1 DAGs
[2026-07-06T16:40:12.641+0000] {logging_mixin.py:188} INFO - [2026-07-06T16:40:12.641+0000] {dag.py:3823} INFO - Setting next_dagrun for dag_enriquecimento_dados to None, run_after=None
[2026-07-06T16:40:12.656+0000] {processor.py:183} INFO - Processing /opt/airflow/dags/dag_enriquecimento_dados.py took 0.060 seconds
[2026-07-06T16:40:42.807+0000] {processor.py:161} INFO - Started process (PID=482) to work on /opt/airflow/dags/dag_enriquecimento_dados.py
[2026-07-06T16:40:42.808+0000] {processor.py:830} INFO - Processing file /opt/airflow/dags/dag_enriquecimento_dados.py for tasks to queue
[2026-07-06T16:40:42.809+0000] {logging_mixin.py:188} INFO - [2026-07-06T16:40:42.808+0000] {dagbag.py:538} INFO - Filling up the DagBag from /opt/airflow/dags/dag_enriquecimento_dados.py
[2026-07-06T16:40:42.817+0000] {processor.py:840} INFO - DAG(s) 'dag_enriquecimento_dados' retrieved from /opt/airflow/dags/dag_enriquecimento_dados.py
[2026-07-06T16:40:42.841+0000] {logging_mixin.py:188} INFO - [2026-07-06T16:40:42.841+0000] {dag.py:3036} INFO - Sync 1 DAGs
[2026-07-06T16:40:42.853+0000] {logging_mixin.py:188} INFO - [2026-07-06T16:40:42.853+0000] {dag.py:3823} INFO - Setting next_dagrun for dag_enriquecimento_dados to None, run_after=None
[2026-07-06T16:40:42.872+0000] {processor.py:183} INFO - Processing /opt/airflow/dags/dag_enriquecimento_dados.py took 0.068 seconds
[2026-07-06T16:41:13.009+0000] {processor.py:161} INFO - Started process (PID=497) to work on /opt/airflow/dags/dag_enriquecimento_dados.py
[2026-07-06T16:41:13.010+0000] {processor.py:830} INFO - Processing file /opt/airflow/dags/dag_enriquecimento_dados.py for tasks to queue
[2026-07-06T16:41:13.011+0000] {logging_mixin.py:188} INFO - [2026-07-06T16:41:13.010+0000] {dagbag.py:538} INFO - Filling up the DagBag from /opt/airflow/dags/dag_enriquecimento_dados.py
[2026-07-06T16:41:13.019+0000] {processor.py:840} INFO - DAG(s) 'dag_enriquecimento_dados' retrieved from /opt/airflow/dags/dag_enriquecimento_dados.py
[2026-07-06T16:41:13.042+0000] {logging_mixin.py:188} INFO - [2026-07-06T16:41:13.041+0000] {dag.py:3036} INFO - Sync 1 DAGs
[2026-07-06T16:41:13.054+0000] {logging_mixin.py:188} INFO - [2026-07-06T16:41:13.054+0000] {dag.py:3823} INFO - Setting next_dagrun for dag_enriquecimento_dados to None, run_after=None
[2026-07-06T16:41:13.074+0000] {processor.py:183} INFO - Processing /opt/airflow/dags/dag_enriquecimento_dados.py took 0.068 seconds
[2026-07-06T16:41:43.215+0000] {processor.py:161} INFO - Started process (PID=512) to work on /opt/airflow/dags/dag_enriquecimento_dados.py
[2026-07-06T16:41:43.216+0000] {processor.py:830} INFO - Processing file /opt/airflow/dags/dag_enriquecimento_dados.py for tasks to queue
[2026-07-06T16:41:43.217+0000] {logging_mixin.py:188} INFO - [2026-07-06T16:41:43.216+0000] {dagbag.py:538} INFO - Filling up the DagBag from /opt/airflow/dags/dag_enriquecimento_dados.py
[2026-07-06T16:41:43.226+0000] {processor.py:840} INFO - DAG(s) 'dag_enriquecimento_dados' retrieved from /opt/airflow/dags/dag_enriquecimento_dados.py
[2026-07-06T16:41:43.250+0000] {logging_mixin.py:188} INFO - [2026-07-06T16:41:43.250+0000] {dag.py:3036} INFO - Sync 1 DAGs
[2026-07-06T16:41:43.264+0000] {logging_mixin.py:188} INFO - [2026-07-06T16:41:43.263+0000] {dag.py:3823} INFO - Setting next_dagrun for dag_enriquecimento_dados to None, run_after=None
[2026-07-06T16:41:43.286+0000] {processor.py:183} INFO - Processing /opt/airflow/dags/dag_enriquecimento_dados.py took 0.074 seconds
[2026-07-06T16:42:13.430+0000] {processor.py:161} INFO - Started process (PID=537) to work on /opt/airflow/dags/dag_enriquecimento_dados.py
[2026-07-06T16:42:13.431+0000] {processor.py:830} INFO - Processing file /opt/airflow/dags/dag_enriquecimento_dados.py for tasks to queue
[2026-07-06T16:42:13.432+0000] {logging_mixin.py:188} INFO - [2026-07-06T16:42:13.432+0000] {dagbag.py:538} INFO - Filling up the DagBag from /opt/airflow/dags/dag_enriquecimento_dados.py
[2026-07-06T16:42:13.440+0000] {processor.py:840} INFO - DAG(s) 'dag_enriquecimento_dados' retrieved from /opt/airflow/dags/dag_enriquecimento_dados.py
[2026-07-06T16:42:13.462+0000] {logging_mixin.py:188} INFO - [2026-07-06T16:42:13.462+0000] {dag.py:3036} INFO - Sync 1 DAGs
[2026-07-06T16:42:13.474+0000] {logging_mixin.py:188} INFO - [2026-07-06T16:42:13.474+0000] {dag.py:3823} INFO - Setting next_dagrun for dag_enriquecimento_dados to None, run_after=None
[2026-07-06T16:42:13.493+0000] {processor.py:183} INFO - Processing /opt/airflow/dags/dag_enriquecimento_dados.py took 0.066 seconds
[2026-07-06T16:42:43.638+0000] {processor.py:161} INFO - Started process (PID=552) to work on /opt/airflow/dags/dag_enriquecimento_dados.py
[2026-07-06T16:42:43.639+0000] {processor.py:830} INFO - Processing file /opt/airflow/dags/dag_enriquecimento_dados.py for tasks to queue
[2026-07-06T16:42:43.640+0000] {logging_mixin.py:188} INFO - [2026-07-06T16:42:43.639+0000] {dagbag.py:538} INFO - Filling up the DagBag from /opt/airflow/dags/dag_enriquecimento_dados.py
[2026-07-06T16:42:43.653+0000] {processor.py:840} INFO - DAG(s) 'dag_enriquecimento_dados' retrieved from /opt/airflow/dags/dag_enriquecimento_dados.py
[2026-07-06T16:42:43.685+0000] {logging_mixin.py:188} INFO - [2026-07-06T16:42:43.684+0000] {dag.py:3036} INFO - Sync 1 DAGs
[2026-07-06T16:42:43.700+0000] {logging_mixin.py:188} INFO - [2026-07-06T16:42:43.700+0000] {dag.py:3823} INFO - Setting next_dagrun for dag_enriquecimento_dados to None, run_after=None
[2026-07-06T16:42:43.727+0000] {processor.py:183} INFO - Processing /opt/airflow/dags/dag_enriquecimento_dados.py took 0.093 seconds
[2026-07-06T16:43:13.871+0000] {processor.py:161} INFO - Started process (PID=567) to work on /opt/airflow/dags/dag_enriquecimento_dados.py
[2026-07-06T16:43:13.872+0000] {processor.py:830} INFO - Processing file /opt/airflow/dags/dag_enriquecimento_dados.py for tasks to queue
[2026-07-06T16:43:13.873+0000] {logging_mixin.py:188} INFO - [2026-07-06T16:43:13.873+0000] {dagbag.py:538} INFO - Filling up the DagBag from /opt/airflow/dags/dag_enriquecimento_dados.py
[2026-07-06T16:43:13.882+0000] {processor.py:840} INFO - DAG(s) 'dag_enriquecimento_dados' retrieved from /opt/airflow/dags/dag_enriquecimento_dados.py
[2026-07-06T16:43:13.905+0000] {logging_mixin.py:188} INFO - [2026-07-06T16:43:13.905+0000] {dag.py:3036} INFO - Sync 1 DAGs
[2026-07-06T16:43:13.919+0000] {logging_mixin.py:188} INFO - [2026-07-06T16:43:13.919+0000] {dag.py:3823} INFO - Setting next_dagrun for dag_enriquecimento_dados to None, run_after=None
[2026-07-06T16:43:13.938+0000] {processor.py:183} INFO - Processing /opt/airflow/dags/dag_enriquecimento_dados.py took 0.069 seconds
[2026-07-06T16:43:44.078+0000] {processor.py:161} INFO - Started process (PID=582) to work on /opt/airflow/dags/dag_enriquecimento_dados.py
[2026-07-06T16:43:44.079+0000] {processor.py:830} INFO - Processing file /opt/airflow/dags/dag_enriquecimento_dados.py for tasks to queue
[2026-07-06T16:43:44.079+0000] {logging_mixin.py:188} INFO - [2026-07-06T16:43:44.079+0000] {dagbag.py:538} INFO - Filling up the DagBag from /opt/airflow/dags/dag_enriquecimento_dados.py
[2026-07-06T16:43:44.088+0000] {processor.py:840} INFO - DAG(s) 'dag_enriquecimento_dados' retrieved from /opt/airflow/dags/dag_enriquecimento_dados.py
[2026-07-06T16:43:44.111+0000] {logging_mixin.py:188} INFO - [2026-07-06T16:43:44.110+0000] {dag.py:3036} INFO - Sync 1 DAGs
[2026-07-06T16:43:44.124+0000] {logging_mixin.py:188} INFO - [2026-07-06T16:43:44.123+0000] {dag.py:3823} INFO - Setting next_dagrun for dag_enriquecimento_dados to None, run_after=None
[2026-07-06T16:43:44.143+0000] {processor.py:183} INFO - Processing /opt/airflow/dags/dag_enriquecimento_dados.py took 0.068 seconds
[2026-07-06T16:44:14.285+0000] {processor.py:161} INFO - Started process (PID=597) to work on /opt/airflow/dags/dag_enriquecimento_dados.py
[2026-07-06T16:44:14.286+0000] {processor.py:830} INFO - Processing file /opt/airflow/dags/dag_enriquecimento_dados.py for tasks to queue
[2026-07-06T16:44:14.287+0000] {logging_mixin.py:188} INFO - [2026-07-06T16:44:14.286+0000] {dagbag.py:538} INFO - Filling up the DagBag from /opt/airflow/dags/dag_enriquecimento_dados.py
[2026-07-06T16:44:14.295+0000] {processor.py:840} INFO - DAG(s) 'dag_enriquecimento_dados' retrieved from /opt/airflow/dags/dag_enriquecimento_dados.py
[2026-07-06T16:44:14.320+0000] {logging_mixin.py:188} INFO - [2026-07-06T16:44:14.320+0000] {dag.py:3036} INFO - Sync 1 DAGs
[2026-07-06T16:44:14.333+0000] {logging_mixin.py:188} INFO - [2026-07-06T16:44:14.333+0000] {dag.py:3823} INFO - Setting next_dagrun for dag_enriquecimento_dados to None, run_after=None
[2026-07-06T16:44:14.352+0000] {processor.py:183} INFO - Processing /opt/airflow/dags/dag_enriquecimento_dados.py took 0.070 seconds
[2026-07-06T16:44:44.496+0000] {processor.py:161} INFO - Started process (PID=612) to work on /opt/airflow/dags/dag_enriquecimento_dados.py
[2026-07-06T16:44:44.497+0000] {processor.py:830} INFO - Processing file /opt/airflow/dags/dag_enriquecimento_dados.py for tasks to queue
[2026-07-06T16:44:44.498+0000] {logging_mixin.py:188} INFO - [2026-07-06T16:44:44.498+0000] {dagbag.py:538} INFO - Filling up the DagBag from /opt/airflow/dags/dag_enriquecimento_dados.py
[2026-07-06T16:44:44.507+0000] {processor.py:840} INFO - DAG(s) 'dag_enriquecimento_dados' retrieved from /opt/airflow/dags/dag_enriquecimento_dados.py
[2026-07-06T16:44:44.531+0000] {logging_mixin.py:188} INFO - [2026-07-06T16:44:44.531+0000] {dag.py:3036} INFO - Sync 1 DAGs
[2026-07-06T16:44:44.543+0000] {logging_mixin.py:188} INFO - [2026-07-06T16:44:44.543+0000] {dag.py:3823} INFO - Setting next_dagrun for dag_enriquecimento_dados to None, run_after=None
[2026-07-06T16:44:44.562+0000] {processor.py:183} INFO - Processing /opt/airflow/dags/dag_enriquecimento_dados.py took 0.069 seconds
[2026-07-06T16:45:14.706+0000] {processor.py:161} INFO - Started process (PID=627) to work on /opt/airflow/dags/dag_enriquecimento_dados.py
[2026-07-06T16:45:14.707+0000] {processor.py:830} INFO - Processing file /opt/airflow/dags/dag_enriquecimento_dados.py for tasks to queue
[2026-07-06T16:45:14.708+0000] {logging_mixin.py:188} INFO - [2026-07-06T16:45:14.707+0000] {dagbag.py:538} INFO - Filling up the DagBag from /opt/airflow/dags/dag_enriquecimento_dados.py
[2026-07-06T16:45:14.716+0000] {processor.py:840} INFO - DAG(s) 'dag_enriquecimento_dados' retrieved from /opt/airflow/dags/dag_enriquecimento_dados.py
[2026-07-06T16:45:14.740+0000] {logging_mixin.py:188} INFO - [2026-07-06T16:45:14.739+0000] {dag.py:3036} INFO - Sync 1 DAGs
[2026-07-06T16:45:14.752+0000] {logging_mixin.py:188} INFO - [2026-07-06T16:45:14.752+0000] {dag.py:3823} INFO - Setting next_dagrun for dag_enriquecimento_dados to None, run_after=None
[2026-07-06T16:45:14.773+0000] {processor.py:183} INFO - Processing /opt/airflow/dags/dag_enriquecimento_dados.py took 0.070 seconds
[2026-07-06T16:45:44.917+0000] {processor.py:161} INFO - Started process (PID=642) to work on /opt/airflow/dags/dag_enriquecimento_dados.py
[2026-07-06T16:45:44.918+0000] {processor.py:830} INFO - Processing file /opt/airflow/dags/dag_enriquecimento_dados.py for tasks to queue
[2026-07-06T16:45:44.919+0000] {logging_mixin.py:188} INFO - [2026-07-06T16:45:44.919+0000] {dagbag.py:538} INFO - Filling up the DagBag from /opt/airflow/dags/dag_enriquecimento_dados.py
[2026-07-06T16:45:44.927+0000] {processor.py:840} INFO - DAG(s) 'dag_enriquecimento_dados' retrieved from /opt/airflow/dags/dag_enriquecimento_dados.py
[2026-07-06T16:45:44.952+0000] {logging_mixin.py:188} INFO - [2026-07-06T16:45:44.952+0000] {dag.py:3036} INFO - Sync 1 DAGs
[2026-07-06T16:45:44.965+0000] {logging_mixin.py:188} INFO - [2026-07-06T16:45:44.965+0000] {dag.py:3823} INFO - Setting next_dagrun for dag_enriquecimento_dados to None, run_after=None
[2026-07-06T16:45:44.986+0000] {processor.py:183} INFO - Processing /opt/airflow/dags/dag_enriquecimento_dados.py took 0.072 seconds
[2026-07-06T16:46:15.128+0000] {processor.py:161} INFO - Started process (PID=657) to work on /opt/airflow/dags/dag_enriquecimento_dados.py
[2026-07-06T16:46:15.129+0000] {processor.py:830} INFO - Processing file /opt/airflow/dags/dag_enriquecimento_dados.py for tasks to queue
[2026-07-06T16:46:15.130+0000] {logging_mixin.py:188} INFO - [2026-07-06T16:46:15.130+0000] {dagbag.py:538} INFO - Filling up the DagBag from /opt/airflow/dags/dag_enriquecimento_dados.py
[2026-07-06T16:46:15.142+0000] {processor.py:840} INFO - DAG(s) 'dag_enriquecimento_dados' retrieved from /opt/airflow/dags/dag_enriquecimento_dados.py
[2026-07-06T16:46:15.168+0000] {logging_mixin.py:188} INFO - [2026-07-06T16:46:15.167+0000] {dag.py:3036} INFO - Sync 1 DAGs
[2026-07-06T16:46:15.181+0000] {logging_mixin.py:188} INFO - [2026-07-06T16:46:15.181+0000] {dag.py:3823} INFO - Setting next_dagrun for dag_enriquecimento_dados to None, run_after=None
[2026-07-06T16:46:15.202+0000] {processor.py:183} INFO - Processing /opt/airflow/dags/dag_enriquecimento_dados.py took 0.077 seconds
[2026-07-06T16:46:45.350+0000] {processor.py:161} INFO - Started process (PID=672) to work on /opt/airflow/dags/dag_enriquecimento_dados.py
[2026-07-06T16:46:45.351+0000] {processor.py:830} INFO - Processing file /opt/airflow/dags/dag_enriquecimento_dados.py for tasks to queue
[2026-07-06T16:46:45.352+0000] {logging_mixin.py:188} INFO - [2026-07-06T16:46:45.352+0000] {dagbag.py:538} INFO - Filling up the DagBag from /opt/airflow/dags/dag_enriquecimento_dados.py
[2026-07-06T16:46:45.361+0000] {processor.py:840} INFO - DAG(s) 'dag_enriquecimento_dados' retrieved from /opt/airflow/dags/dag_enriquecimento_dados.py
[2026-07-06T16:46:45.386+0000] {logging_mixin.py:188} INFO - [2026-07-06T16:46:45.386+0000] {dag.py:3036} INFO - Sync 1 DAGs
[2026-07-06T16:46:45.399+0000] {logging_mixin.py:188} INFO - [2026-07-06T16:46:45.399+0000] {dag.py:3823} INFO - Setting next_dagrun for dag_enriquecimento_dados to None, run_after=None
[2026-07-06T16:46:45.420+0000] {processor.py:183} INFO - Processing /opt/airflow/dags/dag_enriquecimento_dados.py took 0.073 seconds
[2026-07-06T16:47:15.558+0000] {processor.py:161} INFO - Started process (PID=687) to work on /opt/airflow/dags/dag_enriquecimento_dados.py
[2026-07-06T16:47:15.558+0000] {processor.py:830} INFO - Processing file /opt/airflow/dags/dag_enriquecimento_dados.py for tasks to queue
[2026-07-06T16:47:15.559+0000] {logging_mixin.py:188} INFO - [2026-07-06T16:47:15.559+0000] {dagbag.py:538} INFO - Filling up the DagBag from /opt/airflow/dags/dag_enriquecimento_dados.py
[2026-07-06T16:47:15.568+0000] {processor.py:840} INFO - DAG(s) 'dag_enriquecimento_dados' retrieved from /opt/airflow/dags/dag_enriquecimento_dados.py
[2026-07-06T16:47:15.591+0000] {logging_mixin.py:188} INFO - [2026-07-06T16:47:15.591+0000] {dag.py:3036} INFO - Sync 1 DAGs
[2026-07-06T16:47:15.605+0000] {logging_mixin.py:188} INFO - [2026-07-06T16:47:15.605+0000] {dag.py:3823} INFO - Setting next_dagrun for dag_enriquecimento_dados to None, run_after=None
[2026-07-06T16:47:15.625+0000] {processor.py:183} INFO - Processing /opt/airflow/dags/dag_enriquecimento_dados.py took 0.070 seconds
[2026-07-06T16:47:45.766+0000] {processor.py:161} INFO - Started process (PID=702) to work on /opt/airflow/dags/dag_enriquecimento_dados.py
[2026-07-06T16:47:45.767+0000] {processor.py:830} INFO - Processing file /opt/airflow/dags/dag_enriquecimento_dados.py for tasks to queue
[2026-07-06T16:47:45.768+0000] {logging_mixin.py:188} INFO - [2026-07-06T16:47:45.768+0000] {dagbag.py:538} INFO - Filling up the DagBag from /opt/airflow/dags/dag_enriquecimento_dados.py
[2026-07-06T16:47:45.777+0000] {processor.py:840} INFO - DAG(s) 'dag_enriquecimento_dados' retrieved from /opt/airflow/dags/dag_enriquecimento_dados.py
[2026-07-06T16:47:45.799+0000] {logging_mixin.py:188} INFO - [2026-07-06T16:47:45.799+0000] {dag.py:3036} INFO - Sync 1 DAGs
[2026-07-06T16:47:45.811+0000] {logging_mixin.py:188} INFO - [2026-07-06T16:47:45.810+0000] {dag.py:3823} INFO - Setting next_dagrun for dag_enriquecimento_dados to None, run_after=None
[2026-07-06T16:47:45.832+0000] {processor.py:183} INFO - Processing /opt/airflow/dags/dag_enriquecimento_dados.py took 0.068 seconds
[2026-07-06T16:48:15.970+0000] {processor.py:161} INFO - Started process (PID=717) to work on /opt/airflow/dags/dag_enriquecimento_dados.py
[2026-07-06T16:48:15.971+0000] {processor.py:830} INFO - Processing file /opt/airflow/dags/dag_enriquecimento_dados.py for tasks to queue
[2026-07-06T16:48:15.972+0000] {logging_mixin.py:188} INFO - [2026-07-06T16:48:15.971+0000] {dagbag.py:538} INFO - Filling up the DagBag from /opt/airflow/dags/dag_enriquecimento_dados.py
[2026-07-06T16:48:15.980+0000] {processor.py:840} INFO - DAG(s) 'dag_enriquecimento_dados' retrieved from /opt/airflow/dags/dag_enriquecimento_dados.py
[2026-07-06T16:48:16.003+0000] {logging_mixin.py:188} INFO - [2026-07-06T16:48:16.002+0000] {dag.py:3036} INFO - Sync 1 DAGs
[2026-07-06T16:48:16.014+0000] {logging_mixin.py:188} INFO - [2026-07-06T16:48:16.014+0000] {dag.py:3823} INFO - Setting next_dagrun for dag_enriquecimento_dados to None, run_after=None
[2026-07-06T16:48:16.034+0000] {processor.py:183} INFO - Processing /opt/airflow/dags/dag_enriquecimento_dados.py took 0.066 seconds
[2026-07-06T16:48:46.176+0000] {processor.py:161} INFO - Started process (PID=732) to work on /opt/airflow/dags/dag_enriquecimento_dados.py
[2026-07-06T16:48:46.177+0000] {processor.py:830} INFO - Processing file /opt/airflow/dags/dag_enriquecimento_dados.py for tasks to queue
[2026-07-06T16:48:46.178+0000] {logging_mixin.py:188} INFO - [2026-07-06T16:48:46.178+0000] {dagbag.py:538} INFO - Filling up the DagBag from /opt/airflow/dags/dag_enriquecimento_dados.py
[2026-07-06T16:48:46.186+0000] {processor.py:840} INFO - DAG(s) 'dag_enriquecimento_dados' retrieved from /opt/airflow/dags/dag_enriquecimento_dados.py
[2026-07-06T16:48:46.207+0000] {logging_mixin.py:188} INFO - [2026-07-06T16:48:46.207+0000] {dag.py:3036} INFO - Sync 1 DAGs
[2026-07-06T16:48:46.219+0000] {logging_mixin.py:188} INFO - [2026-07-06T16:48:46.219+0000] {dag.py:3823} INFO - Setting next_dagrun for dag_enriquecimento_dados to None, run_after=None
[2026-07-06T16:48:46.236+0000] {processor.py:183} INFO - Processing /opt/airflow/dags/dag_enriquecimento_dados.py took 0.063 seconds
[2026-07-06T16:49:16.374+0000] {processor.py:161} INFO - Started process (PID=747) to work on /opt/airflow/dags/dag_enriquecimento_dados.py
[2026-07-06T16:49:16.374+0000] {processor.py:830} INFO - Processing file /opt/airflow/dags/dag_enriquecimento_dados.py for tasks to queue
[2026-07-06T16:49:16.375+0000] {logging_mixin.py:188} INFO - [2026-07-06T16:49:16.375+0000] {dagbag.py:538} INFO - Filling up the DagBag from /opt/airflow/dags/dag_enriquecimento_dados.py
[2026-07-06T16:49:16.383+0000] {processor.py:840} INFO - DAG(s) 'dag_enriquecimento_dados' retrieved from /opt/airflow/dags/dag_enriquecimento_dados.py
[2026-07-06T16:49:16.404+0000] {logging_mixin.py:188} INFO - [2026-07-06T16:49:16.404+0000] {dag.py:3036} INFO - Sync 1 DAGs
[2026-07-06T16:49:16.416+0000] {logging_mixin.py:188} INFO - [2026-07-06T16:49:16.415+0000] {dag.py:3823} INFO - Setting next_dagrun for dag_enriquecimento_dados to None, run_after=None
[2026-07-06T16:49:16.434+0000] {processor.py:183} INFO - Processing /opt/airflow/dags/dag_enriquecimento_dados.py took 0.063 seconds
[2026-07-06T16:49:46.571+0000] {processor.py:161} INFO - Started process (PID=762) to work on /opt/airflow/dags/dag_enriquecimento_dados.py
[2026-07-06T16:49:46.572+0000] {processor.py:830} INFO - Processing file /opt/airflow/dags/dag_enriquecimento_dados.py for tasks to queue
[2026-07-06T16:49:46.572+0000] {logging_mixin.py:188} INFO - [2026-07-06T16:49:46.572+0000] {dagbag.py:538} INFO - Filling up the DagBag from /opt/airflow/dags/dag_enriquecimento_dados.py
[2026-07-06T16:49:46.581+0000] {processor.py:840} INFO - DAG(s) 'dag_enriquecimento_dados' retrieved from /opt/airflow/dags/dag_enriquecimento_dados.py
[2026-07-06T16:49:46.603+0000] {logging_mixin.py:188} INFO - [2026-07-06T16:49:46.602+0000] {dag.py:3036} INFO - Sync 1 DAGs
[2026-07-06T16:49:46.615+0000] {logging_mixin.py:188} INFO - [2026-07-06T16:49:46.614+0000] {dag.py:3823} INFO - Setting next_dagrun for dag_enriquecimento_dados to None, run_after=None
[2026-07-06T16:49:46.633+0000] {processor.py:183} INFO - Processing /opt/airflow/dags/dag_enriquecimento_dados.py took 0.065 seconds
[2026-07-06T16:50:16.774+0000] {processor.py:161} INFO - Started process (PID=777) to work on /opt/airflow/dags/dag_enriquecimento_dados.py
[2026-07-06T16:50:16.774+0000] {processor.py:830} INFO - Processing file /opt/airflow/dags/dag_enriquecimento_dados.py for tasks to queue
[2026-07-06T16:50:16.775+0000] {logging_mixin.py:188} INFO - [2026-07-06T16:50:16.775+0000] {dagbag.py:538} INFO - Filling up the DagBag from /opt/airflow/dags/dag_enriquecimento_dados.py
[2026-07-06T16:50:16.783+0000] {processor.py:840} INFO - DAG(s) 'dag_enriquecimento_dados' retrieved from /opt/airflow/dags/dag_enriquecimento_dados.py
[2026-07-06T16:50:16.805+0000] {logging_mixin.py:188} INFO - [2026-07-06T16:50:16.804+0000] {dag.py:3036} INFO - Sync 1 DAGs
[2026-07-06T16:50:16.817+0000] {logging_mixin.py:188} INFO - [2026-07-06T16:50:16.817+0000] {dag.py:3823} INFO - Setting next_dagrun for dag_enriquecimento_dados to None, run_after=None
[2026-07-06T16:50:16.834+0000] {processor.py:183} INFO - Processing /opt/airflow/dags/dag_enriquecimento_dados.py took 0.063 seconds
[2026-07-06T16:50:46.982+0000] {processor.py:161} INFO - Started process (PID=792) to work on /opt/airflow/dags/dag_enriquecimento_dados.py
[2026-07-06T16:50:46.983+0000] {processor.py:830} INFO - Processing file /opt/airflow/dags/dag_enriquecimento_dados.py for tasks to queue
[2026-07-06T16:50:46.984+0000] {logging_mixin.py:188} INFO - [2026-07-06T16:50:46.983+0000] {dagbag.py:538} INFO - Filling up the DagBag from /opt/airflow/dags/dag_enriquecimento_dados.py
[2026-07-06T16:50:46.992+0000] {processor.py:840} INFO - DAG(s) 'dag_enriquecimento_dados' retrieved from /opt/airflow/dags/dag_enriquecimento_dados.py
[2026-07-06T16:50:47.014+0000] {logging_mixin.py:188} INFO - [2026-07-06T16:50:47.013+0000] {dag.py:3036} INFO - Sync 1 DAGs
[2026-07-06T16:50:47.025+0000] {logging_mixin.py:188} INFO - [2026-07-06T16:50:47.025+0000] {dag.py:3823} INFO - Setting next_dagrun for dag_enriquecimento_dados to None, run_after=None
[2026-07-06T16:50:47.043+0000] {processor.py:183} INFO - Processing /opt/airflow/dags/dag_enriquecimento_dados.py took 0.064 seconds
[2026-07-06T16:51:17.184+0000] {processor.py:161} INFO - Started process (PID=807) to work on /opt/airflow/dags/dag_enriquecimento_dados.py
[2026-07-06T16:51:17.184+0000] {processor.py:830} INFO - Processing file /opt/airflow/dags/dag_enriquecimento_dados.py for tasks to queue
[2026-07-06T16:51:17.185+0000] {logging_mixin.py:188} INFO - [2026-07-06T16:51:17.185+0000] {dagbag.py:538} INFO - Filling up the DagBag from /opt/airflow/dags/dag_enriquecimento_dados.py
[2026-07-06T16:51:17.193+0000] {processor.py:840} INFO - DAG(s) 'dag_enriquecimento_dados' retrieved from /opt/airflow/dags/dag_enriquecimento_dados.py
[2026-07-06T16:51:17.215+0000] {logging_mixin.py:188} INFO - [2026-07-06T16:51:17.215+0000] {dag.py:3036} INFO - Sync 1 DAGs
[2026-07-06T16:51:17.226+0000] {logging_mixin.py:188} INFO - [2026-07-06T16:51:17.226+0000] {dag.py:3823} INFO - Setting next_dagrun for dag_enriquecimento_dados to None, run_after=None
[2026-07-06T16:51:17.244+0000] {processor.py:183} INFO - Processing /opt/airflow/dags/dag_enriquecimento_dados.py took 0.063 seconds
[2026-07-06T16:51:47.383+0000] {processor.py:161} INFO - Started process (PID=822) to work on /opt/airflow/dags/dag_enriquecimento_dados.py
[2026-07-06T16:51:47.383+0000] {processor.py:830} INFO - Processing file /opt/airflow/dags/dag_enriquecimento_dados.py for tasks to queue
[2026-07-06T16:51:47.384+0000] {logging_mixin.py:188} INFO - [2026-07-06T16:51:47.384+0000] {dagbag.py:538} INFO - Filling up the DagBag from /opt/airflow/dags/dag_enriquecimento_dados.py
[2026-07-06T16:51:47.392+0000] {processor.py:840} INFO - DAG(s) 'dag_enriquecimento_dados' retrieved from /opt/airflow/dags/dag_enriquecimento_dados.py
[2026-07-06T16:51:47.413+0000] {logging_mixin.py:188} INFO - [2026-07-06T16:51:47.413+0000] {dag.py:3036} INFO - Sync 1 DAGs
[2026-07-06T16:51:47.425+0000] {logging_mixin.py:188} INFO - [2026-07-06T16:51:47.425+0000] {dag.py:3823} INFO - Setting next_dagrun for dag_enriquecimento_dados to None, run_after=None
[2026-07-06T16:51:47.444+0000] {processor.py:183} INFO - Processing /opt/airflow/dags/dag_enriquecimento_dados.py took 0.065 seconds
[2026-07-06T16:52:17.580+0000] {processor.py:161} INFO - Started process (PID=837) to work on /opt/airflow/dags/dag_enriquecimento_dados.py
[2026-07-06T16:52:17.581+0000] {processor.py:830} INFO - Processing file /opt/airflow/dags/dag_enriquecimento_dados.py for tasks to queue
[2026-07-06T16:52:17.582+0000] {logging_mixin.py:188} INFO - [2026-07-06T16:52:17.582+0000] {dagbag.py:538} INFO - Filling up the DagBag from /opt/airflow/dags/dag_enriquecimento_dados.py
[2026-07-06T16:52:17.590+0000] {processor.py:840} INFO - DAG(s) 'dag_enriquecimento_dados' retrieved from /opt/airflow/dags/dag_enriquecimento_dados.py
[2026-07-06T16:52:17.611+0000] {logging_mixin.py:188} INFO - [2026-07-06T16:52:17.610+0000] {dag.py:3036} INFO - Sync 1 DAGs
[2026-07-06T16:52:17.622+0000] {logging_mixin.py:188} INFO - [2026-07-06T16:52:17.622+0000] {dag.py:3823} INFO - Setting next_dagrun for dag_enriquecimento_dados to None, run_after=None
[2026-07-06T16:52:17.642+0000] {processor.py:183} INFO - Processing /opt/airflow/dags/dag_enriquecimento_dados.py took 0.064 seconds
[2026-07-06T16:52:47.776+0000] {processor.py:161} INFO - Started process (PID=852) to work on /opt/airflow/dags/dag_enriquecimento_dados.py
[2026-07-06T16:52:47.777+0000] {processor.py:830} INFO - Processing file /opt/airflow/dags/dag_enriquecimento_dados.py for tasks to queue
[2026-07-06T16:52:47.778+0000] {logging_mixin.py:188} INFO - [2026-07-06T16:52:47.778+0000] {dagbag.py:538} INFO - Filling up the DagBag from /opt/airflow/dags/dag_enriquecimento_dados.py
[2026-07-06T16:52:47.787+0000] {processor.py:840} INFO - DAG(s) 'dag_enriquecimento_dados' retrieved from /opt/airflow/dags/dag_enriquecimento_dados.py
[2026-07-06T16:52:47.812+0000] {logging_mixin.py:188} INFO - [2026-07-06T16:52:47.812+0000] {dag.py:3036} INFO - Sync 1 DAGs
[2026-07-06T16:52:47.825+0000] {logging_mixin.py:188} INFO - [2026-07-06T16:52:47.825+0000] {dag.py:3823} INFO - Setting next_dagrun for dag_enriquecimento_dados to None, run_after=None
[2026-07-06T16:52:47.845+0000] {processor.py:183} INFO - Processing /opt/airflow/dags/dag_enriquecimento_dados.py took 0.072 seconds
[2026-07-06T16:53:17.986+0000] {processor.py:161} INFO - Started process (PID=867) to work on /opt/airflow/dags/dag_enriquecimento_dados.py
[2026-07-06T16:53:17.987+0000] {processor.py:830} INFO - Processing file /opt/airflow/dags/dag_enriquecimento_dados.py for tasks to queue
[2026-07-06T16:53:17.987+0000] {logging_mixin.py:188} INFO - [2026-07-06T16:53:17.987+0000] {dagbag.py:538} INFO - Filling up the DagBag from /opt/airflow/dags/dag_enriquecimento_dados.py
[2026-07-06T16:53:17.996+0000] {processor.py:840} INFO - DAG(s) 'dag_enriquecimento_dados' retrieved from /opt/airflow/dags/dag_enriquecimento_dados.py
[2026-07-06T16:53:18.019+0000] {logging_mixin.py:188} INFO - [2026-07-06T16:53:18.019+0000] {dag.py:3036} INFO - Sync 1 DAGs
[2026-07-06T16:53:18.031+0000] {logging_mixin.py:188} INFO - [2026-07-06T16:53:18.031+0000] {dag.py:3823} INFO - Setting next_dagrun for dag_enriquecimento_dados to None, run_after=None
[2026-07-06T16:53:18.051+0000] {processor.py:183} INFO - Processing /opt/airflow/dags/dag_enriquecimento_dados.py took 0.068 seconds
[2026-07-06T16:53:48.192+0000] {processor.py:161} INFO - Started process (PID=882) to work on /opt/airflow/dags/dag_enriquecimento_dados.py
[2026-07-06T16:53:48.193+0000] {processor.py:830} INFO - Processing file /opt/airflow/dags/dag_enriquecimento_dados.py for tasks to queue
[2026-07-06T16:53:48.194+0000] {logging_mixin.py:188} INFO - [2026-07-06T16:53:48.194+0000] {dagbag.py:538} INFO - Filling up the DagBag from /opt/airflow/dags/dag_enriquecimento_dados.py
[2026-07-06T16:53:48.202+0000] {processor.py:840} INFO - DAG(s) 'dag_enriquecimento_dados' retrieved from /opt/airflow/dags/dag_enriquecimento_dados.py
[2026-07-06T16:53:48.225+0000] {logging_mixin.py:188} INFO - [2026-07-06T16:53:48.225+0000] {dag.py:3036} INFO - Sync 1 DAGs
[2026-07-06T16:53:48.238+0000] {logging_mixin.py:188} INFO - [2026-07-06T16:53:48.238+0000] {dag.py:3823} INFO - Setting next_dagrun for dag_enriquecimento_dados to None, run_after=None
[2026-07-06T16:53:48.259+0000] {processor.py:183} INFO - Processing /opt/airflow/dags/dag_enriquecimento_dados.py took 0.070 seconds
[2026-07-06T16:54:18.402+0000] {processor.py:161} INFO - Started process (PID=897) to work on /opt/airflow/dags/dag_enriquecimento_dados.py
[2026-07-06T16:54:18.403+0000] {processor.py:830} INFO - Processing file /opt/airflow/dags/dag_enriquecimento_dados.py for tasks to queue
[2026-07-06T16:54:18.404+0000] {logging_mixin.py:188} INFO - [2026-07-06T16:54:18.403+0000] {dagbag.py:538} INFO - Filling up the DagBag from /opt/airflow/dags/dag_enriquecimento_dados.py
[2026-07-06T16:54:18.412+0000] {processor.py:840} INFO - DAG(s) 'dag_enriquecimento_dados' retrieved from /opt/airflow/dags/dag_enriquecimento_dados.py
[2026-07-06T16:54:18.435+0000] {logging_mixin.py:188} INFO - [2026-07-06T16:54:18.434+0000] {dag.py:3036} INFO - Sync 1 DAGs
[2026-07-06T16:54:18.447+0000] {logging_mixin.py:188} INFO - [2026-07-06T16:54:18.447+0000] {dag.py:3823} INFO - Setting next_dagrun for dag_enriquecimento_dados to None, run_after=None
[2026-07-06T16:54:18.466+0000] {processor.py:183} INFO - Processing /opt/airflow/dags/dag_enriquecimento_dados.py took 0.067 seconds
[2026-07-06T16:54:48.608+0000] {processor.py:161} INFO - Started process (PID=912) to work on /opt/airflow/dags/dag_enriquecimento_dados.py
[2026-07-06T16:54:48.609+0000] {processor.py:830} INFO - Processing file /opt/airflow/dags/dag_enriquecimento_dados.py for tasks to queue
[2026-07-06T16:54:48.610+0000] {logging_mixin.py:188} INFO - [2026-07-06T16:54:48.609+0000] {dagbag.py:538} INFO - Filling up the DagBag from /opt/airflow/dags/dag_enriquecimento_dados.py
[2026-07-06T16:54:48.618+0000] {processor.py:840} INFO - DAG(s) 'dag_enriquecimento_dados' retrieved from /opt/airflow/dags/dag_enriquecimento_dados.py
[2026-07-06T16:54:48.641+0000] {logging_mixin.py:188} INFO - [2026-07-06T16:54:48.640+0000] {dag.py:3036} INFO - Sync 1 DAGs
[2026-07-06T16:54:48.653+0000] {logging_mixin.py:188} INFO - [2026-07-06T16:54:48.653+0000] {dag.py:3823} INFO - Setting next_dagrun for dag_enriquecimento_dados to None, run_after=None
[2026-07-06T16:54:48.674+0000] {processor.py:183} INFO - Processing /opt/airflow/dags/dag_enriquecimento_dados.py took 0.069 seconds
[2026-07-06T16:55:18.811+0000] {processor.py:161} INFO - Started process (PID=927) to work on /opt/airflow/dags/dag_enriquecimento_dados.py
[2026-07-06T16:55:18.812+0000] {processor.py:830} INFO - Processing file /opt/airflow/dags/dag_enriquecimento_dados.py for tasks to queue
[2026-07-06T16:55:18.813+0000] {logging_mixin.py:188} INFO - [2026-07-06T16:55:18.812+0000] {dagbag.py:538} INFO - Filling up the DagBag from /opt/airflow/dags/dag_enriquecimento_dados.py
[2026-07-06T16:55:18.821+0000] {processor.py:840} INFO - DAG(s) 'dag_enriquecimento_dados' retrieved from /opt/airflow/dags/dag_enriquecimento_dados.py
[2026-07-06T16:55:18.843+0000] {logging_mixin.py:188} INFO - [2026-07-06T16:55:18.843+0000] {dag.py:3036} INFO - Sync 1 DAGs
[2026-07-06T16:55:18.856+0000] {logging_mixin.py:188} INFO - [2026-07-06T16:55:18.855+0000] {dag.py:3823} INFO - Setting next_dagrun for dag_enriquecimento_dados to None, run_after=None
[2026-07-06T16:55:18.876+0000] {processor.py:183} INFO - Processing /opt/airflow/dags/dag_enriquecimento_dados.py took 0.068 seconds
[2026-07-06T16:55:49.027+0000] {processor.py:161} INFO - Started process (PID=942) to work on /opt/airflow/dags/dag_enriquecimento_dados.py
[2026-07-06T16:55:49.028+0000] {processor.py:830} INFO - Processing file /opt/airflow/dags/dag_enriquecimento_dados.py for tasks to queue
[2026-07-06T16:55:49.028+0000] {logging_mixin.py:188} INFO - [2026-07-06T16:55:49.028+0000] {dagbag.py:538} INFO - Filling up the DagBag from /opt/airflow/dags/dag_enriquecimento_dados.py
[2026-07-06T16:55:49.037+0000] {processor.py:840} INFO - DAG(s) 'dag_enriquecimento_dados' retrieved from /opt/airflow/dags/dag_enriquecimento_dados.py
[2026-07-06T16:55:49.061+0000] {logging_mixin.py:188} INFO - [2026-07-06T16:55:49.061+0000] {dag.py:3036} INFO - Sync 1 DAGs
[2026-07-06T16:55:49.073+0000] {logging_mixin.py:188} INFO - [2026-07-06T16:55:49.073+0000] {dag.py:3823} INFO - Setting next_dagrun for dag_enriquecimento_dados to None, run_after=None
[2026-07-06T16:55:49.093+0000] {processor.py:183} INFO - Processing /opt/airflow/dags/dag_enriquecimento_dados.py took 0.071 seconds
[2026-07-06T16:56:19.232+0000] {processor.py:161} INFO - Started process (PID=957) to work on /opt/airflow/dags/dag_enriquecimento_dados.py
[2026-07-06T16:56:19.233+0000] {processor.py:830} INFO - Processing file /opt/airflow/dags/dag_enriquecimento_dados.py for tasks to queue
[2026-07-06T16:56:19.234+0000] {logging_mixin.py:188} INFO - [2026-07-06T16:56:19.233+0000] {dagbag.py:538} INFO - Filling up the DagBag from /opt/airflow/dags/dag_enriquecimento_dados.py
[2026-07-06T16:56:19.242+0000] {processor.py:840} INFO - DAG(s) 'dag_enriquecimento_dados' retrieved from /opt/airflow/dags/dag_enriquecimento_dados.py
[2026-07-06T16:56:19.265+0000] {logging_mixin.py:188} INFO - [2026-07-06T16:56:19.265+0000] {dag.py:3036} INFO - Sync 1 DAGs
[2026-07-06T16:56:19.278+0000] {logging_mixin.py:188} INFO - [2026-07-06T16:56:19.277+0000] {dag.py:3823} INFO - Setting next_dagrun for dag_enriquecimento_dados to None, run_after=None
[2026-07-06T16:56:19.298+0000] {processor.py:183} INFO - Processing /opt/airflow/dags/dag_enriquecimento_dados.py took 0.069 seconds
[2026-07-06T16:56:49.439+0000] {processor.py:161} INFO - Started process (PID=972) to work on /opt/airflow/dags/dag_enriquecimento_dados.py
[2026-07-06T16:56:49.439+0000] {processor.py:830} INFO - Processing file /opt/airflow/dags/dag_enriquecimento_dados.py for tasks to queue
[2026-07-06T16:56:49.440+0000] {logging_mixin.py:188} INFO - [2026-07-06T16:56:49.440+0000] {dagbag.py:538} INFO - Filling up the DagBag from /opt/airflow/dags/dag_enriquecimento_dados.py
[2026-07-06T16:56:49.449+0000] {processor.py:840} INFO - DAG(s) 'dag_enriquecimento_dados' retrieved from /opt/airflow/dags/dag_enriquecimento_dados.py
[2026-07-06T16:56:49.471+0000] {logging_mixin.py:188} INFO - [2026-07-06T16:56:49.471+0000] {dag.py:3036} INFO - Sync 1 DAGs
[2026-07-06T16:56:49.484+0000] {logging_mixin.py:188} INFO - [2026-07-06T16:56:49.484+0000] {dag.py:3823} INFO - Setting next_dagrun for dag_enriquecimento_dados to None, run_after=None
[2026-07-06T16:56:49.503+0000] {processor.py:183} INFO - Processing /opt/airflow/dags/dag_enriquecimento_dados.py took 0.067 seconds
[2026-07-06T16:57:19.644+0000] {processor.py:161} INFO - Started process (PID=987) to work on /opt/airflow/dags/dag_enriquecimento_dados.py
[2026-07-06T16:57:19.645+0000] {processor.py:830} INFO - Processing file /opt/airflow/dags/dag_enriquecimento_dados.py for tasks to queue
[2026-07-06T16:57:19.646+0000] {logging_mixin.py:188} INFO - [2026-07-06T16:57:19.646+0000] {dagbag.py:538} INFO - Filling up the DagBag from /opt/airflow/dags/dag_enriquecimento_dados.py
[2026-07-06T16:57:19.655+0000] {processor.py:840} INFO - DAG(s) 'dag_enriquecimento_dados' retrieved from /opt/airflow/dags/dag_enriquecimento_dados.py
[2026-07-06T16:57:19.677+0000] {logging_mixin.py:188} INFO - [2026-07-06T16:57:19.677+0000] {dag.py:3036} INFO - Sync 1 DAGs
[2026-07-06T16:57:19.691+0000] {logging_mixin.py:188} INFO - [2026-07-06T16:57:19.690+0000] {dag.py:3823} INFO - Setting next_dagrun for dag_enriquecimento_dados to None, run_after=None
[2026-07-06T16:57:19.710+0000] {processor.py:183} INFO - Processing /opt/airflow/dags/dag_enriquecimento_dados.py took 0.069 seconds
[2026-07-06T16:57:49.851+0000] {processor.py:161} INFO - Started process (PID=1002) to work on /opt/airflow/dags/dag_enriquecimento_dados.py
[2026-07-06T16:57:49.852+0000] {processor.py:830} INFO - Processing file /opt/airflow/dags/dag_enriquecimento_dados.py for tasks to queue
[2026-07-06T16:57:49.853+0000] {logging_mixin.py:188} INFO - [2026-07-06T16:57:49.852+0000] {dagbag.py:538} INFO - Filling up the DagBag from /opt/airflow/dags/dag_enriquecimento_dados.py
[2026-07-06T16:57:49.862+0000] {processor.py:840} INFO - DAG(s) 'dag_enriquecimento_dados' retrieved from /opt/airflow/dags/dag_enriquecimento_dados.py
[2026-07-06T16:57:49.885+0000] {logging_mixin.py:188} INFO - [2026-07-06T16:57:49.884+0000] {dag.py:3036} INFO - Sync 1 DAGs
[2026-07-06T16:57:49.898+0000] {logging_mixin.py:188} INFO - [2026-07-06T16:57:49.898+0000] {dag.py:3823} INFO - Setting next_dagrun for dag_enriquecimento_dados to None, run_after=None
[2026-07-06T16:57:49.919+0000] {processor.py:183} INFO - Processing /opt/airflow/dags/dag_enriquecimento_dados.py took 0.071 seconds
[2026-07-06T16:58:20.058+0000] {processor.py:161} INFO - Started process (PID=1017) to work on /opt/airflow/dags/dag_enriquecimento_dados.py
[2026-07-06T16:58:20.059+0000] {processor.py:830} INFO - Processing file /opt/airflow/dags/dag_enriquecimento_dados.py for tasks to queue
[2026-07-06T16:58:20.059+0000] {logging_mixin.py:188} INFO - [2026-07-06T16:58:20.059+0000] {dagbag.py:538} INFO - Filling up the DagBag from /opt/airflow/dags/dag_enriquecimento_dados.py
[2026-07-06T16:58:20.068+0000] {processor.py:840} INFO - DAG(s) 'dag_enriquecimento_dados' retrieved from /opt/airflow/dags/dag_enriquecimento_dados.py
[2026-07-06T16:58:20.091+0000] {logging_mixin.py:188} INFO - [2026-07-06T16:58:20.091+0000] {dag.py:3036} INFO - Sync 1 DAGs
[2026-07-06T16:58:20.103+0000] {logging_mixin.py:188} INFO - [2026-07-06T16:58:20.103+0000] {dag.py:3823} INFO - Setting next_dagrun for dag_enriquecimento_dados to None, run_after=None
[2026-07-06T16:58:20.122+0000] {processor.py:183} INFO - Processing /opt/airflow/dags/dag_enriquecimento_dados.py took 0.067 seconds
[2026-07-06T16:58:50.268+0000] {processor.py:161} INFO - Started process (PID=1032) to work on /opt/airflow/dags/dag_enriquecimento_dados.py
[2026-07-06T16:58:50.269+0000] {processor.py:830} INFO - Processing file /opt/airflow/dags/dag_enriquecimento_dados.py for tasks to queue
[2026-07-06T16:58:50.270+0000] {logging_mixin.py:188} INFO - [2026-07-06T16:58:50.269+0000] {dagbag.py:538} INFO - Filling up the DagBag from /opt/airflow/dags/dag_enriquecimento_dados.py
[2026-07-06T16:58:50.279+0000] {processor.py:840} INFO - DAG(s) 'dag_enriquecimento_dados' retrieved from /opt/airflow/dags/dag_enriquecimento_dados.py
[2026-07-06T16:58:50.302+0000] {logging_mixin.py:188} INFO - [2026-07-06T16:58:50.301+0000] {dag.py:3036} INFO - Sync 1 DAGs
[2026-07-06T16:58:50.314+0000] {logging_mixin.py:188} INFO - [2026-07-06T16:58:50.314+0000] {dag.py:3823} INFO - Setting next_dagrun for dag_enriquecimento_dados to None, run_after=None
[2026-07-06T16:58:50.334+0000] {processor.py:183} INFO - Processing /opt/airflow/dags/dag_enriquecimento_dados.py took 0.070 seconds
[2026-07-06T16:59:20.473+0000] {processor.py:161} INFO - Started process (PID=1047) to work on /opt/airflow/dags/dag_enriquecimento_dados.py
[2026-07-06T16:59:20.473+0000] {processor.py:830} INFO - Processing file /opt/airflow/dags/dag_enriquecimento_dados.py for tasks to queue
[2026-07-06T16:59:20.474+0000] {logging_mixin.py:188} INFO - [2026-07-06T16:59:20.474+0000] {dagbag.py:538} INFO - Filling up the DagBag from /opt/airflow/dags/dag_enriquecimento_dados.py
[2026-07-06T16:59:20.483+0000] {processor.py:840} INFO - DAG(s) 'dag_enriquecimento_dados' retrieved from /opt/airflow/dags/dag_enriquecimento_dados.py
[2026-07-06T16:59:20.507+0000] {logging_mixin.py:188} INFO - [2026-07-06T16:59:20.507+0000] {dag.py:3036} INFO - Sync 1 DAGs
[2026-07-06T16:59:20.519+0000] {logging_mixin.py:188} INFO - [2026-07-06T16:59:20.519+0000] {dag.py:3823} INFO - Setting next_dagrun for dag_enriquecimento_dados to None, run_after=None
[2026-07-06T16:59:20.540+0000] {processor.py:183} INFO - Processing /opt/airflow/dags/dag_enriquecimento_dados.py took 0.071 seconds
[2026-07-06T16:59:50.686+0000] {processor.py:161} INFO - Started process (PID=1062) to work on /opt/airflow/dags/dag_enriquecimento_dados.py
[2026-07-06T16:59:50.687+0000] {processor.py:830} INFO - Processing file /opt/airflow/dags/dag_enriquecimento_dados.py for tasks to queue
[2026-07-06T16:59:50.687+0000] {logging_mixin.py:188} INFO - [2026-07-06T16:59:50.687+0000] {dagbag.py:538} INFO - Filling up the DagBag from /opt/airflow/dags/dag_enriquecimento_dados.py
[2026-07-06T16:59:50.696+0000] {processor.py:840} INFO - DAG(s) 'dag_enriquecimento_dados' retrieved from /opt/airflow/dags/dag_enriquecimento_dados.py
[2026-07-06T16:59:50.721+0000] {logging_mixin.py:188} INFO - [2026-07-06T16:59:50.721+0000] {dag.py:3036} INFO - Sync 1 DAGs
[2026-07-06T16:59:50.735+0000] {logging_mixin.py:188} INFO - [2026-07-06T16:59:50.735+0000] {dag.py:3823} INFO - Setting next_dagrun for dag_enriquecimento_dados to None, run_after=None
[2026-07-06T16:59:50.756+0000] {processor.py:183} INFO - Processing /opt/airflow/dags/dag_enriquecimento_dados.py took 0.073 seconds
[2026-07-06T17:00:20.898+0000] {processor.py:161} INFO - Started process (PID=1077) to work on /opt/airflow/dags/dag_enriquecimento_dados.py
[2026-07-06T17:00:20.899+0000] {processor.py:830} INFO - Processing file /opt/airflow/dags/dag_enriquecimento_dados.py for tasks to queue
[2026-07-06T17:00:20.899+0000] {logging_mixin.py:188} INFO - [2026-07-06T17:00:20.899+0000] {dagbag.py:538} INFO - Filling up the DagBag from /opt/airflow/dags/dag_enriquecimento_dados.py
[2026-07-06T17:00:20.909+0000] {processor.py:840} INFO - DAG(s) 'dag_enriquecimento_dados' retrieved from /opt/airflow/dags/dag_enriquecimento_dados.py
[2026-07-06T17:00:20.932+0000] {logging_mixin.py:188} INFO - [2026-07-06T17:00:20.932+0000] {dag.py:3036} INFO - Sync 1 DAGs
[2026-07-06T17:00:20.946+0000] {logging_mixin.py:188} INFO - [2026-07-06T17:00:20.946+0000] {dag.py:3823} INFO - Setting next_dagrun for dag_enriquecimento_dados to None, run_after=None
[2026-07-06T17:00:20.968+0000] {processor.py:183} INFO - Processing /opt/airflow/dags/dag_enriquecimento_dados.py took 0.073 seconds
[2026-07-06T17:00:51.131+0000] {processor.py:161} INFO - Started process (PID=1092) to work on /opt/airflow/dags/dag_enriquecimento_dados.py
[2026-07-06T17:00:51.132+0000] {processor.py:830} INFO - Processing file /opt/airflow/dags/dag_enriquecimento_dados.py for tasks to queue
[2026-07-06T17:00:51.132+0000] {logging_mixin.py:188} INFO - [2026-07-06T17:00:51.132+0000] {dagbag.py:538} INFO - Filling up the DagBag from /opt/airflow/dags/dag_enriquecimento_dados.py
[2026-07-06T17:00:51.141+0000] {processor.py:840} INFO - DAG(s) 'dag_enriquecimento_dados' retrieved from /opt/airflow/dags/dag_enriquecimento_dados.py
[2026-07-06T17:00:51.163+0000] {logging_mixin.py:188} INFO - [2026-07-06T17:00:51.163+0000] {dag.py:3036} INFO - Sync 1 DAGs
[2026-07-06T17:00:51.176+0000] {logging_mixin.py:188} INFO - [2026-07-06T17:00:51.176+0000] {dag.py:3823} INFO - Setting next_dagrun for dag_enriquecimento_dados to None, run_after=None
[2026-07-06T17:00:51.195+0000] {processor.py:183} INFO - Processing /opt/airflow/dags/dag_enriquecimento_dados.py took 0.067 seconds
[2026-07-06T17:01:21.336+0000] {processor.py:161} INFO - Started process (PID=1107) to work on /opt/airflow/dags/dag_enriquecimento_dados.py
[2026-07-06T17:01:21.337+0000] {processor.py:830} INFO - Processing file /opt/airflow/dags/dag_enriquecimento_dados.py for tasks to queue
[2026-07-06T17:01:21.337+0000] {logging_mixin.py:188} INFO - [2026-07-06T17:01:21.337+0000] {dagbag.py:538} INFO - Filling up the DagBag from /opt/airflow/dags/dag_enriquecimento_dados.py
[2026-07-06T17:01:21.346+0000] {processor.py:840} INFO - DAG(s) 'dag_enriquecimento_dados' retrieved from /opt/airflow/dags/dag_enriquecimento_dados.py
[2026-07-06T17:01:21.370+0000] {logging_mixin.py:188} INFO - [2026-07-06T17:01:21.369+0000] {dag.py:3036} INFO - Sync 1 DAGs
[2026-07-06T17:01:21.382+0000] {logging_mixin.py:188} INFO - [2026-07-06T17:01:21.382+0000] {dag.py:3823} INFO - Setting next_dagrun for dag_enriquecimento_dados to None, run_after=None
[2026-07-06T17:01:21.403+0000] {processor.py:183} INFO - Processing /opt/airflow/dags/dag_enriquecimento_dados.py took 0.070 seconds
[2026-07-06T17:01:51.546+0000] {processor.py:161} INFO - Started process (PID=1122) to work on /opt/airflow/dags/dag_enriquecimento_dados.py
[2026-07-06T17:01:51.547+0000] {processor.py:830} INFO - Processing file /opt/airflow/dags/dag_enriquecimento_dados.py for tasks to queue
[2026-07-06T17:01:51.548+0000] {logging_mixin.py:188} INFO - [2026-07-06T17:01:51.548+0000] {dagbag.py:538} INFO - Filling up the DagBag from /opt/airflow/dags/dag_enriquecimento_dados.py
[2026-07-06T17:01:51.557+0000] {processor.py:840} INFO - DAG(s) 'dag_enriquecimento_dados' retrieved from /opt/airflow/dags/dag_enriquecimento_dados.py
[2026-07-06T17:01:51.581+0000] {logging_mixin.py:188} INFO - [2026-07-06T17:01:51.581+0000] {dag.py:3036} INFO - Sync 1 DAGs
[2026-07-06T17:01:51.595+0000] {logging_mixin.py:188} INFO - [2026-07-06T17:01:51.595+0000] {dag.py:3823} INFO - Setting next_dagrun for dag_enriquecimento_dados to None, run_after=None
[2026-07-06T17:01:51.623+0000] {processor.py:183} INFO - Processing /opt/airflow/dags/dag_enriquecimento_dados.py took 0.080 seconds
[2026-07-06T17:02:21.764+0000] {processor.py:161} INFO - Started process (PID=1137) to work on /opt/airflow/dags/dag_enriquecimento_dados.py
[2026-07-06T17:02:21.764+0000] {processor.py:830} INFO - Processing file /opt/airflow/dags/dag_enriquecimento_dados.py for tasks to queue
[2026-07-06T17:02:21.766+0000] {logging_mixin.py:188} INFO - [2026-07-06T17:02:21.766+0000] {dagbag.py:538} INFO - Filling up the DagBag from /opt/airflow/dags/dag_enriquecimento_dados.py
[2026-07-06T17:02:21.775+0000] {processor.py:840} INFO - DAG(s) 'dag_enriquecimento_dados' retrieved from /opt/airflow/dags/dag_enriquecimento_dados.py
[2026-07-06T17:02:21.798+0000] {logging_mixin.py:188} INFO - [2026-07-06T17:02:21.798+0000] {dag.py:3036} INFO - Sync 1 DAGs
[2026-07-06T17:02:21.810+0000] {logging_mixin.py:188} INFO - [2026-07-06T17:02:21.810+0000] {dag.py:3823} INFO - Setting next_dagrun for dag_enriquecimento_dados to None, run_after=None
[2026-07-06T17:02:21.831+0000] {processor.py:183} INFO - Processing /opt/airflow/dags/dag_enriquecimento_dados.py took 0.070 seconds
[2026-07-06T17:02:51.973+0000] {processor.py:161} INFO - Started process (PID=1152) to work on /opt/airflow/dags/dag_enriquecimento_dados.py
[2026-07-06T17:02:51.974+0000] {processor.py:830} INFO - Processing file /opt/airflow/dags/dag_enriquecimento_dados.py for tasks to queue
[2026-07-06T17:02:51.975+0000] {logging_mixin.py:188} INFO - [2026-07-06T17:02:51.974+0000] {dagbag.py:538} INFO - Filling up the DagBag from /opt/airflow/dags/dag_enriquecimento_dados.py
[2026-07-06T17:02:51.983+0000] {processor.py:840} INFO - DAG(s) 'dag_enriquecimento_dados' retrieved from /opt/airflow/dags/dag_enriquecimento_dados.py
[2026-07-06T17:02:52.008+0000] {logging_mixin.py:188} INFO - [2026-07-06T17:02:52.008+0000] {dag.py:3036} INFO - Sync 1 DAGs
[2026-07-06T17:02:52.022+0000] {logging_mixin.py:188} INFO - [2026-07-06T17:02:52.022+0000] {dag.py:3823} INFO - Setting next_dagrun for dag_enriquecimento_dados to None, run_after=None
[2026-07-06T17:02:52.043+0000] {processor.py:183} INFO - Processing /opt/airflow/dags/dag_enriquecimento_dados.py took 0.073 seconds
[2026-07-06T17:03:22.182+0000] {processor.py:161} INFO - Started process (PID=1167) to work on /opt/airflow/dags/dag_enriquecimento_dados.py
[2026-07-06T17:03:22.183+0000] {processor.py:830} INFO - Processing file /opt/airflow/dags/dag_enriquecimento_dados.py for tasks to queue
[2026-07-06T17:03:22.184+0000] {logging_mixin.py:188} INFO - [2026-07-06T17:03:22.184+0000] {dagbag.py:538} INFO - Filling up the DagBag from /opt/airflow/dags/dag_enriquecimento_dados.py
[2026-07-06T17:03:22.192+0000] {processor.py:840} INFO - DAG(s) 'dag_enriquecimento_dados' retrieved from /opt/airflow/dags/dag_enriquecimento_dados.py
[2026-07-06T17:03:22.215+0000] {logging_mixin.py:188} INFO - [2026-07-06T17:03:22.215+0000] {dag.py:3036} INFO - Sync 1 DAGs
[2026-07-06T17:03:22.229+0000] {logging_mixin.py:188} INFO - [2026-07-06T17:03:22.229+0000] {dag.py:3823} INFO - Setting next_dagrun for dag_enriquecimento_dados to None, run_after=None
[2026-07-06T17:03:22.249+0000] {processor.py:183} INFO - Processing /opt/airflow/dags/dag_enriquecimento_dados.py took 0.069 seconds
[2026-07-06T17:03:52.393+0000] {processor.py:161} INFO - Started process (PID=1182) to work on /opt/airflow/dags/dag_enriquecimento_dados.py
[2026-07-06T17:03:52.393+0000] {processor.py:830} INFO - Processing file /opt/airflow/dags/dag_enriquecimento_dados.py for tasks to queue
[2026-07-06T17:03:52.394+0000] {logging_mixin.py:188} INFO - [2026-07-06T17:03:52.394+0000] {dagbag.py:538} INFO - Filling up the DagBag from /opt/airflow/dags/dag_enriquecimento_dados.py
[2026-07-06T17:03:52.403+0000] {processor.py:840} INFO - DAG(s) 'dag_enriquecimento_dados' retrieved from /opt/airflow/dags/dag_enriquecimento_dados.py
[2026-07-06T17:03:52.427+0000] {logging_mixin.py:188} INFO - [2026-07-06T17:03:52.427+0000] {dag.py:3036} INFO - Sync 1 DAGs
[2026-07-06T17:03:52.439+0000] {logging_mixin.py:188} INFO - [2026-07-06T17:03:52.439+0000] {dag.py:3823} INFO - Setting next_dagrun for dag_enriquecimento_dados to None, run_after=None
[2026-07-06T17:03:52.460+0000] {processor.py:183} INFO - Processing /opt/airflow/dags/dag_enriquecimento_dados.py took 0.071 seconds
[2026-07-06T17:04:22.597+0000] {processor.py:161} INFO - Started process (PID=1197) to work on /opt/airflow/dags/dag_enriquecimento_dados.py
[2026-07-06T17:04:22.597+0000] {processor.py:830} INFO - Processing file /opt/airflow/dags/dag_enriquecimento_dados.py for tasks to queue
[2026-07-06T17:04:22.598+0000] {logging_mixin.py:188} INFO - [2026-07-06T17:04:22.598+0000] {dagbag.py:538} INFO - Filling up the DagBag from /opt/airflow/dags/dag_enriquecimento_dados.py
[2026-07-06T17:04:22.607+0000] {processor.py:840} INFO - DAG(s) 'dag_enriquecimento_dados' retrieved from /opt/airflow/dags/dag_enriquecimento_dados.py
[2026-07-06T17:04:22.631+0000] {logging_mixin.py:188} INFO - [2026-07-06T17:04:22.630+0000] {dag.py:3036} INFO - Sync 1 DAGs
[2026-07-06T17:04:22.643+0000] {logging_mixin.py:188} INFO - [2026-07-06T17:04:22.642+0000] {dag.py:3823} INFO - Setting next_dagrun for dag_enriquecimento_dados to None, run_after=None
[2026-07-06T17:04:22.662+0000] {processor.py:183} INFO - Processing /opt/airflow/dags/dag_enriquecimento_dados.py took 0.068 seconds
[2026-07-06T17:04:52.800+0000] {processor.py:161} INFO - Started process (PID=1212) to work on /opt/airflow/dags/dag_enriquecimento_dados.py
[2026-07-06T17:04:52.801+0000] {processor.py:830} INFO - Processing file /opt/airflow/dags/dag_enriquecimento_dados.py for tasks to queue
[2026-07-06T17:04:52.802+0000] {logging_mixin.py:188} INFO - [2026-07-06T17:04:52.801+0000] {dagbag.py:538} INFO - Filling up the DagBag from /opt/airflow/dags/dag_enriquecimento_dados.py
[2026-07-06T17:04:52.809+0000] {processor.py:840} INFO - DAG(s) 'dag_enriquecimento_dados' retrieved from /opt/airflow/dags/dag_enriquecimento_dados.py
[2026-07-06T17:04:52.831+0000] {logging_mixin.py:188} INFO - [2026-07-06T17:04:52.830+0000] {dag.py:3036} INFO - Sync 1 DAGs
[2026-07-06T17:04:52.842+0000] {logging_mixin.py:188} INFO - [2026-07-06T17:04:52.841+0000] {dag.py:3823} INFO - Setting next_dagrun for dag_enriquecimento_dados to None, run_after=None
[2026-07-06T17:04:52.859+0000] {processor.py:183} INFO - Processing /opt/airflow/dags/dag_enriquecimento_dados.py took 0.062 seconds
[2026-07-06T17:05:22.997+0000] {processor.py:161} INFO - Started process (PID=1227) to work on /opt/airflow/dags/dag_enriquecimento_dados.py
[2026-07-06T17:05:22.998+0000] {processor.py:830} INFO - Processing file /opt/airflow/dags/dag_enriquecimento_dados.py for tasks to queue
[2026-07-06T17:05:22.998+0000] {logging_mixin.py:188} INFO - [2026-07-06T17:05:22.998+0000] {dagbag.py:538} INFO - Filling up the DagBag from /opt/airflow/dags/dag_enriquecimento_dados.py
[2026-07-06T17:05:23.008+0000] {processor.py:840} INFO - DAG(s) 'dag_enriquecimento_dados' retrieved from /opt/airflow/dags/dag_enriquecimento_dados.py
[2026-07-06T17:05:23.029+0000] {logging_mixin.py:188} INFO - [2026-07-06T17:05:23.029+0000] {dag.py:3036} INFO - Sync 1 DAGs
[2026-07-06T17:05:23.041+0000] {logging_mixin.py:188} INFO - [2026-07-06T17:05:23.041+0000] {dag.py:3823} INFO - Setting next_dagrun for dag_enriquecimento_dados to None, run_after=None
[2026-07-06T17:05:23.058+0000] {processor.py:183} INFO - Processing /opt/airflow/dags/dag_enriquecimento_dados.py took 0.064 seconds
[2026-07-06T17:05:53.203+0000] {processor.py:161} INFO - Started process (PID=1242) to work on /opt/airflow/dags/dag_enriquecimento_dados.py
[2026-07-06T17:05:53.204+0000] {processor.py:830} INFO - Processing file /opt/airflow/dags/dag_enriquecimento_dados.py for tasks to queue
[2026-07-06T17:05:53.204+0000] {logging_mixin.py:188} INFO - [2026-07-06T17:05:53.204+0000] {dagbag.py:538} INFO - Filling up the DagBag from /opt/airflow/dags/dag_enriquecimento_dados.py
[2026-07-06T17:05:53.212+0000] {processor.py:840} INFO - DAG(s) 'dag_enriquecimento_dados' retrieved from /opt/airflow/dags/dag_enriquecimento_dados.py
[2026-07-06T17:05:53.234+0000] {logging_mixin.py:188} INFO - [2026-07-06T17:05:53.234+0000] {dag.py:3036} INFO - Sync 1 DAGs
[2026-07-06T17:05:53.245+0000] {logging_mixin.py:188} INFO - [2026-07-06T17:05:53.245+0000] {dag.py:3823} INFO - Setting next_dagrun for dag_enriquecimento_dados to None, run_after=None
[2026-07-06T17:05:53.263+0000] {processor.py:183} INFO - Processing /opt/airflow/dags/dag_enriquecimento_dados.py took 0.062 seconds
[2026-07-06T17:06:23.400+0000] {processor.py:161} INFO - Started process (PID=1257) to work on /opt/airflow/dags/dag_enriquecimento_dados.py
[2026-07-06T17:06:23.401+0000] {processor.py:830} INFO - Processing file /opt/airflow/dags/dag_enriquecimento_dados.py for tasks to queue
[2026-07-06T17:06:23.402+0000] {logging_mixin.py:188} INFO - [2026-07-06T17:06:23.401+0000] {dagbag.py:538} INFO - Filling up the DagBag from /opt/airflow/dags/dag_enriquecimento_dados.py
[2026-07-06T17:06:23.410+0000] {processor.py:840} INFO - DAG(s) 'dag_enriquecimento_dados' retrieved from /opt/airflow/dags/dag_enriquecimento_dados.py
[2026-07-06T17:06:23.432+0000] {logging_mixin.py:188} INFO - [2026-07-06T17:06:23.431+0000] {dag.py:3036} INFO - Sync 1 DAGs
[2026-07-06T17:06:23.446+0000] {logging_mixin.py:188} INFO - [2026-07-06T17:06:23.445+0000] {dag.py:3823} INFO - Setting next_dagrun for dag_enriquecimento_dados to None, run_after=None
[2026-07-06T17:06:23.465+0000] {processor.py:183} INFO - Processing /opt/airflow/dags/dag_enriquecimento_dados.py took 0.068 seconds
[2026-07-06T17:06:53.609+0000] {processor.py:161} INFO - Started process (PID=1272) to work on /opt/airflow/dags/dag_enriquecimento_dados.py
[2026-07-06T17:06:53.610+0000] {processor.py:830} INFO - Processing file /opt/airflow/dags/dag_enriquecimento_dados.py for tasks to queue
[2026-07-06T17:06:53.611+0000] {logging_mixin.py:188} INFO - [2026-07-06T17:06:53.610+0000] {dagbag.py:538} INFO - Filling up the DagBag from /opt/airflow/dags/dag_enriquecimento_dados.py
[2026-07-06T17:06:53.619+0000] {processor.py:840} INFO - DAG(s) 'dag_enriquecimento_dados' retrieved from /opt/airflow/dags/dag_enriquecimento_dados.py
[2026-07-06T17:06:53.641+0000] {logging_mixin.py:188} INFO - [2026-07-06T17:06:53.641+0000] {dag.py:3036} INFO - Sync 1 DAGs
[2026-07-06T17:06:53.653+0000] {logging_mixin.py:188} INFO - [2026-07-06T17:06:53.653+0000] {dag.py:3823} INFO - Setting next_dagrun for dag_enriquecimento_dados to None, run_after=None
[2026-07-06T17:06:53.673+0000] {processor.py:183} INFO - Processing /opt/airflow/dags/dag_enriquecimento_dados.py took 0.066 seconds
[2026-07-06T17:07:23.811+0000] {processor.py:161} INFO - Started process (PID=1287) to work on /opt/airflow/dags/dag_enriquecimento_dados.py
[2026-07-06T17:07:23.812+0000] {processor.py:830} INFO - Processing file /opt/airflow/dags/dag_enriquecimento_dados.py for tasks to queue
[2026-07-06T17:07:23.813+0000] {logging_mixin.py:188} INFO - [2026-07-06T17:07:23.812+0000] {dagbag.py:538} INFO - Filling up the DagBag from /opt/airflow/dags/dag_enriquecimento_dados.py
[2026-07-06T17:07:23.821+0000] {processor.py:840} INFO - DAG(s) 'dag_enriquecimento_dados' retrieved from /opt/airflow/dags/dag_enriquecimento_dados.py
[2026-07-06T17:07:23.842+0000] {logging_mixin.py:188} INFO - [2026-07-06T17:07:23.842+0000] {dag.py:3036} INFO - Sync 1 DAGs
[2026-07-06T17:07:23.854+0000] {logging_mixin.py:188} INFO - [2026-07-06T17:07:23.854+0000] {dag.py:3823} INFO - Setting next_dagrun for dag_enriquecimento_dados to None, run_after=None
[2026-07-06T17:07:23.872+0000] {processor.py:183} INFO - Processing /opt/airflow/dags/dag_enriquecimento_dados.py took 0.064 seconds
[2026-07-06T17:07:54.009+0000] {processor.py:161} INFO - Started process (PID=1302) to work on /opt/airflow/dags/dag_enriquecimento_dados.py
[2026-07-06T17:07:54.010+0000] {processor.py:830} INFO - Processing file /opt/airflow/dags/dag_enriquecimento_dados.py for tasks to queue
[2026-07-06T17:07:54.010+0000] {logging_mixin.py:188} INFO - [2026-07-06T17:07:54.010+0000] {dagbag.py:538} INFO - Filling up the DagBag from /opt/airflow/dags/dag_enriquecimento_dados.py
[2026-07-06T17:07:54.019+0000] {processor.py:840} INFO - DAG(s) 'dag_enriquecimento_dados' retrieved from /opt/airflow/dags/dag_enriquecimento_dados.py
[2026-07-06T17:07:54.040+0000] {logging_mixin.py:188} INFO - [2026-07-06T17:07:54.040+0000] {dag.py:3036} INFO - Sync 1 DAGs
[2026-07-06T17:07:54.051+0000] {logging_mixin.py:188} INFO - [2026-07-06T17:07:54.051+0000] {dag.py:3823} INFO - Setting next_dagrun for dag_enriquecimento_dados to None, run_after=None
[2026-07-06T17:07:54.071+0000] {processor.py:183} INFO - Processing /opt/airflow/dags/dag_enriquecimento_dados.py took 0.066 seconds
[2026-07-06T17:08:24.210+0000] {processor.py:161} INFO - Started process (PID=1317) to work on /opt/airflow/dags/dag_enriquecimento_dados.py
[2026-07-06T17:08:24.210+0000] {processor.py:830} INFO - Processing file /opt/airflow/dags/dag_enriquecimento_dados.py for tasks to queue
[2026-07-06T17:08:24.211+0000] {logging_mixin.py:188} INFO - [2026-07-06T17:08:24.211+0000] {dagbag.py:538} INFO - Filling up the DagBag from /opt/airflow/dags/dag_enriquecimento_dados.py
[2026-07-06T17:08:24.220+0000] {processor.py:840} INFO - DAG(s) 'dag_enriquecimento_dados' retrieved from /opt/airflow/dags/dag_enriquecimento_dados.py
[2026-07-06T17:08:24.242+0000] {logging_mixin.py:188} INFO - [2026-07-06T17:08:24.242+0000] {dag.py:3036} INFO - Sync 1 DAGs
[2026-07-06T17:08:24.254+0000] {logging_mixin.py:188} INFO - [2026-07-06T17:08:24.254+0000] {dag.py:3823} INFO - Setting next_dagrun for dag_enriquecimento_dados to None, run_after=None
[2026-07-06T17:08:24.272+0000] {processor.py:183} INFO - Processing /opt/airflow/dags/dag_enriquecimento_dados.py took 0.065 seconds
[2026-07-06T17:08:54.414+0000] {processor.py:161} INFO - Started process (PID=1332) to work on /opt/airflow/dags/dag_enriquecimento_dados.py
[2026-07-06T17:08:54.415+0000] {processor.py:830} INFO - Processing file /opt/airflow/dags/dag_enriquecimento_dados.py for tasks to queue
[2026-07-06T17:08:54.416+0000] {logging_mixin.py:188} INFO - [2026-07-06T17:08:54.415+0000] {dagbag.py:538} INFO - Filling up the DagBag from /opt/airflow/dags/dag_enriquecimento_dados.py
[2026-07-06T17:08:54.424+0000] {processor.py:840} INFO - DAG(s) 'dag_enriquecimento_dados' retrieved from /opt/airflow/dags/dag_enriquecimento_dados.py
[2026-07-06T17:08:54.448+0000] {logging_mixin.py:188} INFO - [2026-07-06T17:08:54.448+0000] {dag.py:3036} INFO - Sync 1 DAGs
[2026-07-06T17:08:54.461+0000] {logging_mixin.py:188} INFO - [2026-07-06T17:08:54.461+0000] {dag.py:3823} INFO - Setting next_dagrun for dag_enriquecimento_dados to None, run_after=None
[2026-07-06T17:08:54.479+0000] {processor.py:183} INFO - Processing /opt/airflow/dags/dag_enriquecimento_dados.py took 0.068 seconds
[2026-07-06T17:09:24.614+0000] {processor.py:161} INFO - Started process (PID=1347) to work on /opt/airflow/dags/dag_enriquecimento_dados.py
[2026-07-06T17:09:24.615+0000] {processor.py:830} INFO - Processing file /opt/airflow/dags/dag_enriquecimento_dados.py for tasks to queue
[2026-07-06T17:09:24.615+0000] {logging_mixin.py:188} INFO - [2026-07-06T17:09:24.615+0000] {dagbag.py:538} INFO - Filling up the DagBag from /opt/airflow/dags/dag_enriquecimento_dados.py
[2026-07-06T17:09:24.624+0000] {processor.py:840} INFO - DAG(s) 'dag_enriquecimento_dados' retrieved from /opt/airflow/dags/dag_enriquecimento_dados.py
[2026-07-06T17:09:24.646+0000] {logging_mixin.py:188} INFO - [2026-07-06T17:09:24.645+0000] {dag.py:3036} INFO - Sync 1 DAGs
[2026-07-06T17:09:24.658+0000] {logging_mixin.py:188} INFO - [2026-07-06T17:09:24.657+0000] {dag.py:3823} INFO - Setting next_dagrun for dag_enriquecimento_dados to None, run_after=None
[2026-07-06T17:09:24.675+0000] {processor.py:183} INFO - Processing /opt/airflow/dags/dag_enriquecimento_dados.py took 0.064 seconds
[2026-07-06T17:09:54.817+0000] {processor.py:161} INFO - Started process (PID=1362) to work on /opt/airflow/dags/dag_enriquecimento_dados.py
[2026-07-06T17:09:54.818+0000] {processor.py:830} INFO - Processing file /opt/airflow/dags/dag_enriquecimento_dados.py for tasks to queue
[2026-07-06T17:09:54.818+0000] {logging_mixin.py:188} INFO - [2026-07-06T17:09:54.818+0000] {dagbag.py:538} INFO - Filling up the DagBag from /opt/airflow/dags/dag_enriquecimento_dados.py
[2026-07-06T17:09:54.827+0000] {processor.py:840} INFO - DAG(s) 'dag_enriquecimento_dados' retrieved from /opt/airflow/dags/dag_enriquecimento_dados.py
[2026-07-06T17:09:54.848+0000] {logging_mixin.py:188} INFO - [2026-07-06T17:09:54.848+0000] {dag.py:3036} INFO - Sync 1 DAGs
[2026-07-06T17:09:54.859+0000] {logging_mixin.py:188} INFO - [2026-07-06T17:09:54.859+0000] {dag.py:3823} INFO - Setting next_dagrun for dag_enriquecimento_dados to None, run_after=None
[2026-07-06T17:09:54.877+0000] {processor.py:183} INFO - Processing /opt/airflow/dags/dag_enriquecimento_dados.py took 0.063 seconds
[2026-07-06T17:10:25.017+0000] {processor.py:161} INFO - Started process (PID=1377) to work on /opt/airflow/dags/dag_enriquecimento_dados.py
[2026-07-06T17:10:25.018+0000] {processor.py:830} INFO - Processing file /opt/airflow/dags/dag_enriquecimento_dados.py for tasks to queue
[2026-07-06T17:10:25.018+0000] {logging_mixin.py:188} INFO - [2026-07-06T17:10:25.018+0000] {dagbag.py:538} INFO - Filling up the DagBag from /opt/airflow/dags/dag_enriquecimento_dados.py
[2026-07-06T17:10:25.026+0000] {processor.py:840} INFO - DAG(s) 'dag_enriquecimento_dados' retrieved from /opt/airflow/dags/dag_enriquecimento_dados.py
[2026-07-06T17:10:25.048+0000] {logging_mixin.py:188} INFO - [2026-07-06T17:10:25.048+0000] {dag.py:3036} INFO - Sync 1 DAGs
[2026-07-06T17:10:25.060+0000] {logging_mixin.py:188} INFO - [2026-07-06T17:10:25.059+0000] {dag.py:3823} INFO - Setting next_dagrun for dag_enriquecimento_dados to None, run_after=None
[2026-07-06T17:10:25.078+0000] {processor.py:183} INFO - Processing /opt/airflow/dags/dag_enriquecimento_dados.py took 0.064 seconds
[2026-07-06T17:10:55.225+0000] {processor.py:161} INFO - Started process (PID=1392) to work on /opt/airflow/dags/dag_enriquecimento_dados.py
[2026-07-06T17:10:55.226+0000] {processor.py:830} INFO - Processing file /opt/airflow/dags/dag_enriquecimento_dados.py for tasks to queue
[2026-07-06T17:10:55.227+0000] {logging_mixin.py:188} INFO - [2026-07-06T17:10:55.226+0000] {dagbag.py:538} INFO - Filling up the DagBag from /opt/airflow/dags/dag_enriquecimento_dados.py
[2026-07-06T17:10:55.235+0000] {processor.py:840} INFO - DAG(s) 'dag_enriquecimento_dados' retrieved from /opt/airflow/dags/dag_enriquecimento_dados.py
[2026-07-06T17:10:55.257+0000] {logging_mixin.py:188} INFO - [2026-07-06T17:10:55.257+0000] {dag.py:3036} INFO - Sync 1 DAGs
[2026-07-06T17:10:55.269+0000] {logging_mixin.py:188} INFO - [2026-07-06T17:10:55.269+0000] {dag.py:3823} INFO - Setting next_dagrun for dag_enriquecimento_dados to None, run_after=None
[2026-07-06T17:10:55.287+0000] {processor.py:183} INFO - Processing /opt/airflow/dags/dag_enriquecimento_dados.py took 0.064 seconds
[2026-07-06T17:11:25.426+0000] {processor.py:161} INFO - Started process (PID=1407) to work on /opt/airflow/dags/dag_enriquecimento_dados.py
[2026-07-06T17:11:25.427+0000] {processor.py:830} INFO - Processing file /opt/airflow/dags/dag_enriquecimento_dados.py for tasks to queue
[2026-07-06T17:11:25.428+0000] {logging_mixin.py:188} INFO - [2026-07-06T17:11:25.427+0000] {dagbag.py:538} INFO - Filling up the DagBag from /opt/airflow/dags/dag_enriquecimento_dados.py
[2026-07-06T17:11:25.436+0000] {processor.py:840} INFO - DAG(s) 'dag_enriquecimento_dados' retrieved from /opt/airflow/dags/dag_enriquecimento_dados.py
[2026-07-06T17:11:25.457+0000] {logging_mixin.py:188} INFO - [2026-07-06T17:11:25.457+0000] {dag.py:3036} INFO - Sync 1 DAGs
[2026-07-06T17:11:25.467+0000] {logging_mixin.py:188} INFO - [2026-07-06T17:11:25.467+0000] {dag.py:3823} INFO - Setting next_dagrun for dag_enriquecimento_dados to None, run_after=None
[2026-07-06T17:11:25.486+0000] {processor.py:183} INFO - Processing /opt/airflow/dags/dag_enriquecimento_dados.py took 0.063 seconds
[2026-07-06T17:11:55.627+0000] {processor.py:161} INFO - Started process (PID=1422) to work on /opt/airflow/dags/dag_enriquecimento_dados.py
[2026-07-06T17:11:55.628+0000] {processor.py:830} INFO - Processing file /opt/airflow/dags/dag_enriquecimento_dados.py for tasks to queue
[2026-07-06T17:11:55.629+0000] {logging_mixin.py:188} INFO - [2026-07-06T17:11:55.628+0000] {dagbag.py:538} INFO - Filling up the DagBag from /opt/airflow/dags/dag_enriquecimento_dados.py
[2026-07-06T17:11:55.637+0000] {processor.py:840} INFO - DAG(s) 'dag_enriquecimento_dados' retrieved from /opt/airflow/dags/dag_enriquecimento_dados.py
[2026-07-06T17:11:55.658+0000] {logging_mixin.py:188} INFO - [2026-07-06T17:11:55.658+0000] {dag.py:3036} INFO - Sync 1 DAGs
[2026-07-06T17:11:55.670+0000] {logging_mixin.py:188} INFO - [2026-07-06T17:11:55.670+0000] {dag.py:3823} INFO - Setting next_dagrun for dag_enriquecimento_dados to None, run_after=None
[2026-07-06T17:11:55.689+0000] {processor.py:183} INFO - Processing /opt/airflow/dags/dag_enriquecimento_dados.py took 0.065 seconds
[2026-07-06T17:12:25.825+0000] {processor.py:161} INFO - Started process (PID=1437) to work on /opt/airflow/dags/dag_enriquecimento_dados.py
[2026-07-06T17:12:25.826+0000] {processor.py:830} INFO - Processing file /opt/airflow/dags/dag_enriquecimento_dados.py for tasks to queue
[2026-07-06T17:12:25.826+0000] {logging_mixin.py:188} INFO - [2026-07-06T17:12:25.826+0000] {dagbag.py:538} INFO - Filling up the DagBag from /opt/airflow/dags/dag_enriquecimento_dados.py
[2026-07-06T17:12:25.834+0000] {processor.py:840} INFO - DAG(s) 'dag_enriquecimento_dados' retrieved from /opt/airflow/dags/dag_enriquecimento_dados.py
[2026-07-06T17:12:25.857+0000] {logging_mixin.py:188} INFO - [2026-07-06T17:12:25.857+0000] {dag.py:3036} INFO - Sync 1 DAGs
[2026-07-06T17:12:25.869+0000] {logging_mixin.py:188} INFO - [2026-07-06T17:12:25.869+0000] {dag.py:3823} INFO - Setting next_dagrun for dag_enriquecimento_dados to None, run_after=None
[2026-07-06T17:12:25.888+0000] {processor.py:183} INFO - Processing /opt/airflow/dags/dag_enriquecimento_dados.py took 0.066 seconds
[2026-07-06T17:12:56.032+0000] {processor.py:161} INFO - Started process (PID=1452) to work on /opt/airflow/dags/dag_enriquecimento_dados.py
[2026-07-06T17:12:56.032+0000] {processor.py:830} INFO - Processing file /opt/airflow/dags/dag_enriquecimento_dados.py for tasks to queue
[2026-07-06T17:12:56.033+0000] {logging_mixin.py:188} INFO - [2026-07-06T17:12:56.033+0000] {dagbag.py:538} INFO - Filling up the DagBag from /opt/airflow/dags/dag_enriquecimento_dados.py
[2026-07-06T17:12:56.042+0000] {processor.py:840} INFO - DAG(s) 'dag_enriquecimento_dados' retrieved from /opt/airflow/dags/dag_enriquecimento_dados.py
[2026-07-06T17:12:56.064+0000] {logging_mixin.py:188} INFO - [2026-07-06T17:12:56.064+0000] {dag.py:3036} INFO - Sync 1 DAGs
[2026-07-06T17:12:56.075+0000] {logging_mixin.py:188} INFO - [2026-07-06T17:12:56.075+0000] {dag.py:3823} INFO - Setting next_dagrun for dag_enriquecimento_dados to None, run_after=None
[2026-07-06T17:12:56.094+0000] {processor.py:183} INFO - Processing /opt/airflow/dags/dag_enriquecimento_dados.py took 0.065 seconds
[2026-07-06T17:13:26.234+0000] {processor.py:161} INFO - Started process (PID=1467) to work on /opt/airflow/dags/dag_enriquecimento_dados.py
[2026-07-06T17:13:26.235+0000] {processor.py:830} INFO - Processing file /opt/airflow/dags/dag_enriquecimento_dados.py for tasks to queue
[2026-07-06T17:13:26.235+0000] {logging_mixin.py:188} INFO - [2026-07-06T17:13:26.235+0000] {dagbag.py:538} INFO - Filling up the DagBag from /opt/airflow/dags/dag_enriquecimento_dados.py
[2026-07-06T17:13:26.243+0000] {processor.py:840} INFO - DAG(s) 'dag_enriquecimento_dados' retrieved from /opt/airflow/dags/dag_enriquecimento_dados.py
[2026-07-06T17:13:26.265+0000] {logging_mixin.py:188} INFO - [2026-07-06T17:13:26.264+0000] {dag.py:3036} INFO - Sync 1 DAGs
[2026-07-06T17:13:26.278+0000] {logging_mixin.py:188} INFO - [2026-07-06T17:13:26.277+0000] {dag.py:3823} INFO - Setting next_dagrun for dag_enriquecimento_dados to None, run_after=None
[2026-07-06T17:13:26.296+0000] {processor.py:183} INFO - Processing /opt/airflow/dags/dag_enriquecimento_dados.py took 0.065 seconds
[2026-07-06T17:13:56.438+0000] {processor.py:161} INFO - Started process (PID=1482) to work on /opt/airflow/dags/dag_enriquecimento_dados.py
[2026-07-06T17:13:56.439+0000] {processor.py:830} INFO - Processing file /opt/airflow/dags/dag_enriquecimento_dados.py for tasks to queue
[2026-07-06T17:13:56.440+0000] {logging_mixin.py:188} INFO - [2026-07-06T17:13:56.439+0000] {dagbag.py:538} INFO - Filling up the DagBag from /opt/airflow/dags/dag_enriquecimento_dados.py
[2026-07-06T17:13:56.448+0000] {processor.py:840} INFO - DAG(s) 'dag_enriquecimento_dados' retrieved from /opt/airflow/dags/dag_enriquecimento_dados.py
[2026-07-06T17:13:56.470+0000] {logging_mixin.py:188} INFO - [2026-07-06T17:13:56.470+0000] {dag.py:3036} INFO - Sync 1 DAGs
[2026-07-06T17:13:56.482+0000] {logging_mixin.py:188} INFO - [2026-07-06T17:13:56.481+0000] {dag.py:3823} INFO - Setting next_dagrun for dag_enriquecimento_dados to None, run_after=None
[2026-07-06T17:13:56.499+0000] {processor.py:183} INFO - Processing /opt/airflow/dags/dag_enriquecimento_dados.py took 0.064 seconds
[2026-07-06T17:14:26.641+0000] {processor.py:161} INFO - Started process (PID=1497) to work on /opt/airflow/dags/dag_enriquecimento_dados.py
[2026-07-06T17:14:26.641+0000] {processor.py:830} INFO - Processing file /opt/airflow/dags/dag_enriquecimento_dados.py for tasks to queue
[2026-07-06T17:14:26.642+0000] {logging_mixin.py:188} INFO - [2026-07-06T17:14:26.642+0000] {dagbag.py:538} INFO - Filling up the DagBag from /opt/airflow/dags/dag_enriquecimento_dados.py
[2026-07-06T17:14:26.650+0000] {processor.py:840} INFO - DAG(s) 'dag_enriquecimento_dados' retrieved from /opt/airflow/dags/dag_enriquecimento_dados.py
[2026-07-06T17:14:26.672+0000] {logging_mixin.py:188} INFO - [2026-07-06T17:14:26.672+0000] {dag.py:3036} INFO - Sync 1 DAGs
[2026-07-06T17:14:26.683+0000] {logging_mixin.py:188} INFO - [2026-07-06T17:14:26.683+0000] {dag.py:3823} INFO - Setting next_dagrun for dag_enriquecimento_dados to None, run_after=None
[2026-07-06T17:14:26.702+0000] {processor.py:183} INFO - Processing /opt/airflow/dags/dag_enriquecimento_dados.py took 0.064 seconds
[2026-07-06T17:14:56.839+0000] {processor.py:161} INFO - Started process (PID=1512) to work on /opt/airflow/dags/dag_enriquecimento_dados.py
[2026-07-06T17:14:56.840+0000] {processor.py:830} INFO - Processing file /opt/airflow/dags/dag_enriquecimento_dados.py for tasks to queue
[2026-07-06T17:14:56.841+0000] {logging_mixin.py:188} INFO - [2026-07-06T17:14:56.840+0000] {dagbag.py:538} INFO - Filling up the DagBag from /opt/airflow/dags/dag_enriquecimento_dados.py
[2026-07-06T17:14:56.849+0000] {processor.py:840} INFO - DAG(s) 'dag_enriquecimento_dados' retrieved from /opt/airflow/dags/dag_enriquecimento_dados.py
[2026-07-06T17:14:56.871+0000] {logging_mixin.py:188} INFO - [2026-07-06T17:14:56.871+0000] {dag.py:3036} INFO - Sync 1 DAGs
[2026-07-06T17:14:56.884+0000] {logging_mixin.py:188} INFO - [2026-07-06T17:14:56.884+0000] {dag.py:3823} INFO - Setting next_dagrun for dag_enriquecimento_dados to None, run_after=None
[2026-07-06T17:14:56.903+0000] {processor.py:183} INFO - Processing /opt/airflow/dags/dag_enriquecimento_dados.py took 0.067 seconds
[2026-07-06T17:15:27.038+0000] {processor.py:161} INFO - Started process (PID=1527) to work on /opt/airflow/dags/dag_enriquecimento_dados.py
[2026-07-06T17:15:27.039+0000] {processor.py:830} INFO - Processing file /opt/airflow/dags/dag_enriquecimento_dados.py for tasks to queue
[2026-07-06T17:15:27.039+0000] {logging_mixin.py:188} INFO - [2026-07-06T17:15:27.039+0000] {dagbag.py:538} INFO - Filling up the DagBag from /opt/airflow/dags/dag_enriquecimento_dados.py
[2026-07-06T17:15:27.048+0000] {processor.py:840} INFO - DAG(s) 'dag_enriquecimento_dados' retrieved from /opt/airflow/dags/dag_enriquecimento_dados.py
[2026-07-06T17:15:27.069+0000] {logging_mixin.py:188} INFO - [2026-07-06T17:15:27.069+0000] {dag.py:3036} INFO - Sync 1 DAGs
[2026-07-06T17:15:27.080+0000] {logging_mixin.py:188} INFO - [2026-07-06T17:15:27.080+0000] {dag.py:3823} INFO - Setting next_dagrun for dag_enriquecimento_dados to None, run_after=None
[2026-07-06T17:15:27.100+0000] {processor.py:183} INFO - Processing /opt/airflow/dags/dag_enriquecimento_dados.py took 0.065 seconds
[2026-07-06T17:15:57.245+0000] {processor.py:161} INFO - Started process (PID=1542) to work on /opt/airflow/dags/dag_enriquecimento_dados.py
[2026-07-06T17:15:57.246+0000] {processor.py:830} INFO - Processing file /opt/airflow/dags/dag_enriquecimento_dados.py for tasks to queue
[2026-07-06T17:15:57.247+0000] {logging_mixin.py:188} INFO - [2026-07-06T17:15:57.247+0000] {dagbag.py:538} INFO - Filling up the DagBag from /opt/airflow/dags/dag_enriquecimento_dados.py
[2026-07-06T17:15:57.256+0000] {processor.py:840} INFO - DAG(s) 'dag_enriquecimento_dados' retrieved from /opt/airflow/dags/dag_enriquecimento_dados.py
[2026-07-06T17:15:57.278+0000] {logging_mixin.py:188} INFO - [2026-07-06T17:15:57.278+0000] {dag.py:3036} INFO - Sync 1 DAGs
[2026-07-06T17:15:57.290+0000] {logging_mixin.py:188} INFO - [2026-07-06T17:15:57.290+0000] {dag.py:3823} INFO - Setting next_dagrun for dag_enriquecimento_dados to None, run_after=None
[2026-07-06T17:15:57.308+0000] {processor.py:183} INFO - Processing /opt/airflow/dags/dag_enriquecimento_dados.py took 0.065 seconds
[2026-07-06T17:16:27.447+0000] {processor.py:161} INFO - Started process (PID=1557) to work on /opt/airflow/dags/dag_enriquecimento_dados.py
[2026-07-06T17:16:27.447+0000] {processor.py:830} INFO - Processing file /opt/airflow/dags/dag_enriquecimento_dados.py for tasks to queue
[2026-07-06T17:16:27.448+0000] {logging_mixin.py:188} INFO - [2026-07-06T17:16:27.448+0000] {dagbag.py:538} INFO - Filling up the DagBag from /opt/airflow/dags/dag_enriquecimento_dados.py
[2026-07-06T17:16:27.456+0000] {processor.py:840} INFO - DAG(s) 'dag_enriquecimento_dados' retrieved from /opt/airflow/dags/dag_enriquecimento_dados.py
[2026-07-06T17:16:27.480+0000] {logging_mixin.py:188} INFO - [2026-07-06T17:16:27.479+0000] {dag.py:3036} INFO - Sync 1 DAGs
[2026-07-06T17:16:27.492+0000] {logging_mixin.py:188} INFO - [2026-07-06T17:16:27.491+0000] {dag.py:3823} INFO - Setting next_dagrun for dag_enriquecimento_dados to None, run_after=None
[2026-07-06T17:16:27.511+0000] {processor.py:183} INFO - Processing /opt/airflow/dags/dag_enriquecimento_dados.py took 0.067 seconds
[2026-07-06T17:16:57.653+0000] {processor.py:161} INFO - Started process (PID=1572) to work on /opt/airflow/dags/dag_enriquecimento_dados.py
[2026-07-06T17:16:57.654+0000] {processor.py:830} INFO - Processing file /opt/airflow/dags/dag_enriquecimento_dados.py for tasks to queue
[2026-07-06T17:16:57.654+0000] {logging_mixin.py:188} INFO - [2026-07-06T17:16:57.654+0000] {dagbag.py:538} INFO - Filling up the DagBag from /opt/airflow/dags/dag_enriquecimento_dados.py
[2026-07-06T17:16:57.662+0000] {processor.py:840} INFO - DAG(s) 'dag_enriquecimento_dados' retrieved from /opt/airflow/dags/dag_enriquecimento_dados.py
[2026-07-06T17:16:57.684+0000] {logging_mixin.py:188} INFO - [2026-07-06T17:16:57.684+0000] {dag.py:3036} INFO - Sync 1 DAGs
[2026-07-06T17:16:57.695+0000] {logging_mixin.py:188} INFO - [2026-07-06T17:16:57.695+0000] {dag.py:3823} INFO - Setting next_dagrun for dag_enriquecimento_dados to None, run_after=None
[2026-07-06T17:16:57.713+0000] {processor.py:183} INFO - Processing /opt/airflow/dags/dag_enriquecimento_dados.py took 0.062 seconds
[2026-07-06T17:17:27.855+0000] {processor.py:161} INFO - Started process (PID=1587) to work on /opt/airflow/dags/dag_enriquecimento_dados.py
[2026-07-06T17:17:27.856+0000] {processor.py:830} INFO - Processing file /opt/airflow/dags/dag_enriquecimento_dados.py for tasks to queue
[2026-07-06T17:17:27.856+0000] {logging_mixin.py:188} INFO - [2026-07-06T17:17:27.856+0000] {dagbag.py:538} INFO - Filling up the DagBag from /opt/airflow/dags/dag_enriquecimento_dados.py
[2026-07-06T17:17:27.864+0000] {processor.py:840} INFO - DAG(s) 'dag_enriquecimento_dados' retrieved from /opt/airflow/dags/dag_enriquecimento_dados.py
[2026-07-06T17:17:27.887+0000] {logging_mixin.py:188} INFO - [2026-07-06T17:17:27.887+0000] {dag.py:3036} INFO - Sync 1 DAGs
[2026-07-06T17:17:27.901+0000] {logging_mixin.py:188} INFO - [2026-07-06T17:17:27.901+0000] {dag.py:3823} INFO - Setting next_dagrun for dag_enriquecimento_dados to None, run_after=None
[2026-07-06T17:17:27.918+0000] {processor.py:183} INFO - Processing /opt/airflow/dags/dag_enriquecimento_dados.py took 0.066 seconds
[2026-07-06T17:17:58.061+0000] {processor.py:161} INFO - Started process (PID=1602) to work on /opt/airflow/dags/dag_enriquecimento_dados.py
[2026-07-06T17:17:58.062+0000] {processor.py:830} INFO - Processing file /opt/airflow/dags/dag_enriquecimento_dados.py for tasks to queue
[2026-07-06T17:17:58.062+0000] {logging_mixin.py:188} INFO - [2026-07-06T17:17:58.062+0000] {dagbag.py:538} INFO - Filling up the DagBag from /opt/airflow/dags/dag_enriquecimento_dados.py
[2026-07-06T17:17:58.070+0000] {processor.py:840} INFO - DAG(s) 'dag_enriquecimento_dados' retrieved from /opt/airflow/dags/dag_enriquecimento_dados.py
[2026-07-06T17:17:58.092+0000] {logging_mixin.py:188} INFO - [2026-07-06T17:17:58.092+0000] {dag.py:3036} INFO - Sync 1 DAGs
[2026-07-06T17:17:58.103+0000] {logging_mixin.py:188} INFO - [2026-07-06T17:17:58.103+0000] {dag.py:3823} INFO - Setting next_dagrun for dag_enriquecimento_dados to None, run_after=None
[2026-07-06T17:17:58.123+0000] {processor.py:183} INFO - Processing /opt/airflow/dags/dag_enriquecimento_dados.py took 0.065 seconds
[2026-07-06T17:18:28.261+0000] {processor.py:161} INFO - Started process (PID=1617) to work on /opt/airflow/dags/dag_enriquecimento_dados.py
[2026-07-06T17:18:28.262+0000] {processor.py:830} INFO - Processing file /opt/airflow/dags/dag_enriquecimento_dados.py for tasks to queue
[2026-07-06T17:18:28.263+0000] {logging_mixin.py:188} INFO - [2026-07-06T17:18:28.262+0000] {dagbag.py:538} INFO - Filling up the DagBag from /opt/airflow/dags/dag_enriquecimento_dados.py
[2026-07-06T17:18:28.271+0000] {processor.py:840} INFO - DAG(s) 'dag_enriquecimento_dados' retrieved from /opt/airflow/dags/dag_enriquecimento_dados.py
[2026-07-06T17:18:28.293+0000] {logging_mixin.py:188} INFO - [2026-07-06T17:18:28.293+0000] {dag.py:3036} INFO - Sync 1 DAGs
[2026-07-06T17:18:28.305+0000] {logging_mixin.py:188} INFO - [2026-07-06T17:18:28.304+0000] {dag.py:3823} INFO - Setting next_dagrun for dag_enriquecimento_dados to None, run_after=None
[2026-07-06T17:18:28.322+0000] {processor.py:183} INFO - Processing /opt/airflow/dags/dag_enriquecimento_dados.py took 0.064 seconds
[2026-07-06T17:18:58.465+0000] {processor.py:161} INFO - Started process (PID=1632) to work on /opt/airflow/dags/dag_enriquecimento_dados.py
[2026-07-06T17:18:58.466+0000] {processor.py:830} INFO - Processing file /opt/airflow/dags/dag_enriquecimento_dados.py for tasks to queue
[2026-07-06T17:18:58.466+0000] {logging_mixin.py:188} INFO - [2026-07-06T17:18:58.466+0000] {dagbag.py:538} INFO - Filling up the DagBag from /opt/airflow/dags/dag_enriquecimento_dados.py
[2026-07-06T17:18:58.476+0000] {processor.py:840} INFO - DAG(s) 'dag_enriquecimento_dados' retrieved from /opt/airflow/dags/dag_enriquecimento_dados.py
[2026-07-06T17:18:58.500+0000] {logging_mixin.py:188} INFO - [2026-07-06T17:18:58.499+0000] {dag.py:3036} INFO - Sync 1 DAGs
[2026-07-06T17:18:58.512+0000] {logging_mixin.py:188} INFO - [2026-07-06T17:18:58.512+0000] {dag.py:3823} INFO - Setting next_dagrun for dag_enriquecimento_dados to None, run_after=None
[2026-07-06T17:18:58.531+0000] {processor.py:183} INFO - Processing /opt/airflow/dags/dag_enriquecimento_dados.py took 0.069 seconds
[2026-07-06T17:19:28.672+0000] {processor.py:161} INFO - Started process (PID=1647) to work on /opt/airflow/dags/dag_enriquecimento_dados.py
[2026-07-06T17:19:28.673+0000] {processor.py:830} INFO - Processing file /opt/airflow/dags/dag_enriquecimento_dados.py for tasks to queue
[2026-07-06T17:19:28.673+0000] {logging_mixin.py:188} INFO - [2026-07-06T17:19:28.673+0000] {dagbag.py:538} INFO - Filling up the DagBag from /opt/airflow/dags/dag_enriquecimento_dados.py
[2026-07-06T17:19:28.681+0000] {processor.py:840} INFO - DAG(s) 'dag_enriquecimento_dados' retrieved from /opt/airflow/dags/dag_enriquecimento_dados.py
[2026-07-06T17:19:28.703+0000] {logging_mixin.py:188} INFO - [2026-07-06T17:19:28.703+0000] {dag.py:3036} INFO - Sync 1 DAGs
[2026-07-06T17:19:28.714+0000] {logging_mixin.py:188} INFO - [2026-07-06T17:19:28.714+0000] {dag.py:3823} INFO - Setting next_dagrun for dag_enriquecimento_dados to None, run_after=None
[2026-07-06T17:19:28.733+0000] {processor.py:183} INFO - Processing /opt/airflow/dags/dag_enriquecimento_dados.py took 0.063 seconds
[2026-07-06T17:19:58.877+0000] {processor.py:161} INFO - Started process (PID=1662) to work on /opt/airflow/dags/dag_enriquecimento_dados.py
[2026-07-06T17:19:58.878+0000] {processor.py:830} INFO - Processing file /opt/airflow/dags/dag_enriquecimento_dados.py for tasks to queue
[2026-07-06T17:19:58.879+0000] {logging_mixin.py:188} INFO - [2026-07-06T17:19:58.878+0000] {dagbag.py:538} INFO - Filling up the DagBag from /opt/airflow/dags/dag_enriquecimento_dados.py
[2026-07-06T17:19:58.887+0000] {processor.py:840} INFO - DAG(s) 'dag_enriquecimento_dados' retrieved from /opt/airflow/dags/dag_enriquecimento_dados.py
[2026-07-06T17:19:58.909+0000] {logging_mixin.py:188} INFO - [2026-07-06T17:19:58.908+0000] {dag.py:3036} INFO - Sync 1 DAGs
[2026-07-06T17:19:58.920+0000] {logging_mixin.py:188} INFO - [2026-07-06T17:19:58.920+0000] {dag.py:3823} INFO - Setting next_dagrun for dag_enriquecimento_dados to None, run_after=None
[2026-07-06T17:19:58.939+0000] {processor.py:183} INFO - Processing /opt/airflow/dags/dag_enriquecimento_dados.py took 0.064 seconds
[2026-07-06T17:20:29.082+0000] {processor.py:161} INFO - Started process (PID=1677) to work on /opt/airflow/dags/dag_enriquecimento_dados.py
[2026-07-06T17:20:29.083+0000] {processor.py:830} INFO - Processing file /opt/airflow/dags/dag_enriquecimento_dados.py for tasks to queue
[2026-07-06T17:20:29.084+0000] {logging_mixin.py:188} INFO - [2026-07-06T17:20:29.083+0000] {dagbag.py:538} INFO - Filling up the DagBag from /opt/airflow/dags/dag_enriquecimento_dados.py
[2026-07-06T17:20:29.092+0000] {processor.py:840} INFO - DAG(s) 'dag_enriquecimento_dados' retrieved from /opt/airflow/dags/dag_enriquecimento_dados.py
[2026-07-06T17:20:29.114+0000] {logging_mixin.py:188} INFO - [2026-07-06T17:20:29.114+0000] {dag.py:3036} INFO - Sync 1 DAGs
[2026-07-06T17:20:29.127+0000] {logging_mixin.py:188} INFO - [2026-07-06T17:20:29.127+0000] {dag.py:3823} INFO - Setting next_dagrun for dag_enriquecimento_dados to None, run_after=None
[2026-07-06T17:20:29.147+0000] {processor.py:183} INFO - Processing /opt/airflow/dags/dag_enriquecimento_dados.py took 0.067 seconds
[2026-07-06T17:20:59.294+0000] {processor.py:161} INFO - Started process (PID=1692) to work on /opt/airflow/dags/dag_enriquecimento_dados.py
[2026-07-06T17:20:59.295+0000] {processor.py:830} INFO - Processing file /opt/airflow/dags/dag_enriquecimento_dados.py for tasks to queue
[2026-07-06T17:20:59.296+0000] {logging_mixin.py:188} INFO - [2026-07-06T17:20:59.295+0000] {dagbag.py:538} INFO - Filling up the DagBag from /opt/airflow/dags/dag_enriquecimento_dados.py
[2026-07-06T17:20:59.304+0000] {processor.py:840} INFO - DAG(s) 'dag_enriquecimento_dados' retrieved from /opt/airflow/dags/dag_enriquecimento_dados.py
[2026-07-06T17:20:59.325+0000] {logging_mixin.py:188} INFO - [2026-07-06T17:20:59.325+0000] {dag.py:3036} INFO - Sync 1 DAGs
[2026-07-06T17:20:59.336+0000] {logging_mixin.py:188} INFO - [2026-07-06T17:20:59.336+0000] {dag.py:3823} INFO - Setting next_dagrun for dag_enriquecimento_dados to None, run_after=None
[2026-07-06T17:20:59.355+0000] {processor.py:183} INFO - Processing /opt/airflow/dags/dag_enriquecimento_dados.py took 0.064 seconds
[2026-07-06T17:21:29.493+0000] {processor.py:161} INFO - Started process (PID=1707) to work on /opt/airflow/dags/dag_enriquecimento_dados.py
[2026-07-06T17:21:29.494+0000] {processor.py:830} INFO - Processing file /opt/airflow/dags/dag_enriquecimento_dados.py for tasks to queue
[2026-07-06T17:21:29.494+0000] {logging_mixin.py:188} INFO - [2026-07-06T17:21:29.494+0000] {dagbag.py:538} INFO - Filling up the DagBag from /opt/airflow/dags/dag_enriquecimento_dados.py
[2026-07-06T17:21:29.502+0000] {processor.py:840} INFO - DAG(s) 'dag_enriquecimento_dados' retrieved from /opt/airflow/dags/dag_enriquecimento_dados.py
[2026-07-06T17:21:29.524+0000] {logging_mixin.py:188} INFO - [2026-07-06T17:21:29.524+0000] {dag.py:3036} INFO - Sync 1 DAGs
[2026-07-06T17:21:29.536+0000] {logging_mixin.py:188} INFO - [2026-07-06T17:21:29.536+0000] {dag.py:3823} INFO - Setting next_dagrun for dag_enriquecimento_dados to None, run_after=None
[2026-07-06T17:21:29.556+0000] {processor.py:183} INFO - Processing /opt/airflow/dags/dag_enriquecimento_dados.py took 0.066 seconds
[2026-07-06T17:21:59.693+0000] {processor.py:161} INFO - Started process (PID=1722) to work on /opt/airflow/dags/dag_enriquecimento_dados.py
[2026-07-06T17:21:59.694+0000] {processor.py:830} INFO - Processing file /opt/airflow/dags/dag_enriquecimento_dados.py for tasks to queue
[2026-07-06T17:21:59.695+0000] {logging_mixin.py:188} INFO - [2026-07-06T17:21:59.694+0000] {dagbag.py:538} INFO - Filling up the DagBag from /opt/airflow/dags/dag_enriquecimento_dados.py
[2026-07-06T17:21:59.703+0000] {processor.py:840} INFO - DAG(s) 'dag_enriquecimento_dados' retrieved from /opt/airflow/dags/dag_enriquecimento_dados.py
[2026-07-06T17:21:59.726+0000] {logging_mixin.py:188} INFO - [2026-07-06T17:21:59.726+0000] {dag.py:3036} INFO - Sync 1 DAGs
[2026-07-06T17:21:59.740+0000] {logging_mixin.py:188} INFO - [2026-07-06T17:21:59.740+0000] {dag.py:3823} INFO - Setting next_dagrun for dag_enriquecimento_dados to None, run_after=None
[2026-07-06T17:21:59.759+0000] {processor.py:183} INFO - Processing /opt/airflow/dags/dag_enriquecimento_dados.py took 0.068 seconds
[2026-07-06T17:22:29.901+0000] {processor.py:161} INFO - Started process (PID=1737) to work on /opt/airflow/dags/dag_enriquecimento_dados.py
[2026-07-06T17:22:29.902+0000] {processor.py:830} INFO - Processing file /opt/airflow/dags/dag_enriquecimento_dados.py for tasks to queue
[2026-07-06T17:22:29.902+0000] {logging_mixin.py:188} INFO - [2026-07-06T17:22:29.902+0000] {dagbag.py:538} INFO - Filling up the DagBag from /opt/airflow/dags/dag_enriquecimento_dados.py
[2026-07-06T17:22:29.911+0000] {processor.py:840} INFO - DAG(s) 'dag_enriquecimento_dados' retrieved from /opt/airflow/dags/dag_enriquecimento_dados.py
[2026-07-06T17:22:29.932+0000] {logging_mixin.py:188} INFO - [2026-07-06T17:22:29.932+0000] {dag.py:3036} INFO - Sync 1 DAGs
[2026-07-06T17:22:29.944+0000] {logging_mixin.py:188} INFO - [2026-07-06T17:22:29.944+0000] {dag.py:3823} INFO - Setting next_dagrun for dag_enriquecimento_dados to None, run_after=None
[2026-07-06T17:22:29.963+0000] {processor.py:183} INFO - Processing /opt/airflow/dags/dag_enriquecimento_dados.py took 0.065 seconds
[2026-07-06T17:23:00.104+0000] {processor.py:161} INFO - Started process (PID=1752) to work on /opt/airflow/dags/dag_enriquecimento_dados.py
[2026-07-06T17:23:00.104+0000] {processor.py:830} INFO - Processing file /opt/airflow/dags/dag_enriquecimento_dados.py for tasks to queue
[2026-07-06T17:23:00.105+0000] {logging_mixin.py:188} INFO - [2026-07-06T17:23:00.105+0000] {dagbag.py:538} INFO - Filling up the DagBag from /opt/airflow/dags/dag_enriquecimento_dados.py
[2026-07-06T17:23:00.114+0000] {processor.py:840} INFO - DAG(s) 'dag_enriquecimento_dados' retrieved from /opt/airflow/dags/dag_enriquecimento_dados.py
[2026-07-06T17:23:00.136+0000] {logging_mixin.py:188} INFO - [2026-07-06T17:23:00.136+0000] {dag.py:3036} INFO - Sync 1 DAGs
[2026-07-06T17:23:00.149+0000] {logging_mixin.py:188} INFO - [2026-07-06T17:23:00.148+0000] {dag.py:3823} INFO - Setting next_dagrun for dag_enriquecimento_dados to None, run_after=None
[2026-07-06T17:23:00.167+0000] {processor.py:183} INFO - Processing /opt/airflow/dags/dag_enriquecimento_dados.py took 0.066 seconds
[2026-07-06T17:23:30.305+0000] {processor.py:161} INFO - Started process (PID=1767) to work on /opt/airflow/dags/dag_enriquecimento_dados.py
[2026-07-06T17:23:30.305+0000] {processor.py:830} INFO - Processing file /opt/airflow/dags/dag_enriquecimento_dados.py for tasks to queue
[2026-07-06T17:23:30.306+0000] {logging_mixin.py:188} INFO - [2026-07-06T17:23:30.306+0000] {dagbag.py:538} INFO - Filling up the DagBag from /opt/airflow/dags/dag_enriquecimento_dados.py
[2026-07-06T17:23:30.313+0000] {processor.py:840} INFO - DAG(s) 'dag_enriquecimento_dados' retrieved from /opt/airflow/dags/dag_enriquecimento_dados.py
[2026-07-06T17:23:30.334+0000] {logging_mixin.py:188} INFO - [2026-07-06T17:23:30.334+0000] {dag.py:3036} INFO - Sync 1 DAGs
[2026-07-06T17:23:30.345+0000] {logging_mixin.py:188} INFO - [2026-07-06T17:23:30.345+0000] {dag.py:3823} INFO - Setting next_dagrun for dag_enriquecimento_dados to None, run_after=None
[2026-07-06T17:23:30.361+0000] {processor.py:183} INFO - Processing /opt/airflow/dags/dag_enriquecimento_dados.py took 0.060 seconds
[2026-07-06T17:24:00.503+0000] {processor.py:161} INFO - Started process (PID=1782) to work on /opt/airflow/dags/dag_enriquecimento_dados.py
[2026-07-06T17:24:00.504+0000] {processor.py:830} INFO - Processing file /opt/airflow/dags/dag_enriquecimento_dados.py for tasks to queue
[2026-07-06T17:24:00.504+0000] {logging_mixin.py:188} INFO - [2026-07-06T17:24:00.504+0000] {dagbag.py:538} INFO - Filling up the DagBag from /opt/airflow/dags/dag_enriquecimento_dados.py
[2026-07-06T17:24:00.512+0000] {processor.py:840} INFO - DAG(s) 'dag_enriquecimento_dados' retrieved from /opt/airflow/dags/dag_enriquecimento_dados.py
[2026-07-06T17:24:00.534+0000] {logging_mixin.py:188} INFO - [2026-07-06T17:24:00.533+0000] {dag.py:3036} INFO - Sync 1 DAGs
[2026-07-06T17:24:00.545+0000] {logging_mixin.py:188} INFO - [2026-07-06T17:24:00.545+0000] {dag.py:3823} INFO - Setting next_dagrun for dag_enriquecimento_dados to None, run_after=None
[2026-07-06T17:24:00.561+0000] {processor.py:183} INFO - Processing /opt/airflow/dags/dag_enriquecimento_dados.py took 0.061 seconds
[2026-07-06T17:24:30.702+0000] {processor.py:161} INFO - Started process (PID=1797) to work on /opt/airflow/dags/dag_enriquecimento_dados.py
[2026-07-06T17:24:30.702+0000] {processor.py:830} INFO - Processing file /opt/airflow/dags/dag_enriquecimento_dados.py for tasks to queue
[2026-07-06T17:24:30.703+0000] {logging_mixin.py:188} INFO - [2026-07-06T17:24:30.703+0000] {dagbag.py:538} INFO - Filling up the DagBag from /opt/airflow/dags/dag_enriquecimento_dados.py
[2026-07-06T17:24:30.711+0000] {processor.py:840} INFO - DAG(s) 'dag_enriquecimento_dados' retrieved from /opt/airflow/dags/dag_enriquecimento_dados.py
[2026-07-06T17:24:30.732+0000] {logging_mixin.py:188} INFO - [2026-07-06T17:24:30.732+0000] {dag.py:3036} INFO - Sync 1 DAGs
[2026-07-06T17:24:30.744+0000] {logging_mixin.py:188} INFO - [2026-07-06T17:24:30.744+0000] {dag.py:3823} INFO - Setting next_dagrun for dag_enriquecimento_dados to None, run_after=None
[2026-07-06T17:24:30.762+0000] {processor.py:183} INFO - Processing /opt/airflow/dags/dag_enriquecimento_dados.py took 0.063 seconds
[2026-07-06T17:25:00.903+0000] {processor.py:161} INFO - Started process (PID=1812) to work on /opt/airflow/dags/dag_enriquecimento_dados.py
[2026-07-06T17:25:00.904+0000] {processor.py:830} INFO - Processing file /opt/airflow/dags/dag_enriquecimento_dados.py for tasks to queue
[2026-07-06T17:25:00.905+0000] {logging_mixin.py:188} INFO - [2026-07-06T17:25:00.904+0000] {dagbag.py:538} INFO - Filling up the DagBag from /opt/airflow/dags/dag_enriquecimento_dados.py
[2026-07-06T17:25:00.913+0000] {processor.py:840} INFO - DAG(s) 'dag_enriquecimento_dados' retrieved from /opt/airflow/dags/dag_enriquecimento_dados.py
[2026-07-06T17:25:00.935+0000] {logging_mixin.py:188} INFO - [2026-07-06T17:25:00.935+0000] {dag.py:3036} INFO - Sync 1 DAGs
[2026-07-06T17:25:00.948+0000] {logging_mixin.py:188} INFO - [2026-07-06T17:25:00.947+0000] {dag.py:3823} INFO - Setting next_dagrun for dag_enriquecimento_dados to None, run_after=None
[2026-07-06T17:25:00.965+0000] {processor.py:183} INFO - Processing /opt/airflow/dags/dag_enriquecimento_dados.py took 0.065 seconds
[2026-07-06T17:25:31.103+0000] {processor.py:161} INFO - Started process (PID=1827) to work on /opt/airflow/dags/dag_enriquecimento_dados.py
[2026-07-06T17:25:31.104+0000] {processor.py:830} INFO - Processing file /opt/airflow/dags/dag_enriquecimento_dados.py for tasks to queue
[2026-07-06T17:25:31.105+0000] {logging_mixin.py:188} INFO - [2026-07-06T17:25:31.104+0000] {dagbag.py:538} INFO - Filling up the DagBag from /opt/airflow/dags/dag_enriquecimento_dados.py
[2026-07-06T17:25:31.113+0000] {processor.py:840} INFO - DAG(s) 'dag_enriquecimento_dados' retrieved from /opt/airflow/dags/dag_enriquecimento_dados.py
[2026-07-06T17:25:31.134+0000] {logging_mixin.py:188} INFO - [2026-07-06T17:25:31.134+0000] {dag.py:3036} INFO - Sync 1 DAGs
[2026-07-06T17:25:31.146+0000] {logging_mixin.py:188} INFO - [2026-07-06T17:25:31.146+0000] {dag.py:3823} INFO - Setting next_dagrun for dag_enriquecimento_dados to None, run_after=None
[2026-07-06T17:25:31.167+0000] {processor.py:183} INFO - Processing /opt/airflow/dags/dag_enriquecimento_dados.py took 0.066 seconds
[2026-07-06T17:26:01.317+0000] {processor.py:161} INFO - Started process (PID=1842) to work on /opt/airflow/dags/dag_enriquecimento_dados.py
[2026-07-06T17:26:01.317+0000] {processor.py:830} INFO - Processing file /opt/airflow/dags/dag_enriquecimento_dados.py for tasks to queue
[2026-07-06T17:26:01.318+0000] {logging_mixin.py:188} INFO - [2026-07-06T17:26:01.318+0000] {dagbag.py:538} INFO - Filling up the DagBag from /opt/airflow/dags/dag_enriquecimento_dados.py
[2026-07-06T17:26:01.326+0000] {processor.py:840} INFO - DAG(s) 'dag_enriquecimento_dados' retrieved from /opt/airflow/dags/dag_enriquecimento_dados.py
[2026-07-06T17:26:01.348+0000] {logging_mixin.py:188} INFO - [2026-07-06T17:26:01.348+0000] {dag.py:3036} INFO - Sync 1 DAGs
[2026-07-06T17:26:01.360+0000] {logging_mixin.py:188} INFO - [2026-07-06T17:26:01.360+0000] {dag.py:3823} INFO - Setting next_dagrun for dag_enriquecimento_dados to None, run_after=None
[2026-07-06T17:26:01.378+0000] {processor.py:183} INFO - Processing /opt/airflow/dags/dag_enriquecimento_dados.py took 0.064 seconds
[2026-07-06T17:26:31.520+0000] {processor.py:161} INFO - Started process (PID=1857) to work on /opt/airflow/dags/dag_enriquecimento_dados.py
[2026-07-06T17:26:31.521+0000] {processor.py:830} INFO - Processing file /opt/airflow/dags/dag_enriquecimento_dados.py for tasks to queue
[2026-07-06T17:26:31.522+0000] {logging_mixin.py:188} INFO - [2026-07-06T17:26:31.521+0000] {dagbag.py:538} INFO - Filling up the DagBag from /opt/airflow/dags/dag_enriquecimento_dados.py
[2026-07-06T17:26:31.530+0000] {processor.py:840} INFO - DAG(s) 'dag_enriquecimento_dados' retrieved from /opt/airflow/dags/dag_enriquecimento_dados.py
[2026-07-06T17:26:31.553+0000] {logging_mixin.py:188} INFO - [2026-07-06T17:26:31.553+0000] {dag.py:3036} INFO - Sync 1 DAGs
[2026-07-06T17:26:31.565+0000] {logging_mixin.py:188} INFO - [2026-07-06T17:26:31.564+0000] {dag.py:3823} INFO - Setting next_dagrun for dag_enriquecimento_dados to None, run_after=None
[2026-07-06T17:26:31.583+0000] {processor.py:183} INFO - Processing /opt/airflow/dags/dag_enriquecimento_dados.py took 0.066 seconds
[2026-07-06T17:27:01.722+0000] {processor.py:161} INFO - Started process (PID=1872) to work on /opt/airflow/dags/dag_enriquecimento_dados.py
[2026-07-06T17:27:01.723+0000] {processor.py:830} INFO - Processing file /opt/airflow/dags/dag_enriquecimento_dados.py for tasks to queue
[2026-07-06T17:27:01.724+0000] {logging_mixin.py:188} INFO - [2026-07-06T17:27:01.724+0000] {dagbag.py:538} INFO - Filling up the DagBag from /opt/airflow/dags/dag_enriquecimento_dados.py
[2026-07-06T17:27:01.732+0000] {processor.py:840} INFO - DAG(s) 'dag_enriquecimento_dados' retrieved from /opt/airflow/dags/dag_enriquecimento_dados.py
[2026-07-06T17:27:01.755+0000] {logging_mixin.py:188} INFO - [2026-07-06T17:27:01.755+0000] {dag.py:3036} INFO - Sync 1 DAGs
[2026-07-06T17:27:01.767+0000] {logging_mixin.py:188} INFO - [2026-07-06T17:27:01.767+0000] {dag.py:3823} INFO - Setting next_dagrun for dag_enriquecimento_dados to None, run_after=None
[2026-07-06T17:27:01.787+0000] {processor.py:183} INFO - Processing /opt/airflow/dags/dag_enriquecimento_dados.py took 0.068 seconds
[2026-07-06T17:27:31.928+0000] {processor.py:161} INFO - Started process (PID=1887) to work on /opt/airflow/dags/dag_enriquecimento_dados.py
[2026-07-06T17:27:31.929+0000] {processor.py:830} INFO - Processing file /opt/airflow/dags/dag_enriquecimento_dados.py for tasks to queue
[2026-07-06T17:27:31.929+0000] {logging_mixin.py:188} INFO - [2026-07-06T17:27:31.929+0000] {dagbag.py:538} INFO - Filling up the DagBag from /opt/airflow/dags/dag_enriquecimento_dados.py
[2026-07-06T17:27:31.937+0000] {processor.py:840} INFO - DAG(s) 'dag_enriquecimento_dados' retrieved from /opt/airflow/dags/dag_enriquecimento_dados.py
[2026-07-06T17:27:31.959+0000] {logging_mixin.py:188} INFO - [2026-07-06T17:27:31.959+0000] {dag.py:3036} INFO - Sync 1 DAGs
[2026-07-06T17:27:31.971+0000] {logging_mixin.py:188} INFO - [2026-07-06T17:27:31.970+0000] {dag.py:3823} INFO - Setting next_dagrun for dag_enriquecimento_dados to None, run_after=None
[2026-07-06T17:27:31.989+0000] {processor.py:183} INFO - Processing /opt/airflow/dags/dag_enriquecimento_dados.py took 0.064 seconds
[2026-07-06T17:28:02.126+0000] {processor.py:161} INFO - Started process (PID=1902) to work on /opt/airflow/dags/dag_enriquecimento_dados.py
[2026-07-06T17:28:02.127+0000] {processor.py:830} INFO - Processing file /opt/airflow/dags/dag_enriquecimento_dados.py for tasks to queue
[2026-07-06T17:28:02.127+0000] {logging_mixin.py:188} INFO - [2026-07-06T17:28:02.127+0000] {dagbag.py:538} INFO - Filling up the DagBag from /opt/airflow/dags/dag_enriquecimento_dados.py
[2026-07-06T17:28:02.136+0000] {processor.py:840} INFO - DAG(s) 'dag_enriquecimento_dados' retrieved from /opt/airflow/dags/dag_enriquecimento_dados.py
[2026-07-06T17:28:02.157+0000] {logging_mixin.py:188} INFO - [2026-07-06T17:28:02.157+0000] {dag.py:3036} INFO - Sync 1 DAGs
[2026-07-06T17:28:02.169+0000] {logging_mixin.py:188} INFO - [2026-07-06T17:28:02.169+0000] {dag.py:3823} INFO - Setting next_dagrun for dag_enriquecimento_dados to None, run_after=None
[2026-07-06T17:28:02.188+0000] {processor.py:183} INFO - Processing /opt/airflow/dags/dag_enriquecimento_dados.py took 0.065 seconds
[2026-07-06T17:28:32.325+0000] {processor.py:161} INFO - Started process (PID=1917) to work on /opt/airflow/dags/dag_enriquecimento_dados.py
[2026-07-06T17:28:32.326+0000] {processor.py:830} INFO - Processing file /opt/airflow/dags/dag_enriquecimento_dados.py for tasks to queue
[2026-07-06T17:28:32.327+0000] {logging_mixin.py:188} INFO - [2026-07-06T17:28:32.327+0000] {dagbag.py:538} INFO - Filling up the DagBag from /opt/airflow/dags/dag_enriquecimento_dados.py
[2026-07-06T17:28:32.336+0000] {processor.py:840} INFO - DAG(s) 'dag_enriquecimento_dados' retrieved from /opt/airflow/dags/dag_enriquecimento_dados.py
[2026-07-06T17:28:32.358+0000] {logging_mixin.py:188} INFO - [2026-07-06T17:28:32.358+0000] {dag.py:3036} INFO - Sync 1 DAGs
[2026-07-06T17:28:32.371+0000] {logging_mixin.py:188} INFO - [2026-07-06T17:28:32.370+0000] {dag.py:3823} INFO - Setting next_dagrun for dag_enriquecimento_dados to None, run_after=None
[2026-07-06T17:28:32.386+0000] {processor.py:183} INFO - Processing /opt/airflow/dags/dag_enriquecimento_dados.py took 0.063 seconds
[2026-07-06T17:29:02.525+0000] {processor.py:161} INFO - Started process (PID=1932) to work on /opt/airflow/dags/dag_enriquecimento_dados.py
[2026-07-06T17:29:02.525+0000] {processor.py:830} INFO - Processing file /opt/airflow/dags/dag_enriquecimento_dados.py for tasks to queue
[2026-07-06T17:29:02.527+0000] {logging_mixin.py:188} INFO - [2026-07-06T17:29:02.526+0000] {dagbag.py:538} INFO - Filling up the DagBag from /opt/airflow/dags/dag_enriquecimento_dados.py
[2026-07-06T17:29:02.534+0000] {processor.py:840} INFO - DAG(s) 'dag_enriquecimento_dados' retrieved from /opt/airflow/dags/dag_enriquecimento_dados.py
[2026-07-06T17:29:02.555+0000] {logging_mixin.py:188} INFO - [2026-07-06T17:29:02.555+0000] {dag.py:3036} INFO - Sync 1 DAGs
[2026-07-06T17:29:02.567+0000] {logging_mixin.py:188} INFO - [2026-07-06T17:29:02.567+0000] {dag.py:3823} INFO - Setting next_dagrun for dag_enriquecimento_dados to None, run_after=None
[2026-07-06T17:29:02.583+0000] {processor.py:183} INFO - Processing /opt/airflow/dags/dag_enriquecimento_dados.py took 0.062 seconds
[2026-07-06T17:29:32.718+0000] {processor.py:161} INFO - Started process (PID=1947) to work on /opt/airflow/dags/dag_enriquecimento_dados.py
[2026-07-06T17:29:32.719+0000] {processor.py:830} INFO - Processing file /opt/airflow/dags/dag_enriquecimento_dados.py for tasks to queue
[2026-07-06T17:29:32.720+0000] {logging_mixin.py:188} INFO - [2026-07-06T17:29:32.720+0000] {dagbag.py:538} INFO - Filling up the DagBag from /opt/airflow/dags/dag_enriquecimento_dados.py
[2026-07-06T17:29:32.728+0000] {processor.py:840} INFO - DAG(s) 'dag_enriquecimento_dados' retrieved from /opt/airflow/dags/dag_enriquecimento_dados.py
[2026-07-06T17:29:32.750+0000] {logging_mixin.py:188} INFO - [2026-07-06T17:29:32.750+0000] {dag.py:3036} INFO - Sync 1 DAGs
[2026-07-06T17:29:32.763+0000] {logging_mixin.py:188} INFO - [2026-07-06T17:29:32.763+0000] {dag.py:3823} INFO - Setting next_dagrun for dag_enriquecimento_dados to None, run_after=None
[2026-07-06T17:29:32.782+0000] {processor.py:183} INFO - Processing /opt/airflow/dags/dag_enriquecimento_dados.py took 0.066 seconds
[2026-07-06T17:30:02.921+0000] {processor.py:161} INFO - Started process (PID=1962) to work on /opt/airflow/dags/dag_enriquecimento_dados.py
[2026-07-06T17:30:02.922+0000] {processor.py:830} INFO - Processing file /opt/airflow/dags/dag_enriquecimento_dados.py for tasks to queue
[2026-07-06T17:30:02.922+0000] {logging_mixin.py:188} INFO - [2026-07-06T17:30:02.922+0000] {dagbag.py:538} INFO - Filling up the DagBag from /opt/airflow/dags/dag_enriquecimento_dados.py
[2026-07-06T17:30:02.930+0000] {processor.py:840} INFO - DAG(s) 'dag_enriquecimento_dados' retrieved from /opt/airflow/dags/dag_enriquecimento_dados.py
[2026-07-06T17:30:02.952+0000] {logging_mixin.py:188} INFO - [2026-07-06T17:30:02.952+0000] {dag.py:3036} INFO - Sync 1 DAGs
[2026-07-06T17:30:02.965+0000] {logging_mixin.py:188} INFO - [2026-07-06T17:30:02.964+0000] {dag.py:3823} INFO - Setting next_dagrun for dag_enriquecimento_dados to None, run_after=None
[2026-07-06T17:30:02.983+0000] {processor.py:183} INFO - Processing /opt/airflow/dags/dag_enriquecimento_dados.py took 0.064 seconds
[2026-07-06T17:30:33.124+0000] {processor.py:161} INFO - Started process (PID=1977) to work on /opt/airflow/dags/dag_enriquecimento_dados.py
[2026-07-06T17:30:33.125+0000] {processor.py:830} INFO - Processing file /opt/airflow/dags/dag_enriquecimento_dados.py for tasks to queue
[2026-07-06T17:30:33.126+0000] {logging_mixin.py:188} INFO - [2026-07-06T17:30:33.125+0000] {dagbag.py:538} INFO - Filling up the DagBag from /opt/airflow/dags/dag_enriquecimento_dados.py
[2026-07-06T17:30:33.134+0000] {processor.py:840} INFO - DAG(s) 'dag_enriquecimento_dados' retrieved from /opt/airflow/dags/dag_enriquecimento_dados.py
[2026-07-06T17:30:33.157+0000] {logging_mixin.py:188} INFO - [2026-07-06T17:30:33.156+0000] {dag.py:3036} INFO - Sync 1 DAGs
[2026-07-06T17:30:33.168+0000] {logging_mixin.py:188} INFO - [2026-07-06T17:30:33.168+0000] {dag.py:3823} INFO - Setting next_dagrun for dag_enriquecimento_dados to None, run_after=None
[2026-07-06T17:30:33.187+0000] {processor.py:183} INFO - Processing /opt/airflow/dags/dag_enriquecimento_dados.py took 0.065 seconds
[2026-07-06T17:31:03.346+0000] {processor.py:161} INFO - Started process (PID=1992) to work on /opt/airflow/dags/dag_enriquecimento_dados.py
[2026-07-06T17:31:03.347+0000] {processor.py:830} INFO - Processing file /opt/airflow/dags/dag_enriquecimento_dados.py for tasks to queue
[2026-07-06T17:31:03.348+0000] {logging_mixin.py:188} INFO - [2026-07-06T17:31:03.347+0000] {dagbag.py:538} INFO - Filling up the DagBag from /opt/airflow/dags/dag_enriquecimento_dados.py
[2026-07-06T17:31:03.355+0000] {processor.py:840} INFO - DAG(s) 'dag_enriquecimento_dados' retrieved from /opt/airflow/dags/dag_enriquecimento_dados.py
[2026-07-06T17:31:03.377+0000] {logging_mixin.py:188} INFO - [2026-07-06T17:31:03.377+0000] {dag.py:3036} INFO - Sync 1 DAGs
[2026-07-06T17:31:03.389+0000] {logging_mixin.py:188} INFO - [2026-07-06T17:31:03.389+0000] {dag.py:3823} INFO - Setting next_dagrun for dag_enriquecimento_dados to None, run_after=None
[2026-07-06T17:31:03.410+0000] {processor.py:183} INFO - Processing /opt/airflow/dags/dag_enriquecimento_dados.py took 0.067 seconds
[2026-07-06T17:31:33.551+0000] {processor.py:161} INFO - Started process (PID=2007) to work on /opt/airflow/dags/dag_enriquecimento_dados.py
[2026-07-06T17:31:33.552+0000] {processor.py:830} INFO - Processing file /opt/airflow/dags/dag_enriquecimento_dados.py for tasks to queue
[2026-07-06T17:31:33.552+0000] {logging_mixin.py:188} INFO - [2026-07-06T17:31:33.552+0000] {dagbag.py:538} INFO - Filling up the DagBag from /opt/airflow/dags/dag_enriquecimento_dados.py
[2026-07-06T17:31:33.561+0000] {processor.py:840} INFO - DAG(s) 'dag_enriquecimento_dados' retrieved from /opt/airflow/dags/dag_enriquecimento_dados.py
[2026-07-06T17:31:33.581+0000] {logging_mixin.py:188} INFO - [2026-07-06T17:31:33.581+0000] {dag.py:3036} INFO - Sync 1 DAGs
[2026-07-06T17:31:33.593+0000] {logging_mixin.py:188} INFO - [2026-07-06T17:31:33.593+0000] {dag.py:3823} INFO - Setting next_dagrun for dag_enriquecimento_dados to None, run_after=None
[2026-07-06T17:31:33.610+0000] {processor.py:183} INFO - Processing /opt/airflow/dags/dag_enriquecimento_dados.py took 0.062 seconds
[2026-07-06T17:32:03.750+0000] {processor.py:161} INFO - Started process (PID=2022) to work on /opt/airflow/dags/dag_enriquecimento_dados.py
[2026-07-06T17:32:03.751+0000] {processor.py:830} INFO - Processing file /opt/airflow/dags/dag_enriquecimento_dados.py for tasks to queue
[2026-07-06T17:32:03.752+0000] {logging_mixin.py:188} INFO - [2026-07-06T17:32:03.751+0000] {dagbag.py:538} INFO - Filling up the DagBag from /opt/airflow/dags/dag_enriquecimento_dados.py
[2026-07-06T17:32:03.760+0000] {processor.py:840} INFO - DAG(s) 'dag_enriquecimento_dados' retrieved from /opt/airflow/dags/dag_enriquecimento_dados.py
[2026-07-06T17:32:03.784+0000] {logging_mixin.py:188} INFO - [2026-07-06T17:32:03.784+0000] {dag.py:3036} INFO - Sync 1 DAGs
[2026-07-06T17:32:03.796+0000] {logging_mixin.py:188} INFO - [2026-07-06T17:32:03.796+0000] {dag.py:3823} INFO - Setting next_dagrun for dag_enriquecimento_dados to None, run_after=None
[2026-07-06T17:32:03.810+0000] {processor.py:183} INFO - Processing /opt/airflow/dags/dag_enriquecimento_dados.py took 0.063 seconds
[2026-07-06T17:32:33.948+0000] {processor.py:161} INFO - Started process (PID=2037) to work on /opt/airflow/dags/dag_enriquecimento_dados.py
[2026-07-06T17:32:33.949+0000] {processor.py:830} INFO - Processing file /opt/airflow/dags/dag_enriquecimento_dados.py for tasks to queue
[2026-07-06T17:32:33.949+0000] {logging_mixin.py:188} INFO - [2026-07-06T17:32:33.949+0000] {dagbag.py:538} INFO - Filling up the DagBag from /opt/airflow/dags/dag_enriquecimento_dados.py
[2026-07-06T17:32:33.957+0000] {processor.py:840} INFO - DAG(s) 'dag_enriquecimento_dados' retrieved from /opt/airflow/dags/dag_enriquecimento_dados.py
[2026-07-06T17:32:33.980+0000] {logging_mixin.py:188} INFO - [2026-07-06T17:32:33.980+0000] {dag.py:3036} INFO - Sync 1 DAGs
[2026-07-06T17:32:33.993+0000] {logging_mixin.py:188} INFO - [2026-07-06T17:32:33.993+0000] {dag.py:3823} INFO - Setting next_dagrun for dag_enriquecimento_dados to None, run_after=None
[2026-07-06T17:32:34.011+0000] {processor.py:183} INFO - Processing /opt/airflow/dags/dag_enriquecimento_dados.py took 0.066 seconds
[2026-07-06T17:33:04.152+0000] {processor.py:161} INFO - Started process (PID=2052) to work on /opt/airflow/dags/dag_enriquecimento_dados.py
[2026-07-06T17:33:04.153+0000] {processor.py:830} INFO - Processing file /opt/airflow/dags/dag_enriquecimento_dados.py for tasks to queue
[2026-07-06T17:33:04.154+0000] {logging_mixin.py:188} INFO - [2026-07-06T17:33:04.153+0000] {dagbag.py:538} INFO - Filling up the DagBag from /opt/airflow/dags/dag_enriquecimento_dados.py
[2026-07-06T17:33:04.162+0000] {processor.py:840} INFO - DAG(s) 'dag_enriquecimento_dados' retrieved from /opt/airflow/dags/dag_enriquecimento_dados.py
[2026-07-06T17:33:04.183+0000] {logging_mixin.py:188} INFO - [2026-07-06T17:33:04.183+0000] {dag.py:3036} INFO - Sync 1 DAGs
[2026-07-06T17:33:04.194+0000] {logging_mixin.py:188} INFO - [2026-07-06T17:33:04.194+0000] {dag.py:3823} INFO - Setting next_dagrun for dag_enriquecimento_dados to None, run_after=None
[2026-07-06T17:33:04.212+0000] {processor.py:183} INFO - Processing /opt/airflow/dags/dag_enriquecimento_dados.py took 0.063 seconds
[2026-07-06T17:33:34.351+0000] {processor.py:161} INFO - Started process (PID=2067) to work on /opt/airflow/dags/dag_enriquecimento_dados.py
[2026-07-06T17:33:34.352+0000] {processor.py:830} INFO - Processing file /opt/airflow/dags/dag_enriquecimento_dados.py for tasks to queue
[2026-07-06T17:33:34.352+0000] {logging_mixin.py:188} INFO - [2026-07-06T17:33:34.352+0000] {dagbag.py:538} INFO - Filling up the DagBag from /opt/airflow/dags/dag_enriquecimento_dados.py
[2026-07-06T17:33:34.361+0000] {processor.py:840} INFO - DAG(s) 'dag_enriquecimento_dados' retrieved from /opt/airflow/dags/dag_enriquecimento_dados.py
[2026-07-06T17:33:34.382+0000] {logging_mixin.py:188} INFO - [2026-07-06T17:33:34.382+0000] {dag.py:3036} INFO - Sync 1 DAGs
[2026-07-06T17:33:34.393+0000] {logging_mixin.py:188} INFO - [2026-07-06T17:33:34.393+0000] {dag.py:3823} INFO - Setting next_dagrun for dag_enriquecimento_dados to None, run_after=None
[2026-07-06T17:33:34.410+0000] {processor.py:183} INFO - Processing /opt/airflow/dags/dag_enriquecimento_dados.py took 0.062 seconds
[2026-07-06T17:34:04.552+0000] {processor.py:161} INFO - Started process (PID=2082) to work on /opt/airflow/dags/dag_enriquecimento_dados.py
[2026-07-06T17:34:04.553+0000] {processor.py:830} INFO - Processing file /opt/airflow/dags/dag_enriquecimento_dados.py for tasks to queue
[2026-07-06T17:34:04.554+0000] {logging_mixin.py:188} INFO - [2026-07-06T17:34:04.554+0000] {dagbag.py:538} INFO - Filling up the DagBag from /opt/airflow/dags/dag_enriquecimento_dados.py
[2026-07-06T17:34:04.561+0000] {processor.py:840} INFO - DAG(s) 'dag_enriquecimento_dados' retrieved from /opt/airflow/dags/dag_enriquecimento_dados.py
[2026-07-06T17:34:04.582+0000] {logging_mixin.py:188} INFO - [2026-07-06T17:34:04.582+0000] {dag.py:3036} INFO - Sync 1 DAGs
[2026-07-06T17:34:04.593+0000] {logging_mixin.py:188} INFO - [2026-07-06T17:34:04.593+0000] {dag.py:3823} INFO - Setting next_dagrun for dag_enriquecimento_dados to None, run_after=None
[2026-07-06T17:34:04.612+0000] {processor.py:183} INFO - Processing /opt/airflow/dags/dag_enriquecimento_dados.py took 0.063 seconds
[2026-07-06T17:34:34.751+0000] {processor.py:161} INFO - Started process (PID=2097) to work on /opt/airflow/dags/dag_enriquecimento_dados.py
[2026-07-06T17:34:34.752+0000] {processor.py:830} INFO - Processing file /opt/airflow/dags/dag_enriquecimento_dados.py for tasks to queue
[2026-07-06T17:34:34.753+0000] {logging_mixin.py:188} INFO - [2026-07-06T17:34:34.753+0000] {dagbag.py:538} INFO - Filling up the DagBag from /opt/airflow/dags/dag_enriquecimento_dados.py
[2026-07-06T17:34:34.761+0000] {processor.py:840} INFO - DAG(s) 'dag_enriquecimento_dados' retrieved from /opt/airflow/dags/dag_enriquecimento_dados.py
[2026-07-06T17:34:34.782+0000] {logging_mixin.py:188} INFO - [2026-07-06T17:34:34.781+0000] {dag.py:3036} INFO - Sync 1 DAGs
[2026-07-06T17:34:34.795+0000] {logging_mixin.py:188} INFO - [2026-07-06T17:34:34.795+0000] {dag.py:3823} INFO - Setting next_dagrun for dag_enriquecimento_dados to None, run_after=None
[2026-07-06T17:34:34.813+0000] {processor.py:183} INFO - Processing /opt/airflow/dags/dag_enriquecimento_dados.py took 0.065 seconds
[2026-07-06T17:35:04.953+0000] {processor.py:161} INFO - Started process (PID=2112) to work on /opt/airflow/dags/dag_enriquecimento_dados.py
[2026-07-06T17:35:04.954+0000] {processor.py:830} INFO - Processing file /opt/airflow/dags/dag_enriquecimento_dados.py for tasks to queue
[2026-07-06T17:35:04.955+0000] {logging_mixin.py:188} INFO - [2026-07-06T17:35:04.955+0000] {dagbag.py:538} INFO - Filling up the DagBag from /opt/airflow/dags/dag_enriquecimento_dados.py
[2026-07-06T17:35:04.963+0000] {processor.py:840} INFO - DAG(s) 'dag_enriquecimento_dados' retrieved from /opt/airflow/dags/dag_enriquecimento_dados.py
[2026-07-06T17:35:04.985+0000] {logging_mixin.py:188} INFO - [2026-07-06T17:35:04.985+0000] {dag.py:3036} INFO - Sync 1 DAGs
[2026-07-06T17:35:04.997+0000] {logging_mixin.py:188} INFO - [2026-07-06T17:35:04.997+0000] {dag.py:3823} INFO - Setting next_dagrun for dag_enriquecimento_dados to None, run_after=None
[2026-07-06T17:35:05.015+0000] {processor.py:183} INFO - Processing /opt/airflow/dags/dag_enriquecimento_dados.py took 0.065 seconds
[2026-07-06T17:35:35.155+0000] {processor.py:161} INFO - Started process (PID=2127) to work on /opt/airflow/dags/dag_enriquecimento_dados.py
[2026-07-06T17:35:35.155+0000] {processor.py:830} INFO - Processing file /opt/airflow/dags/dag_enriquecimento_dados.py for tasks to queue
[2026-07-06T17:35:35.156+0000] {logging_mixin.py:188} INFO - [2026-07-06T17:35:35.156+0000] {dagbag.py:538} INFO - Filling up the DagBag from /opt/airflow/dags/dag_enriquecimento_dados.py
[2026-07-06T17:35:35.164+0000] {processor.py:840} INFO - DAG(s) 'dag_enriquecimento_dados' retrieved from /opt/airflow/dags/dag_enriquecimento_dados.py
[2026-07-06T17:35:35.186+0000] {logging_mixin.py:188} INFO - [2026-07-06T17:35:35.185+0000] {dag.py:3036} INFO - Sync 1 DAGs
[2026-07-06T17:35:35.197+0000] {logging_mixin.py:188} INFO - [2026-07-06T17:35:35.197+0000] {dag.py:3823} INFO - Setting next_dagrun for dag_enriquecimento_dados to None, run_after=None
[2026-07-06T17:35:35.212+0000] {processor.py:183} INFO - Processing /opt/airflow/dags/dag_enriquecimento_dados.py took 0.060 seconds
[2026-07-06T17:36:05.357+0000] {processor.py:161} INFO - Started process (PID=2142) to work on /opt/airflow/dags/dag_enriquecimento_dados.py
[2026-07-06T17:36:05.358+0000] {processor.py:830} INFO - Processing file /opt/airflow/dags/dag_enriquecimento_dados.py for tasks to queue
[2026-07-06T17:36:05.358+0000] {logging_mixin.py:188} INFO - [2026-07-06T17:36:05.358+0000] {dagbag.py:538} INFO - Filling up the DagBag from /opt/airflow/dags/dag_enriquecimento_dados.py
[2026-07-06T17:36:05.367+0000] {processor.py:840} INFO - DAG(s) 'dag_enriquecimento_dados' retrieved from /opt/airflow/dags/dag_enriquecimento_dados.py
[2026-07-06T17:36:05.388+0000] {logging_mixin.py:188} INFO - [2026-07-06T17:36:05.388+0000] {dag.py:3036} INFO - Sync 1 DAGs
[2026-07-06T17:36:05.399+0000] {logging_mixin.py:188} INFO - [2026-07-06T17:36:05.399+0000] {dag.py:3823} INFO - Setting next_dagrun for dag_enriquecimento_dados to None, run_after=None
[2026-07-06T17:36:05.416+0000] {processor.py:183} INFO - Processing /opt/airflow/dags/dag_enriquecimento_dados.py took 0.062 seconds
[2026-07-06T17:36:35.551+0000] {processor.py:161} INFO - Started process (PID=2157) to work on /opt/airflow/dags/dag_enriquecimento_dados.py
[2026-07-06T17:36:35.552+0000] {processor.py:830} INFO - Processing file /opt/airflow/dags/dag_enriquecimento_dados.py for tasks to queue
[2026-07-06T17:36:35.552+0000] {logging_mixin.py:188} INFO - [2026-07-06T17:36:35.552+0000] {dagbag.py:538} INFO - Filling up the DagBag from /opt/airflow/dags/dag_enriquecimento_dados.py
[2026-07-06T17:36:35.560+0000] {processor.py:840} INFO - DAG(s) 'dag_enriquecimento_dados' retrieved from /opt/airflow/dags/dag_enriquecimento_dados.py
[2026-07-06T17:36:35.581+0000] {logging_mixin.py:188} INFO - [2026-07-06T17:36:35.581+0000] {dag.py:3036} INFO - Sync 1 DAGs
[2026-07-06T17:36:35.592+0000] {logging_mixin.py:188} INFO - [2026-07-06T17:36:35.592+0000] {dag.py:3823} INFO - Setting next_dagrun for dag_enriquecimento_dados to None, run_after=None
[2026-07-06T17:36:35.610+0000] {processor.py:183} INFO - Processing /opt/airflow/dags/dag_enriquecimento_dados.py took 0.062 seconds
[2026-07-06T17:37:05.750+0000] {processor.py:161} INFO - Started process (PID=2172) to work on /opt/airflow/dags/dag_enriquecimento_dados.py
[2026-07-06T17:37:05.751+0000] {processor.py:830} INFO - Processing file /opt/airflow/dags/dag_enriquecimento_dados.py for tasks to queue
[2026-07-06T17:37:05.752+0000] {logging_mixin.py:188} INFO - [2026-07-06T17:37:05.752+0000] {dagbag.py:538} INFO - Filling up the DagBag from /opt/airflow/dags/dag_enriquecimento_dados.py
[2026-07-06T17:37:05.760+0000] {processor.py:840} INFO - DAG(s) 'dag_enriquecimento_dados' retrieved from /opt/airflow/dags/dag_enriquecimento_dados.py
[2026-07-06T17:37:05.781+0000] {logging_mixin.py:188} INFO - [2026-07-06T17:37:05.781+0000] {dag.py:3036} INFO - Sync 1 DAGs
[2026-07-06T17:37:05.793+0000] {logging_mixin.py:188} INFO - [2026-07-06T17:37:05.793+0000] {dag.py:3823} INFO - Setting next_dagrun for dag_enriquecimento_dados to None, run_after=None
[2026-07-06T17:37:05.811+0000] {processor.py:183} INFO - Processing /opt/airflow/dags/dag_enriquecimento_dados.py took 0.063 seconds
[2026-07-06T17:37:35.947+0000] {processor.py:161} INFO - Started process (PID=2187) to work on /opt/airflow/dags/dag_enriquecimento_dados.py
[2026-07-06T17:37:35.948+0000] {processor.py:830} INFO - Processing file /opt/airflow/dags/dag_enriquecimento_dados.py for tasks to queue
[2026-07-06T17:37:35.949+0000] {logging_mixin.py:188} INFO - [2026-07-06T17:37:35.948+0000] {dagbag.py:538} INFO - Filling up the DagBag from /opt/airflow/dags/dag_enriquecimento_dados.py
[2026-07-06T17:37:35.957+0000] {processor.py:840} INFO - DAG(s) 'dag_enriquecimento_dados' retrieved from /opt/airflow/dags/dag_enriquecimento_dados.py
[2026-07-06T17:37:35.978+0000] {logging_mixin.py:188} INFO - [2026-07-06T17:37:35.978+0000] {dag.py:3036} INFO - Sync 1 DAGs
[2026-07-06T17:37:35.989+0000] {logging_mixin.py:188} INFO - [2026-07-06T17:37:35.989+0000] {dag.py:3823} INFO - Setting next_dagrun for dag_enriquecimento_dados to None, run_after=None
[2026-07-06T17:37:36.008+0000] {processor.py:183} INFO - Processing /opt/airflow/dags/dag_enriquecimento_dados.py took 0.063 seconds
[2026-07-06T17:38:06.150+0000] {processor.py:161} INFO - Started process (PID=2202) to work on /opt/airflow/dags/dag_enriquecimento_dados.py
[2026-07-06T17:38:06.150+0000] {processor.py:830} INFO - Processing file /opt/airflow/dags/dag_enriquecimento_dados.py for tasks to queue
[2026-07-06T17:38:06.151+0000] {logging_mixin.py:188} INFO - [2026-07-06T17:38:06.151+0000] {dagbag.py:538} INFO - Filling up the DagBag from /opt/airflow/dags/dag_enriquecimento_dados.py
[2026-07-06T17:38:06.159+0000] {processor.py:840} INFO - DAG(s) 'dag_enriquecimento_dados' retrieved from /opt/airflow/dags/dag_enriquecimento_dados.py
[2026-07-06T17:38:06.180+0000] {logging_mixin.py:188} INFO - [2026-07-06T17:38:06.180+0000] {dag.py:3036} INFO - Sync 1 DAGs
[2026-07-06T17:38:06.192+0000] {logging_mixin.py:188} INFO - [2026-07-06T17:38:06.191+0000] {dag.py:3823} INFO - Setting next_dagrun for dag_enriquecimento_dados to None, run_after=None
[2026-07-06T17:38:06.210+0000] {processor.py:183} INFO - Processing /opt/airflow/dags/dag_enriquecimento_dados.py took 0.063 seconds
[2026-07-06T17:38:36.349+0000] {processor.py:161} INFO - Started process (PID=2217) to work on /opt/airflow/dags/dag_enriquecimento_dados.py
[2026-07-06T17:38:36.349+0000] {processor.py:830} INFO - Processing file /opt/airflow/dags/dag_enriquecimento_dados.py for tasks to queue
[2026-07-06T17:38:36.350+0000] {logging_mixin.py:188} INFO - [2026-07-06T17:38:36.350+0000] {dagbag.py:538} INFO - Filling up the DagBag from /opt/airflow/dags/dag_enriquecimento_dados.py
[2026-07-06T17:38:36.358+0000] {processor.py:840} INFO - DAG(s) 'dag_enriquecimento_dados' retrieved from /opt/airflow/dags/dag_enriquecimento_dados.py
[2026-07-06T17:38:36.379+0000] {logging_mixin.py:188} INFO - [2026-07-06T17:38:36.378+0000] {dag.py:3036} INFO - Sync 1 DAGs
[2026-07-06T17:38:36.390+0000] {logging_mixin.py:188} INFO - [2026-07-06T17:38:36.390+0000] {dag.py:3823} INFO - Setting next_dagrun for dag_enriquecimento_dados to None, run_after=None
[2026-07-06T17:38:36.409+0000] {processor.py:183} INFO - Processing /opt/airflow/dags/dag_enriquecimento_dados.py took 0.063 seconds
[2026-07-06T17:39:06.552+0000] {processor.py:161} INFO - Started process (PID=2232) to work on /opt/airflow/dags/dag_enriquecimento_dados.py
[2026-07-06T17:39:06.553+0000] {processor.py:830} INFO - Processing file /opt/airflow/dags/dag_enriquecimento_dados.py for tasks to queue
[2026-07-06T17:39:06.553+0000] {logging_mixin.py:188} INFO - [2026-07-06T17:39:06.553+0000] {dagbag.py:538} INFO - Filling up the DagBag from /opt/airflow/dags/dag_enriquecimento_dados.py
[2026-07-06T17:39:06.562+0000] {processor.py:840} INFO - DAG(s) 'dag_enriquecimento_dados' retrieved from /opt/airflow/dags/dag_enriquecimento_dados.py
[2026-07-06T17:39:06.584+0000] {logging_mixin.py:188} INFO - [2026-07-06T17:39:06.584+0000] {dag.py:3036} INFO - Sync 1 DAGs
[2026-07-06T17:39:06.596+0000] {logging_mixin.py:188} INFO - [2026-07-06T17:39:06.596+0000] {dag.py:3823} INFO - Setting next_dagrun for dag_enriquecimento_dados to None, run_after=None
[2026-07-06T17:39:06.614+0000] {processor.py:183} INFO - Processing /opt/airflow/dags/dag_enriquecimento_dados.py took 0.065 seconds
[2026-07-06T17:39:36.756+0000] {processor.py:161} INFO - Started process (PID=2247) to work on /opt/airflow/dags/dag_enriquecimento_dados.py
[2026-07-06T17:39:36.757+0000] {processor.py:830} INFO - Processing file /opt/airflow/dags/dag_enriquecimento_dados.py for tasks to queue
[2026-07-06T17:39:36.758+0000] {logging_mixin.py:188} INFO - [2026-07-06T17:39:36.757+0000] {dagbag.py:538} INFO - Filling up the DagBag from /opt/airflow/dags/dag_enriquecimento_dados.py
[2026-07-06T17:39:36.765+0000] {processor.py:840} INFO - DAG(s) 'dag_enriquecimento_dados' retrieved from /opt/airflow/dags/dag_enriquecimento_dados.py
[2026-07-06T17:39:36.788+0000] {logging_mixin.py:188} INFO - [2026-07-06T17:39:36.788+0000] {dag.py:3036} INFO - Sync 1 DAGs
[2026-07-06T17:39:36.799+0000] {logging_mixin.py:188} INFO - [2026-07-06T17:39:36.799+0000] {dag.py:3823} INFO - Setting next_dagrun for dag_enriquecimento_dados to None, run_after=None
[2026-07-06T17:39:36.818+0000] {processor.py:183} INFO - Processing /opt/airflow/dags/dag_enriquecimento_dados.py took 0.064 seconds
[2026-07-06T17:40:06.959+0000] {processor.py:161} INFO - Started process (PID=2262) to work on /opt/airflow/dags/dag_enriquecimento_dados.py
[2026-07-06T17:40:06.959+0000] {processor.py:830} INFO - Processing file /opt/airflow/dags/dag_enriquecimento_dados.py for tasks to queue
[2026-07-06T17:40:06.960+0000] {logging_mixin.py:188} INFO - [2026-07-06T17:40:06.960+0000] {dagbag.py:538} INFO - Filling up the DagBag from /opt/airflow/dags/dag_enriquecimento_dados.py
[2026-07-06T17:40:06.969+0000] {processor.py:840} INFO - DAG(s) 'dag_enriquecimento_dados' retrieved from /opt/airflow/dags/dag_enriquecimento_dados.py
[2026-07-06T17:40:06.991+0000] {logging_mixin.py:188} INFO - [2026-07-06T17:40:06.990+0000] {dag.py:3036} INFO - Sync 1 DAGs
[2026-07-06T17:40:07.003+0000] {logging_mixin.py:188} INFO - [2026-07-06T17:40:07.002+0000] {dag.py:3823} INFO - Setting next_dagrun for dag_enriquecimento_dados to None, run_after=None
[2026-07-06T17:40:07.022+0000] {processor.py:183} INFO - Processing /opt/airflow/dags/dag_enriquecimento_dados.py took 0.066 seconds
[2026-07-06T17:40:37.161+0000] {processor.py:161} INFO - Started process (PID=2277) to work on /opt/airflow/dags/dag_enriquecimento_dados.py
[2026-07-06T17:40:37.162+0000] {processor.py:830} INFO - Processing file /opt/airflow/dags/dag_enriquecimento_dados.py for tasks to queue
[2026-07-06T17:40:37.162+0000] {logging_mixin.py:188} INFO - [2026-07-06T17:40:37.162+0000] {dagbag.py:538} INFO - Filling up the DagBag from /opt/airflow/dags/dag_enriquecimento_dados.py
[2026-07-06T17:40:37.170+0000] {processor.py:840} INFO - DAG(s) 'dag_enriquecimento_dados' retrieved from /opt/airflow/dags/dag_enriquecimento_dados.py
[2026-07-06T17:40:37.191+0000] {logging_mixin.py:188} INFO - [2026-07-06T17:40:37.191+0000] {dag.py:3036} INFO - Sync 1 DAGs
[2026-07-06T17:40:37.203+0000] {logging_mixin.py:188} INFO - [2026-07-06T17:40:37.202+0000] {dag.py:3823} INFO - Setting next_dagrun for dag_enriquecimento_dados to None, run_after=None
[2026-07-06T17:40:37.221+0000] {processor.py:183} INFO - Processing /opt/airflow/dags/dag_enriquecimento_dados.py took 0.062 seconds
[2026-07-06T17:41:07.369+0000] {processor.py:161} INFO - Started process (PID=2292) to work on /opt/airflow/dags/dag_enriquecimento_dados.py
[2026-07-06T17:41:07.369+0000] {processor.py:830} INFO - Processing file /opt/airflow/dags/dag_enriquecimento_dados.py for tasks to queue
[2026-07-06T17:41:07.370+0000] {logging_mixin.py:188} INFO - [2026-07-06T17:41:07.370+0000] {dagbag.py:538} INFO - Filling up the DagBag from /opt/airflow/dags/dag_enriquecimento_dados.py
[2026-07-06T17:41:07.378+0000] {processor.py:840} INFO - DAG(s) 'dag_enriquecimento_dados' retrieved from /opt/airflow/dags/dag_enriquecimento_dados.py
[2026-07-06T17:41:07.399+0000] {logging_mixin.py:188} INFO - [2026-07-06T17:41:07.399+0000] {dag.py:3036} INFO - Sync 1 DAGs
[2026-07-06T17:41:07.411+0000] {logging_mixin.py:188} INFO - [2026-07-06T17:41:07.411+0000] {dag.py:3823} INFO - Setting next_dagrun for dag_enriquecimento_dados to None, run_after=None
[2026-07-06T17:41:07.429+0000] {processor.py:183} INFO - Processing /opt/airflow/dags/dag_enriquecimento_dados.py took 0.063 seconds
[2026-07-06T17:41:37.567+0000] {processor.py:161} INFO - Started process (PID=2307) to work on /opt/airflow/dags/dag_enriquecimento_dados.py
[2026-07-06T17:41:37.568+0000] {processor.py:830} INFO - Processing file /opt/airflow/dags/dag_enriquecimento_dados.py for tasks to queue
[2026-07-06T17:41:37.569+0000] {logging_mixin.py:188} INFO - [2026-07-06T17:41:37.568+0000] {dagbag.py:538} INFO - Filling up the DagBag from /opt/airflow/dags/dag_enriquecimento_dados.py
[2026-07-06T17:41:37.577+0000] {processor.py:840} INFO - DAG(s) 'dag_enriquecimento_dados' retrieved from /opt/airflow/dags/dag_enriquecimento_dados.py
[2026-07-06T17:41:37.600+0000] {logging_mixin.py:188} INFO - [2026-07-06T17:41:37.600+0000] {dag.py:3036} INFO - Sync 1 DAGs
[2026-07-06T17:41:37.611+0000] {logging_mixin.py:188} INFO - [2026-07-06T17:41:37.610+0000] {dag.py:3823} INFO - Setting next_dagrun for dag_enriquecimento_dados to None, run_after=None
[2026-07-06T17:41:37.629+0000] {processor.py:183} INFO - Processing /opt/airflow/dags/dag_enriquecimento_dados.py took 0.065 seconds
[2026-07-06T17:42:07.769+0000] {processor.py:161} INFO - Started process (PID=2322) to work on /opt/airflow/dags/dag_enriquecimento_dados.py
[2026-07-06T17:42:07.770+0000] {processor.py:830} INFO - Processing file /opt/airflow/dags/dag_enriquecimento_dados.py for tasks to queue
[2026-07-06T17:42:07.771+0000] {logging_mixin.py:188} INFO - [2026-07-06T17:42:07.770+0000] {dagbag.py:538} INFO - Filling up the DagBag from /opt/airflow/dags/dag_enriquecimento_dados.py
[2026-07-06T17:42:07.778+0000] {processor.py:840} INFO - DAG(s) 'dag_enriquecimento_dados' retrieved from /opt/airflow/dags/dag_enriquecimento_dados.py
[2026-07-06T17:42:07.800+0000] {logging_mixin.py:188} INFO - [2026-07-06T17:42:07.800+0000] {dag.py:3036} INFO - Sync 1 DAGs
[2026-07-06T17:42:07.812+0000] {logging_mixin.py:188} INFO - [2026-07-06T17:42:07.811+0000] {dag.py:3823} INFO - Setting next_dagrun for dag_enriquecimento_dados to None, run_after=None
[2026-07-06T17:42:07.831+0000] {processor.py:183} INFO - Processing /opt/airflow/dags/dag_enriquecimento_dados.py took 0.065 seconds
[2026-07-06T17:42:37.972+0000] {processor.py:161} INFO - Started process (PID=2337) to work on /opt/airflow/dags/dag_enriquecimento_dados.py
[2026-07-06T17:42:37.973+0000] {processor.py:830} INFO - Processing file /opt/airflow/dags/dag_enriquecimento_dados.py for tasks to queue
[2026-07-06T17:42:37.974+0000] {logging_mixin.py:188} INFO - [2026-07-06T17:42:37.974+0000] {dagbag.py:538} INFO - Filling up the DagBag from /opt/airflow/dags/dag_enriquecimento_dados.py
[2026-07-06T17:42:37.982+0000] {processor.py:840} INFO - DAG(s) 'dag_enriquecimento_dados' retrieved from /opt/airflow/dags/dag_enriquecimento_dados.py
[2026-07-06T17:42:38.003+0000] {logging_mixin.py:188} INFO - [2026-07-06T17:42:38.003+0000] {dag.py:3036} INFO - Sync 1 DAGs
[2026-07-06T17:42:38.016+0000] {logging_mixin.py:188} INFO - [2026-07-06T17:42:38.016+0000] {dag.py:3823} INFO - Setting next_dagrun for dag_enriquecimento_dados to None, run_after=None
[2026-07-06T17:42:38.034+0000] {processor.py:183} INFO - Processing /opt/airflow/dags/dag_enriquecimento_dados.py took 0.065 seconds
[2026-07-06T17:43:08.175+0000] {processor.py:161} INFO - Started process (PID=2352) to work on /opt/airflow/dags/dag_enriquecimento_dados.py
[2026-07-06T17:43:08.176+0000] {processor.py:830} INFO - Processing file /opt/airflow/dags/dag_enriquecimento_dados.py for tasks to queue
[2026-07-06T17:43:08.177+0000] {logging_mixin.py:188} INFO - [2026-07-06T17:43:08.177+0000] {dagbag.py:538} INFO - Filling up the DagBag from /opt/airflow/dags/dag_enriquecimento_dados.py
[2026-07-06T17:43:08.185+0000] {processor.py:840} INFO - DAG(s) 'dag_enriquecimento_dados' retrieved from /opt/airflow/dags/dag_enriquecimento_dados.py
[2026-07-06T17:43:08.207+0000] {logging_mixin.py:188} INFO - [2026-07-06T17:43:08.207+0000] {dag.py:3036} INFO - Sync 1 DAGs
[2026-07-06T17:43:08.218+0000] {logging_mixin.py:188} INFO - [2026-07-06T17:43:08.218+0000] {dag.py:3823} INFO - Setting next_dagrun for dag_enriquecimento_dados to None, run_after=None
[2026-07-06T17:43:08.236+0000] {processor.py:183} INFO - Processing /opt/airflow/dags/dag_enriquecimento_dados.py took 0.063 seconds
[2026-07-06T17:43:38.375+0000] {processor.py:161} INFO - Started process (PID=2367) to work on /opt/airflow/dags/dag_enriquecimento_dados.py
[2026-07-06T17:43:38.376+0000] {processor.py:830} INFO - Processing file /opt/airflow/dags/dag_enriquecimento_dados.py for tasks to queue
[2026-07-06T17:43:38.377+0000] {logging_mixin.py:188} INFO - [2026-07-06T17:43:38.376+0000] {dagbag.py:538} INFO - Filling up the DagBag from /opt/airflow/dags/dag_enriquecimento_dados.py
[2026-07-06T17:43:38.385+0000] {processor.py:840} INFO - DAG(s) 'dag_enriquecimento_dados' retrieved from /opt/airflow/dags/dag_enriquecimento_dados.py
[2026-07-06T17:43:38.407+0000] {logging_mixin.py:188} INFO - [2026-07-06T17:43:38.407+0000] {dag.py:3036} INFO - Sync 1 DAGs
[2026-07-06T17:43:38.419+0000] {logging_mixin.py:188} INFO - [2026-07-06T17:43:38.419+0000] {dag.py:3823} INFO - Setting next_dagrun for dag_enriquecimento_dados to None, run_after=None
[2026-07-06T17:43:38.438+0000] {processor.py:183} INFO - Processing /opt/airflow/dags/dag_enriquecimento_dados.py took 0.066 seconds
[2026-07-06T17:44:08.580+0000] {processor.py:161} INFO - Started process (PID=2382) to work on /opt/airflow/dags/dag_enriquecimento_dados.py
[2026-07-06T17:44:08.580+0000] {processor.py:830} INFO - Processing file /opt/airflow/dags/dag_enriquecimento_dados.py for tasks to queue
[2026-07-06T17:44:08.581+0000] {logging_mixin.py:188} INFO - [2026-07-06T17:44:08.581+0000] {dagbag.py:538} INFO - Filling up the DagBag from /opt/airflow/dags/dag_enriquecimento_dados.py
[2026-07-06T17:44:08.589+0000] {processor.py:840} INFO - DAG(s) 'dag_enriquecimento_dados' retrieved from /opt/airflow/dags/dag_enriquecimento_dados.py
[2026-07-06T17:44:08.610+0000] {logging_mixin.py:188} INFO - [2026-07-06T17:44:08.610+0000] {dag.py:3036} INFO - Sync 1 DAGs
[2026-07-06T17:44:08.623+0000] {logging_mixin.py:188} INFO - [2026-07-06T17:44:08.623+0000] {dag.py:3823} INFO - Setting next_dagrun for dag_enriquecimento_dados to None, run_after=None
[2026-07-06T17:44:08.641+0000] {processor.py:183} INFO - Processing /opt/airflow/dags/dag_enriquecimento_dados.py took 0.065 seconds
[2026-07-06T17:44:38.780+0000] {processor.py:161} INFO - Started process (PID=2397) to work on /opt/airflow/dags/dag_enriquecimento_dados.py
[2026-07-06T17:44:38.781+0000] {processor.py:830} INFO - Processing file /opt/airflow/dags/dag_enriquecimento_dados.py for tasks to queue
[2026-07-06T17:44:38.782+0000] {logging_mixin.py:188} INFO - [2026-07-06T17:44:38.781+0000] {dagbag.py:538} INFO - Filling up the DagBag from /opt/airflow/dags/dag_enriquecimento_dados.py
[2026-07-06T17:44:38.790+0000] {processor.py:840} INFO - DAG(s) 'dag_enriquecimento_dados' retrieved from /opt/airflow/dags/dag_enriquecimento_dados.py
[2026-07-06T17:44:38.811+0000] {logging_mixin.py:188} INFO - [2026-07-06T17:44:38.811+0000] {dag.py:3036} INFO - Sync 1 DAGs
[2026-07-06T17:44:38.824+0000] {logging_mixin.py:188} INFO - [2026-07-06T17:44:38.824+0000] {dag.py:3823} INFO - Setting next_dagrun for dag_enriquecimento_dados to None, run_after=None
[2026-07-06T17:44:38.842+0000] {processor.py:183} INFO - Processing /opt/airflow/dags/dag_enriquecimento_dados.py took 0.065 seconds
[2026-07-06T17:45:08.988+0000] {processor.py:161} INFO - Started process (PID=2412) to work on /opt/airflow/dags/dag_enriquecimento_dados.py
[2026-07-06T17:45:08.989+0000] {processor.py:830} INFO - Processing file /opt/airflow/dags/dag_enriquecimento_dados.py for tasks to queue
[2026-07-06T17:45:08.990+0000] {logging_mixin.py:188} INFO - [2026-07-06T17:45:08.990+0000] {dagbag.py:538} INFO - Filling up the DagBag from /opt/airflow/dags/dag_enriquecimento_dados.py
[2026-07-06T17:45:08.998+0000] {processor.py:840} INFO - DAG(s) 'dag_enriquecimento_dados' retrieved from /opt/airflow/dags/dag_enriquecimento_dados.py
[2026-07-06T17:45:09.021+0000] {logging_mixin.py:188} INFO - [2026-07-06T17:45:09.021+0000] {dag.py:3036} INFO - Sync 1 DAGs
[2026-07-06T17:45:09.033+0000] {logging_mixin.py:188} INFO - [2026-07-06T17:45:09.033+0000] {dag.py:3823} INFO - Setting next_dagrun for dag_enriquecimento_dados to None, run_after=None
[2026-07-06T17:45:09.051+0000] {processor.py:183} INFO - Processing /opt/airflow/dags/dag_enriquecimento_dados.py took 0.067 seconds
[2026-07-06T17:45:39.198+0000] {processor.py:161} INFO - Started process (PID=2427) to work on /opt/airflow/dags/dag_enriquecimento_dados.py
[2026-07-06T17:45:39.198+0000] {processor.py:830} INFO - Processing file /opt/airflow/dags/dag_enriquecimento_dados.py for tasks to queue
[2026-07-06T17:45:39.199+0000] {logging_mixin.py:188} INFO - [2026-07-06T17:45:39.199+0000] {dagbag.py:538} INFO - Filling up the DagBag from /opt/airflow/dags/dag_enriquecimento_dados.py
[2026-07-06T17:45:39.207+0000] {processor.py:840} INFO - DAG(s) 'dag_enriquecimento_dados' retrieved from /opt/airflow/dags/dag_enriquecimento_dados.py
[2026-07-06T17:45:39.230+0000] {logging_mixin.py:188} INFO - [2026-07-06T17:45:39.229+0000] {dag.py:3036} INFO - Sync 1 DAGs
[2026-07-06T17:45:39.242+0000] {logging_mixin.py:188} INFO - [2026-07-06T17:45:39.241+0000] {dag.py:3823} INFO - Setting next_dagrun for dag_enriquecimento_dados to None, run_after=None
[2026-07-06T17:45:39.262+0000] {processor.py:183} INFO - Processing /opt/airflow/dags/dag_enriquecimento_dados.py took 0.067 seconds
[2026-07-06T17:46:09.401+0000] {processor.py:161} INFO - Started process (PID=2442) to work on /opt/airflow/dags/dag_enriquecimento_dados.py
[2026-07-06T17:46:09.402+0000] {processor.py:830} INFO - Processing file /opt/airflow/dags/dag_enriquecimento_dados.py for tasks to queue
[2026-07-06T17:46:09.402+0000] {logging_mixin.py:188} INFO - [2026-07-06T17:46:09.402+0000] {dagbag.py:538} INFO - Filling up the DagBag from /opt/airflow/dags/dag_enriquecimento_dados.py
[2026-07-06T17:46:09.411+0000] {processor.py:840} INFO - DAG(s) 'dag_enriquecimento_dados' retrieved from /opt/airflow/dags/dag_enriquecimento_dados.py
[2026-07-06T17:46:09.433+0000] {logging_mixin.py:188} INFO - [2026-07-06T17:46:09.433+0000] {dag.py:3036} INFO - Sync 1 DAGs
[2026-07-06T17:46:09.444+0000] {logging_mixin.py:188} INFO - [2026-07-06T17:46:09.444+0000] {dag.py:3823} INFO - Setting next_dagrun for dag_enriquecimento_dados to None, run_after=None
[2026-07-06T17:46:09.461+0000] {processor.py:183} INFO - Processing /opt/airflow/dags/dag_enriquecimento_dados.py took 0.063 seconds
[2026-07-06T17:46:39.601+0000] {processor.py:161} INFO - Started process (PID=2457) to work on /opt/airflow/dags/dag_enriquecimento_dados.py
[2026-07-06T17:46:39.602+0000] {processor.py:830} INFO - Processing file /opt/airflow/dags/dag_enriquecimento_dados.py for tasks to queue
[2026-07-06T17:46:39.603+0000] {logging_mixin.py:188} INFO - [2026-07-06T17:46:39.602+0000] {dagbag.py:538} INFO - Filling up the DagBag from /opt/airflow/dags/dag_enriquecimento_dados.py
[2026-07-06T17:46:39.611+0000] {processor.py:840} INFO - DAG(s) 'dag_enriquecimento_dados' retrieved from /opt/airflow/dags/dag_enriquecimento_dados.py
[2026-07-06T17:46:39.634+0000] {logging_mixin.py:188} INFO - [2026-07-06T17:46:39.634+0000] {dag.py:3036} INFO - Sync 1 DAGs
[2026-07-06T17:46:39.647+0000] {logging_mixin.py:188} INFO - [2026-07-06T17:46:39.647+0000] {dag.py:3823} INFO - Setting next_dagrun for dag_enriquecimento_dados to None, run_after=None
[2026-07-06T17:46:39.665+0000] {processor.py:183} INFO - Processing /opt/airflow/dags/dag_enriquecimento_dados.py took 0.067 seconds
[2026-07-06T17:47:09.801+0000] {processor.py:161} INFO - Started process (PID=2472) to work on /opt/airflow/dags/dag_enriquecimento_dados.py
[2026-07-06T17:47:09.801+0000] {processor.py:830} INFO - Processing file /opt/airflow/dags/dag_enriquecimento_dados.py for tasks to queue
[2026-07-06T17:47:09.802+0000] {logging_mixin.py:188} INFO - [2026-07-06T17:47:09.802+0000] {dagbag.py:538} INFO - Filling up the DagBag from /opt/airflow/dags/dag_enriquecimento_dados.py
[2026-07-06T17:47:09.811+0000] {processor.py:840} INFO - DAG(s) 'dag_enriquecimento_dados' retrieved from /opt/airflow/dags/dag_enriquecimento_dados.py
[2026-07-06T17:47:09.832+0000] {logging_mixin.py:188} INFO - [2026-07-06T17:47:09.832+0000] {dag.py:3036} INFO - Sync 1 DAGs
[2026-07-06T17:47:09.844+0000] {logging_mixin.py:188} INFO - [2026-07-06T17:47:09.843+0000] {dag.py:3823} INFO - Setting next_dagrun for dag_enriquecimento_dados to None, run_after=None
[2026-07-06T17:47:09.862+0000] {processor.py:183} INFO - Processing /opt/airflow/dags/dag_enriquecimento_dados.py took 0.064 seconds
[2026-07-06T17:47:40.006+0000] {processor.py:161} INFO - Started process (PID=2487) to work on /opt/airflow/dags/dag_enriquecimento_dados.py
[2026-07-06T17:47:40.006+0000] {processor.py:830} INFO - Processing file /opt/airflow/dags/dag_enriquecimento_dados.py for tasks to queue
[2026-07-06T17:47:40.007+0000] {logging_mixin.py:188} INFO - [2026-07-06T17:47:40.007+0000] {dagbag.py:538} INFO - Filling up the DagBag from /opt/airflow/dags/dag_enriquecimento_dados.py
[2026-07-06T17:47:40.016+0000] {processor.py:840} INFO - DAG(s) 'dag_enriquecimento_dados' retrieved from /opt/airflow/dags/dag_enriquecimento_dados.py
[2026-07-06T17:47:40.039+0000] {logging_mixin.py:188} INFO - [2026-07-06T17:47:40.039+0000] {dag.py:3036} INFO - Sync 1 DAGs
[2026-07-06T17:47:40.052+0000] {logging_mixin.py:188} INFO - [2026-07-06T17:47:40.052+0000] {dag.py:3823} INFO - Setting next_dagrun for dag_enriquecimento_dados to None, run_after=None
[2026-07-06T17:47:40.072+0000] {processor.py:183} INFO - Processing /opt/airflow/dags/dag_enriquecimento_dados.py took 0.069 seconds
[2026-07-06T17:48:10.214+0000] {processor.py:161} INFO - Started process (PID=2502) to work on /opt/airflow/dags/dag_enriquecimento_dados.py
[2026-07-06T17:48:10.215+0000] {processor.py:830} INFO - Processing file /opt/airflow/dags/dag_enriquecimento_dados.py for tasks to queue
[2026-07-06T17:48:10.215+0000] {logging_mixin.py:188} INFO - [2026-07-06T17:48:10.215+0000] {dagbag.py:538} INFO - Filling up the DagBag from /opt/airflow/dags/dag_enriquecimento_dados.py
[2026-07-06T17:48:10.223+0000] {processor.py:840} INFO - DAG(s) 'dag_enriquecimento_dados' retrieved from /opt/airflow/dags/dag_enriquecimento_dados.py
[2026-07-06T17:48:10.243+0000] {logging_mixin.py:188} INFO - [2026-07-06T17:48:10.243+0000] {dag.py:3036} INFO - Sync 1 DAGs
[2026-07-06T17:48:10.254+0000] {logging_mixin.py:188} INFO - [2026-07-06T17:48:10.254+0000] {dag.py:3823} INFO - Setting next_dagrun for dag_enriquecimento_dados to None, run_after=None
[2026-07-06T17:48:10.272+0000] {processor.py:183} INFO - Processing /opt/airflow/dags/dag_enriquecimento_dados.py took 0.061 seconds
[2026-07-06T17:48:40.413+0000] {processor.py:161} INFO - Started process (PID=2517) to work on /opt/airflow/dags/dag_enriquecimento_dados.py
[2026-07-06T17:48:40.414+0000] {processor.py:830} INFO - Processing file /opt/airflow/dags/dag_enriquecimento_dados.py for tasks to queue
[2026-07-06T17:48:40.414+0000] {logging_mixin.py:188} INFO - [2026-07-06T17:48:40.414+0000] {dagbag.py:538} INFO - Filling up the DagBag from /opt/airflow/dags/dag_enriquecimento_dados.py
[2026-07-06T17:48:40.423+0000] {processor.py:840} INFO - DAG(s) 'dag_enriquecimento_dados' retrieved from /opt/airflow/dags/dag_enriquecimento_dados.py
[2026-07-06T17:48:40.444+0000] {logging_mixin.py:188} INFO - [2026-07-06T17:48:40.444+0000] {dag.py:3036} INFO - Sync 1 DAGs
[2026-07-06T17:48:40.456+0000] {logging_mixin.py:188} INFO - [2026-07-06T17:48:40.456+0000] {dag.py:3823} INFO - Setting next_dagrun for dag_enriquecimento_dados to None, run_after=None
[2026-07-06T17:48:40.474+0000] {processor.py:183} INFO - Processing /opt/airflow/dags/dag_enriquecimento_dados.py took 0.064 seconds
[2026-07-06T17:49:10.620+0000] {processor.py:161} INFO - Started process (PID=2532) to work on /opt/airflow/dags/dag_enriquecimento_dados.py
[2026-07-06T17:49:10.621+0000] {processor.py:830} INFO - Processing file /opt/airflow/dags/dag_enriquecimento_dados.py for tasks to queue
[2026-07-06T17:49:10.622+0000] {logging_mixin.py:188} INFO - [2026-07-06T17:49:10.621+0000] {dagbag.py:538} INFO - Filling up the DagBag from /opt/airflow/dags/dag_enriquecimento_dados.py
[2026-07-06T17:49:10.630+0000] {processor.py:840} INFO - DAG(s) 'dag_enriquecimento_dados' retrieved from /opt/airflow/dags/dag_enriquecimento_dados.py
[2026-07-06T17:49:10.651+0000] {logging_mixin.py:188} INFO - [2026-07-06T17:49:10.651+0000] {dag.py:3036} INFO - Sync 1 DAGs
[2026-07-06T17:49:10.662+0000] {logging_mixin.py:188} INFO - [2026-07-06T17:49:10.662+0000] {dag.py:3823} INFO - Setting next_dagrun for dag_enriquecimento_dados to None, run_after=None
[2026-07-06T17:49:10.680+0000] {processor.py:183} INFO - Processing /opt/airflow/dags/dag_enriquecimento_dados.py took 0.063 seconds
[2026-07-06T17:49:40.819+0000] {processor.py:161} INFO - Started process (PID=2547) to work on /opt/airflow/dags/dag_enriquecimento_dados.py
[2026-07-06T17:49:40.820+0000] {processor.py:830} INFO - Processing file /opt/airflow/dags/dag_enriquecimento_dados.py for tasks to queue
[2026-07-06T17:49:40.820+0000] {logging_mixin.py:188} INFO - [2026-07-06T17:49:40.820+0000] {dagbag.py:538} INFO - Filling up the DagBag from /opt/airflow/dags/dag_enriquecimento_dados.py
[2026-07-06T17:49:40.828+0000] {processor.py:840} INFO - DAG(s) 'dag_enriquecimento_dados' retrieved from /opt/airflow/dags/dag_enriquecimento_dados.py
[2026-07-06T17:49:40.849+0000] {logging_mixin.py:188} INFO - [2026-07-06T17:49:40.849+0000] {dag.py:3036} INFO - Sync 1 DAGs
[2026-07-06T17:49:40.861+0000] {logging_mixin.py:188} INFO - [2026-07-06T17:49:40.860+0000] {dag.py:3823} INFO - Setting next_dagrun for dag_enriquecimento_dados to None, run_after=None
[2026-07-06T17:49:40.879+0000] {processor.py:183} INFO - Processing /opt/airflow/dags/dag_enriquecimento_dados.py took 0.063 seconds
[2026-07-06T17:50:11.028+0000] {processor.py:161} INFO - Started process (PID=2562) to work on /opt/airflow/dags/dag_enriquecimento_dados.py
[2026-07-06T17:50:11.029+0000] {processor.py:830} INFO - Processing file /opt/airflow/dags/dag_enriquecimento_dados.py for tasks to queue
[2026-07-06T17:50:11.029+0000] {logging_mixin.py:188} INFO - [2026-07-06T17:50:11.029+0000] {dagbag.py:538} INFO - Filling up the DagBag from /opt/airflow/dags/dag_enriquecimento_dados.py
[2026-07-06T17:50:11.037+0000] {processor.py:840} INFO - DAG(s) 'dag_enriquecimento_dados' retrieved from /opt/airflow/dags/dag_enriquecimento_dados.py
[2026-07-06T17:50:11.059+0000] {logging_mixin.py:188} INFO - [2026-07-06T17:50:11.059+0000] {dag.py:3036} INFO - Sync 1 DAGs
[2026-07-06T17:50:11.071+0000] {logging_mixin.py:188} INFO - [2026-07-06T17:50:11.071+0000] {dag.py:3823} INFO - Setting next_dagrun for dag_enriquecimento_dados to None, run_after=None
[2026-07-06T17:50:11.091+0000] {processor.py:183} INFO - Processing /opt/airflow/dags/dag_enriquecimento_dados.py took 0.066 seconds
[2026-07-06T17:50:41.237+0000] {processor.py:161} INFO - Started process (PID=2577) to work on /opt/airflow/dags/dag_enriquecimento_dados.py
[2026-07-06T17:50:41.238+0000] {processor.py:830} INFO - Processing file /opt/airflow/dags/dag_enriquecimento_dados.py for tasks to queue
[2026-07-06T17:50:41.238+0000] {logging_mixin.py:188} INFO - [2026-07-06T17:50:41.238+0000] {dagbag.py:538} INFO - Filling up the DagBag from /opt/airflow/dags/dag_enriquecimento_dados.py
[2026-07-06T17:50:41.247+0000] {processor.py:840} INFO - DAG(s) 'dag_enriquecimento_dados' retrieved from /opt/airflow/dags/dag_enriquecimento_dados.py
[2026-07-06T17:50:41.269+0000] {logging_mixin.py:188} INFO - [2026-07-06T17:50:41.269+0000] {dag.py:3036} INFO - Sync 1 DAGs
[2026-07-06T17:50:41.281+0000] {logging_mixin.py:188} INFO - [2026-07-06T17:50:41.280+0000] {dag.py:3823} INFO - Setting next_dagrun for dag_enriquecimento_dados to None, run_after=None
[2026-07-06T17:50:41.296+0000] {processor.py:183} INFO - Processing /opt/airflow/dags/dag_enriquecimento_dados.py took 0.062 seconds
[2026-07-06T17:51:11.436+0000] {processor.py:161} INFO - Started process (PID=2592) to work on /opt/airflow/dags/dag_enriquecimento_dados.py
[2026-07-06T17:51:11.437+0000] {processor.py:830} INFO - Processing file /opt/airflow/dags/dag_enriquecimento_dados.py for tasks to queue
[2026-07-06T17:51:11.438+0000] {logging_mixin.py:188} INFO - [2026-07-06T17:51:11.437+0000] {dagbag.py:538} INFO - Filling up the DagBag from /opt/airflow/dags/dag_enriquecimento_dados.py
[2026-07-06T17:51:11.446+0000] {processor.py:840} INFO - DAG(s) 'dag_enriquecimento_dados' retrieved from /opt/airflow/dags/dag_enriquecimento_dados.py
[2026-07-06T17:51:11.467+0000] {logging_mixin.py:188} INFO - [2026-07-06T17:51:11.466+0000] {dag.py:3036} INFO - Sync 1 DAGs
[2026-07-06T17:51:11.479+0000] {logging_mixin.py:188} INFO - [2026-07-06T17:51:11.479+0000] {dag.py:3823} INFO - Setting next_dagrun for dag_enriquecimento_dados to None, run_after=None
[2026-07-06T17:51:11.498+0000] {processor.py:183} INFO - Processing /opt/airflow/dags/dag_enriquecimento_dados.py took 0.064 seconds
[2026-07-06T17:51:41.637+0000] {processor.py:161} INFO - Started process (PID=2607) to work on /opt/airflow/dags/dag_enriquecimento_dados.py
[2026-07-06T17:51:41.638+0000] {processor.py:830} INFO - Processing file /opt/airflow/dags/dag_enriquecimento_dados.py for tasks to queue
[2026-07-06T17:51:41.638+0000] {logging_mixin.py:188} INFO - [2026-07-06T17:51:41.638+0000] {dagbag.py:538} INFO - Filling up the DagBag from /opt/airflow/dags/dag_enriquecimento_dados.py
[2026-07-06T17:51:41.647+0000] {processor.py:840} INFO - DAG(s) 'dag_enriquecimento_dados' retrieved from /opt/airflow/dags/dag_enriquecimento_dados.py
[2026-07-06T17:51:41.669+0000] {logging_mixin.py:188} INFO - [2026-07-06T17:51:41.669+0000] {dag.py:3036} INFO - Sync 1 DAGs
[2026-07-06T17:51:41.682+0000] {logging_mixin.py:188} INFO - [2026-07-06T17:51:41.681+0000] {dag.py:3823} INFO - Setting next_dagrun for dag_enriquecimento_dados to None, run_after=None
[2026-07-06T17:51:41.701+0000] {processor.py:183} INFO - Processing /opt/airflow/dags/dag_enriquecimento_dados.py took 0.067 seconds
[2026-07-06T17:52:11.844+0000] {processor.py:161} INFO - Started process (PID=2622) to work on /opt/airflow/dags/dag_enriquecimento_dados.py
[2026-07-06T17:52:11.845+0000] {processor.py:830} INFO - Processing file /opt/airflow/dags/dag_enriquecimento_dados.py for tasks to queue
[2026-07-06T17:52:11.846+0000] {logging_mixin.py:188} INFO - [2026-07-06T17:52:11.846+0000] {dagbag.py:538} INFO - Filling up the DagBag from /opt/airflow/dags/dag_enriquecimento_dados.py
[2026-07-06T17:52:11.854+0000] {processor.py:840} INFO - DAG(s) 'dag_enriquecimento_dados' retrieved from /opt/airflow/dags/dag_enriquecimento_dados.py
[2026-07-06T17:52:11.875+0000] {logging_mixin.py:188} INFO - [2026-07-06T17:52:11.875+0000] {dag.py:3036} INFO - Sync 1 DAGs
[2026-07-06T17:52:11.886+0000] {logging_mixin.py:188} INFO - [2026-07-06T17:52:11.886+0000] {dag.py:3823} INFO - Setting next_dagrun for dag_enriquecimento_dados to None, run_after=None
[2026-07-06T17:52:11.903+0000] {processor.py:183} INFO - Processing /opt/airflow/dags/dag_enriquecimento_dados.py took 0.061 seconds
[2026-07-06T17:52:42.038+0000] {processor.py:161} INFO - Started process (PID=2637) to work on /opt/airflow/dags/dag_enriquecimento_dados.py
[2026-07-06T17:52:42.039+0000] {processor.py:830} INFO - Processing file /opt/airflow/dags/dag_enriquecimento_dados.py for tasks to queue
[2026-07-06T17:52:42.040+0000] {logging_mixin.py:188} INFO - [2026-07-06T17:52:42.040+0000] {dagbag.py:538} INFO - Filling up the DagBag from /opt/airflow/dags/dag_enriquecimento_dados.py
[2026-07-06T17:52:42.048+0000] {processor.py:840} INFO - DAG(s) 'dag_enriquecimento_dados' retrieved from /opt/airflow/dags/dag_enriquecimento_dados.py
[2026-07-06T17:52:42.071+0000] {logging_mixin.py:188} INFO - [2026-07-06T17:52:42.071+0000] {dag.py:3036} INFO - Sync 1 DAGs
[2026-07-06T17:52:42.083+0000] {logging_mixin.py:188} INFO - [2026-07-06T17:52:42.083+0000] {dag.py:3823} INFO - Setting next_dagrun for dag_enriquecimento_dados to None, run_after=None
[2026-07-06T17:52:42.101+0000] {processor.py:183} INFO - Processing /opt/airflow/dags/dag_enriquecimento_dados.py took 0.065 seconds
[2026-07-06T17:53:12.242+0000] {processor.py:161} INFO - Started process (PID=2652) to work on /opt/airflow/dags/dag_enriquecimento_dados.py
[2026-07-06T17:53:12.242+0000] {processor.py:830} INFO - Processing file /opt/airflow/dags/dag_enriquecimento_dados.py for tasks to queue
[2026-07-06T17:53:12.243+0000] {logging_mixin.py:188} INFO - [2026-07-06T17:53:12.243+0000] {dagbag.py:538} INFO - Filling up the DagBag from /opt/airflow/dags/dag_enriquecimento_dados.py
[2026-07-06T17:53:12.250+0000] {processor.py:840} INFO - DAG(s) 'dag_enriquecimento_dados' retrieved from /opt/airflow/dags/dag_enriquecimento_dados.py
[2026-07-06T17:53:12.271+0000] {logging_mixin.py:188} INFO - [2026-07-06T17:53:12.271+0000] {dag.py:3036} INFO - Sync 1 DAGs
[2026-07-06T17:53:12.283+0000] {logging_mixin.py:188} INFO - [2026-07-06T17:53:12.282+0000] {dag.py:3823} INFO - Setting next_dagrun for dag_enriquecimento_dados to None, run_after=None
[2026-07-06T17:53:12.302+0000] {processor.py:183} INFO - Processing /opt/airflow/dags/dag_enriquecimento_dados.py took 0.063 seconds
[2026-07-06T17:53:42.442+0000] {processor.py:161} INFO - Started process (PID=2667) to work on /opt/airflow/dags/dag_enriquecimento_dados.py
[2026-07-06T17:53:42.443+0000] {processor.py:830} INFO - Processing file /opt/airflow/dags/dag_enriquecimento_dados.py for tasks to queue
[2026-07-06T17:53:42.444+0000] {logging_mixin.py:188} INFO - [2026-07-06T17:53:42.444+0000] {dagbag.py:538} INFO - Filling up the DagBag from /opt/airflow/dags/dag_enriquecimento_dados.py
[2026-07-06T17:53:42.452+0000] {processor.py:840} INFO - DAG(s) 'dag_enriquecimento_dados' retrieved from /opt/airflow/dags/dag_enriquecimento_dados.py
[2026-07-06T17:53:42.474+0000] {logging_mixin.py:188} INFO - [2026-07-06T17:53:42.474+0000] {dag.py:3036} INFO - Sync 1 DAGs
[2026-07-06T17:53:42.486+0000] {logging_mixin.py:188} INFO - [2026-07-06T17:53:42.486+0000] {dag.py:3823} INFO - Setting next_dagrun for dag_enriquecimento_dados to None, run_after=None
[2026-07-06T17:53:42.505+0000] {processor.py:183} INFO - Processing /opt/airflow/dags/dag_enriquecimento_dados.py took 0.065 seconds
[2026-07-06T17:54:12.645+0000] {processor.py:161} INFO - Started process (PID=2682) to work on /opt/airflow/dags/dag_enriquecimento_dados.py
[2026-07-06T17:54:12.646+0000] {processor.py:830} INFO - Processing file /opt/airflow/dags/dag_enriquecimento_dados.py for tasks to queue
[2026-07-06T17:54:12.646+0000] {logging_mixin.py:188} INFO - [2026-07-06T17:54:12.646+0000] {dagbag.py:538} INFO - Filling up the DagBag from /opt/airflow/dags/dag_enriquecimento_dados.py
[2026-07-06T17:54:12.654+0000] {processor.py:840} INFO - DAG(s) 'dag_enriquecimento_dados' retrieved from /opt/airflow/dags/dag_enriquecimento_dados.py
[2026-07-06T17:54:12.676+0000] {logging_mixin.py:188} INFO - [2026-07-06T17:54:12.676+0000] {dag.py:3036} INFO - Sync 1 DAGs
[2026-07-06T17:54:12.689+0000] {logging_mixin.py:188} INFO - [2026-07-06T17:54:12.689+0000] {dag.py:3823} INFO - Setting next_dagrun for dag_enriquecimento_dados to None, run_after=None
[2026-07-06T17:54:12.708+0000] {processor.py:183} INFO - Processing /opt/airflow/dags/dag_enriquecimento_dados.py took 0.066 seconds
[2026-07-06T17:54:42.844+0000] {processor.py:161} INFO - Started process (PID=2697) to work on /opt/airflow/dags/dag_enriquecimento_dados.py
[2026-07-06T17:54:42.845+0000] {processor.py:830} INFO - Processing file /opt/airflow/dags/dag_enriquecimento_dados.py for tasks to queue
[2026-07-06T17:54:42.845+0000] {logging_mixin.py:188} INFO - [2026-07-06T17:54:42.845+0000] {dagbag.py:538} INFO - Filling up the DagBag from /opt/airflow/dags/dag_enriquecimento_dados.py
[2026-07-06T17:54:42.853+0000] {processor.py:840} INFO - DAG(s) 'dag_enriquecimento_dados' retrieved from /opt/airflow/dags/dag_enriquecimento_dados.py
[2026-07-06T17:54:42.874+0000] {logging_mixin.py:188} INFO - [2026-07-06T17:54:42.874+0000] {dag.py:3036} INFO - Sync 1 DAGs
[2026-07-06T17:54:42.886+0000] {logging_mixin.py:188} INFO - [2026-07-06T17:54:42.886+0000] {dag.py:3823} INFO - Setting next_dagrun for dag_enriquecimento_dados to None, run_after=None
[2026-07-06T17:54:42.905+0000] {processor.py:183} INFO - Processing /opt/airflow/dags/dag_enriquecimento_dados.py took 0.063 seconds
[2026-07-06T17:55:13.045+0000] {processor.py:161} INFO - Started process (PID=2712) to work on /opt/airflow/dags/dag_enriquecimento_dados.py
[2026-07-06T17:55:13.046+0000] {processor.py:830} INFO - Processing file /opt/airflow/dags/dag_enriquecimento_dados.py for tasks to queue
[2026-07-06T17:55:13.046+0000] {logging_mixin.py:188} INFO - [2026-07-06T17:55:13.046+0000] {dagbag.py:538} INFO - Filling up the DagBag from /opt/airflow/dags/dag_enriquecimento_dados.py
[2026-07-06T17:55:13.055+0000] {processor.py:840} INFO - DAG(s) 'dag_enriquecimento_dados' retrieved from /opt/airflow/dags/dag_enriquecimento_dados.py
[2026-07-06T17:55:13.078+0000] {logging_mixin.py:188} INFO - [2026-07-06T17:55:13.078+0000] {dag.py:3036} INFO - Sync 1 DAGs
[2026-07-06T17:55:13.091+0000] {logging_mixin.py:188} INFO - [2026-07-06T17:55:13.091+0000] {dag.py:3823} INFO - Setting next_dagrun for dag_enriquecimento_dados to None, run_after=None
[2026-07-06T17:55:13.111+0000] {processor.py:183} INFO - Processing /opt/airflow/dags/dag_enriquecimento_dados.py took 0.068 seconds
[2026-07-06T17:55:43.255+0000] {processor.py:161} INFO - Started process (PID=2727) to work on /opt/airflow/dags/dag_enriquecimento_dados.py
[2026-07-06T17:55:43.255+0000] {processor.py:830} INFO - Processing file /opt/airflow/dags/dag_enriquecimento_dados.py for tasks to queue
[2026-07-06T17:55:43.256+0000] {logging_mixin.py:188} INFO - [2026-07-06T17:55:43.256+0000] {dagbag.py:538} INFO - Filling up the DagBag from /opt/airflow/dags/dag_enriquecimento_dados.py
[2026-07-06T17:55:43.264+0000] {processor.py:840} INFO - DAG(s) 'dag_enriquecimento_dados' retrieved from /opt/airflow/dags/dag_enriquecimento_dados.py
[2026-07-06T17:55:43.285+0000] {logging_mixin.py:188} INFO - [2026-07-06T17:55:43.285+0000] {dag.py:3036} INFO - Sync 1 DAGs
[2026-07-06T17:55:43.297+0000] {logging_mixin.py:188} INFO - [2026-07-06T17:55:43.297+0000] {dag.py:3823} INFO - Setting next_dagrun for dag_enriquecimento_dados to None, run_after=None
[2026-07-06T17:55:43.317+0000] {processor.py:183} INFO - Processing /opt/airflow/dags/dag_enriquecimento_dados.py took 0.065 seconds
[2026-07-06T17:56:13.459+0000] {processor.py:161} INFO - Started process (PID=2742) to work on /opt/airflow/dags/dag_enriquecimento_dados.py
[2026-07-06T17:56:13.459+0000] {processor.py:830} INFO - Processing file /opt/airflow/dags/dag_enriquecimento_dados.py for tasks to queue
[2026-07-06T17:56:13.460+0000] {logging_mixin.py:188} INFO - [2026-07-06T17:56:13.460+0000] {dagbag.py:538} INFO - Filling up the DagBag from /opt/airflow/dags/dag_enriquecimento_dados.py
[2026-07-06T17:56:13.468+0000] {processor.py:840} INFO - DAG(s) 'dag_enriquecimento_dados' retrieved from /opt/airflow/dags/dag_enriquecimento_dados.py
[2026-07-06T17:56:13.489+0000] {logging_mixin.py:188} INFO - [2026-07-06T17:56:13.489+0000] {dag.py:3036} INFO - Sync 1 DAGs
[2026-07-06T17:56:13.501+0000] {logging_mixin.py:188} INFO - [2026-07-06T17:56:13.500+0000] {dag.py:3823} INFO - Setting next_dagrun for dag_enriquecimento_dados to None, run_after=None
[2026-07-06T17:56:13.518+0000] {processor.py:183} INFO - Processing /opt/airflow/dags/dag_enriquecimento_dados.py took 0.062 seconds
[2026-07-06T17:56:43.653+0000] {processor.py:161} INFO - Started process (PID=2757) to work on /opt/airflow/dags/dag_enriquecimento_dados.py
[2026-07-06T17:56:43.654+0000] {processor.py:830} INFO - Processing file /opt/airflow/dags/dag_enriquecimento_dados.py for tasks to queue
[2026-07-06T17:56:43.655+0000] {logging_mixin.py:188} INFO - [2026-07-06T17:56:43.655+0000] {dagbag.py:538} INFO - Filling up the DagBag from /opt/airflow/dags/dag_enriquecimento_dados.py
[2026-07-06T17:56:43.663+0000] {processor.py:840} INFO - DAG(s) 'dag_enriquecimento_dados' retrieved from /opt/airflow/dags/dag_enriquecimento_dados.py
[2026-07-06T17:56:43.685+0000] {logging_mixin.py:188} INFO - [2026-07-06T17:56:43.685+0000] {dag.py:3036} INFO - Sync 1 DAGs
[2026-07-06T17:56:43.698+0000] {logging_mixin.py:188} INFO - [2026-07-06T17:56:43.697+0000] {dag.py:3823} INFO - Setting next_dagrun for dag_enriquecimento_dados to None, run_after=None
[2026-07-06T17:56:43.716+0000] {processor.py:183} INFO - Processing /opt/airflow/dags/dag_enriquecimento_dados.py took 0.065 seconds
[2026-07-06T17:57:13.854+0000] {processor.py:161} INFO - Started process (PID=2772) to work on /opt/airflow/dags/dag_enriquecimento_dados.py
[2026-07-06T17:57:13.855+0000] {processor.py:830} INFO - Processing file /opt/airflow/dags/dag_enriquecimento_dados.py for tasks to queue
[2026-07-06T17:57:13.856+0000] {logging_mixin.py:188} INFO - [2026-07-06T17:57:13.856+0000] {dagbag.py:538} INFO - Filling up the DagBag from /opt/airflow/dags/dag_enriquecimento_dados.py
[2026-07-06T17:57:13.864+0000] {processor.py:840} INFO - DAG(s) 'dag_enriquecimento_dados' retrieved from /opt/airflow/dags/dag_enriquecimento_dados.py
[2026-07-06T17:57:13.887+0000] {logging_mixin.py:188} INFO - [2026-07-06T17:57:13.887+0000] {dag.py:3036} INFO - Sync 1 DAGs
[2026-07-06T17:57:13.900+0000] {logging_mixin.py:188} INFO - [2026-07-06T17:57:13.900+0000] {dag.py:3823} INFO - Setting next_dagrun for dag_enriquecimento_dados to None, run_after=None
[2026-07-06T17:57:13.918+0000] {processor.py:183} INFO - Processing /opt/airflow/dags/dag_enriquecimento_dados.py took 0.067 seconds
[2026-07-06T17:57:44.058+0000] {processor.py:161} INFO - Started process (PID=2787) to work on /opt/airflow/dags/dag_enriquecimento_dados.py
[2026-07-06T17:57:44.059+0000] {processor.py:830} INFO - Processing file /opt/airflow/dags/dag_enriquecimento_dados.py for tasks to queue
[2026-07-06T17:57:44.060+0000] {logging_mixin.py:188} INFO - [2026-07-06T17:57:44.059+0000] {dagbag.py:538} INFO - Filling up the DagBag from /opt/airflow/dags/dag_enriquecimento_dados.py
[2026-07-06T17:57:44.068+0000] {processor.py:840} INFO - DAG(s) 'dag_enriquecimento_dados' retrieved from /opt/airflow/dags/dag_enriquecimento_dados.py
[2026-07-06T17:57:44.089+0000] {logging_mixin.py:188} INFO - [2026-07-06T17:57:44.089+0000] {dag.py:3036} INFO - Sync 1 DAGs
[2026-07-06T17:57:44.101+0000] {logging_mixin.py:188} INFO - [2026-07-06T17:57:44.100+0000] {dag.py:3823} INFO - Setting next_dagrun for dag_enriquecimento_dados to None, run_after=None
[2026-07-06T17:57:44.120+0000] {processor.py:183} INFO - Processing /opt/airflow/dags/dag_enriquecimento_dados.py took 0.064 seconds
[2026-07-06T17:58:14.259+0000] {processor.py:161} INFO - Started process (PID=2802) to work on /opt/airflow/dags/dag_enriquecimento_dados.py
[2026-07-06T17:58:14.260+0000] {processor.py:830} INFO - Processing file /opt/airflow/dags/dag_enriquecimento_dados.py for tasks to queue
[2026-07-06T17:58:14.260+0000] {logging_mixin.py:188} INFO - [2026-07-06T17:58:14.260+0000] {dagbag.py:538} INFO - Filling up the DagBag from /opt/airflow/dags/dag_enriquecimento_dados.py
[2026-07-06T17:58:14.269+0000] {processor.py:840} INFO - DAG(s) 'dag_enriquecimento_dados' retrieved from /opt/airflow/dags/dag_enriquecimento_dados.py
[2026-07-06T17:58:14.293+0000] {logging_mixin.py:188} INFO - [2026-07-06T17:58:14.293+0000] {dag.py:3036} INFO - Sync 1 DAGs
[2026-07-06T17:58:14.306+0000] {logging_mixin.py:188} INFO - [2026-07-06T17:58:14.306+0000] {dag.py:3823} INFO - Setting next_dagrun for dag_enriquecimento_dados to None, run_after=None
[2026-07-06T17:58:14.325+0000] {processor.py:183} INFO - Processing /opt/airflow/dags/dag_enriquecimento_dados.py took 0.069 seconds
[2026-07-06T17:58:44.472+0000] {processor.py:161} INFO - Started process (PID=2817) to work on /opt/airflow/dags/dag_enriquecimento_dados.py
[2026-07-06T17:58:44.473+0000] {processor.py:830} INFO - Processing file /opt/airflow/dags/dag_enriquecimento_dados.py for tasks to queue
[2026-07-06T17:58:44.473+0000] {logging_mixin.py:188} INFO - [2026-07-06T17:58:44.473+0000] {dagbag.py:538} INFO - Filling up the DagBag from /opt/airflow/dags/dag_enriquecimento_dados.py
[2026-07-06T17:58:44.483+0000] {processor.py:840} INFO - DAG(s) 'dag_enriquecimento_dados' retrieved from /opt/airflow/dags/dag_enriquecimento_dados.py
[2026-07-06T17:58:44.508+0000] {logging_mixin.py:188} INFO - [2026-07-06T17:58:44.507+0000] {dag.py:3036} INFO - Sync 1 DAGs
[2026-07-06T17:58:44.520+0000] {logging_mixin.py:188} INFO - [2026-07-06T17:58:44.520+0000] {dag.py:3823} INFO - Setting next_dagrun for dag_enriquecimento_dados to None, run_after=None
[2026-07-06T17:58:44.541+0000] {processor.py:183} INFO - Processing /opt/airflow/dags/dag_enriquecimento_dados.py took 0.073 seconds
[2026-07-06T17:59:14.684+0000] {processor.py:161} INFO - Started process (PID=2832) to work on /opt/airflow/dags/dag_enriquecimento_dados.py
[2026-07-06T17:59:14.684+0000] {processor.py:830} INFO - Processing file /opt/airflow/dags/dag_enriquecimento_dados.py for tasks to queue
[2026-07-06T17:59:14.685+0000] {logging_mixin.py:188} INFO - [2026-07-06T17:59:14.685+0000] {dagbag.py:538} INFO - Filling up the DagBag from /opt/airflow/dags/dag_enriquecimento_dados.py
[2026-07-06T17:59:14.693+0000] {processor.py:840} INFO - DAG(s) 'dag_enriquecimento_dados' retrieved from /opt/airflow/dags/dag_enriquecimento_dados.py
[2026-07-06T17:59:14.715+0000] {logging_mixin.py:188} INFO - [2026-07-06T17:59:14.714+0000] {dag.py:3036} INFO - Sync 1 DAGs
[2026-07-06T17:59:14.727+0000] {logging_mixin.py:188} INFO - [2026-07-06T17:59:14.727+0000] {dag.py:3823} INFO - Setting next_dagrun for dag_enriquecimento_dados to None, run_after=None
[2026-07-06T17:59:14.744+0000] {processor.py:183} INFO - Processing /opt/airflow/dags/dag_enriquecimento_dados.py took 0.063 seconds
[2026-07-06T17:59:44.886+0000] {processor.py:161} INFO - Started process (PID=2847) to work on /opt/airflow/dags/dag_enriquecimento_dados.py
[2026-07-06T17:59:44.887+0000] {processor.py:830} INFO - Processing file /opt/airflow/dags/dag_enriquecimento_dados.py for tasks to queue
[2026-07-06T17:59:44.888+0000] {logging_mixin.py:188} INFO - [2026-07-06T17:59:44.887+0000] {dagbag.py:538} INFO - Filling up the DagBag from /opt/airflow/dags/dag_enriquecimento_dados.py
[2026-07-06T17:59:44.896+0000] {processor.py:840} INFO - DAG(s) 'dag_enriquecimento_dados' retrieved from /opt/airflow/dags/dag_enriquecimento_dados.py
[2026-07-06T17:59:44.919+0000] {logging_mixin.py:188} INFO - [2026-07-06T17:59:44.919+0000] {dag.py:3036} INFO - Sync 1 DAGs
[2026-07-06T17:59:44.930+0000] {logging_mixin.py:188} INFO - [2026-07-06T17:59:44.930+0000] {dag.py:3823} INFO - Setting next_dagrun for dag_enriquecimento_dados to None, run_after=None
[2026-07-06T17:59:44.949+0000] {processor.py:183} INFO - Processing /opt/airflow/dags/dag_enriquecimento_dados.py took 0.065 seconds
[2026-07-06T18:00:15.090+0000] {processor.py:161} INFO - Started process (PID=2862) to work on /opt/airflow/dags/dag_enriquecimento_dados.py
[2026-07-06T18:00:15.091+0000] {processor.py:830} INFO - Processing file /opt/airflow/dags/dag_enriquecimento_dados.py for tasks to queue
[2026-07-06T18:00:15.092+0000] {logging_mixin.py:188} INFO - [2026-07-06T18:00:15.092+0000] {dagbag.py:538} INFO - Filling up the DagBag from /opt/airflow/dags/dag_enriquecimento_dados.py
[2026-07-06T18:00:15.100+0000] {processor.py:840} INFO - DAG(s) 'dag_enriquecimento_dados' retrieved from /opt/airflow/dags/dag_enriquecimento_dados.py
[2026-07-06T18:00:15.122+0000] {logging_mixin.py:188} INFO - [2026-07-06T18:00:15.122+0000] {dag.py:3036} INFO - Sync 1 DAGs
[2026-07-06T18:00:15.133+0000] {logging_mixin.py:188} INFO - [2026-07-06T18:00:15.133+0000] {dag.py:3823} INFO - Setting next_dagrun for dag_enriquecimento_dados to None, run_after=None
[2026-07-06T18:00:15.152+0000] {processor.py:183} INFO - Processing /opt/airflow/dags/dag_enriquecimento_dados.py took 0.065 seconds
[2026-07-06T18:00:45.308+0000] {processor.py:161} INFO - Started process (PID=2877) to work on /opt/airflow/dags/dag_enriquecimento_dados.py
[2026-07-06T18:00:45.309+0000] {processor.py:830} INFO - Processing file /opt/airflow/dags/dag_enriquecimento_dados.py for tasks to queue
[2026-07-06T18:00:45.309+0000] {logging_mixin.py:188} INFO - [2026-07-06T18:00:45.309+0000] {dagbag.py:538} INFO - Filling up the DagBag from /opt/airflow/dags/dag_enriquecimento_dados.py
[2026-07-06T18:00:45.319+0000] {processor.py:840} INFO - DAG(s) 'dag_enriquecimento_dados' retrieved from /opt/airflow/dags/dag_enriquecimento_dados.py
[2026-07-06T18:00:45.341+0000] {logging_mixin.py:188} INFO - [2026-07-06T18:00:45.341+0000] {dag.py:3036} INFO - Sync 1 DAGs
[2026-07-06T18:00:45.352+0000] {logging_mixin.py:188} INFO - [2026-07-06T18:00:45.352+0000] {dag.py:3823} INFO - Setting next_dagrun for dag_enriquecimento_dados to None, run_after=None
[2026-07-06T18:00:45.370+0000] {processor.py:183} INFO - Processing /opt/airflow/dags/dag_enriquecimento_dados.py took 0.065 seconds
[2026-07-06T18:01:15.513+0000] {processor.py:161} INFO - Started process (PID=2892) to work on /opt/airflow/dags/dag_enriquecimento_dados.py
[2026-07-06T18:01:15.514+0000] {processor.py:830} INFO - Processing file /opt/airflow/dags/dag_enriquecimento_dados.py for tasks to queue
[2026-07-06T18:01:15.515+0000] {logging_mixin.py:188} INFO - [2026-07-06T18:01:15.514+0000] {dagbag.py:538} INFO - Filling up the DagBag from /opt/airflow/dags/dag_enriquecimento_dados.py
[2026-07-06T18:01:15.523+0000] {processor.py:840} INFO - DAG(s) 'dag_enriquecimento_dados' retrieved from /opt/airflow/dags/dag_enriquecimento_dados.py
[2026-07-06T18:01:15.545+0000] {logging_mixin.py:188} INFO - [2026-07-06T18:01:15.545+0000] {dag.py:3036} INFO - Sync 1 DAGs
[2026-07-06T18:01:15.556+0000] {logging_mixin.py:188} INFO - [2026-07-06T18:01:15.556+0000] {dag.py:3823} INFO - Setting next_dagrun for dag_enriquecimento_dados to None, run_after=None
[2026-07-06T18:01:15.574+0000] {processor.py:183} INFO - Processing /opt/airflow/dags/dag_enriquecimento_dados.py took 0.064 seconds
[2026-07-06T18:01:45.715+0000] {processor.py:161} INFO - Started process (PID=2907) to work on /opt/airflow/dags/dag_enriquecimento_dados.py
[2026-07-06T18:01:45.716+0000] {processor.py:830} INFO - Processing file /opt/airflow/dags/dag_enriquecimento_dados.py for tasks to queue
[2026-07-06T18:01:45.717+0000] {logging_mixin.py:188} INFO - [2026-07-06T18:01:45.716+0000] {dagbag.py:538} INFO - Filling up the DagBag from /opt/airflow/dags/dag_enriquecimento_dados.py
[2026-07-06T18:01:45.725+0000] {processor.py:840} INFO - DAG(s) 'dag_enriquecimento_dados' retrieved from /opt/airflow/dags/dag_enriquecimento_dados.py
[2026-07-06T18:01:45.748+0000] {logging_mixin.py:188} INFO - [2026-07-06T18:01:45.748+0000] {dag.py:3036} INFO - Sync 1 DAGs
[2026-07-06T18:01:45.760+0000] {logging_mixin.py:188} INFO - [2026-07-06T18:01:45.760+0000] {dag.py:3823} INFO - Setting next_dagrun for dag_enriquecimento_dados to None, run_after=None
[2026-07-06T18:01:45.778+0000] {processor.py:183} INFO - Processing /opt/airflow/dags/dag_enriquecimento_dados.py took 0.066 seconds
[2026-07-06T18:02:15.917+0000] {processor.py:161} INFO - Started process (PID=2922) to work on /opt/airflow/dags/dag_enriquecimento_dados.py
[2026-07-06T18:02:15.917+0000] {processor.py:830} INFO - Processing file /opt/airflow/dags/dag_enriquecimento_dados.py for tasks to queue
[2026-07-06T18:02:15.918+0000] {logging_mixin.py:188} INFO - [2026-07-06T18:02:15.918+0000] {dagbag.py:538} INFO - Filling up the DagBag from /opt/airflow/dags/dag_enriquecimento_dados.py
[2026-07-06T18:02:15.926+0000] {processor.py:840} INFO - DAG(s) 'dag_enriquecimento_dados' retrieved from /opt/airflow/dags/dag_enriquecimento_dados.py
[2026-07-06T18:02:15.949+0000] {logging_mixin.py:188} INFO - [2026-07-06T18:02:15.949+0000] {dag.py:3036} INFO - Sync 1 DAGs
[2026-07-06T18:02:15.963+0000] {logging_mixin.py:188} INFO - [2026-07-06T18:02:15.962+0000] {dag.py:3823} INFO - Setting next_dagrun for dag_enriquecimento_dados to None, run_after=None
[2026-07-06T18:02:15.982+0000] {processor.py:183} INFO - Processing /opt/airflow/dags/dag_enriquecimento_dados.py took 0.068 seconds
[2026-07-06T18:02:46.120+0000] {processor.py:161} INFO - Started process (PID=2937) to work on /opt/airflow/dags/dag_enriquecimento_dados.py
[2026-07-06T18:02:46.121+0000] {processor.py:830} INFO - Processing file /opt/airflow/dags/dag_enriquecimento_dados.py for tasks to queue
[2026-07-06T18:02:46.121+0000] {logging_mixin.py:188} INFO - [2026-07-06T18:02:46.121+0000] {dagbag.py:538} INFO - Filling up the DagBag from /opt/airflow/dags/dag_enriquecimento_dados.py
[2026-07-06T18:02:46.129+0000] {processor.py:840} INFO - DAG(s) 'dag_enriquecimento_dados' retrieved from /opt/airflow/dags/dag_enriquecimento_dados.py
[2026-07-06T18:02:46.151+0000] {logging_mixin.py:188} INFO - [2026-07-06T18:02:46.151+0000] {dag.py:3036} INFO - Sync 1 DAGs
[2026-07-06T18:02:46.163+0000] {logging_mixin.py:188} INFO - [2026-07-06T18:02:46.162+0000] {dag.py:3823} INFO - Setting next_dagrun for dag_enriquecimento_dados to None, run_after=None
[2026-07-06T18:02:46.179+0000] {processor.py:183} INFO - Processing /opt/airflow/dags/dag_enriquecimento_dados.py took 0.062 seconds
[2026-07-06T18:03:16.320+0000] {processor.py:161} INFO - Started process (PID=2952) to work on /opt/airflow/dags/dag_enriquecimento_dados.py
[2026-07-06T18:03:16.321+0000] {processor.py:830} INFO - Processing file /opt/airflow/dags/dag_enriquecimento_dados.py for tasks to queue
[2026-07-06T18:03:16.321+0000] {logging_mixin.py:188} INFO - [2026-07-06T18:03:16.321+0000] {dagbag.py:538} INFO - Filling up the DagBag from /opt/airflow/dags/dag_enriquecimento_dados.py
[2026-07-06T18:03:16.331+0000] {processor.py:840} INFO - DAG(s) 'dag_enriquecimento_dados' retrieved from /opt/airflow/dags/dag_enriquecimento_dados.py
[2026-07-06T18:03:16.352+0000] {logging_mixin.py:188} INFO - [2026-07-06T18:03:16.352+0000] {dag.py:3036} INFO - Sync 1 DAGs
[2026-07-06T18:03:16.364+0000] {logging_mixin.py:188} INFO - [2026-07-06T18:03:16.363+0000] {dag.py:3823} INFO - Setting next_dagrun for dag_enriquecimento_dados to None, run_after=None
[2026-07-06T18:03:16.380+0000] {processor.py:183} INFO - Processing /opt/airflow/dags/dag_enriquecimento_dados.py took 0.063 seconds
[2026-07-06T18:03:46.531+0000] {processor.py:161} INFO - Started process (PID=2967) to work on /opt/airflow/dags/dag_enriquecimento_dados.py
[2026-07-06T18:03:46.532+0000] {processor.py:830} INFO - Processing file /opt/airflow/dags/dag_enriquecimento_dados.py for tasks to queue
[2026-07-06T18:03:46.532+0000] {logging_mixin.py:188} INFO - [2026-07-06T18:03:46.532+0000] {dagbag.py:538} INFO - Filling up the DagBag from /opt/airflow/dags/dag_enriquecimento_dados.py
[2026-07-06T18:03:46.540+0000] {processor.py:840} INFO - DAG(s) 'dag_enriquecimento_dados' retrieved from /opt/airflow/dags/dag_enriquecimento_dados.py
[2026-07-06T18:03:46.562+0000] {logging_mixin.py:188} INFO - [2026-07-06T18:03:46.562+0000] {dag.py:3036} INFO - Sync 1 DAGs
[2026-07-06T18:03:46.573+0000] {logging_mixin.py:188} INFO - [2026-07-06T18:03:46.573+0000] {dag.py:3823} INFO - Setting next_dagrun for dag_enriquecimento_dados to None, run_after=None
[2026-07-06T18:03:46.610+0000] {processor.py:183} INFO - Processing /opt/airflow/dags/dag_enriquecimento_dados.py took 0.082 seconds
[2026-07-06T18:04:16.750+0000] {processor.py:161} INFO - Started process (PID=2982) to work on /opt/airflow/dags/dag_enriquecimento_dados.py
[2026-07-06T18:04:16.750+0000] {processor.py:830} INFO - Processing file /opt/airflow/dags/dag_enriquecimento_dados.py for tasks to queue
[2026-07-06T18:04:16.751+0000] {logging_mixin.py:188} INFO - [2026-07-06T18:04:16.751+0000] {dagbag.py:538} INFO - Filling up the DagBag from /opt/airflow/dags/dag_enriquecimento_dados.py
[2026-07-06T18:04:16.759+0000] {processor.py:840} INFO - DAG(s) 'dag_enriquecimento_dados' retrieved from /opt/airflow/dags/dag_enriquecimento_dados.py
[2026-07-06T18:04:16.781+0000] {logging_mixin.py:188} INFO - [2026-07-06T18:04:16.781+0000] {dag.py:3036} INFO - Sync 1 DAGs
[2026-07-06T18:04:16.793+0000] {logging_mixin.py:188} INFO - [2026-07-06T18:04:16.793+0000] {dag.py:3823} INFO - Setting next_dagrun for dag_enriquecimento_dados to None, run_after=None
[2026-07-06T18:04:16.829+0000] {processor.py:183} INFO - Processing /opt/airflow/dags/dag_enriquecimento_dados.py took 0.082 seconds
[2026-07-06T18:04:46.966+0000] {processor.py:161} INFO - Started process (PID=2997) to work on /opt/airflow/dags/dag_enriquecimento_dados.py
[2026-07-06T18:04:46.967+0000] {processor.py:830} INFO - Processing file /opt/airflow/dags/dag_enriquecimento_dados.py for tasks to queue
[2026-07-06T18:04:46.968+0000] {logging_mixin.py:188} INFO - [2026-07-06T18:04:46.968+0000] {dagbag.py:538} INFO - Filling up the DagBag from /opt/airflow/dags/dag_enriquecimento_dados.py
[2026-07-06T18:04:46.976+0000] {processor.py:840} INFO - DAG(s) 'dag_enriquecimento_dados' retrieved from /opt/airflow/dags/dag_enriquecimento_dados.py
[2026-07-06T18:04:46.997+0000] {logging_mixin.py:188} INFO - [2026-07-06T18:04:46.997+0000] {dag.py:3036} INFO - Sync 1 DAGs
[2026-07-06T18:04:47.008+0000] {logging_mixin.py:188} INFO - [2026-07-06T18:04:47.008+0000] {dag.py:3823} INFO - Setting next_dagrun for dag_enriquecimento_dados to None, run_after=None
[2026-07-06T18:04:47.045+0000] {processor.py:183} INFO - Processing /opt/airflow/dags/dag_enriquecimento_dados.py took 0.081 seconds
[2026-07-06T18:05:17.184+0000] {processor.py:161} INFO - Started process (PID=3012) to work on /opt/airflow/dags/dag_enriquecimento_dados.py
[2026-07-06T18:05:17.185+0000] {processor.py:830} INFO - Processing file /opt/airflow/dags/dag_enriquecimento_dados.py for tasks to queue
[2026-07-06T18:05:17.186+0000] {logging_mixin.py:188} INFO - [2026-07-06T18:05:17.185+0000] {dagbag.py:538} INFO - Filling up the DagBag from /opt/airflow/dags/dag_enriquecimento_dados.py
[2026-07-06T18:05:17.194+0000] {processor.py:840} INFO - DAG(s) 'dag_enriquecimento_dados' retrieved from /opt/airflow/dags/dag_enriquecimento_dados.py
[2026-07-06T18:05:17.215+0000] {logging_mixin.py:188} INFO - [2026-07-06T18:05:17.215+0000] {dag.py:3036} INFO - Sync 1 DAGs
[2026-07-06T18:05:17.227+0000] {logging_mixin.py:188} INFO - [2026-07-06T18:05:17.226+0000] {dag.py:3823} INFO - Setting next_dagrun for dag_enriquecimento_dados to None, run_after=None
[2026-07-06T18:05:17.263+0000] {processor.py:183} INFO - Processing /opt/airflow/dags/dag_enriquecimento_dados.py took 0.082 seconds
[2026-07-06T18:05:47.410+0000] {processor.py:161} INFO - Started process (PID=3027) to work on /opt/airflow/dags/dag_enriquecimento_dados.py
[2026-07-06T18:05:47.411+0000] {processor.py:830} INFO - Processing file /opt/airflow/dags/dag_enriquecimento_dados.py for tasks to queue
[2026-07-06T18:05:47.412+0000] {logging_mixin.py:188} INFO - [2026-07-06T18:05:47.411+0000] {dagbag.py:538} INFO - Filling up the DagBag from /opt/airflow/dags/dag_enriquecimento_dados.py
[2026-07-06T18:05:47.420+0000] {processor.py:840} INFO - DAG(s) 'dag_enriquecimento_dados' retrieved from /opt/airflow/dags/dag_enriquecimento_dados.py
[2026-07-06T18:05:47.442+0000] {logging_mixin.py:188} INFO - [2026-07-06T18:05:47.442+0000] {dag.py:3036} INFO - Sync 1 DAGs
[2026-07-06T18:05:47.454+0000] {logging_mixin.py:188} INFO - [2026-07-06T18:05:47.454+0000] {dag.py:3823} INFO - Setting next_dagrun for dag_enriquecimento_dados to None, run_after=None
[2026-07-06T18:05:47.491+0000] {processor.py:183} INFO - Processing /opt/airflow/dags/dag_enriquecimento_dados.py took 0.084 seconds
[2026-07-06T18:06:17.631+0000] {processor.py:161} INFO - Started process (PID=3042) to work on /opt/airflow/dags/dag_enriquecimento_dados.py
[2026-07-06T18:06:17.632+0000] {processor.py:830} INFO - Processing file /opt/airflow/dags/dag_enriquecimento_dados.py for tasks to queue
[2026-07-06T18:06:17.633+0000] {logging_mixin.py:188} INFO - [2026-07-06T18:06:17.632+0000] {dagbag.py:538} INFO - Filling up the DagBag from /opt/airflow/dags/dag_enriquecimento_dados.py
[2026-07-06T18:06:17.642+0000] {processor.py:840} INFO - DAG(s) 'dag_enriquecimento_dados' retrieved from /opt/airflow/dags/dag_enriquecimento_dados.py
[2026-07-06T18:06:17.663+0000] {logging_mixin.py:188} INFO - [2026-07-06T18:06:17.663+0000] {dag.py:3036} INFO - Sync 1 DAGs
[2026-07-06T18:06:17.675+0000] {logging_mixin.py:188} INFO - [2026-07-06T18:06:17.675+0000] {dag.py:3823} INFO - Setting next_dagrun for dag_enriquecimento_dados to None, run_after=None
[2026-07-06T18:06:17.712+0000] {processor.py:183} INFO - Processing /opt/airflow/dags/dag_enriquecimento_dados.py took 0.083 seconds
[2026-07-06T18:06:47.851+0000] {processor.py:161} INFO - Started process (PID=3057) to work on /opt/airflow/dags/dag_enriquecimento_dados.py
[2026-07-06T18:06:47.851+0000] {processor.py:830} INFO - Processing file /opt/airflow/dags/dag_enriquecimento_dados.py for tasks to queue
[2026-07-06T18:06:47.852+0000] {logging_mixin.py:188} INFO - [2026-07-06T18:06:47.852+0000] {dagbag.py:538} INFO - Filling up the DagBag from /opt/airflow/dags/dag_enriquecimento_dados.py
[2026-07-06T18:06:47.860+0000] {processor.py:840} INFO - DAG(s) 'dag_enriquecimento_dados' retrieved from /opt/airflow/dags/dag_enriquecimento_dados.py
[2026-07-06T18:06:47.882+0000] {logging_mixin.py:188} INFO - [2026-07-06T18:06:47.882+0000] {dag.py:3036} INFO - Sync 1 DAGs
[2026-07-06T18:06:47.893+0000] {logging_mixin.py:188} INFO - [2026-07-06T18:06:47.893+0000] {dag.py:3823} INFO - Setting next_dagrun for dag_enriquecimento_dados to None, run_after=None
[2026-07-06T18:06:47.929+0000] {processor.py:183} INFO - Processing /opt/airflow/dags/dag_enriquecimento_dados.py took 0.082 seconds
[2026-07-06T18:07:18.071+0000] {processor.py:161} INFO - Started process (PID=3072) to work on /opt/airflow/dags/dag_enriquecimento_dados.py
[2026-07-06T18:07:18.071+0000] {processor.py:830} INFO - Processing file /opt/airflow/dags/dag_enriquecimento_dados.py for tasks to queue
[2026-07-06T18:07:18.072+0000] {logging_mixin.py:188} INFO - [2026-07-06T18:07:18.072+0000] {dagbag.py:538} INFO - Filling up the DagBag from /opt/airflow/dags/dag_enriquecimento_dados.py
[2026-07-06T18:07:18.080+0000] {processor.py:840} INFO - DAG(s) 'dag_enriquecimento_dados' retrieved from /opt/airflow/dags/dag_enriquecimento_dados.py
[2026-07-06T18:07:18.103+0000] {logging_mixin.py:188} INFO - [2026-07-06T18:07:18.103+0000] {dag.py:3036} INFO - Sync 1 DAGs
[2026-07-06T18:07:18.115+0000] {logging_mixin.py:188} INFO - [2026-07-06T18:07:18.115+0000] {dag.py:3823} INFO - Setting next_dagrun for dag_enriquecimento_dados to None, run_after=None
[2026-07-06T18:07:18.152+0000] {processor.py:183} INFO - Processing /opt/airflow/dags/dag_enriquecimento_dados.py took 0.085 seconds
[2026-07-06T18:07:48.291+0000] {processor.py:161} INFO - Started process (PID=3087) to work on /opt/airflow/dags/dag_enriquecimento_dados.py
[2026-07-06T18:07:48.291+0000] {processor.py:830} INFO - Processing file /opt/airflow/dags/dag_enriquecimento_dados.py for tasks to queue
[2026-07-06T18:07:48.292+0000] {logging_mixin.py:188} INFO - [2026-07-06T18:07:48.292+0000] {dagbag.py:538} INFO - Filling up the DagBag from /opt/airflow/dags/dag_enriquecimento_dados.py
[2026-07-06T18:07:48.300+0000] {processor.py:840} INFO - DAG(s) 'dag_enriquecimento_dados' retrieved from /opt/airflow/dags/dag_enriquecimento_dados.py
[2026-07-06T18:07:48.322+0000] {logging_mixin.py:188} INFO - [2026-07-06T18:07:48.322+0000] {dag.py:3036} INFO - Sync 1 DAGs
[2026-07-06T18:07:48.333+0000] {logging_mixin.py:188} INFO - [2026-07-06T18:07:48.333+0000] {dag.py:3823} INFO - Setting next_dagrun for dag_enriquecimento_dados to None, run_after=None
[2026-07-06T18:07:48.349+0000] {processor.py:183} INFO - Processing /opt/airflow/dags/dag_enriquecimento_dados.py took 0.061 seconds
[2026-07-06T18:08:18.490+0000] {processor.py:161} INFO - Started process (PID=3102) to work on /opt/airflow/dags/dag_enriquecimento_dados.py
[2026-07-06T18:08:18.491+0000] {processor.py:830} INFO - Processing file /opt/airflow/dags/dag_enriquecimento_dados.py for tasks to queue
[2026-07-06T18:08:18.491+0000] {logging_mixin.py:188} INFO - [2026-07-06T18:08:18.491+0000] {dagbag.py:538} INFO - Filling up the DagBag from /opt/airflow/dags/dag_enriquecimento_dados.py
[2026-07-06T18:08:18.499+0000] {processor.py:840} INFO - DAG(s) 'dag_enriquecimento_dados' retrieved from /opt/airflow/dags/dag_enriquecimento_dados.py
[2026-07-06T18:08:18.519+0000] {logging_mixin.py:188} INFO - [2026-07-06T18:08:18.519+0000] {dag.py:3036} INFO - Sync 1 DAGs
[2026-07-06T18:08:18.531+0000] {logging_mixin.py:188} INFO - [2026-07-06T18:08:18.531+0000] {dag.py:3823} INFO - Setting next_dagrun for dag_enriquecimento_dados to None, run_after=None
[2026-07-06T18:08:18.568+0000] {processor.py:183} INFO - Processing /opt/airflow/dags/dag_enriquecimento_dados.py took 0.081 seconds
[2026-07-06T18:08:48.709+0000] {processor.py:161} INFO - Started process (PID=3117) to work on /opt/airflow/dags/dag_enriquecimento_dados.py
[2026-07-06T18:08:48.709+0000] {processor.py:830} INFO - Processing file /opt/airflow/dags/dag_enriquecimento_dados.py for tasks to queue
[2026-07-06T18:08:48.710+0000] {logging_mixin.py:188} INFO - [2026-07-06T18:08:48.710+0000] {dagbag.py:538} INFO - Filling up the DagBag from /opt/airflow/dags/dag_enriquecimento_dados.py
[2026-07-06T18:08:48.719+0000] {processor.py:840} INFO - DAG(s) 'dag_enriquecimento_dados' retrieved from /opt/airflow/dags/dag_enriquecimento_dados.py
[2026-07-06T18:08:48.740+0000] {logging_mixin.py:188} INFO - [2026-07-06T18:08:48.739+0000] {dag.py:3036} INFO - Sync 1 DAGs
[2026-07-06T18:08:48.751+0000] {logging_mixin.py:188} INFO - [2026-07-06T18:08:48.751+0000] {dag.py:3823} INFO - Setting next_dagrun for dag_enriquecimento_dados to None, run_after=None
[2026-07-06T18:08:48.788+0000] {processor.py:183} INFO - Processing /opt/airflow/dags/dag_enriquecimento_dados.py took 0.082 seconds
[2026-07-06T18:09:18.926+0000] {processor.py:161} INFO - Started process (PID=3132) to work on /opt/airflow/dags/dag_enriquecimento_dados.py
[2026-07-06T18:09:18.926+0000] {processor.py:830} INFO - Processing file /opt/airflow/dags/dag_enriquecimento_dados.py for tasks to queue
[2026-07-06T18:09:18.927+0000] {logging_mixin.py:188} INFO - [2026-07-06T18:09:18.927+0000] {dagbag.py:538} INFO - Filling up the DagBag from /opt/airflow/dags/dag_enriquecimento_dados.py
[2026-07-06T18:09:18.935+0000] {processor.py:840} INFO - DAG(s) 'dag_enriquecimento_dados' retrieved from /opt/airflow/dags/dag_enriquecimento_dados.py
[2026-07-06T18:09:18.956+0000] {logging_mixin.py:188} INFO - [2026-07-06T18:09:18.956+0000] {dag.py:3036} INFO - Sync 1 DAGs
[2026-07-06T18:09:18.967+0000] {logging_mixin.py:188} INFO - [2026-07-06T18:09:18.967+0000] {dag.py:3823} INFO - Setting next_dagrun for dag_enriquecimento_dados to None, run_after=None
[2026-07-06T18:09:19.005+0000] {processor.py:183} INFO - Processing /opt/airflow/dags/dag_enriquecimento_dados.py took 0.082 seconds
[2026-07-06T18:09:49.146+0000] {processor.py:161} INFO - Started process (PID=3147) to work on /opt/airflow/dags/dag_enriquecimento_dados.py
[2026-07-06T18:09:49.146+0000] {processor.py:830} INFO - Processing file /opt/airflow/dags/dag_enriquecimento_dados.py for tasks to queue
[2026-07-06T18:09:49.147+0000] {logging_mixin.py:188} INFO - [2026-07-06T18:09:49.147+0000] {dagbag.py:538} INFO - Filling up the DagBag from /opt/airflow/dags/dag_enriquecimento_dados.py
[2026-07-06T18:09:49.155+0000] {processor.py:840} INFO - DAG(s) 'dag_enriquecimento_dados' retrieved from /opt/airflow/dags/dag_enriquecimento_dados.py
[2026-07-06T18:09:49.177+0000] {logging_mixin.py:188} INFO - [2026-07-06T18:09:49.177+0000] {dag.py:3036} INFO - Sync 1 DAGs
[2026-07-06T18:09:49.189+0000] {logging_mixin.py:188} INFO - [2026-07-06T18:09:49.188+0000] {dag.py:3823} INFO - Setting next_dagrun for dag_enriquecimento_dados to None, run_after=None
[2026-07-06T18:09:49.226+0000] {processor.py:183} INFO - Processing /opt/airflow/dags/dag_enriquecimento_dados.py took 0.083 seconds
[2026-07-06T18:10:19.362+0000] {processor.py:161} INFO - Started process (PID=3162) to work on /opt/airflow/dags/dag_enriquecimento_dados.py
[2026-07-06T18:10:19.363+0000] {processor.py:830} INFO - Processing file /opt/airflow/dags/dag_enriquecimento_dados.py for tasks to queue
[2026-07-06T18:10:19.364+0000] {logging_mixin.py:188} INFO - [2026-07-06T18:10:19.363+0000] {dagbag.py:538} INFO - Filling up the DagBag from /opt/airflow/dags/dag_enriquecimento_dados.py
[2026-07-06T18:10:19.372+0000] {processor.py:840} INFO - DAG(s) 'dag_enriquecimento_dados' retrieved from /opt/airflow/dags/dag_enriquecimento_dados.py
[2026-07-06T18:10:19.394+0000] {logging_mixin.py:188} INFO - [2026-07-06T18:10:19.393+0000] {dag.py:3036} INFO - Sync 1 DAGs
[2026-07-06T18:10:19.405+0000] {logging_mixin.py:188} INFO - [2026-07-06T18:10:19.405+0000] {dag.py:3823} INFO - Setting next_dagrun for dag_enriquecimento_dados to None, run_after=None
[2026-07-06T18:10:19.443+0000] {processor.py:183} INFO - Processing /opt/airflow/dags/dag_enriquecimento_dados.py took 0.084 seconds
[2026-07-06T18:10:49.589+0000] {processor.py:161} INFO - Started process (PID=3177) to work on /opt/airflow/dags/dag_enriquecimento_dados.py
[2026-07-06T18:10:49.589+0000] {processor.py:830} INFO - Processing file /opt/airflow/dags/dag_enriquecimento_dados.py for tasks to queue
[2026-07-06T18:10:49.590+0000] {logging_mixin.py:188} INFO - [2026-07-06T18:10:49.590+0000] {dagbag.py:538} INFO - Filling up the DagBag from /opt/airflow/dags/dag_enriquecimento_dados.py
[2026-07-06T18:10:49.598+0000] {processor.py:840} INFO - DAG(s) 'dag_enriquecimento_dados' retrieved from /opt/airflow/dags/dag_enriquecimento_dados.py
[2026-07-06T18:10:49.619+0000] {logging_mixin.py:188} INFO - [2026-07-06T18:10:49.619+0000] {dag.py:3036} INFO - Sync 1 DAGs
[2026-07-06T18:10:49.631+0000] {logging_mixin.py:188} INFO - [2026-07-06T18:10:49.631+0000] {dag.py:3823} INFO - Setting next_dagrun for dag_enriquecimento_dados to None, run_after=None
[2026-07-06T18:10:49.670+0000] {processor.py:183} INFO - Processing /opt/airflow/dags/dag_enriquecimento_dados.py took 0.085 seconds
[2026-07-06T18:11:19.813+0000] {processor.py:161} INFO - Started process (PID=3192) to work on /opt/airflow/dags/dag_enriquecimento_dados.py
[2026-07-06T18:11:19.814+0000] {processor.py:830} INFO - Processing file /opt/airflow/dags/dag_enriquecimento_dados.py for tasks to queue
[2026-07-06T18:11:19.815+0000] {logging_mixin.py:188} INFO - [2026-07-06T18:11:19.815+0000] {dagbag.py:538} INFO - Filling up the DagBag from /opt/airflow/dags/dag_enriquecimento_dados.py
[2026-07-06T18:11:19.823+0000] {processor.py:840} INFO - DAG(s) 'dag_enriquecimento_dados' retrieved from /opt/airflow/dags/dag_enriquecimento_dados.py
[2026-07-06T18:11:19.845+0000] {logging_mixin.py:188} INFO - [2026-07-06T18:11:19.845+0000] {dag.py:3036} INFO - Sync 1 DAGs
[2026-07-06T18:11:19.857+0000] {logging_mixin.py:188} INFO - [2026-07-06T18:11:19.857+0000] {dag.py:3823} INFO - Setting next_dagrun for dag_enriquecimento_dados to None, run_after=None
[2026-07-06T18:11:19.896+0000] {processor.py:183} INFO - Processing /opt/airflow/dags/dag_enriquecimento_dados.py took 0.085 seconds
[2026-07-06T18:11:50.036+0000] {processor.py:161} INFO - Started process (PID=3207) to work on /opt/airflow/dags/dag_enriquecimento_dados.py
[2026-07-06T18:11:50.036+0000] {processor.py:830} INFO - Processing file /opt/airflow/dags/dag_enriquecimento_dados.py for tasks to queue
[2026-07-06T18:11:50.037+0000] {logging_mixin.py:188} INFO - [2026-07-06T18:11:50.037+0000] {dagbag.py:538} INFO - Filling up the DagBag from /opt/airflow/dags/dag_enriquecimento_dados.py
[2026-07-06T18:11:50.045+0000] {processor.py:840} INFO - DAG(s) 'dag_enriquecimento_dados' retrieved from /opt/airflow/dags/dag_enriquecimento_dados.py
[2026-07-06T18:11:50.067+0000] {logging_mixin.py:188} INFO - [2026-07-06T18:11:50.066+0000] {dag.py:3036} INFO - Sync 1 DAGs
[2026-07-06T18:11:50.078+0000] {logging_mixin.py:188} INFO - [2026-07-06T18:11:50.078+0000] {dag.py:3823} INFO - Setting next_dagrun for dag_enriquecimento_dados to None, run_after=None
[2026-07-06T18:11:50.117+0000] {processor.py:183} INFO - Processing /opt/airflow/dags/dag_enriquecimento_dados.py took 0.085 seconds
[2026-07-06T18:12:20.260+0000] {processor.py:161} INFO - Started process (PID=3222) to work on /opt/airflow/dags/dag_enriquecimento_dados.py
[2026-07-06T18:12:20.261+0000] {processor.py:830} INFO - Processing file /opt/airflow/dags/dag_enriquecimento_dados.py for tasks to queue
[2026-07-06T18:12:20.261+0000] {logging_mixin.py:188} INFO - [2026-07-06T18:12:20.261+0000] {dagbag.py:538} INFO - Filling up the DagBag from /opt/airflow/dags/dag_enriquecimento_dados.py
[2026-07-06T18:12:20.270+0000] {processor.py:840} INFO - DAG(s) 'dag_enriquecimento_dados' retrieved from /opt/airflow/dags/dag_enriquecimento_dados.py
[2026-07-06T18:12:20.293+0000] {logging_mixin.py:188} INFO - [2026-07-06T18:12:20.292+0000] {dag.py:3036} INFO - Sync 1 DAGs
[2026-07-06T18:12:20.305+0000] {logging_mixin.py:188} INFO - [2026-07-06T18:12:20.304+0000] {dag.py:3823} INFO - Setting next_dagrun for dag_enriquecimento_dados to None, run_after=None
[2026-07-06T18:12:20.342+0000] {processor.py:183} INFO - Processing /opt/airflow/dags/dag_enriquecimento_dados.py took 0.085 seconds
[2026-07-06T18:12:50.482+0000] {processor.py:161} INFO - Started process (PID=3237) to work on /opt/airflow/dags/dag_enriquecimento_dados.py
[2026-07-06T18:12:50.483+0000] {processor.py:830} INFO - Processing file /opt/airflow/dags/dag_enriquecimento_dados.py for tasks to queue
[2026-07-06T18:12:50.483+0000] {logging_mixin.py:188} INFO - [2026-07-06T18:12:50.483+0000] {dagbag.py:538} INFO - Filling up the DagBag from /opt/airflow/dags/dag_enriquecimento_dados.py
[2026-07-06T18:12:50.491+0000] {processor.py:840} INFO - DAG(s) 'dag_enriquecimento_dados' retrieved from /opt/airflow/dags/dag_enriquecimento_dados.py
[2026-07-06T18:12:50.512+0000] {logging_mixin.py:188} INFO - [2026-07-06T18:12:50.512+0000] {dag.py:3036} INFO - Sync 1 DAGs
[2026-07-06T18:12:50.524+0000] {logging_mixin.py:188} INFO - [2026-07-06T18:12:50.523+0000] {dag.py:3823} INFO - Setting next_dagrun for dag_enriquecimento_dados to None, run_after=None
[2026-07-06T18:12:50.560+0000] {processor.py:183} INFO - Processing /opt/airflow/dags/dag_enriquecimento_dados.py took 0.081 seconds
[2026-07-06T18:13:20.699+0000] {processor.py:161} INFO - Started process (PID=3252) to work on /opt/airflow/dags/dag_enriquecimento_dados.py
[2026-07-06T18:13:20.699+0000] {processor.py:830} INFO - Processing file /opt/airflow/dags/dag_enriquecimento_dados.py for tasks to queue
[2026-07-06T18:13:20.700+0000] {logging_mixin.py:188} INFO - [2026-07-06T18:13:20.700+0000] {dagbag.py:538} INFO - Filling up the DagBag from /opt/airflow/dags/dag_enriquecimento_dados.py
[2026-07-06T18:13:20.708+0000] {processor.py:840} INFO - DAG(s) 'dag_enriquecimento_dados' retrieved from /opt/airflow/dags/dag_enriquecimento_dados.py
[2026-07-06T18:13:20.730+0000] {logging_mixin.py:188} INFO - [2026-07-06T18:13:20.730+0000] {dag.py:3036} INFO - Sync 1 DAGs
[2026-07-06T18:13:20.743+0000] {logging_mixin.py:188} INFO - [2026-07-06T18:13:20.743+0000] {dag.py:3823} INFO - Setting next_dagrun for dag_enriquecimento_dados to None, run_after=None
[2026-07-06T18:13:20.783+0000] {processor.py:183} INFO - Processing /opt/airflow/dags/dag_enriquecimento_dados.py took 0.087 seconds
[2026-07-06T18:13:50.922+0000] {processor.py:161} INFO - Started process (PID=3267) to work on /opt/airflow/dags/dag_enriquecimento_dados.py
[2026-07-06T18:13:50.923+0000] {processor.py:830} INFO - Processing file /opt/airflow/dags/dag_enriquecimento_dados.py for tasks to queue
[2026-07-06T18:13:50.924+0000] {logging_mixin.py:188} INFO - [2026-07-06T18:13:50.923+0000] {dagbag.py:538} INFO - Filling up the DagBag from /opt/airflow/dags/dag_enriquecimento_dados.py
[2026-07-06T18:13:50.932+0000] {processor.py:840} INFO - DAG(s) 'dag_enriquecimento_dados' retrieved from /opt/airflow/dags/dag_enriquecimento_dados.py
[2026-07-06T18:13:50.954+0000] {logging_mixin.py:188} INFO - [2026-07-06T18:13:50.954+0000] {dag.py:3036} INFO - Sync 1 DAGs
[2026-07-06T18:13:50.969+0000] {logging_mixin.py:188} INFO - [2026-07-06T18:13:50.969+0000] {dag.py:3823} INFO - Setting next_dagrun for dag_enriquecimento_dados to None, run_after=None
[2026-07-06T18:13:51.009+0000] {processor.py:183} INFO - Processing /opt/airflow/dags/dag_enriquecimento_dados.py took 0.090 seconds
[2026-07-06T18:14:21.151+0000] {processor.py:161} INFO - Started process (PID=3282) to work on /opt/airflow/dags/dag_enriquecimento_dados.py
[2026-07-06T18:14:21.152+0000] {processor.py:830} INFO - Processing file /opt/airflow/dags/dag_enriquecimento_dados.py for tasks to queue
[2026-07-06T18:14:21.153+0000] {logging_mixin.py:188} INFO - [2026-07-06T18:14:21.153+0000] {dagbag.py:538} INFO - Filling up the DagBag from /opt/airflow/dags/dag_enriquecimento_dados.py
[2026-07-06T18:14:21.161+0000] {processor.py:840} INFO - DAG(s) 'dag_enriquecimento_dados' retrieved from /opt/airflow/dags/dag_enriquecimento_dados.py
[2026-07-06T18:14:21.183+0000] {logging_mixin.py:188} INFO - [2026-07-06T18:14:21.183+0000] {dag.py:3036} INFO - Sync 1 DAGs
[2026-07-06T18:14:21.194+0000] {logging_mixin.py:188} INFO - [2026-07-06T18:14:21.194+0000] {dag.py:3823} INFO - Setting next_dagrun for dag_enriquecimento_dados to None, run_after=None
[2026-07-06T18:14:21.234+0000] {processor.py:183} INFO - Processing /opt/airflow/dags/dag_enriquecimento_dados.py took 0.085 seconds
[2026-07-06T18:14:51.374+0000] {processor.py:161} INFO - Started process (PID=3297) to work on /opt/airflow/dags/dag_enriquecimento_dados.py
[2026-07-06T18:14:51.374+0000] {processor.py:830} INFO - Processing file /opt/airflow/dags/dag_enriquecimento_dados.py for tasks to queue
[2026-07-06T18:14:51.375+0000] {logging_mixin.py:188} INFO - [2026-07-06T18:14:51.375+0000] {dagbag.py:538} INFO - Filling up the DagBag from /opt/airflow/dags/dag_enriquecimento_dados.py
[2026-07-06T18:14:51.383+0000] {processor.py:840} INFO - DAG(s) 'dag_enriquecimento_dados' retrieved from /opt/airflow/dags/dag_enriquecimento_dados.py
[2026-07-06T18:14:51.405+0000] {logging_mixin.py:188} INFO - [2026-07-06T18:14:51.405+0000] {dag.py:3036} INFO - Sync 1 DAGs
[2026-07-06T18:14:51.416+0000] {logging_mixin.py:188} INFO - [2026-07-06T18:14:51.416+0000] {dag.py:3823} INFO - Setting next_dagrun for dag_enriquecimento_dados to None, run_after=None
[2026-07-06T18:14:51.454+0000] {processor.py:183} INFO - Processing /opt/airflow/dags/dag_enriquecimento_dados.py took 0.083 seconds
[2026-07-06T18:15:21.595+0000] {processor.py:161} INFO - Started process (PID=3312) to work on /opt/airflow/dags/dag_enriquecimento_dados.py
[2026-07-06T18:15:21.596+0000] {processor.py:830} INFO - Processing file /opt/airflow/dags/dag_enriquecimento_dados.py for tasks to queue
[2026-07-06T18:15:21.597+0000] {logging_mixin.py:188} INFO - [2026-07-06T18:15:21.597+0000] {dagbag.py:538} INFO - Filling up the DagBag from /opt/airflow/dags/dag_enriquecimento_dados.py
[2026-07-06T18:15:21.605+0000] {processor.py:840} INFO - DAG(s) 'dag_enriquecimento_dados' retrieved from /opt/airflow/dags/dag_enriquecimento_dados.py
[2026-07-06T18:15:21.629+0000] {logging_mixin.py:188} INFO - [2026-07-06T18:15:21.628+0000] {dag.py:3036} INFO - Sync 1 DAGs
[2026-07-06T18:15:21.640+0000] {logging_mixin.py:188} INFO - [2026-07-06T18:15:21.640+0000] {dag.py:3823} INFO - Setting next_dagrun for dag_enriquecimento_dados to None, run_after=None
[2026-07-06T18:15:21.679+0000] {processor.py:183} INFO - Processing /opt/airflow/dags/dag_enriquecimento_dados.py took 0.086 seconds
[2026-07-06T18:15:51.828+0000] {processor.py:161} INFO - Started process (PID=3327) to work on /opt/airflow/dags/dag_enriquecimento_dados.py
[2026-07-06T18:15:51.829+0000] {processor.py:830} INFO - Processing file /opt/airflow/dags/dag_enriquecimento_dados.py for tasks to queue
[2026-07-06T18:15:51.829+0000] {logging_mixin.py:188} INFO - [2026-07-06T18:15:51.829+0000] {dagbag.py:538} INFO - Filling up the DagBag from /opt/airflow/dags/dag_enriquecimento_dados.py
[2026-07-06T18:15:51.838+0000] {processor.py:840} INFO - DAG(s) 'dag_enriquecimento_dados' retrieved from /opt/airflow/dags/dag_enriquecimento_dados.py
[2026-07-06T18:15:51.859+0000] {logging_mixin.py:188} INFO - [2026-07-06T18:15:51.859+0000] {dag.py:3036} INFO - Sync 1 DAGs
[2026-07-06T18:15:51.870+0000] {logging_mixin.py:188} INFO - [2026-07-06T18:15:51.870+0000] {dag.py:3823} INFO - Setting next_dagrun for dag_enriquecimento_dados to None, run_after=None
[2026-07-06T18:15:51.910+0000] {processor.py:183} INFO - Processing /opt/airflow/dags/dag_enriquecimento_dados.py took 0.085 seconds
[2026-07-06T18:16:22.049+0000] {processor.py:161} INFO - Started process (PID=3342) to work on /opt/airflow/dags/dag_enriquecimento_dados.py
[2026-07-06T18:16:22.050+0000] {processor.py:830} INFO - Processing file /opt/airflow/dags/dag_enriquecimento_dados.py for tasks to queue
[2026-07-06T18:16:22.051+0000] {logging_mixin.py:188} INFO - [2026-07-06T18:16:22.050+0000] {dagbag.py:538} INFO - Filling up the DagBag from /opt/airflow/dags/dag_enriquecimento_dados.py
[2026-07-06T18:16:22.059+0000] {processor.py:840} INFO - DAG(s) 'dag_enriquecimento_dados' retrieved from /opt/airflow/dags/dag_enriquecimento_dados.py
[2026-07-06T18:16:22.080+0000] {logging_mixin.py:188} INFO - [2026-07-06T18:16:22.080+0000] {dag.py:3036} INFO - Sync 1 DAGs
[2026-07-06T18:16:22.092+0000] {logging_mixin.py:188} INFO - [2026-07-06T18:16:22.092+0000] {dag.py:3823} INFO - Setting next_dagrun for dag_enriquecimento_dados to None, run_after=None
[2026-07-06T18:16:22.131+0000] {processor.py:183} INFO - Processing /opt/airflow/dags/dag_enriquecimento_dados.py took 0.084 seconds
[2026-07-06T18:16:52.267+0000] {processor.py:161} INFO - Started process (PID=3357) to work on /opt/airflow/dags/dag_enriquecimento_dados.py
[2026-07-06T18:16:52.267+0000] {processor.py:830} INFO - Processing file /opt/airflow/dags/dag_enriquecimento_dados.py for tasks to queue
[2026-07-06T18:16:52.268+0000] {logging_mixin.py:188} INFO - [2026-07-06T18:16:52.268+0000] {dagbag.py:538} INFO - Filling up the DagBag from /opt/airflow/dags/dag_enriquecimento_dados.py
[2026-07-06T18:16:52.276+0000] {processor.py:840} INFO - DAG(s) 'dag_enriquecimento_dados' retrieved from /opt/airflow/dags/dag_enriquecimento_dados.py
[2026-07-06T18:16:52.298+0000] {logging_mixin.py:188} INFO - [2026-07-06T18:16:52.298+0000] {dag.py:3036} INFO - Sync 1 DAGs
[2026-07-06T18:16:52.310+0000] {logging_mixin.py:188} INFO - [2026-07-06T18:16:52.310+0000] {dag.py:3823} INFO - Setting next_dagrun for dag_enriquecimento_dados to None, run_after=None
[2026-07-06T18:16:52.349+0000] {processor.py:183} INFO - Processing /opt/airflow/dags/dag_enriquecimento_dados.py took 0.086 seconds
[2026-07-06T18:17:22.492+0000] {processor.py:161} INFO - Started process (PID=3372) to work on /opt/airflow/dags/dag_enriquecimento_dados.py
[2026-07-06T18:17:22.492+0000] {processor.py:830} INFO - Processing file /opt/airflow/dags/dag_enriquecimento_dados.py for tasks to queue
[2026-07-06T18:17:22.493+0000] {logging_mixin.py:188} INFO - [2026-07-06T18:17:22.493+0000] {dagbag.py:538} INFO - Filling up the DagBag from /opt/airflow/dags/dag_enriquecimento_dados.py
[2026-07-06T18:17:22.502+0000] {processor.py:840} INFO - DAG(s) 'dag_enriquecimento_dados' retrieved from /opt/airflow/dags/dag_enriquecimento_dados.py
[2026-07-06T18:17:22.524+0000] {logging_mixin.py:188} INFO - [2026-07-06T18:17:22.524+0000] {dag.py:3036} INFO - Sync 1 DAGs
[2026-07-06T18:17:22.536+0000] {logging_mixin.py:188} INFO - [2026-07-06T18:17:22.536+0000] {dag.py:3823} INFO - Setting next_dagrun for dag_enriquecimento_dados to None, run_after=None
[2026-07-06T18:17:22.577+0000] {processor.py:183} INFO - Processing /opt/airflow/dags/dag_enriquecimento_dados.py took 0.088 seconds
[2026-07-06T18:17:52.717+0000] {processor.py:161} INFO - Started process (PID=3387) to work on /opt/airflow/dags/dag_enriquecimento_dados.py
[2026-07-06T18:17:52.717+0000] {processor.py:830} INFO - Processing file /opt/airflow/dags/dag_enriquecimento_dados.py for tasks to queue
[2026-07-06T18:17:52.718+0000] {logging_mixin.py:188} INFO - [2026-07-06T18:17:52.718+0000] {dagbag.py:538} INFO - Filling up the DagBag from /opt/airflow/dags/dag_enriquecimento_dados.py
[2026-07-06T18:17:52.726+0000] {processor.py:840} INFO - DAG(s) 'dag_enriquecimento_dados' retrieved from /opt/airflow/dags/dag_enriquecimento_dados.py
[2026-07-06T18:17:52.748+0000] {logging_mixin.py:188} INFO - [2026-07-06T18:17:52.748+0000] {dag.py:3036} INFO - Sync 1 DAGs
[2026-07-06T18:17:52.760+0000] {logging_mixin.py:188} INFO - [2026-07-06T18:17:52.760+0000] {dag.py:3823} INFO - Setting next_dagrun for dag_enriquecimento_dados to None, run_after=None
[2026-07-06T18:17:52.801+0000] {processor.py:183} INFO - Processing /opt/airflow/dags/dag_enriquecimento_dados.py took 0.087 seconds
[2026-07-06T18:18:22.944+0000] {processor.py:161} INFO - Started process (PID=3402) to work on /opt/airflow/dags/dag_enriquecimento_dados.py
[2026-07-06T18:18:22.945+0000] {processor.py:830} INFO - Processing file /opt/airflow/dags/dag_enriquecimento_dados.py for tasks to queue
[2026-07-06T18:18:22.946+0000] {logging_mixin.py:188} INFO - [2026-07-06T18:18:22.946+0000] {dagbag.py:538} INFO - Filling up the DagBag from /opt/airflow/dags/dag_enriquecimento_dados.py
[2026-07-06T18:18:22.953+0000] {processor.py:840} INFO - DAG(s) 'dag_enriquecimento_dados' retrieved from /opt/airflow/dags/dag_enriquecimento_dados.py
[2026-07-06T18:18:22.976+0000] {logging_mixin.py:188} INFO - [2026-07-06T18:18:22.976+0000] {dag.py:3036} INFO - Sync 1 DAGs
[2026-07-06T18:18:22.989+0000] {logging_mixin.py:188} INFO - [2026-07-06T18:18:22.989+0000] {dag.py:3823} INFO - Setting next_dagrun for dag_enriquecimento_dados to None, run_after=None
[2026-07-06T18:18:23.028+0000] {processor.py:183} INFO - Processing /opt/airflow/dags/dag_enriquecimento_dados.py took 0.087 seconds
[2026-07-06T18:18:53.167+0000] {processor.py:161} INFO - Started process (PID=3417) to work on /opt/airflow/dags/dag_enriquecimento_dados.py
[2026-07-06T18:18:53.167+0000] {processor.py:830} INFO - Processing file /opt/airflow/dags/dag_enriquecimento_dados.py for tasks to queue
[2026-07-06T18:18:53.168+0000] {logging_mixin.py:188} INFO - [2026-07-06T18:18:53.168+0000] {dagbag.py:538} INFO - Filling up the DagBag from /opt/airflow/dags/dag_enriquecimento_dados.py
[2026-07-06T18:18:53.178+0000] {processor.py:840} INFO - DAG(s) 'dag_enriquecimento_dados' retrieved from /opt/airflow/dags/dag_enriquecimento_dados.py
[2026-07-06T18:18:53.201+0000] {logging_mixin.py:188} INFO - [2026-07-06T18:18:53.201+0000] {dag.py:3036} INFO - Sync 1 DAGs
[2026-07-06T18:18:53.214+0000] {logging_mixin.py:188} INFO - [2026-07-06T18:18:53.213+0000] {dag.py:3823} INFO - Setting next_dagrun for dag_enriquecimento_dados to None, run_after=None
[2026-07-06T18:18:53.240+0000] {processor.py:183} INFO - Processing /opt/airflow/dags/dag_enriquecimento_dados.py took 0.076 seconds
[2026-07-06T18:19:23.379+0000] {processor.py:161} INFO - Started process (PID=3432) to work on /opt/airflow/dags/dag_enriquecimento_dados.py
[2026-07-06T18:19:23.380+0000] {processor.py:830} INFO - Processing file /opt/airflow/dags/dag_enriquecimento_dados.py for tasks to queue
[2026-07-06T18:19:23.380+0000] {logging_mixin.py:188} INFO - [2026-07-06T18:19:23.380+0000] {dagbag.py:538} INFO - Filling up the DagBag from /opt/airflow/dags/dag_enriquecimento_dados.py
[2026-07-06T18:19:23.388+0000] {processor.py:840} INFO - DAG(s) 'dag_enriquecimento_dados' retrieved from /opt/airflow/dags/dag_enriquecimento_dados.py
[2026-07-06T18:19:23.409+0000] {logging_mixin.py:188} INFO - [2026-07-06T18:19:23.409+0000] {dag.py:3036} INFO - Sync 1 DAGs
[2026-07-06T18:19:23.422+0000] {logging_mixin.py:188} INFO - [2026-07-06T18:19:23.422+0000] {dag.py:3823} INFO - Setting next_dagrun for dag_enriquecimento_dados to None, run_after=None
[2026-07-06T18:19:23.460+0000] {processor.py:183} INFO - Processing /opt/airflow/dags/dag_enriquecimento_dados.py took 0.084 seconds
[2026-07-06T18:19:53.598+0000] {processor.py:161} INFO - Started process (PID=3447) to work on /opt/airflow/dags/dag_enriquecimento_dados.py
[2026-07-06T18:19:53.599+0000] {processor.py:830} INFO - Processing file /opt/airflow/dags/dag_enriquecimento_dados.py for tasks to queue
[2026-07-06T18:19:53.600+0000] {logging_mixin.py:188} INFO - [2026-07-06T18:19:53.600+0000] {dagbag.py:538} INFO - Filling up the DagBag from /opt/airflow/dags/dag_enriquecimento_dados.py
[2026-07-06T18:19:53.608+0000] {processor.py:840} INFO - DAG(s) 'dag_enriquecimento_dados' retrieved from /opt/airflow/dags/dag_enriquecimento_dados.py
[2026-07-06T18:19:53.630+0000] {logging_mixin.py:188} INFO - [2026-07-06T18:19:53.630+0000] {dag.py:3036} INFO - Sync 1 DAGs
[2026-07-06T18:19:53.641+0000] {logging_mixin.py:188} INFO - [2026-07-06T18:19:53.641+0000] {dag.py:3823} INFO - Setting next_dagrun for dag_enriquecimento_dados to None, run_after=None
[2026-07-06T18:19:53.681+0000] {processor.py:183} INFO - Processing /opt/airflow/dags/dag_enriquecimento_dados.py took 0.085 seconds
[2026-07-06T18:20:23.821+0000] {processor.py:161} INFO - Started process (PID=3462) to work on /opt/airflow/dags/dag_enriquecimento_dados.py
[2026-07-06T18:20:23.822+0000] {processor.py:830} INFO - Processing file /opt/airflow/dags/dag_enriquecimento_dados.py for tasks to queue
[2026-07-06T18:20:23.822+0000] {logging_mixin.py:188} INFO - [2026-07-06T18:20:23.822+0000] {dagbag.py:538} INFO - Filling up the DagBag from /opt/airflow/dags/dag_enriquecimento_dados.py
[2026-07-06T18:20:23.831+0000] {processor.py:840} INFO - DAG(s) 'dag_enriquecimento_dados' retrieved from /opt/airflow/dags/dag_enriquecimento_dados.py
[2026-07-06T18:20:23.852+0000] {logging_mixin.py:188} INFO - [2026-07-06T18:20:23.852+0000] {dag.py:3036} INFO - Sync 1 DAGs
[2026-07-06T18:20:23.863+0000] {logging_mixin.py:188} INFO - [2026-07-06T18:20:23.863+0000] {dag.py:3823} INFO - Setting next_dagrun for dag_enriquecimento_dados to None, run_after=None
[2026-07-06T18:20:23.903+0000] {processor.py:183} INFO - Processing /opt/airflow/dags/dag_enriquecimento_dados.py took 0.085 seconds
[2026-07-06T18:20:54.047+0000] {processor.py:161} INFO - Started process (PID=3477) to work on /opt/airflow/dags/dag_enriquecimento_dados.py
[2026-07-06T18:20:54.048+0000] {processor.py:830} INFO - Processing file /opt/airflow/dags/dag_enriquecimento_dados.py for tasks to queue
[2026-07-06T18:20:54.049+0000] {logging_mixin.py:188} INFO - [2026-07-06T18:20:54.048+0000] {dagbag.py:538} INFO - Filling up the DagBag from /opt/airflow/dags/dag_enriquecimento_dados.py
[2026-07-06T18:20:54.057+0000] {processor.py:840} INFO - DAG(s) 'dag_enriquecimento_dados' retrieved from /opt/airflow/dags/dag_enriquecimento_dados.py
[2026-07-06T18:20:54.078+0000] {logging_mixin.py:188} INFO - [2026-07-06T18:20:54.078+0000] {dag.py:3036} INFO - Sync 1 DAGs
[2026-07-06T18:20:54.091+0000] {logging_mixin.py:188} INFO - [2026-07-06T18:20:54.091+0000] {dag.py:3823} INFO - Setting next_dagrun for dag_enriquecimento_dados to None, run_after=None
[2026-07-06T18:20:54.131+0000] {processor.py:183} INFO - Processing /opt/airflow/dags/dag_enriquecimento_dados.py took 0.087 seconds
[2026-07-06T18:21:24.271+0000] {processor.py:161} INFO - Started process (PID=3492) to work on /opt/airflow/dags/dag_enriquecimento_dados.py
[2026-07-06T18:21:24.272+0000] {processor.py:830} INFO - Processing file /opt/airflow/dags/dag_enriquecimento_dados.py for tasks to queue
[2026-07-06T18:21:24.273+0000] {logging_mixin.py:188} INFO - [2026-07-06T18:21:24.273+0000] {dagbag.py:538} INFO - Filling up the DagBag from /opt/airflow/dags/dag_enriquecimento_dados.py
[2026-07-06T18:21:24.281+0000] {processor.py:840} INFO - DAG(s) 'dag_enriquecimento_dados' retrieved from /opt/airflow/dags/dag_enriquecimento_dados.py
[2026-07-06T18:21:24.302+0000] {logging_mixin.py:188} INFO - [2026-07-06T18:21:24.302+0000] {dag.py:3036} INFO - Sync 1 DAGs
[2026-07-06T18:21:24.313+0000] {logging_mixin.py:188} INFO - [2026-07-06T18:21:24.313+0000] {dag.py:3823} INFO - Setting next_dagrun for dag_enriquecimento_dados to None, run_after=None
[2026-07-06T18:21:24.352+0000] {processor.py:183} INFO - Processing /opt/airflow/dags/dag_enriquecimento_dados.py took 0.084 seconds
[2026-07-06T18:21:54.489+0000] {processor.py:161} INFO - Started process (PID=3507) to work on /opt/airflow/dags/dag_enriquecimento_dados.py
[2026-07-06T18:21:54.490+0000] {processor.py:830} INFO - Processing file /opt/airflow/dags/dag_enriquecimento_dados.py for tasks to queue
[2026-07-06T18:21:54.490+0000] {logging_mixin.py:188} INFO - [2026-07-06T18:21:54.490+0000] {dagbag.py:538} INFO - Filling up the DagBag from /opt/airflow/dags/dag_enriquecimento_dados.py
[2026-07-06T18:21:54.498+0000] {processor.py:840} INFO - DAG(s) 'dag_enriquecimento_dados' retrieved from /opt/airflow/dags/dag_enriquecimento_dados.py
[2026-07-06T18:21:54.519+0000] {logging_mixin.py:188} INFO - [2026-07-06T18:21:54.519+0000] {dag.py:3036} INFO - Sync 1 DAGs
[2026-07-06T18:21:54.533+0000] {logging_mixin.py:188} INFO - [2026-07-06T18:21:54.533+0000] {dag.py:3823} INFO - Setting next_dagrun for dag_enriquecimento_dados to None, run_after=None
[2026-07-06T18:21:54.574+0000] {processor.py:183} INFO - Processing /opt/airflow/dags/dag_enriquecimento_dados.py took 0.088 seconds
[2026-07-06T18:22:24.716+0000] {processor.py:161} INFO - Started process (PID=3522) to work on /opt/airflow/dags/dag_enriquecimento_dados.py
[2026-07-06T18:22:24.716+0000] {processor.py:830} INFO - Processing file /opt/airflow/dags/dag_enriquecimento_dados.py for tasks to queue
[2026-07-06T18:22:24.717+0000] {logging_mixin.py:188} INFO - [2026-07-06T18:22:24.717+0000] {dagbag.py:538} INFO - Filling up the DagBag from /opt/airflow/dags/dag_enriquecimento_dados.py
[2026-07-06T18:22:24.725+0000] {processor.py:840} INFO - DAG(s) 'dag_enriquecimento_dados' retrieved from /opt/airflow/dags/dag_enriquecimento_dados.py
[2026-07-06T18:22:24.747+0000] {logging_mixin.py:188} INFO - [2026-07-06T18:22:24.747+0000] {dag.py:3036} INFO - Sync 1 DAGs
[2026-07-06T18:22:24.759+0000] {logging_mixin.py:188} INFO - [2026-07-06T18:22:24.759+0000] {dag.py:3823} INFO - Setting next_dagrun for dag_enriquecimento_dados to None, run_after=None
[2026-07-06T18:22:24.799+0000] {processor.py:183} INFO - Processing /opt/airflow/dags/dag_enriquecimento_dados.py took 0.087 seconds
[2026-07-06T18:22:54.940+0000] {processor.py:161} INFO - Started process (PID=3537) to work on /opt/airflow/dags/dag_enriquecimento_dados.py
[2026-07-06T18:22:54.940+0000] {processor.py:830} INFO - Processing file /opt/airflow/dags/dag_enriquecimento_dados.py for tasks to queue
[2026-07-06T18:22:54.941+0000] {logging_mixin.py:188} INFO - [2026-07-06T18:22:54.941+0000] {dagbag.py:538} INFO - Filling up the DagBag from /opt/airflow/dags/dag_enriquecimento_dados.py
[2026-07-06T18:22:54.949+0000] {processor.py:840} INFO - DAG(s) 'dag_enriquecimento_dados' retrieved from /opt/airflow/dags/dag_enriquecimento_dados.py
[2026-07-06T18:22:54.971+0000] {logging_mixin.py:188} INFO - [2026-07-06T18:22:54.970+0000] {dag.py:3036} INFO - Sync 1 DAGs
[2026-07-06T18:22:54.982+0000] {logging_mixin.py:188} INFO - [2026-07-06T18:22:54.982+0000] {dag.py:3823} INFO - Setting next_dagrun for dag_enriquecimento_dados to None, run_after=None
[2026-07-06T18:22:54.998+0000] {processor.py:183} INFO - Processing /opt/airflow/dags/dag_enriquecimento_dados.py took 0.061 seconds
[2026-07-06T18:23:25.141+0000] {processor.py:161} INFO - Started process (PID=3552) to work on /opt/airflow/dags/dag_enriquecimento_dados.py
[2026-07-06T18:23:25.142+0000] {processor.py:830} INFO - Processing file /opt/airflow/dags/dag_enriquecimento_dados.py for tasks to queue
[2026-07-06T18:23:25.143+0000] {logging_mixin.py:188} INFO - [2026-07-06T18:23:25.142+0000] {dagbag.py:538} INFO - Filling up the DagBag from /opt/airflow/dags/dag_enriquecimento_dados.py
[2026-07-06T18:23:25.150+0000] {processor.py:840} INFO - DAG(s) 'dag_enriquecimento_dados' retrieved from /opt/airflow/dags/dag_enriquecimento_dados.py
[2026-07-06T18:23:25.171+0000] {logging_mixin.py:188} INFO - [2026-07-06T18:23:25.171+0000] {dag.py:3036} INFO - Sync 1 DAGs
[2026-07-06T18:23:25.183+0000] {logging_mixin.py:188} INFO - [2026-07-06T18:23:25.183+0000] {dag.py:3823} INFO - Setting next_dagrun for dag_enriquecimento_dados to None, run_after=None
[2026-07-06T18:23:25.224+0000] {processor.py:183} INFO - Processing /opt/airflow/dags/dag_enriquecimento_dados.py took 0.085 seconds
[2026-07-06T18:23:55.363+0000] {processor.py:161} INFO - Started process (PID=3567) to work on /opt/airflow/dags/dag_enriquecimento_dados.py
[2026-07-06T18:23:55.364+0000] {processor.py:830} INFO - Processing file /opt/airflow/dags/dag_enriquecimento_dados.py for tasks to queue
[2026-07-06T18:23:55.364+0000] {logging_mixin.py:188} INFO - [2026-07-06T18:23:55.364+0000] {dagbag.py:538} INFO - Filling up the DagBag from /opt/airflow/dags/dag_enriquecimento_dados.py
[2026-07-06T18:23:55.373+0000] {processor.py:840} INFO - DAG(s) 'dag_enriquecimento_dados' retrieved from /opt/airflow/dags/dag_enriquecimento_dados.py
[2026-07-06T18:23:55.394+0000] {logging_mixin.py:188} INFO - [2026-07-06T18:23:55.394+0000] {dag.py:3036} INFO - Sync 1 DAGs
[2026-07-06T18:23:55.406+0000] {logging_mixin.py:188} INFO - [2026-07-06T18:23:55.406+0000] {dag.py:3823} INFO - Setting next_dagrun for dag_enriquecimento_dados to None, run_after=None
[2026-07-06T18:23:55.445+0000] {processor.py:183} INFO - Processing /opt/airflow/dags/dag_enriquecimento_dados.py took 0.085 seconds
[2026-07-06T18:24:25.587+0000] {processor.py:161} INFO - Started process (PID=3582) to work on /opt/airflow/dags/dag_enriquecimento_dados.py
[2026-07-06T18:24:25.587+0000] {processor.py:830} INFO - Processing file /opt/airflow/dags/dag_enriquecimento_dados.py for tasks to queue
[2026-07-06T18:24:25.588+0000] {logging_mixin.py:188} INFO - [2026-07-06T18:24:25.588+0000] {dagbag.py:538} INFO - Filling up the DagBag from /opt/airflow/dags/dag_enriquecimento_dados.py
[2026-07-06T18:24:25.596+0000] {processor.py:840} INFO - DAG(s) 'dag_enriquecimento_dados' retrieved from /opt/airflow/dags/dag_enriquecimento_dados.py
[2026-07-06T18:24:25.617+0000] {logging_mixin.py:188} INFO - [2026-07-06T18:24:25.617+0000] {dag.py:3036} INFO - Sync 1 DAGs
[2026-07-06T18:24:25.628+0000] {logging_mixin.py:188} INFO - [2026-07-06T18:24:25.628+0000] {dag.py:3823} INFO - Setting next_dagrun for dag_enriquecimento_dados to None, run_after=None
[2026-07-06T18:24:25.668+0000] {processor.py:183} INFO - Processing /opt/airflow/dags/dag_enriquecimento_dados.py took 0.084 seconds
[2026-07-06T18:24:55.804+0000] {processor.py:161} INFO - Started process (PID=3597) to work on /opt/airflow/dags/dag_enriquecimento_dados.py
[2026-07-06T18:24:55.805+0000] {processor.py:830} INFO - Processing file /opt/airflow/dags/dag_enriquecimento_dados.py for tasks to queue
[2026-07-06T18:24:55.806+0000] {logging_mixin.py:188} INFO - [2026-07-06T18:24:55.805+0000] {dagbag.py:538} INFO - Filling up the DagBag from /opt/airflow/dags/dag_enriquecimento_dados.py
[2026-07-06T18:24:55.814+0000] {processor.py:840} INFO - DAG(s) 'dag_enriquecimento_dados' retrieved from /opt/airflow/dags/dag_enriquecimento_dados.py
[2026-07-06T18:24:55.836+0000] {logging_mixin.py:188} INFO - [2026-07-06T18:24:55.836+0000] {dag.py:3036} INFO - Sync 1 DAGs
[2026-07-06T18:24:55.849+0000] {logging_mixin.py:188} INFO - [2026-07-06T18:24:55.849+0000] {dag.py:3823} INFO - Setting next_dagrun for dag_enriquecimento_dados to None, run_after=None
[2026-07-06T18:24:55.890+0000] {processor.py:183} INFO - Processing /opt/airflow/dags/dag_enriquecimento_dados.py took 0.089 seconds
[2026-07-06T18:25:26.030+0000] {processor.py:161} INFO - Started process (PID=3612) to work on /opt/airflow/dags/dag_enriquecimento_dados.py
[2026-07-06T18:25:26.031+0000] {processor.py:830} INFO - Processing file /opt/airflow/dags/dag_enriquecimento_dados.py for tasks to queue
[2026-07-06T18:25:26.031+0000] {logging_mixin.py:188} INFO - [2026-07-06T18:25:26.031+0000] {dagbag.py:538} INFO - Filling up the DagBag from /opt/airflow/dags/dag_enriquecimento_dados.py
[2026-07-06T18:25:26.039+0000] {processor.py:840} INFO - DAG(s) 'dag_enriquecimento_dados' retrieved from /opt/airflow/dags/dag_enriquecimento_dados.py
[2026-07-06T18:25:26.060+0000] {logging_mixin.py:188} INFO - [2026-07-06T18:25:26.060+0000] {dag.py:3036} INFO - Sync 1 DAGs
[2026-07-06T18:25:26.072+0000] {logging_mixin.py:188} INFO - [2026-07-06T18:25:26.072+0000] {dag.py:3823} INFO - Setting next_dagrun for dag_enriquecimento_dados to None, run_after=None
[2026-07-06T18:25:26.089+0000] {processor.py:183} INFO - Processing /opt/airflow/dags/dag_enriquecimento_dados.py took 0.062 seconds
[2026-07-06T18:25:56.236+0000] {processor.py:161} INFO - Started process (PID=3627) to work on /opt/airflow/dags/dag_enriquecimento_dados.py
[2026-07-06T18:25:56.237+0000] {processor.py:830} INFO - Processing file /opt/airflow/dags/dag_enriquecimento_dados.py for tasks to queue
[2026-07-06T18:25:56.238+0000] {logging_mixin.py:188} INFO - [2026-07-06T18:25:56.237+0000] {dagbag.py:538} INFO - Filling up the DagBag from /opt/airflow/dags/dag_enriquecimento_dados.py
[2026-07-06T18:25:56.246+0000] {processor.py:840} INFO - DAG(s) 'dag_enriquecimento_dados' retrieved from /opt/airflow/dags/dag_enriquecimento_dados.py
[2026-07-06T18:25:56.268+0000] {logging_mixin.py:188} INFO - [2026-07-06T18:25:56.268+0000] {dag.py:3036} INFO - Sync 1 DAGs
[2026-07-06T18:25:56.280+0000] {logging_mixin.py:188} INFO - [2026-07-06T18:25:56.280+0000] {dag.py:3823} INFO - Setting next_dagrun for dag_enriquecimento_dados to None, run_after=None
[2026-07-06T18:25:56.321+0000] {processor.py:183} INFO - Processing /opt/airflow/dags/dag_enriquecimento_dados.py took 0.087 seconds
[2026-07-06T18:26:26.461+0000] {processor.py:161} INFO - Started process (PID=3642) to work on /opt/airflow/dags/dag_enriquecimento_dados.py
[2026-07-06T18:26:26.461+0000] {processor.py:830} INFO - Processing file /opt/airflow/dags/dag_enriquecimento_dados.py for tasks to queue
[2026-07-06T18:26:26.462+0000] {logging_mixin.py:188} INFO - [2026-07-06T18:26:26.462+0000] {dagbag.py:538} INFO - Filling up the DagBag from /opt/airflow/dags/dag_enriquecimento_dados.py
[2026-07-06T18:26:26.470+0000] {processor.py:840} INFO - DAG(s) 'dag_enriquecimento_dados' retrieved from /opt/airflow/dags/dag_enriquecimento_dados.py
[2026-07-06T18:26:26.492+0000] {logging_mixin.py:188} INFO - [2026-07-06T18:26:26.492+0000] {dag.py:3036} INFO - Sync 1 DAGs
[2026-07-06T18:26:26.504+0000] {logging_mixin.py:188} INFO - [2026-07-06T18:26:26.504+0000] {dag.py:3823} INFO - Setting next_dagrun for dag_enriquecimento_dados to None, run_after=None
[2026-07-06T18:26:26.544+0000] {processor.py:183} INFO - Processing /opt/airflow/dags/dag_enriquecimento_dados.py took 0.087 seconds
[2026-07-06T18:26:56.686+0000] {processor.py:161} INFO - Started process (PID=3657) to work on /opt/airflow/dags/dag_enriquecimento_dados.py
[2026-07-06T18:26:56.687+0000] {processor.py:830} INFO - Processing file /opt/airflow/dags/dag_enriquecimento_dados.py for tasks to queue
[2026-07-06T18:26:56.688+0000] {logging_mixin.py:188} INFO - [2026-07-06T18:26:56.687+0000] {dagbag.py:538} INFO - Filling up the DagBag from /opt/airflow/dags/dag_enriquecimento_dados.py
[2026-07-06T18:26:56.696+0000] {processor.py:840} INFO - DAG(s) 'dag_enriquecimento_dados' retrieved from /opt/airflow/dags/dag_enriquecimento_dados.py
[2026-07-06T18:26:56.717+0000] {logging_mixin.py:188} INFO - [2026-07-06T18:26:56.717+0000] {dag.py:3036} INFO - Sync 1 DAGs
[2026-07-06T18:26:56.730+0000] {logging_mixin.py:188} INFO - [2026-07-06T18:26:56.730+0000] {dag.py:3823} INFO - Setting next_dagrun for dag_enriquecimento_dados to None, run_after=None
[2026-07-06T18:26:56.748+0000] {processor.py:183} INFO - Processing /opt/airflow/dags/dag_enriquecimento_dados.py took 0.064 seconds
[2026-07-06T18:27:26.887+0000] {processor.py:161} INFO - Started process (PID=3672) to work on /opt/airflow/dags/dag_enriquecimento_dados.py
[2026-07-06T18:27:26.888+0000] {processor.py:830} INFO - Processing file /opt/airflow/dags/dag_enriquecimento_dados.py for tasks to queue
[2026-07-06T18:27:26.889+0000] {logging_mixin.py:188} INFO - [2026-07-06T18:27:26.888+0000] {dagbag.py:538} INFO - Filling up the DagBag from /opt/airflow/dags/dag_enriquecimento_dados.py
[2026-07-06T18:27:26.896+0000] {processor.py:840} INFO - DAG(s) 'dag_enriquecimento_dados' retrieved from /opt/airflow/dags/dag_enriquecimento_dados.py
[2026-07-06T18:27:26.917+0000] {logging_mixin.py:188} INFO - [2026-07-06T18:27:26.917+0000] {dag.py:3036} INFO - Sync 1 DAGs
[2026-07-06T18:27:26.928+0000] {logging_mixin.py:188} INFO - [2026-07-06T18:27:26.928+0000] {dag.py:3823} INFO - Setting next_dagrun for dag_enriquecimento_dados to None, run_after=None
[2026-07-06T18:27:26.968+0000] {processor.py:183} INFO - Processing /opt/airflow/dags/dag_enriquecimento_dados.py took 0.084 seconds
[2026-07-06T18:27:57.113+0000] {processor.py:161} INFO - Started process (PID=3687) to work on /opt/airflow/dags/dag_enriquecimento_dados.py
[2026-07-06T18:27:57.114+0000] {processor.py:830} INFO - Processing file /opt/airflow/dags/dag_enriquecimento_dados.py for tasks to queue
[2026-07-06T18:27:57.114+0000] {logging_mixin.py:188} INFO - [2026-07-06T18:27:57.114+0000] {dagbag.py:538} INFO - Filling up the DagBag from /opt/airflow/dags/dag_enriquecimento_dados.py
[2026-07-06T18:27:57.122+0000] {processor.py:840} INFO - DAG(s) 'dag_enriquecimento_dados' retrieved from /opt/airflow/dags/dag_enriquecimento_dados.py
[2026-07-06T18:27:57.144+0000] {logging_mixin.py:188} INFO - [2026-07-06T18:27:57.143+0000] {dag.py:3036} INFO - Sync 1 DAGs
[2026-07-06T18:27:57.155+0000] {logging_mixin.py:188} INFO - [2026-07-06T18:27:57.155+0000] {dag.py:3823} INFO - Setting next_dagrun for dag_enriquecimento_dados to None, run_after=None
[2026-07-06T18:27:57.195+0000] {processor.py:183} INFO - Processing /opt/airflow/dags/dag_enriquecimento_dados.py took 0.085 seconds
[2026-07-06T18:28:27.335+0000] {processor.py:161} INFO - Started process (PID=3702) to work on /opt/airflow/dags/dag_enriquecimento_dados.py
[2026-07-06T18:28:27.336+0000] {processor.py:830} INFO - Processing file /opt/airflow/dags/dag_enriquecimento_dados.py for tasks to queue
[2026-07-06T18:28:27.337+0000] {logging_mixin.py:188} INFO - [2026-07-06T18:28:27.337+0000] {dagbag.py:538} INFO - Filling up the DagBag from /opt/airflow/dags/dag_enriquecimento_dados.py
[2026-07-06T18:28:27.345+0000] {processor.py:840} INFO - DAG(s) 'dag_enriquecimento_dados' retrieved from /opt/airflow/dags/dag_enriquecimento_dados.py
[2026-07-06T18:28:27.366+0000] {logging_mixin.py:188} INFO - [2026-07-06T18:28:27.366+0000] {dag.py:3036} INFO - Sync 1 DAGs
[2026-07-06T18:28:27.378+0000] {logging_mixin.py:188} INFO - [2026-07-06T18:28:27.378+0000] {dag.py:3823} INFO - Setting next_dagrun for dag_enriquecimento_dados to None, run_after=None
[2026-07-06T18:28:27.419+0000] {processor.py:183} INFO - Processing /opt/airflow/dags/dag_enriquecimento_dados.py took 0.086 seconds
[2026-07-06T18:28:57.558+0000] {processor.py:161} INFO - Started process (PID=3717) to work on /opt/airflow/dags/dag_enriquecimento_dados.py
[2026-07-06T18:28:57.559+0000] {processor.py:830} INFO - Processing file /opt/airflow/dags/dag_enriquecimento_dados.py for tasks to queue
[2026-07-06T18:28:57.559+0000] {logging_mixin.py:188} INFO - [2026-07-06T18:28:57.559+0000] {dagbag.py:538} INFO - Filling up the DagBag from /opt/airflow/dags/dag_enriquecimento_dados.py
[2026-07-06T18:28:57.567+0000] {processor.py:840} INFO - DAG(s) 'dag_enriquecimento_dados' retrieved from /opt/airflow/dags/dag_enriquecimento_dados.py
[2026-07-06T18:28:57.589+0000] {logging_mixin.py:188} INFO - [2026-07-06T18:28:57.589+0000] {dag.py:3036} INFO - Sync 1 DAGs
[2026-07-06T18:28:57.601+0000] {logging_mixin.py:188} INFO - [2026-07-06T18:28:57.600+0000] {dag.py:3823} INFO - Setting next_dagrun for dag_enriquecimento_dados to None, run_after=None
[2026-07-06T18:28:57.642+0000] {processor.py:183} INFO - Processing /opt/airflow/dags/dag_enriquecimento_dados.py took 0.087 seconds
[2026-07-06T18:29:27.784+0000] {processor.py:161} INFO - Started process (PID=3732) to work on /opt/airflow/dags/dag_enriquecimento_dados.py
[2026-07-06T18:29:27.784+0000] {processor.py:830} INFO - Processing file /opt/airflow/dags/dag_enriquecimento_dados.py for tasks to queue
[2026-07-06T18:29:27.785+0000] {logging_mixin.py:188} INFO - [2026-07-06T18:29:27.785+0000] {dagbag.py:538} INFO - Filling up the DagBag from /opt/airflow/dags/dag_enriquecimento_dados.py
[2026-07-06T18:29:27.793+0000] {processor.py:840} INFO - DAG(s) 'dag_enriquecimento_dados' retrieved from /opt/airflow/dags/dag_enriquecimento_dados.py
[2026-07-06T18:29:27.814+0000] {logging_mixin.py:188} INFO - [2026-07-06T18:29:27.813+0000] {dag.py:3036} INFO - Sync 1 DAGs
[2026-07-06T18:29:27.825+0000] {logging_mixin.py:188} INFO - [2026-07-06T18:29:27.824+0000] {dag.py:3823} INFO - Setting next_dagrun for dag_enriquecimento_dados to None, run_after=None
[2026-07-06T18:29:27.865+0000] {processor.py:183} INFO - Processing /opt/airflow/dags/dag_enriquecimento_dados.py took 0.084 seconds
[2026-07-06T18:29:58.004+0000] {processor.py:161} INFO - Started process (PID=3747) to work on /opt/airflow/dags/dag_enriquecimento_dados.py
[2026-07-06T18:29:58.004+0000] {processor.py:830} INFO - Processing file /opt/airflow/dags/dag_enriquecimento_dados.py for tasks to queue
[2026-07-06T18:29:58.005+0000] {logging_mixin.py:188} INFO - [2026-07-06T18:29:58.005+0000] {dagbag.py:538} INFO - Filling up the DagBag from /opt/airflow/dags/dag_enriquecimento_dados.py
[2026-07-06T18:29:58.013+0000] {processor.py:840} INFO - DAG(s) 'dag_enriquecimento_dados' retrieved from /opt/airflow/dags/dag_enriquecimento_dados.py
[2026-07-06T18:29:58.035+0000] {logging_mixin.py:188} INFO - [2026-07-06T18:29:58.035+0000] {dag.py:3036} INFO - Sync 1 DAGs
[2026-07-06T18:29:58.046+0000] {logging_mixin.py:188} INFO - [2026-07-06T18:29:58.046+0000] {dag.py:3823} INFO - Setting next_dagrun for dag_enriquecimento_dados to None, run_after=None
[2026-07-06T18:29:58.087+0000] {processor.py:183} INFO - Processing /opt/airflow/dags/dag_enriquecimento_dados.py took 0.087 seconds
[2026-07-06T18:30:28.228+0000] {processor.py:161} INFO - Started process (PID=3762) to work on /opt/airflow/dags/dag_enriquecimento_dados.py
[2026-07-06T18:30:28.228+0000] {processor.py:830} INFO - Processing file /opt/airflow/dags/dag_enriquecimento_dados.py for tasks to queue
[2026-07-06T18:30:28.229+0000] {logging_mixin.py:188} INFO - [2026-07-06T18:30:28.229+0000] {dagbag.py:538} INFO - Filling up the DagBag from /opt/airflow/dags/dag_enriquecimento_dados.py
[2026-07-06T18:30:28.237+0000] {processor.py:840} INFO - DAG(s) 'dag_enriquecimento_dados' retrieved from /opt/airflow/dags/dag_enriquecimento_dados.py
[2026-07-06T18:30:28.258+0000] {logging_mixin.py:188} INFO - [2026-07-06T18:30:28.258+0000] {dag.py:3036} INFO - Sync 1 DAGs
[2026-07-06T18:30:28.269+0000] {logging_mixin.py:188} INFO - [2026-07-06T18:30:28.269+0000] {dag.py:3823} INFO - Setting next_dagrun for dag_enriquecimento_dados to None, run_after=None
[2026-07-06T18:30:28.310+0000] {processor.py:183} INFO - Processing /opt/airflow/dags/dag_enriquecimento_dados.py took 0.085 seconds
[2026-07-06T18:30:58.467+0000] {processor.py:161} INFO - Started process (PID=3777) to work on /opt/airflow/dags/dag_enriquecimento_dados.py
[2026-07-06T18:30:58.468+0000] {processor.py:830} INFO - Processing file /opt/airflow/dags/dag_enriquecimento_dados.py for tasks to queue
[2026-07-06T18:30:58.469+0000] {logging_mixin.py:188} INFO - [2026-07-06T18:30:58.468+0000] {dagbag.py:538} INFO - Filling up the DagBag from /opt/airflow/dags/dag_enriquecimento_dados.py
[2026-07-06T18:30:58.478+0000] {processor.py:840} INFO - DAG(s) 'dag_enriquecimento_dados' retrieved from /opt/airflow/dags/dag_enriquecimento_dados.py
[2026-07-06T18:30:58.500+0000] {logging_mixin.py:188} INFO - [2026-07-06T18:30:58.500+0000] {dag.py:3036} INFO - Sync 1 DAGs
[2026-07-06T18:30:58.512+0000] {logging_mixin.py:188} INFO - [2026-07-06T18:30:58.512+0000] {dag.py:3823} INFO - Setting next_dagrun for dag_enriquecimento_dados to None, run_after=None
[2026-07-06T18:30:58.528+0000] {processor.py:183} INFO - Processing /opt/airflow/dags/dag_enriquecimento_dados.py took 0.064 seconds
[2026-07-06T18:31:28.662+0000] {processor.py:161} INFO - Started process (PID=3792) to work on /opt/airflow/dags/dag_enriquecimento_dados.py
[2026-07-06T18:31:28.663+0000] {processor.py:830} INFO - Processing file /opt/airflow/dags/dag_enriquecimento_dados.py for tasks to queue
[2026-07-06T18:31:28.664+0000] {logging_mixin.py:188} INFO - [2026-07-06T18:31:28.664+0000] {dagbag.py:538} INFO - Filling up the DagBag from /opt/airflow/dags/dag_enriquecimento_dados.py
[2026-07-06T18:31:28.672+0000] {processor.py:840} INFO - DAG(s) 'dag_enriquecimento_dados' retrieved from /opt/airflow/dags/dag_enriquecimento_dados.py
[2026-07-06T18:31:28.693+0000] {logging_mixin.py:188} INFO - [2026-07-06T18:31:28.692+0000] {dag.py:3036} INFO - Sync 1 DAGs
[2026-07-06T18:31:28.704+0000] {logging_mixin.py:188} INFO - [2026-07-06T18:31:28.703+0000] {dag.py:3823} INFO - Setting next_dagrun for dag_enriquecimento_dados to None, run_after=None
[2026-07-06T18:31:28.745+0000] {processor.py:183} INFO - Processing /opt/airflow/dags/dag_enriquecimento_dados.py took 0.085 seconds
[2026-07-06T18:31:58.884+0000] {processor.py:161} INFO - Started process (PID=3807) to work on /opt/airflow/dags/dag_enriquecimento_dados.py
[2026-07-06T18:31:58.885+0000] {processor.py:830} INFO - Processing file /opt/airflow/dags/dag_enriquecimento_dados.py for tasks to queue
[2026-07-06T18:31:58.886+0000] {logging_mixin.py:188} INFO - [2026-07-06T18:31:58.886+0000] {dagbag.py:538} INFO - Filling up the DagBag from /opt/airflow/dags/dag_enriquecimento_dados.py
[2026-07-06T18:31:58.894+0000] {processor.py:840} INFO - DAG(s) 'dag_enriquecimento_dados' retrieved from /opt/airflow/dags/dag_enriquecimento_dados.py
[2026-07-06T18:31:58.915+0000] {logging_mixin.py:188} INFO - [2026-07-06T18:31:58.915+0000] {dag.py:3036} INFO - Sync 1 DAGs
[2026-07-06T18:31:58.926+0000] {logging_mixin.py:188} INFO - [2026-07-06T18:31:58.926+0000] {dag.py:3823} INFO - Setting next_dagrun for dag_enriquecimento_dados to None, run_after=None
[2026-07-06T18:31:58.940+0000] {processor.py:183} INFO - Processing /opt/airflow/dags/dag_enriquecimento_dados.py took 0.059 seconds
[2026-07-06T18:32:29.077+0000] {processor.py:161} INFO - Started process (PID=3822) to work on /opt/airflow/dags/dag_enriquecimento_dados.py
[2026-07-06T18:32:29.078+0000] {processor.py:830} INFO - Processing file /opt/airflow/dags/dag_enriquecimento_dados.py for tasks to queue
[2026-07-06T18:32:29.079+0000] {logging_mixin.py:188} INFO - [2026-07-06T18:32:29.078+0000] {dagbag.py:538} INFO - Filling up the DagBag from /opt/airflow/dags/dag_enriquecimento_dados.py
[2026-07-06T18:32:29.087+0000] {processor.py:840} INFO - DAG(s) 'dag_enriquecimento_dados' retrieved from /opt/airflow/dags/dag_enriquecimento_dados.py
[2026-07-06T18:32:29.111+0000] {logging_mixin.py:188} INFO - [2026-07-06T18:32:29.111+0000] {dag.py:3036} INFO - Sync 1 DAGs
[2026-07-06T18:32:29.122+0000] {logging_mixin.py:188} INFO - [2026-07-06T18:32:29.121+0000] {dag.py:3823} INFO - Setting next_dagrun for dag_enriquecimento_dados to None, run_after=None
[2026-07-06T18:32:29.161+0000] {processor.py:183} INFO - Processing /opt/airflow/dags/dag_enriquecimento_dados.py took 0.086 seconds
[2026-07-06T18:32:59.300+0000] {processor.py:161} INFO - Started process (PID=3837) to work on /opt/airflow/dags/dag_enriquecimento_dados.py
[2026-07-06T18:32:59.301+0000] {processor.py:830} INFO - Processing file /opt/airflow/dags/dag_enriquecimento_dados.py for tasks to queue
[2026-07-06T18:32:59.302+0000] {logging_mixin.py:188} INFO - [2026-07-06T18:32:59.302+0000] {dagbag.py:538} INFO - Filling up the DagBag from /opt/airflow/dags/dag_enriquecimento_dados.py
[2026-07-06T18:32:59.310+0000] {processor.py:840} INFO - DAG(s) 'dag_enriquecimento_dados' retrieved from /opt/airflow/dags/dag_enriquecimento_dados.py
[2026-07-06T18:32:59.335+0000] {logging_mixin.py:188} INFO - [2026-07-06T18:32:59.335+0000] {dag.py:3036} INFO - Sync 1 DAGs
[2026-07-06T18:32:59.346+0000] {logging_mixin.py:188} INFO - [2026-07-06T18:32:59.346+0000] {dag.py:3823} INFO - Setting next_dagrun for dag_enriquecimento_dados to None, run_after=None
[2026-07-06T18:32:59.389+0000] {processor.py:183} INFO - Processing /opt/airflow/dags/dag_enriquecimento_dados.py took 0.091 seconds
[2026-07-06T18:33:29.531+0000] {processor.py:161} INFO - Started process (PID=3852) to work on /opt/airflow/dags/dag_enriquecimento_dados.py
[2026-07-06T18:33:29.532+0000] {processor.py:830} INFO - Processing file /opt/airflow/dags/dag_enriquecimento_dados.py for tasks to queue
[2026-07-06T18:33:29.532+0000] {logging_mixin.py:188} INFO - [2026-07-06T18:33:29.532+0000] {dagbag.py:538} INFO - Filling up the DagBag from /opt/airflow/dags/dag_enriquecimento_dados.py
[2026-07-06T18:33:29.545+0000] {processor.py:840} INFO - DAG(s) 'dag_enriquecimento_dados' retrieved from /opt/airflow/dags/dag_enriquecimento_dados.py
[2026-07-06T18:33:29.566+0000] {logging_mixin.py:188} INFO - [2026-07-06T18:33:29.566+0000] {dag.py:3036} INFO - Sync 1 DAGs
[2026-07-06T18:33:29.578+0000] {logging_mixin.py:188} INFO - [2026-07-06T18:33:29.578+0000] {dag.py:3823} INFO - Setting next_dagrun for dag_enriquecimento_dados to None, run_after=None
[2026-07-06T18:33:29.621+0000] {processor.py:183} INFO - Processing /opt/airflow/dags/dag_enriquecimento_dados.py took 0.093 seconds
[2026-07-06T18:33:59.761+0000] {processor.py:161} INFO - Started process (PID=3867) to work on /opt/airflow/dags/dag_enriquecimento_dados.py
[2026-07-06T18:33:59.762+0000] {processor.py:830} INFO - Processing file /opt/airflow/dags/dag_enriquecimento_dados.py for tasks to queue
[2026-07-06T18:33:59.763+0000] {logging_mixin.py:188} INFO - [2026-07-06T18:33:59.763+0000] {dagbag.py:538} INFO - Filling up the DagBag from /opt/airflow/dags/dag_enriquecimento_dados.py
[2026-07-06T18:33:59.776+0000] {processor.py:840} INFO - DAG(s) 'dag_enriquecimento_dados' retrieved from /opt/airflow/dags/dag_enriquecimento_dados.py
[2026-07-06T18:33:59.799+0000] {logging_mixin.py:188} INFO - [2026-07-06T18:33:59.798+0000] {dag.py:3036} INFO - Sync 1 DAGs
[2026-07-06T18:33:59.810+0000] {logging_mixin.py:188} INFO - [2026-07-06T18:33:59.810+0000] {dag.py:3823} INFO - Setting next_dagrun for dag_enriquecimento_dados to None, run_after=None
[2026-07-06T18:33:59.853+0000] {processor.py:183} INFO - Processing /opt/airflow/dags/dag_enriquecimento_dados.py took 0.095 seconds
[2026-07-06T18:34:29.997+0000] {processor.py:161} INFO - Started process (PID=3882) to work on /opt/airflow/dags/dag_enriquecimento_dados.py
[2026-07-06T18:34:29.998+0000] {processor.py:830} INFO - Processing file /opt/airflow/dags/dag_enriquecimento_dados.py for tasks to queue
[2026-07-06T18:34:29.999+0000] {logging_mixin.py:188} INFO - [2026-07-06T18:34:29.999+0000] {dagbag.py:538} INFO - Filling up the DagBag from /opt/airflow/dags/dag_enriquecimento_dados.py
[2026-07-06T18:34:30.012+0000] {processor.py:840} INFO - DAG(s) 'dag_enriquecimento_dados' retrieved from /opt/airflow/dags/dag_enriquecimento_dados.py
[2026-07-06T18:34:30.032+0000] {logging_mixin.py:188} INFO - [2026-07-06T18:34:30.032+0000] {dag.py:3036} INFO - Sync 1 DAGs
[2026-07-06T18:34:30.043+0000] {logging_mixin.py:188} INFO - [2026-07-06T18:34:30.043+0000] {dag.py:3823} INFO - Setting next_dagrun for dag_enriquecimento_dados to None, run_after=None
[2026-07-06T18:34:30.086+0000] {processor.py:183} INFO - Processing /opt/airflow/dags/dag_enriquecimento_dados.py took 0.092 seconds
[2026-07-06T18:35:00.223+0000] {processor.py:161} INFO - Started process (PID=3897) to work on /opt/airflow/dags/dag_enriquecimento_dados.py
[2026-07-06T18:35:00.223+0000] {processor.py:830} INFO - Processing file /opt/airflow/dags/dag_enriquecimento_dados.py for tasks to queue
[2026-07-06T18:35:00.225+0000] {logging_mixin.py:188} INFO - [2026-07-06T18:35:00.225+0000] {dagbag.py:538} INFO - Filling up the DagBag from /opt/airflow/dags/dag_enriquecimento_dados.py
[2026-07-06T18:35:00.237+0000] {processor.py:840} INFO - DAG(s) 'dag_enriquecimento_dados' retrieved from /opt/airflow/dags/dag_enriquecimento_dados.py
[2026-07-06T18:35:00.259+0000] {logging_mixin.py:188} INFO - [2026-07-06T18:35:00.259+0000] {dag.py:3036} INFO - Sync 1 DAGs
[2026-07-06T18:35:00.271+0000] {logging_mixin.py:188} INFO - [2026-07-06T18:35:00.271+0000] {dag.py:3823} INFO - Setting next_dagrun for dag_enriquecimento_dados to None, run_after=None
[2026-07-06T18:35:00.312+0000] {processor.py:183} INFO - Processing /opt/airflow/dags/dag_enriquecimento_dados.py took 0.092 seconds
[2026-07-06T18:35:30.459+0000] {processor.py:161} INFO - Started process (PID=3912) to work on /opt/airflow/dags/dag_enriquecimento_dados.py
[2026-07-06T18:35:30.460+0000] {processor.py:830} INFO - Processing file /opt/airflow/dags/dag_enriquecimento_dados.py for tasks to queue
[2026-07-06T18:35:30.460+0000] {logging_mixin.py:188} INFO - [2026-07-06T18:35:30.460+0000] {dagbag.py:538} INFO - Filling up the DagBag from /opt/airflow/dags/dag_enriquecimento_dados.py
[2026-07-06T18:35:30.469+0000] {processor.py:840} INFO - DAG(s) 'dag_enriquecimento_dados' retrieved from /opt/airflow/dags/dag_enriquecimento_dados.py
[2026-07-06T18:35:30.490+0000] {logging_mixin.py:188} INFO - [2026-07-06T18:35:30.490+0000] {dag.py:3036} INFO - Sync 1 DAGs
[2026-07-06T18:35:30.502+0000] {logging_mixin.py:188} INFO - [2026-07-06T18:35:30.502+0000] {dag.py:3823} INFO - Setting next_dagrun for dag_enriquecimento_dados to None, run_after=None
[2026-07-06T18:35:30.518+0000] {processor.py:183} INFO - Processing /opt/airflow/dags/dag_enriquecimento_dados.py took 0.062 seconds
[2026-07-06T18:36:00.659+0000] {processor.py:161} INFO - Started process (PID=3927) to work on /opt/airflow/dags/dag_enriquecimento_dados.py
[2026-07-06T18:36:00.660+0000] {processor.py:830} INFO - Processing file /opt/airflow/dags/dag_enriquecimento_dados.py for tasks to queue
[2026-07-06T18:36:00.660+0000] {logging_mixin.py:188} INFO - [2026-07-06T18:36:00.660+0000] {dagbag.py:538} INFO - Filling up the DagBag from /opt/airflow/dags/dag_enriquecimento_dados.py
[2026-07-06T18:36:00.668+0000] {processor.py:840} INFO - DAG(s) 'dag_enriquecimento_dados' retrieved from /opt/airflow/dags/dag_enriquecimento_dados.py
[2026-07-06T18:36:00.690+0000] {logging_mixin.py:188} INFO - [2026-07-06T18:36:00.690+0000] {dag.py:3036} INFO - Sync 1 DAGs
[2026-07-06T18:36:00.703+0000] {logging_mixin.py:188} INFO - [2026-07-06T18:36:00.702+0000] {dag.py:3823} INFO - Setting next_dagrun for dag_enriquecimento_dados to None, run_after=None
[2026-07-06T18:36:00.745+0000] {processor.py:183} INFO - Processing /opt/airflow/dags/dag_enriquecimento_dados.py took 0.089 seconds
[2026-07-06T18:36:30.891+0000] {processor.py:161} INFO - Started process (PID=3942) to work on /opt/airflow/dags/dag_enriquecimento_dados.py
[2026-07-06T18:36:30.891+0000] {processor.py:830} INFO - Processing file /opt/airflow/dags/dag_enriquecimento_dados.py for tasks to queue
[2026-07-06T18:36:30.892+0000] {logging_mixin.py:188} INFO - [2026-07-06T18:36:30.892+0000] {dagbag.py:538} INFO - Filling up the DagBag from /opt/airflow/dags/dag_enriquecimento_dados.py
[2026-07-06T18:36:30.901+0000] {processor.py:840} INFO - DAG(s) 'dag_enriquecimento_dados' retrieved from /opt/airflow/dags/dag_enriquecimento_dados.py
[2026-07-06T18:36:30.923+0000] {logging_mixin.py:188} INFO - [2026-07-06T18:36:30.923+0000] {dag.py:3036} INFO - Sync 1 DAGs
[2026-07-06T18:36:30.934+0000] {logging_mixin.py:188} INFO - [2026-07-06T18:36:30.934+0000] {dag.py:3823} INFO - Setting next_dagrun for dag_enriquecimento_dados to None, run_after=None
[2026-07-06T18:36:30.953+0000] {processor.py:183} INFO - Processing /opt/airflow/dags/dag_enriquecimento_dados.py took 0.066 seconds
[2026-07-06T18:37:01.091+0000] {processor.py:161} INFO - Started process (PID=3957) to work on /opt/airflow/dags/dag_enriquecimento_dados.py
[2026-07-06T18:37:01.092+0000] {processor.py:830} INFO - Processing file /opt/airflow/dags/dag_enriquecimento_dados.py for tasks to queue
[2026-07-06T18:37:01.092+0000] {logging_mixin.py:188} INFO - [2026-07-06T18:37:01.092+0000] {dagbag.py:538} INFO - Filling up the DagBag from /opt/airflow/dags/dag_enriquecimento_dados.py
[2026-07-06T18:37:01.100+0000] {processor.py:840} INFO - DAG(s) 'dag_enriquecimento_dados' retrieved from /opt/airflow/dags/dag_enriquecimento_dados.py
[2026-07-06T18:37:01.121+0000] {logging_mixin.py:188} INFO - [2026-07-06T18:37:01.121+0000] {dag.py:3036} INFO - Sync 1 DAGs
[2026-07-06T18:37:01.133+0000] {logging_mixin.py:188} INFO - [2026-07-06T18:37:01.132+0000] {dag.py:3823} INFO - Setting next_dagrun for dag_enriquecimento_dados to None, run_after=None
[2026-07-06T18:37:01.151+0000] {processor.py:183} INFO - Processing /opt/airflow/dags/dag_enriquecimento_dados.py took 0.062 seconds
[2026-07-06T18:37:31.292+0000] {processor.py:161} INFO - Started process (PID=3972) to work on /opt/airflow/dags/dag_enriquecimento_dados.py
[2026-07-06T18:37:31.293+0000] {processor.py:830} INFO - Processing file /opt/airflow/dags/dag_enriquecimento_dados.py for tasks to queue
[2026-07-06T18:37:31.293+0000] {logging_mixin.py:188} INFO - [2026-07-06T18:37:31.293+0000] {dagbag.py:538} INFO - Filling up the DagBag from /opt/airflow/dags/dag_enriquecimento_dados.py
[2026-07-06T18:37:31.302+0000] {processor.py:840} INFO - DAG(s) 'dag_enriquecimento_dados' retrieved from /opt/airflow/dags/dag_enriquecimento_dados.py
[2026-07-06T18:37:31.323+0000] {logging_mixin.py:188} INFO - [2026-07-06T18:37:31.323+0000] {dag.py:3036} INFO - Sync 1 DAGs
[2026-07-06T18:37:31.335+0000] {logging_mixin.py:188} INFO - [2026-07-06T18:37:31.335+0000] {dag.py:3823} INFO - Setting next_dagrun for dag_enriquecimento_dados to None, run_after=None
[2026-07-06T18:37:31.354+0000] {processor.py:183} INFO - Processing /opt/airflow/dags/dag_enriquecimento_dados.py took 0.064 seconds
[2026-07-06T18:38:01.496+0000] {processor.py:161} INFO - Started process (PID=3987) to work on /opt/airflow/dags/dag_enriquecimento_dados.py
[2026-07-06T18:38:01.497+0000] {processor.py:830} INFO - Processing file /opt/airflow/dags/dag_enriquecimento_dados.py for tasks to queue
[2026-07-06T18:38:01.498+0000] {logging_mixin.py:188} INFO - [2026-07-06T18:38:01.498+0000] {dagbag.py:538} INFO - Filling up the DagBag from /opt/airflow/dags/dag_enriquecimento_dados.py
[2026-07-06T18:38:01.508+0000] {processor.py:840} INFO - DAG(s) 'dag_enriquecimento_dados' retrieved from /opt/airflow/dags/dag_enriquecimento_dados.py
[2026-07-06T18:38:01.529+0000] {logging_mixin.py:188} INFO - [2026-07-06T18:38:01.529+0000] {dag.py:3036} INFO - Sync 1 DAGs
[2026-07-06T18:38:01.541+0000] {logging_mixin.py:188} INFO - [2026-07-06T18:38:01.541+0000] {dag.py:3823} INFO - Setting next_dagrun for dag_enriquecimento_dados to None, run_after=None
[2026-07-06T18:38:01.560+0000] {processor.py:183} INFO - Processing /opt/airflow/dags/dag_enriquecimento_dados.py took 0.067 seconds
[2026-07-06T18:38:31.701+0000] {processor.py:161} INFO - Started process (PID=4002) to work on /opt/airflow/dags/dag_enriquecimento_dados.py
[2026-07-06T18:38:31.702+0000] {processor.py:830} INFO - Processing file /opt/airflow/dags/dag_enriquecimento_dados.py for tasks to queue
[2026-07-06T18:38:31.702+0000] {logging_mixin.py:188} INFO - [2026-07-06T18:38:31.702+0000] {dagbag.py:538} INFO - Filling up the DagBag from /opt/airflow/dags/dag_enriquecimento_dados.py
[2026-07-06T18:38:31.710+0000] {processor.py:840} INFO - DAG(s) 'dag_enriquecimento_dados' retrieved from /opt/airflow/dags/dag_enriquecimento_dados.py
[2026-07-06T18:38:31.732+0000] {logging_mixin.py:188} INFO - [2026-07-06T18:38:31.732+0000] {dag.py:3036} INFO - Sync 1 DAGs
[2026-07-06T18:38:31.744+0000] {logging_mixin.py:188} INFO - [2026-07-06T18:38:31.744+0000] {dag.py:3823} INFO - Setting next_dagrun for dag_enriquecimento_dados to None, run_after=None
[2026-07-06T18:38:31.762+0000] {processor.py:183} INFO - Processing /opt/airflow/dags/dag_enriquecimento_dados.py took 0.063 seconds
[2026-07-06T18:39:01.902+0000] {processor.py:161} INFO - Started process (PID=4017) to work on /opt/airflow/dags/dag_enriquecimento_dados.py
[2026-07-06T18:39:01.902+0000] {processor.py:830} INFO - Processing file /opt/airflow/dags/dag_enriquecimento_dados.py for tasks to queue
[2026-07-06T18:39:01.903+0000] {logging_mixin.py:188} INFO - [2026-07-06T18:39:01.903+0000] {dagbag.py:538} INFO - Filling up the DagBag from /opt/airflow/dags/dag_enriquecimento_dados.py
[2026-07-06T18:39:01.910+0000] {processor.py:840} INFO - DAG(s) 'dag_enriquecimento_dados' retrieved from /opt/airflow/dags/dag_enriquecimento_dados.py
[2026-07-06T18:39:01.932+0000] {logging_mixin.py:188} INFO - [2026-07-06T18:39:01.932+0000] {dag.py:3036} INFO - Sync 1 DAGs
[2026-07-06T18:39:01.946+0000] {logging_mixin.py:188} INFO - [2026-07-06T18:39:01.946+0000] {dag.py:3823} INFO - Setting next_dagrun for dag_enriquecimento_dados to None, run_after=None
[2026-07-06T18:39:01.966+0000] {processor.py:183} INFO - Processing /opt/airflow/dags/dag_enriquecimento_dados.py took 0.067 seconds
[2026-07-06T18:39:32.101+0000] {processor.py:161} INFO - Started process (PID=4032) to work on /opt/airflow/dags/dag_enriquecimento_dados.py
[2026-07-06T18:39:32.102+0000] {processor.py:830} INFO - Processing file /opt/airflow/dags/dag_enriquecimento_dados.py for tasks to queue
[2026-07-06T18:39:32.103+0000] {logging_mixin.py:188} INFO - [2026-07-06T18:39:32.102+0000] {dagbag.py:538} INFO - Filling up the DagBag from /opt/airflow/dags/dag_enriquecimento_dados.py
[2026-07-06T18:39:32.111+0000] {processor.py:840} INFO - DAG(s) 'dag_enriquecimento_dados' retrieved from /opt/airflow/dags/dag_enriquecimento_dados.py
[2026-07-06T18:39:32.134+0000] {logging_mixin.py:188} INFO - [2026-07-06T18:39:32.133+0000] {dag.py:3036} INFO - Sync 1 DAGs
[2026-07-06T18:39:32.144+0000] {logging_mixin.py:188} INFO - [2026-07-06T18:39:32.144+0000] {dag.py:3823} INFO - Setting next_dagrun for dag_enriquecimento_dados to None, run_after=None
[2026-07-06T18:39:32.164+0000] {processor.py:183} INFO - Processing /opt/airflow/dags/dag_enriquecimento_dados.py took 0.065 seconds
[2026-07-06T18:40:02.302+0000] {processor.py:161} INFO - Started process (PID=4047) to work on /opt/airflow/dags/dag_enriquecimento_dados.py
[2026-07-06T18:40:02.303+0000] {processor.py:830} INFO - Processing file /opt/airflow/dags/dag_enriquecimento_dados.py for tasks to queue
[2026-07-06T18:40:02.304+0000] {logging_mixin.py:188} INFO - [2026-07-06T18:40:02.303+0000] {dagbag.py:538} INFO - Filling up the DagBag from /opt/airflow/dags/dag_enriquecimento_dados.py
[2026-07-06T18:40:02.312+0000] {processor.py:840} INFO - DAG(s) 'dag_enriquecimento_dados' retrieved from /opt/airflow/dags/dag_enriquecimento_dados.py
[2026-07-06T18:40:02.335+0000] {logging_mixin.py:188} INFO - [2026-07-06T18:40:02.335+0000] {dag.py:3036} INFO - Sync 1 DAGs
[2026-07-06T18:40:02.347+0000] {logging_mixin.py:188} INFO - [2026-07-06T18:40:02.347+0000] {dag.py:3823} INFO - Setting next_dagrun for dag_enriquecimento_dados to None, run_after=None
[2026-07-06T18:40:02.366+0000] {processor.py:183} INFO - Processing /opt/airflow/dags/dag_enriquecimento_dados.py took 0.066 seconds
[2026-07-06T18:40:32.508+0000] {processor.py:161} INFO - Started process (PID=4062) to work on /opt/airflow/dags/dag_enriquecimento_dados.py
[2026-07-06T18:40:32.508+0000] {processor.py:830} INFO - Processing file /opt/airflow/dags/dag_enriquecimento_dados.py for tasks to queue
[2026-07-06T18:40:32.509+0000] {logging_mixin.py:188} INFO - [2026-07-06T18:40:32.509+0000] {dagbag.py:538} INFO - Filling up the DagBag from /opt/airflow/dags/dag_enriquecimento_dados.py
[2026-07-06T18:40:32.517+0000] {processor.py:840} INFO - DAG(s) 'dag_enriquecimento_dados' retrieved from /opt/airflow/dags/dag_enriquecimento_dados.py
[2026-07-06T18:40:32.539+0000] {logging_mixin.py:188} INFO - [2026-07-06T18:40:32.538+0000] {dag.py:3036} INFO - Sync 1 DAGs
[2026-07-06T18:40:32.550+0000] {logging_mixin.py:188} INFO - [2026-07-06T18:40:32.550+0000] {dag.py:3823} INFO - Setting next_dagrun for dag_enriquecimento_dados to None, run_after=None
[2026-07-06T18:40:32.569+0000] {processor.py:183} INFO - Processing /opt/airflow/dags/dag_enriquecimento_dados.py took 0.064 seconds
[2026-07-06T18:41:02.716+0000] {processor.py:161} INFO - Started process (PID=4077) to work on /opt/airflow/dags/dag_enriquecimento_dados.py
[2026-07-06T18:41:02.717+0000] {processor.py:830} INFO - Processing file /opt/airflow/dags/dag_enriquecimento_dados.py for tasks to queue
[2026-07-06T18:41:02.718+0000] {logging_mixin.py:188} INFO - [2026-07-06T18:41:02.718+0000] {dagbag.py:538} INFO - Filling up the DagBag from /opt/airflow/dags/dag_enriquecimento_dados.py
[2026-07-06T18:41:02.726+0000] {processor.py:840} INFO - DAG(s) 'dag_enriquecimento_dados' retrieved from /opt/airflow/dags/dag_enriquecimento_dados.py
[2026-07-06T18:41:02.748+0000] {logging_mixin.py:188} INFO - [2026-07-06T18:41:02.748+0000] {dag.py:3036} INFO - Sync 1 DAGs
[2026-07-06T18:41:02.760+0000] {logging_mixin.py:188} INFO - [2026-07-06T18:41:02.760+0000] {dag.py:3823} INFO - Setting next_dagrun for dag_enriquecimento_dados to None, run_after=None
[2026-07-06T18:41:02.778+0000] {processor.py:183} INFO - Processing /opt/airflow/dags/dag_enriquecimento_dados.py took 0.065 seconds
[2026-07-06T18:41:32.921+0000] {processor.py:161} INFO - Started process (PID=4092) to work on /opt/airflow/dags/dag_enriquecimento_dados.py
[2026-07-06T18:41:32.921+0000] {processor.py:830} INFO - Processing file /opt/airflow/dags/dag_enriquecimento_dados.py for tasks to queue
[2026-07-06T18:41:32.922+0000] {logging_mixin.py:188} INFO - [2026-07-06T18:41:32.922+0000] {dagbag.py:538} INFO - Filling up the DagBag from /opt/airflow/dags/dag_enriquecimento_dados.py
[2026-07-06T18:41:32.930+0000] {processor.py:840} INFO - DAG(s) 'dag_enriquecimento_dados' retrieved from /opt/airflow/dags/dag_enriquecimento_dados.py
[2026-07-06T18:41:32.951+0000] {logging_mixin.py:188} INFO - [2026-07-06T18:41:32.951+0000] {dag.py:3036} INFO - Sync 1 DAGs
[2026-07-06T18:41:32.963+0000] {logging_mixin.py:188} INFO - [2026-07-06T18:41:32.962+0000] {dag.py:3823} INFO - Setting next_dagrun for dag_enriquecimento_dados to None, run_after=None
[2026-07-06T18:41:32.981+0000] {processor.py:183} INFO - Processing /opt/airflow/dags/dag_enriquecimento_dados.py took 0.063 seconds
[2026-07-06T18:42:03.119+0000] {processor.py:161} INFO - Started process (PID=4107) to work on /opt/airflow/dags/dag_enriquecimento_dados.py
[2026-07-06T18:42:03.120+0000] {processor.py:830} INFO - Processing file /opt/airflow/dags/dag_enriquecimento_dados.py for tasks to queue
[2026-07-06T18:42:03.120+0000] {logging_mixin.py:188} INFO - [2026-07-06T18:42:03.120+0000] {dagbag.py:538} INFO - Filling up the DagBag from /opt/airflow/dags/dag_enriquecimento_dados.py
[2026-07-06T18:42:03.129+0000] {processor.py:840} INFO - DAG(s) 'dag_enriquecimento_dados' retrieved from /opt/airflow/dags/dag_enriquecimento_dados.py
[2026-07-06T18:42:03.152+0000] {logging_mixin.py:188} INFO - [2026-07-06T18:42:03.152+0000] {dag.py:3036} INFO - Sync 1 DAGs
[2026-07-06T18:42:03.166+0000] {logging_mixin.py:188} INFO - [2026-07-06T18:42:03.166+0000] {dag.py:3823} INFO - Setting next_dagrun for dag_enriquecimento_dados to None, run_after=None
[2026-07-06T18:42:03.185+0000] {processor.py:183} INFO - Processing /opt/airflow/dags/dag_enriquecimento_dados.py took 0.069 seconds
[2026-07-06T18:42:33.328+0000] {processor.py:161} INFO - Started process (PID=4122) to work on /opt/airflow/dags/dag_enriquecimento_dados.py
[2026-07-06T18:42:33.328+0000] {processor.py:830} INFO - Processing file /opt/airflow/dags/dag_enriquecimento_dados.py for tasks to queue
[2026-07-06T18:42:33.329+0000] {logging_mixin.py:188} INFO - [2026-07-06T18:42:33.329+0000] {dagbag.py:538} INFO - Filling up the DagBag from /opt/airflow/dags/dag_enriquecimento_dados.py
[2026-07-06T18:42:33.337+0000] {processor.py:840} INFO - DAG(s) 'dag_enriquecimento_dados' retrieved from /opt/airflow/dags/dag_enriquecimento_dados.py
[2026-07-06T18:42:33.357+0000] {logging_mixin.py:188} INFO - [2026-07-06T18:42:33.357+0000] {dag.py:3036} INFO - Sync 1 DAGs
[2026-07-06T18:42:33.368+0000] {logging_mixin.py:188} INFO - [2026-07-06T18:42:33.368+0000] {dag.py:3823} INFO - Setting next_dagrun for dag_enriquecimento_dados to None, run_after=None
[2026-07-06T18:42:33.386+0000] {processor.py:183} INFO - Processing /opt/airflow/dags/dag_enriquecimento_dados.py took 0.061 seconds
[2026-07-06T18:43:03.525+0000] {processor.py:161} INFO - Started process (PID=4137) to work on /opt/airflow/dags/dag_enriquecimento_dados.py
[2026-07-06T18:43:03.526+0000] {processor.py:830} INFO - Processing file /opt/airflow/dags/dag_enriquecimento_dados.py for tasks to queue
[2026-07-06T18:43:03.527+0000] {logging_mixin.py:188} INFO - [2026-07-06T18:43:03.527+0000] {dagbag.py:538} INFO - Filling up the DagBag from /opt/airflow/dags/dag_enriquecimento_dados.py
[2026-07-06T18:43:03.535+0000] {processor.py:840} INFO - DAG(s) 'dag_enriquecimento_dados' retrieved from /opt/airflow/dags/dag_enriquecimento_dados.py
[2026-07-06T18:43:03.555+0000] {logging_mixin.py:188} INFO - [2026-07-06T18:43:03.555+0000] {dag.py:3036} INFO - Sync 1 DAGs
[2026-07-06T18:43:03.566+0000] {logging_mixin.py:188} INFO - [2026-07-06T18:43:03.566+0000] {dag.py:3823} INFO - Setting next_dagrun for dag_enriquecimento_dados to None, run_after=None
[2026-07-06T18:43:03.583+0000] {processor.py:183} INFO - Processing /opt/airflow/dags/dag_enriquecimento_dados.py took 0.061 seconds
[2026-07-06T18:43:33.724+0000] {processor.py:161} INFO - Started process (PID=4152) to work on /opt/airflow/dags/dag_enriquecimento_dados.py
[2026-07-06T18:43:33.725+0000] {processor.py:830} INFO - Processing file /opt/airflow/dags/dag_enriquecimento_dados.py for tasks to queue
[2026-07-06T18:43:33.726+0000] {logging_mixin.py:188} INFO - [2026-07-06T18:43:33.726+0000] {dagbag.py:538} INFO - Filling up the DagBag from /opt/airflow/dags/dag_enriquecimento_dados.py
[2026-07-06T18:43:33.733+0000] {processor.py:840} INFO - DAG(s) 'dag_enriquecimento_dados' retrieved from /opt/airflow/dags/dag_enriquecimento_dados.py
[2026-07-06T18:43:33.755+0000] {logging_mixin.py:188} INFO - [2026-07-06T18:43:33.755+0000] {dag.py:3036} INFO - Sync 1 DAGs
[2026-07-06T18:43:33.767+0000] {logging_mixin.py:188} INFO - [2026-07-06T18:43:33.766+0000] {dag.py:3823} INFO - Setting next_dagrun for dag_enriquecimento_dados to None, run_after=None
[2026-07-06T18:43:33.786+0000] {processor.py:183} INFO - Processing /opt/airflow/dags/dag_enriquecimento_dados.py took 0.064 seconds
[2026-07-06T18:44:03.923+0000] {processor.py:161} INFO - Started process (PID=4167) to work on /opt/airflow/dags/dag_enriquecimento_dados.py
[2026-07-06T18:44:03.923+0000] {processor.py:830} INFO - Processing file /opt/airflow/dags/dag_enriquecimento_dados.py for tasks to queue
[2026-07-06T18:44:03.924+0000] {logging_mixin.py:188} INFO - [2026-07-06T18:44:03.924+0000] {dagbag.py:538} INFO - Filling up the DagBag from /opt/airflow/dags/dag_enriquecimento_dados.py
[2026-07-06T18:44:03.931+0000] {processor.py:840} INFO - DAG(s) 'dag_enriquecimento_dados' retrieved from /opt/airflow/dags/dag_enriquecimento_dados.py
[2026-07-06T18:44:03.951+0000] {logging_mixin.py:188} INFO - [2026-07-06T18:44:03.951+0000] {dag.py:3036} INFO - Sync 1 DAGs
[2026-07-06T18:44:03.963+0000] {logging_mixin.py:188} INFO - [2026-07-06T18:44:03.963+0000] {dag.py:3823} INFO - Setting next_dagrun for dag_enriquecimento_dados to None, run_after=None
[2026-07-06T18:44:03.983+0000] {processor.py:183} INFO - Processing /opt/airflow/dags/dag_enriquecimento_dados.py took 0.063 seconds
[2026-07-06T18:44:34.118+0000] {processor.py:161} INFO - Started process (PID=4182) to work on /opt/airflow/dags/dag_enriquecimento_dados.py
[2026-07-06T18:44:34.119+0000] {processor.py:830} INFO - Processing file /opt/airflow/dags/dag_enriquecimento_dados.py for tasks to queue
[2026-07-06T18:44:34.119+0000] {logging_mixin.py:188} INFO - [2026-07-06T18:44:34.119+0000] {dagbag.py:538} INFO - Filling up the DagBag from /opt/airflow/dags/dag_enriquecimento_dados.py
[2026-07-06T18:44:34.127+0000] {processor.py:840} INFO - DAG(s) 'dag_enriquecimento_dados' retrieved from /opt/airflow/dags/dag_enriquecimento_dados.py
[2026-07-06T18:44:34.149+0000] {logging_mixin.py:188} INFO - [2026-07-06T18:44:34.149+0000] {dag.py:3036} INFO - Sync 1 DAGs
[2026-07-06T18:44:34.161+0000] {logging_mixin.py:188} INFO - [2026-07-06T18:44:34.161+0000] {dag.py:3823} INFO - Setting next_dagrun for dag_enriquecimento_dados to None, run_after=None
[2026-07-06T18:44:34.179+0000] {processor.py:183} INFO - Processing /opt/airflow/dags/dag_enriquecimento_dados.py took 0.064 seconds
[2026-07-06T18:45:04.319+0000] {processor.py:161} INFO - Started process (PID=4197) to work on /opt/airflow/dags/dag_enriquecimento_dados.py
[2026-07-06T18:45:04.320+0000] {processor.py:830} INFO - Processing file /opt/airflow/dags/dag_enriquecimento_dados.py for tasks to queue
[2026-07-06T18:45:04.321+0000] {logging_mixin.py:188} INFO - [2026-07-06T18:45:04.320+0000] {dagbag.py:538} INFO - Filling up the DagBag from /opt/airflow/dags/dag_enriquecimento_dados.py
[2026-07-06T18:45:04.329+0000] {processor.py:840} INFO - DAG(s) 'dag_enriquecimento_dados' retrieved from /opt/airflow/dags/dag_enriquecimento_dados.py
[2026-07-06T18:45:04.351+0000] {logging_mixin.py:188} INFO - [2026-07-06T18:45:04.351+0000] {dag.py:3036} INFO - Sync 1 DAGs
[2026-07-06T18:45:04.363+0000] {logging_mixin.py:188} INFO - [2026-07-06T18:45:04.363+0000] {dag.py:3823} INFO - Setting next_dagrun for dag_enriquecimento_dados to None, run_after=None
[2026-07-06T18:45:04.382+0000] {processor.py:183} INFO - Processing /opt/airflow/dags/dag_enriquecimento_dados.py took 0.065 seconds
[2026-07-06T18:45:34.523+0000] {processor.py:161} INFO - Started process (PID=4212) to work on /opt/airflow/dags/dag_enriquecimento_dados.py
[2026-07-06T18:45:34.523+0000] {processor.py:830} INFO - Processing file /opt/airflow/dags/dag_enriquecimento_dados.py for tasks to queue
[2026-07-06T18:45:34.524+0000] {logging_mixin.py:188} INFO - [2026-07-06T18:45:34.524+0000] {dagbag.py:538} INFO - Filling up the DagBag from /opt/airflow/dags/dag_enriquecimento_dados.py
[2026-07-06T18:45:34.532+0000] {processor.py:840} INFO - DAG(s) 'dag_enriquecimento_dados' retrieved from /opt/airflow/dags/dag_enriquecimento_dados.py
[2026-07-06T18:45:34.554+0000] {logging_mixin.py:188} INFO - [2026-07-06T18:45:34.554+0000] {dag.py:3036} INFO - Sync 1 DAGs
[2026-07-06T18:45:34.566+0000] {logging_mixin.py:188} INFO - [2026-07-06T18:45:34.565+0000] {dag.py:3823} INFO - Setting next_dagrun for dag_enriquecimento_dados to None, run_after=None
[2026-07-06T18:45:34.585+0000] {processor.py:183} INFO - Processing /opt/airflow/dags/dag_enriquecimento_dados.py took 0.065 seconds
[2026-07-06T18:46:04.730+0000] {processor.py:161} INFO - Started process (PID=4227) to work on /opt/airflow/dags/dag_enriquecimento_dados.py
[2026-07-06T18:46:04.731+0000] {processor.py:830} INFO - Processing file /opt/airflow/dags/dag_enriquecimento_dados.py for tasks to queue
[2026-07-06T18:46:04.732+0000] {logging_mixin.py:188} INFO - [2026-07-06T18:46:04.731+0000] {dagbag.py:538} INFO - Filling up the DagBag from /opt/airflow/dags/dag_enriquecimento_dados.py
[2026-07-06T18:46:04.740+0000] {processor.py:840} INFO - DAG(s) 'dag_enriquecimento_dados' retrieved from /opt/airflow/dags/dag_enriquecimento_dados.py
[2026-07-06T18:46:04.764+0000] {logging_mixin.py:188} INFO - [2026-07-06T18:46:04.764+0000] {dag.py:3036} INFO - Sync 1 DAGs
[2026-07-06T18:46:04.777+0000] {logging_mixin.py:188} INFO - [2026-07-06T18:46:04.777+0000] {dag.py:3823} INFO - Setting next_dagrun for dag_enriquecimento_dados to None, run_after=None
[2026-07-06T18:46:04.794+0000] {processor.py:183} INFO - Processing /opt/airflow/dags/dag_enriquecimento_dados.py took 0.067 seconds
[2026-07-06T18:46:34.940+0000] {processor.py:161} INFO - Started process (PID=4242) to work on /opt/airflow/dags/dag_enriquecimento_dados.py
[2026-07-06T18:46:34.941+0000] {processor.py:830} INFO - Processing file /opt/airflow/dags/dag_enriquecimento_dados.py for tasks to queue
[2026-07-06T18:46:34.942+0000] {logging_mixin.py:188} INFO - [2026-07-06T18:46:34.941+0000] {dagbag.py:538} INFO - Filling up the DagBag from /opt/airflow/dags/dag_enriquecimento_dados.py
[2026-07-06T18:46:34.951+0000] {processor.py:840} INFO - DAG(s) 'dag_enriquecimento_dados' retrieved from /opt/airflow/dags/dag_enriquecimento_dados.py
[2026-07-06T18:46:34.972+0000] {logging_mixin.py:188} INFO - [2026-07-06T18:46:34.972+0000] {dag.py:3036} INFO - Sync 1 DAGs
[2026-07-06T18:46:34.983+0000] {logging_mixin.py:188} INFO - [2026-07-06T18:46:34.983+0000] {dag.py:3823} INFO - Setting next_dagrun for dag_enriquecimento_dados to None, run_after=None
[2026-07-06T18:46:35.000+0000] {processor.py:183} INFO - Processing /opt/airflow/dags/dag_enriquecimento_dados.py took 0.062 seconds
[2026-07-06T18:47:05.141+0000] {processor.py:161} INFO - Started process (PID=4257) to work on /opt/airflow/dags/dag_enriquecimento_dados.py
[2026-07-06T18:47:05.142+0000] {processor.py:830} INFO - Processing file /opt/airflow/dags/dag_enriquecimento_dados.py for tasks to queue
[2026-07-06T18:47:05.142+0000] {logging_mixin.py:188} INFO - [2026-07-06T18:47:05.142+0000] {dagbag.py:538} INFO - Filling up the DagBag from /opt/airflow/dags/dag_enriquecimento_dados.py
[2026-07-06T18:47:05.151+0000] {processor.py:840} INFO - DAG(s) 'dag_enriquecimento_dados' retrieved from /opt/airflow/dags/dag_enriquecimento_dados.py
[2026-07-06T18:47:05.173+0000] {logging_mixin.py:188} INFO - [2026-07-06T18:47:05.173+0000] {dag.py:3036} INFO - Sync 1 DAGs
[2026-07-06T18:47:05.186+0000] {logging_mixin.py:188} INFO - [2026-07-06T18:47:05.186+0000] {dag.py:3823} INFO - Setting next_dagrun for dag_enriquecimento_dados to None, run_after=None
[2026-07-06T18:47:05.205+0000] {processor.py:183} INFO - Processing /opt/airflow/dags/dag_enriquecimento_dados.py took 0.067 seconds
[2026-07-06T18:47:35.343+0000] {processor.py:161} INFO - Started process (PID=4272) to work on /opt/airflow/dags/dag_enriquecimento_dados.py
[2026-07-06T18:47:35.344+0000] {processor.py:830} INFO - Processing file /opt/airflow/dags/dag_enriquecimento_dados.py for tasks to queue
[2026-07-06T18:47:35.345+0000] {logging_mixin.py:188} INFO - [2026-07-06T18:47:35.344+0000] {dagbag.py:538} INFO - Filling up the DagBag from /opt/airflow/dags/dag_enriquecimento_dados.py
[2026-07-06T18:47:35.352+0000] {processor.py:840} INFO - DAG(s) 'dag_enriquecimento_dados' retrieved from /opt/airflow/dags/dag_enriquecimento_dados.py
[2026-07-06T18:47:35.374+0000] {logging_mixin.py:188} INFO - [2026-07-06T18:47:35.374+0000] {dag.py:3036} INFO - Sync 1 DAGs
[2026-07-06T18:47:35.387+0000] {logging_mixin.py:188} INFO - [2026-07-06T18:47:35.387+0000] {dag.py:3823} INFO - Setting next_dagrun for dag_enriquecimento_dados to None, run_after=None
[2026-07-06T18:47:35.406+0000] {processor.py:183} INFO - Processing /opt/airflow/dags/dag_enriquecimento_dados.py took 0.066 seconds
[2026-07-06T18:48:05.548+0000] {processor.py:161} INFO - Started process (PID=4287) to work on /opt/airflow/dags/dag_enriquecimento_dados.py
[2026-07-06T18:48:05.549+0000] {processor.py:830} INFO - Processing file /opt/airflow/dags/dag_enriquecimento_dados.py for tasks to queue
[2026-07-06T18:48:05.549+0000] {logging_mixin.py:188} INFO - [2026-07-06T18:48:05.549+0000] {dagbag.py:538} INFO - Filling up the DagBag from /opt/airflow/dags/dag_enriquecimento_dados.py
[2026-07-06T18:48:05.558+0000] {processor.py:840} INFO - DAG(s) 'dag_enriquecimento_dados' retrieved from /opt/airflow/dags/dag_enriquecimento_dados.py
[2026-07-06T18:48:05.579+0000] {logging_mixin.py:188} INFO - [2026-07-06T18:48:05.579+0000] {dag.py:3036} INFO - Sync 1 DAGs
[2026-07-06T18:48:05.592+0000] {logging_mixin.py:188} INFO - [2026-07-06T18:48:05.591+0000] {dag.py:3823} INFO - Setting next_dagrun for dag_enriquecimento_dados to None, run_after=None
[2026-07-06T18:48:05.611+0000] {processor.py:183} INFO - Processing /opt/airflow/dags/dag_enriquecimento_dados.py took 0.066 seconds
[2026-07-06T18:48:35.754+0000] {processor.py:161} INFO - Started process (PID=4302) to work on /opt/airflow/dags/dag_enriquecimento_dados.py
[2026-07-06T18:48:35.755+0000] {processor.py:830} INFO - Processing file /opt/airflow/dags/dag_enriquecimento_dados.py for tasks to queue
[2026-07-06T18:48:35.755+0000] {logging_mixin.py:188} INFO - [2026-07-06T18:48:35.755+0000] {dagbag.py:538} INFO - Filling up the DagBag from /opt/airflow/dags/dag_enriquecimento_dados.py
[2026-07-06T18:48:35.763+0000] {processor.py:840} INFO - DAG(s) 'dag_enriquecimento_dados' retrieved from /opt/airflow/dags/dag_enriquecimento_dados.py
[2026-07-06T18:48:35.785+0000] {logging_mixin.py:188} INFO - [2026-07-06T18:48:35.785+0000] {dag.py:3036} INFO - Sync 1 DAGs
[2026-07-06T18:48:35.797+0000] {logging_mixin.py:188} INFO - [2026-07-06T18:48:35.797+0000] {dag.py:3823} INFO - Setting next_dagrun for dag_enriquecimento_dados to None, run_after=None
[2026-07-06T18:48:35.814+0000] {processor.py:183} INFO - Processing /opt/airflow/dags/dag_enriquecimento_dados.py took 0.063 seconds
[2026-07-06T18:49:05.954+0000] {processor.py:161} INFO - Started process (PID=4317) to work on /opt/airflow/dags/dag_enriquecimento_dados.py
[2026-07-06T18:49:05.955+0000] {processor.py:830} INFO - Processing file /opt/airflow/dags/dag_enriquecimento_dados.py for tasks to queue
[2026-07-06T18:49:05.956+0000] {logging_mixin.py:188} INFO - [2026-07-06T18:49:05.955+0000] {dagbag.py:538} INFO - Filling up the DagBag from /opt/airflow/dags/dag_enriquecimento_dados.py
[2026-07-06T18:49:05.964+0000] {processor.py:840} INFO - DAG(s) 'dag_enriquecimento_dados' retrieved from /opt/airflow/dags/dag_enriquecimento_dados.py
[2026-07-06T18:49:05.986+0000] {logging_mixin.py:188} INFO - [2026-07-06T18:49:05.986+0000] {dag.py:3036} INFO - Sync 1 DAGs
[2026-07-06T18:49:05.998+0000] {logging_mixin.py:188} INFO - [2026-07-06T18:49:05.997+0000] {dag.py:3823} INFO - Setting next_dagrun for dag_enriquecimento_dados to None, run_after=None
[2026-07-06T18:49:06.017+0000] {processor.py:183} INFO - Processing /opt/airflow/dags/dag_enriquecimento_dados.py took 0.066 seconds
[2026-07-06T18:49:36.156+0000] {processor.py:161} INFO - Started process (PID=4332) to work on /opt/airflow/dags/dag_enriquecimento_dados.py
[2026-07-06T18:49:36.157+0000] {processor.py:830} INFO - Processing file /opt/airflow/dags/dag_enriquecimento_dados.py for tasks to queue
[2026-07-06T18:49:36.158+0000] {logging_mixin.py:188} INFO - [2026-07-06T18:49:36.158+0000] {dagbag.py:538} INFO - Filling up the DagBag from /opt/airflow/dags/dag_enriquecimento_dados.py
[2026-07-06T18:49:36.167+0000] {processor.py:840} INFO - DAG(s) 'dag_enriquecimento_dados' retrieved from /opt/airflow/dags/dag_enriquecimento_dados.py
[2026-07-06T18:49:36.189+0000] {logging_mixin.py:188} INFO - [2026-07-06T18:49:36.188+0000] {dag.py:3036} INFO - Sync 1 DAGs
[2026-07-06T18:49:36.200+0000] {logging_mixin.py:188} INFO - [2026-07-06T18:49:36.200+0000] {dag.py:3823} INFO - Setting next_dagrun for dag_enriquecimento_dados to None, run_after=None
[2026-07-06T18:49:36.220+0000] {processor.py:183} INFO - Processing /opt/airflow/dags/dag_enriquecimento_dados.py took 0.066 seconds
[2026-07-06T18:50:06.358+0000] {processor.py:161} INFO - Started process (PID=4347) to work on /opt/airflow/dags/dag_enriquecimento_dados.py
[2026-07-06T18:50:06.359+0000] {processor.py:830} INFO - Processing file /opt/airflow/dags/dag_enriquecimento_dados.py for tasks to queue
[2026-07-06T18:50:06.359+0000] {logging_mixin.py:188} INFO - [2026-07-06T18:50:06.359+0000] {dagbag.py:538} INFO - Filling up the DagBag from /opt/airflow/dags/dag_enriquecimento_dados.py
[2026-07-06T18:50:06.368+0000] {processor.py:840} INFO - DAG(s) 'dag_enriquecimento_dados' retrieved from /opt/airflow/dags/dag_enriquecimento_dados.py
[2026-07-06T18:50:06.389+0000] {logging_mixin.py:188} INFO - [2026-07-06T18:50:06.389+0000] {dag.py:3036} INFO - Sync 1 DAGs
[2026-07-06T18:50:06.401+0000] {logging_mixin.py:188} INFO - [2026-07-06T18:50:06.401+0000] {dag.py:3823} INFO - Setting next_dagrun for dag_enriquecimento_dados to None, run_after=None
[2026-07-06T18:50:06.420+0000] {processor.py:183} INFO - Processing /opt/airflow/dags/dag_enriquecimento_dados.py took 0.065 seconds
[2026-07-06T18:50:36.561+0000] {processor.py:161} INFO - Started process (PID=4362) to work on /opt/airflow/dags/dag_enriquecimento_dados.py
[2026-07-06T18:50:36.561+0000] {processor.py:830} INFO - Processing file /opt/airflow/dags/dag_enriquecimento_dados.py for tasks to queue
[2026-07-06T18:50:36.562+0000] {logging_mixin.py:188} INFO - [2026-07-06T18:50:36.562+0000] {dagbag.py:538} INFO - Filling up the DagBag from /opt/airflow/dags/dag_enriquecimento_dados.py
[2026-07-06T18:50:36.570+0000] {processor.py:840} INFO - DAG(s) 'dag_enriquecimento_dados' retrieved from /opt/airflow/dags/dag_enriquecimento_dados.py
[2026-07-06T18:50:36.591+0000] {logging_mixin.py:188} INFO - [2026-07-06T18:50:36.591+0000] {dag.py:3036} INFO - Sync 1 DAGs
[2026-07-06T18:50:36.604+0000] {logging_mixin.py:188} INFO - [2026-07-06T18:50:36.603+0000] {dag.py:3823} INFO - Setting next_dagrun for dag_enriquecimento_dados to None, run_after=None
[2026-07-06T18:50:36.625+0000] {processor.py:183} INFO - Processing /opt/airflow/dags/dag_enriquecimento_dados.py took 0.067 seconds
[2026-07-06T18:51:06.771+0000] {processor.py:161} INFO - Started process (PID=4377) to work on /opt/airflow/dags/dag_enriquecimento_dados.py
[2026-07-06T18:51:06.772+0000] {processor.py:830} INFO - Processing file /opt/airflow/dags/dag_enriquecimento_dados.py for tasks to queue
[2026-07-06T18:51:06.773+0000] {logging_mixin.py:188} INFO - [2026-07-06T18:51:06.773+0000] {dagbag.py:538} INFO - Filling up the DagBag from /opt/airflow/dags/dag_enriquecimento_dados.py
[2026-07-06T18:51:06.781+0000] {processor.py:840} INFO - DAG(s) 'dag_enriquecimento_dados' retrieved from /opt/airflow/dags/dag_enriquecimento_dados.py
[2026-07-06T18:51:06.802+0000] {logging_mixin.py:188} INFO - [2026-07-06T18:51:06.802+0000] {dag.py:3036} INFO - Sync 1 DAGs
[2026-07-06T18:51:06.818+0000] {logging_mixin.py:188} INFO - [2026-07-06T18:51:06.818+0000] {dag.py:3823} INFO - Setting next_dagrun for dag_enriquecimento_dados to None, run_after=None
[2026-07-06T18:51:06.837+0000] {processor.py:183} INFO - Processing /opt/airflow/dags/dag_enriquecimento_dados.py took 0.069 seconds
[2026-07-06T18:51:36.976+0000] {processor.py:161} INFO - Started process (PID=4392) to work on /opt/airflow/dags/dag_enriquecimento_dados.py
[2026-07-06T18:51:36.976+0000] {processor.py:830} INFO - Processing file /opt/airflow/dags/dag_enriquecimento_dados.py for tasks to queue
[2026-07-06T18:51:36.977+0000] {logging_mixin.py:188} INFO - [2026-07-06T18:51:36.977+0000] {dagbag.py:538} INFO - Filling up the DagBag from /opt/airflow/dags/dag_enriquecimento_dados.py
[2026-07-06T18:51:36.985+0000] {processor.py:840} INFO - DAG(s) 'dag_enriquecimento_dados' retrieved from /opt/airflow/dags/dag_enriquecimento_dados.py
[2026-07-06T18:51:37.007+0000] {logging_mixin.py:188} INFO - [2026-07-06T18:51:37.007+0000] {dag.py:3036} INFO - Sync 1 DAGs
[2026-07-06T18:51:37.018+0000] {logging_mixin.py:188} INFO - [2026-07-06T18:51:37.018+0000] {dag.py:3823} INFO - Setting next_dagrun for dag_enriquecimento_dados to None, run_after=None
[2026-07-06T18:51:37.035+0000] {processor.py:183} INFO - Processing /opt/airflow/dags/dag_enriquecimento_dados.py took 0.062 seconds
[2026-07-06T18:52:07.172+0000] {processor.py:161} INFO - Started process (PID=4407) to work on /opt/airflow/dags/dag_enriquecimento_dados.py
[2026-07-06T18:52:07.173+0000] {processor.py:830} INFO - Processing file /opt/airflow/dags/dag_enriquecimento_dados.py for tasks to queue
[2026-07-06T18:52:07.174+0000] {logging_mixin.py:188} INFO - [2026-07-06T18:52:07.173+0000] {dagbag.py:538} INFO - Filling up the DagBag from /opt/airflow/dags/dag_enriquecimento_dados.py
[2026-07-06T18:52:07.182+0000] {processor.py:840} INFO - DAG(s) 'dag_enriquecimento_dados' retrieved from /opt/airflow/dags/dag_enriquecimento_dados.py
[2026-07-06T18:52:07.202+0000] {logging_mixin.py:188} INFO - [2026-07-06T18:52:07.202+0000] {dag.py:3036} INFO - Sync 1 DAGs
[2026-07-06T18:52:07.214+0000] {logging_mixin.py:188} INFO - [2026-07-06T18:52:07.214+0000] {dag.py:3823} INFO - Setting next_dagrun for dag_enriquecimento_dados to None, run_after=None
[2026-07-06T18:52:07.233+0000] {processor.py:183} INFO - Processing /opt/airflow/dags/dag_enriquecimento_dados.py took 0.063 seconds
[2026-07-06T18:52:37.374+0000] {processor.py:161} INFO - Started process (PID=4422) to work on /opt/airflow/dags/dag_enriquecimento_dados.py
[2026-07-06T18:52:37.375+0000] {processor.py:830} INFO - Processing file /opt/airflow/dags/dag_enriquecimento_dados.py for tasks to queue
[2026-07-06T18:52:37.375+0000] {logging_mixin.py:188} INFO - [2026-07-06T18:52:37.375+0000] {dagbag.py:538} INFO - Filling up the DagBag from /opt/airflow/dags/dag_enriquecimento_dados.py
[2026-07-06T18:52:37.383+0000] {processor.py:840} INFO - DAG(s) 'dag_enriquecimento_dados' retrieved from /opt/airflow/dags/dag_enriquecimento_dados.py
[2026-07-06T18:52:37.405+0000] {logging_mixin.py:188} INFO - [2026-07-06T18:52:37.404+0000] {dag.py:3036} INFO - Sync 1 DAGs
[2026-07-06T18:52:37.417+0000] {logging_mixin.py:188} INFO - [2026-07-06T18:52:37.416+0000] {dag.py:3823} INFO - Setting next_dagrun for dag_enriquecimento_dados to None, run_after=None
[2026-07-06T18:52:37.435+0000] {processor.py:183} INFO - Processing /opt/airflow/dags/dag_enriquecimento_dados.py took 0.064 seconds
[2026-07-06T18:53:07.573+0000] {processor.py:161} INFO - Started process (PID=4437) to work on /opt/airflow/dags/dag_enriquecimento_dados.py
[2026-07-06T18:53:07.574+0000] {processor.py:830} INFO - Processing file /opt/airflow/dags/dag_enriquecimento_dados.py for tasks to queue
[2026-07-06T18:53:07.575+0000] {logging_mixin.py:188} INFO - [2026-07-06T18:53:07.574+0000] {dagbag.py:538} INFO - Filling up the DagBag from /opt/airflow/dags/dag_enriquecimento_dados.py
[2026-07-06T18:53:07.582+0000] {processor.py:840} INFO - DAG(s) 'dag_enriquecimento_dados' retrieved from /opt/airflow/dags/dag_enriquecimento_dados.py
[2026-07-06T18:53:07.603+0000] {logging_mixin.py:188} INFO - [2026-07-06T18:53:07.602+0000] {dag.py:3036} INFO - Sync 1 DAGs
[2026-07-06T18:53:07.615+0000] {logging_mixin.py:188} INFO - [2026-07-06T18:53:07.614+0000] {dag.py:3823} INFO - Setting next_dagrun for dag_enriquecimento_dados to None, run_after=None
[2026-07-06T18:53:07.634+0000] {processor.py:183} INFO - Processing /opt/airflow/dags/dag_enriquecimento_dados.py took 0.063 seconds
[2026-07-06T18:53:37.775+0000] {processor.py:161} INFO - Started process (PID=4452) to work on /opt/airflow/dags/dag_enriquecimento_dados.py
[2026-07-06T18:53:37.776+0000] {processor.py:830} INFO - Processing file /opt/airflow/dags/dag_enriquecimento_dados.py for tasks to queue
[2026-07-06T18:53:37.776+0000] {logging_mixin.py:188} INFO - [2026-07-06T18:53:37.776+0000] {dagbag.py:538} INFO - Filling up the DagBag from /opt/airflow/dags/dag_enriquecimento_dados.py
[2026-07-06T18:53:37.785+0000] {processor.py:840} INFO - DAG(s) 'dag_enriquecimento_dados' retrieved from /opt/airflow/dags/dag_enriquecimento_dados.py
[2026-07-06T18:53:37.806+0000] {logging_mixin.py:188} INFO - [2026-07-06T18:53:37.806+0000] {dag.py:3036} INFO - Sync 1 DAGs
[2026-07-06T18:53:37.818+0000] {logging_mixin.py:188} INFO - [2026-07-06T18:53:37.818+0000] {dag.py:3823} INFO - Setting next_dagrun for dag_enriquecimento_dados to None, run_after=None
[2026-07-06T18:53:37.836+0000] {processor.py:183} INFO - Processing /opt/airflow/dags/dag_enriquecimento_dados.py took 0.064 seconds
[2026-07-06T18:54:07.971+0000] {processor.py:161} INFO - Started process (PID=4467) to work on /opt/airflow/dags/dag_enriquecimento_dados.py
[2026-07-06T18:54:07.972+0000] {processor.py:830} INFO - Processing file /opt/airflow/dags/dag_enriquecimento_dados.py for tasks to queue
[2026-07-06T18:54:07.973+0000] {logging_mixin.py:188} INFO - [2026-07-06T18:54:07.973+0000] {dagbag.py:538} INFO - Filling up the DagBag from /opt/airflow/dags/dag_enriquecimento_dados.py
[2026-07-06T18:54:07.981+0000] {processor.py:840} INFO - DAG(s) 'dag_enriquecimento_dados' retrieved from /opt/airflow/dags/dag_enriquecimento_dados.py
[2026-07-06T18:54:08.003+0000] {logging_mixin.py:188} INFO - [2026-07-06T18:54:08.003+0000] {dag.py:3036} INFO - Sync 1 DAGs
[2026-07-06T18:54:08.015+0000] {logging_mixin.py:188} INFO - [2026-07-06T18:54:08.015+0000] {dag.py:3823} INFO - Setting next_dagrun for dag_enriquecimento_dados to None, run_after=None
[2026-07-06T18:54:08.033+0000] {processor.py:183} INFO - Processing /opt/airflow/dags/dag_enriquecimento_dados.py took 0.065 seconds
[2026-07-06T18:54:38.174+0000] {processor.py:161} INFO - Started process (PID=4482) to work on /opt/airflow/dags/dag_enriquecimento_dados.py
[2026-07-06T18:54:38.174+0000] {processor.py:830} INFO - Processing file /opt/airflow/dags/dag_enriquecimento_dados.py for tasks to queue
[2026-07-06T18:54:38.175+0000] {logging_mixin.py:188} INFO - [2026-07-06T18:54:38.175+0000] {dagbag.py:538} INFO - Filling up the DagBag from /opt/airflow/dags/dag_enriquecimento_dados.py
[2026-07-06T18:54:38.182+0000] {processor.py:840} INFO - DAG(s) 'dag_enriquecimento_dados' retrieved from /opt/airflow/dags/dag_enriquecimento_dados.py
[2026-07-06T18:54:38.203+0000] {logging_mixin.py:188} INFO - [2026-07-06T18:54:38.203+0000] {dag.py:3036} INFO - Sync 1 DAGs
[2026-07-06T18:54:38.214+0000] {logging_mixin.py:188} INFO - [2026-07-06T18:54:38.214+0000] {dag.py:3823} INFO - Setting next_dagrun for dag_enriquecimento_dados to None, run_after=None
[2026-07-06T18:54:38.232+0000] {processor.py:183} INFO - Processing /opt/airflow/dags/dag_enriquecimento_dados.py took 0.061 seconds
[2026-07-06T18:55:08.373+0000] {processor.py:161} INFO - Started process (PID=4497) to work on /opt/airflow/dags/dag_enriquecimento_dados.py
[2026-07-06T18:55:08.374+0000] {processor.py:830} INFO - Processing file /opt/airflow/dags/dag_enriquecimento_dados.py for tasks to queue
[2026-07-06T18:55:08.374+0000] {logging_mixin.py:188} INFO - [2026-07-06T18:55:08.374+0000] {dagbag.py:538} INFO - Filling up the DagBag from /opt/airflow/dags/dag_enriquecimento_dados.py
[2026-07-06T18:55:08.382+0000] {processor.py:840} INFO - DAG(s) 'dag_enriquecimento_dados' retrieved from /opt/airflow/dags/dag_enriquecimento_dados.py
[2026-07-06T18:55:08.403+0000] {logging_mixin.py:188} INFO - [2026-07-06T18:55:08.403+0000] {dag.py:3036} INFO - Sync 1 DAGs
[2026-07-06T18:55:08.414+0000] {logging_mixin.py:188} INFO - [2026-07-06T18:55:08.414+0000] {dag.py:3823} INFO - Setting next_dagrun for dag_enriquecimento_dados to None, run_after=None
[2026-07-06T18:55:08.431+0000] {processor.py:183} INFO - Processing /opt/airflow/dags/dag_enriquecimento_dados.py took 0.061 seconds
[2026-07-06T18:55:38.566+0000] {processor.py:161} INFO - Started process (PID=4512) to work on /opt/airflow/dags/dag_enriquecimento_dados.py
[2026-07-06T18:55:38.567+0000] {processor.py:830} INFO - Processing file /opt/airflow/dags/dag_enriquecimento_dados.py for tasks to queue
[2026-07-06T18:55:38.567+0000] {logging_mixin.py:188} INFO - [2026-07-06T18:55:38.567+0000] {dagbag.py:538} INFO - Filling up the DagBag from /opt/airflow/dags/dag_enriquecimento_dados.py
[2026-07-06T18:55:38.575+0000] {processor.py:840} INFO - DAG(s) 'dag_enriquecimento_dados' retrieved from /opt/airflow/dags/dag_enriquecimento_dados.py
[2026-07-06T18:55:38.596+0000] {logging_mixin.py:188} INFO - [2026-07-06T18:55:38.596+0000] {dag.py:3036} INFO - Sync 1 DAGs
[2026-07-06T18:55:38.608+0000] {logging_mixin.py:188} INFO - [2026-07-06T18:55:38.608+0000] {dag.py:3823} INFO - Setting next_dagrun for dag_enriquecimento_dados to None, run_after=None
[2026-07-06T18:55:38.626+0000] {processor.py:183} INFO - Processing /opt/airflow/dags/dag_enriquecimento_dados.py took 0.063 seconds
[2026-07-06T18:56:08.768+0000] {processor.py:161} INFO - Started process (PID=4527) to work on /opt/airflow/dags/dag_enriquecimento_dados.py
[2026-07-06T18:56:08.769+0000] {processor.py:830} INFO - Processing file /opt/airflow/dags/dag_enriquecimento_dados.py for tasks to queue
[2026-07-06T18:56:08.770+0000] {logging_mixin.py:188} INFO - [2026-07-06T18:56:08.769+0000] {dagbag.py:538} INFO - Filling up the DagBag from /opt/airflow/dags/dag_enriquecimento_dados.py
[2026-07-06T18:56:08.778+0000] {processor.py:840} INFO - DAG(s) 'dag_enriquecimento_dados' retrieved from /opt/airflow/dags/dag_enriquecimento_dados.py
[2026-07-06T18:56:08.800+0000] {logging_mixin.py:188} INFO - [2026-07-06T18:56:08.800+0000] {dag.py:3036} INFO - Sync 1 DAGs
[2026-07-06T18:56:08.812+0000] {logging_mixin.py:188} INFO - [2026-07-06T18:56:08.812+0000] {dag.py:3823} INFO - Setting next_dagrun for dag_enriquecimento_dados to None, run_after=None
[2026-07-06T18:56:08.830+0000] {processor.py:183} INFO - Processing /opt/airflow/dags/dag_enriquecimento_dados.py took 0.065 seconds
[2026-07-06T18:56:38.968+0000] {processor.py:161} INFO - Started process (PID=4542) to work on /opt/airflow/dags/dag_enriquecimento_dados.py
[2026-07-06T18:56:38.968+0000] {processor.py:830} INFO - Processing file /opt/airflow/dags/dag_enriquecimento_dados.py for tasks to queue
[2026-07-06T18:56:38.969+0000] {logging_mixin.py:188} INFO - [2026-07-06T18:56:38.969+0000] {dagbag.py:538} INFO - Filling up the DagBag from /opt/airflow/dags/dag_enriquecimento_dados.py
[2026-07-06T18:56:38.977+0000] {processor.py:840} INFO - DAG(s) 'dag_enriquecimento_dados' retrieved from /opt/airflow/dags/dag_enriquecimento_dados.py
[2026-07-06T18:56:38.999+0000] {logging_mixin.py:188} INFO - [2026-07-06T18:56:38.999+0000] {dag.py:3036} INFO - Sync 1 DAGs
[2026-07-06T18:56:39.011+0000] {logging_mixin.py:188} INFO - [2026-07-06T18:56:39.011+0000] {dag.py:3823} INFO - Setting next_dagrun for dag_enriquecimento_dados to None, run_after=None
[2026-07-06T18:56:39.030+0000] {processor.py:183} INFO - Processing /opt/airflow/dags/dag_enriquecimento_dados.py took 0.065 seconds
[2026-07-06T18:57:09.169+0000] {processor.py:161} INFO - Started process (PID=4557) to work on /opt/airflow/dags/dag_enriquecimento_dados.py
[2026-07-06T18:57:09.170+0000] {processor.py:830} INFO - Processing file /opt/airflow/dags/dag_enriquecimento_dados.py for tasks to queue
[2026-07-06T18:57:09.171+0000] {logging_mixin.py:188} INFO - [2026-07-06T18:57:09.170+0000] {dagbag.py:538} INFO - Filling up the DagBag from /opt/airflow/dags/dag_enriquecimento_dados.py
[2026-07-06T18:57:09.179+0000] {processor.py:840} INFO - DAG(s) 'dag_enriquecimento_dados' retrieved from /opt/airflow/dags/dag_enriquecimento_dados.py
[2026-07-06T18:57:09.201+0000] {logging_mixin.py:188} INFO - [2026-07-06T18:57:09.201+0000] {dag.py:3036} INFO - Sync 1 DAGs
[2026-07-06T18:57:09.213+0000] {logging_mixin.py:188} INFO - [2026-07-06T18:57:09.212+0000] {dag.py:3823} INFO - Setting next_dagrun for dag_enriquecimento_dados to None, run_after=None
[2026-07-06T18:57:09.229+0000] {processor.py:183} INFO - Processing /opt/airflow/dags/dag_enriquecimento_dados.py took 0.062 seconds
[2026-07-06T18:57:39.371+0000] {processor.py:161} INFO - Started process (PID=4572) to work on /opt/airflow/dags/dag_enriquecimento_dados.py
[2026-07-06T18:57:39.372+0000] {processor.py:830} INFO - Processing file /opt/airflow/dags/dag_enriquecimento_dados.py for tasks to queue
[2026-07-06T18:57:39.372+0000] {logging_mixin.py:188} INFO - [2026-07-06T18:57:39.372+0000] {dagbag.py:538} INFO - Filling up the DagBag from /opt/airflow/dags/dag_enriquecimento_dados.py
[2026-07-06T18:57:39.381+0000] {processor.py:840} INFO - DAG(s) 'dag_enriquecimento_dados' retrieved from /opt/airflow/dags/dag_enriquecimento_dados.py
[2026-07-06T18:57:39.404+0000] {logging_mixin.py:188} INFO - [2026-07-06T18:57:39.404+0000] {dag.py:3036} INFO - Sync 1 DAGs
[2026-07-06T18:57:39.417+0000] {logging_mixin.py:188} INFO - [2026-07-06T18:57:39.417+0000] {dag.py:3823} INFO - Setting next_dagrun for dag_enriquecimento_dados to None, run_after=None
[2026-07-06T18:57:39.432+0000] {processor.py:183} INFO - Processing /opt/airflow/dags/dag_enriquecimento_dados.py took 0.064 seconds
[2026-07-06T18:58:09.568+0000] {processor.py:161} INFO - Started process (PID=4587) to work on /opt/airflow/dags/dag_enriquecimento_dados.py
[2026-07-06T18:58:09.569+0000] {processor.py:830} INFO - Processing file /opt/airflow/dags/dag_enriquecimento_dados.py for tasks to queue
[2026-07-06T18:58:09.570+0000] {logging_mixin.py:188} INFO - [2026-07-06T18:58:09.570+0000] {dagbag.py:538} INFO - Filling up the DagBag from /opt/airflow/dags/dag_enriquecimento_dados.py
[2026-07-06T18:58:09.578+0000] {processor.py:840} INFO - DAG(s) 'dag_enriquecimento_dados' retrieved from /opt/airflow/dags/dag_enriquecimento_dados.py
[2026-07-06T18:58:09.597+0000] {logging_mixin.py:188} INFO - [2026-07-06T18:58:09.597+0000] {dag.py:3036} INFO - Sync 1 DAGs
[2026-07-06T18:58:09.608+0000] {logging_mixin.py:188} INFO - [2026-07-06T18:58:09.608+0000] {dag.py:3823} INFO - Setting next_dagrun for dag_enriquecimento_dados to None, run_after=None
[2026-07-06T18:58:09.624+0000] {processor.py:183} INFO - Processing /opt/airflow/dags/dag_enriquecimento_dados.py took 0.059 seconds
[2026-07-06T18:58:39.766+0000] {processor.py:161} INFO - Started process (PID=4602) to work on /opt/airflow/dags/dag_enriquecimento_dados.py
[2026-07-06T18:58:39.766+0000] {processor.py:830} INFO - Processing file /opt/airflow/dags/dag_enriquecimento_dados.py for tasks to queue
[2026-07-06T18:58:39.767+0000] {logging_mixin.py:188} INFO - [2026-07-06T18:58:39.767+0000] {dagbag.py:538} INFO - Filling up the DagBag from /opt/airflow/dags/dag_enriquecimento_dados.py
[2026-07-06T18:58:39.775+0000] {processor.py:840} INFO - DAG(s) 'dag_enriquecimento_dados' retrieved from /opt/airflow/dags/dag_enriquecimento_dados.py
[2026-07-06T18:58:39.797+0000] {logging_mixin.py:188} INFO - [2026-07-06T18:58:39.797+0000] {dag.py:3036} INFO - Sync 1 DAGs
[2026-07-06T18:58:39.810+0000] {logging_mixin.py:188} INFO - [2026-07-06T18:58:39.809+0000] {dag.py:3823} INFO - Setting next_dagrun for dag_enriquecimento_dados to None, run_after=None
[2026-07-06T18:58:39.829+0000] {processor.py:183} INFO - Processing /opt/airflow/dags/dag_enriquecimento_dados.py took 0.066 seconds
[2026-07-06T18:59:09.969+0000] {processor.py:161} INFO - Started process (PID=4617) to work on /opt/airflow/dags/dag_enriquecimento_dados.py
[2026-07-06T18:59:09.970+0000] {processor.py:830} INFO - Processing file /opt/airflow/dags/dag_enriquecimento_dados.py for tasks to queue
[2026-07-06T18:59:09.970+0000] {logging_mixin.py:188} INFO - [2026-07-06T18:59:09.970+0000] {dagbag.py:538} INFO - Filling up the DagBag from /opt/airflow/dags/dag_enriquecimento_dados.py
[2026-07-06T18:59:09.978+0000] {processor.py:840} INFO - DAG(s) 'dag_enriquecimento_dados' retrieved from /opt/airflow/dags/dag_enriquecimento_dados.py
[2026-07-06T18:59:10.000+0000] {logging_mixin.py:188} INFO - [2026-07-06T18:59:10.000+0000] {dag.py:3036} INFO - Sync 1 DAGs
[2026-07-06T18:59:10.011+0000] {logging_mixin.py:188} INFO - [2026-07-06T18:59:10.011+0000] {dag.py:3823} INFO - Setting next_dagrun for dag_enriquecimento_dados to None, run_after=None
[2026-07-06T18:59:10.029+0000] {processor.py:183} INFO - Processing /opt/airflow/dags/dag_enriquecimento_dados.py took 0.063 seconds
[2026-07-06T18:59:40.168+0000] {processor.py:161} INFO - Started process (PID=4632) to work on /opt/airflow/dags/dag_enriquecimento_dados.py
[2026-07-06T18:59:40.169+0000] {processor.py:830} INFO - Processing file /opt/airflow/dags/dag_enriquecimento_dados.py for tasks to queue
[2026-07-06T18:59:40.170+0000] {logging_mixin.py:188} INFO - [2026-07-06T18:59:40.169+0000] {dagbag.py:538} INFO - Filling up the DagBag from /opt/airflow/dags/dag_enriquecimento_dados.py
[2026-07-06T18:59:40.178+0000] {processor.py:840} INFO - DAG(s) 'dag_enriquecimento_dados' retrieved from /opt/airflow/dags/dag_enriquecimento_dados.py
[2026-07-06T18:59:40.198+0000] {logging_mixin.py:188} INFO - [2026-07-06T18:59:40.198+0000] {dag.py:3036} INFO - Sync 1 DAGs
[2026-07-06T18:59:40.209+0000] {logging_mixin.py:188} INFO - [2026-07-06T18:59:40.209+0000] {dag.py:3823} INFO - Setting next_dagrun for dag_enriquecimento_dados to None, run_after=None
[2026-07-06T18:59:40.227+0000] {processor.py:183} INFO - Processing /opt/airflow/dags/dag_enriquecimento_dados.py took 0.061 seconds
