[2026-07-06T15:28:23.802+0000] {processor.py:161} INFO - Started process (PID=1268) to work on /opt/airflow/dags/dag_etl_camara_diario.py
[2026-07-06T15:28:23.803+0000] {processor.py:830} INFO - Processing file /opt/airflow/dags/dag_etl_camara_diario.py for tasks to queue
[2026-07-06T15:28:23.804+0000] {logging_mixin.py:188} INFO - [2026-07-06T15:28:23.803+0000] {dagbag.py:538} INFO - Filling up the DagBag from /opt/airflow/dags/dag_etl_camara_diario.py
[2026-07-06T15:28:23.812+0000] {processor.py:840} INFO - DAG(s) 'dag_etl_camara_diario' retrieved from /opt/airflow/dags/dag_etl_camara_diario.py
[2026-07-06T15:28:23.979+0000] {logging_mixin.py:188} INFO - [2026-07-06T15:28:23.978+0000] {override.py:1769} INFO - Created Permission View: can delete on DAG:dag_etl_camara_diario
[2026-07-06T15:28:23.986+0000] {logging_mixin.py:188} INFO - [2026-07-06T15:28:23.986+0000] {override.py:1769} INFO - Created Permission View: can read on DAG:dag_etl_camara_diario
[2026-07-06T15:28:23.990+0000] {logging_mixin.py:188} INFO - [2026-07-06T15:28:23.990+0000] {override.py:1769} INFO - Created Permission View: can edit on DAG:dag_etl_camara_diario
[2026-07-06T15:28:23.991+0000] {logging_mixin.py:188} INFO - [2026-07-06T15:28:23.991+0000] {dag.py:3036} INFO - Sync 1 DAGs
[2026-07-06T15:28:23.999+0000] {logging_mixin.py:188} INFO - [2026-07-06T15:28:23.999+0000] {dag.py:3058} INFO - Creating ORM DAG for dag_etl_camara_diario
[2026-07-06T15:28:24.008+0000] {logging_mixin.py:188} INFO - [2026-07-06T15:28:24.008+0000] {dag.py:3823} INFO - Setting next_dagrun for dag_etl_camara_diario to 2026-07-05 03:00:00+00:00, run_after=2026-07-06 03:00:00+00:00
[2026-07-06T15:28:24.023+0000] {processor.py:183} INFO - Processing /opt/airflow/dags/dag_etl_camara_diario.py took 0.224 seconds
[2026-07-06T15:28:54.944+0000] {processor.py:161} INFO - Started process (PID=1278) to work on /opt/airflow/dags/dag_etl_camara_diario.py
[2026-07-06T15:28:54.945+0000] {processor.py:830} INFO - Processing file /opt/airflow/dags/dag_etl_camara_diario.py for tasks to queue
[2026-07-06T15:28:54.946+0000] {logging_mixin.py:188} INFO - [2026-07-06T15:28:54.946+0000] {dagbag.py:538} INFO - Filling up the DagBag from /opt/airflow/dags/dag_etl_camara_diario.py
[2026-07-06T15:28:54.958+0000] {processor.py:840} INFO - DAG(s) 'dag_etl_camara_diario' retrieved from /opt/airflow/dags/dag_etl_camara_diario.py
[2026-07-06T15:28:54.984+0000] {logging_mixin.py:188} INFO - [2026-07-06T15:28:54.984+0000] {dag.py:3036} INFO - Sync 1 DAGs
[2026-07-06T15:28:55.005+0000] {logging_mixin.py:188} INFO - [2026-07-06T15:28:55.004+0000] {dag.py:3823} INFO - Setting next_dagrun for dag_etl_camara_diario to 2026-07-05 03:00:00+00:00, run_after=2026-07-06 03:00:00+00:00
[2026-07-06T15:28:55.021+0000] {processor.py:183} INFO - Processing /opt/airflow/dags/dag_etl_camara_diario.py took 0.081 seconds
[2026-07-06T15:29:25.131+0000] {processor.py:161} INFO - Started process (PID=1288) to work on /opt/airflow/dags/dag_etl_camara_diario.py
[2026-07-06T15:29:25.132+0000] {processor.py:830} INFO - Processing file /opt/airflow/dags/dag_etl_camara_diario.py for tasks to queue
[2026-07-06T15:29:25.133+0000] {logging_mixin.py:188} INFO - [2026-07-06T15:29:25.132+0000] {dagbag.py:538} INFO - Filling up the DagBag from /opt/airflow/dags/dag_etl_camara_diario.py
[2026-07-06T15:29:25.142+0000] {processor.py:840} INFO - DAG(s) 'dag_etl_camara_diario' retrieved from /opt/airflow/dags/dag_etl_camara_diario.py
[2026-07-06T15:29:25.162+0000] {logging_mixin.py:188} INFO - [2026-07-06T15:29:25.162+0000] {dag.py:3036} INFO - Sync 1 DAGs
[2026-07-06T15:29:25.184+0000] {logging_mixin.py:188} INFO - [2026-07-06T15:29:25.183+0000] {dag.py:3823} INFO - Setting next_dagrun for dag_etl_camara_diario to 2026-07-05 03:00:00+00:00, run_after=2026-07-06 03:00:00+00:00
[2026-07-06T15:29:25.201+0000] {processor.py:183} INFO - Processing /opt/airflow/dags/dag_etl_camara_diario.py took 0.073 seconds
[2026-07-06T15:29:55.311+0000] {processor.py:161} INFO - Started process (PID=1298) to work on /opt/airflow/dags/dag_etl_camara_diario.py
[2026-07-06T15:29:55.312+0000] {processor.py:830} INFO - Processing file /opt/airflow/dags/dag_etl_camara_diario.py for tasks to queue
[2026-07-06T15:29:55.312+0000] {logging_mixin.py:188} INFO - [2026-07-06T15:29:55.312+0000] {dagbag.py:538} INFO - Filling up the DagBag from /opt/airflow/dags/dag_etl_camara_diario.py
[2026-07-06T15:29:55.321+0000] {processor.py:840} INFO - DAG(s) 'dag_etl_camara_diario' retrieved from /opt/airflow/dags/dag_etl_camara_diario.py
[2026-07-06T15:29:55.341+0000] {logging_mixin.py:188} INFO - [2026-07-06T15:29:55.341+0000] {dag.py:3036} INFO - Sync 1 DAGs
[2026-07-06T15:29:55.362+0000] {logging_mixin.py:188} INFO - [2026-07-06T15:29:55.361+0000] {dag.py:3823} INFO - Setting next_dagrun for dag_etl_camara_diario to 2026-07-05 03:00:00+00:00, run_after=2026-07-06 03:00:00+00:00
[2026-07-06T15:29:55.378+0000] {processor.py:183} INFO - Processing /opt/airflow/dags/dag_etl_camara_diario.py took 0.070 seconds
[2026-07-06T15:30:25.480+0000] {processor.py:161} INFO - Started process (PID=1308) to work on /opt/airflow/dags/dag_etl_camara_diario.py
[2026-07-06T15:30:25.481+0000] {processor.py:830} INFO - Processing file /opt/airflow/dags/dag_etl_camara_diario.py for tasks to queue
[2026-07-06T15:30:25.482+0000] {logging_mixin.py:188} INFO - [2026-07-06T15:30:25.482+0000] {dagbag.py:538} INFO - Filling up the DagBag from /opt/airflow/dags/dag_etl_camara_diario.py
[2026-07-06T15:30:25.491+0000] {processor.py:840} INFO - DAG(s) 'dag_etl_camara_diario' retrieved from /opt/airflow/dags/dag_etl_camara_diario.py
[2026-07-06T15:30:25.512+0000] {logging_mixin.py:188} INFO - [2026-07-06T15:30:25.512+0000] {dag.py:3036} INFO - Sync 1 DAGs
[2026-07-06T15:30:25.532+0000] {logging_mixin.py:188} INFO - [2026-07-06T15:30:25.532+0000] {dag.py:3823} INFO - Setting next_dagrun for dag_etl_camara_diario to 2026-07-05 03:00:00+00:00, run_after=2026-07-06 03:00:00+00:00
[2026-07-06T15:30:25.548+0000] {processor.py:183} INFO - Processing /opt/airflow/dags/dag_etl_camara_diario.py took 0.071 seconds
[2026-07-06T15:30:55.658+0000] {processor.py:161} INFO - Started process (PID=1318) to work on /opt/airflow/dags/dag_etl_camara_diario.py
[2026-07-06T15:30:55.659+0000] {processor.py:830} INFO - Processing file /opt/airflow/dags/dag_etl_camara_diario.py for tasks to queue
[2026-07-06T15:30:55.660+0000] {logging_mixin.py:188} INFO - [2026-07-06T15:30:55.659+0000] {dagbag.py:538} INFO - Filling up the DagBag from /opt/airflow/dags/dag_etl_camara_diario.py
[2026-07-06T15:30:55.669+0000] {processor.py:840} INFO - DAG(s) 'dag_etl_camara_diario' retrieved from /opt/airflow/dags/dag_etl_camara_diario.py
[2026-07-06T15:30:55.690+0000] {logging_mixin.py:188} INFO - [2026-07-06T15:30:55.690+0000] {dag.py:3036} INFO - Sync 1 DAGs
[2026-07-06T15:30:55.711+0000] {logging_mixin.py:188} INFO - [2026-07-06T15:30:55.710+0000] {dag.py:3823} INFO - Setting next_dagrun for dag_etl_camara_diario to 2026-07-05 03:00:00+00:00, run_after=2026-07-06 03:00:00+00:00
[2026-07-06T15:30:55.726+0000] {processor.py:183} INFO - Processing /opt/airflow/dags/dag_etl_camara_diario.py took 0.071 seconds
[2026-07-06T15:31:25.828+0000] {processor.py:161} INFO - Started process (PID=1328) to work on /opt/airflow/dags/dag_etl_camara_diario.py
[2026-07-06T15:31:25.829+0000] {processor.py:830} INFO - Processing file /opt/airflow/dags/dag_etl_camara_diario.py for tasks to queue
[2026-07-06T15:31:25.829+0000] {logging_mixin.py:188} INFO - [2026-07-06T15:31:25.829+0000] {dagbag.py:538} INFO - Filling up the DagBag from /opt/airflow/dags/dag_etl_camara_diario.py
[2026-07-06T15:31:25.838+0000] {processor.py:840} INFO - DAG(s) 'dag_etl_camara_diario' retrieved from /opt/airflow/dags/dag_etl_camara_diario.py
[2026-07-06T15:31:25.858+0000] {logging_mixin.py:188} INFO - [2026-07-06T15:31:25.857+0000] {dag.py:3036} INFO - Sync 1 DAGs
[2026-07-06T15:31:25.879+0000] {logging_mixin.py:188} INFO - [2026-07-06T15:31:25.879+0000] {dag.py:3823} INFO - Setting next_dagrun for dag_etl_camara_diario to 2026-07-05 03:00:00+00:00, run_after=2026-07-06 03:00:00+00:00
[2026-07-06T15:31:25.891+0000] {processor.py:183} INFO - Processing /opt/airflow/dags/dag_etl_camara_diario.py took 0.066 seconds
[2026-07-06T15:31:56.000+0000] {processor.py:161} INFO - Started process (PID=1338) to work on /opt/airflow/dags/dag_etl_camara_diario.py
[2026-07-06T15:31:56.001+0000] {processor.py:830} INFO - Processing file /opt/airflow/dags/dag_etl_camara_diario.py for tasks to queue
[2026-07-06T15:31:56.001+0000] {logging_mixin.py:188} INFO - [2026-07-06T15:31:56.001+0000] {dagbag.py:538} INFO - Filling up the DagBag from /opt/airflow/dags/dag_etl_camara_diario.py
[2026-07-06T15:31:56.010+0000] {processor.py:840} INFO - DAG(s) 'dag_etl_camara_diario' retrieved from /opt/airflow/dags/dag_etl_camara_diario.py
[2026-07-06T15:31:56.031+0000] {logging_mixin.py:188} INFO - [2026-07-06T15:31:56.031+0000] {dag.py:3036} INFO - Sync 1 DAGs
[2026-07-06T15:31:56.050+0000] {logging_mixin.py:188} INFO - [2026-07-06T15:31:56.050+0000] {dag.py:3823} INFO - Setting next_dagrun for dag_etl_camara_diario to 2026-07-05 03:00:00+00:00, run_after=2026-07-06 03:00:00+00:00
[2026-07-06T15:31:56.066+0000] {processor.py:183} INFO - Processing /opt/airflow/dags/dag_etl_camara_diario.py took 0.070 seconds
[2026-07-06T15:32:26.169+0000] {processor.py:161} INFO - Started process (PID=1348) to work on /opt/airflow/dags/dag_etl_camara_diario.py
[2026-07-06T15:32:26.170+0000] {processor.py:830} INFO - Processing file /opt/airflow/dags/dag_etl_camara_diario.py for tasks to queue
[2026-07-06T15:32:26.170+0000] {logging_mixin.py:188} INFO - [2026-07-06T15:32:26.170+0000] {dagbag.py:538} INFO - Filling up the DagBag from /opt/airflow/dags/dag_etl_camara_diario.py
[2026-07-06T15:32:26.179+0000] {processor.py:840} INFO - DAG(s) 'dag_etl_camara_diario' retrieved from /opt/airflow/dags/dag_etl_camara_diario.py
[2026-07-06T15:32:26.200+0000] {logging_mixin.py:188} INFO - [2026-07-06T15:32:26.200+0000] {dag.py:3036} INFO - Sync 1 DAGs
[2026-07-06T15:32:26.222+0000] {logging_mixin.py:188} INFO - [2026-07-06T15:32:26.222+0000] {dag.py:3823} INFO - Setting next_dagrun for dag_etl_camara_diario to 2026-07-05 03:00:00+00:00, run_after=2026-07-06 03:00:00+00:00
[2026-07-06T15:32:26.237+0000] {processor.py:183} INFO - Processing /opt/airflow/dags/dag_etl_camara_diario.py took 0.071 seconds
[2026-07-06T15:32:56.347+0000] {processor.py:161} INFO - Started process (PID=1358) to work on /opt/airflow/dags/dag_etl_camara_diario.py
[2026-07-06T15:32:56.347+0000] {processor.py:830} INFO - Processing file /opt/airflow/dags/dag_etl_camara_diario.py for tasks to queue
[2026-07-06T15:32:56.348+0000] {logging_mixin.py:188} INFO - [2026-07-06T15:32:56.348+0000] {dagbag.py:538} INFO - Filling up the DagBag from /opt/airflow/dags/dag_etl_camara_diario.py
[2026-07-06T15:32:56.357+0000] {processor.py:840} INFO - DAG(s) 'dag_etl_camara_diario' retrieved from /opt/airflow/dags/dag_etl_camara_diario.py
[2026-07-06T15:32:56.379+0000] {logging_mixin.py:188} INFO - [2026-07-06T15:32:56.379+0000] {dag.py:3036} INFO - Sync 1 DAGs
[2026-07-06T15:32:56.401+0000] {logging_mixin.py:188} INFO - [2026-07-06T15:32:56.401+0000] {dag.py:3823} INFO - Setting next_dagrun for dag_etl_camara_diario to 2026-07-05 03:00:00+00:00, run_after=2026-07-06 03:00:00+00:00
[2026-07-06T15:32:56.419+0000] {processor.py:183} INFO - Processing /opt/airflow/dags/dag_etl_camara_diario.py took 0.075 seconds
[2026-07-06T15:33:26.533+0000] {processor.py:161} INFO - Started process (PID=1368) to work on /opt/airflow/dags/dag_etl_camara_diario.py
[2026-07-06T15:33:26.534+0000] {processor.py:830} INFO - Processing file /opt/airflow/dags/dag_etl_camara_diario.py for tasks to queue
[2026-07-06T15:33:26.535+0000] {logging_mixin.py:188} INFO - [2026-07-06T15:33:26.534+0000] {dagbag.py:538} INFO - Filling up the DagBag from /opt/airflow/dags/dag_etl_camara_diario.py
[2026-07-06T15:33:26.545+0000] {processor.py:840} INFO - DAG(s) 'dag_etl_camara_diario' retrieved from /opt/airflow/dags/dag_etl_camara_diario.py
[2026-07-06T15:33:26.567+0000] {logging_mixin.py:188} INFO - [2026-07-06T15:33:26.567+0000] {dag.py:3036} INFO - Sync 1 DAGs
[2026-07-06T15:33:26.590+0000] {logging_mixin.py:188} INFO - [2026-07-06T15:33:26.590+0000] {dag.py:3823} INFO - Setting next_dagrun for dag_etl_camara_diario to 2026-07-05 03:00:00+00:00, run_after=2026-07-06 03:00:00+00:00
[2026-07-06T15:33:26.609+0000] {processor.py:183} INFO - Processing /opt/airflow/dags/dag_etl_camara_diario.py took 0.080 seconds
[2026-07-06T15:33:56.717+0000] {processor.py:161} INFO - Started process (PID=1378) to work on /opt/airflow/dags/dag_etl_camara_diario.py
[2026-07-06T15:33:56.717+0000] {processor.py:830} INFO - Processing file /opt/airflow/dags/dag_etl_camara_diario.py for tasks to queue
[2026-07-06T15:33:56.718+0000] {logging_mixin.py:188} INFO - [2026-07-06T15:33:56.718+0000] {dagbag.py:538} INFO - Filling up the DagBag from /opt/airflow/dags/dag_etl_camara_diario.py
[2026-07-06T15:33:56.727+0000] {processor.py:840} INFO - DAG(s) 'dag_etl_camara_diario' retrieved from /opt/airflow/dags/dag_etl_camara_diario.py
[2026-07-06T15:33:56.749+0000] {logging_mixin.py:188} INFO - [2026-07-06T15:33:56.749+0000] {dag.py:3036} INFO - Sync 1 DAGs
[2026-07-06T15:33:56.772+0000] {logging_mixin.py:188} INFO - [2026-07-06T15:33:56.772+0000] {dag.py:3823} INFO - Setting next_dagrun for dag_etl_camara_diario to 2026-07-05 03:00:00+00:00, run_after=2026-07-06 03:00:00+00:00
[2026-07-06T15:33:56.790+0000] {processor.py:183} INFO - Processing /opt/airflow/dags/dag_etl_camara_diario.py took 0.076 seconds
[2026-07-06T15:34:26.895+0000] {processor.py:161} INFO - Started process (PID=1388) to work on /opt/airflow/dags/dag_etl_camara_diario.py
[2026-07-06T15:34:26.896+0000] {processor.py:830} INFO - Processing file /opt/airflow/dags/dag_etl_camara_diario.py for tasks to queue
[2026-07-06T15:34:26.896+0000] {logging_mixin.py:188} INFO - [2026-07-06T15:34:26.896+0000] {dagbag.py:538} INFO - Filling up the DagBag from /opt/airflow/dags/dag_etl_camara_diario.py
[2026-07-06T15:34:26.904+0000] {processor.py:840} INFO - DAG(s) 'dag_etl_camara_diario' retrieved from /opt/airflow/dags/dag_etl_camara_diario.py
[2026-07-06T15:34:26.924+0000] {logging_mixin.py:188} INFO - [2026-07-06T15:34:26.924+0000] {dag.py:3036} INFO - Sync 1 DAGs
[2026-07-06T15:34:26.945+0000] {logging_mixin.py:188} INFO - [2026-07-06T15:34:26.944+0000] {dag.py:3823} INFO - Setting next_dagrun for dag_etl_camara_diario to 2026-07-05 03:00:00+00:00, run_after=2026-07-06 03:00:00+00:00
[2026-07-06T15:34:26.960+0000] {processor.py:183} INFO - Processing /opt/airflow/dags/dag_etl_camara_diario.py took 0.068 seconds
[2026-07-06T15:34:57.071+0000] {processor.py:161} INFO - Started process (PID=1398) to work on /opt/airflow/dags/dag_etl_camara_diario.py
[2026-07-06T15:34:57.072+0000] {processor.py:830} INFO - Processing file /opt/airflow/dags/dag_etl_camara_diario.py for tasks to queue
[2026-07-06T15:34:57.072+0000] {logging_mixin.py:188} INFO - [2026-07-06T15:34:57.072+0000] {dagbag.py:538} INFO - Filling up the DagBag from /opt/airflow/dags/dag_etl_camara_diario.py
[2026-07-06T15:34:57.084+0000] {processor.py:840} INFO - DAG(s) 'dag_etl_camara_diario' retrieved from /opt/airflow/dags/dag_etl_camara_diario.py
[2026-07-06T15:34:57.106+0000] {logging_mixin.py:188} INFO - [2026-07-06T15:34:57.106+0000] {dag.py:3036} INFO - Sync 1 DAGs
[2026-07-06T15:34:57.129+0000] {logging_mixin.py:188} INFO - [2026-07-06T15:34:57.129+0000] {dag.py:3823} INFO - Setting next_dagrun for dag_etl_camara_diario to 2026-07-05 03:00:00+00:00, run_after=2026-07-06 03:00:00+00:00
[2026-07-06T15:34:57.150+0000] {processor.py:183} INFO - Processing /opt/airflow/dags/dag_etl_camara_diario.py took 0.081 seconds
[2026-07-06T15:35:27.262+0000] {processor.py:161} INFO - Started process (PID=1408) to work on /opt/airflow/dags/dag_etl_camara_diario.py
[2026-07-06T15:35:27.263+0000] {processor.py:830} INFO - Processing file /opt/airflow/dags/dag_etl_camara_diario.py for tasks to queue
[2026-07-06T15:35:27.263+0000] {logging_mixin.py:188} INFO - [2026-07-06T15:35:27.263+0000] {dagbag.py:538} INFO - Filling up the DagBag from /opt/airflow/dags/dag_etl_camara_diario.py
[2026-07-06T15:35:27.272+0000] {processor.py:840} INFO - DAG(s) 'dag_etl_camara_diario' retrieved from /opt/airflow/dags/dag_etl_camara_diario.py
[2026-07-06T15:35:27.293+0000] {logging_mixin.py:188} INFO - [2026-07-06T15:35:27.293+0000] {dag.py:3036} INFO - Sync 1 DAGs
[2026-07-06T15:35:27.314+0000] {logging_mixin.py:188} INFO - [2026-07-06T15:35:27.313+0000] {dag.py:3823} INFO - Setting next_dagrun for dag_etl_camara_diario to 2026-07-05 03:00:00+00:00, run_after=2026-07-06 03:00:00+00:00
[2026-07-06T15:35:27.329+0000] {processor.py:183} INFO - Processing /opt/airflow/dags/dag_etl_camara_diario.py took 0.070 seconds
[2026-07-06T15:35:57.448+0000] {processor.py:161} INFO - Started process (PID=1418) to work on /opt/airflow/dags/dag_etl_camara_diario.py
[2026-07-06T15:35:57.448+0000] {processor.py:830} INFO - Processing file /opt/airflow/dags/dag_etl_camara_diario.py for tasks to queue
[2026-07-06T15:35:57.449+0000] {logging_mixin.py:188} INFO - [2026-07-06T15:35:57.449+0000] {dagbag.py:538} INFO - Filling up the DagBag from /opt/airflow/dags/dag_etl_camara_diario.py
[2026-07-06T15:35:57.457+0000] {processor.py:840} INFO - DAG(s) 'dag_etl_camara_diario' retrieved from /opt/airflow/dags/dag_etl_camara_diario.py
[2026-07-06T15:35:57.478+0000] {logging_mixin.py:188} INFO - [2026-07-06T15:35:57.477+0000] {dag.py:3036} INFO - Sync 1 DAGs
[2026-07-06T15:35:57.497+0000] {logging_mixin.py:188} INFO - [2026-07-06T15:35:57.496+0000] {dag.py:3823} INFO - Setting next_dagrun for dag_etl_camara_diario to 2026-07-05 03:00:00+00:00, run_after=2026-07-06 03:00:00+00:00
[2026-07-06T15:35:57.512+0000] {processor.py:183} INFO - Processing /opt/airflow/dags/dag_etl_camara_diario.py took 0.068 seconds
[2026-07-06T15:36:27.626+0000] {processor.py:161} INFO - Started process (PID=1428) to work on /opt/airflow/dags/dag_etl_camara_diario.py
[2026-07-06T15:36:27.627+0000] {processor.py:830} INFO - Processing file /opt/airflow/dags/dag_etl_camara_diario.py for tasks to queue
[2026-07-06T15:36:27.627+0000] {logging_mixin.py:188} INFO - [2026-07-06T15:36:27.627+0000] {dagbag.py:538} INFO - Filling up the DagBag from /opt/airflow/dags/dag_etl_camara_diario.py
[2026-07-06T15:36:27.637+0000] {processor.py:840} INFO - DAG(s) 'dag_etl_camara_diario' retrieved from /opt/airflow/dags/dag_etl_camara_diario.py
[2026-07-06T15:36:27.659+0000] {logging_mixin.py:188} INFO - [2026-07-06T15:36:27.659+0000] {dag.py:3036} INFO - Sync 1 DAGs
[2026-07-06T15:36:27.680+0000] {logging_mixin.py:188} INFO - [2026-07-06T15:36:27.679+0000] {dag.py:3823} INFO - Setting next_dagrun for dag_etl_camara_diario to 2026-07-05 03:00:00+00:00, run_after=2026-07-06 03:00:00+00:00
[2026-07-06T15:36:27.695+0000] {processor.py:183} INFO - Processing /opt/airflow/dags/dag_etl_camara_diario.py took 0.071 seconds
[2026-07-06T15:36:57.801+0000] {processor.py:161} INFO - Started process (PID=1438) to work on /opt/airflow/dags/dag_etl_camara_diario.py
[2026-07-06T15:36:57.802+0000] {processor.py:830} INFO - Processing file /opt/airflow/dags/dag_etl_camara_diario.py for tasks to queue
[2026-07-06T15:36:57.802+0000] {logging_mixin.py:188} INFO - [2026-07-06T15:36:57.802+0000] {dagbag.py:538} INFO - Filling up the DagBag from /opt/airflow/dags/dag_etl_camara_diario.py
[2026-07-06T15:36:57.810+0000] {processor.py:840} INFO - DAG(s) 'dag_etl_camara_diario' retrieved from /opt/airflow/dags/dag_etl_camara_diario.py
[2026-07-06T15:36:57.831+0000] {logging_mixin.py:188} INFO - [2026-07-06T15:36:57.831+0000] {dag.py:3036} INFO - Sync 1 DAGs
[2026-07-06T15:36:57.853+0000] {logging_mixin.py:188} INFO - [2026-07-06T15:36:57.853+0000] {dag.py:3823} INFO - Setting next_dagrun for dag_etl_camara_diario to 2026-07-05 03:00:00+00:00, run_after=2026-07-06 03:00:00+00:00
[2026-07-06T15:36:57.870+0000] {processor.py:183} INFO - Processing /opt/airflow/dags/dag_etl_camara_diario.py took 0.072 seconds
[2026-07-06T15:37:27.980+0000] {processor.py:161} INFO - Started process (PID=1448) to work on /opt/airflow/dags/dag_etl_camara_diario.py
[2026-07-06T15:37:27.981+0000] {processor.py:830} INFO - Processing file /opt/airflow/dags/dag_etl_camara_diario.py for tasks to queue
[2026-07-06T15:37:27.982+0000] {logging_mixin.py:188} INFO - [2026-07-06T15:37:27.982+0000] {dagbag.py:538} INFO - Filling up the DagBag from /opt/airflow/dags/dag_etl_camara_diario.py
[2026-07-06T15:37:27.990+0000] {processor.py:840} INFO - DAG(s) 'dag_etl_camara_diario' retrieved from /opt/airflow/dags/dag_etl_camara_diario.py
[2026-07-06T15:37:28.010+0000] {logging_mixin.py:188} INFO - [2026-07-06T15:37:28.010+0000] {dag.py:3036} INFO - Sync 1 DAGs
[2026-07-06T15:37:28.032+0000] {logging_mixin.py:188} INFO - [2026-07-06T15:37:28.032+0000] {dag.py:3823} INFO - Setting next_dagrun for dag_etl_camara_diario to 2026-07-05 03:00:00+00:00, run_after=2026-07-06 03:00:00+00:00
[2026-07-06T15:37:28.050+0000] {processor.py:183} INFO - Processing /opt/airflow/dags/dag_etl_camara_diario.py took 0.073 seconds
[2026-07-06T15:37:58.159+0000] {processor.py:161} INFO - Started process (PID=1458) to work on /opt/airflow/dags/dag_etl_camara_diario.py
[2026-07-06T15:37:58.160+0000] {processor.py:830} INFO - Processing file /opt/airflow/dags/dag_etl_camara_diario.py for tasks to queue
[2026-07-06T15:37:58.161+0000] {logging_mixin.py:188} INFO - [2026-07-06T15:37:58.161+0000] {dagbag.py:538} INFO - Filling up the DagBag from /opt/airflow/dags/dag_etl_camara_diario.py
[2026-07-06T15:37:58.170+0000] {processor.py:840} INFO - DAG(s) 'dag_etl_camara_diario' retrieved from /opt/airflow/dags/dag_etl_camara_diario.py
[2026-07-06T15:37:58.193+0000] {logging_mixin.py:188} INFO - [2026-07-06T15:37:58.193+0000] {dag.py:3036} INFO - Sync 1 DAGs
[2026-07-06T15:37:58.218+0000] {logging_mixin.py:188} INFO - [2026-07-06T15:37:58.217+0000] {dag.py:3823} INFO - Setting next_dagrun for dag_etl_camara_diario to 2026-07-05 03:00:00+00:00, run_after=2026-07-06 03:00:00+00:00
[2026-07-06T15:37:58.234+0000] {processor.py:183} INFO - Processing /opt/airflow/dags/dag_etl_camara_diario.py took 0.078 seconds
[2026-07-06T15:38:28.421+0000] {processor.py:161} INFO - Started process (PID=1473) to work on /opt/airflow/dags/dag_etl_camara_diario.py
[2026-07-06T15:38:28.422+0000] {processor.py:830} INFO - Processing file /opt/airflow/dags/dag_etl_camara_diario.py for tasks to queue
[2026-07-06T15:38:28.422+0000] {logging_mixin.py:188} INFO - [2026-07-06T15:38:28.422+0000] {dagbag.py:538} INFO - Filling up the DagBag from /opt/airflow/dags/dag_etl_camara_diario.py
[2026-07-06T15:38:28.431+0000] {processor.py:840} INFO - DAG(s) 'dag_etl_camara_diario' retrieved from /opt/airflow/dags/dag_etl_camara_diario.py
[2026-07-06T15:38:28.452+0000] {logging_mixin.py:188} INFO - [2026-07-06T15:38:28.452+0000] {dag.py:3036} INFO - Sync 1 DAGs
[2026-07-06T15:38:28.476+0000] {logging_mixin.py:188} INFO - [2026-07-06T15:38:28.476+0000] {dag.py:3823} INFO - Setting next_dagrun for dag_etl_camara_diario to 2026-07-05 03:00:00+00:00, run_after=2026-07-06 03:00:00+00:00
[2026-07-06T15:38:28.495+0000] {processor.py:183} INFO - Processing /opt/airflow/dags/dag_etl_camara_diario.py took 0.078 seconds
[2026-07-06T15:38:58.622+0000] {processor.py:161} INFO - Started process (PID=1488) to work on /opt/airflow/dags/dag_etl_camara_diario.py
[2026-07-06T15:38:58.622+0000] {processor.py:830} INFO - Processing file /opt/airflow/dags/dag_etl_camara_diario.py for tasks to queue
[2026-07-06T15:38:58.623+0000] {logging_mixin.py:188} INFO - [2026-07-06T15:38:58.623+0000] {dagbag.py:538} INFO - Filling up the DagBag from /opt/airflow/dags/dag_etl_camara_diario.py
[2026-07-06T15:38:58.632+0000] {processor.py:840} INFO - DAG(s) 'dag_etl_camara_diario' retrieved from /opt/airflow/dags/dag_etl_camara_diario.py
[2026-07-06T15:38:58.653+0000] {logging_mixin.py:188} INFO - [2026-07-06T15:38:58.653+0000] {dag.py:3036} INFO - Sync 1 DAGs
[2026-07-06T15:38:58.674+0000] {logging_mixin.py:188} INFO - [2026-07-06T15:38:58.673+0000] {dag.py:3823} INFO - Setting next_dagrun for dag_etl_camara_diario to 2026-07-05 03:00:00+00:00, run_after=2026-07-06 03:00:00+00:00
[2026-07-06T15:38:58.692+0000] {processor.py:183} INFO - Processing /opt/airflow/dags/dag_etl_camara_diario.py took 0.073 seconds
[2026-07-06T15:39:28.884+0000] {processor.py:161} INFO - Started process (PID=1503) to work on /opt/airflow/dags/dag_etl_camara_diario.py
[2026-07-06T15:39:28.885+0000] {processor.py:830} INFO - Processing file /opt/airflow/dags/dag_etl_camara_diario.py for tasks to queue
[2026-07-06T15:39:28.885+0000] {logging_mixin.py:188} INFO - [2026-07-06T15:39:28.885+0000] {dagbag.py:538} INFO - Filling up the DagBag from /opt/airflow/dags/dag_etl_camara_diario.py
[2026-07-06T15:39:28.894+0000] {processor.py:840} INFO - DAG(s) 'dag_etl_camara_diario' retrieved from /opt/airflow/dags/dag_etl_camara_diario.py
[2026-07-06T15:39:28.915+0000] {logging_mixin.py:188} INFO - [2026-07-06T15:39:28.914+0000] {dag.py:3036} INFO - Sync 1 DAGs
[2026-07-06T15:39:28.935+0000] {logging_mixin.py:188} INFO - [2026-07-06T15:39:28.935+0000] {dag.py:3823} INFO - Setting next_dagrun for dag_etl_camara_diario to 2026-07-05 03:00:00+00:00, run_after=2026-07-06 03:00:00+00:00
[2026-07-06T15:39:28.952+0000] {processor.py:183} INFO - Processing /opt/airflow/dags/dag_etl_camara_diario.py took 0.071 seconds
[2026-07-06T15:39:59.088+0000] {processor.py:161} INFO - Started process (PID=1518) to work on /opt/airflow/dags/dag_etl_camara_diario.py
[2026-07-06T15:39:59.089+0000] {processor.py:830} INFO - Processing file /opt/airflow/dags/dag_etl_camara_diario.py for tasks to queue
[2026-07-06T15:39:59.090+0000] {logging_mixin.py:188} INFO - [2026-07-06T15:39:59.090+0000] {dagbag.py:538} INFO - Filling up the DagBag from /opt/airflow/dags/dag_etl_camara_diario.py
[2026-07-06T15:39:59.099+0000] {processor.py:840} INFO - DAG(s) 'dag_etl_camara_diario' retrieved from /opt/airflow/dags/dag_etl_camara_diario.py
[2026-07-06T15:39:59.120+0000] {logging_mixin.py:188} INFO - [2026-07-06T15:39:59.120+0000] {dag.py:3036} INFO - Sync 1 DAGs
[2026-07-06T15:39:59.142+0000] {logging_mixin.py:188} INFO - [2026-07-06T15:39:59.142+0000] {dag.py:3823} INFO - Setting next_dagrun for dag_etl_camara_diario to 2026-07-05 03:00:00+00:00, run_after=2026-07-06 03:00:00+00:00
[2026-07-06T15:39:59.161+0000] {processor.py:183} INFO - Processing /opt/airflow/dags/dag_etl_camara_diario.py took 0.076 seconds
[2026-07-06T15:40:29.334+0000] {processor.py:161} INFO - Started process (PID=1533) to work on /opt/airflow/dags/dag_etl_camara_diario.py
[2026-07-06T15:40:29.335+0000] {processor.py:830} INFO - Processing file /opt/airflow/dags/dag_etl_camara_diario.py for tasks to queue
[2026-07-06T15:40:29.336+0000] {logging_mixin.py:188} INFO - [2026-07-06T15:40:29.335+0000] {dagbag.py:538} INFO - Filling up the DagBag from /opt/airflow/dags/dag_etl_camara_diario.py
[2026-07-06T15:40:29.345+0000] {processor.py:840} INFO - DAG(s) 'dag_etl_camara_diario' retrieved from /opt/airflow/dags/dag_etl_camara_diario.py
[2026-07-06T15:40:29.366+0000] {logging_mixin.py:188} INFO - [2026-07-06T15:40:29.366+0000] {dag.py:3036} INFO - Sync 1 DAGs
[2026-07-06T15:40:29.391+0000] {logging_mixin.py:188} INFO - [2026-07-06T15:40:29.390+0000] {dag.py:3823} INFO - Setting next_dagrun for dag_etl_camara_diario to 2026-07-05 03:00:00+00:00, run_after=2026-07-06 03:00:00+00:00
[2026-07-06T15:40:29.412+0000] {processor.py:183} INFO - Processing /opt/airflow/dags/dag_etl_camara_diario.py took 0.081 seconds
[2026-07-06T15:40:59.555+0000] {processor.py:161} INFO - Started process (PID=1548) to work on /opt/airflow/dags/dag_etl_camara_diario.py
[2026-07-06T15:40:59.556+0000] {processor.py:830} INFO - Processing file /opt/airflow/dags/dag_etl_camara_diario.py for tasks to queue
[2026-07-06T15:40:59.556+0000] {logging_mixin.py:188} INFO - [2026-07-06T15:40:59.556+0000] {dagbag.py:538} INFO - Filling up the DagBag from /opt/airflow/dags/dag_etl_camara_diario.py
[2026-07-06T15:40:59.565+0000] {processor.py:840} INFO - DAG(s) 'dag_etl_camara_diario' retrieved from /opt/airflow/dags/dag_etl_camara_diario.py
[2026-07-06T15:40:59.587+0000] {logging_mixin.py:188} INFO - [2026-07-06T15:40:59.587+0000] {dag.py:3036} INFO - Sync 1 DAGs
[2026-07-06T15:40:59.610+0000] {logging_mixin.py:188} INFO - [2026-07-06T15:40:59.609+0000] {dag.py:3823} INFO - Setting next_dagrun for dag_etl_camara_diario to 2026-07-05 03:00:00+00:00, run_after=2026-07-06 03:00:00+00:00
[2026-07-06T15:40:59.627+0000] {processor.py:183} INFO - Processing /opt/airflow/dags/dag_etl_camara_diario.py took 0.075 seconds
[2026-07-06T15:41:29.798+0000] {processor.py:161} INFO - Started process (PID=1563) to work on /opt/airflow/dags/dag_etl_camara_diario.py
[2026-07-06T15:41:29.799+0000] {processor.py:830} INFO - Processing file /opt/airflow/dags/dag_etl_camara_diario.py for tasks to queue
[2026-07-06T15:41:29.800+0000] {logging_mixin.py:188} INFO - [2026-07-06T15:41:29.799+0000] {dagbag.py:538} INFO - Filling up the DagBag from /opt/airflow/dags/dag_etl_camara_diario.py
[2026-07-06T15:41:29.807+0000] {processor.py:840} INFO - DAG(s) 'dag_etl_camara_diario' retrieved from /opt/airflow/dags/dag_etl_camara_diario.py
[2026-07-06T15:41:29.828+0000] {logging_mixin.py:188} INFO - [2026-07-06T15:41:29.827+0000] {dag.py:3036} INFO - Sync 1 DAGs
[2026-07-06T15:41:29.847+0000] {logging_mixin.py:188} INFO - [2026-07-06T15:41:29.847+0000] {dag.py:3823} INFO - Setting next_dagrun for dag_etl_camara_diario to 2026-07-05 03:00:00+00:00, run_after=2026-07-06 03:00:00+00:00
[2026-07-06T15:41:29.864+0000] {processor.py:183} INFO - Processing /opt/airflow/dags/dag_etl_camara_diario.py took 0.068 seconds
[2026-07-06T15:41:59.989+0000] {processor.py:161} INFO - Started process (PID=1578) to work on /opt/airflow/dags/dag_etl_camara_diario.py
[2026-07-06T15:41:59.989+0000] {processor.py:830} INFO - Processing file /opt/airflow/dags/dag_etl_camara_diario.py for tasks to queue
[2026-07-06T15:41:59.990+0000] {logging_mixin.py:188} INFO - [2026-07-06T15:41:59.990+0000] {dagbag.py:538} INFO - Filling up the DagBag from /opt/airflow/dags/dag_etl_camara_diario.py
[2026-07-06T15:41:59.999+0000] {processor.py:840} INFO - DAG(s) 'dag_etl_camara_diario' retrieved from /opt/airflow/dags/dag_etl_camara_diario.py
[2026-07-06T15:42:00.022+0000] {logging_mixin.py:188} INFO - [2026-07-06T15:42:00.021+0000] {dag.py:3036} INFO - Sync 1 DAGs
[2026-07-06T15:42:00.041+0000] {logging_mixin.py:188} INFO - [2026-07-06T15:42:00.041+0000] {dag.py:3823} INFO - Setting next_dagrun for dag_etl_camara_diario to 2026-07-05 03:00:00+00:00, run_after=2026-07-06 03:00:00+00:00
[2026-07-06T15:42:00.058+0000] {processor.py:183} INFO - Processing /opt/airflow/dags/dag_etl_camara_diario.py took 0.072 seconds
[2026-07-06T15:42:30.213+0000] {processor.py:161} INFO - Started process (PID=1593) to work on /opt/airflow/dags/dag_etl_camara_diario.py
[2026-07-06T15:42:30.213+0000] {processor.py:830} INFO - Processing file /opt/airflow/dags/dag_etl_camara_diario.py for tasks to queue
[2026-07-06T15:42:30.214+0000] {logging_mixin.py:188} INFO - [2026-07-06T15:42:30.214+0000] {dagbag.py:538} INFO - Filling up the DagBag from /opt/airflow/dags/dag_etl_camara_diario.py
[2026-07-06T15:42:30.223+0000] {processor.py:840} INFO - DAG(s) 'dag_etl_camara_diario' retrieved from /opt/airflow/dags/dag_etl_camara_diario.py
[2026-07-06T15:42:30.242+0000] {logging_mixin.py:188} INFO - [2026-07-06T15:42:30.242+0000] {dag.py:3036} INFO - Sync 1 DAGs
[2026-07-06T15:42:30.262+0000] {logging_mixin.py:188} INFO - [2026-07-06T15:42:30.262+0000] {dag.py:3823} INFO - Setting next_dagrun for dag_etl_camara_diario to 2026-07-05 03:00:00+00:00, run_after=2026-07-06 03:00:00+00:00
[2026-07-06T15:42:30.275+0000] {processor.py:183} INFO - Processing /opt/airflow/dags/dag_etl_camara_diario.py took 0.065 seconds
[2026-07-06T15:43:00.409+0000] {processor.py:161} INFO - Started process (PID=1608) to work on /opt/airflow/dags/dag_etl_camara_diario.py
[2026-07-06T15:43:00.410+0000] {processor.py:830} INFO - Processing file /opt/airflow/dags/dag_etl_camara_diario.py for tasks to queue
[2026-07-06T15:43:00.410+0000] {logging_mixin.py:188} INFO - [2026-07-06T15:43:00.410+0000] {dagbag.py:538} INFO - Filling up the DagBag from /opt/airflow/dags/dag_etl_camara_diario.py
[2026-07-06T15:43:00.419+0000] {processor.py:840} INFO - DAG(s) 'dag_etl_camara_diario' retrieved from /opt/airflow/dags/dag_etl_camara_diario.py
[2026-07-06T15:43:00.439+0000] {logging_mixin.py:188} INFO - [2026-07-06T15:43:00.439+0000] {dag.py:3036} INFO - Sync 1 DAGs
[2026-07-06T15:43:00.459+0000] {logging_mixin.py:188} INFO - [2026-07-06T15:43:00.458+0000] {dag.py:3823} INFO - Setting next_dagrun for dag_etl_camara_diario to 2026-07-05 03:00:00+00:00, run_after=2026-07-06 03:00:00+00:00
[2026-07-06T15:43:00.475+0000] {processor.py:183} INFO - Processing /opt/airflow/dags/dag_etl_camara_diario.py took 0.069 seconds
[2026-07-06T15:43:30.632+0000] {processor.py:161} INFO - Started process (PID=1623) to work on /opt/airflow/dags/dag_etl_camara_diario.py
[2026-07-06T15:43:30.633+0000] {processor.py:830} INFO - Processing file /opt/airflow/dags/dag_etl_camara_diario.py for tasks to queue
[2026-07-06T15:43:30.633+0000] {logging_mixin.py:188} INFO - [2026-07-06T15:43:30.633+0000] {dagbag.py:538} INFO - Filling up the DagBag from /opt/airflow/dags/dag_etl_camara_diario.py
[2026-07-06T15:43:30.642+0000] {processor.py:840} INFO - DAG(s) 'dag_etl_camara_diario' retrieved from /opt/airflow/dags/dag_etl_camara_diario.py
[2026-07-06T15:43:30.660+0000] {logging_mixin.py:188} INFO - [2026-07-06T15:43:30.660+0000] {dag.py:3036} INFO - Sync 1 DAGs
[2026-07-06T15:43:30.680+0000] {logging_mixin.py:188} INFO - [2026-07-06T15:43:30.679+0000] {dag.py:3823} INFO - Setting next_dagrun for dag_etl_camara_diario to 2026-07-05 03:00:00+00:00, run_after=2026-07-06 03:00:00+00:00
[2026-07-06T15:43:30.694+0000] {processor.py:183} INFO - Processing /opt/airflow/dags/dag_etl_camara_diario.py took 0.065 seconds
[2026-07-06T15:44:00.831+0000] {processor.py:161} INFO - Started process (PID=1638) to work on /opt/airflow/dags/dag_etl_camara_diario.py
[2026-07-06T15:44:00.832+0000] {processor.py:830} INFO - Processing file /opt/airflow/dags/dag_etl_camara_diario.py for tasks to queue
[2026-07-06T15:44:00.833+0000] {logging_mixin.py:188} INFO - [2026-07-06T15:44:00.833+0000] {dagbag.py:538} INFO - Filling up the DagBag from /opt/airflow/dags/dag_etl_camara_diario.py
[2026-07-06T15:44:00.842+0000] {processor.py:840} INFO - DAG(s) 'dag_etl_camara_diario' retrieved from /opt/airflow/dags/dag_etl_camara_diario.py
[2026-07-06T15:44:00.862+0000] {logging_mixin.py:188} INFO - [2026-07-06T15:44:00.862+0000] {dag.py:3036} INFO - Sync 1 DAGs
[2026-07-06T15:44:00.882+0000] {logging_mixin.py:188} INFO - [2026-07-06T15:44:00.882+0000] {dag.py:3823} INFO - Setting next_dagrun for dag_etl_camara_diario to 2026-07-05 03:00:00+00:00, run_after=2026-07-06 03:00:00+00:00
[2026-07-06T15:44:00.897+0000] {processor.py:183} INFO - Processing /opt/airflow/dags/dag_etl_camara_diario.py took 0.069 seconds
[2026-07-06T15:44:31.045+0000] {processor.py:161} INFO - Started process (PID=1653) to work on /opt/airflow/dags/dag_etl_camara_diario.py
[2026-07-06T15:44:31.045+0000] {processor.py:830} INFO - Processing file /opt/airflow/dags/dag_etl_camara_diario.py for tasks to queue
[2026-07-06T15:44:31.046+0000] {logging_mixin.py:188} INFO - [2026-07-06T15:44:31.045+0000] {dagbag.py:538} INFO - Filling up the DagBag from /opt/airflow/dags/dag_etl_camara_diario.py
[2026-07-06T15:44:31.053+0000] {processor.py:840} INFO - DAG(s) 'dag_etl_camara_diario' retrieved from /opt/airflow/dags/dag_etl_camara_diario.py
[2026-07-06T15:44:31.073+0000] {logging_mixin.py:188} INFO - [2026-07-06T15:44:31.072+0000] {dag.py:3036} INFO - Sync 1 DAGs
[2026-07-06T15:44:31.091+0000] {logging_mixin.py:188} INFO - [2026-07-06T15:44:31.091+0000] {dag.py:3823} INFO - Setting next_dagrun for dag_etl_camara_diario to 2026-07-05 03:00:00+00:00, run_after=2026-07-06 03:00:00+00:00
[2026-07-06T15:44:31.107+0000] {processor.py:183} INFO - Processing /opt/airflow/dags/dag_etl_camara_diario.py took 0.065 seconds
[2026-07-06T15:45:01.250+0000] {processor.py:161} INFO - Started process (PID=1668) to work on /opt/airflow/dags/dag_etl_camara_diario.py
[2026-07-06T15:45:01.251+0000] {processor.py:830} INFO - Processing file /opt/airflow/dags/dag_etl_camara_diario.py for tasks to queue
[2026-07-06T15:45:01.251+0000] {logging_mixin.py:188} INFO - [2026-07-06T15:45:01.251+0000] {dagbag.py:538} INFO - Filling up the DagBag from /opt/airflow/dags/dag_etl_camara_diario.py
[2026-07-06T15:45:01.260+0000] {processor.py:840} INFO - DAG(s) 'dag_etl_camara_diario' retrieved from /opt/airflow/dags/dag_etl_camara_diario.py
[2026-07-06T15:45:01.279+0000] {logging_mixin.py:188} INFO - [2026-07-06T15:45:01.279+0000] {dag.py:3036} INFO - Sync 1 DAGs
[2026-07-06T15:45:01.299+0000] {logging_mixin.py:188} INFO - [2026-07-06T15:45:01.298+0000] {dag.py:3823} INFO - Setting next_dagrun for dag_etl_camara_diario to 2026-07-05 03:00:00+00:00, run_after=2026-07-06 03:00:00+00:00
[2026-07-06T15:45:01.315+0000] {processor.py:183} INFO - Processing /opt/airflow/dags/dag_etl_camara_diario.py took 0.068 seconds
[2026-07-06T15:45:31.463+0000] {processor.py:161} INFO - Started process (PID=1683) to work on /opt/airflow/dags/dag_etl_camara_diario.py
[2026-07-06T15:45:31.463+0000] {processor.py:830} INFO - Processing file /opt/airflow/dags/dag_etl_camara_diario.py for tasks to queue
[2026-07-06T15:45:31.464+0000] {logging_mixin.py:188} INFO - [2026-07-06T15:45:31.464+0000] {dagbag.py:538} INFO - Filling up the DagBag from /opt/airflow/dags/dag_etl_camara_diario.py
[2026-07-06T15:45:31.473+0000] {processor.py:840} INFO - DAG(s) 'dag_etl_camara_diario' retrieved from /opt/airflow/dags/dag_etl_camara_diario.py
[2026-07-06T15:45:31.491+0000] {logging_mixin.py:188} INFO - [2026-07-06T15:45:31.491+0000] {dag.py:3036} INFO - Sync 1 DAGs
[2026-07-06T15:45:31.510+0000] {logging_mixin.py:188} INFO - [2026-07-06T15:45:31.510+0000] {dag.py:3823} INFO - Setting next_dagrun for dag_etl_camara_diario to 2026-07-05 03:00:00+00:00, run_after=2026-07-06 03:00:00+00:00
[2026-07-06T15:45:31.528+0000] {processor.py:183} INFO - Processing /opt/airflow/dags/dag_etl_camara_diario.py took 0.068 seconds
[2026-07-06T15:46:01.672+0000] {processor.py:161} INFO - Started process (PID=1698) to work on /opt/airflow/dags/dag_etl_camara_diario.py
[2026-07-06T15:46:01.673+0000] {processor.py:830} INFO - Processing file /opt/airflow/dags/dag_etl_camara_diario.py for tasks to queue
[2026-07-06T15:46:01.673+0000] {logging_mixin.py:188} INFO - [2026-07-06T15:46:01.673+0000] {dagbag.py:538} INFO - Filling up the DagBag from /opt/airflow/dags/dag_etl_camara_diario.py
[2026-07-06T15:46:01.681+0000] {processor.py:840} INFO - DAG(s) 'dag_etl_camara_diario' retrieved from /opt/airflow/dags/dag_etl_camara_diario.py
[2026-07-06T15:46:01.700+0000] {logging_mixin.py:188} INFO - [2026-07-06T15:46:01.700+0000] {dag.py:3036} INFO - Sync 1 DAGs
[2026-07-06T15:46:01.720+0000] {logging_mixin.py:188} INFO - [2026-07-06T15:46:01.719+0000] {dag.py:3823} INFO - Setting next_dagrun for dag_etl_camara_diario to 2026-07-05 03:00:00+00:00, run_after=2026-07-06 03:00:00+00:00
[2026-07-06T15:46:01.736+0000] {processor.py:183} INFO - Processing /opt/airflow/dags/dag_etl_camara_diario.py took 0.067 seconds
[2026-07-06T15:46:31.885+0000] {processor.py:161} INFO - Started process (PID=1713) to work on /opt/airflow/dags/dag_etl_camara_diario.py
[2026-07-06T15:46:31.886+0000] {processor.py:830} INFO - Processing file /opt/airflow/dags/dag_etl_camara_diario.py for tasks to queue
[2026-07-06T15:46:31.886+0000] {logging_mixin.py:188} INFO - [2026-07-06T15:46:31.886+0000] {dagbag.py:538} INFO - Filling up the DagBag from /opt/airflow/dags/dag_etl_camara_diario.py
[2026-07-06T15:46:31.895+0000] {processor.py:840} INFO - DAG(s) 'dag_etl_camara_diario' retrieved from /opt/airflow/dags/dag_etl_camara_diario.py
[2026-07-06T15:46:31.914+0000] {logging_mixin.py:188} INFO - [2026-07-06T15:46:31.913+0000] {dag.py:3036} INFO - Sync 1 DAGs
[2026-07-06T15:46:31.934+0000] {logging_mixin.py:188} INFO - [2026-07-06T15:46:31.934+0000] {dag.py:3823} INFO - Setting next_dagrun for dag_etl_camara_diario to 2026-07-05 03:00:00+00:00, run_after=2026-07-06 03:00:00+00:00
[2026-07-06T15:46:31.950+0000] {processor.py:183} INFO - Processing /opt/airflow/dags/dag_etl_camara_diario.py took 0.068 seconds
[2026-07-06T15:47:02.084+0000] {processor.py:161} INFO - Started process (PID=1728) to work on /opt/airflow/dags/dag_etl_camara_diario.py
[2026-07-06T15:47:02.085+0000] {processor.py:830} INFO - Processing file /opt/airflow/dags/dag_etl_camara_diario.py for tasks to queue
[2026-07-06T15:47:02.086+0000] {logging_mixin.py:188} INFO - [2026-07-06T15:47:02.085+0000] {dagbag.py:538} INFO - Filling up the DagBag from /opt/airflow/dags/dag_etl_camara_diario.py
[2026-07-06T15:47:02.094+0000] {processor.py:840} INFO - DAG(s) 'dag_etl_camara_diario' retrieved from /opt/airflow/dags/dag_etl_camara_diario.py
[2026-07-06T15:47:02.114+0000] {logging_mixin.py:188} INFO - [2026-07-06T15:47:02.114+0000] {dag.py:3036} INFO - Sync 1 DAGs
[2026-07-06T15:47:02.133+0000] {logging_mixin.py:188} INFO - [2026-07-06T15:47:02.133+0000] {dag.py:3823} INFO - Setting next_dagrun for dag_etl_camara_diario to 2026-07-05 03:00:00+00:00, run_after=2026-07-06 03:00:00+00:00
[2026-07-06T15:47:02.149+0000] {processor.py:183} INFO - Processing /opt/airflow/dags/dag_etl_camara_diario.py took 0.068 seconds
[2026-07-06T15:47:32.300+0000] {processor.py:161} INFO - Started process (PID=1743) to work on /opt/airflow/dags/dag_etl_camara_diario.py
[2026-07-06T15:47:32.301+0000] {processor.py:830} INFO - Processing file /opt/airflow/dags/dag_etl_camara_diario.py for tasks to queue
[2026-07-06T15:47:32.302+0000] {logging_mixin.py:188} INFO - [2026-07-06T15:47:32.301+0000] {dagbag.py:538} INFO - Filling up the DagBag from /opt/airflow/dags/dag_etl_camara_diario.py
[2026-07-06T15:47:32.311+0000] {processor.py:840} INFO - DAG(s) 'dag_etl_camara_diario' retrieved from /opt/airflow/dags/dag_etl_camara_diario.py
[2026-07-06T15:47:32.330+0000] {logging_mixin.py:188} INFO - [2026-07-06T15:47:32.329+0000] {dag.py:3036} INFO - Sync 1 DAGs
[2026-07-06T15:47:32.348+0000] {logging_mixin.py:188} INFO - [2026-07-06T15:47:32.348+0000] {dag.py:3823} INFO - Setting next_dagrun for dag_etl_camara_diario to 2026-07-05 03:00:00+00:00, run_after=2026-07-06 03:00:00+00:00
[2026-07-06T15:47:32.365+0000] {processor.py:183} INFO - Processing /opt/airflow/dags/dag_etl_camara_diario.py took 0.068 seconds
[2026-07-06T15:48:02.498+0000] {processor.py:161} INFO - Started process (PID=1758) to work on /opt/airflow/dags/dag_etl_camara_diario.py
[2026-07-06T15:48:02.498+0000] {processor.py:830} INFO - Processing file /opt/airflow/dags/dag_etl_camara_diario.py for tasks to queue
[2026-07-06T15:48:02.499+0000] {logging_mixin.py:188} INFO - [2026-07-06T15:48:02.499+0000] {dagbag.py:538} INFO - Filling up the DagBag from /opt/airflow/dags/dag_etl_camara_diario.py
[2026-07-06T15:48:02.508+0000] {processor.py:840} INFO - DAG(s) 'dag_etl_camara_diario' retrieved from /opt/airflow/dags/dag_etl_camara_diario.py
[2026-07-06T15:48:02.528+0000] {logging_mixin.py:188} INFO - [2026-07-06T15:48:02.528+0000] {dag.py:3036} INFO - Sync 1 DAGs
[2026-07-06T15:48:02.547+0000] {logging_mixin.py:188} INFO - [2026-07-06T15:48:02.547+0000] {dag.py:3823} INFO - Setting next_dagrun for dag_etl_camara_diario to 2026-07-05 03:00:00+00:00, run_after=2026-07-06 03:00:00+00:00
[2026-07-06T15:48:02.561+0000] {processor.py:183} INFO - Processing /opt/airflow/dags/dag_etl_camara_diario.py took 0.066 seconds
[2026-07-06T15:48:32.715+0000] {processor.py:161} INFO - Started process (PID=1773) to work on /opt/airflow/dags/dag_etl_camara_diario.py
[2026-07-06T15:48:32.716+0000] {processor.py:830} INFO - Processing file /opt/airflow/dags/dag_etl_camara_diario.py for tasks to queue
[2026-07-06T15:48:32.716+0000] {logging_mixin.py:188} INFO - [2026-07-06T15:48:32.716+0000] {dagbag.py:538} INFO - Filling up the DagBag from /opt/airflow/dags/dag_etl_camara_diario.py
[2026-07-06T15:48:32.724+0000] {processor.py:840} INFO - DAG(s) 'dag_etl_camara_diario' retrieved from /opt/airflow/dags/dag_etl_camara_diario.py
[2026-07-06T15:48:32.744+0000] {logging_mixin.py:188} INFO - [2026-07-06T15:48:32.743+0000] {dag.py:3036} INFO - Sync 1 DAGs
[2026-07-06T15:48:32.762+0000] {logging_mixin.py:188} INFO - [2026-07-06T15:48:32.762+0000] {dag.py:3823} INFO - Setting next_dagrun for dag_etl_camara_diario to 2026-07-05 03:00:00+00:00, run_after=2026-07-06 03:00:00+00:00
[2026-07-06T15:48:32.779+0000] {processor.py:183} INFO - Processing /opt/airflow/dags/dag_etl_camara_diario.py took 0.067 seconds
[2026-07-06T15:49:02.932+0000] {processor.py:161} INFO - Started process (PID=1788) to work on /opt/airflow/dags/dag_etl_camara_diario.py
[2026-07-06T15:49:02.932+0000] {processor.py:830} INFO - Processing file /opt/airflow/dags/dag_etl_camara_diario.py for tasks to queue
[2026-07-06T15:49:02.933+0000] {logging_mixin.py:188} INFO - [2026-07-06T15:49:02.933+0000] {dagbag.py:538} INFO - Filling up the DagBag from /opt/airflow/dags/dag_etl_camara_diario.py
[2026-07-06T15:49:02.941+0000] {processor.py:840} INFO - DAG(s) 'dag_etl_camara_diario' retrieved from /opt/airflow/dags/dag_etl_camara_diario.py
[2026-07-06T15:49:02.961+0000] {logging_mixin.py:188} INFO - [2026-07-06T15:49:02.961+0000] {dag.py:3036} INFO - Sync 1 DAGs
[2026-07-06T15:49:02.981+0000] {logging_mixin.py:188} INFO - [2026-07-06T15:49:02.981+0000] {dag.py:3823} INFO - Setting next_dagrun for dag_etl_camara_diario to 2026-07-05 03:00:00+00:00, run_after=2026-07-06 03:00:00+00:00
[2026-07-06T15:49:02.998+0000] {processor.py:183} INFO - Processing /opt/airflow/dags/dag_etl_camara_diario.py took 0.069 seconds
[2026-07-06T15:49:33.131+0000] {processor.py:161} INFO - Started process (PID=1803) to work on /opt/airflow/dags/dag_etl_camara_diario.py
[2026-07-06T15:49:33.132+0000] {processor.py:830} INFO - Processing file /opt/airflow/dags/dag_etl_camara_diario.py for tasks to queue
[2026-07-06T15:49:33.132+0000] {logging_mixin.py:188} INFO - [2026-07-06T15:49:33.132+0000] {dagbag.py:538} INFO - Filling up the DagBag from /opt/airflow/dags/dag_etl_camara_diario.py
[2026-07-06T15:49:33.141+0000] {processor.py:840} INFO - DAG(s) 'dag_etl_camara_diario' retrieved from /opt/airflow/dags/dag_etl_camara_diario.py
[2026-07-06T15:49:33.161+0000] {logging_mixin.py:188} INFO - [2026-07-06T15:49:33.161+0000] {dag.py:3036} INFO - Sync 1 DAGs
[2026-07-06T15:49:33.181+0000] {logging_mixin.py:188} INFO - [2026-07-06T15:49:33.181+0000] {dag.py:3823} INFO - Setting next_dagrun for dag_etl_camara_diario to 2026-07-05 03:00:00+00:00, run_after=2026-07-06 03:00:00+00:00
[2026-07-06T15:49:33.196+0000] {processor.py:183} INFO - Processing /opt/airflow/dags/dag_etl_camara_diario.py took 0.068 seconds
[2026-07-06T15:50:03.362+0000] {processor.py:161} INFO - Started process (PID=1818) to work on /opt/airflow/dags/dag_etl_camara_diario.py
[2026-07-06T15:50:03.363+0000] {processor.py:830} INFO - Processing file /opt/airflow/dags/dag_etl_camara_diario.py for tasks to queue
[2026-07-06T15:50:03.363+0000] {logging_mixin.py:188} INFO - [2026-07-06T15:50:03.363+0000] {dagbag.py:538} INFO - Filling up the DagBag from /opt/airflow/dags/dag_etl_camara_diario.py
[2026-07-06T15:50:03.372+0000] {processor.py:840} INFO - DAG(s) 'dag_etl_camara_diario' retrieved from /opt/airflow/dags/dag_etl_camara_diario.py
[2026-07-06T15:50:03.391+0000] {logging_mixin.py:188} INFO - [2026-07-06T15:50:03.391+0000] {dag.py:3036} INFO - Sync 1 DAGs
[2026-07-06T15:50:03.409+0000] {logging_mixin.py:188} INFO - [2026-07-06T15:50:03.409+0000] {dag.py:3823} INFO - Setting next_dagrun for dag_etl_camara_diario to 2026-07-05 03:00:00+00:00, run_after=2026-07-06 03:00:00+00:00
[2026-07-06T15:50:03.424+0000] {processor.py:183} INFO - Processing /opt/airflow/dags/dag_etl_camara_diario.py took 0.064 seconds
[2026-07-06T15:50:33.557+0000] {processor.py:161} INFO - Started process (PID=1833) to work on /opt/airflow/dags/dag_etl_camara_diario.py
[2026-07-06T15:50:33.557+0000] {processor.py:830} INFO - Processing file /opt/airflow/dags/dag_etl_camara_diario.py for tasks to queue
[2026-07-06T15:50:33.558+0000] {logging_mixin.py:188} INFO - [2026-07-06T15:50:33.558+0000] {dagbag.py:538} INFO - Filling up the DagBag from /opt/airflow/dags/dag_etl_camara_diario.py
[2026-07-06T15:50:33.567+0000] {processor.py:840} INFO - DAG(s) 'dag_etl_camara_diario' retrieved from /opt/airflow/dags/dag_etl_camara_diario.py
[2026-07-06T15:50:33.588+0000] {logging_mixin.py:188} INFO - [2026-07-06T15:50:33.587+0000] {dag.py:3036} INFO - Sync 1 DAGs
[2026-07-06T15:50:33.608+0000] {logging_mixin.py:188} INFO - [2026-07-06T15:50:33.608+0000] {dag.py:3823} INFO - Setting next_dagrun for dag_etl_camara_diario to 2026-07-05 03:00:00+00:00, run_after=2026-07-06 03:00:00+00:00
[2026-07-06T15:50:33.624+0000] {processor.py:183} INFO - Processing /opt/airflow/dags/dag_etl_camara_diario.py took 0.071 seconds
[2026-07-06T15:51:03.785+0000] {processor.py:161} INFO - Started process (PID=1848) to work on /opt/airflow/dags/dag_etl_camara_diario.py
[2026-07-06T15:51:03.786+0000] {processor.py:830} INFO - Processing file /opt/airflow/dags/dag_etl_camara_diario.py for tasks to queue
[2026-07-06T15:51:03.786+0000] {logging_mixin.py:188} INFO - [2026-07-06T15:51:03.786+0000] {dagbag.py:538} INFO - Filling up the DagBag from /opt/airflow/dags/dag_etl_camara_diario.py
[2026-07-06T15:51:03.796+0000] {processor.py:840} INFO - DAG(s) 'dag_etl_camara_diario' retrieved from /opt/airflow/dags/dag_etl_camara_diario.py
[2026-07-06T15:51:03.814+0000] {logging_mixin.py:188} INFO - [2026-07-06T15:51:03.814+0000] {dag.py:3036} INFO - Sync 1 DAGs
[2026-07-06T15:51:03.833+0000] {logging_mixin.py:188} INFO - [2026-07-06T15:51:03.832+0000] {dag.py:3823} INFO - Setting next_dagrun for dag_etl_camara_diario to 2026-07-05 03:00:00+00:00, run_after=2026-07-06 03:00:00+00:00
[2026-07-06T15:51:03.848+0000] {processor.py:183} INFO - Processing /opt/airflow/dags/dag_etl_camara_diario.py took 0.065 seconds
[2026-07-06T15:51:33.982+0000] {processor.py:161} INFO - Started process (PID=1863) to work on /opt/airflow/dags/dag_etl_camara_diario.py
[2026-07-06T15:51:33.983+0000] {processor.py:830} INFO - Processing file /opt/airflow/dags/dag_etl_camara_diario.py for tasks to queue
[2026-07-06T15:51:33.983+0000] {logging_mixin.py:188} INFO - [2026-07-06T15:51:33.983+0000] {dagbag.py:538} INFO - Filling up the DagBag from /opt/airflow/dags/dag_etl_camara_diario.py
[2026-07-06T15:51:33.992+0000] {processor.py:840} INFO - DAG(s) 'dag_etl_camara_diario' retrieved from /opt/airflow/dags/dag_etl_camara_diario.py
[2026-07-06T15:51:34.011+0000] {logging_mixin.py:188} INFO - [2026-07-06T15:51:34.011+0000] {dag.py:3036} INFO - Sync 1 DAGs
[2026-07-06T15:51:34.032+0000] {logging_mixin.py:188} INFO - [2026-07-06T15:51:34.032+0000] {dag.py:3823} INFO - Setting next_dagrun for dag_etl_camara_diario to 2026-07-05 03:00:00+00:00, run_after=2026-07-06 03:00:00+00:00
[2026-07-06T15:51:34.048+0000] {processor.py:183} INFO - Processing /opt/airflow/dags/dag_etl_camara_diario.py took 0.070 seconds
[2026-07-06T15:52:04.200+0000] {processor.py:161} INFO - Started process (PID=1878) to work on /opt/airflow/dags/dag_etl_camara_diario.py
[2026-07-06T15:52:04.201+0000] {processor.py:830} INFO - Processing file /opt/airflow/dags/dag_etl_camara_diario.py for tasks to queue
[2026-07-06T15:52:04.201+0000] {logging_mixin.py:188} INFO - [2026-07-06T15:52:04.201+0000] {dagbag.py:538} INFO - Filling up the DagBag from /opt/airflow/dags/dag_etl_camara_diario.py
[2026-07-06T15:52:04.210+0000] {processor.py:840} INFO - DAG(s) 'dag_etl_camara_diario' retrieved from /opt/airflow/dags/dag_etl_camara_diario.py
[2026-07-06T15:52:04.229+0000] {logging_mixin.py:188} INFO - [2026-07-06T15:52:04.229+0000] {dag.py:3036} INFO - Sync 1 DAGs
[2026-07-06T15:52:04.251+0000] {logging_mixin.py:188} INFO - [2026-07-06T15:52:04.250+0000] {dag.py:3823} INFO - Setting next_dagrun for dag_etl_camara_diario to 2026-07-05 03:00:00+00:00, run_after=2026-07-06 03:00:00+00:00
[2026-07-06T15:52:04.269+0000] {processor.py:183} INFO - Processing /opt/airflow/dags/dag_etl_camara_diario.py took 0.071 seconds
[2026-07-06T15:52:34.396+0000] {processor.py:161} INFO - Started process (PID=1893) to work on /opt/airflow/dags/dag_etl_camara_diario.py
[2026-07-06T15:52:34.397+0000] {processor.py:830} INFO - Processing file /opt/airflow/dags/dag_etl_camara_diario.py for tasks to queue
[2026-07-06T15:52:34.398+0000] {logging_mixin.py:188} INFO - [2026-07-06T15:52:34.397+0000] {dagbag.py:538} INFO - Filling up the DagBag from /opt/airflow/dags/dag_etl_camara_diario.py
[2026-07-06T15:52:34.407+0000] {processor.py:840} INFO - DAG(s) 'dag_etl_camara_diario' retrieved from /opt/airflow/dags/dag_etl_camara_diario.py
[2026-07-06T15:52:34.427+0000] {logging_mixin.py:188} INFO - [2026-07-06T15:52:34.427+0000] {dag.py:3036} INFO - Sync 1 DAGs
[2026-07-06T15:52:34.446+0000] {logging_mixin.py:188} INFO - [2026-07-06T15:52:34.446+0000] {dag.py:3823} INFO - Setting next_dagrun for dag_etl_camara_diario to 2026-07-05 03:00:00+00:00, run_after=2026-07-06 03:00:00+00:00
[2026-07-06T15:52:34.459+0000] {processor.py:183} INFO - Processing /opt/airflow/dags/dag_etl_camara_diario.py took 0.066 seconds
[2026-07-06T15:53:04.614+0000] {processor.py:161} INFO - Started process (PID=1908) to work on /opt/airflow/dags/dag_etl_camara_diario.py
[2026-07-06T15:53:04.615+0000] {processor.py:830} INFO - Processing file /opt/airflow/dags/dag_etl_camara_diario.py for tasks to queue
[2026-07-06T15:53:04.615+0000] {logging_mixin.py:188} INFO - [2026-07-06T15:53:04.615+0000] {dagbag.py:538} INFO - Filling up the DagBag from /opt/airflow/dags/dag_etl_camara_diario.py
[2026-07-06T15:53:04.624+0000] {processor.py:840} INFO - DAG(s) 'dag_etl_camara_diario' retrieved from /opt/airflow/dags/dag_etl_camara_diario.py
[2026-07-06T15:53:04.643+0000] {logging_mixin.py:188} INFO - [2026-07-06T15:53:04.642+0000] {dag.py:3036} INFO - Sync 1 DAGs
[2026-07-06T15:53:04.661+0000] {logging_mixin.py:188} INFO - [2026-07-06T15:53:04.661+0000] {dag.py:3823} INFO - Setting next_dagrun for dag_etl_camara_diario to 2026-07-05 03:00:00+00:00, run_after=2026-07-06 03:00:00+00:00
[2026-07-06T15:53:04.676+0000] {processor.py:183} INFO - Processing /opt/airflow/dags/dag_etl_camara_diario.py took 0.065 seconds
[2026-07-06T15:53:34.816+0000] {processor.py:161} INFO - Started process (PID=1923) to work on /opt/airflow/dags/dag_etl_camara_diario.py
[2026-07-06T15:53:34.817+0000] {processor.py:830} INFO - Processing file /opt/airflow/dags/dag_etl_camara_diario.py for tasks to queue
[2026-07-06T15:53:34.818+0000] {logging_mixin.py:188} INFO - [2026-07-06T15:53:34.818+0000] {dagbag.py:538} INFO - Filling up the DagBag from /opt/airflow/dags/dag_etl_camara_diario.py
[2026-07-06T15:53:34.827+0000] {processor.py:840} INFO - DAG(s) 'dag_etl_camara_diario' retrieved from /opt/airflow/dags/dag_etl_camara_diario.py
[2026-07-06T15:53:34.846+0000] {logging_mixin.py:188} INFO - [2026-07-06T15:53:34.846+0000] {dag.py:3036} INFO - Sync 1 DAGs
[2026-07-06T15:53:34.866+0000] {logging_mixin.py:188} INFO - [2026-07-06T15:53:34.866+0000] {dag.py:3823} INFO - Setting next_dagrun for dag_etl_camara_diario to 2026-07-05 03:00:00+00:00, run_after=2026-07-06 03:00:00+00:00
[2026-07-06T15:53:34.882+0000] {processor.py:183} INFO - Processing /opt/airflow/dags/dag_etl_camara_diario.py took 0.068 seconds
[2026-07-06T15:54:05.034+0000] {processor.py:161} INFO - Started process (PID=1938) to work on /opt/airflow/dags/dag_etl_camara_diario.py
[2026-07-06T15:54:05.035+0000] {processor.py:830} INFO - Processing file /opt/airflow/dags/dag_etl_camara_diario.py for tasks to queue
[2026-07-06T15:54:05.035+0000] {logging_mixin.py:188} INFO - [2026-07-06T15:54:05.035+0000] {dagbag.py:538} INFO - Filling up the DagBag from /opt/airflow/dags/dag_etl_camara_diario.py
[2026-07-06T15:54:05.044+0000] {processor.py:840} INFO - DAG(s) 'dag_etl_camara_diario' retrieved from /opt/airflow/dags/dag_etl_camara_diario.py
[2026-07-06T15:54:05.063+0000] {logging_mixin.py:188} INFO - [2026-07-06T15:54:05.063+0000] {dag.py:3036} INFO - Sync 1 DAGs
[2026-07-06T15:54:05.081+0000] {logging_mixin.py:188} INFO - [2026-07-06T15:54:05.081+0000] {dag.py:3823} INFO - Setting next_dagrun for dag_etl_camara_diario to 2026-07-05 03:00:00+00:00, run_after=2026-07-06 03:00:00+00:00
[2026-07-06T15:54:05.096+0000] {processor.py:183} INFO - Processing /opt/airflow/dags/dag_etl_camara_diario.py took 0.065 seconds
[2026-07-06T15:54:35.239+0000] {processor.py:161} INFO - Started process (PID=1953) to work on /opt/airflow/dags/dag_etl_camara_diario.py
[2026-07-06T15:54:35.240+0000] {processor.py:830} INFO - Processing file /opt/airflow/dags/dag_etl_camara_diario.py for tasks to queue
[2026-07-06T15:54:35.240+0000] {logging_mixin.py:188} INFO - [2026-07-06T15:54:35.240+0000] {dagbag.py:538} INFO - Filling up the DagBag from /opt/airflow/dags/dag_etl_camara_diario.py
[2026-07-06T15:54:35.248+0000] {processor.py:840} INFO - DAG(s) 'dag_etl_camara_diario' retrieved from /opt/airflow/dags/dag_etl_camara_diario.py
[2026-07-06T15:54:35.270+0000] {logging_mixin.py:188} INFO - [2026-07-06T15:54:35.270+0000] {dag.py:3036} INFO - Sync 1 DAGs
[2026-07-06T15:54:35.289+0000] {logging_mixin.py:188} INFO - [2026-07-06T15:54:35.288+0000] {dag.py:3823} INFO - Setting next_dagrun for dag_etl_camara_diario to 2026-07-05 03:00:00+00:00, run_after=2026-07-06 03:00:00+00:00
[2026-07-06T15:54:35.304+0000] {processor.py:183} INFO - Processing /opt/airflow/dags/dag_etl_camara_diario.py took 0.067 seconds
[2026-07-06T15:55:05.447+0000] {processor.py:161} INFO - Started process (PID=1968) to work on /opt/airflow/dags/dag_etl_camara_diario.py
[2026-07-06T15:55:05.447+0000] {processor.py:830} INFO - Processing file /opt/airflow/dags/dag_etl_camara_diario.py for tasks to queue
[2026-07-06T15:55:05.448+0000] {logging_mixin.py:188} INFO - [2026-07-06T15:55:05.448+0000] {dagbag.py:538} INFO - Filling up the DagBag from /opt/airflow/dags/dag_etl_camara_diario.py
[2026-07-06T15:55:05.456+0000] {processor.py:840} INFO - DAG(s) 'dag_etl_camara_diario' retrieved from /opt/airflow/dags/dag_etl_camara_diario.py
[2026-07-06T15:55:05.474+0000] {logging_mixin.py:188} INFO - [2026-07-06T15:55:05.474+0000] {dag.py:3036} INFO - Sync 1 DAGs
[2026-07-06T15:55:05.492+0000] {logging_mixin.py:188} INFO - [2026-07-06T15:55:05.492+0000] {dag.py:3823} INFO - Setting next_dagrun for dag_etl_camara_diario to 2026-07-05 03:00:00+00:00, run_after=2026-07-06 03:00:00+00:00
[2026-07-06T15:55:05.508+0000] {processor.py:183} INFO - Processing /opt/airflow/dags/dag_etl_camara_diario.py took 0.064 seconds
[2026-07-06T15:55:35.651+0000] {processor.py:161} INFO - Started process (PID=1983) to work on /opt/airflow/dags/dag_etl_camara_diario.py
[2026-07-06T15:55:35.652+0000] {processor.py:830} INFO - Processing file /opt/airflow/dags/dag_etl_camara_diario.py for tasks to queue
[2026-07-06T15:55:35.653+0000] {logging_mixin.py:188} INFO - [2026-07-06T15:55:35.653+0000] {dagbag.py:538} INFO - Filling up the DagBag from /opt/airflow/dags/dag_etl_camara_diario.py
[2026-07-06T15:55:35.662+0000] {processor.py:840} INFO - DAG(s) 'dag_etl_camara_diario' retrieved from /opt/airflow/dags/dag_etl_camara_diario.py
[2026-07-06T15:55:35.682+0000] {logging_mixin.py:188} INFO - [2026-07-06T15:55:35.681+0000] {dag.py:3036} INFO - Sync 1 DAGs
[2026-07-06T15:55:35.701+0000] {logging_mixin.py:188} INFO - [2026-07-06T15:55:35.701+0000] {dag.py:3823} INFO - Setting next_dagrun for dag_etl_camara_diario to 2026-07-05 03:00:00+00:00, run_after=2026-07-06 03:00:00+00:00
[2026-07-06T15:55:35.716+0000] {processor.py:183} INFO - Processing /opt/airflow/dags/dag_etl_camara_diario.py took 0.068 seconds
[2026-07-06T15:56:05.857+0000] {processor.py:161} INFO - Started process (PID=1998) to work on /opt/airflow/dags/dag_etl_camara_diario.py
[2026-07-06T15:56:05.857+0000] {processor.py:830} INFO - Processing file /opt/airflow/dags/dag_etl_camara_diario.py for tasks to queue
[2026-07-06T15:56:05.858+0000] {logging_mixin.py:188} INFO - [2026-07-06T15:56:05.857+0000] {dagbag.py:538} INFO - Filling up the DagBag from /opt/airflow/dags/dag_etl_camara_diario.py
[2026-07-06T15:56:05.866+0000] {processor.py:840} INFO - DAG(s) 'dag_etl_camara_diario' retrieved from /opt/airflow/dags/dag_etl_camara_diario.py
[2026-07-06T15:56:05.887+0000] {logging_mixin.py:188} INFO - [2026-07-06T15:56:05.886+0000] {dag.py:3036} INFO - Sync 1 DAGs
[2026-07-06T15:56:05.906+0000] {logging_mixin.py:188} INFO - [2026-07-06T15:56:05.906+0000] {dag.py:3823} INFO - Setting next_dagrun for dag_etl_camara_diario to 2026-07-05 03:00:00+00:00, run_after=2026-07-06 03:00:00+00:00
[2026-07-06T15:56:05.921+0000] {processor.py:183} INFO - Processing /opt/airflow/dags/dag_etl_camara_diario.py took 0.067 seconds
[2026-07-06T15:56:36.072+0000] {processor.py:161} INFO - Started process (PID=2013) to work on /opt/airflow/dags/dag_etl_camara_diario.py
[2026-07-06T15:56:36.073+0000] {processor.py:830} INFO - Processing file /opt/airflow/dags/dag_etl_camara_diario.py for tasks to queue
[2026-07-06T15:56:36.074+0000] {logging_mixin.py:188} INFO - [2026-07-06T15:56:36.074+0000] {dagbag.py:538} INFO - Filling up the DagBag from /opt/airflow/dags/dag_etl_camara_diario.py
[2026-07-06T15:56:36.082+0000] {processor.py:840} INFO - DAG(s) 'dag_etl_camara_diario' retrieved from /opt/airflow/dags/dag_etl_camara_diario.py
[2026-07-06T15:56:36.103+0000] {logging_mixin.py:188} INFO - [2026-07-06T15:56:36.103+0000] {dag.py:3036} INFO - Sync 1 DAGs
[2026-07-06T15:56:36.123+0000] {logging_mixin.py:188} INFO - [2026-07-06T15:56:36.123+0000] {dag.py:3823} INFO - Setting next_dagrun for dag_etl_camara_diario to 2026-07-05 03:00:00+00:00, run_after=2026-07-06 03:00:00+00:00
[2026-07-06T15:56:36.144+0000] {processor.py:183} INFO - Processing /opt/airflow/dags/dag_etl_camara_diario.py took 0.075 seconds
[2026-07-06T15:57:06.274+0000] {processor.py:161} INFO - Started process (PID=2028) to work on /opt/airflow/dags/dag_etl_camara_diario.py
[2026-07-06T15:57:06.275+0000] {processor.py:830} INFO - Processing file /opt/airflow/dags/dag_etl_camara_diario.py for tasks to queue
[2026-07-06T15:57:06.275+0000] {logging_mixin.py:188} INFO - [2026-07-06T15:57:06.275+0000] {dagbag.py:538} INFO - Filling up the DagBag from /opt/airflow/dags/dag_etl_camara_diario.py
[2026-07-06T15:57:06.283+0000] {processor.py:840} INFO - DAG(s) 'dag_etl_camara_diario' retrieved from /opt/airflow/dags/dag_etl_camara_diario.py
[2026-07-06T15:57:06.303+0000] {logging_mixin.py:188} INFO - [2026-07-06T15:57:06.303+0000] {dag.py:3036} INFO - Sync 1 DAGs
[2026-07-06T15:57:06.324+0000] {logging_mixin.py:188} INFO - [2026-07-06T15:57:06.324+0000] {dag.py:3823} INFO - Setting next_dagrun for dag_etl_camara_diario to 2026-07-05 03:00:00+00:00, run_after=2026-07-06 03:00:00+00:00
[2026-07-06T15:57:06.340+0000] {processor.py:183} INFO - Processing /opt/airflow/dags/dag_etl_camara_diario.py took 0.069 seconds
[2026-07-06T15:57:36.501+0000] {processor.py:161} INFO - Started process (PID=2043) to work on /opt/airflow/dags/dag_etl_camara_diario.py
[2026-07-06T15:57:36.501+0000] {processor.py:830} INFO - Processing file /opt/airflow/dags/dag_etl_camara_diario.py for tasks to queue
[2026-07-06T15:57:36.502+0000] {logging_mixin.py:188} INFO - [2026-07-06T15:57:36.502+0000] {dagbag.py:538} INFO - Filling up the DagBag from /opt/airflow/dags/dag_etl_camara_diario.py
[2026-07-06T15:57:36.511+0000] {processor.py:840} INFO - DAG(s) 'dag_etl_camara_diario' retrieved from /opt/airflow/dags/dag_etl_camara_diario.py
[2026-07-06T15:57:36.530+0000] {logging_mixin.py:188} INFO - [2026-07-06T15:57:36.530+0000] {dag.py:3036} INFO - Sync 1 DAGs
[2026-07-06T15:57:36.550+0000] {logging_mixin.py:188} INFO - [2026-07-06T15:57:36.550+0000] {dag.py:3823} INFO - Setting next_dagrun for dag_etl_camara_diario to 2026-07-05 03:00:00+00:00, run_after=2026-07-06 03:00:00+00:00
[2026-07-06T15:57:36.567+0000] {processor.py:183} INFO - Processing /opt/airflow/dags/dag_etl_camara_diario.py took 0.069 seconds
[2026-07-06T15:58:06.707+0000] {processor.py:161} INFO - Started process (PID=2058) to work on /opt/airflow/dags/dag_etl_camara_diario.py
[2026-07-06T15:58:06.708+0000] {processor.py:830} INFO - Processing file /opt/airflow/dags/dag_etl_camara_diario.py for tasks to queue
[2026-07-06T15:58:06.708+0000] {logging_mixin.py:188} INFO - [2026-07-06T15:58:06.708+0000] {dagbag.py:538} INFO - Filling up the DagBag from /opt/airflow/dags/dag_etl_camara_diario.py
[2026-07-06T15:58:06.717+0000] {processor.py:840} INFO - DAG(s) 'dag_etl_camara_diario' retrieved from /opt/airflow/dags/dag_etl_camara_diario.py
[2026-07-06T15:58:06.737+0000] {logging_mixin.py:188} INFO - [2026-07-06T15:58:06.736+0000] {dag.py:3036} INFO - Sync 1 DAGs
[2026-07-06T15:58:06.755+0000] {logging_mixin.py:188} INFO - [2026-07-06T15:58:06.754+0000] {dag.py:3823} INFO - Setting next_dagrun for dag_etl_camara_diario to 2026-07-05 03:00:00+00:00, run_after=2026-07-06 03:00:00+00:00
[2026-07-06T15:58:06.771+0000] {processor.py:183} INFO - Processing /opt/airflow/dags/dag_etl_camara_diario.py took 0.067 seconds
[2026-07-06T15:58:36.942+0000] {processor.py:161} INFO - Started process (PID=2073) to work on /opt/airflow/dags/dag_etl_camara_diario.py
[2026-07-06T15:58:36.943+0000] {processor.py:830} INFO - Processing file /opt/airflow/dags/dag_etl_camara_diario.py for tasks to queue
[2026-07-06T15:58:36.943+0000] {logging_mixin.py:188} INFO - [2026-07-06T15:58:36.943+0000] {dagbag.py:538} INFO - Filling up the DagBag from /opt/airflow/dags/dag_etl_camara_diario.py
[2026-07-06T15:58:36.952+0000] {processor.py:840} INFO - DAG(s) 'dag_etl_camara_diario' retrieved from /opt/airflow/dags/dag_etl_camara_diario.py
[2026-07-06T15:58:36.972+0000] {logging_mixin.py:188} INFO - [2026-07-06T15:58:36.972+0000] {dag.py:3036} INFO - Sync 1 DAGs
[2026-07-06T15:58:36.991+0000] {logging_mixin.py:188} INFO - [2026-07-06T15:58:36.991+0000] {dag.py:3823} INFO - Setting next_dagrun for dag_etl_camara_diario to 2026-07-05 03:00:00+00:00, run_after=2026-07-06 03:00:00+00:00
[2026-07-06T15:58:37.009+0000] {processor.py:183} INFO - Processing /opt/airflow/dags/dag_etl_camara_diario.py took 0.070 seconds
[2026-07-06T15:59:07.137+0000] {processor.py:161} INFO - Started process (PID=2088) to work on /opt/airflow/dags/dag_etl_camara_diario.py
[2026-07-06T15:59:07.138+0000] {processor.py:830} INFO - Processing file /opt/airflow/dags/dag_etl_camara_diario.py for tasks to queue
[2026-07-06T15:59:07.138+0000] {logging_mixin.py:188} INFO - [2026-07-06T15:59:07.138+0000] {dagbag.py:538} INFO - Filling up the DagBag from /opt/airflow/dags/dag_etl_camara_diario.py
[2026-07-06T15:59:07.147+0000] {processor.py:840} INFO - DAG(s) 'dag_etl_camara_diario' retrieved from /opt/airflow/dags/dag_etl_camara_diario.py
[2026-07-06T15:59:07.167+0000] {logging_mixin.py:188} INFO - [2026-07-06T15:59:07.167+0000] {dag.py:3036} INFO - Sync 1 DAGs
[2026-07-06T15:59:07.188+0000] {logging_mixin.py:188} INFO - [2026-07-06T15:59:07.188+0000] {dag.py:3823} INFO - Setting next_dagrun for dag_etl_camara_diario to 2026-07-05 03:00:00+00:00, run_after=2026-07-06 03:00:00+00:00
[2026-07-06T15:59:07.205+0000] {processor.py:183} INFO - Processing /opt/airflow/dags/dag_etl_camara_diario.py took 0.070 seconds
[2026-07-06T15:59:37.364+0000] {processor.py:161} INFO - Started process (PID=2103) to work on /opt/airflow/dags/dag_etl_camara_diario.py
[2026-07-06T15:59:37.365+0000] {processor.py:830} INFO - Processing file /opt/airflow/dags/dag_etl_camara_diario.py for tasks to queue
[2026-07-06T15:59:37.365+0000] {logging_mixin.py:188} INFO - [2026-07-06T15:59:37.365+0000] {dagbag.py:538} INFO - Filling up the DagBag from /opt/airflow/dags/dag_etl_camara_diario.py
[2026-07-06T15:59:37.373+0000] {processor.py:840} INFO - DAG(s) 'dag_etl_camara_diario' retrieved from /opt/airflow/dags/dag_etl_camara_diario.py
[2026-07-06T15:59:37.393+0000] {logging_mixin.py:188} INFO - [2026-07-06T15:59:37.393+0000] {dag.py:3036} INFO - Sync 1 DAGs
[2026-07-06T15:59:37.412+0000] {logging_mixin.py:188} INFO - [2026-07-06T15:59:37.412+0000] {dag.py:3823} INFO - Setting next_dagrun for dag_etl_camara_diario to 2026-07-05 03:00:00+00:00, run_after=2026-07-06 03:00:00+00:00
[2026-07-06T15:59:37.429+0000] {processor.py:183} INFO - Processing /opt/airflow/dags/dag_etl_camara_diario.py took 0.068 seconds
[2026-07-06T16:00:07.561+0000] {processor.py:161} INFO - Started process (PID=2118) to work on /opt/airflow/dags/dag_etl_camara_diario.py
[2026-07-06T16:00:07.561+0000] {processor.py:830} INFO - Processing file /opt/airflow/dags/dag_etl_camara_diario.py for tasks to queue
[2026-07-06T16:00:07.562+0000] {logging_mixin.py:188} INFO - [2026-07-06T16:00:07.562+0000] {dagbag.py:538} INFO - Filling up the DagBag from /opt/airflow/dags/dag_etl_camara_diario.py
[2026-07-06T16:00:07.570+0000] {processor.py:840} INFO - DAG(s) 'dag_etl_camara_diario' retrieved from /opt/airflow/dags/dag_etl_camara_diario.py
[2026-07-06T16:00:07.589+0000] {logging_mixin.py:188} INFO - [2026-07-06T16:00:07.589+0000] {dag.py:3036} INFO - Sync 1 DAGs
[2026-07-06T16:00:07.610+0000] {logging_mixin.py:188} INFO - [2026-07-06T16:00:07.609+0000] {dag.py:3823} INFO - Setting next_dagrun for dag_etl_camara_diario to 2026-07-05 03:00:00+00:00, run_after=2026-07-06 03:00:00+00:00
[2026-07-06T16:00:07.626+0000] {processor.py:183} INFO - Processing /opt/airflow/dags/dag_etl_camara_diario.py took 0.068 seconds
[2026-07-06T16:00:37.783+0000] {processor.py:161} INFO - Started process (PID=2133) to work on /opt/airflow/dags/dag_etl_camara_diario.py
[2026-07-06T16:00:37.783+0000] {processor.py:830} INFO - Processing file /opt/airflow/dags/dag_etl_camara_diario.py for tasks to queue
[2026-07-06T16:00:37.784+0000] {logging_mixin.py:188} INFO - [2026-07-06T16:00:37.784+0000] {dagbag.py:538} INFO - Filling up the DagBag from /opt/airflow/dags/dag_etl_camara_diario.py
[2026-07-06T16:00:37.792+0000] {processor.py:840} INFO - DAG(s) 'dag_etl_camara_diario' retrieved from /opt/airflow/dags/dag_etl_camara_diario.py
[2026-07-06T16:00:37.811+0000] {logging_mixin.py:188} INFO - [2026-07-06T16:00:37.811+0000] {dag.py:3036} INFO - Sync 1 DAGs
[2026-07-06T16:00:37.831+0000] {logging_mixin.py:188} INFO - [2026-07-06T16:00:37.831+0000] {dag.py:3823} INFO - Setting next_dagrun for dag_etl_camara_diario to 2026-07-05 03:00:00+00:00, run_after=2026-07-06 03:00:00+00:00
[2026-07-06T16:00:37.848+0000] {processor.py:183} INFO - Processing /opt/airflow/dags/dag_etl_camara_diario.py took 0.068 seconds
[2026-07-06T16:01:07.976+0000] {processor.py:161} INFO - Started process (PID=2148) to work on /opt/airflow/dags/dag_etl_camara_diario.py
[2026-07-06T16:01:07.977+0000] {processor.py:830} INFO - Processing file /opt/airflow/dags/dag_etl_camara_diario.py for tasks to queue
[2026-07-06T16:01:07.977+0000] {logging_mixin.py:188} INFO - [2026-07-06T16:01:07.977+0000] {dagbag.py:538} INFO - Filling up the DagBag from /opt/airflow/dags/dag_etl_camara_diario.py
[2026-07-06T16:01:07.986+0000] {processor.py:840} INFO - DAG(s) 'dag_etl_camara_diario' retrieved from /opt/airflow/dags/dag_etl_camara_diario.py
[2026-07-06T16:01:08.007+0000] {logging_mixin.py:188} INFO - [2026-07-06T16:01:08.007+0000] {dag.py:3036} INFO - Sync 1 DAGs
[2026-07-06T16:01:08.028+0000] {logging_mixin.py:188} INFO - [2026-07-06T16:01:08.027+0000] {dag.py:3823} INFO - Setting next_dagrun for dag_etl_camara_diario to 2026-07-05 03:00:00+00:00, run_after=2026-07-06 03:00:00+00:00
[2026-07-06T16:01:08.045+0000] {processor.py:183} INFO - Processing /opt/airflow/dags/dag_etl_camara_diario.py took 0.071 seconds
[2026-07-06T16:01:38.195+0000] {processor.py:161} INFO - Started process (PID=2163) to work on /opt/airflow/dags/dag_etl_camara_diario.py
[2026-07-06T16:01:38.196+0000] {processor.py:830} INFO - Processing file /opt/airflow/dags/dag_etl_camara_diario.py for tasks to queue
[2026-07-06T16:01:38.197+0000] {logging_mixin.py:188} INFO - [2026-07-06T16:01:38.196+0000] {dagbag.py:538} INFO - Filling up the DagBag from /opt/airflow/dags/dag_etl_camara_diario.py
[2026-07-06T16:01:38.205+0000] {processor.py:840} INFO - DAG(s) 'dag_etl_camara_diario' retrieved from /opt/airflow/dags/dag_etl_camara_diario.py
[2026-07-06T16:01:38.225+0000] {logging_mixin.py:188} INFO - [2026-07-06T16:01:38.225+0000] {dag.py:3036} INFO - Sync 1 DAGs
[2026-07-06T16:01:38.245+0000] {logging_mixin.py:188} INFO - [2026-07-06T16:01:38.245+0000] {dag.py:3823} INFO - Setting next_dagrun for dag_etl_camara_diario to 2026-07-05 03:00:00+00:00, run_after=2026-07-06 03:00:00+00:00
[2026-07-06T16:01:38.260+0000] {processor.py:183} INFO - Processing /opt/airflow/dags/dag_etl_camara_diario.py took 0.068 seconds
[2026-07-06T16:02:08.404+0000] {processor.py:161} INFO - Started process (PID=2178) to work on /opt/airflow/dags/dag_etl_camara_diario.py
[2026-07-06T16:02:08.405+0000] {processor.py:830} INFO - Processing file /opt/airflow/dags/dag_etl_camara_diario.py for tasks to queue
[2026-07-06T16:02:08.405+0000] {logging_mixin.py:188} INFO - [2026-07-06T16:02:08.405+0000] {dagbag.py:538} INFO - Filling up the DagBag from /opt/airflow/dags/dag_etl_camara_diario.py
[2026-07-06T16:02:08.414+0000] {processor.py:840} INFO - DAG(s) 'dag_etl_camara_diario' retrieved from /opt/airflow/dags/dag_etl_camara_diario.py
[2026-07-06T16:02:08.434+0000] {logging_mixin.py:188} INFO - [2026-07-06T16:02:08.434+0000] {dag.py:3036} INFO - Sync 1 DAGs
[2026-07-06T16:02:08.453+0000] {logging_mixin.py:188} INFO - [2026-07-06T16:02:08.453+0000] {dag.py:3823} INFO - Setting next_dagrun for dag_etl_camara_diario to 2026-07-05 03:00:00+00:00, run_after=2026-07-06 03:00:00+00:00
[2026-07-06T16:02:08.470+0000] {processor.py:183} INFO - Processing /opt/airflow/dags/dag_etl_camara_diario.py took 0.069 seconds
[2026-07-06T16:02:38.622+0000] {processor.py:161} INFO - Started process (PID=2193) to work on /opt/airflow/dags/dag_etl_camara_diario.py
[2026-07-06T16:02:38.623+0000] {processor.py:830} INFO - Processing file /opt/airflow/dags/dag_etl_camara_diario.py for tasks to queue
[2026-07-06T16:02:38.624+0000] {logging_mixin.py:188} INFO - [2026-07-06T16:02:38.623+0000] {dagbag.py:538} INFO - Filling up the DagBag from /opt/airflow/dags/dag_etl_camara_diario.py
[2026-07-06T16:02:38.632+0000] {processor.py:840} INFO - DAG(s) 'dag_etl_camara_diario' retrieved from /opt/airflow/dags/dag_etl_camara_diario.py
[2026-07-06T16:02:38.652+0000] {logging_mixin.py:188} INFO - [2026-07-06T16:02:38.652+0000] {dag.py:3036} INFO - Sync 1 DAGs
[2026-07-06T16:02:38.672+0000] {logging_mixin.py:188} INFO - [2026-07-06T16:02:38.672+0000] {dag.py:3823} INFO - Setting next_dagrun for dag_etl_camara_diario to 2026-07-05 03:00:00+00:00, run_after=2026-07-06 03:00:00+00:00
[2026-07-06T16:02:38.687+0000] {processor.py:183} INFO - Processing /opt/airflow/dags/dag_etl_camara_diario.py took 0.067 seconds
[2026-07-06T16:03:08.834+0000] {processor.py:161} INFO - Started process (PID=2208) to work on /opt/airflow/dags/dag_etl_camara_diario.py
[2026-07-06T16:03:08.834+0000] {processor.py:830} INFO - Processing file /opt/airflow/dags/dag_etl_camara_diario.py for tasks to queue
[2026-07-06T16:03:08.835+0000] {logging_mixin.py:188} INFO - [2026-07-06T16:03:08.835+0000] {dagbag.py:538} INFO - Filling up the DagBag from /opt/airflow/dags/dag_etl_camara_diario.py
[2026-07-06T16:03:08.844+0000] {processor.py:840} INFO - DAG(s) 'dag_etl_camara_diario' retrieved from /opt/airflow/dags/dag_etl_camara_diario.py
[2026-07-06T16:03:08.864+0000] {logging_mixin.py:188} INFO - [2026-07-06T16:03:08.864+0000] {dag.py:3036} INFO - Sync 1 DAGs
[2026-07-06T16:03:08.884+0000] {logging_mixin.py:188} INFO - [2026-07-06T16:03:08.884+0000] {dag.py:3823} INFO - Setting next_dagrun for dag_etl_camara_diario to 2026-07-05 03:00:00+00:00, run_after=2026-07-06 03:00:00+00:00
[2026-07-06T16:03:08.899+0000] {processor.py:183} INFO - Processing /opt/airflow/dags/dag_etl_camara_diario.py took 0.068 seconds
[2026-07-06T16:03:39.050+0000] {processor.py:161} INFO - Started process (PID=2223) to work on /opt/airflow/dags/dag_etl_camara_diario.py
[2026-07-06T16:03:39.051+0000] {processor.py:830} INFO - Processing file /opt/airflow/dags/dag_etl_camara_diario.py for tasks to queue
[2026-07-06T16:03:39.052+0000] {logging_mixin.py:188} INFO - [2026-07-06T16:03:39.051+0000] {dagbag.py:538} INFO - Filling up the DagBag from /opt/airflow/dags/dag_etl_camara_diario.py
[2026-07-06T16:03:39.060+0000] {processor.py:840} INFO - DAG(s) 'dag_etl_camara_diario' retrieved from /opt/airflow/dags/dag_etl_camara_diario.py
[2026-07-06T16:03:39.081+0000] {logging_mixin.py:188} INFO - [2026-07-06T16:03:39.081+0000] {dag.py:3036} INFO - Sync 1 DAGs
[2026-07-06T16:03:39.101+0000] {logging_mixin.py:188} INFO - [2026-07-06T16:03:39.101+0000] {dag.py:3823} INFO - Setting next_dagrun for dag_etl_camara_diario to 2026-07-05 03:00:00+00:00, run_after=2026-07-06 03:00:00+00:00
[2026-07-06T16:03:39.117+0000] {processor.py:183} INFO - Processing /opt/airflow/dags/dag_etl_camara_diario.py took 0.071 seconds
[2026-07-06T16:04:09.256+0000] {processor.py:161} INFO - Started process (PID=2238) to work on /opt/airflow/dags/dag_etl_camara_diario.py
[2026-07-06T16:04:09.257+0000] {processor.py:830} INFO - Processing file /opt/airflow/dags/dag_etl_camara_diario.py for tasks to queue
[2026-07-06T16:04:09.258+0000] {logging_mixin.py:188} INFO - [2026-07-06T16:04:09.258+0000] {dagbag.py:538} INFO - Filling up the DagBag from /opt/airflow/dags/dag_etl_camara_diario.py
[2026-07-06T16:04:09.267+0000] {processor.py:840} INFO - DAG(s) 'dag_etl_camara_diario' retrieved from /opt/airflow/dags/dag_etl_camara_diario.py
[2026-07-06T16:04:09.287+0000] {logging_mixin.py:188} INFO - [2026-07-06T16:04:09.287+0000] {dag.py:3036} INFO - Sync 1 DAGs
[2026-07-06T16:04:09.308+0000] {logging_mixin.py:188} INFO - [2026-07-06T16:04:09.308+0000] {dag.py:3823} INFO - Setting next_dagrun for dag_etl_camara_diario to 2026-07-05 03:00:00+00:00, run_after=2026-07-06 03:00:00+00:00
[2026-07-06T16:04:09.324+0000] {processor.py:183} INFO - Processing /opt/airflow/dags/dag_etl_camara_diario.py took 0.070 seconds
[2026-07-06T16:04:39.472+0000] {processor.py:161} INFO - Started process (PID=2253) to work on /opt/airflow/dags/dag_etl_camara_diario.py
[2026-07-06T16:04:39.472+0000] {processor.py:830} INFO - Processing file /opt/airflow/dags/dag_etl_camara_diario.py for tasks to queue
[2026-07-06T16:04:39.473+0000] {logging_mixin.py:188} INFO - [2026-07-06T16:04:39.473+0000] {dagbag.py:538} INFO - Filling up the DagBag from /opt/airflow/dags/dag_etl_camara_diario.py
[2026-07-06T16:04:39.481+0000] {processor.py:840} INFO - DAG(s) 'dag_etl_camara_diario' retrieved from /opt/airflow/dags/dag_etl_camara_diario.py
[2026-07-06T16:04:39.500+0000] {logging_mixin.py:188} INFO - [2026-07-06T16:04:39.500+0000] {dag.py:3036} INFO - Sync 1 DAGs
[2026-07-06T16:04:39.520+0000] {logging_mixin.py:188} INFO - [2026-07-06T16:04:39.520+0000] {dag.py:3823} INFO - Setting next_dagrun for dag_etl_camara_diario to 2026-07-05 03:00:00+00:00, run_after=2026-07-06 03:00:00+00:00
[2026-07-06T16:04:39.537+0000] {processor.py:183} INFO - Processing /opt/airflow/dags/dag_etl_camara_diario.py took 0.068 seconds
[2026-07-06T16:05:09.677+0000] {processor.py:161} INFO - Started process (PID=2268) to work on /opt/airflow/dags/dag_etl_camara_diario.py
[2026-07-06T16:05:09.678+0000] {processor.py:830} INFO - Processing file /opt/airflow/dags/dag_etl_camara_diario.py for tasks to queue
[2026-07-06T16:05:09.678+0000] {logging_mixin.py:188} INFO - [2026-07-06T16:05:09.678+0000] {dagbag.py:538} INFO - Filling up the DagBag from /opt/airflow/dags/dag_etl_camara_diario.py
[2026-07-06T16:05:09.687+0000] {processor.py:840} INFO - DAG(s) 'dag_etl_camara_diario' retrieved from /opt/airflow/dags/dag_etl_camara_diario.py
[2026-07-06T16:05:09.706+0000] {logging_mixin.py:188} INFO - [2026-07-06T16:05:09.705+0000] {dag.py:3036} INFO - Sync 1 DAGs
[2026-07-06T16:05:09.725+0000] {logging_mixin.py:188} INFO - [2026-07-06T16:05:09.725+0000] {dag.py:3823} INFO - Setting next_dagrun for dag_etl_camara_diario to 2026-07-05 03:00:00+00:00, run_after=2026-07-06 03:00:00+00:00
[2026-07-06T16:05:09.741+0000] {processor.py:183} INFO - Processing /opt/airflow/dags/dag_etl_camara_diario.py took 0.066 seconds
[2026-07-06T16:05:39.890+0000] {processor.py:161} INFO - Started process (PID=2283) to work on /opt/airflow/dags/dag_etl_camara_diario.py
[2026-07-06T16:05:39.891+0000] {processor.py:830} INFO - Processing file /opt/airflow/dags/dag_etl_camara_diario.py for tasks to queue
[2026-07-06T16:05:39.892+0000] {logging_mixin.py:188} INFO - [2026-07-06T16:05:39.892+0000] {dagbag.py:538} INFO - Filling up the DagBag from /opt/airflow/dags/dag_etl_camara_diario.py
[2026-07-06T16:05:39.901+0000] {processor.py:840} INFO - DAG(s) 'dag_etl_camara_diario' retrieved from /opt/airflow/dags/dag_etl_camara_diario.py
[2026-07-06T16:05:39.920+0000] {logging_mixin.py:188} INFO - [2026-07-06T16:05:39.920+0000] {dag.py:3036} INFO - Sync 1 DAGs
[2026-07-06T16:05:39.939+0000] {logging_mixin.py:188} INFO - [2026-07-06T16:05:39.939+0000] {dag.py:3823} INFO - Setting next_dagrun for dag_etl_camara_diario to 2026-07-05 03:00:00+00:00, run_after=2026-07-06 03:00:00+00:00
[2026-07-06T16:05:39.954+0000] {processor.py:183} INFO - Processing /opt/airflow/dags/dag_etl_camara_diario.py took 0.067 seconds
[2026-07-06T16:06:10.087+0000] {processor.py:161} INFO - Started process (PID=2298) to work on /opt/airflow/dags/dag_etl_camara_diario.py
[2026-07-06T16:06:10.088+0000] {processor.py:830} INFO - Processing file /opt/airflow/dags/dag_etl_camara_diario.py for tasks to queue
[2026-07-06T16:06:10.088+0000] {logging_mixin.py:188} INFO - [2026-07-06T16:06:10.088+0000] {dagbag.py:538} INFO - Filling up the DagBag from /opt/airflow/dags/dag_etl_camara_diario.py
[2026-07-06T16:06:10.097+0000] {processor.py:840} INFO - DAG(s) 'dag_etl_camara_diario' retrieved from /opt/airflow/dags/dag_etl_camara_diario.py
[2026-07-06T16:06:10.117+0000] {logging_mixin.py:188} INFO - [2026-07-06T16:06:10.117+0000] {dag.py:3036} INFO - Sync 1 DAGs
[2026-07-06T16:06:10.136+0000] {logging_mixin.py:188} INFO - [2026-07-06T16:06:10.136+0000] {dag.py:3823} INFO - Setting next_dagrun for dag_etl_camara_diario to 2026-07-05 03:00:00+00:00, run_after=2026-07-06 03:00:00+00:00
[2026-07-06T16:06:10.152+0000] {processor.py:183} INFO - Processing /opt/airflow/dags/dag_etl_camara_diario.py took 0.068 seconds
[2026-07-06T16:06:40.300+0000] {processor.py:161} INFO - Started process (PID=2313) to work on /opt/airflow/dags/dag_etl_camara_diario.py
[2026-07-06T16:06:40.301+0000] {processor.py:830} INFO - Processing file /opt/airflow/dags/dag_etl_camara_diario.py for tasks to queue
[2026-07-06T16:06:40.302+0000] {logging_mixin.py:188} INFO - [2026-07-06T16:06:40.301+0000] {dagbag.py:538} INFO - Filling up the DagBag from /opt/airflow/dags/dag_etl_camara_diario.py
[2026-07-06T16:06:40.310+0000] {processor.py:840} INFO - DAG(s) 'dag_etl_camara_diario' retrieved from /opt/airflow/dags/dag_etl_camara_diario.py
[2026-07-06T16:06:40.330+0000] {logging_mixin.py:188} INFO - [2026-07-06T16:06:40.329+0000] {dag.py:3036} INFO - Sync 1 DAGs
[2026-07-06T16:06:40.349+0000] {logging_mixin.py:188} INFO - [2026-07-06T16:06:40.349+0000] {dag.py:3823} INFO - Setting next_dagrun for dag_etl_camara_diario to 2026-07-05 03:00:00+00:00, run_after=2026-07-06 03:00:00+00:00
[2026-07-06T16:06:40.362+0000] {processor.py:183} INFO - Processing /opt/airflow/dags/dag_etl_camara_diario.py took 0.065 seconds
[2026-07-06T16:07:10.503+0000] {processor.py:161} INFO - Started process (PID=2328) to work on /opt/airflow/dags/dag_etl_camara_diario.py
[2026-07-06T16:07:10.503+0000] {processor.py:830} INFO - Processing file /opt/airflow/dags/dag_etl_camara_diario.py for tasks to queue
[2026-07-06T16:07:10.504+0000] {logging_mixin.py:188} INFO - [2026-07-06T16:07:10.504+0000] {dagbag.py:538} INFO - Filling up the DagBag from /opt/airflow/dags/dag_etl_camara_diario.py
[2026-07-06T16:07:10.512+0000] {processor.py:840} INFO - DAG(s) 'dag_etl_camara_diario' retrieved from /opt/airflow/dags/dag_etl_camara_diario.py
[2026-07-06T16:07:10.533+0000] {logging_mixin.py:188} INFO - [2026-07-06T16:07:10.533+0000] {dag.py:3036} INFO - Sync 1 DAGs
[2026-07-06T16:07:10.555+0000] {logging_mixin.py:188} INFO - [2026-07-06T16:07:10.554+0000] {dag.py:3823} INFO - Setting next_dagrun for dag_etl_camara_diario to 2026-07-05 03:00:00+00:00, run_after=2026-07-06 03:00:00+00:00
[2026-07-06T16:07:10.568+0000] {processor.py:183} INFO - Processing /opt/airflow/dags/dag_etl_camara_diario.py took 0.068 seconds
[2026-07-06T16:07:40.704+0000] {processor.py:161} INFO - Started process (PID=2343) to work on /opt/airflow/dags/dag_etl_camara_diario.py
[2026-07-06T16:07:40.705+0000] {processor.py:830} INFO - Processing file /opt/airflow/dags/dag_etl_camara_diario.py for tasks to queue
[2026-07-06T16:07:40.705+0000] {logging_mixin.py:188} INFO - [2026-07-06T16:07:40.705+0000] {dagbag.py:538} INFO - Filling up the DagBag from /opt/airflow/dags/dag_etl_camara_diario.py
[2026-07-06T16:07:40.713+0000] {processor.py:840} INFO - DAG(s) 'dag_etl_camara_diario' retrieved from /opt/airflow/dags/dag_etl_camara_diario.py
[2026-07-06T16:07:40.732+0000] {logging_mixin.py:188} INFO - [2026-07-06T16:07:40.732+0000] {dag.py:3036} INFO - Sync 1 DAGs
[2026-07-06T16:07:40.750+0000] {logging_mixin.py:188} INFO - [2026-07-06T16:07:40.750+0000] {dag.py:3823} INFO - Setting next_dagrun for dag_etl_camara_diario to 2026-07-05 03:00:00+00:00, run_after=2026-07-06 03:00:00+00:00
[2026-07-06T16:07:40.763+0000] {processor.py:183} INFO - Processing /opt/airflow/dags/dag_etl_camara_diario.py took 0.061 seconds
[2026-07-06T16:08:10.910+0000] {processor.py:161} INFO - Started process (PID=2358) to work on /opt/airflow/dags/dag_etl_camara_diario.py
[2026-07-06T16:08:10.910+0000] {processor.py:830} INFO - Processing file /opt/airflow/dags/dag_etl_camara_diario.py for tasks to queue
[2026-07-06T16:08:10.911+0000] {logging_mixin.py:188} INFO - [2026-07-06T16:08:10.910+0000] {dagbag.py:538} INFO - Filling up the DagBag from /opt/airflow/dags/dag_etl_camara_diario.py
[2026-07-06T16:08:10.919+0000] {processor.py:840} INFO - DAG(s) 'dag_etl_camara_diario' retrieved from /opt/airflow/dags/dag_etl_camara_diario.py
[2026-07-06T16:08:10.939+0000] {logging_mixin.py:188} INFO - [2026-07-06T16:08:10.939+0000] {dag.py:3036} INFO - Sync 1 DAGs
[2026-07-06T16:08:10.960+0000] {logging_mixin.py:188} INFO - [2026-07-06T16:08:10.959+0000] {dag.py:3823} INFO - Setting next_dagrun for dag_etl_camara_diario to 2026-07-05 03:00:00+00:00, run_after=2026-07-06 03:00:00+00:00
[2026-07-06T16:08:10.976+0000] {processor.py:183} INFO - Processing /opt/airflow/dags/dag_etl_camara_diario.py took 0.069 seconds
[2026-07-06T16:08:41.130+0000] {processor.py:161} INFO - Started process (PID=2373) to work on /opt/airflow/dags/dag_etl_camara_diario.py
[2026-07-06T16:08:41.131+0000] {processor.py:830} INFO - Processing file /opt/airflow/dags/dag_etl_camara_diario.py for tasks to queue
[2026-07-06T16:08:41.131+0000] {logging_mixin.py:188} INFO - [2026-07-06T16:08:41.131+0000] {dagbag.py:538} INFO - Filling up the DagBag from /opt/airflow/dags/dag_etl_camara_diario.py
[2026-07-06T16:08:41.140+0000] {processor.py:840} INFO - DAG(s) 'dag_etl_camara_diario' retrieved from /opt/airflow/dags/dag_etl_camara_diario.py
[2026-07-06T16:08:41.159+0000] {logging_mixin.py:188} INFO - [2026-07-06T16:08:41.159+0000] {dag.py:3036} INFO - Sync 1 DAGs
[2026-07-06T16:08:41.178+0000] {logging_mixin.py:188} INFO - [2026-07-06T16:08:41.178+0000] {dag.py:3823} INFO - Setting next_dagrun for dag_etl_camara_diario to 2026-07-05 03:00:00+00:00, run_after=2026-07-06 03:00:00+00:00
[2026-07-06T16:08:41.194+0000] {processor.py:183} INFO - Processing /opt/airflow/dags/dag_etl_camara_diario.py took 0.067 seconds
[2026-07-06T16:09:11.326+0000] {processor.py:161} INFO - Started process (PID=2388) to work on /opt/airflow/dags/dag_etl_camara_diario.py
[2026-07-06T16:09:11.327+0000] {processor.py:830} INFO - Processing file /opt/airflow/dags/dag_etl_camara_diario.py for tasks to queue
[2026-07-06T16:09:11.328+0000] {logging_mixin.py:188} INFO - [2026-07-06T16:09:11.327+0000] {dagbag.py:538} INFO - Filling up the DagBag from /opt/airflow/dags/dag_etl_camara_diario.py
[2026-07-06T16:09:11.336+0000] {processor.py:840} INFO - DAG(s) 'dag_etl_camara_diario' retrieved from /opt/airflow/dags/dag_etl_camara_diario.py
[2026-07-06T16:09:11.356+0000] {logging_mixin.py:188} INFO - [2026-07-06T16:09:11.356+0000] {dag.py:3036} INFO - Sync 1 DAGs
[2026-07-06T16:09:11.376+0000] {logging_mixin.py:188} INFO - [2026-07-06T16:09:11.376+0000] {dag.py:3823} INFO - Setting next_dagrun for dag_etl_camara_diario to 2026-07-05 03:00:00+00:00, run_after=2026-07-06 03:00:00+00:00
[2026-07-06T16:09:11.393+0000] {processor.py:183} INFO - Processing /opt/airflow/dags/dag_etl_camara_diario.py took 0.070 seconds
[2026-07-06T16:09:41.552+0000] {processor.py:161} INFO - Started process (PID=2403) to work on /opt/airflow/dags/dag_etl_camara_diario.py
[2026-07-06T16:09:41.552+0000] {processor.py:830} INFO - Processing file /opt/airflow/dags/dag_etl_camara_diario.py for tasks to queue
[2026-07-06T16:09:41.553+0000] {logging_mixin.py:188} INFO - [2026-07-06T16:09:41.553+0000] {dagbag.py:538} INFO - Filling up the DagBag from /opt/airflow/dags/dag_etl_camara_diario.py
[2026-07-06T16:09:41.562+0000] {processor.py:840} INFO - DAG(s) 'dag_etl_camara_diario' retrieved from /opt/airflow/dags/dag_etl_camara_diario.py
[2026-07-06T16:09:41.581+0000] {logging_mixin.py:188} INFO - [2026-07-06T16:09:41.581+0000] {dag.py:3036} INFO - Sync 1 DAGs
[2026-07-06T16:09:41.600+0000] {logging_mixin.py:188} INFO - [2026-07-06T16:09:41.600+0000] {dag.py:3823} INFO - Setting next_dagrun for dag_etl_camara_diario to 2026-07-05 03:00:00+00:00, run_after=2026-07-06 03:00:00+00:00
[2026-07-06T16:09:41.617+0000] {processor.py:183} INFO - Processing /opt/airflow/dags/dag_etl_camara_diario.py took 0.068 seconds
[2026-07-06T16:10:11.757+0000] {processor.py:161} INFO - Started process (PID=2418) to work on /opt/airflow/dags/dag_etl_camara_diario.py
[2026-07-06T16:10:11.757+0000] {processor.py:830} INFO - Processing file /opt/airflow/dags/dag_etl_camara_diario.py for tasks to queue
[2026-07-06T16:10:11.758+0000] {logging_mixin.py:188} INFO - [2026-07-06T16:10:11.758+0000] {dagbag.py:538} INFO - Filling up the DagBag from /opt/airflow/dags/dag_etl_camara_diario.py
[2026-07-06T16:10:11.766+0000] {processor.py:840} INFO - DAG(s) 'dag_etl_camara_diario' retrieved from /opt/airflow/dags/dag_etl_camara_diario.py
[2026-07-06T16:10:11.787+0000] {logging_mixin.py:188} INFO - [2026-07-06T16:10:11.786+0000] {dag.py:3036} INFO - Sync 1 DAGs
[2026-07-06T16:10:11.806+0000] {logging_mixin.py:188} INFO - [2026-07-06T16:10:11.806+0000] {dag.py:3823} INFO - Setting next_dagrun for dag_etl_camara_diario to 2026-07-05 03:00:00+00:00, run_after=2026-07-06 03:00:00+00:00
[2026-07-06T16:10:11.823+0000] {processor.py:183} INFO - Processing /opt/airflow/dags/dag_etl_camara_diario.py took 0.069 seconds
[2026-07-06T16:10:41.972+0000] {processor.py:161} INFO - Started process (PID=2433) to work on /opt/airflow/dags/dag_etl_camara_diario.py
[2026-07-06T16:10:41.973+0000] {processor.py:830} INFO - Processing file /opt/airflow/dags/dag_etl_camara_diario.py for tasks to queue
[2026-07-06T16:10:41.973+0000] {logging_mixin.py:188} INFO - [2026-07-06T16:10:41.973+0000] {dagbag.py:538} INFO - Filling up the DagBag from /opt/airflow/dags/dag_etl_camara_diario.py
[2026-07-06T16:10:41.982+0000] {processor.py:840} INFO - DAG(s) 'dag_etl_camara_diario' retrieved from /opt/airflow/dags/dag_etl_camara_diario.py
[2026-07-06T16:10:42.002+0000] {logging_mixin.py:188} INFO - [2026-07-06T16:10:42.002+0000] {dag.py:3036} INFO - Sync 1 DAGs
[2026-07-06T16:10:42.021+0000] {logging_mixin.py:188} INFO - [2026-07-06T16:10:42.021+0000] {dag.py:3823} INFO - Setting next_dagrun for dag_etl_camara_diario to 2026-07-05 03:00:00+00:00, run_after=2026-07-06 03:00:00+00:00
[2026-07-06T16:10:42.038+0000] {processor.py:183} INFO - Processing /opt/airflow/dags/dag_etl_camara_diario.py took 0.069 seconds
[2026-07-06T16:11:12.176+0000] {processor.py:161} INFO - Started process (PID=2448) to work on /opt/airflow/dags/dag_etl_camara_diario.py
[2026-07-06T16:11:12.177+0000] {processor.py:830} INFO - Processing file /opt/airflow/dags/dag_etl_camara_diario.py for tasks to queue
[2026-07-06T16:11:12.177+0000] {logging_mixin.py:188} INFO - [2026-07-06T16:11:12.177+0000] {dagbag.py:538} INFO - Filling up the DagBag from /opt/airflow/dags/dag_etl_camara_diario.py
[2026-07-06T16:11:12.185+0000] {processor.py:840} INFO - DAG(s) 'dag_etl_camara_diario' retrieved from /opt/airflow/dags/dag_etl_camara_diario.py
[2026-07-06T16:11:12.204+0000] {logging_mixin.py:188} INFO - [2026-07-06T16:11:12.204+0000] {dag.py:3036} INFO - Sync 1 DAGs
[2026-07-06T16:11:12.224+0000] {logging_mixin.py:188} INFO - [2026-07-06T16:11:12.224+0000] {dag.py:3823} INFO - Setting next_dagrun for dag_etl_camara_diario to 2026-07-05 03:00:00+00:00, run_after=2026-07-06 03:00:00+00:00
[2026-07-06T16:11:12.243+0000] {processor.py:183} INFO - Processing /opt/airflow/dags/dag_etl_camara_diario.py took 0.070 seconds
[2026-07-06T16:11:42.397+0000] {processor.py:161} INFO - Started process (PID=2463) to work on /opt/airflow/dags/dag_etl_camara_diario.py
[2026-07-06T16:11:42.398+0000] {processor.py:830} INFO - Processing file /opt/airflow/dags/dag_etl_camara_diario.py for tasks to queue
[2026-07-06T16:11:42.398+0000] {logging_mixin.py:188} INFO - [2026-07-06T16:11:42.398+0000] {dagbag.py:538} INFO - Filling up the DagBag from /opt/airflow/dags/dag_etl_camara_diario.py
[2026-07-06T16:11:42.407+0000] {processor.py:840} INFO - DAG(s) 'dag_etl_camara_diario' retrieved from /opt/airflow/dags/dag_etl_camara_diario.py
[2026-07-06T16:11:42.427+0000] {logging_mixin.py:188} INFO - [2026-07-06T16:11:42.426+0000] {dag.py:3036} INFO - Sync 1 DAGs
[2026-07-06T16:11:42.446+0000] {logging_mixin.py:188} INFO - [2026-07-06T16:11:42.446+0000] {dag.py:3823} INFO - Setting next_dagrun for dag_etl_camara_diario to 2026-07-05 03:00:00+00:00, run_after=2026-07-06 03:00:00+00:00
[2026-07-06T16:11:42.462+0000] {processor.py:183} INFO - Processing /opt/airflow/dags/dag_etl_camara_diario.py took 0.068 seconds
[2026-07-06T16:12:12.601+0000] {processor.py:161} INFO - Started process (PID=2478) to work on /opt/airflow/dags/dag_etl_camara_diario.py
[2026-07-06T16:12:12.602+0000] {processor.py:830} INFO - Processing file /opt/airflow/dags/dag_etl_camara_diario.py for tasks to queue
[2026-07-06T16:12:12.602+0000] {logging_mixin.py:188} INFO - [2026-07-06T16:12:12.602+0000] {dagbag.py:538} INFO - Filling up the DagBag from /opt/airflow/dags/dag_etl_camara_diario.py
[2026-07-06T16:12:12.611+0000] {processor.py:840} INFO - DAG(s) 'dag_etl_camara_diario' retrieved from /opt/airflow/dags/dag_etl_camara_diario.py
[2026-07-06T16:12:12.631+0000] {logging_mixin.py:188} INFO - [2026-07-06T16:12:12.631+0000] {dag.py:3036} INFO - Sync 1 DAGs
[2026-07-06T16:12:12.651+0000] {logging_mixin.py:188} INFO - [2026-07-06T16:12:12.651+0000] {dag.py:3823} INFO - Setting next_dagrun for dag_etl_camara_diario to 2026-07-05 03:00:00+00:00, run_after=2026-07-06 03:00:00+00:00
[2026-07-06T16:12:12.667+0000] {processor.py:183} INFO - Processing /opt/airflow/dags/dag_etl_camara_diario.py took 0.069 seconds
[2026-07-06T16:12:42.818+0000] {processor.py:161} INFO - Started process (PID=2493) to work on /opt/airflow/dags/dag_etl_camara_diario.py
[2026-07-06T16:12:42.819+0000] {processor.py:830} INFO - Processing file /opt/airflow/dags/dag_etl_camara_diario.py for tasks to queue
[2026-07-06T16:12:42.819+0000] {logging_mixin.py:188} INFO - [2026-07-06T16:12:42.819+0000] {dagbag.py:538} INFO - Filling up the DagBag from /opt/airflow/dags/dag_etl_camara_diario.py
[2026-07-06T16:12:42.828+0000] {processor.py:840} INFO - DAG(s) 'dag_etl_camara_diario' retrieved from /opt/airflow/dags/dag_etl_camara_diario.py
[2026-07-06T16:12:42.850+0000] {logging_mixin.py:188} INFO - [2026-07-06T16:12:42.849+0000] {dag.py:3036} INFO - Sync 1 DAGs
[2026-07-06T16:12:42.871+0000] {logging_mixin.py:188} INFO - [2026-07-06T16:12:42.871+0000] {dag.py:3823} INFO - Setting next_dagrun for dag_etl_camara_diario to 2026-07-05 03:00:00+00:00, run_after=2026-07-06 03:00:00+00:00
[2026-07-06T16:12:42.889+0000] {processor.py:183} INFO - Processing /opt/airflow/dags/dag_etl_camara_diario.py took 0.074 seconds
[2026-07-06T16:13:13.024+0000] {processor.py:161} INFO - Started process (PID=2508) to work on /opt/airflow/dags/dag_etl_camara_diario.py
[2026-07-06T16:13:13.025+0000] {processor.py:830} INFO - Processing file /opt/airflow/dags/dag_etl_camara_diario.py for tasks to queue
[2026-07-06T16:13:13.025+0000] {logging_mixin.py:188} INFO - [2026-07-06T16:13:13.025+0000] {dagbag.py:538} INFO - Filling up the DagBag from /opt/airflow/dags/dag_etl_camara_diario.py
[2026-07-06T16:13:13.034+0000] {processor.py:840} INFO - DAG(s) 'dag_etl_camara_diario' retrieved from /opt/airflow/dags/dag_etl_camara_diario.py
[2026-07-06T16:13:13.055+0000] {logging_mixin.py:188} INFO - [2026-07-06T16:13:13.054+0000] {dag.py:3036} INFO - Sync 1 DAGs
[2026-07-06T16:13:13.075+0000] {logging_mixin.py:188} INFO - [2026-07-06T16:13:13.075+0000] {dag.py:3823} INFO - Setting next_dagrun for dag_etl_camara_diario to 2026-07-05 03:00:00+00:00, run_after=2026-07-06 03:00:00+00:00
[2026-07-06T16:13:13.092+0000] {processor.py:183} INFO - Processing /opt/airflow/dags/dag_etl_camara_diario.py took 0.071 seconds
[2026-07-06T16:13:43.251+0000] {processor.py:161} INFO - Started process (PID=2523) to work on /opt/airflow/dags/dag_etl_camara_diario.py
[2026-07-06T16:13:43.252+0000] {processor.py:830} INFO - Processing file /opt/airflow/dags/dag_etl_camara_diario.py for tasks to queue
[2026-07-06T16:13:43.252+0000] {logging_mixin.py:188} INFO - [2026-07-06T16:13:43.252+0000] {dagbag.py:538} INFO - Filling up the DagBag from /opt/airflow/dags/dag_etl_camara_diario.py
[2026-07-06T16:13:43.260+0000] {processor.py:840} INFO - DAG(s) 'dag_etl_camara_diario' retrieved from /opt/airflow/dags/dag_etl_camara_diario.py
[2026-07-06T16:13:43.280+0000] {logging_mixin.py:188} INFO - [2026-07-06T16:13:43.279+0000] {dag.py:3036} INFO - Sync 1 DAGs
[2026-07-06T16:13:43.300+0000] {logging_mixin.py:188} INFO - [2026-07-06T16:13:43.299+0000] {dag.py:3823} INFO - Setting next_dagrun for dag_etl_camara_diario to 2026-07-05 03:00:00+00:00, run_after=2026-07-06 03:00:00+00:00
[2026-07-06T16:13:43.316+0000] {processor.py:183} INFO - Processing /opt/airflow/dags/dag_etl_camara_diario.py took 0.068 seconds
[2026-07-06T16:14:13.454+0000] {processor.py:161} INFO - Started process (PID=2538) to work on /opt/airflow/dags/dag_etl_camara_diario.py
[2026-07-06T16:14:13.454+0000] {processor.py:830} INFO - Processing file /opt/airflow/dags/dag_etl_camara_diario.py for tasks to queue
[2026-07-06T16:14:13.455+0000] {logging_mixin.py:188} INFO - [2026-07-06T16:14:13.454+0000] {dagbag.py:538} INFO - Filling up the DagBag from /opt/airflow/dags/dag_etl_camara_diario.py
[2026-07-06T16:14:13.463+0000] {processor.py:840} INFO - DAG(s) 'dag_etl_camara_diario' retrieved from /opt/airflow/dags/dag_etl_camara_diario.py
[2026-07-06T16:14:13.483+0000] {logging_mixin.py:188} INFO - [2026-07-06T16:14:13.483+0000] {dag.py:3036} INFO - Sync 1 DAGs
[2026-07-06T16:14:13.503+0000] {logging_mixin.py:188} INFO - [2026-07-06T16:14:13.502+0000] {dag.py:3823} INFO - Setting next_dagrun for dag_etl_camara_diario to 2026-07-05 03:00:00+00:00, run_after=2026-07-06 03:00:00+00:00
[2026-07-06T16:14:13.518+0000] {processor.py:183} INFO - Processing /opt/airflow/dags/dag_etl_camara_diario.py took 0.068 seconds
[2026-07-06T16:14:43.678+0000] {processor.py:161} INFO - Started process (PID=2553) to work on /opt/airflow/dags/dag_etl_camara_diario.py
[2026-07-06T16:14:43.679+0000] {processor.py:830} INFO - Processing file /opt/airflow/dags/dag_etl_camara_diario.py for tasks to queue
[2026-07-06T16:14:43.680+0000] {logging_mixin.py:188} INFO - [2026-07-06T16:14:43.680+0000] {dagbag.py:538} INFO - Filling up the DagBag from /opt/airflow/dags/dag_etl_camara_diario.py
[2026-07-06T16:14:43.688+0000] {processor.py:840} INFO - DAG(s) 'dag_etl_camara_diario' retrieved from /opt/airflow/dags/dag_etl_camara_diario.py
[2026-07-06T16:14:43.707+0000] {logging_mixin.py:188} INFO - [2026-07-06T16:14:43.707+0000] {dag.py:3036} INFO - Sync 1 DAGs
[2026-07-06T16:14:43.727+0000] {logging_mixin.py:188} INFO - [2026-07-06T16:14:43.727+0000] {dag.py:3823} INFO - Setting next_dagrun for dag_etl_camara_diario to 2026-07-05 03:00:00+00:00, run_after=2026-07-06 03:00:00+00:00
[2026-07-06T16:14:43.742+0000] {processor.py:183} INFO - Processing /opt/airflow/dags/dag_etl_camara_diario.py took 0.066 seconds
[2026-07-06T16:15:13.872+0000] {processor.py:161} INFO - Started process (PID=2568) to work on /opt/airflow/dags/dag_etl_camara_diario.py
[2026-07-06T16:15:13.873+0000] {processor.py:830} INFO - Processing file /opt/airflow/dags/dag_etl_camara_diario.py for tasks to queue
[2026-07-06T16:15:13.873+0000] {logging_mixin.py:188} INFO - [2026-07-06T16:15:13.873+0000] {dagbag.py:538} INFO - Filling up the DagBag from /opt/airflow/dags/dag_etl_camara_diario.py
[2026-07-06T16:15:13.882+0000] {processor.py:840} INFO - DAG(s) 'dag_etl_camara_diario' retrieved from /opt/airflow/dags/dag_etl_camara_diario.py
[2026-07-06T16:15:13.903+0000] {logging_mixin.py:188} INFO - [2026-07-06T16:15:13.902+0000] {dag.py:3036} INFO - Sync 1 DAGs
[2026-07-06T16:15:13.923+0000] {logging_mixin.py:188} INFO - [2026-07-06T16:15:13.923+0000] {dag.py:3823} INFO - Setting next_dagrun for dag_etl_camara_diario to 2026-07-05 03:00:00+00:00, run_after=2026-07-06 03:00:00+00:00
[2026-07-06T16:15:13.939+0000] {processor.py:183} INFO - Processing /opt/airflow/dags/dag_etl_camara_diario.py took 0.069 seconds
[2026-07-06T16:15:44.092+0000] {processor.py:161} INFO - Started process (PID=2583) to work on /opt/airflow/dags/dag_etl_camara_diario.py
[2026-07-06T16:15:44.093+0000] {processor.py:830} INFO - Processing file /opt/airflow/dags/dag_etl_camara_diario.py for tasks to queue
[2026-07-06T16:15:44.094+0000] {logging_mixin.py:188} INFO - [2026-07-06T16:15:44.094+0000] {dagbag.py:538} INFO - Filling up the DagBag from /opt/airflow/dags/dag_etl_camara_diario.py
[2026-07-06T16:15:44.103+0000] {processor.py:840} INFO - DAG(s) 'dag_etl_camara_diario' retrieved from /opt/airflow/dags/dag_etl_camara_diario.py
[2026-07-06T16:15:44.121+0000] {logging_mixin.py:188} INFO - [2026-07-06T16:15:44.121+0000] {dag.py:3036} INFO - Sync 1 DAGs
[2026-07-06T16:15:44.140+0000] {logging_mixin.py:188} INFO - [2026-07-06T16:15:44.140+0000] {dag.py:3823} INFO - Setting next_dagrun for dag_etl_camara_diario to 2026-07-05 03:00:00+00:00, run_after=2026-07-06 03:00:00+00:00
[2026-07-06T16:15:44.156+0000] {processor.py:183} INFO - Processing /opt/airflow/dags/dag_etl_camara_diario.py took 0.066 seconds
[2026-07-06T16:16:14.290+0000] {processor.py:161} INFO - Started process (PID=2598) to work on /opt/airflow/dags/dag_etl_camara_diario.py
[2026-07-06T16:16:14.290+0000] {processor.py:830} INFO - Processing file /opt/airflow/dags/dag_etl_camara_diario.py for tasks to queue
[2026-07-06T16:16:14.291+0000] {logging_mixin.py:188} INFO - [2026-07-06T16:16:14.291+0000] {dagbag.py:538} INFO - Filling up the DagBag from /opt/airflow/dags/dag_etl_camara_diario.py
[2026-07-06T16:16:14.300+0000] {processor.py:840} INFO - DAG(s) 'dag_etl_camara_diario' retrieved from /opt/airflow/dags/dag_etl_camara_diario.py
[2026-07-06T16:16:14.321+0000] {logging_mixin.py:188} INFO - [2026-07-06T16:16:14.321+0000] {dag.py:3036} INFO - Sync 1 DAGs
[2026-07-06T16:16:14.341+0000] {logging_mixin.py:188} INFO - [2026-07-06T16:16:14.341+0000] {dag.py:3823} INFO - Setting next_dagrun for dag_etl_camara_diario to 2026-07-05 03:00:00+00:00, run_after=2026-07-06 03:00:00+00:00
[2026-07-06T16:16:14.356+0000] {processor.py:183} INFO - Processing /opt/airflow/dags/dag_etl_camara_diario.py took 0.069 seconds
[2026-07-06T16:16:44.508+0000] {processor.py:161} INFO - Started process (PID=2613) to work on /opt/airflow/dags/dag_etl_camara_diario.py
[2026-07-06T16:16:44.509+0000] {processor.py:830} INFO - Processing file /opt/airflow/dags/dag_etl_camara_diario.py for tasks to queue
[2026-07-06T16:16:44.510+0000] {logging_mixin.py:188} INFO - [2026-07-06T16:16:44.509+0000] {dagbag.py:538} INFO - Filling up the DagBag from /opt/airflow/dags/dag_etl_camara_diario.py
[2026-07-06T16:16:44.519+0000] {processor.py:840} INFO - DAG(s) 'dag_etl_camara_diario' retrieved from /opt/airflow/dags/dag_etl_camara_diario.py
[2026-07-06T16:16:44.539+0000] {logging_mixin.py:188} INFO - [2026-07-06T16:16:44.538+0000] {dag.py:3036} INFO - Sync 1 DAGs
[2026-07-06T16:16:44.558+0000] {logging_mixin.py:188} INFO - [2026-07-06T16:16:44.558+0000] {dag.py:3823} INFO - Setting next_dagrun for dag_etl_camara_diario to 2026-07-05 03:00:00+00:00, run_after=2026-07-06 03:00:00+00:00
[2026-07-06T16:16:44.575+0000] {processor.py:183} INFO - Processing /opt/airflow/dags/dag_etl_camara_diario.py took 0.069 seconds
[2026-07-06T16:17:14.709+0000] {processor.py:161} INFO - Started process (PID=2628) to work on /opt/airflow/dags/dag_etl_camara_diario.py
[2026-07-06T16:17:14.710+0000] {processor.py:830} INFO - Processing file /opt/airflow/dags/dag_etl_camara_diario.py for tasks to queue
[2026-07-06T16:17:14.710+0000] {logging_mixin.py:188} INFO - [2026-07-06T16:17:14.710+0000] {dagbag.py:538} INFO - Filling up the DagBag from /opt/airflow/dags/dag_etl_camara_diario.py
[2026-07-06T16:17:14.720+0000] {processor.py:840} INFO - DAG(s) 'dag_etl_camara_diario' retrieved from /opt/airflow/dags/dag_etl_camara_diario.py
[2026-07-06T16:17:14.740+0000] {logging_mixin.py:188} INFO - [2026-07-06T16:17:14.740+0000] {dag.py:3036} INFO - Sync 1 DAGs
[2026-07-06T16:17:14.760+0000] {logging_mixin.py:188} INFO - [2026-07-06T16:17:14.759+0000] {dag.py:3823} INFO - Setting next_dagrun for dag_etl_camara_diario to 2026-07-05 03:00:00+00:00, run_after=2026-07-06 03:00:00+00:00
[2026-07-06T16:17:14.775+0000] {processor.py:183} INFO - Processing /opt/airflow/dags/dag_etl_camara_diario.py took 0.069 seconds
[2026-07-06T16:17:44.949+0000] {processor.py:161} INFO - Started process (PID=2643) to work on /opt/airflow/dags/dag_etl_camara_diario.py
[2026-07-06T16:17:44.950+0000] {processor.py:830} INFO - Processing file /opt/airflow/dags/dag_etl_camara_diario.py for tasks to queue
[2026-07-06T16:17:44.950+0000] {logging_mixin.py:188} INFO - [2026-07-06T16:17:44.950+0000] {dagbag.py:538} INFO - Filling up the DagBag from /opt/airflow/dags/dag_etl_camara_diario.py
[2026-07-06T16:17:44.960+0000] {processor.py:840} INFO - DAG(s) 'dag_etl_camara_diario' retrieved from /opt/airflow/dags/dag_etl_camara_diario.py
[2026-07-06T16:17:44.982+0000] {logging_mixin.py:188} INFO - [2026-07-06T16:17:44.982+0000] {dag.py:3036} INFO - Sync 1 DAGs
[2026-07-06T16:17:45.005+0000] {logging_mixin.py:188} INFO - [2026-07-06T16:17:45.004+0000] {dag.py:3823} INFO - Setting next_dagrun for dag_etl_camara_diario to 2026-07-05 03:00:00+00:00, run_after=2026-07-06 03:00:00+00:00
[2026-07-06T16:17:45.022+0000] {processor.py:183} INFO - Processing /opt/airflow/dags/dag_etl_camara_diario.py took 0.077 seconds
[2026-07-06T16:18:15.163+0000] {processor.py:161} INFO - Started process (PID=2658) to work on /opt/airflow/dags/dag_etl_camara_diario.py
[2026-07-06T16:18:15.163+0000] {processor.py:830} INFO - Processing file /opt/airflow/dags/dag_etl_camara_diario.py for tasks to queue
[2026-07-06T16:18:15.164+0000] {logging_mixin.py:188} INFO - [2026-07-06T16:18:15.164+0000] {dagbag.py:538} INFO - Filling up the DagBag from /opt/airflow/dags/dag_etl_camara_diario.py
[2026-07-06T16:18:15.174+0000] {processor.py:840} INFO - DAG(s) 'dag_etl_camara_diario' retrieved from /opt/airflow/dags/dag_etl_camara_diario.py
[2026-07-06T16:18:15.195+0000] {logging_mixin.py:188} INFO - [2026-07-06T16:18:15.195+0000] {dag.py:3036} INFO - Sync 1 DAGs
[2026-07-06T16:18:15.217+0000] {logging_mixin.py:188} INFO - [2026-07-06T16:18:15.217+0000] {dag.py:3823} INFO - Setting next_dagrun for dag_etl_camara_diario to 2026-07-05 03:00:00+00:00, run_after=2026-07-06 03:00:00+00:00
[2026-07-06T16:18:15.236+0000] {processor.py:183} INFO - Processing /opt/airflow/dags/dag_etl_camara_diario.py took 0.076 seconds
[2026-07-06T16:18:45.419+0000] {processor.py:161} INFO - Started process (PID=2673) to work on /opt/airflow/dags/dag_etl_camara_diario.py
[2026-07-06T16:18:45.420+0000] {processor.py:830} INFO - Processing file /opt/airflow/dags/dag_etl_camara_diario.py for tasks to queue
[2026-07-06T16:18:45.421+0000] {logging_mixin.py:188} INFO - [2026-07-06T16:18:45.420+0000] {dagbag.py:538} INFO - Filling up the DagBag from /opt/airflow/dags/dag_etl_camara_diario.py
[2026-07-06T16:18:45.429+0000] {processor.py:840} INFO - DAG(s) 'dag_etl_camara_diario' retrieved from /opt/airflow/dags/dag_etl_camara_diario.py
[2026-07-06T16:18:45.448+0000] {logging_mixin.py:188} INFO - [2026-07-06T16:18:45.448+0000] {dag.py:3036} INFO - Sync 1 DAGs
[2026-07-06T16:18:45.466+0000] {logging_mixin.py:188} INFO - [2026-07-06T16:18:45.466+0000] {dag.py:3823} INFO - Setting next_dagrun for dag_etl_camara_diario to 2026-07-05 03:00:00+00:00, run_after=2026-07-06 03:00:00+00:00
[2026-07-06T16:18:45.482+0000] {processor.py:183} INFO - Processing /opt/airflow/dags/dag_etl_camara_diario.py took 0.066 seconds
[2026-07-06T16:19:15.618+0000] {processor.py:161} INFO - Started process (PID=2688) to work on /opt/airflow/dags/dag_etl_camara_diario.py
[2026-07-06T16:19:15.618+0000] {processor.py:830} INFO - Processing file /opt/airflow/dags/dag_etl_camara_diario.py for tasks to queue
[2026-07-06T16:19:15.619+0000] {logging_mixin.py:188} INFO - [2026-07-06T16:19:15.619+0000] {dagbag.py:538} INFO - Filling up the DagBag from /opt/airflow/dags/dag_etl_camara_diario.py
[2026-07-06T16:19:15.628+0000] {processor.py:840} INFO - DAG(s) 'dag_etl_camara_diario' retrieved from /opt/airflow/dags/dag_etl_camara_diario.py
[2026-07-06T16:19:15.649+0000] {logging_mixin.py:188} INFO - [2026-07-06T16:19:15.649+0000] {dag.py:3036} INFO - Sync 1 DAGs
[2026-07-06T16:19:15.672+0000] {logging_mixin.py:188} INFO - [2026-07-06T16:19:15.671+0000] {dag.py:3823} INFO - Setting next_dagrun for dag_etl_camara_diario to 2026-07-05 03:00:00+00:00, run_after=2026-07-06 03:00:00+00:00
[2026-07-06T16:19:15.692+0000] {processor.py:183} INFO - Processing /opt/airflow/dags/dag_etl_camara_diario.py took 0.078 seconds
[2026-07-06T16:19:45.855+0000] {processor.py:161} INFO - Started process (PID=2703) to work on /opt/airflow/dags/dag_etl_camara_diario.py
[2026-07-06T16:19:45.856+0000] {processor.py:830} INFO - Processing file /opt/airflow/dags/dag_etl_camara_diario.py for tasks to queue
[2026-07-06T16:19:45.857+0000] {logging_mixin.py:188} INFO - [2026-07-06T16:19:45.857+0000] {dagbag.py:538} INFO - Filling up the DagBag from /opt/airflow/dags/dag_etl_camara_diario.py
[2026-07-06T16:19:45.866+0000] {processor.py:840} INFO - DAG(s) 'dag_etl_camara_diario' retrieved from /opt/airflow/dags/dag_etl_camara_diario.py
[2026-07-06T16:19:45.886+0000] {logging_mixin.py:188} INFO - [2026-07-06T16:19:45.886+0000] {dag.py:3036} INFO - Sync 1 DAGs
[2026-07-06T16:19:45.907+0000] {logging_mixin.py:188} INFO - [2026-07-06T16:19:45.906+0000] {dag.py:3823} INFO - Setting next_dagrun for dag_etl_camara_diario to 2026-07-05 03:00:00+00:00, run_after=2026-07-06 03:00:00+00:00
[2026-07-06T16:19:45.923+0000] {processor.py:183} INFO - Processing /opt/airflow/dags/dag_etl_camara_diario.py took 0.070 seconds
[2026-07-06T16:20:16.074+0000] {processor.py:161} INFO - Started process (PID=2718) to work on /opt/airflow/dags/dag_etl_camara_diario.py
[2026-07-06T16:20:16.074+0000] {processor.py:830} INFO - Processing file /opt/airflow/dags/dag_etl_camara_diario.py for tasks to queue
[2026-07-06T16:20:16.075+0000] {logging_mixin.py:188} INFO - [2026-07-06T16:20:16.075+0000] {dagbag.py:538} INFO - Filling up the DagBag from /opt/airflow/dags/dag_etl_camara_diario.py
[2026-07-06T16:20:16.083+0000] {processor.py:840} INFO - DAG(s) 'dag_etl_camara_diario' retrieved from /opt/airflow/dags/dag_etl_camara_diario.py
[2026-07-06T16:20:16.104+0000] {logging_mixin.py:188} INFO - [2026-07-06T16:20:16.104+0000] {dag.py:3036} INFO - Sync 1 DAGs
[2026-07-06T16:20:16.124+0000] {logging_mixin.py:188} INFO - [2026-07-06T16:20:16.124+0000] {dag.py:3823} INFO - Setting next_dagrun for dag_etl_camara_diario to 2026-07-05 03:00:00+00:00, run_after=2026-07-06 03:00:00+00:00
[2026-07-06T16:20:16.141+0000] {processor.py:183} INFO - Processing /opt/airflow/dags/dag_etl_camara_diario.py took 0.070 seconds
[2026-07-06T16:20:46.302+0000] {processor.py:161} INFO - Started process (PID=2733) to work on /opt/airflow/dags/dag_etl_camara_diario.py
[2026-07-06T16:20:46.302+0000] {processor.py:830} INFO - Processing file /opt/airflow/dags/dag_etl_camara_diario.py for tasks to queue
[2026-07-06T16:20:46.303+0000] {logging_mixin.py:188} INFO - [2026-07-06T16:20:46.303+0000] {dagbag.py:538} INFO - Filling up the DagBag from /opt/airflow/dags/dag_etl_camara_diario.py
[2026-07-06T16:20:46.312+0000] {processor.py:840} INFO - DAG(s) 'dag_etl_camara_diario' retrieved from /opt/airflow/dags/dag_etl_camara_diario.py
[2026-07-06T16:20:46.332+0000] {logging_mixin.py:188} INFO - [2026-07-06T16:20:46.332+0000] {dag.py:3036} INFO - Sync 1 DAGs
[2026-07-06T16:20:46.351+0000] {logging_mixin.py:188} INFO - [2026-07-06T16:20:46.351+0000] {dag.py:3823} INFO - Setting next_dagrun for dag_etl_camara_diario to 2026-07-05 03:00:00+00:00, run_after=2026-07-06 03:00:00+00:00
[2026-07-06T16:20:46.367+0000] {processor.py:183} INFO - Processing /opt/airflow/dags/dag_etl_camara_diario.py took 0.068 seconds
[2026-07-06T16:21:16.505+0000] {processor.py:161} INFO - Started process (PID=2748) to work on /opt/airflow/dags/dag_etl_camara_diario.py
[2026-07-06T16:21:16.505+0000] {processor.py:830} INFO - Processing file /opt/airflow/dags/dag_etl_camara_diario.py for tasks to queue
[2026-07-06T16:21:16.506+0000] {logging_mixin.py:188} INFO - [2026-07-06T16:21:16.506+0000] {dagbag.py:538} INFO - Filling up the DagBag from /opt/airflow/dags/dag_etl_camara_diario.py
[2026-07-06T16:21:16.515+0000] {processor.py:840} INFO - DAG(s) 'dag_etl_camara_diario' retrieved from /opt/airflow/dags/dag_etl_camara_diario.py
[2026-07-06T16:21:16.534+0000] {logging_mixin.py:188} INFO - [2026-07-06T16:21:16.534+0000] {dag.py:3036} INFO - Sync 1 DAGs
[2026-07-06T16:21:16.552+0000] {logging_mixin.py:188} INFO - [2026-07-06T16:21:16.552+0000] {dag.py:3823} INFO - Setting next_dagrun for dag_etl_camara_diario to 2026-07-05 03:00:00+00:00, run_after=2026-07-06 03:00:00+00:00
[2026-07-06T16:21:16.568+0000] {processor.py:183} INFO - Processing /opt/airflow/dags/dag_etl_camara_diario.py took 0.067 seconds
[2026-07-06T16:21:28.665+0000] {processor.py:161} INFO - Started process (PID=2758) to work on /opt/airflow/dags/dag_etl_camara_diario.py
[2026-07-06T16:21:28.665+0000] {processor.py:830} INFO - Processing file /opt/airflow/dags/dag_etl_camara_diario.py for tasks to queue
[2026-07-06T16:21:28.666+0000] {logging_mixin.py:188} INFO - [2026-07-06T16:21:28.666+0000] {dagbag.py:538} INFO - Filling up the DagBag from /opt/airflow/dags/dag_etl_camara_diario.py
[2026-07-06T16:21:28.675+0000] {processor.py:840} INFO - DAG(s) 'dag_etl_camara_diario' retrieved from /opt/airflow/dags/dag_etl_camara_diario.py
[2026-07-06T16:21:28.698+0000] {logging_mixin.py:188} INFO - [2026-07-06T16:21:28.698+0000] {dag.py:3036} INFO - Sync 1 DAGs
[2026-07-06T16:21:28.721+0000] {logging_mixin.py:188} INFO - [2026-07-06T16:21:28.721+0000] {dag.py:3823} INFO - Setting next_dagrun for dag_etl_camara_diario to 2026-07-05 03:00:00+00:00, run_after=2026-07-06 03:00:00+00:00
[2026-07-06T16:21:28.743+0000] {processor.py:183} INFO - Processing /opt/airflow/dags/dag_etl_camara_diario.py took 0.081 seconds
[2026-07-06T16:21:58.851+0000] {processor.py:161} INFO - Started process (PID=2773) to work on /opt/airflow/dags/dag_etl_camara_diario.py
[2026-07-06T16:21:58.851+0000] {processor.py:830} INFO - Processing file /opt/airflow/dags/dag_etl_camara_diario.py for tasks to queue
[2026-07-06T16:21:58.852+0000] {logging_mixin.py:188} INFO - [2026-07-06T16:21:58.852+0000] {dagbag.py:538} INFO - Filling up the DagBag from /opt/airflow/dags/dag_etl_camara_diario.py
[2026-07-06T16:21:58.864+0000] {processor.py:840} INFO - DAG(s) 'dag_etl_camara_diario' retrieved from /opt/airflow/dags/dag_etl_camara_diario.py
[2026-07-06T16:21:58.885+0000] {logging_mixin.py:188} INFO - [2026-07-06T16:21:58.885+0000] {dag.py:3036} INFO - Sync 1 DAGs
[2026-07-06T16:21:58.908+0000] {logging_mixin.py:188} INFO - [2026-07-06T16:21:58.908+0000] {dag.py:3823} INFO - Setting next_dagrun for dag_etl_camara_diario to 2026-07-05 03:00:00+00:00, run_after=2026-07-06 03:00:00+00:00
[2026-07-06T16:21:58.927+0000] {processor.py:183} INFO - Processing /opt/airflow/dags/dag_etl_camara_diario.py took 0.079 seconds
[2026-07-06T16:22:29.052+0000] {processor.py:161} INFO - Started process (PID=2788) to work on /opt/airflow/dags/dag_etl_camara_diario.py
[2026-07-06T16:22:29.053+0000] {processor.py:830} INFO - Processing file /opt/airflow/dags/dag_etl_camara_diario.py for tasks to queue
[2026-07-06T16:22:29.053+0000] {logging_mixin.py:188} INFO - [2026-07-06T16:22:29.053+0000] {dagbag.py:538} INFO - Filling up the DagBag from /opt/airflow/dags/dag_etl_camara_diario.py
[2026-07-06T16:22:29.062+0000] {processor.py:840} INFO - DAG(s) 'dag_etl_camara_diario' retrieved from /opt/airflow/dags/dag_etl_camara_diario.py
[2026-07-06T16:22:29.083+0000] {logging_mixin.py:188} INFO - [2026-07-06T16:22:29.083+0000] {dag.py:3036} INFO - Sync 1 DAGs
[2026-07-06T16:22:29.103+0000] {logging_mixin.py:188} INFO - [2026-07-06T16:22:29.103+0000] {dag.py:3823} INFO - Setting next_dagrun for dag_etl_camara_diario to 2026-07-05 03:00:00+00:00, run_after=2026-07-06 03:00:00+00:00
[2026-07-06T16:22:29.121+0000] {processor.py:183} INFO - Processing /opt/airflow/dags/dag_etl_camara_diario.py took 0.072 seconds
[2026-07-06T16:30:37.724+0000] {processor.py:161} INFO - Started process (PID=168) to work on /opt/airflow/dags/dag_etl_camara_diario.py
[2026-07-06T16:30:37.725+0000] {processor.py:830} INFO - Processing file /opt/airflow/dags/dag_etl_camara_diario.py for tasks to queue
[2026-07-06T16:30:37.726+0000] {logging_mixin.py:188} INFO - [2026-07-06T16:30:37.726+0000] {dagbag.py:538} INFO - Filling up the DagBag from /opt/airflow/dags/dag_etl_camara_diario.py
[2026-07-06T16:30:37.741+0000] {processor.py:840} INFO - DAG(s) 'dag_etl_camara_diario' retrieved from /opt/airflow/dags/dag_etl_camara_diario.py
[2026-07-06T16:30:37.781+0000] {logging_mixin.py:188} INFO - [2026-07-06T16:30:37.781+0000] {dag.py:3036} INFO - Sync 1 DAGs
[2026-07-06T16:30:37.806+0000] {logging_mixin.py:188} INFO - [2026-07-06T16:30:37.806+0000] {dag.py:3823} INFO - Setting next_dagrun for dag_etl_camara_diario to 2026-07-05 03:00:00+00:00, run_after=2026-07-06 03:00:00+00:00
[2026-07-06T16:30:37.826+0000] {processor.py:183} INFO - Processing /opt/airflow/dags/dag_etl_camara_diario.py took 0.104 seconds
[2026-07-06T16:31:07.955+0000] {processor.py:161} INFO - Started process (PID=184) to work on /opt/airflow/dags/dag_etl_camara_diario.py
[2026-07-06T16:31:07.956+0000] {processor.py:830} INFO - Processing file /opt/airflow/dags/dag_etl_camara_diario.py for tasks to queue
[2026-07-06T16:31:07.956+0000] {logging_mixin.py:188} INFO - [2026-07-06T16:31:07.956+0000] {dagbag.py:538} INFO - Filling up the DagBag from /opt/airflow/dags/dag_etl_camara_diario.py
[2026-07-06T16:31:07.966+0000] {processor.py:840} INFO - DAG(s) 'dag_etl_camara_diario' retrieved from /opt/airflow/dags/dag_etl_camara_diario.py
[2026-07-06T16:31:07.988+0000] {logging_mixin.py:188} INFO - [2026-07-06T16:31:07.988+0000] {dag.py:3036} INFO - Sync 1 DAGs
[2026-07-06T16:31:08.012+0000] {logging_mixin.py:188} INFO - [2026-07-06T16:31:08.012+0000] {dag.py:3823} INFO - Setting next_dagrun for dag_etl_camara_diario to 2026-07-05 03:00:00+00:00, run_after=2026-07-06 03:00:00+00:00
[2026-07-06T16:31:08.034+0000] {processor.py:183} INFO - Processing /opt/airflow/dags/dag_etl_camara_diario.py took 0.081 seconds
[2026-07-06T16:31:38.166+0000] {processor.py:161} INFO - Started process (PID=199) to work on /opt/airflow/dags/dag_etl_camara_diario.py
[2026-07-06T16:31:38.167+0000] {processor.py:830} INFO - Processing file /opt/airflow/dags/dag_etl_camara_diario.py for tasks to queue
[2026-07-06T16:31:38.168+0000] {logging_mixin.py:188} INFO - [2026-07-06T16:31:38.168+0000] {dagbag.py:538} INFO - Filling up the DagBag from /opt/airflow/dags/dag_etl_camara_diario.py
[2026-07-06T16:31:38.177+0000] {processor.py:840} INFO - DAG(s) 'dag_etl_camara_diario' retrieved from /opt/airflow/dags/dag_etl_camara_diario.py
[2026-07-06T16:31:38.199+0000] {logging_mixin.py:188} INFO - [2026-07-06T16:31:38.199+0000] {dag.py:3036} INFO - Sync 1 DAGs
[2026-07-06T16:31:38.220+0000] {logging_mixin.py:188} INFO - [2026-07-06T16:31:38.220+0000] {dag.py:3823} INFO - Setting next_dagrun for dag_etl_camara_diario to 2026-07-05 03:00:00+00:00, run_after=2026-07-06 03:00:00+00:00
[2026-07-06T16:31:38.241+0000] {processor.py:183} INFO - Processing /opt/airflow/dags/dag_etl_camara_diario.py took 0.077 seconds
[2026-07-06T16:32:08.370+0000] {processor.py:161} INFO - Started process (PID=214) to work on /opt/airflow/dags/dag_etl_camara_diario.py
[2026-07-06T16:32:08.371+0000] {processor.py:830} INFO - Processing file /opt/airflow/dags/dag_etl_camara_diario.py for tasks to queue
[2026-07-06T16:32:08.372+0000] {logging_mixin.py:188} INFO - [2026-07-06T16:32:08.371+0000] {dagbag.py:538} INFO - Filling up the DagBag from /opt/airflow/dags/dag_etl_camara_diario.py
[2026-07-06T16:32:08.382+0000] {processor.py:840} INFO - DAG(s) 'dag_etl_camara_diario' retrieved from /opt/airflow/dags/dag_etl_camara_diario.py
[2026-07-06T16:32:08.404+0000] {logging_mixin.py:188} INFO - [2026-07-06T16:32:08.404+0000] {dag.py:3036} INFO - Sync 1 DAGs
[2026-07-06T16:32:08.426+0000] {logging_mixin.py:188} INFO - [2026-07-06T16:32:08.426+0000] {dag.py:3823} INFO - Setting next_dagrun for dag_etl_camara_diario to 2026-07-05 03:00:00+00:00, run_after=2026-07-06 03:00:00+00:00
[2026-07-06T16:32:08.444+0000] {processor.py:183} INFO - Processing /opt/airflow/dags/dag_etl_camara_diario.py took 0.077 seconds
[2026-07-06T16:32:38.569+0000] {processor.py:161} INFO - Started process (PID=234) to work on /opt/airflow/dags/dag_etl_camara_diario.py
[2026-07-06T16:32:38.570+0000] {processor.py:830} INFO - Processing file /opt/airflow/dags/dag_etl_camara_diario.py for tasks to queue
[2026-07-06T16:32:38.571+0000] {logging_mixin.py:188} INFO - [2026-07-06T16:32:38.571+0000] {dagbag.py:538} INFO - Filling up the DagBag from /opt/airflow/dags/dag_etl_camara_diario.py
[2026-07-06T16:32:38.581+0000] {processor.py:840} INFO - DAG(s) 'dag_etl_camara_diario' retrieved from /opt/airflow/dags/dag_etl_camara_diario.py
[2026-07-06T16:32:38.604+0000] {logging_mixin.py:188} INFO - [2026-07-06T16:32:38.604+0000] {dag.py:3036} INFO - Sync 1 DAGs
[2026-07-06T16:32:38.647+0000] {logging_mixin.py:188} INFO - [2026-07-06T16:32:38.647+0000] {dag.py:3823} INFO - Setting next_dagrun for dag_etl_camara_diario to 2026-07-06 03:00:00+00:00, run_after=2026-07-07 03:00:00+00:00
[2026-07-06T16:32:38.663+0000] {processor.py:183} INFO - Processing /opt/airflow/dags/dag_etl_camara_diario.py took 0.097 seconds
[2026-07-06T16:33:08.775+0000] {processor.py:161} INFO - Started process (PID=249) to work on /opt/airflow/dags/dag_etl_camara_diario.py
[2026-07-06T16:33:08.775+0000] {processor.py:830} INFO - Processing file /opt/airflow/dags/dag_etl_camara_diario.py for tasks to queue
[2026-07-06T16:33:08.776+0000] {logging_mixin.py:188} INFO - [2026-07-06T16:33:08.776+0000] {dagbag.py:538} INFO - Filling up the DagBag from /opt/airflow/dags/dag_etl_camara_diario.py
[2026-07-06T16:33:08.785+0000] {processor.py:840} INFO - DAG(s) 'dag_etl_camara_diario' retrieved from /opt/airflow/dags/dag_etl_camara_diario.py
[2026-07-06T16:33:08.808+0000] {logging_mixin.py:188} INFO - [2026-07-06T16:33:08.808+0000] {dag.py:3036} INFO - Sync 1 DAGs
[2026-07-06T16:33:08.833+0000] {logging_mixin.py:188} INFO - [2026-07-06T16:33:08.832+0000] {dag.py:3823} INFO - Setting next_dagrun for dag_etl_camara_diario to 2026-07-06 03:00:00+00:00, run_after=2026-07-07 03:00:00+00:00
[2026-07-06T16:33:08.849+0000] {processor.py:183} INFO - Processing /opt/airflow/dags/dag_etl_camara_diario.py took 0.076 seconds
[2026-07-06T16:33:38.972+0000] {processor.py:161} INFO - Started process (PID=264) to work on /opt/airflow/dags/dag_etl_camara_diario.py
[2026-07-06T16:33:38.973+0000] {processor.py:830} INFO - Processing file /opt/airflow/dags/dag_etl_camara_diario.py for tasks to queue
[2026-07-06T16:33:38.974+0000] {logging_mixin.py:188} INFO - [2026-07-06T16:33:38.973+0000] {dagbag.py:538} INFO - Filling up the DagBag from /opt/airflow/dags/dag_etl_camara_diario.py
[2026-07-06T16:33:38.984+0000] {processor.py:840} INFO - DAG(s) 'dag_etl_camara_diario' retrieved from /opt/airflow/dags/dag_etl_camara_diario.py
[2026-07-06T16:33:39.006+0000] {logging_mixin.py:188} INFO - [2026-07-06T16:33:39.006+0000] {dag.py:3036} INFO - Sync 1 DAGs
[2026-07-06T16:33:39.030+0000] {logging_mixin.py:188} INFO - [2026-07-06T16:33:39.029+0000] {dag.py:3823} INFO - Setting next_dagrun for dag_etl_camara_diario to 2026-07-06 03:00:00+00:00, run_after=2026-07-07 03:00:00+00:00
[2026-07-06T16:33:39.048+0000] {processor.py:183} INFO - Processing /opt/airflow/dags/dag_etl_camara_diario.py took 0.079 seconds
[2026-07-06T16:34:09.166+0000] {processor.py:161} INFO - Started process (PID=279) to work on /opt/airflow/dags/dag_etl_camara_diario.py
[2026-07-06T16:34:09.167+0000] {processor.py:830} INFO - Processing file /opt/airflow/dags/dag_etl_camara_diario.py for tasks to queue
[2026-07-06T16:34:09.167+0000] {logging_mixin.py:188} INFO - [2026-07-06T16:34:09.167+0000] {dagbag.py:538} INFO - Filling up the DagBag from /opt/airflow/dags/dag_etl_camara_diario.py
[2026-07-06T16:34:09.177+0000] {processor.py:840} INFO - DAG(s) 'dag_etl_camara_diario' retrieved from /opt/airflow/dags/dag_etl_camara_diario.py
[2026-07-06T16:34:09.198+0000] {logging_mixin.py:188} INFO - [2026-07-06T16:34:09.198+0000] {dag.py:3036} INFO - Sync 1 DAGs
[2026-07-06T16:34:09.222+0000] {logging_mixin.py:188} INFO - [2026-07-06T16:34:09.222+0000] {dag.py:3823} INFO - Setting next_dagrun for dag_etl_camara_diario to 2026-07-06 03:00:00+00:00, run_after=2026-07-07 03:00:00+00:00
[2026-07-06T16:34:09.245+0000] {processor.py:183} INFO - Processing /opt/airflow/dags/dag_etl_camara_diario.py took 0.082 seconds
[2026-07-06T16:34:39.359+0000] {processor.py:161} INFO - Started process (PID=294) to work on /opt/airflow/dags/dag_etl_camara_diario.py
[2026-07-06T16:34:39.361+0000] {processor.py:830} INFO - Processing file /opt/airflow/dags/dag_etl_camara_diario.py for tasks to queue
[2026-07-06T16:34:39.361+0000] {logging_mixin.py:188} INFO - [2026-07-06T16:34:39.361+0000] {dagbag.py:538} INFO - Filling up the DagBag from /opt/airflow/dags/dag_etl_camara_diario.py
[2026-07-06T16:34:39.371+0000] {processor.py:840} INFO - DAG(s) 'dag_etl_camara_diario' retrieved from /opt/airflow/dags/dag_etl_camara_diario.py
[2026-07-06T16:34:39.394+0000] {logging_mixin.py:188} INFO - [2026-07-06T16:34:39.394+0000] {dag.py:3036} INFO - Sync 1 DAGs
[2026-07-06T16:34:39.417+0000] {logging_mixin.py:188} INFO - [2026-07-06T16:34:39.417+0000] {dag.py:3823} INFO - Setting next_dagrun for dag_etl_camara_diario to 2026-07-06 03:00:00+00:00, run_after=2026-07-07 03:00:00+00:00
[2026-07-06T16:34:39.440+0000] {processor.py:183} INFO - Processing /opt/airflow/dags/dag_etl_camara_diario.py took 0.083 seconds
[2026-07-06T16:35:09.561+0000] {processor.py:161} INFO - Started process (PID=309) to work on /opt/airflow/dags/dag_etl_camara_diario.py
[2026-07-06T16:35:09.562+0000] {processor.py:830} INFO - Processing file /opt/airflow/dags/dag_etl_camara_diario.py for tasks to queue
[2026-07-06T16:35:09.563+0000] {logging_mixin.py:188} INFO - [2026-07-06T16:35:09.563+0000] {dagbag.py:538} INFO - Filling up the DagBag from /opt/airflow/dags/dag_etl_camara_diario.py
[2026-07-06T16:35:09.574+0000] {processor.py:840} INFO - DAG(s) 'dag_etl_camara_diario' retrieved from /opt/airflow/dags/dag_etl_camara_diario.py
[2026-07-06T16:35:09.599+0000] {logging_mixin.py:188} INFO - [2026-07-06T16:35:09.599+0000] {dag.py:3036} INFO - Sync 1 DAGs
[2026-07-06T16:35:09.625+0000] {logging_mixin.py:188} INFO - [2026-07-06T16:35:09.625+0000] {dag.py:3823} INFO - Setting next_dagrun for dag_etl_camara_diario to 2026-07-06 03:00:00+00:00, run_after=2026-07-07 03:00:00+00:00
[2026-07-06T16:35:09.642+0000] {processor.py:183} INFO - Processing /opt/airflow/dags/dag_etl_camara_diario.py took 0.083 seconds
[2026-07-06T16:35:39.781+0000] {processor.py:161} INFO - Started process (PID=324) to work on /opt/airflow/dags/dag_etl_camara_diario.py
[2026-07-06T16:35:39.782+0000] {processor.py:830} INFO - Processing file /opt/airflow/dags/dag_etl_camara_diario.py for tasks to queue
[2026-07-06T16:35:39.782+0000] {logging_mixin.py:188} INFO - [2026-07-06T16:35:39.782+0000] {dagbag.py:538} INFO - Filling up the DagBag from /opt/airflow/dags/dag_etl_camara_diario.py
[2026-07-06T16:35:39.792+0000] {processor.py:840} INFO - DAG(s) 'dag_etl_camara_diario' retrieved from /opt/airflow/dags/dag_etl_camara_diario.py
[2026-07-06T16:35:39.814+0000] {logging_mixin.py:188} INFO - [2026-07-06T16:35:39.813+0000] {dag.py:3036} INFO - Sync 1 DAGs
[2026-07-06T16:35:39.838+0000] {logging_mixin.py:188} INFO - [2026-07-06T16:35:39.838+0000] {dag.py:3823} INFO - Setting next_dagrun for dag_etl_camara_diario to 2026-07-06 03:00:00+00:00, run_after=2026-07-07 03:00:00+00:00
[2026-07-06T16:35:40.046+0000] {processor.py:183} INFO - Processing /opt/airflow/dags/dag_etl_camara_diario.py took 0.267 seconds
[2026-07-06T16:36:10.949+0000] {processor.py:161} INFO - Started process (PID=339) to work on /opt/airflow/dags/dag_etl_camara_diario.py
[2026-07-06T16:36:10.950+0000] {processor.py:830} INFO - Processing file /opt/airflow/dags/dag_etl_camara_diario.py for tasks to queue
[2026-07-06T16:36:10.951+0000] {logging_mixin.py:188} INFO - [2026-07-06T16:36:10.951+0000] {dagbag.py:538} INFO - Filling up the DagBag from /opt/airflow/dags/dag_etl_camara_diario.py
[2026-07-06T16:36:10.962+0000] {processor.py:840} INFO - DAG(s) 'dag_etl_camara_diario' retrieved from /opt/airflow/dags/dag_etl_camara_diario.py
[2026-07-06T16:36:10.983+0000] {logging_mixin.py:188} INFO - [2026-07-06T16:36:10.983+0000] {dag.py:3036} INFO - Sync 1 DAGs
[2026-07-06T16:36:11.008+0000] {logging_mixin.py:188} INFO - [2026-07-06T16:36:11.007+0000] {dag.py:3823} INFO - Setting next_dagrun for dag_etl_camara_diario to 2026-07-06 03:00:00+00:00, run_after=2026-07-07 03:00:00+00:00
[2026-07-06T16:36:11.024+0000] {processor.py:183} INFO - Processing /opt/airflow/dags/dag_etl_camara_diario.py took 0.078 seconds
[2026-07-06T16:36:41.154+0000] {processor.py:161} INFO - Started process (PID=354) to work on /opt/airflow/dags/dag_etl_camara_diario.py
[2026-07-06T16:36:41.155+0000] {processor.py:830} INFO - Processing file /opt/airflow/dags/dag_etl_camara_diario.py for tasks to queue
[2026-07-06T16:36:41.156+0000] {logging_mixin.py:188} INFO - [2026-07-06T16:36:41.155+0000] {dagbag.py:538} INFO - Filling up the DagBag from /opt/airflow/dags/dag_etl_camara_diario.py
[2026-07-06T16:36:41.166+0000] {processor.py:840} INFO - DAG(s) 'dag_etl_camara_diario' retrieved from /opt/airflow/dags/dag_etl_camara_diario.py
[2026-07-06T16:36:41.191+0000] {logging_mixin.py:188} INFO - [2026-07-06T16:36:41.190+0000] {dag.py:3036} INFO - Sync 1 DAGs
[2026-07-06T16:36:41.217+0000] {logging_mixin.py:188} INFO - [2026-07-06T16:36:41.216+0000] {dag.py:3823} INFO - Setting next_dagrun for dag_etl_camara_diario to 2026-07-06 03:00:00+00:00, run_after=2026-07-07 03:00:00+00:00
[2026-07-06T16:36:41.233+0000] {processor.py:183} INFO - Processing /opt/airflow/dags/dag_etl_camara_diario.py took 0.082 seconds
[2026-07-06T16:37:11.362+0000] {processor.py:161} INFO - Started process (PID=369) to work on /opt/airflow/dags/dag_etl_camara_diario.py
[2026-07-06T16:37:11.363+0000] {processor.py:830} INFO - Processing file /opt/airflow/dags/dag_etl_camara_diario.py for tasks to queue
[2026-07-06T16:37:11.364+0000] {logging_mixin.py:188} INFO - [2026-07-06T16:37:11.364+0000] {dagbag.py:538} INFO - Filling up the DagBag from /opt/airflow/dags/dag_etl_camara_diario.py
[2026-07-06T16:37:11.374+0000] {processor.py:840} INFO - DAG(s) 'dag_etl_camara_diario' retrieved from /opt/airflow/dags/dag_etl_camara_diario.py
[2026-07-06T16:37:11.396+0000] {logging_mixin.py:188} INFO - [2026-07-06T16:37:11.396+0000] {dag.py:3036} INFO - Sync 1 DAGs
[2026-07-06T16:37:11.419+0000] {logging_mixin.py:188} INFO - [2026-07-06T16:37:11.418+0000] {dag.py:3823} INFO - Setting next_dagrun for dag_etl_camara_diario to 2026-07-06 03:00:00+00:00, run_after=2026-07-07 03:00:00+00:00
[2026-07-06T16:37:11.435+0000] {processor.py:183} INFO - Processing /opt/airflow/dags/dag_etl_camara_diario.py took 0.076 seconds
[2026-07-06T16:37:41.570+0000] {processor.py:161} INFO - Started process (PID=389) to work on /opt/airflow/dags/dag_etl_camara_diario.py
[2026-07-06T16:37:41.571+0000] {processor.py:830} INFO - Processing file /opt/airflow/dags/dag_etl_camara_diario.py for tasks to queue
[2026-07-06T16:37:41.571+0000] {logging_mixin.py:188} INFO - [2026-07-06T16:37:41.571+0000] {dagbag.py:538} INFO - Filling up the DagBag from /opt/airflow/dags/dag_etl_camara_diario.py
[2026-07-06T16:37:41.581+0000] {processor.py:840} INFO - DAG(s) 'dag_etl_camara_diario' retrieved from /opt/airflow/dags/dag_etl_camara_diario.py
[2026-07-06T16:37:41.606+0000] {logging_mixin.py:188} INFO - [2026-07-06T16:37:41.605+0000] {dag.py:3036} INFO - Sync 1 DAGs
[2026-07-06T16:37:41.630+0000] {logging_mixin.py:188} INFO - [2026-07-06T16:37:41.629+0000] {dag.py:3823} INFO - Setting next_dagrun for dag_etl_camara_diario to 2026-07-06 03:00:00+00:00, run_after=2026-07-07 03:00:00+00:00
[2026-07-06T16:37:41.650+0000] {processor.py:183} INFO - Processing /opt/airflow/dags/dag_etl_camara_diario.py took 0.083 seconds
[2026-07-06T16:38:11.777+0000] {processor.py:161} INFO - Started process (PID=404) to work on /opt/airflow/dags/dag_etl_camara_diario.py
[2026-07-06T16:38:11.778+0000] {processor.py:830} INFO - Processing file /opt/airflow/dags/dag_etl_camara_diario.py for tasks to queue
[2026-07-06T16:38:11.779+0000] {logging_mixin.py:188} INFO - [2026-07-06T16:38:11.779+0000] {dagbag.py:538} INFO - Filling up the DagBag from /opt/airflow/dags/dag_etl_camara_diario.py
[2026-07-06T16:38:11.789+0000] {processor.py:840} INFO - DAG(s) 'dag_etl_camara_diario' retrieved from /opt/airflow/dags/dag_etl_camara_diario.py
[2026-07-06T16:38:11.812+0000] {logging_mixin.py:188} INFO - [2026-07-06T16:38:11.812+0000] {dag.py:3036} INFO - Sync 1 DAGs
[2026-07-06T16:38:11.836+0000] {logging_mixin.py:188} INFO - [2026-07-06T16:38:11.836+0000] {dag.py:3823} INFO - Setting next_dagrun for dag_etl_camara_diario to 2026-07-06 03:00:00+00:00, run_after=2026-07-07 03:00:00+00:00
[2026-07-06T16:38:11.852+0000] {processor.py:183} INFO - Processing /opt/airflow/dags/dag_etl_camara_diario.py took 0.077 seconds
[2026-07-06T16:38:41.980+0000] {processor.py:161} INFO - Started process (PID=419) to work on /opt/airflow/dags/dag_etl_camara_diario.py
[2026-07-06T16:38:41.981+0000] {processor.py:830} INFO - Processing file /opt/airflow/dags/dag_etl_camara_diario.py for tasks to queue
[2026-07-06T16:38:41.981+0000] {logging_mixin.py:188} INFO - [2026-07-06T16:38:41.981+0000] {dagbag.py:538} INFO - Filling up the DagBag from /opt/airflow/dags/dag_etl_camara_diario.py
[2026-07-06T16:38:41.991+0000] {processor.py:840} INFO - DAG(s) 'dag_etl_camara_diario' retrieved from /opt/airflow/dags/dag_etl_camara_diario.py
[2026-07-06T16:38:42.014+0000] {logging_mixin.py:188} INFO - [2026-07-06T16:38:42.014+0000] {dag.py:3036} INFO - Sync 1 DAGs
[2026-07-06T16:38:42.038+0000] {logging_mixin.py:188} INFO - [2026-07-06T16:38:42.038+0000] {dag.py:3823} INFO - Setting next_dagrun for dag_etl_camara_diario to 2026-07-06 03:00:00+00:00, run_after=2026-07-07 03:00:00+00:00
[2026-07-06T16:38:42.053+0000] {processor.py:183} INFO - Processing /opt/airflow/dags/dag_etl_camara_diario.py took 0.076 seconds
[2026-07-06T16:39:12.179+0000] {processor.py:161} INFO - Started process (PID=434) to work on /opt/airflow/dags/dag_etl_camara_diario.py
[2026-07-06T16:39:12.180+0000] {processor.py:830} INFO - Processing file /opt/airflow/dags/dag_etl_camara_diario.py for tasks to queue
[2026-07-06T16:39:12.180+0000] {logging_mixin.py:188} INFO - [2026-07-06T16:39:12.180+0000] {dagbag.py:538} INFO - Filling up the DagBag from /opt/airflow/dags/dag_etl_camara_diario.py
[2026-07-06T16:39:12.190+0000] {processor.py:840} INFO - DAG(s) 'dag_etl_camara_diario' retrieved from /opt/airflow/dags/dag_etl_camara_diario.py
[2026-07-06T16:39:12.213+0000] {logging_mixin.py:188} INFO - [2026-07-06T16:39:12.213+0000] {dag.py:3036} INFO - Sync 1 DAGs
[2026-07-06T16:39:12.236+0000] {logging_mixin.py:188} INFO - [2026-07-06T16:39:12.236+0000] {dag.py:3823} INFO - Setting next_dagrun for dag_etl_camara_diario to 2026-07-06 03:00:00+00:00, run_after=2026-07-07 03:00:00+00:00
[2026-07-06T16:39:12.251+0000] {processor.py:183} INFO - Processing /opt/airflow/dags/dag_etl_camara_diario.py took 0.075 seconds
[2026-07-06T16:39:42.380+0000] {processor.py:161} INFO - Started process (PID=449) to work on /opt/airflow/dags/dag_etl_camara_diario.py
[2026-07-06T16:39:42.381+0000] {processor.py:830} INFO - Processing file /opt/airflow/dags/dag_etl_camara_diario.py for tasks to queue
[2026-07-06T16:39:42.382+0000] {logging_mixin.py:188} INFO - [2026-07-06T16:39:42.381+0000] {dagbag.py:538} INFO - Filling up the DagBag from /opt/airflow/dags/dag_etl_camara_diario.py
[2026-07-06T16:39:42.392+0000] {processor.py:840} INFO - DAG(s) 'dag_etl_camara_diario' retrieved from /opt/airflow/dags/dag_etl_camara_diario.py
[2026-07-06T16:39:42.415+0000] {logging_mixin.py:188} INFO - [2026-07-06T16:39:42.414+0000] {dag.py:3036} INFO - Sync 1 DAGs
[2026-07-06T16:39:42.440+0000] {logging_mixin.py:188} INFO - [2026-07-06T16:39:42.440+0000] {dag.py:3823} INFO - Setting next_dagrun for dag_etl_camara_diario to 2026-07-06 03:00:00+00:00, run_after=2026-07-07 03:00:00+00:00
[2026-07-06T16:39:42.457+0000] {processor.py:183} INFO - Processing /opt/airflow/dags/dag_etl_camara_diario.py took 0.079 seconds
[2026-07-06T16:40:12.590+0000] {processor.py:161} INFO - Started process (PID=464) to work on /opt/airflow/dags/dag_etl_camara_diario.py
[2026-07-06T16:40:12.591+0000] {processor.py:830} INFO - Processing file /opt/airflow/dags/dag_etl_camara_diario.py for tasks to queue
[2026-07-06T16:40:12.592+0000] {logging_mixin.py:188} INFO - [2026-07-06T16:40:12.591+0000] {dagbag.py:538} INFO - Filling up the DagBag from /opt/airflow/dags/dag_etl_camara_diario.py
[2026-07-06T16:40:12.601+0000] {processor.py:840} INFO - DAG(s) 'dag_etl_camara_diario' retrieved from /opt/airflow/dags/dag_etl_camara_diario.py
[2026-07-06T16:40:12.623+0000] {logging_mixin.py:188} INFO - [2026-07-06T16:40:12.623+0000] {dag.py:3036} INFO - Sync 1 DAGs
[2026-07-06T16:40:12.645+0000] {logging_mixin.py:188} INFO - [2026-07-06T16:40:12.645+0000] {dag.py:3823} INFO - Setting next_dagrun for dag_etl_camara_diario to 2026-07-06 03:00:00+00:00, run_after=2026-07-07 03:00:00+00:00
[2026-07-06T16:40:12.661+0000] {processor.py:183} INFO - Processing /opt/airflow/dags/dag_etl_camara_diario.py took 0.074 seconds
[2026-07-06T16:40:42.799+0000] {processor.py:161} INFO - Started process (PID=479) to work on /opt/airflow/dags/dag_etl_camara_diario.py
[2026-07-06T16:40:42.799+0000] {processor.py:830} INFO - Processing file /opt/airflow/dags/dag_etl_camara_diario.py for tasks to queue
[2026-07-06T16:40:42.800+0000] {logging_mixin.py:188} INFO - [2026-07-06T16:40:42.800+0000] {dagbag.py:538} INFO - Filling up the DagBag from /opt/airflow/dags/dag_etl_camara_diario.py
[2026-07-06T16:40:42.810+0000] {processor.py:840} INFO - DAG(s) 'dag_etl_camara_diario' retrieved from /opt/airflow/dags/dag_etl_camara_diario.py
[2026-07-06T16:40:42.834+0000] {logging_mixin.py:188} INFO - [2026-07-06T16:40:42.834+0000] {dag.py:3036} INFO - Sync 1 DAGs
[2026-07-06T16:40:42.859+0000] {logging_mixin.py:188} INFO - [2026-07-06T16:40:42.859+0000] {dag.py:3823} INFO - Setting next_dagrun for dag_etl_camara_diario to 2026-07-06 03:00:00+00:00, run_after=2026-07-07 03:00:00+00:00
[2026-07-06T16:40:42.876+0000] {processor.py:183} INFO - Processing /opt/airflow/dags/dag_etl_camara_diario.py took 0.080 seconds
[2026-07-06T16:41:13.001+0000] {processor.py:161} INFO - Started process (PID=494) to work on /opt/airflow/dags/dag_etl_camara_diario.py
[2026-07-06T16:41:13.002+0000] {processor.py:830} INFO - Processing file /opt/airflow/dags/dag_etl_camara_diario.py for tasks to queue
[2026-07-06T16:41:13.003+0000] {logging_mixin.py:188} INFO - [2026-07-06T16:41:13.002+0000] {dagbag.py:538} INFO - Filling up the DagBag from /opt/airflow/dags/dag_etl_camara_diario.py
[2026-07-06T16:41:13.012+0000] {processor.py:840} INFO - DAG(s) 'dag_etl_camara_diario' retrieved from /opt/airflow/dags/dag_etl_camara_diario.py
[2026-07-06T16:41:13.035+0000] {logging_mixin.py:188} INFO - [2026-07-06T16:41:13.035+0000] {dag.py:3036} INFO - Sync 1 DAGs
[2026-07-06T16:41:13.059+0000] {logging_mixin.py:188} INFO - [2026-07-06T16:41:13.059+0000] {dag.py:3823} INFO - Setting next_dagrun for dag_etl_camara_diario to 2026-07-06 03:00:00+00:00, run_after=2026-07-07 03:00:00+00:00
[2026-07-06T16:41:13.075+0000] {processor.py:183} INFO - Processing /opt/airflow/dags/dag_etl_camara_diario.py took 0.077 seconds
[2026-07-06T16:41:43.205+0000] {processor.py:161} INFO - Started process (PID=509) to work on /opt/airflow/dags/dag_etl_camara_diario.py
[2026-07-06T16:41:43.206+0000] {processor.py:830} INFO - Processing file /opt/airflow/dags/dag_etl_camara_diario.py for tasks to queue
[2026-07-06T16:41:43.207+0000] {logging_mixin.py:188} INFO - [2026-07-06T16:41:43.207+0000] {dagbag.py:538} INFO - Filling up the DagBag from /opt/airflow/dags/dag_etl_camara_diario.py
[2026-07-06T16:41:43.218+0000] {processor.py:840} INFO - DAG(s) 'dag_etl_camara_diario' retrieved from /opt/airflow/dags/dag_etl_camara_diario.py
[2026-07-06T16:41:43.243+0000] {logging_mixin.py:188} INFO - [2026-07-06T16:41:43.243+0000] {dag.py:3036} INFO - Sync 1 DAGs
[2026-07-06T16:41:43.268+0000] {logging_mixin.py:188} INFO - [2026-07-06T16:41:43.268+0000] {dag.py:3823} INFO - Setting next_dagrun for dag_etl_camara_diario to 2026-07-06 03:00:00+00:00, run_after=2026-07-07 03:00:00+00:00
[2026-07-06T16:41:43.286+0000] {processor.py:183} INFO - Processing /opt/airflow/dags/dag_etl_camara_diario.py took 0.084 seconds
[2026-07-06T16:42:13.421+0000] {processor.py:161} INFO - Started process (PID=534) to work on /opt/airflow/dags/dag_etl_camara_diario.py
[2026-07-06T16:42:13.422+0000] {processor.py:830} INFO - Processing file /opt/airflow/dags/dag_etl_camara_diario.py for tasks to queue
[2026-07-06T16:42:13.423+0000] {logging_mixin.py:188} INFO - [2026-07-06T16:42:13.422+0000] {dagbag.py:538} INFO - Filling up the DagBag from /opt/airflow/dags/dag_etl_camara_diario.py
[2026-07-06T16:42:13.433+0000] {processor.py:840} INFO - DAG(s) 'dag_etl_camara_diario' retrieved from /opt/airflow/dags/dag_etl_camara_diario.py
[2026-07-06T16:42:13.455+0000] {logging_mixin.py:188} INFO - [2026-07-06T16:42:13.455+0000] {dag.py:3036} INFO - Sync 1 DAGs
[2026-07-06T16:42:13.479+0000] {logging_mixin.py:188} INFO - [2026-07-06T16:42:13.479+0000] {dag.py:3823} INFO - Setting next_dagrun for dag_etl_camara_diario to 2026-07-06 03:00:00+00:00, run_after=2026-07-07 03:00:00+00:00
[2026-07-06T16:42:13.495+0000] {processor.py:183} INFO - Processing /opt/airflow/dags/dag_etl_camara_diario.py took 0.077 seconds
[2026-07-06T16:42:43.627+0000] {processor.py:161} INFO - Started process (PID=549) to work on /opt/airflow/dags/dag_etl_camara_diario.py
[2026-07-06T16:42:43.628+0000] {processor.py:830} INFO - Processing file /opt/airflow/dags/dag_etl_camara_diario.py for tasks to queue
[2026-07-06T16:42:43.629+0000] {logging_mixin.py:188} INFO - [2026-07-06T16:42:43.629+0000] {dagbag.py:538} INFO - Filling up the DagBag from /opt/airflow/dags/dag_etl_camara_diario.py
[2026-07-06T16:42:43.642+0000] {processor.py:840} INFO - DAG(s) 'dag_etl_camara_diario' retrieved from /opt/airflow/dags/dag_etl_camara_diario.py
[2026-07-06T16:42:43.672+0000] {logging_mixin.py:188} INFO - [2026-07-06T16:42:43.672+0000] {dag.py:3036} INFO - Sync 1 DAGs
[2026-07-06T16:42:43.706+0000] {logging_mixin.py:188} INFO - [2026-07-06T16:42:43.706+0000] {dag.py:3823} INFO - Setting next_dagrun for dag_etl_camara_diario to 2026-07-06 03:00:00+00:00, run_after=2026-07-07 03:00:00+00:00
[2026-07-06T16:42:43.729+0000] {processor.py:183} INFO - Processing /opt/airflow/dags/dag_etl_camara_diario.py took 0.106 seconds
[2026-07-06T16:43:13.864+0000] {processor.py:161} INFO - Started process (PID=564) to work on /opt/airflow/dags/dag_etl_camara_diario.py
[2026-07-06T16:43:13.865+0000] {processor.py:830} INFO - Processing file /opt/airflow/dags/dag_etl_camara_diario.py for tasks to queue
[2026-07-06T16:43:13.865+0000] {logging_mixin.py:188} INFO - [2026-07-06T16:43:13.865+0000] {dagbag.py:538} INFO - Filling up the DagBag from /opt/airflow/dags/dag_etl_camara_diario.py
[2026-07-06T16:43:13.876+0000] {processor.py:840} INFO - DAG(s) 'dag_etl_camara_diario' retrieved from /opt/airflow/dags/dag_etl_camara_diario.py
[2026-07-06T16:43:13.900+0000] {logging_mixin.py:188} INFO - [2026-07-06T16:43:13.899+0000] {dag.py:3036} INFO - Sync 1 DAGs
[2026-07-06T16:43:13.926+0000] {logging_mixin.py:188} INFO - [2026-07-06T16:43:13.925+0000] {dag.py:3823} INFO - Setting next_dagrun for dag_etl_camara_diario to 2026-07-06 03:00:00+00:00, run_after=2026-07-07 03:00:00+00:00
[2026-07-06T16:43:13.944+0000] {processor.py:183} INFO - Processing /opt/airflow/dags/dag_etl_camara_diario.py took 0.083 seconds
[2026-07-06T16:43:44.069+0000] {processor.py:161} INFO - Started process (PID=579) to work on /opt/airflow/dags/dag_etl_camara_diario.py
[2026-07-06T16:43:44.070+0000] {processor.py:830} INFO - Processing file /opt/airflow/dags/dag_etl_camara_diario.py for tasks to queue
[2026-07-06T16:43:44.071+0000] {logging_mixin.py:188} INFO - [2026-07-06T16:43:44.071+0000] {dagbag.py:538} INFO - Filling up the DagBag from /opt/airflow/dags/dag_etl_camara_diario.py
[2026-07-06T16:43:44.081+0000] {processor.py:840} INFO - DAG(s) 'dag_etl_camara_diario' retrieved from /opt/airflow/dags/dag_etl_camara_diario.py
[2026-07-06T16:43:44.105+0000] {logging_mixin.py:188} INFO - [2026-07-06T16:43:44.104+0000] {dag.py:3036} INFO - Sync 1 DAGs
[2026-07-06T16:43:44.130+0000] {logging_mixin.py:188} INFO - [2026-07-06T16:43:44.130+0000] {dag.py:3823} INFO - Setting next_dagrun for dag_etl_camara_diario to 2026-07-06 03:00:00+00:00, run_after=2026-07-07 03:00:00+00:00
[2026-07-06T16:43:44.145+0000] {processor.py:183} INFO - Processing /opt/airflow/dags/dag_etl_camara_diario.py took 0.079 seconds
[2026-07-06T16:44:14.277+0000] {processor.py:161} INFO - Started process (PID=594) to work on /opt/airflow/dags/dag_etl_camara_diario.py
[2026-07-06T16:44:14.278+0000] {processor.py:830} INFO - Processing file /opt/airflow/dags/dag_etl_camara_diario.py for tasks to queue
[2026-07-06T16:44:14.279+0000] {logging_mixin.py:188} INFO - [2026-07-06T16:44:14.278+0000] {dagbag.py:538} INFO - Filling up the DagBag from /opt/airflow/dags/dag_etl_camara_diario.py
[2026-07-06T16:44:14.289+0000] {processor.py:840} INFO - DAG(s) 'dag_etl_camara_diario' retrieved from /opt/airflow/dags/dag_etl_camara_diario.py
[2026-07-06T16:44:14.313+0000] {logging_mixin.py:188} INFO - [2026-07-06T16:44:14.312+0000] {dag.py:3036} INFO - Sync 1 DAGs
[2026-07-06T16:44:14.337+0000] {logging_mixin.py:188} INFO - [2026-07-06T16:44:14.337+0000] {dag.py:3823} INFO - Setting next_dagrun for dag_etl_camara_diario to 2026-07-06 03:00:00+00:00, run_after=2026-07-07 03:00:00+00:00
[2026-07-06T16:44:14.355+0000] {processor.py:183} INFO - Processing /opt/airflow/dags/dag_etl_camara_diario.py took 0.081 seconds
[2026-07-06T16:44:44.488+0000] {processor.py:161} INFO - Started process (PID=609) to work on /opt/airflow/dags/dag_etl_camara_diario.py
[2026-07-06T16:44:44.488+0000] {processor.py:830} INFO - Processing file /opt/airflow/dags/dag_etl_camara_diario.py for tasks to queue
[2026-07-06T16:44:44.489+0000] {logging_mixin.py:188} INFO - [2026-07-06T16:44:44.489+0000] {dagbag.py:538} INFO - Filling up the DagBag from /opt/airflow/dags/dag_etl_camara_diario.py
[2026-07-06T16:44:44.500+0000] {processor.py:840} INFO - DAG(s) 'dag_etl_camara_diario' retrieved from /opt/airflow/dags/dag_etl_camara_diario.py
[2026-07-06T16:44:44.524+0000] {logging_mixin.py:188} INFO - [2026-07-06T16:44:44.524+0000] {dag.py:3036} INFO - Sync 1 DAGs
[2026-07-06T16:44:44.547+0000] {logging_mixin.py:188} INFO - [2026-07-06T16:44:44.547+0000] {dag.py:3823} INFO - Setting next_dagrun for dag_etl_camara_diario to 2026-07-06 03:00:00+00:00, run_after=2026-07-07 03:00:00+00:00
[2026-07-06T16:44:44.564+0000] {processor.py:183} INFO - Processing /opt/airflow/dags/dag_etl_camara_diario.py took 0.079 seconds
[2026-07-06T16:45:14.698+0000] {processor.py:161} INFO - Started process (PID=624) to work on /opt/airflow/dags/dag_etl_camara_diario.py
[2026-07-06T16:45:14.700+0000] {processor.py:830} INFO - Processing file /opt/airflow/dags/dag_etl_camara_diario.py for tasks to queue
[2026-07-06T16:45:14.700+0000] {logging_mixin.py:188} INFO - [2026-07-06T16:45:14.700+0000] {dagbag.py:538} INFO - Filling up the DagBag from /opt/airflow/dags/dag_etl_camara_diario.py
[2026-07-06T16:45:14.711+0000] {processor.py:840} INFO - DAG(s) 'dag_etl_camara_diario' retrieved from /opt/airflow/dags/dag_etl_camara_diario.py
[2026-07-06T16:45:14.735+0000] {logging_mixin.py:188} INFO - [2026-07-06T16:45:14.734+0000] {dag.py:3036} INFO - Sync 1 DAGs
[2026-07-06T16:45:14.760+0000] {logging_mixin.py:188} INFO - [2026-07-06T16:45:14.760+0000] {dag.py:3823} INFO - Setting next_dagrun for dag_etl_camara_diario to 2026-07-06 03:00:00+00:00, run_after=2026-07-07 03:00:00+00:00
[2026-07-06T16:45:14.777+0000] {processor.py:183} INFO - Processing /opt/airflow/dags/dag_etl_camara_diario.py took 0.082 seconds
[2026-07-06T16:45:44.909+0000] {processor.py:161} INFO - Started process (PID=639) to work on /opt/airflow/dags/dag_etl_camara_diario.py
[2026-07-06T16:45:44.910+0000] {processor.py:830} INFO - Processing file /opt/airflow/dags/dag_etl_camara_diario.py for tasks to queue
[2026-07-06T16:45:44.910+0000] {logging_mixin.py:188} INFO - [2026-07-06T16:45:44.910+0000] {dagbag.py:538} INFO - Filling up the DagBag from /opt/airflow/dags/dag_etl_camara_diario.py
[2026-07-06T16:45:44.920+0000] {processor.py:840} INFO - DAG(s) 'dag_etl_camara_diario' retrieved from /opt/airflow/dags/dag_etl_camara_diario.py
[2026-07-06T16:45:44.943+0000] {logging_mixin.py:188} INFO - [2026-07-06T16:45:44.943+0000] {dag.py:3036} INFO - Sync 1 DAGs
[2026-07-06T16:45:44.967+0000] {logging_mixin.py:188} INFO - [2026-07-06T16:45:44.967+0000] {dag.py:3823} INFO - Setting next_dagrun for dag_etl_camara_diario to 2026-07-06 03:00:00+00:00, run_after=2026-07-07 03:00:00+00:00
[2026-07-06T16:45:44.986+0000] {processor.py:183} INFO - Processing /opt/airflow/dags/dag_etl_camara_diario.py took 0.080 seconds
[2026-07-06T16:46:15.119+0000] {processor.py:161} INFO - Started process (PID=654) to work on /opt/airflow/dags/dag_etl_camara_diario.py
[2026-07-06T16:46:15.120+0000] {processor.py:830} INFO - Processing file /opt/airflow/dags/dag_etl_camara_diario.py for tasks to queue
[2026-07-06T16:46:15.121+0000] {logging_mixin.py:188} INFO - [2026-07-06T16:46:15.121+0000] {dagbag.py:538} INFO - Filling up the DagBag from /opt/airflow/dags/dag_etl_camara_diario.py
[2026-07-06T16:46:15.133+0000] {processor.py:840} INFO - DAG(s) 'dag_etl_camara_diario' retrieved from /opt/airflow/dags/dag_etl_camara_diario.py
[2026-07-06T16:46:15.159+0000] {logging_mixin.py:188} INFO - [2026-07-06T16:46:15.159+0000] {dag.py:3036} INFO - Sync 1 DAGs
[2026-07-06T16:46:15.185+0000] {logging_mixin.py:188} INFO - [2026-07-06T16:46:15.185+0000] {dag.py:3823} INFO - Setting next_dagrun for dag_etl_camara_diario to 2026-07-06 03:00:00+00:00, run_after=2026-07-07 03:00:00+00:00
[2026-07-06T16:46:15.204+0000] {processor.py:183} INFO - Processing /opt/airflow/dags/dag_etl_camara_diario.py took 0.088 seconds
[2026-07-06T16:46:45.341+0000] {processor.py:161} INFO - Started process (PID=669) to work on /opt/airflow/dags/dag_etl_camara_diario.py
[2026-07-06T16:46:45.342+0000] {processor.py:830} INFO - Processing file /opt/airflow/dags/dag_etl_camara_diario.py for tasks to queue
[2026-07-06T16:46:45.342+0000] {logging_mixin.py:188} INFO - [2026-07-06T16:46:45.342+0000] {dagbag.py:538} INFO - Filling up the DagBag from /opt/airflow/dags/dag_etl_camara_diario.py
[2026-07-06T16:46:45.353+0000] {processor.py:840} INFO - DAG(s) 'dag_etl_camara_diario' retrieved from /opt/airflow/dags/dag_etl_camara_diario.py
[2026-07-06T16:46:45.377+0000] {logging_mixin.py:188} INFO - [2026-07-06T16:46:45.376+0000] {dag.py:3036} INFO - Sync 1 DAGs
[2026-07-06T16:46:45.402+0000] {logging_mixin.py:188} INFO - [2026-07-06T16:46:45.402+0000] {dag.py:3823} INFO - Setting next_dagrun for dag_etl_camara_diario to 2026-07-06 03:00:00+00:00, run_after=2026-07-07 03:00:00+00:00
[2026-07-06T16:46:45.421+0000] {processor.py:183} INFO - Processing /opt/airflow/dags/dag_etl_camara_diario.py took 0.083 seconds
[2026-07-06T16:47:15.549+0000] {processor.py:161} INFO - Started process (PID=684) to work on /opt/airflow/dags/dag_etl_camara_diario.py
[2026-07-06T16:47:15.550+0000] {processor.py:830} INFO - Processing file /opt/airflow/dags/dag_etl_camara_diario.py for tasks to queue
[2026-07-06T16:47:15.551+0000] {logging_mixin.py:188} INFO - [2026-07-06T16:47:15.551+0000] {dagbag.py:538} INFO - Filling up the DagBag from /opt/airflow/dags/dag_etl_camara_diario.py
[2026-07-06T16:47:15.561+0000] {processor.py:840} INFO - DAG(s) 'dag_etl_camara_diario' retrieved from /opt/airflow/dags/dag_etl_camara_diario.py
[2026-07-06T16:47:15.586+0000] {logging_mixin.py:188} INFO - [2026-07-06T16:47:15.585+0000] {dag.py:3036} INFO - Sync 1 DAGs
[2026-07-06T16:47:15.612+0000] {logging_mixin.py:188} INFO - [2026-07-06T16:47:15.612+0000] {dag.py:3823} INFO - Setting next_dagrun for dag_etl_camara_diario to 2026-07-06 03:00:00+00:00, run_after=2026-07-07 03:00:00+00:00
[2026-07-06T16:47:15.630+0000] {processor.py:183} INFO - Processing /opt/airflow/dags/dag_etl_camara_diario.py took 0.083 seconds
[2026-07-06T16:47:45.758+0000] {processor.py:161} INFO - Started process (PID=699) to work on /opt/airflow/dags/dag_etl_camara_diario.py
[2026-07-06T16:47:45.759+0000] {processor.py:830} INFO - Processing file /opt/airflow/dags/dag_etl_camara_diario.py for tasks to queue
[2026-07-06T16:47:45.760+0000] {logging_mixin.py:188} INFO - [2026-07-06T16:47:45.760+0000] {dagbag.py:538} INFO - Filling up the DagBag from /opt/airflow/dags/dag_etl_camara_diario.py
[2026-07-06T16:47:45.770+0000] {processor.py:840} INFO - DAG(s) 'dag_etl_camara_diario' retrieved from /opt/airflow/dags/dag_etl_camara_diario.py
[2026-07-06T16:47:45.793+0000] {logging_mixin.py:188} INFO - [2026-07-06T16:47:45.793+0000] {dag.py:3036} INFO - Sync 1 DAGs
[2026-07-06T16:47:45.817+0000] {logging_mixin.py:188} INFO - [2026-07-06T16:47:45.817+0000] {dag.py:3823} INFO - Setting next_dagrun for dag_etl_camara_diario to 2026-07-06 03:00:00+00:00, run_after=2026-07-07 03:00:00+00:00
[2026-07-06T16:47:45.834+0000] {processor.py:183} INFO - Processing /opt/airflow/dags/dag_etl_camara_diario.py took 0.078 seconds
[2026-07-06T16:48:15.962+0000] {processor.py:161} INFO - Started process (PID=714) to work on /opt/airflow/dags/dag_etl_camara_diario.py
[2026-07-06T16:48:15.963+0000] {processor.py:830} INFO - Processing file /opt/airflow/dags/dag_etl_camara_diario.py for tasks to queue
[2026-07-06T16:48:15.963+0000] {logging_mixin.py:188} INFO - [2026-07-06T16:48:15.963+0000] {dagbag.py:538} INFO - Filling up the DagBag from /opt/airflow/dags/dag_etl_camara_diario.py
[2026-07-06T16:48:15.974+0000] {processor.py:840} INFO - DAG(s) 'dag_etl_camara_diario' retrieved from /opt/airflow/dags/dag_etl_camara_diario.py
[2026-07-06T16:48:15.998+0000] {logging_mixin.py:188} INFO - [2026-07-06T16:48:15.997+0000] {dag.py:3036} INFO - Sync 1 DAGs
[2026-07-06T16:48:16.022+0000] {logging_mixin.py:188} INFO - [2026-07-06T16:48:16.022+0000] {dag.py:3823} INFO - Setting next_dagrun for dag_etl_camara_diario to 2026-07-06 03:00:00+00:00, run_after=2026-07-07 03:00:00+00:00
[2026-07-06T16:48:16.039+0000] {processor.py:183} INFO - Processing /opt/airflow/dags/dag_etl_camara_diario.py took 0.080 seconds
[2026-07-06T16:48:46.169+0000] {processor.py:161} INFO - Started process (PID=729) to work on /opt/airflow/dags/dag_etl_camara_diario.py
[2026-07-06T16:48:46.170+0000] {processor.py:830} INFO - Processing file /opt/airflow/dags/dag_etl_camara_diario.py for tasks to queue
[2026-07-06T16:48:46.170+0000] {logging_mixin.py:188} INFO - [2026-07-06T16:48:46.170+0000] {dagbag.py:538} INFO - Filling up the DagBag from /opt/airflow/dags/dag_etl_camara_diario.py
[2026-07-06T16:48:46.180+0000] {processor.py:840} INFO - DAG(s) 'dag_etl_camara_diario' retrieved from /opt/airflow/dags/dag_etl_camara_diario.py
[2026-07-06T16:48:46.202+0000] {logging_mixin.py:188} INFO - [2026-07-06T16:48:46.202+0000] {dag.py:3036} INFO - Sync 1 DAGs
[2026-07-06T16:48:46.223+0000] {logging_mixin.py:188} INFO - [2026-07-06T16:48:46.223+0000] {dag.py:3823} INFO - Setting next_dagrun for dag_etl_camara_diario to 2026-07-06 03:00:00+00:00, run_after=2026-07-07 03:00:00+00:00
[2026-07-06T16:48:46.239+0000] {processor.py:183} INFO - Processing /opt/airflow/dags/dag_etl_camara_diario.py took 0.073 seconds
[2026-07-06T16:49:16.366+0000] {processor.py:161} INFO - Started process (PID=744) to work on /opt/airflow/dags/dag_etl_camara_diario.py
[2026-07-06T16:49:16.367+0000] {processor.py:830} INFO - Processing file /opt/airflow/dags/dag_etl_camara_diario.py for tasks to queue
[2026-07-06T16:49:16.368+0000] {logging_mixin.py:188} INFO - [2026-07-06T16:49:16.367+0000] {dagbag.py:538} INFO - Filling up the DagBag from /opt/airflow/dags/dag_etl_camara_diario.py
[2026-07-06T16:49:16.377+0000] {processor.py:840} INFO - DAG(s) 'dag_etl_camara_diario' retrieved from /opt/airflow/dags/dag_etl_camara_diario.py
[2026-07-06T16:49:16.399+0000] {logging_mixin.py:188} INFO - [2026-07-06T16:49:16.399+0000] {dag.py:3036} INFO - Sync 1 DAGs
[2026-07-06T16:49:16.422+0000] {logging_mixin.py:188} INFO - [2026-07-06T16:49:16.422+0000] {dag.py:3823} INFO - Setting next_dagrun for dag_etl_camara_diario to 2026-07-06 03:00:00+00:00, run_after=2026-07-07 03:00:00+00:00
[2026-07-06T16:49:16.437+0000] {processor.py:183} INFO - Processing /opt/airflow/dags/dag_etl_camara_diario.py took 0.074 seconds
[2026-07-06T16:49:46.563+0000] {processor.py:161} INFO - Started process (PID=759) to work on /opt/airflow/dags/dag_etl_camara_diario.py
[2026-07-06T16:49:46.563+0000] {processor.py:830} INFO - Processing file /opt/airflow/dags/dag_etl_camara_diario.py for tasks to queue
[2026-07-06T16:49:46.564+0000] {logging_mixin.py:188} INFO - [2026-07-06T16:49:46.564+0000] {dagbag.py:538} INFO - Filling up the DagBag from /opt/airflow/dags/dag_etl_camara_diario.py
[2026-07-06T16:49:46.573+0000] {processor.py:840} INFO - DAG(s) 'dag_etl_camara_diario' retrieved from /opt/airflow/dags/dag_etl_camara_diario.py
[2026-07-06T16:49:46.594+0000] {logging_mixin.py:188} INFO - [2026-07-06T16:49:46.594+0000] {dag.py:3036} INFO - Sync 1 DAGs
[2026-07-06T16:49:46.616+0000] {logging_mixin.py:188} INFO - [2026-07-06T16:49:46.616+0000] {dag.py:3823} INFO - Setting next_dagrun for dag_etl_camara_diario to 2026-07-06 03:00:00+00:00, run_after=2026-07-07 03:00:00+00:00
[2026-07-06T16:49:46.634+0000] {processor.py:183} INFO - Processing /opt/airflow/dags/dag_etl_camara_diario.py took 0.074 seconds
[2026-07-06T16:50:16.765+0000] {processor.py:161} INFO - Started process (PID=774) to work on /opt/airflow/dags/dag_etl_camara_diario.py
[2026-07-06T16:50:16.766+0000] {processor.py:830} INFO - Processing file /opt/airflow/dags/dag_etl_camara_diario.py for tasks to queue
[2026-07-06T16:50:16.766+0000] {logging_mixin.py:188} INFO - [2026-07-06T16:50:16.766+0000] {dagbag.py:538} INFO - Filling up the DagBag from /opt/airflow/dags/dag_etl_camara_diario.py
[2026-07-06T16:50:16.775+0000] {processor.py:840} INFO - DAG(s) 'dag_etl_camara_diario' retrieved from /opt/airflow/dags/dag_etl_camara_diario.py
[2026-07-06T16:50:16.797+0000] {logging_mixin.py:188} INFO - [2026-07-06T16:50:16.797+0000] {dag.py:3036} INFO - Sync 1 DAGs
[2026-07-06T16:50:16.819+0000] {logging_mixin.py:188} INFO - [2026-07-06T16:50:16.819+0000] {dag.py:3823} INFO - Setting next_dagrun for dag_etl_camara_diario to 2026-07-06 03:00:00+00:00, run_after=2026-07-07 03:00:00+00:00
[2026-07-06T16:50:16.836+0000] {processor.py:183} INFO - Processing /opt/airflow/dags/dag_etl_camara_diario.py took 0.074 seconds
[2026-07-06T16:50:46.975+0000] {processor.py:161} INFO - Started process (PID=789) to work on /opt/airflow/dags/dag_etl_camara_diario.py
[2026-07-06T16:50:46.975+0000] {processor.py:830} INFO - Processing file /opt/airflow/dags/dag_etl_camara_diario.py for tasks to queue
[2026-07-06T16:50:46.976+0000] {logging_mixin.py:188} INFO - [2026-07-06T16:50:46.976+0000] {dagbag.py:538} INFO - Filling up the DagBag from /opt/airflow/dags/dag_etl_camara_diario.py
[2026-07-06T16:50:46.986+0000] {processor.py:840} INFO - DAG(s) 'dag_etl_camara_diario' retrieved from /opt/airflow/dags/dag_etl_camara_diario.py
[2026-07-06T16:50:47.009+0000] {logging_mixin.py:188} INFO - [2026-07-06T16:50:47.008+0000] {dag.py:3036} INFO - Sync 1 DAGs
[2026-07-06T16:50:47.031+0000] {logging_mixin.py:188} INFO - [2026-07-06T16:50:47.031+0000] {dag.py:3823} INFO - Setting next_dagrun for dag_etl_camara_diario to 2026-07-06 03:00:00+00:00, run_after=2026-07-07 03:00:00+00:00
[2026-07-06T16:50:47.046+0000] {processor.py:183} INFO - Processing /opt/airflow/dags/dag_etl_camara_diario.py took 0.073 seconds
[2026-07-06T16:51:17.176+0000] {processor.py:161} INFO - Started process (PID=804) to work on /opt/airflow/dags/dag_etl_camara_diario.py
[2026-07-06T16:51:17.177+0000] {processor.py:830} INFO - Processing file /opt/airflow/dags/dag_etl_camara_diario.py for tasks to queue
[2026-07-06T16:51:17.178+0000] {logging_mixin.py:188} INFO - [2026-07-06T16:51:17.177+0000] {dagbag.py:538} INFO - Filling up the DagBag from /opt/airflow/dags/dag_etl_camara_diario.py
[2026-07-06T16:51:17.187+0000] {processor.py:840} INFO - DAG(s) 'dag_etl_camara_diario' retrieved from /opt/airflow/dags/dag_etl_camara_diario.py
[2026-07-06T16:51:17.208+0000] {logging_mixin.py:188} INFO - [2026-07-06T16:51:17.208+0000] {dag.py:3036} INFO - Sync 1 DAGs
[2026-07-06T16:51:17.230+0000] {logging_mixin.py:188} INFO - [2026-07-06T16:51:17.229+0000] {dag.py:3823} INFO - Setting next_dagrun for dag_etl_camara_diario to 2026-07-06 03:00:00+00:00, run_after=2026-07-07 03:00:00+00:00
[2026-07-06T16:51:17.245+0000] {processor.py:183} INFO - Processing /opt/airflow/dags/dag_etl_camara_diario.py took 0.071 seconds
[2026-07-06T16:51:47.375+0000] {processor.py:161} INFO - Started process (PID=819) to work on /opt/airflow/dags/dag_etl_camara_diario.py
[2026-07-06T16:51:47.376+0000] {processor.py:830} INFO - Processing file /opt/airflow/dags/dag_etl_camara_diario.py for tasks to queue
[2026-07-06T16:51:47.376+0000] {logging_mixin.py:188} INFO - [2026-07-06T16:51:47.376+0000] {dagbag.py:538} INFO - Filling up the DagBag from /opt/airflow/dags/dag_etl_camara_diario.py
[2026-07-06T16:51:47.386+0000] {processor.py:840} INFO - DAG(s) 'dag_etl_camara_diario' retrieved from /opt/airflow/dags/dag_etl_camara_diario.py
[2026-07-06T16:51:47.407+0000] {logging_mixin.py:188} INFO - [2026-07-06T16:51:47.407+0000] {dag.py:3036} INFO - Sync 1 DAGs
[2026-07-06T16:51:47.430+0000] {logging_mixin.py:188} INFO - [2026-07-06T16:51:47.430+0000] {dag.py:3823} INFO - Setting next_dagrun for dag_etl_camara_diario to 2026-07-06 03:00:00+00:00, run_after=2026-07-07 03:00:00+00:00
[2026-07-06T16:51:47.444+0000] {processor.py:183} INFO - Processing /opt/airflow/dags/dag_etl_camara_diario.py took 0.071 seconds
[2026-07-06T16:52:17.573+0000] {processor.py:161} INFO - Started process (PID=834) to work on /opt/airflow/dags/dag_etl_camara_diario.py
[2026-07-06T16:52:17.573+0000] {processor.py:830} INFO - Processing file /opt/airflow/dags/dag_etl_camara_diario.py for tasks to queue
[2026-07-06T16:52:17.574+0000] {logging_mixin.py:188} INFO - [2026-07-06T16:52:17.574+0000] {dagbag.py:538} INFO - Filling up the DagBag from /opt/airflow/dags/dag_etl_camara_diario.py
[2026-07-06T16:52:17.584+0000] {processor.py:840} INFO - DAG(s) 'dag_etl_camara_diario' retrieved from /opt/airflow/dags/dag_etl_camara_diario.py
[2026-07-06T16:52:17.605+0000] {logging_mixin.py:188} INFO - [2026-07-06T16:52:17.605+0000] {dag.py:3036} INFO - Sync 1 DAGs
[2026-07-06T16:52:17.628+0000] {logging_mixin.py:188} INFO - [2026-07-06T16:52:17.628+0000] {dag.py:3823} INFO - Setting next_dagrun for dag_etl_camara_diario to 2026-07-06 03:00:00+00:00, run_after=2026-07-07 03:00:00+00:00
[2026-07-06T16:52:17.643+0000] {processor.py:183} INFO - Processing /opt/airflow/dags/dag_etl_camara_diario.py took 0.073 seconds
[2026-07-06T16:52:47.768+0000] {processor.py:161} INFO - Started process (PID=849) to work on /opt/airflow/dags/dag_etl_camara_diario.py
[2026-07-06T16:52:47.769+0000] {processor.py:830} INFO - Processing file /opt/airflow/dags/dag_etl_camara_diario.py for tasks to queue
[2026-07-06T16:52:47.770+0000] {logging_mixin.py:188} INFO - [2026-07-06T16:52:47.769+0000] {dagbag.py:538} INFO - Filling up the DagBag from /opt/airflow/dags/dag_etl_camara_diario.py
[2026-07-06T16:52:47.780+0000] {processor.py:840} INFO - DAG(s) 'dag_etl_camara_diario' retrieved from /opt/airflow/dags/dag_etl_camara_diario.py
[2026-07-06T16:52:47.805+0000] {logging_mixin.py:188} INFO - [2026-07-06T16:52:47.805+0000] {dag.py:3036} INFO - Sync 1 DAGs
[2026-07-06T16:52:47.828+0000] {logging_mixin.py:188} INFO - [2026-07-06T16:52:47.828+0000] {dag.py:3823} INFO - Setting next_dagrun for dag_etl_camara_diario to 2026-07-06 03:00:00+00:00, run_after=2026-07-07 03:00:00+00:00
[2026-07-06T16:52:47.847+0000] {processor.py:183} INFO - Processing /opt/airflow/dags/dag_etl_camara_diario.py took 0.082 seconds
[2026-07-06T16:53:17.977+0000] {processor.py:161} INFO - Started process (PID=864) to work on /opt/airflow/dags/dag_etl_camara_diario.py
[2026-07-06T16:53:17.978+0000] {processor.py:830} INFO - Processing file /opt/airflow/dags/dag_etl_camara_diario.py for tasks to queue
[2026-07-06T16:53:17.979+0000] {logging_mixin.py:188} INFO - [2026-07-06T16:53:17.979+0000] {dagbag.py:538} INFO - Filling up the DagBag from /opt/airflow/dags/dag_etl_camara_diario.py
[2026-07-06T16:53:17.989+0000] {processor.py:840} INFO - DAG(s) 'dag_etl_camara_diario' retrieved from /opt/airflow/dags/dag_etl_camara_diario.py
[2026-07-06T16:53:18.012+0000] {logging_mixin.py:188} INFO - [2026-07-06T16:53:18.012+0000] {dag.py:3036} INFO - Sync 1 DAGs
[2026-07-06T16:53:18.035+0000] {logging_mixin.py:188} INFO - [2026-07-06T16:53:18.034+0000] {dag.py:3823} INFO - Setting next_dagrun for dag_etl_camara_diario to 2026-07-06 03:00:00+00:00, run_after=2026-07-07 03:00:00+00:00
[2026-07-06T16:53:18.052+0000] {processor.py:183} INFO - Processing /opt/airflow/dags/dag_etl_camara_diario.py took 0.077 seconds
[2026-07-06T16:53:48.184+0000] {processor.py:161} INFO - Started process (PID=879) to work on /opt/airflow/dags/dag_etl_camara_diario.py
[2026-07-06T16:53:48.185+0000] {processor.py:830} INFO - Processing file /opt/airflow/dags/dag_etl_camara_diario.py for tasks to queue
[2026-07-06T16:53:48.186+0000] {logging_mixin.py:188} INFO - [2026-07-06T16:53:48.186+0000] {dagbag.py:538} INFO - Filling up the DagBag from /opt/airflow/dags/dag_etl_camara_diario.py
[2026-07-06T16:53:48.196+0000] {processor.py:840} INFO - DAG(s) 'dag_etl_camara_diario' retrieved from /opt/airflow/dags/dag_etl_camara_diario.py
[2026-07-06T16:53:48.218+0000] {logging_mixin.py:188} INFO - [2026-07-06T16:53:48.217+0000] {dag.py:3036} INFO - Sync 1 DAGs
[2026-07-06T16:53:48.241+0000] {logging_mixin.py:188} INFO - [2026-07-06T16:53:48.241+0000] {dag.py:3823} INFO - Setting next_dagrun for dag_etl_camara_diario to 2026-07-06 03:00:00+00:00, run_after=2026-07-07 03:00:00+00:00
[2026-07-06T16:53:48.260+0000] {processor.py:183} INFO - Processing /opt/airflow/dags/dag_etl_camara_diario.py took 0.078 seconds
[2026-07-06T16:54:18.394+0000] {processor.py:161} INFO - Started process (PID=894) to work on /opt/airflow/dags/dag_etl_camara_diario.py
[2026-07-06T16:54:18.395+0000] {processor.py:830} INFO - Processing file /opt/airflow/dags/dag_etl_camara_diario.py for tasks to queue
[2026-07-06T16:54:18.395+0000] {logging_mixin.py:188} INFO - [2026-07-06T16:54:18.395+0000] {dagbag.py:538} INFO - Filling up the DagBag from /opt/airflow/dags/dag_etl_camara_diario.py
[2026-07-06T16:54:18.406+0000] {processor.py:840} INFO - DAG(s) 'dag_etl_camara_diario' retrieved from /opt/airflow/dags/dag_etl_camara_diario.py
[2026-07-06T16:54:18.430+0000] {logging_mixin.py:188} INFO - [2026-07-06T16:54:18.429+0000] {dag.py:3036} INFO - Sync 1 DAGs
[2026-07-06T16:54:18.454+0000] {logging_mixin.py:188} INFO - [2026-07-06T16:54:18.454+0000] {dag.py:3823} INFO - Setting next_dagrun for dag_etl_camara_diario to 2026-07-06 03:00:00+00:00, run_after=2026-07-07 03:00:00+00:00
[2026-07-06T16:54:18.472+0000] {processor.py:183} INFO - Processing /opt/airflow/dags/dag_etl_camara_diario.py took 0.082 seconds
[2026-07-06T16:54:48.600+0000] {processor.py:161} INFO - Started process (PID=909) to work on /opt/airflow/dags/dag_etl_camara_diario.py
[2026-07-06T16:54:48.600+0000] {processor.py:830} INFO - Processing file /opt/airflow/dags/dag_etl_camara_diario.py for tasks to queue
[2026-07-06T16:54:48.601+0000] {logging_mixin.py:188} INFO - [2026-07-06T16:54:48.601+0000] {dagbag.py:538} INFO - Filling up the DagBag from /opt/airflow/dags/dag_etl_camara_diario.py
[2026-07-06T16:54:48.611+0000] {processor.py:840} INFO - DAG(s) 'dag_etl_camara_diario' retrieved from /opt/airflow/dags/dag_etl_camara_diario.py
[2026-07-06T16:54:48.634+0000] {logging_mixin.py:188} INFO - [2026-07-06T16:54:48.634+0000] {dag.py:3036} INFO - Sync 1 DAGs
[2026-07-06T16:54:48.659+0000] {logging_mixin.py:188} INFO - [2026-07-06T16:54:48.659+0000] {dag.py:3823} INFO - Setting next_dagrun for dag_etl_camara_diario to 2026-07-06 03:00:00+00:00, run_after=2026-07-07 03:00:00+00:00
[2026-07-06T16:54:48.674+0000] {processor.py:183} INFO - Processing /opt/airflow/dags/dag_etl_camara_diario.py took 0.077 seconds
[2026-07-06T16:55:18.803+0000] {processor.py:161} INFO - Started process (PID=924) to work on /opt/airflow/dags/dag_etl_camara_diario.py
[2026-07-06T16:55:18.804+0000] {processor.py:830} INFO - Processing file /opt/airflow/dags/dag_etl_camara_diario.py for tasks to queue
[2026-07-06T16:55:18.805+0000] {logging_mixin.py:188} INFO - [2026-07-06T16:55:18.805+0000] {dagbag.py:538} INFO - Filling up the DagBag from /opt/airflow/dags/dag_etl_camara_diario.py
[2026-07-06T16:55:18.815+0000] {processor.py:840} INFO - DAG(s) 'dag_etl_camara_diario' retrieved from /opt/airflow/dags/dag_etl_camara_diario.py
[2026-07-06T16:55:18.838+0000] {logging_mixin.py:188} INFO - [2026-07-06T16:55:18.837+0000] {dag.py:3036} INFO - Sync 1 DAGs
[2026-07-06T16:55:18.862+0000] {logging_mixin.py:188} INFO - [2026-07-06T16:55:18.862+0000] {dag.py:3823} INFO - Setting next_dagrun for dag_etl_camara_diario to 2026-07-06 03:00:00+00:00, run_after=2026-07-07 03:00:00+00:00
[2026-07-06T16:55:18.878+0000] {processor.py:183} INFO - Processing /opt/airflow/dags/dag_etl_camara_diario.py took 0.078 seconds
[2026-07-06T16:55:49.017+0000] {processor.py:161} INFO - Started process (PID=939) to work on /opt/airflow/dags/dag_etl_camara_diario.py
[2026-07-06T16:55:49.018+0000] {processor.py:830} INFO - Processing file /opt/airflow/dags/dag_etl_camara_diario.py for tasks to queue
[2026-07-06T16:55:49.018+0000] {logging_mixin.py:188} INFO - [2026-07-06T16:55:49.018+0000] {dagbag.py:538} INFO - Filling up the DagBag from /opt/airflow/dags/dag_etl_camara_diario.py
[2026-07-06T16:55:49.030+0000] {processor.py:840} INFO - DAG(s) 'dag_etl_camara_diario' retrieved from /opt/airflow/dags/dag_etl_camara_diario.py
[2026-07-06T16:55:49.054+0000] {logging_mixin.py:188} INFO - [2026-07-06T16:55:49.054+0000] {dag.py:3036} INFO - Sync 1 DAGs
[2026-07-06T16:55:49.079+0000] {logging_mixin.py:188} INFO - [2026-07-06T16:55:49.079+0000] {dag.py:3823} INFO - Setting next_dagrun for dag_etl_camara_diario to 2026-07-06 03:00:00+00:00, run_after=2026-07-07 03:00:00+00:00
[2026-07-06T16:55:49.094+0000] {processor.py:183} INFO - Processing /opt/airflow/dags/dag_etl_camara_diario.py took 0.081 seconds
[2026-07-06T16:56:19.224+0000] {processor.py:161} INFO - Started process (PID=954) to work on /opt/airflow/dags/dag_etl_camara_diario.py
[2026-07-06T16:56:19.225+0000] {processor.py:830} INFO - Processing file /opt/airflow/dags/dag_etl_camara_diario.py for tasks to queue
[2026-07-06T16:56:19.226+0000] {logging_mixin.py:188} INFO - [2026-07-06T16:56:19.225+0000] {dagbag.py:538} INFO - Filling up the DagBag from /opt/airflow/dags/dag_etl_camara_diario.py
[2026-07-06T16:56:19.235+0000] {processor.py:840} INFO - DAG(s) 'dag_etl_camara_diario' retrieved from /opt/airflow/dags/dag_etl_camara_diario.py
[2026-07-06T16:56:19.257+0000] {logging_mixin.py:188} INFO - [2026-07-06T16:56:19.257+0000] {dag.py:3036} INFO - Sync 1 DAGs
[2026-07-06T16:56:19.281+0000] {logging_mixin.py:188} INFO - [2026-07-06T16:56:19.280+0000] {dag.py:3823} INFO - Setting next_dagrun for dag_etl_camara_diario to 2026-07-06 03:00:00+00:00, run_after=2026-07-07 03:00:00+00:00
[2026-07-06T16:56:19.298+0000] {processor.py:183} INFO - Processing /opt/airflow/dags/dag_etl_camara_diario.py took 0.078 seconds
[2026-07-06T16:56:49.431+0000] {processor.py:161} INFO - Started process (PID=969) to work on /opt/airflow/dags/dag_etl_camara_diario.py
[2026-07-06T16:56:49.432+0000] {processor.py:830} INFO - Processing file /opt/airflow/dags/dag_etl_camara_diario.py for tasks to queue
[2026-07-06T16:56:49.432+0000] {logging_mixin.py:188} INFO - [2026-07-06T16:56:49.432+0000] {dagbag.py:538} INFO - Filling up the DagBag from /opt/airflow/dags/dag_etl_camara_diario.py
[2026-07-06T16:56:49.443+0000] {processor.py:840} INFO - DAG(s) 'dag_etl_camara_diario' retrieved from /opt/airflow/dags/dag_etl_camara_diario.py
[2026-07-06T16:56:49.465+0000] {logging_mixin.py:188} INFO - [2026-07-06T16:56:49.465+0000] {dag.py:3036} INFO - Sync 1 DAGs
[2026-07-06T16:56:49.489+0000] {logging_mixin.py:188} INFO - [2026-07-06T16:56:49.489+0000] {dag.py:3823} INFO - Setting next_dagrun for dag_etl_camara_diario to 2026-07-06 03:00:00+00:00, run_after=2026-07-07 03:00:00+00:00
[2026-07-06T16:56:49.506+0000] {processor.py:183} INFO - Processing /opt/airflow/dags/dag_etl_camara_diario.py took 0.078 seconds
[2026-07-06T16:57:19.635+0000] {processor.py:161} INFO - Started process (PID=984) to work on /opt/airflow/dags/dag_etl_camara_diario.py
[2026-07-06T16:57:19.636+0000] {processor.py:830} INFO - Processing file /opt/airflow/dags/dag_etl_camara_diario.py for tasks to queue
[2026-07-06T16:57:19.637+0000] {logging_mixin.py:188} INFO - [2026-07-06T16:57:19.637+0000] {dagbag.py:538} INFO - Filling up the DagBag from /opt/airflow/dags/dag_etl_camara_diario.py
[2026-07-06T16:57:19.647+0000] {processor.py:840} INFO - DAG(s) 'dag_etl_camara_diario' retrieved from /opt/airflow/dags/dag_etl_camara_diario.py
[2026-07-06T16:57:19.670+0000] {logging_mixin.py:188} INFO - [2026-07-06T16:57:19.669+0000] {dag.py:3036} INFO - Sync 1 DAGs
[2026-07-06T16:57:19.693+0000] {logging_mixin.py:188} INFO - [2026-07-06T16:57:19.693+0000] {dag.py:3823} INFO - Setting next_dagrun for dag_etl_camara_diario to 2026-07-06 03:00:00+00:00, run_after=2026-07-07 03:00:00+00:00
[2026-07-06T16:57:19.710+0000] {processor.py:183} INFO - Processing /opt/airflow/dags/dag_etl_camara_diario.py took 0.078 seconds
[2026-07-06T16:57:49.843+0000] {processor.py:161} INFO - Started process (PID=999) to work on /opt/airflow/dags/dag_etl_camara_diario.py
[2026-07-06T16:57:49.844+0000] {processor.py:830} INFO - Processing file /opt/airflow/dags/dag_etl_camara_diario.py for tasks to queue
[2026-07-06T16:57:49.845+0000] {logging_mixin.py:188} INFO - [2026-07-06T16:57:49.844+0000] {dagbag.py:538} INFO - Filling up the DagBag from /opt/airflow/dags/dag_etl_camara_diario.py
[2026-07-06T16:57:49.855+0000] {processor.py:840} INFO - DAG(s) 'dag_etl_camara_diario' retrieved from /opt/airflow/dags/dag_etl_camara_diario.py
[2026-07-06T16:57:49.877+0000] {logging_mixin.py:188} INFO - [2026-07-06T16:57:49.877+0000] {dag.py:3036} INFO - Sync 1 DAGs
[2026-07-06T16:57:49.903+0000] {logging_mixin.py:188} INFO - [2026-07-06T16:57:49.903+0000] {dag.py:3823} INFO - Setting next_dagrun for dag_etl_camara_diario to 2026-07-06 03:00:00+00:00, run_after=2026-07-07 03:00:00+00:00
[2026-07-06T16:57:49.919+0000] {processor.py:183} INFO - Processing /opt/airflow/dags/dag_etl_camara_diario.py took 0.078 seconds
[2026-07-06T16:58:20.050+0000] {processor.py:161} INFO - Started process (PID=1014) to work on /opt/airflow/dags/dag_etl_camara_diario.py
[2026-07-06T16:58:20.051+0000] {processor.py:830} INFO - Processing file /opt/airflow/dags/dag_etl_camara_diario.py for tasks to queue
[2026-07-06T16:58:20.052+0000] {logging_mixin.py:188} INFO - [2026-07-06T16:58:20.052+0000] {dagbag.py:538} INFO - Filling up the DagBag from /opt/airflow/dags/dag_etl_camara_diario.py
[2026-07-06T16:58:20.062+0000] {processor.py:840} INFO - DAG(s) 'dag_etl_camara_diario' retrieved from /opt/airflow/dags/dag_etl_camara_diario.py
[2026-07-06T16:58:20.085+0000] {logging_mixin.py:188} INFO - [2026-07-06T16:58:20.085+0000] {dag.py:3036} INFO - Sync 1 DAGs
[2026-07-06T16:58:20.109+0000] {logging_mixin.py:188} INFO - [2026-07-06T16:58:20.109+0000] {dag.py:3823} INFO - Setting next_dagrun for dag_etl_camara_diario to 2026-07-06 03:00:00+00:00, run_after=2026-07-07 03:00:00+00:00
[2026-07-06T16:58:20.126+0000] {processor.py:183} INFO - Processing /opt/airflow/dags/dag_etl_camara_diario.py took 0.079 seconds
[2026-07-06T16:58:50.259+0000] {processor.py:161} INFO - Started process (PID=1029) to work on /opt/airflow/dags/dag_etl_camara_diario.py
[2026-07-06T16:58:50.259+0000] {processor.py:830} INFO - Processing file /opt/airflow/dags/dag_etl_camara_diario.py for tasks to queue
[2026-07-06T16:58:50.260+0000] {logging_mixin.py:188} INFO - [2026-07-06T16:58:50.260+0000] {dagbag.py:538} INFO - Filling up the DagBag from /opt/airflow/dags/dag_etl_camara_diario.py
[2026-07-06T16:58:50.270+0000] {processor.py:840} INFO - DAG(s) 'dag_etl_camara_diario' retrieved from /opt/airflow/dags/dag_etl_camara_diario.py
[2026-07-06T16:58:50.293+0000] {logging_mixin.py:188} INFO - [2026-07-06T16:58:50.292+0000] {dag.py:3036} INFO - Sync 1 DAGs
[2026-07-06T16:58:50.316+0000] {logging_mixin.py:188} INFO - [2026-07-06T16:58:50.316+0000] {dag.py:3823} INFO - Setting next_dagrun for dag_etl_camara_diario to 2026-07-06 03:00:00+00:00, run_after=2026-07-07 03:00:00+00:00
[2026-07-06T16:58:50.334+0000] {processor.py:183} INFO - Processing /opt/airflow/dags/dag_etl_camara_diario.py took 0.078 seconds
[2026-07-06T16:59:20.464+0000] {processor.py:161} INFO - Started process (PID=1044) to work on /opt/airflow/dags/dag_etl_camara_diario.py
[2026-07-06T16:59:20.465+0000] {processor.py:830} INFO - Processing file /opt/airflow/dags/dag_etl_camara_diario.py for tasks to queue
[2026-07-06T16:59:20.465+0000] {logging_mixin.py:188} INFO - [2026-07-06T16:59:20.465+0000] {dagbag.py:538} INFO - Filling up the DagBag from /opt/airflow/dags/dag_etl_camara_diario.py
[2026-07-06T16:59:20.476+0000] {processor.py:840} INFO - DAG(s) 'dag_etl_camara_diario' retrieved from /opt/airflow/dags/dag_etl_camara_diario.py
[2026-07-06T16:59:20.499+0000] {logging_mixin.py:188} INFO - [2026-07-06T16:59:20.499+0000] {dag.py:3036} INFO - Sync 1 DAGs
[2026-07-06T16:59:20.523+0000] {logging_mixin.py:188} INFO - [2026-07-06T16:59:20.523+0000] {dag.py:3823} INFO - Setting next_dagrun for dag_etl_camara_diario to 2026-07-06 03:00:00+00:00, run_after=2026-07-07 03:00:00+00:00
[2026-07-06T16:59:20.540+0000] {processor.py:183} INFO - Processing /opt/airflow/dags/dag_etl_camara_diario.py took 0.080 seconds
[2026-07-06T16:59:50.676+0000] {processor.py:161} INFO - Started process (PID=1059) to work on /opt/airflow/dags/dag_etl_camara_diario.py
[2026-07-06T16:59:50.677+0000] {processor.py:830} INFO - Processing file /opt/airflow/dags/dag_etl_camara_diario.py for tasks to queue
[2026-07-06T16:59:50.678+0000] {logging_mixin.py:188} INFO - [2026-07-06T16:59:50.677+0000] {dagbag.py:538} INFO - Filling up the DagBag from /opt/airflow/dags/dag_etl_camara_diario.py
[2026-07-06T16:59:50.687+0000] {processor.py:840} INFO - DAG(s) 'dag_etl_camara_diario' retrieved from /opt/airflow/dags/dag_etl_camara_diario.py
[2026-07-06T16:59:50.712+0000] {logging_mixin.py:188} INFO - [2026-07-06T16:59:50.712+0000] {dag.py:3036} INFO - Sync 1 DAGs
[2026-07-06T16:59:50.739+0000] {logging_mixin.py:188} INFO - [2026-07-06T16:59:50.739+0000] {dag.py:3823} INFO - Setting next_dagrun for dag_etl_camara_diario to 2026-07-06 03:00:00+00:00, run_after=2026-07-07 03:00:00+00:00
[2026-07-06T16:59:50.756+0000] {processor.py:183} INFO - Processing /opt/airflow/dags/dag_etl_camara_diario.py took 0.083 seconds
[2026-07-06T17:00:20.889+0000] {processor.py:161} INFO - Started process (PID=1074) to work on /opt/airflow/dags/dag_etl_camara_diario.py
[2026-07-06T17:00:20.890+0000] {processor.py:830} INFO - Processing file /opt/airflow/dags/dag_etl_camara_diario.py for tasks to queue
[2026-07-06T17:00:20.891+0000] {logging_mixin.py:188} INFO - [2026-07-06T17:00:20.891+0000] {dagbag.py:538} INFO - Filling up the DagBag from /opt/airflow/dags/dag_etl_camara_diario.py
[2026-07-06T17:00:20.901+0000] {processor.py:840} INFO - DAG(s) 'dag_etl_camara_diario' retrieved from /opt/airflow/dags/dag_etl_camara_diario.py
[2026-07-06T17:00:20.924+0000] {logging_mixin.py:188} INFO - [2026-07-06T17:00:20.924+0000] {dag.py:3036} INFO - Sync 1 DAGs
[2026-07-06T17:00:20.950+0000] {logging_mixin.py:188} INFO - [2026-07-06T17:00:20.950+0000] {dag.py:3823} INFO - Setting next_dagrun for dag_etl_camara_diario to 2026-07-06 03:00:00+00:00, run_after=2026-07-07 03:00:00+00:00
[2026-07-06T17:00:20.968+0000] {processor.py:183} INFO - Processing /opt/airflow/dags/dag_etl_camara_diario.py took 0.081 seconds
[2026-07-06T17:00:51.122+0000] {processor.py:161} INFO - Started process (PID=1089) to work on /opt/airflow/dags/dag_etl_camara_diario.py
[2026-07-06T17:00:51.123+0000] {processor.py:830} INFO - Processing file /opt/airflow/dags/dag_etl_camara_diario.py for tasks to queue
[2026-07-06T17:00:51.124+0000] {logging_mixin.py:188} INFO - [2026-07-06T17:00:51.123+0000] {dagbag.py:538} INFO - Filling up the DagBag from /opt/airflow/dags/dag_etl_camara_diario.py
[2026-07-06T17:00:51.133+0000] {processor.py:840} INFO - DAG(s) 'dag_etl_camara_diario' retrieved from /opt/airflow/dags/dag_etl_camara_diario.py
[2026-07-06T17:00:51.156+0000] {logging_mixin.py:188} INFO - [2026-07-06T17:00:51.155+0000] {dag.py:3036} INFO - Sync 1 DAGs
[2026-07-06T17:00:51.180+0000] {logging_mixin.py:188} INFO - [2026-07-06T17:00:51.180+0000] {dag.py:3823} INFO - Setting next_dagrun for dag_etl_camara_diario to 2026-07-06 03:00:00+00:00, run_after=2026-07-07 03:00:00+00:00
[2026-07-06T17:00:51.196+0000] {processor.py:183} INFO - Processing /opt/airflow/dags/dag_etl_camara_diario.py took 0.077 seconds
[2026-07-06T17:01:21.327+0000] {processor.py:161} INFO - Started process (PID=1104) to work on /opt/airflow/dags/dag_etl_camara_diario.py
[2026-07-06T17:01:21.328+0000] {processor.py:830} INFO - Processing file /opt/airflow/dags/dag_etl_camara_diario.py for tasks to queue
[2026-07-06T17:01:21.328+0000] {logging_mixin.py:188} INFO - [2026-07-06T17:01:21.328+0000] {dagbag.py:538} INFO - Filling up the DagBag from /opt/airflow/dags/dag_etl_camara_diario.py
[2026-07-06T17:01:21.339+0000] {processor.py:840} INFO - DAG(s) 'dag_etl_camara_diario' retrieved from /opt/airflow/dags/dag_etl_camara_diario.py
[2026-07-06T17:01:21.361+0000] {logging_mixin.py:188} INFO - [2026-07-06T17:01:21.361+0000] {dag.py:3036} INFO - Sync 1 DAGs
[2026-07-06T17:01:21.385+0000] {logging_mixin.py:188} INFO - [2026-07-06T17:01:21.385+0000] {dag.py:3823} INFO - Setting next_dagrun for dag_etl_camara_diario to 2026-07-06 03:00:00+00:00, run_after=2026-07-07 03:00:00+00:00
[2026-07-06T17:01:21.403+0000] {processor.py:183} INFO - Processing /opt/airflow/dags/dag_etl_camara_diario.py took 0.079 seconds
[2026-07-06T17:01:51.538+0000] {processor.py:161} INFO - Started process (PID=1119) to work on /opt/airflow/dags/dag_etl_camara_diario.py
[2026-07-06T17:01:51.539+0000] {processor.py:830} INFO - Processing file /opt/airflow/dags/dag_etl_camara_diario.py for tasks to queue
[2026-07-06T17:01:51.540+0000] {logging_mixin.py:188} INFO - [2026-07-06T17:01:51.539+0000] {dagbag.py:538} INFO - Filling up the DagBag from /opt/airflow/dags/dag_etl_camara_diario.py
[2026-07-06T17:01:51.550+0000] {processor.py:840} INFO - DAG(s) 'dag_etl_camara_diario' retrieved from /opt/airflow/dags/dag_etl_camara_diario.py
[2026-07-06T17:01:51.574+0000] {logging_mixin.py:188} INFO - [2026-07-06T17:01:51.574+0000] {dag.py:3036} INFO - Sync 1 DAGs
[2026-07-06T17:01:51.599+0000] {logging_mixin.py:188} INFO - [2026-07-06T17:01:51.599+0000] {dag.py:3823} INFO - Setting next_dagrun for dag_etl_camara_diario to 2026-07-06 03:00:00+00:00, run_after=2026-07-07 03:00:00+00:00
[2026-07-06T17:01:51.623+0000] {processor.py:183} INFO - Processing /opt/airflow/dags/dag_etl_camara_diario.py took 0.088 seconds
[2026-07-06T17:02:21.755+0000] {processor.py:161} INFO - Started process (PID=1134) to work on /opt/airflow/dags/dag_etl_camara_diario.py
[2026-07-06T17:02:21.756+0000] {processor.py:830} INFO - Processing file /opt/airflow/dags/dag_etl_camara_diario.py for tasks to queue
[2026-07-06T17:02:21.757+0000] {logging_mixin.py:188} INFO - [2026-07-06T17:02:21.757+0000] {dagbag.py:538} INFO - Filling up the DagBag from /opt/airflow/dags/dag_etl_camara_diario.py
[2026-07-06T17:02:21.768+0000] {processor.py:840} INFO - DAG(s) 'dag_etl_camara_diario' retrieved from /opt/airflow/dags/dag_etl_camara_diario.py
[2026-07-06T17:02:21.792+0000] {logging_mixin.py:188} INFO - [2026-07-06T17:02:21.791+0000] {dag.py:3036} INFO - Sync 1 DAGs
[2026-07-06T17:02:21.817+0000] {logging_mixin.py:188} INFO - [2026-07-06T17:02:21.817+0000] {dag.py:3823} INFO - Setting next_dagrun for dag_etl_camara_diario to 2026-07-06 03:00:00+00:00, run_after=2026-07-07 03:00:00+00:00
[2026-07-06T17:02:21.834+0000] {processor.py:183} INFO - Processing /opt/airflow/dags/dag_etl_camara_diario.py took 0.082 seconds
[2026-07-06T17:02:51.964+0000] {processor.py:161} INFO - Started process (PID=1149) to work on /opt/airflow/dags/dag_etl_camara_diario.py
[2026-07-06T17:02:51.965+0000] {processor.py:830} INFO - Processing file /opt/airflow/dags/dag_etl_camara_diario.py for tasks to queue
[2026-07-06T17:02:51.966+0000] {logging_mixin.py:188} INFO - [2026-07-06T17:02:51.966+0000] {dagbag.py:538} INFO - Filling up the DagBag from /opt/airflow/dags/dag_etl_camara_diario.py
[2026-07-06T17:02:51.976+0000] {processor.py:840} INFO - DAG(s) 'dag_etl_camara_diario' retrieved from /opt/airflow/dags/dag_etl_camara_diario.py
[2026-07-06T17:02:52.000+0000] {logging_mixin.py:188} INFO - [2026-07-06T17:02:52.000+0000] {dag.py:3036} INFO - Sync 1 DAGs
[2026-07-06T17:02:52.025+0000] {logging_mixin.py:188} INFO - [2026-07-06T17:02:52.025+0000] {dag.py:3823} INFO - Setting next_dagrun for dag_etl_camara_diario to 2026-07-06 03:00:00+00:00, run_after=2026-07-07 03:00:00+00:00
[2026-07-06T17:02:52.043+0000] {processor.py:183} INFO - Processing /opt/airflow/dags/dag_etl_camara_diario.py took 0.081 seconds
[2026-07-06T17:03:22.175+0000] {processor.py:161} INFO - Started process (PID=1164) to work on /opt/airflow/dags/dag_etl_camara_diario.py
[2026-07-06T17:03:22.176+0000] {processor.py:830} INFO - Processing file /opt/airflow/dags/dag_etl_camara_diario.py for tasks to queue
[2026-07-06T17:03:22.176+0000] {logging_mixin.py:188} INFO - [2026-07-06T17:03:22.176+0000] {dagbag.py:538} INFO - Filling up the DagBag from /opt/airflow/dags/dag_etl_camara_diario.py
[2026-07-06T17:03:22.187+0000] {processor.py:840} INFO - DAG(s) 'dag_etl_camara_diario' retrieved from /opt/airflow/dags/dag_etl_camara_diario.py
[2026-07-06T17:03:22.210+0000] {logging_mixin.py:188} INFO - [2026-07-06T17:03:22.210+0000] {dag.py:3036} INFO - Sync 1 DAGs
[2026-07-06T17:03:22.235+0000] {logging_mixin.py:188} INFO - [2026-07-06T17:03:22.235+0000] {dag.py:3823} INFO - Setting next_dagrun for dag_etl_camara_diario to 2026-07-06 03:00:00+00:00, run_after=2026-07-07 03:00:00+00:00
[2026-07-06T17:03:22.252+0000] {processor.py:183} INFO - Processing /opt/airflow/dags/dag_etl_camara_diario.py took 0.080 seconds
[2026-07-06T17:03:52.384+0000] {processor.py:161} INFO - Started process (PID=1179) to work on /opt/airflow/dags/dag_etl_camara_diario.py
[2026-07-06T17:03:52.385+0000] {processor.py:830} INFO - Processing file /opt/airflow/dags/dag_etl_camara_diario.py for tasks to queue
[2026-07-06T17:03:52.386+0000] {logging_mixin.py:188} INFO - [2026-07-06T17:03:52.386+0000] {dagbag.py:538} INFO - Filling up the DagBag from /opt/airflow/dags/dag_etl_camara_diario.py
[2026-07-06T17:03:52.396+0000] {processor.py:840} INFO - DAG(s) 'dag_etl_camara_diario' retrieved from /opt/airflow/dags/dag_etl_camara_diario.py
[2026-07-06T17:03:52.419+0000] {logging_mixin.py:188} INFO - [2026-07-06T17:03:52.419+0000] {dag.py:3036} INFO - Sync 1 DAGs
[2026-07-06T17:03:52.443+0000] {logging_mixin.py:188} INFO - [2026-07-06T17:03:52.443+0000] {dag.py:3823} INFO - Setting next_dagrun for dag_etl_camara_diario to 2026-07-06 03:00:00+00:00, run_after=2026-07-07 03:00:00+00:00
[2026-07-06T17:03:52.460+0000] {processor.py:183} INFO - Processing /opt/airflow/dags/dag_etl_camara_diario.py took 0.079 seconds
[2026-07-06T17:04:22.589+0000] {processor.py:161} INFO - Started process (PID=1194) to work on /opt/airflow/dags/dag_etl_camara_diario.py
[2026-07-06T17:04:22.590+0000] {processor.py:830} INFO - Processing file /opt/airflow/dags/dag_etl_camara_diario.py for tasks to queue
[2026-07-06T17:04:22.591+0000] {logging_mixin.py:188} INFO - [2026-07-06T17:04:22.590+0000] {dagbag.py:538} INFO - Filling up the DagBag from /opt/airflow/dags/dag_etl_camara_diario.py
[2026-07-06T17:04:22.601+0000] {processor.py:840} INFO - DAG(s) 'dag_etl_camara_diario' retrieved from /opt/airflow/dags/dag_etl_camara_diario.py
[2026-07-06T17:04:22.624+0000] {logging_mixin.py:188} INFO - [2026-07-06T17:04:22.624+0000] {dag.py:3036} INFO - Sync 1 DAGs
[2026-07-06T17:04:22.648+0000] {logging_mixin.py:188} INFO - [2026-07-06T17:04:22.648+0000] {dag.py:3823} INFO - Setting next_dagrun for dag_etl_camara_diario to 2026-07-06 03:00:00+00:00, run_after=2026-07-07 03:00:00+00:00
[2026-07-06T17:04:22.665+0000] {processor.py:183} INFO - Processing /opt/airflow/dags/dag_etl_camara_diario.py took 0.079 seconds
[2026-07-06T17:04:52.793+0000] {processor.py:161} INFO - Started process (PID=1209) to work on /opt/airflow/dags/dag_etl_camara_diario.py
[2026-07-06T17:04:52.793+0000] {processor.py:830} INFO - Processing file /opt/airflow/dags/dag_etl_camara_diario.py for tasks to queue
[2026-07-06T17:04:52.794+0000] {logging_mixin.py:188} INFO - [2026-07-06T17:04:52.794+0000] {dagbag.py:538} INFO - Filling up the DagBag from /opt/airflow/dags/dag_etl_camara_diario.py
[2026-07-06T17:04:52.804+0000] {processor.py:840} INFO - DAG(s) 'dag_etl_camara_diario' retrieved from /opt/airflow/dags/dag_etl_camara_diario.py
[2026-07-06T17:04:52.825+0000] {logging_mixin.py:188} INFO - [2026-07-06T17:04:52.824+0000] {dag.py:3036} INFO - Sync 1 DAGs
[2026-07-06T17:04:52.845+0000] {logging_mixin.py:188} INFO - [2026-07-06T17:04:52.845+0000] {dag.py:3823} INFO - Setting next_dagrun for dag_etl_camara_diario to 2026-07-06 03:00:00+00:00, run_after=2026-07-07 03:00:00+00:00
[2026-07-06T17:04:52.860+0000] {processor.py:183} INFO - Processing /opt/airflow/dags/dag_etl_camara_diario.py took 0.070 seconds
[2026-07-06T17:05:22.986+0000] {processor.py:161} INFO - Started process (PID=1224) to work on /opt/airflow/dags/dag_etl_camara_diario.py
[2026-07-06T17:05:22.987+0000] {processor.py:830} INFO - Processing file /opt/airflow/dags/dag_etl_camara_diario.py for tasks to queue
[2026-07-06T17:05:22.988+0000] {logging_mixin.py:188} INFO - [2026-07-06T17:05:22.988+0000] {dagbag.py:538} INFO - Filling up the DagBag from /opt/airflow/dags/dag_etl_camara_diario.py
[2026-07-06T17:05:22.998+0000] {processor.py:840} INFO - DAG(s) 'dag_etl_camara_diario' retrieved from /opt/airflow/dags/dag_etl_camara_diario.py
[2026-07-06T17:05:23.019+0000] {logging_mixin.py:188} INFO - [2026-07-06T17:05:23.019+0000] {dag.py:3036} INFO - Sync 1 DAGs
[2026-07-06T17:05:23.042+0000] {logging_mixin.py:188} INFO - [2026-07-06T17:05:23.042+0000] {dag.py:3823} INFO - Setting next_dagrun for dag_etl_camara_diario to 2026-07-06 03:00:00+00:00, run_after=2026-07-07 03:00:00+00:00
[2026-07-06T17:05:23.062+0000] {processor.py:183} INFO - Processing /opt/airflow/dags/dag_etl_camara_diario.py took 0.078 seconds
[2026-07-06T17:05:53.195+0000] {processor.py:161} INFO - Started process (PID=1239) to work on /opt/airflow/dags/dag_etl_camara_diario.py
[2026-07-06T17:05:53.196+0000] {processor.py:830} INFO - Processing file /opt/airflow/dags/dag_etl_camara_diario.py for tasks to queue
[2026-07-06T17:05:53.197+0000] {logging_mixin.py:188} INFO - [2026-07-06T17:05:53.196+0000] {dagbag.py:538} INFO - Filling up the DagBag from /opt/airflow/dags/dag_etl_camara_diario.py
[2026-07-06T17:05:53.206+0000] {processor.py:840} INFO - DAG(s) 'dag_etl_camara_diario' retrieved from /opt/airflow/dags/dag_etl_camara_diario.py
[2026-07-06T17:05:53.228+0000] {logging_mixin.py:188} INFO - [2026-07-06T17:05:53.228+0000] {dag.py:3036} INFO - Sync 1 DAGs
[2026-07-06T17:05:53.250+0000] {logging_mixin.py:188} INFO - [2026-07-06T17:05:53.250+0000] {dag.py:3823} INFO - Setting next_dagrun for dag_etl_camara_diario to 2026-07-06 03:00:00+00:00, run_after=2026-07-07 03:00:00+00:00
[2026-07-06T17:05:53.265+0000] {processor.py:183} INFO - Processing /opt/airflow/dags/dag_etl_camara_diario.py took 0.073 seconds
[2026-07-06T17:06:23.392+0000] {processor.py:161} INFO - Started process (PID=1254) to work on /opt/airflow/dags/dag_etl_camara_diario.py
[2026-07-06T17:06:23.393+0000] {processor.py:830} INFO - Processing file /opt/airflow/dags/dag_etl_camara_diario.py for tasks to queue
[2026-07-06T17:06:23.393+0000] {logging_mixin.py:188} INFO - [2026-07-06T17:06:23.393+0000] {dagbag.py:538} INFO - Filling up the DagBag from /opt/airflow/dags/dag_etl_camara_diario.py
[2026-07-06T17:06:23.403+0000] {processor.py:840} INFO - DAG(s) 'dag_etl_camara_diario' retrieved from /opt/airflow/dags/dag_etl_camara_diario.py
[2026-07-06T17:06:23.425+0000] {logging_mixin.py:188} INFO - [2026-07-06T17:06:23.425+0000] {dag.py:3036} INFO - Sync 1 DAGs
[2026-07-06T17:06:23.449+0000] {logging_mixin.py:188} INFO - [2026-07-06T17:06:23.449+0000] {dag.py:3823} INFO - Setting next_dagrun for dag_etl_camara_diario to 2026-07-06 03:00:00+00:00, run_after=2026-07-07 03:00:00+00:00
[2026-07-06T17:06:23.465+0000] {processor.py:183} INFO - Processing /opt/airflow/dags/dag_etl_camara_diario.py took 0.076 seconds
[2026-07-06T17:06:53.601+0000] {processor.py:161} INFO - Started process (PID=1269) to work on /opt/airflow/dags/dag_etl_camara_diario.py
[2026-07-06T17:06:53.602+0000] {processor.py:830} INFO - Processing file /opt/airflow/dags/dag_etl_camara_diario.py for tasks to queue
[2026-07-06T17:06:53.603+0000] {logging_mixin.py:188} INFO - [2026-07-06T17:06:53.602+0000] {dagbag.py:538} INFO - Filling up the DagBag from /opt/airflow/dags/dag_etl_camara_diario.py
[2026-07-06T17:06:53.612+0000] {processor.py:840} INFO - DAG(s) 'dag_etl_camara_diario' retrieved from /opt/airflow/dags/dag_etl_camara_diario.py
[2026-07-06T17:06:53.634+0000] {logging_mixin.py:188} INFO - [2026-07-06T17:06:53.634+0000] {dag.py:3036} INFO - Sync 1 DAGs
[2026-07-06T17:06:53.656+0000] {logging_mixin.py:188} INFO - [2026-07-06T17:06:53.656+0000] {dag.py:3823} INFO - Setting next_dagrun for dag_etl_camara_diario to 2026-07-06 03:00:00+00:00, run_after=2026-07-07 03:00:00+00:00
[2026-07-06T17:06:53.672+0000] {processor.py:183} INFO - Processing /opt/airflow/dags/dag_etl_camara_diario.py took 0.074 seconds
[2026-07-06T17:07:23.803+0000] {processor.py:161} INFO - Started process (PID=1284) to work on /opt/airflow/dags/dag_etl_camara_diario.py
[2026-07-06T17:07:23.804+0000] {processor.py:830} INFO - Processing file /opt/airflow/dags/dag_etl_camara_diario.py for tasks to queue
[2026-07-06T17:07:23.805+0000] {logging_mixin.py:188} INFO - [2026-07-06T17:07:23.804+0000] {dagbag.py:538} INFO - Filling up the DagBag from /opt/airflow/dags/dag_etl_camara_diario.py
[2026-07-06T17:07:23.815+0000] {processor.py:840} INFO - DAG(s) 'dag_etl_camara_diario' retrieved from /opt/airflow/dags/dag_etl_camara_diario.py
[2026-07-06T17:07:23.836+0000] {logging_mixin.py:188} INFO - [2026-07-06T17:07:23.836+0000] {dag.py:3036} INFO - Sync 1 DAGs
[2026-07-06T17:07:23.857+0000] {logging_mixin.py:188} INFO - [2026-07-06T17:07:23.857+0000] {dag.py:3823} INFO - Setting next_dagrun for dag_etl_camara_diario to 2026-07-06 03:00:00+00:00, run_after=2026-07-07 03:00:00+00:00
[2026-07-06T17:07:23.874+0000] {processor.py:183} INFO - Processing /opt/airflow/dags/dag_etl_camara_diario.py took 0.073 seconds
[2026-07-06T17:07:54.001+0000] {processor.py:161} INFO - Started process (PID=1299) to work on /opt/airflow/dags/dag_etl_camara_diario.py
[2026-07-06T17:07:54.002+0000] {processor.py:830} INFO - Processing file /opt/airflow/dags/dag_etl_camara_diario.py for tasks to queue
[2026-07-06T17:07:54.002+0000] {logging_mixin.py:188} INFO - [2026-07-06T17:07:54.002+0000] {dagbag.py:538} INFO - Filling up the DagBag from /opt/airflow/dags/dag_etl_camara_diario.py
[2026-07-06T17:07:54.012+0000] {processor.py:840} INFO - DAG(s) 'dag_etl_camara_diario' retrieved from /opt/airflow/dags/dag_etl_camara_diario.py
[2026-07-06T17:07:54.034+0000] {logging_mixin.py:188} INFO - [2026-07-06T17:07:54.034+0000] {dag.py:3036} INFO - Sync 1 DAGs
[2026-07-06T17:07:54.056+0000] {logging_mixin.py:188} INFO - [2026-07-06T17:07:54.056+0000] {dag.py:3823} INFO - Setting next_dagrun for dag_etl_camara_diario to 2026-07-06 03:00:00+00:00, run_after=2026-07-07 03:00:00+00:00
[2026-07-06T17:07:54.071+0000] {processor.py:183} INFO - Processing /opt/airflow/dags/dag_etl_camara_diario.py took 0.073 seconds
[2026-07-06T17:08:24.202+0000] {processor.py:161} INFO - Started process (PID=1314) to work on /opt/airflow/dags/dag_etl_camara_diario.py
[2026-07-06T17:08:24.202+0000] {processor.py:830} INFO - Processing file /opt/airflow/dags/dag_etl_camara_diario.py for tasks to queue
[2026-07-06T17:08:24.203+0000] {logging_mixin.py:188} INFO - [2026-07-06T17:08:24.203+0000] {dagbag.py:538} INFO - Filling up the DagBag from /opt/airflow/dags/dag_etl_camara_diario.py
[2026-07-06T17:08:24.213+0000] {processor.py:840} INFO - DAG(s) 'dag_etl_camara_diario' retrieved from /opt/airflow/dags/dag_etl_camara_diario.py
[2026-07-06T17:08:24.234+0000] {logging_mixin.py:188} INFO - [2026-07-06T17:08:24.234+0000] {dag.py:3036} INFO - Sync 1 DAGs
[2026-07-06T17:08:24.256+0000] {logging_mixin.py:188} INFO - [2026-07-06T17:08:24.256+0000] {dag.py:3823} INFO - Setting next_dagrun for dag_etl_camara_diario to 2026-07-06 03:00:00+00:00, run_after=2026-07-07 03:00:00+00:00
[2026-07-06T17:08:24.273+0000] {processor.py:183} INFO - Processing /opt/airflow/dags/dag_etl_camara_diario.py took 0.074 seconds
[2026-07-06T17:08:54.406+0000] {processor.py:161} INFO - Started process (PID=1329) to work on /opt/airflow/dags/dag_etl_camara_diario.py
[2026-07-06T17:08:54.406+0000] {processor.py:830} INFO - Processing file /opt/airflow/dags/dag_etl_camara_diario.py for tasks to queue
[2026-07-06T17:08:54.407+0000] {logging_mixin.py:188} INFO - [2026-07-06T17:08:54.407+0000] {dagbag.py:538} INFO - Filling up the DagBag from /opt/airflow/dags/dag_etl_camara_diario.py
[2026-07-06T17:08:54.417+0000] {processor.py:840} INFO - DAG(s) 'dag_etl_camara_diario' retrieved from /opt/airflow/dags/dag_etl_camara_diario.py
[2026-07-06T17:08:54.440+0000] {logging_mixin.py:188} INFO - [2026-07-06T17:08:54.439+0000] {dag.py:3036} INFO - Sync 1 DAGs
[2026-07-06T17:08:54.464+0000] {logging_mixin.py:188} INFO - [2026-07-06T17:08:54.464+0000] {dag.py:3823} INFO - Setting next_dagrun for dag_etl_camara_diario to 2026-07-06 03:00:00+00:00, run_after=2026-07-07 03:00:00+00:00
[2026-07-06T17:08:54.480+0000] {processor.py:183} INFO - Processing /opt/airflow/dags/dag_etl_camara_diario.py took 0.077 seconds
[2026-07-06T17:09:24.606+0000] {processor.py:161} INFO - Started process (PID=1344) to work on /opt/airflow/dags/dag_etl_camara_diario.py
[2026-07-06T17:09:24.608+0000] {processor.py:830} INFO - Processing file /opt/airflow/dags/dag_etl_camara_diario.py for tasks to queue
[2026-07-06T17:09:24.608+0000] {logging_mixin.py:188} INFO - [2026-07-06T17:09:24.608+0000] {dagbag.py:538} INFO - Filling up the DagBag from /opt/airflow/dags/dag_etl_camara_diario.py
[2026-07-06T17:09:24.617+0000] {processor.py:840} INFO - DAG(s) 'dag_etl_camara_diario' retrieved from /opt/airflow/dags/dag_etl_camara_diario.py
[2026-07-06T17:09:24.639+0000] {logging_mixin.py:188} INFO - [2026-07-06T17:09:24.639+0000] {dag.py:3036} INFO - Sync 1 DAGs
[2026-07-06T17:09:24.663+0000] {logging_mixin.py:188} INFO - [2026-07-06T17:09:24.663+0000] {dag.py:3823} INFO - Setting next_dagrun for dag_etl_camara_diario to 2026-07-06 03:00:00+00:00, run_after=2026-07-07 03:00:00+00:00
[2026-07-06T17:09:24.680+0000] {processor.py:183} INFO - Processing /opt/airflow/dags/dag_etl_camara_diario.py took 0.076 seconds
[2026-07-06T17:09:54.810+0000] {processor.py:161} INFO - Started process (PID=1359) to work on /opt/airflow/dags/dag_etl_camara_diario.py
[2026-07-06T17:09:54.811+0000] {processor.py:830} INFO - Processing file /opt/airflow/dags/dag_etl_camara_diario.py for tasks to queue
[2026-07-06T17:09:54.811+0000] {logging_mixin.py:188} INFO - [2026-07-06T17:09:54.811+0000] {dagbag.py:538} INFO - Filling up the DagBag from /opt/airflow/dags/dag_etl_camara_diario.py
[2026-07-06T17:09:54.821+0000] {processor.py:840} INFO - DAG(s) 'dag_etl_camara_diario' retrieved from /opt/airflow/dags/dag_etl_camara_diario.py
[2026-07-06T17:09:54.842+0000] {logging_mixin.py:188} INFO - [2026-07-06T17:09:54.842+0000] {dag.py:3036} INFO - Sync 1 DAGs
[2026-07-06T17:09:54.863+0000] {logging_mixin.py:188} INFO - [2026-07-06T17:09:54.862+0000] {dag.py:3823} INFO - Setting next_dagrun for dag_etl_camara_diario to 2026-07-06 03:00:00+00:00, run_after=2026-07-07 03:00:00+00:00
[2026-07-06T17:09:54.877+0000] {processor.py:183} INFO - Processing /opt/airflow/dags/dag_etl_camara_diario.py took 0.071 seconds
[2026-07-06T17:10:25.009+0000] {processor.py:161} INFO - Started process (PID=1374) to work on /opt/airflow/dags/dag_etl_camara_diario.py
[2026-07-06T17:10:25.010+0000] {processor.py:830} INFO - Processing file /opt/airflow/dags/dag_etl_camara_diario.py for tasks to queue
[2026-07-06T17:10:25.011+0000] {logging_mixin.py:188} INFO - [2026-07-06T17:10:25.010+0000] {dagbag.py:538} INFO - Filling up the DagBag from /opt/airflow/dags/dag_etl_camara_diario.py
[2026-07-06T17:10:25.020+0000] {processor.py:840} INFO - DAG(s) 'dag_etl_camara_diario' retrieved from /opt/airflow/dags/dag_etl_camara_diario.py
[2026-07-06T17:10:25.043+0000] {logging_mixin.py:188} INFO - [2026-07-06T17:10:25.043+0000] {dag.py:3036} INFO - Sync 1 DAGs
[2026-07-06T17:10:25.064+0000] {logging_mixin.py:188} INFO - [2026-07-06T17:10:25.064+0000] {dag.py:3823} INFO - Setting next_dagrun for dag_etl_camara_diario to 2026-07-06 03:00:00+00:00, run_after=2026-07-07 03:00:00+00:00
[2026-07-06T17:10:25.078+0000] {processor.py:183} INFO - Processing /opt/airflow/dags/dag_etl_camara_diario.py took 0.072 seconds
[2026-07-06T17:10:55.217+0000] {processor.py:161} INFO - Started process (PID=1389) to work on /opt/airflow/dags/dag_etl_camara_diario.py
[2026-07-06T17:10:55.218+0000] {processor.py:830} INFO - Processing file /opt/airflow/dags/dag_etl_camara_diario.py for tasks to queue
[2026-07-06T17:10:55.218+0000] {logging_mixin.py:188} INFO - [2026-07-06T17:10:55.218+0000] {dagbag.py:538} INFO - Filling up the DagBag from /opt/airflow/dags/dag_etl_camara_diario.py
[2026-07-06T17:10:55.228+0000] {processor.py:840} INFO - DAG(s) 'dag_etl_camara_diario' retrieved from /opt/airflow/dags/dag_etl_camara_diario.py
[2026-07-06T17:10:55.249+0000] {logging_mixin.py:188} INFO - [2026-07-06T17:10:55.249+0000] {dag.py:3036} INFO - Sync 1 DAGs
[2026-07-06T17:10:55.272+0000] {logging_mixin.py:188} INFO - [2026-07-06T17:10:55.272+0000] {dag.py:3823} INFO - Setting next_dagrun for dag_etl_camara_diario to 2026-07-06 03:00:00+00:00, run_after=2026-07-07 03:00:00+00:00
[2026-07-06T17:10:55.288+0000] {processor.py:183} INFO - Processing /opt/airflow/dags/dag_etl_camara_diario.py took 0.073 seconds
[2026-07-06T17:11:25.418+0000] {processor.py:161} INFO - Started process (PID=1404) to work on /opt/airflow/dags/dag_etl_camara_diario.py
[2026-07-06T17:11:25.419+0000] {processor.py:830} INFO - Processing file /opt/airflow/dags/dag_etl_camara_diario.py for tasks to queue
[2026-07-06T17:11:25.420+0000] {logging_mixin.py:188} INFO - [2026-07-06T17:11:25.420+0000] {dagbag.py:538} INFO - Filling up the DagBag from /opt/airflow/dags/dag_etl_camara_diario.py
[2026-07-06T17:11:25.430+0000] {processor.py:840} INFO - DAG(s) 'dag_etl_camara_diario' retrieved from /opt/airflow/dags/dag_etl_camara_diario.py
[2026-07-06T17:11:25.452+0000] {logging_mixin.py:188} INFO - [2026-07-06T17:11:25.452+0000] {dag.py:3036} INFO - Sync 1 DAGs
[2026-07-06T17:11:25.476+0000] {logging_mixin.py:188} INFO - [2026-07-06T17:11:25.475+0000] {dag.py:3823} INFO - Setting next_dagrun for dag_etl_camara_diario to 2026-07-06 03:00:00+00:00, run_after=2026-07-07 03:00:00+00:00
[2026-07-06T17:11:25.490+0000] {processor.py:183} INFO - Processing /opt/airflow/dags/dag_etl_camara_diario.py took 0.074 seconds
[2026-07-06T17:11:55.620+0000] {processor.py:161} INFO - Started process (PID=1419) to work on /opt/airflow/dags/dag_etl_camara_diario.py
[2026-07-06T17:11:55.620+0000] {processor.py:830} INFO - Processing file /opt/airflow/dags/dag_etl_camara_diario.py for tasks to queue
[2026-07-06T17:11:55.621+0000] {logging_mixin.py:188} INFO - [2026-07-06T17:11:55.621+0000] {dagbag.py:538} INFO - Filling up the DagBag from /opt/airflow/dags/dag_etl_camara_diario.py
[2026-07-06T17:11:55.632+0000] {processor.py:840} INFO - DAG(s) 'dag_etl_camara_diario' retrieved from /opt/airflow/dags/dag_etl_camara_diario.py
[2026-07-06T17:11:55.655+0000] {logging_mixin.py:188} INFO - [2026-07-06T17:11:55.655+0000] {dag.py:3036} INFO - Sync 1 DAGs
[2026-07-06T17:11:55.679+0000] {logging_mixin.py:188} INFO - [2026-07-06T17:11:55.679+0000] {dag.py:3823} INFO - Setting next_dagrun for dag_etl_camara_diario to 2026-07-06 03:00:00+00:00, run_after=2026-07-07 03:00:00+00:00
[2026-07-06T17:11:55.694+0000] {processor.py:183} INFO - Processing /opt/airflow/dags/dag_etl_camara_diario.py took 0.077 seconds
[2026-07-06T17:12:25.817+0000] {processor.py:161} INFO - Started process (PID=1434) to work on /opt/airflow/dags/dag_etl_camara_diario.py
[2026-07-06T17:12:25.818+0000] {processor.py:830} INFO - Processing file /opt/airflow/dags/dag_etl_camara_diario.py for tasks to queue
[2026-07-06T17:12:25.818+0000] {logging_mixin.py:188} INFO - [2026-07-06T17:12:25.818+0000] {dagbag.py:538} INFO - Filling up the DagBag from /opt/airflow/dags/dag_etl_camara_diario.py
[2026-07-06T17:12:25.828+0000] {processor.py:840} INFO - DAG(s) 'dag_etl_camara_diario' retrieved from /opt/airflow/dags/dag_etl_camara_diario.py
[2026-07-06T17:12:25.849+0000] {logging_mixin.py:188} INFO - [2026-07-06T17:12:25.849+0000] {dag.py:3036} INFO - Sync 1 DAGs
[2026-07-06T17:12:25.877+0000] {logging_mixin.py:188} INFO - [2026-07-06T17:12:25.877+0000] {dag.py:3823} INFO - Setting next_dagrun for dag_etl_camara_diario to 2026-07-06 03:00:00+00:00, run_after=2026-07-07 03:00:00+00:00
[2026-07-06T17:12:25.893+0000] {processor.py:183} INFO - Processing /opt/airflow/dags/dag_etl_camara_diario.py took 0.080 seconds
[2026-07-06T17:12:56.023+0000] {processor.py:161} INFO - Started process (PID=1449) to work on /opt/airflow/dags/dag_etl_camara_diario.py
[2026-07-06T17:12:56.024+0000] {processor.py:830} INFO - Processing file /opt/airflow/dags/dag_etl_camara_diario.py for tasks to queue
[2026-07-06T17:12:56.025+0000] {logging_mixin.py:188} INFO - [2026-07-06T17:12:56.024+0000] {dagbag.py:538} INFO - Filling up the DagBag from /opt/airflow/dags/dag_etl_camara_diario.py
[2026-07-06T17:12:56.034+0000] {processor.py:840} INFO - DAG(s) 'dag_etl_camara_diario' retrieved from /opt/airflow/dags/dag_etl_camara_diario.py
[2026-07-06T17:12:56.056+0000] {logging_mixin.py:188} INFO - [2026-07-06T17:12:56.056+0000] {dag.py:3036} INFO - Sync 1 DAGs
[2026-07-06T17:12:56.079+0000] {logging_mixin.py:188} INFO - [2026-07-06T17:12:56.079+0000] {dag.py:3823} INFO - Setting next_dagrun for dag_etl_camara_diario to 2026-07-06 03:00:00+00:00, run_after=2026-07-07 03:00:00+00:00
[2026-07-06T17:12:56.094+0000] {processor.py:183} INFO - Processing /opt/airflow/dags/dag_etl_camara_diario.py took 0.073 seconds
[2026-07-06T17:13:26.226+0000] {processor.py:161} INFO - Started process (PID=1464) to work on /opt/airflow/dags/dag_etl_camara_diario.py
[2026-07-06T17:13:26.227+0000] {processor.py:830} INFO - Processing file /opt/airflow/dags/dag_etl_camara_diario.py for tasks to queue
[2026-07-06T17:13:26.227+0000] {logging_mixin.py:188} INFO - [2026-07-06T17:13:26.227+0000] {dagbag.py:538} INFO - Filling up the DagBag from /opt/airflow/dags/dag_etl_camara_diario.py
[2026-07-06T17:13:26.237+0000] {processor.py:840} INFO - DAG(s) 'dag_etl_camara_diario' retrieved from /opt/airflow/dags/dag_etl_camara_diario.py
[2026-07-06T17:13:26.259+0000] {logging_mixin.py:188} INFO - [2026-07-06T17:13:26.259+0000] {dag.py:3036} INFO - Sync 1 DAGs
[2026-07-06T17:13:26.284+0000] {logging_mixin.py:188} INFO - [2026-07-06T17:13:26.284+0000] {dag.py:3823} INFO - Setting next_dagrun for dag_etl_camara_diario to 2026-07-06 03:00:00+00:00, run_after=2026-07-07 03:00:00+00:00
[2026-07-06T17:13:26.298+0000] {processor.py:183} INFO - Processing /opt/airflow/dags/dag_etl_camara_diario.py took 0.075 seconds
[2026-07-06T17:13:56.430+0000] {processor.py:161} INFO - Started process (PID=1479) to work on /opt/airflow/dags/dag_etl_camara_diario.py
[2026-07-06T17:13:56.431+0000] {processor.py:830} INFO - Processing file /opt/airflow/dags/dag_etl_camara_diario.py for tasks to queue
[2026-07-06T17:13:56.431+0000] {logging_mixin.py:188} INFO - [2026-07-06T17:13:56.431+0000] {dagbag.py:538} INFO - Filling up the DagBag from /opt/airflow/dags/dag_etl_camara_diario.py
[2026-07-06T17:13:56.441+0000] {processor.py:840} INFO - DAG(s) 'dag_etl_camara_diario' retrieved from /opt/airflow/dags/dag_etl_camara_diario.py
[2026-07-06T17:13:56.463+0000] {logging_mixin.py:188} INFO - [2026-07-06T17:13:56.463+0000] {dag.py:3036} INFO - Sync 1 DAGs
[2026-07-06T17:13:56.486+0000] {logging_mixin.py:188} INFO - [2026-07-06T17:13:56.486+0000] {dag.py:3823} INFO - Setting next_dagrun for dag_etl_camara_diario to 2026-07-06 03:00:00+00:00, run_after=2026-07-07 03:00:00+00:00
[2026-07-06T17:13:56.503+0000] {processor.py:183} INFO - Processing /opt/airflow/dags/dag_etl_camara_diario.py took 0.075 seconds
[2026-07-06T17:14:26.632+0000] {processor.py:161} INFO - Started process (PID=1494) to work on /opt/airflow/dags/dag_etl_camara_diario.py
[2026-07-06T17:14:26.633+0000] {processor.py:830} INFO - Processing file /opt/airflow/dags/dag_etl_camara_diario.py for tasks to queue
[2026-07-06T17:14:26.634+0000] {logging_mixin.py:188} INFO - [2026-07-06T17:14:26.634+0000] {dagbag.py:538} INFO - Filling up the DagBag from /opt/airflow/dags/dag_etl_camara_diario.py
[2026-07-06T17:14:26.644+0000] {processor.py:840} INFO - DAG(s) 'dag_etl_camara_diario' retrieved from /opt/airflow/dags/dag_etl_camara_diario.py
[2026-07-06T17:14:26.666+0000] {logging_mixin.py:188} INFO - [2026-07-06T17:14:26.666+0000] {dag.py:3036} INFO - Sync 1 DAGs
[2026-07-06T17:14:26.690+0000] {logging_mixin.py:188} INFO - [2026-07-06T17:14:26.690+0000] {dag.py:3823} INFO - Setting next_dagrun for dag_etl_camara_diario to 2026-07-06 03:00:00+00:00, run_after=2026-07-07 03:00:00+00:00
[2026-07-06T17:14:26.705+0000] {processor.py:183} INFO - Processing /opt/airflow/dags/dag_etl_camara_diario.py took 0.076 seconds
[2026-07-06T17:14:56.831+0000] {processor.py:161} INFO - Started process (PID=1509) to work on /opt/airflow/dags/dag_etl_camara_diario.py
[2026-07-06T17:14:56.832+0000] {processor.py:830} INFO - Processing file /opt/airflow/dags/dag_etl_camara_diario.py for tasks to queue
[2026-07-06T17:14:56.833+0000] {logging_mixin.py:188} INFO - [2026-07-06T17:14:56.832+0000] {dagbag.py:538} INFO - Filling up the DagBag from /opt/airflow/dags/dag_etl_camara_diario.py
[2026-07-06T17:14:56.842+0000] {processor.py:840} INFO - DAG(s) 'dag_etl_camara_diario' retrieved from /opt/airflow/dags/dag_etl_camara_diario.py
[2026-07-06T17:14:56.864+0000] {logging_mixin.py:188} INFO - [2026-07-06T17:14:56.864+0000] {dag.py:3036} INFO - Sync 1 DAGs
[2026-07-06T17:14:56.887+0000] {logging_mixin.py:188} INFO - [2026-07-06T17:14:56.887+0000] {dag.py:3823} INFO - Setting next_dagrun for dag_etl_camara_diario to 2026-07-06 03:00:00+00:00, run_after=2026-07-07 03:00:00+00:00
[2026-07-06T17:14:56.903+0000] {processor.py:183} INFO - Processing /opt/airflow/dags/dag_etl_camara_diario.py took 0.075 seconds
[2026-07-06T17:15:27.030+0000] {processor.py:161} INFO - Started process (PID=1524) to work on /opt/airflow/dags/dag_etl_camara_diario.py
[2026-07-06T17:15:27.031+0000] {processor.py:830} INFO - Processing file /opt/airflow/dags/dag_etl_camara_diario.py for tasks to queue
[2026-07-06T17:15:27.032+0000] {logging_mixin.py:188} INFO - [2026-07-06T17:15:27.032+0000] {dagbag.py:538} INFO - Filling up the DagBag from /opt/airflow/dags/dag_etl_camara_diario.py
[2026-07-06T17:15:27.041+0000] {processor.py:840} INFO - DAG(s) 'dag_etl_camara_diario' retrieved from /opt/airflow/dags/dag_etl_camara_diario.py
[2026-07-06T17:15:27.062+0000] {logging_mixin.py:188} INFO - [2026-07-06T17:15:27.062+0000] {dag.py:3036} INFO - Sync 1 DAGs
[2026-07-06T17:15:27.084+0000] {logging_mixin.py:188} INFO - [2026-07-06T17:15:27.083+0000] {dag.py:3823} INFO - Setting next_dagrun for dag_etl_camara_diario to 2026-07-06 03:00:00+00:00, run_after=2026-07-07 03:00:00+00:00
[2026-07-06T17:15:27.100+0000] {processor.py:183} INFO - Processing /opt/airflow/dags/dag_etl_camara_diario.py took 0.073 seconds
[2026-07-06T17:15:57.237+0000] {processor.py:161} INFO - Started process (PID=1539) to work on /opt/airflow/dags/dag_etl_camara_diario.py
[2026-07-06T17:15:57.238+0000] {processor.py:830} INFO - Processing file /opt/airflow/dags/dag_etl_camara_diario.py for tasks to queue
[2026-07-06T17:15:57.238+0000] {logging_mixin.py:188} INFO - [2026-07-06T17:15:57.238+0000] {dagbag.py:538} INFO - Filling up the DagBag from /opt/airflow/dags/dag_etl_camara_diario.py
[2026-07-06T17:15:57.249+0000] {processor.py:840} INFO - DAG(s) 'dag_etl_camara_diario' retrieved from /opt/airflow/dags/dag_etl_camara_diario.py
[2026-07-06T17:15:57.270+0000] {logging_mixin.py:188} INFO - [2026-07-06T17:15:57.270+0000] {dag.py:3036} INFO - Sync 1 DAGs
[2026-07-06T17:15:57.292+0000] {logging_mixin.py:188} INFO - [2026-07-06T17:15:57.292+0000] {dag.py:3823} INFO - Setting next_dagrun for dag_etl_camara_diario to 2026-07-06 03:00:00+00:00, run_after=2026-07-07 03:00:00+00:00
[2026-07-06T17:15:57.310+0000] {processor.py:183} INFO - Processing /opt/airflow/dags/dag_etl_camara_diario.py took 0.075 seconds
[2026-07-06T17:16:27.438+0000] {processor.py:161} INFO - Started process (PID=1554) to work on /opt/airflow/dags/dag_etl_camara_diario.py
[2026-07-06T17:16:27.439+0000] {processor.py:830} INFO - Processing file /opt/airflow/dags/dag_etl_camara_diario.py for tasks to queue
[2026-07-06T17:16:27.440+0000] {logging_mixin.py:188} INFO - [2026-07-06T17:16:27.439+0000] {dagbag.py:538} INFO - Filling up the DagBag from /opt/airflow/dags/dag_etl_camara_diario.py
[2026-07-06T17:16:27.449+0000] {processor.py:840} INFO - DAG(s) 'dag_etl_camara_diario' retrieved from /opt/airflow/dags/dag_etl_camara_diario.py
[2026-07-06T17:16:27.470+0000] {logging_mixin.py:188} INFO - [2026-07-06T17:16:27.470+0000] {dag.py:3036} INFO - Sync 1 DAGs
[2026-07-06T17:16:27.493+0000] {logging_mixin.py:188} INFO - [2026-07-06T17:16:27.493+0000] {dag.py:3823} INFO - Setting next_dagrun for dag_etl_camara_diario to 2026-07-06 03:00:00+00:00, run_after=2026-07-07 03:00:00+00:00
[2026-07-06T17:16:27.511+0000] {processor.py:183} INFO - Processing /opt/airflow/dags/dag_etl_camara_diario.py took 0.076 seconds
[2026-07-06T17:16:57.645+0000] {processor.py:161} INFO - Started process (PID=1569) to work on /opt/airflow/dags/dag_etl_camara_diario.py
[2026-07-06T17:16:57.646+0000] {processor.py:830} INFO - Processing file /opt/airflow/dags/dag_etl_camara_diario.py for tasks to queue
[2026-07-06T17:16:57.646+0000] {logging_mixin.py:188} INFO - [2026-07-06T17:16:57.646+0000] {dagbag.py:538} INFO - Filling up the DagBag from /opt/airflow/dags/dag_etl_camara_diario.py
[2026-07-06T17:16:57.656+0000] {processor.py:840} INFO - DAG(s) 'dag_etl_camara_diario' retrieved from /opt/airflow/dags/dag_etl_camara_diario.py
[2026-07-06T17:16:57.678+0000] {logging_mixin.py:188} INFO - [2026-07-06T17:16:57.678+0000] {dag.py:3036} INFO - Sync 1 DAGs
[2026-07-06T17:16:57.700+0000] {logging_mixin.py:188} INFO - [2026-07-06T17:16:57.700+0000] {dag.py:3823} INFO - Setting next_dagrun for dag_etl_camara_diario to 2026-07-06 03:00:00+00:00, run_after=2026-07-07 03:00:00+00:00
[2026-07-06T17:16:57.717+0000] {processor.py:183} INFO - Processing /opt/airflow/dags/dag_etl_camara_diario.py took 0.075 seconds
[2026-07-06T17:17:27.847+0000] {processor.py:161} INFO - Started process (PID=1584) to work on /opt/airflow/dags/dag_etl_camara_diario.py
[2026-07-06T17:17:27.848+0000] {processor.py:830} INFO - Processing file /opt/airflow/dags/dag_etl_camara_diario.py for tasks to queue
[2026-07-06T17:17:27.848+0000] {logging_mixin.py:188} INFO - [2026-07-06T17:17:27.848+0000] {dagbag.py:538} INFO - Filling up the DagBag from /opt/airflow/dags/dag_etl_camara_diario.py
[2026-07-06T17:17:27.858+0000] {processor.py:840} INFO - DAG(s) 'dag_etl_camara_diario' retrieved from /opt/airflow/dags/dag_etl_camara_diario.py
[2026-07-06T17:17:27.882+0000] {logging_mixin.py:188} INFO - [2026-07-06T17:17:27.881+0000] {dag.py:3036} INFO - Sync 1 DAGs
[2026-07-06T17:17:27.905+0000] {logging_mixin.py:188} INFO - [2026-07-06T17:17:27.905+0000] {dag.py:3823} INFO - Setting next_dagrun for dag_etl_camara_diario to 2026-07-06 03:00:00+00:00, run_after=2026-07-07 03:00:00+00:00
[2026-07-06T17:17:27.920+0000] {processor.py:183} INFO - Processing /opt/airflow/dags/dag_etl_camara_diario.py took 0.076 seconds
[2026-07-06T17:17:58.053+0000] {processor.py:161} INFO - Started process (PID=1599) to work on /opt/airflow/dags/dag_etl_camara_diario.py
[2026-07-06T17:17:58.054+0000] {processor.py:830} INFO - Processing file /opt/airflow/dags/dag_etl_camara_diario.py for tasks to queue
[2026-07-06T17:17:58.055+0000] {logging_mixin.py:188} INFO - [2026-07-06T17:17:58.054+0000] {dagbag.py:538} INFO - Filling up the DagBag from /opt/airflow/dags/dag_etl_camara_diario.py
[2026-07-06T17:17:58.064+0000] {processor.py:840} INFO - DAG(s) 'dag_etl_camara_diario' retrieved from /opt/airflow/dags/dag_etl_camara_diario.py
[2026-07-06T17:17:58.086+0000] {logging_mixin.py:188} INFO - [2026-07-06T17:17:58.086+0000] {dag.py:3036} INFO - Sync 1 DAGs
[2026-07-06T17:17:58.108+0000] {logging_mixin.py:188} INFO - [2026-07-06T17:17:58.108+0000] {dag.py:3823} INFO - Setting next_dagrun for dag_etl_camara_diario to 2026-07-06 03:00:00+00:00, run_after=2026-07-07 03:00:00+00:00
[2026-07-06T17:17:58.124+0000] {processor.py:183} INFO - Processing /opt/airflow/dags/dag_etl_camara_diario.py took 0.073 seconds
[2026-07-06T17:18:28.253+0000] {processor.py:161} INFO - Started process (PID=1614) to work on /opt/airflow/dags/dag_etl_camara_diario.py
[2026-07-06T17:18:28.254+0000] {processor.py:830} INFO - Processing file /opt/airflow/dags/dag_etl_camara_diario.py for tasks to queue
[2026-07-06T17:18:28.255+0000] {logging_mixin.py:188} INFO - [2026-07-06T17:18:28.255+0000] {dagbag.py:538} INFO - Filling up the DagBag from /opt/airflow/dags/dag_etl_camara_diario.py
[2026-07-06T17:18:28.265+0000] {processor.py:840} INFO - DAG(s) 'dag_etl_camara_diario' retrieved from /opt/airflow/dags/dag_etl_camara_diario.py
[2026-07-06T17:18:28.287+0000] {logging_mixin.py:188} INFO - [2026-07-06T17:18:28.286+0000] {dag.py:3036} INFO - Sync 1 DAGs
[2026-07-06T17:18:28.309+0000] {logging_mixin.py:188} INFO - [2026-07-06T17:18:28.308+0000] {dag.py:3823} INFO - Setting next_dagrun for dag_etl_camara_diario to 2026-07-06 03:00:00+00:00, run_after=2026-07-07 03:00:00+00:00
[2026-07-06T17:18:28.323+0000] {processor.py:183} INFO - Processing /opt/airflow/dags/dag_etl_camara_diario.py took 0.073 seconds
[2026-07-06T17:18:58.457+0000] {processor.py:161} INFO - Started process (PID=1629) to work on /opt/airflow/dags/dag_etl_camara_diario.py
[2026-07-06T17:18:58.458+0000] {processor.py:830} INFO - Processing file /opt/airflow/dags/dag_etl_camara_diario.py for tasks to queue
[2026-07-06T17:18:58.459+0000] {logging_mixin.py:188} INFO - [2026-07-06T17:18:58.459+0000] {dagbag.py:538} INFO - Filling up the DagBag from /opt/airflow/dags/dag_etl_camara_diario.py
[2026-07-06T17:18:58.470+0000] {processor.py:840} INFO - DAG(s) 'dag_etl_camara_diario' retrieved from /opt/airflow/dags/dag_etl_camara_diario.py
[2026-07-06T17:18:58.493+0000] {logging_mixin.py:188} INFO - [2026-07-06T17:18:58.492+0000] {dag.py:3036} INFO - Sync 1 DAGs
[2026-07-06T17:18:58.517+0000] {logging_mixin.py:188} INFO - [2026-07-06T17:18:58.516+0000] {dag.py:3823} INFO - Setting next_dagrun for dag_etl_camara_diario to 2026-07-06 03:00:00+00:00, run_after=2026-07-07 03:00:00+00:00
[2026-07-06T17:18:58.531+0000] {processor.py:183} INFO - Processing /opt/airflow/dags/dag_etl_camara_diario.py took 0.077 seconds
[2026-07-06T17:19:28.663+0000] {processor.py:161} INFO - Started process (PID=1644) to work on /opt/airflow/dags/dag_etl_camara_diario.py
[2026-07-06T17:19:28.664+0000] {processor.py:830} INFO - Processing file /opt/airflow/dags/dag_etl_camara_diario.py for tasks to queue
[2026-07-06T17:19:28.665+0000] {logging_mixin.py:188} INFO - [2026-07-06T17:19:28.665+0000] {dagbag.py:538} INFO - Filling up the DagBag from /opt/airflow/dags/dag_etl_camara_diario.py
[2026-07-06T17:19:28.674+0000] {processor.py:840} INFO - DAG(s) 'dag_etl_camara_diario' retrieved from /opt/airflow/dags/dag_etl_camara_diario.py
[2026-07-06T17:19:28.696+0000] {logging_mixin.py:188} INFO - [2026-07-06T17:19:28.696+0000] {dag.py:3036} INFO - Sync 1 DAGs
[2026-07-06T17:19:28.718+0000] {logging_mixin.py:188} INFO - [2026-07-06T17:19:28.718+0000] {dag.py:3823} INFO - Setting next_dagrun for dag_etl_camara_diario to 2026-07-06 03:00:00+00:00, run_after=2026-07-07 03:00:00+00:00
[2026-07-06T17:19:28.734+0000] {processor.py:183} INFO - Processing /opt/airflow/dags/dag_etl_camara_diario.py took 0.074 seconds
[2026-07-06T17:19:58.869+0000] {processor.py:161} INFO - Started process (PID=1659) to work on /opt/airflow/dags/dag_etl_camara_diario.py
[2026-07-06T17:19:58.869+0000] {processor.py:830} INFO - Processing file /opt/airflow/dags/dag_etl_camara_diario.py for tasks to queue
[2026-07-06T17:19:58.870+0000] {logging_mixin.py:188} INFO - [2026-07-06T17:19:58.870+0000] {dagbag.py:538} INFO - Filling up the DagBag from /opt/airflow/dags/dag_etl_camara_diario.py
[2026-07-06T17:19:58.881+0000] {processor.py:840} INFO - DAG(s) 'dag_etl_camara_diario' retrieved from /opt/airflow/dags/dag_etl_camara_diario.py
[2026-07-06T17:19:58.903+0000] {logging_mixin.py:188} INFO - [2026-07-06T17:19:58.903+0000] {dag.py:3036} INFO - Sync 1 DAGs
[2026-07-06T17:19:58.925+0000] {logging_mixin.py:188} INFO - [2026-07-06T17:19:58.925+0000] {dag.py:3823} INFO - Setting next_dagrun for dag_etl_camara_diario to 2026-07-06 03:00:00+00:00, run_after=2026-07-07 03:00:00+00:00
[2026-07-06T17:19:58.941+0000] {processor.py:183} INFO - Processing /opt/airflow/dags/dag_etl_camara_diario.py took 0.076 seconds
[2026-07-06T17:20:29.074+0000] {processor.py:161} INFO - Started process (PID=1674) to work on /opt/airflow/dags/dag_etl_camara_diario.py
[2026-07-06T17:20:29.075+0000] {processor.py:830} INFO - Processing file /opt/airflow/dags/dag_etl_camara_diario.py for tasks to queue
[2026-07-06T17:20:29.075+0000] {logging_mixin.py:188} INFO - [2026-07-06T17:20:29.075+0000] {dagbag.py:538} INFO - Filling up the DagBag from /opt/airflow/dags/dag_etl_camara_diario.py
[2026-07-06T17:20:29.085+0000] {processor.py:840} INFO - DAG(s) 'dag_etl_camara_diario' retrieved from /opt/airflow/dags/dag_etl_camara_diario.py
[2026-07-06T17:20:29.107+0000] {logging_mixin.py:188} INFO - [2026-07-06T17:20:29.107+0000] {dag.py:3036} INFO - Sync 1 DAGs
[2026-07-06T17:20:29.132+0000] {logging_mixin.py:188} INFO - [2026-07-06T17:20:29.131+0000] {dag.py:3823} INFO - Setting next_dagrun for dag_etl_camara_diario to 2026-07-06 03:00:00+00:00, run_after=2026-07-07 03:00:00+00:00
[2026-07-06T17:20:29.147+0000] {processor.py:183} INFO - Processing /opt/airflow/dags/dag_etl_camara_diario.py took 0.076 seconds
[2026-07-06T17:20:59.287+0000] {processor.py:161} INFO - Started process (PID=1689) to work on /opt/airflow/dags/dag_etl_camara_diario.py
[2026-07-06T17:20:59.287+0000] {processor.py:830} INFO - Processing file /opt/airflow/dags/dag_etl_camara_diario.py for tasks to queue
[2026-07-06T17:20:59.288+0000] {logging_mixin.py:188} INFO - [2026-07-06T17:20:59.288+0000] {dagbag.py:538} INFO - Filling up the DagBag from /opt/airflow/dags/dag_etl_camara_diario.py
[2026-07-06T17:20:59.298+0000] {processor.py:840} INFO - DAG(s) 'dag_etl_camara_diario' retrieved from /opt/airflow/dags/dag_etl_camara_diario.py
[2026-07-06T17:20:59.321+0000] {logging_mixin.py:188} INFO - [2026-07-06T17:20:59.321+0000] {dag.py:3036} INFO - Sync 1 DAGs
[2026-07-06T17:20:59.344+0000] {logging_mixin.py:188} INFO - [2026-07-06T17:20:59.343+0000] {dag.py:3823} INFO - Setting next_dagrun for dag_etl_camara_diario to 2026-07-06 03:00:00+00:00, run_after=2026-07-07 03:00:00+00:00
[2026-07-06T17:20:59.357+0000] {processor.py:183} INFO - Processing /opt/airflow/dags/dag_etl_camara_diario.py took 0.073 seconds
[2026-07-06T17:21:29.485+0000] {processor.py:161} INFO - Started process (PID=1704) to work on /opt/airflow/dags/dag_etl_camara_diario.py
[2026-07-06T17:21:29.486+0000] {processor.py:830} INFO - Processing file /opt/airflow/dags/dag_etl_camara_diario.py for tasks to queue
[2026-07-06T17:21:29.487+0000] {logging_mixin.py:188} INFO - [2026-07-06T17:21:29.486+0000] {dagbag.py:538} INFO - Filling up the DagBag from /opt/airflow/dags/dag_etl_camara_diario.py
[2026-07-06T17:21:29.497+0000] {processor.py:840} INFO - DAG(s) 'dag_etl_camara_diario' retrieved from /opt/airflow/dags/dag_etl_camara_diario.py
[2026-07-06T17:21:29.519+0000] {logging_mixin.py:188} INFO - [2026-07-06T17:21:29.519+0000] {dag.py:3036} INFO - Sync 1 DAGs
[2026-07-06T17:21:29.543+0000] {logging_mixin.py:188} INFO - [2026-07-06T17:21:29.543+0000] {dag.py:3823} INFO - Setting next_dagrun for dag_etl_camara_diario to 2026-07-06 03:00:00+00:00, run_after=2026-07-07 03:00:00+00:00
[2026-07-06T17:21:29.558+0000] {processor.py:183} INFO - Processing /opt/airflow/dags/dag_etl_camara_diario.py took 0.076 seconds
[2026-07-06T17:21:59.685+0000] {processor.py:161} INFO - Started process (PID=1719) to work on /opt/airflow/dags/dag_etl_camara_diario.py
[2026-07-06T17:21:59.686+0000] {processor.py:830} INFO - Processing file /opt/airflow/dags/dag_etl_camara_diario.py for tasks to queue
[2026-07-06T17:21:59.687+0000] {logging_mixin.py:188} INFO - [2026-07-06T17:21:59.686+0000] {dagbag.py:538} INFO - Filling up the DagBag from /opt/airflow/dags/dag_etl_camara_diario.py
[2026-07-06T17:21:59.697+0000] {processor.py:840} INFO - DAG(s) 'dag_etl_camara_diario' retrieved from /opt/airflow/dags/dag_etl_camara_diario.py
[2026-07-06T17:21:59.719+0000] {logging_mixin.py:188} INFO - [2026-07-06T17:21:59.719+0000] {dag.py:3036} INFO - Sync 1 DAGs
[2026-07-06T17:21:59.743+0000] {logging_mixin.py:188} INFO - [2026-07-06T17:21:59.743+0000] {dag.py:3823} INFO - Setting next_dagrun for dag_etl_camara_diario to 2026-07-06 03:00:00+00:00, run_after=2026-07-07 03:00:00+00:00
[2026-07-06T17:21:59.763+0000] {processor.py:183} INFO - Processing /opt/airflow/dags/dag_etl_camara_diario.py took 0.081 seconds
[2026-07-06T17:22:29.892+0000] {processor.py:161} INFO - Started process (PID=1734) to work on /opt/airflow/dags/dag_etl_camara_diario.py
[2026-07-06T17:22:29.893+0000] {processor.py:830} INFO - Processing file /opt/airflow/dags/dag_etl_camara_diario.py for tasks to queue
[2026-07-06T17:22:29.894+0000] {logging_mixin.py:188} INFO - [2026-07-06T17:22:29.894+0000] {dagbag.py:538} INFO - Filling up the DagBag from /opt/airflow/dags/dag_etl_camara_diario.py
[2026-07-06T17:22:29.903+0000] {processor.py:840} INFO - DAG(s) 'dag_etl_camara_diario' retrieved from /opt/airflow/dags/dag_etl_camara_diario.py
[2026-07-06T17:22:29.925+0000] {logging_mixin.py:188} INFO - [2026-07-06T17:22:29.925+0000] {dag.py:3036} INFO - Sync 1 DAGs
[2026-07-06T17:22:29.948+0000] {logging_mixin.py:188} INFO - [2026-07-06T17:22:29.948+0000] {dag.py:3823} INFO - Setting next_dagrun for dag_etl_camara_diario to 2026-07-06 03:00:00+00:00, run_after=2026-07-07 03:00:00+00:00
[2026-07-06T17:22:29.963+0000] {processor.py:183} INFO - Processing /opt/airflow/dags/dag_etl_camara_diario.py took 0.073 seconds
[2026-07-06T17:23:00.096+0000] {processor.py:161} INFO - Started process (PID=1749) to work on /opt/airflow/dags/dag_etl_camara_diario.py
[2026-07-06T17:23:00.096+0000] {processor.py:830} INFO - Processing file /opt/airflow/dags/dag_etl_camara_diario.py for tasks to queue
[2026-07-06T17:23:00.097+0000] {logging_mixin.py:188} INFO - [2026-07-06T17:23:00.097+0000] {dagbag.py:538} INFO - Filling up the DagBag from /opt/airflow/dags/dag_etl_camara_diario.py
[2026-07-06T17:23:00.107+0000] {processor.py:840} INFO - DAG(s) 'dag_etl_camara_diario' retrieved from /opt/airflow/dags/dag_etl_camara_diario.py
[2026-07-06T17:23:00.130+0000] {logging_mixin.py:188} INFO - [2026-07-06T17:23:00.130+0000] {dag.py:3036} INFO - Sync 1 DAGs
[2026-07-06T17:23:00.153+0000] {logging_mixin.py:188} INFO - [2026-07-06T17:23:00.153+0000] {dag.py:3823} INFO - Setting next_dagrun for dag_etl_camara_diario to 2026-07-06 03:00:00+00:00, run_after=2026-07-07 03:00:00+00:00
[2026-07-06T17:23:00.169+0000] {processor.py:183} INFO - Processing /opt/airflow/dags/dag_etl_camara_diario.py took 0.076 seconds
[2026-07-06T17:23:30.297+0000] {processor.py:161} INFO - Started process (PID=1764) to work on /opt/airflow/dags/dag_etl_camara_diario.py
[2026-07-06T17:23:30.298+0000] {processor.py:830} INFO - Processing file /opt/airflow/dags/dag_etl_camara_diario.py for tasks to queue
[2026-07-06T17:23:30.298+0000] {logging_mixin.py:188} INFO - [2026-07-06T17:23:30.298+0000] {dagbag.py:538} INFO - Filling up the DagBag from /opt/airflow/dags/dag_etl_camara_diario.py
[2026-07-06T17:23:30.308+0000] {processor.py:840} INFO - DAG(s) 'dag_etl_camara_diario' retrieved from /opt/airflow/dags/dag_etl_camara_diario.py
[2026-07-06T17:23:30.331+0000] {logging_mixin.py:188} INFO - [2026-07-06T17:23:30.330+0000] {dag.py:3036} INFO - Sync 1 DAGs
[2026-07-06T17:23:30.353+0000] {logging_mixin.py:188} INFO - [2026-07-06T17:23:30.353+0000] {dag.py:3823} INFO - Setting next_dagrun for dag_etl_camara_diario to 2026-07-06 03:00:00+00:00, run_after=2026-07-07 03:00:00+00:00
[2026-07-06T17:23:30.368+0000] {processor.py:183} INFO - Processing /opt/airflow/dags/dag_etl_camara_diario.py took 0.074 seconds
[2026-07-06T17:24:00.495+0000] {processor.py:161} INFO - Started process (PID=1779) to work on /opt/airflow/dags/dag_etl_camara_diario.py
[2026-07-06T17:24:00.496+0000] {processor.py:830} INFO - Processing file /opt/airflow/dags/dag_etl_camara_diario.py for tasks to queue
[2026-07-06T17:24:00.496+0000] {logging_mixin.py:188} INFO - [2026-07-06T17:24:00.496+0000] {dagbag.py:538} INFO - Filling up the DagBag from /opt/airflow/dags/dag_etl_camara_diario.py
[2026-07-06T17:24:00.506+0000] {processor.py:840} INFO - DAG(s) 'dag_etl_camara_diario' retrieved from /opt/airflow/dags/dag_etl_camara_diario.py
[2026-07-06T17:24:00.528+0000] {logging_mixin.py:188} INFO - [2026-07-06T17:24:00.528+0000] {dag.py:3036} INFO - Sync 1 DAGs
[2026-07-06T17:24:00.550+0000] {logging_mixin.py:188} INFO - [2026-07-06T17:24:00.550+0000] {dag.py:3823} INFO - Setting next_dagrun for dag_etl_camara_diario to 2026-07-06 03:00:00+00:00, run_after=2026-07-07 03:00:00+00:00
[2026-07-06T17:24:00.566+0000] {processor.py:183} INFO - Processing /opt/airflow/dags/dag_etl_camara_diario.py took 0.074 seconds
[2026-07-06T17:24:30.694+0000] {processor.py:161} INFO - Started process (PID=1794) to work on /opt/airflow/dags/dag_etl_camara_diario.py
[2026-07-06T17:24:30.695+0000] {processor.py:830} INFO - Processing file /opt/airflow/dags/dag_etl_camara_diario.py for tasks to queue
[2026-07-06T17:24:30.696+0000] {logging_mixin.py:188} INFO - [2026-07-06T17:24:30.696+0000] {dagbag.py:538} INFO - Filling up the DagBag from /opt/airflow/dags/dag_etl_camara_diario.py
[2026-07-06T17:24:30.705+0000] {processor.py:840} INFO - DAG(s) 'dag_etl_camara_diario' retrieved from /opt/airflow/dags/dag_etl_camara_diario.py
[2026-07-06T17:24:30.727+0000] {logging_mixin.py:188} INFO - [2026-07-06T17:24:30.727+0000] {dag.py:3036} INFO - Sync 1 DAGs
[2026-07-06T17:24:30.749+0000] {logging_mixin.py:188} INFO - [2026-07-06T17:24:30.749+0000] {dag.py:3823} INFO - Setting next_dagrun for dag_etl_camara_diario to 2026-07-06 03:00:00+00:00, run_after=2026-07-07 03:00:00+00:00
[2026-07-06T17:24:30.763+0000] {processor.py:183} INFO - Processing /opt/airflow/dags/dag_etl_camara_diario.py took 0.071 seconds
[2026-07-06T17:25:00.895+0000] {processor.py:161} INFO - Started process (PID=1809) to work on /opt/airflow/dags/dag_etl_camara_diario.py
[2026-07-06T17:25:00.896+0000] {processor.py:830} INFO - Processing file /opt/airflow/dags/dag_etl_camara_diario.py for tasks to queue
[2026-07-06T17:25:00.896+0000] {logging_mixin.py:188} INFO - [2026-07-06T17:25:00.896+0000] {dagbag.py:538} INFO - Filling up the DagBag from /opt/airflow/dags/dag_etl_camara_diario.py
[2026-07-06T17:25:00.907+0000] {processor.py:840} INFO - DAG(s) 'dag_etl_camara_diario' retrieved from /opt/airflow/dags/dag_etl_camara_diario.py
[2026-07-06T17:25:00.928+0000] {logging_mixin.py:188} INFO - [2026-07-06T17:25:00.928+0000] {dag.py:3036} INFO - Sync 1 DAGs
[2026-07-06T17:25:00.950+0000] {logging_mixin.py:188} INFO - [2026-07-06T17:25:00.950+0000] {dag.py:3823} INFO - Setting next_dagrun for dag_etl_camara_diario to 2026-07-06 03:00:00+00:00, run_after=2026-07-07 03:00:00+00:00
[2026-07-06T17:25:00.966+0000] {processor.py:183} INFO - Processing /opt/airflow/dags/dag_etl_camara_diario.py took 0.074 seconds
[2026-07-06T17:25:31.095+0000] {processor.py:161} INFO - Started process (PID=1824) to work on /opt/airflow/dags/dag_etl_camara_diario.py
[2026-07-06T17:25:31.096+0000] {processor.py:830} INFO - Processing file /opt/airflow/dags/dag_etl_camara_diario.py for tasks to queue
[2026-07-06T17:25:31.097+0000] {logging_mixin.py:188} INFO - [2026-07-06T17:25:31.097+0000] {dagbag.py:538} INFO - Filling up the DagBag from /opt/airflow/dags/dag_etl_camara_diario.py
[2026-07-06T17:25:31.107+0000] {processor.py:840} INFO - DAG(s) 'dag_etl_camara_diario' retrieved from /opt/airflow/dags/dag_etl_camara_diario.py
[2026-07-06T17:25:31.128+0000] {logging_mixin.py:188} INFO - [2026-07-06T17:25:31.127+0000] {dag.py:3036} INFO - Sync 1 DAGs
[2026-07-06T17:25:31.151+0000] {logging_mixin.py:188} INFO - [2026-07-06T17:25:31.151+0000] {dag.py:3823} INFO - Setting next_dagrun for dag_etl_camara_diario to 2026-07-06 03:00:00+00:00, run_after=2026-07-07 03:00:00+00:00
[2026-07-06T17:25:31.168+0000] {processor.py:183} INFO - Processing /opt/airflow/dags/dag_etl_camara_diario.py took 0.075 seconds
[2026-07-06T17:26:01.309+0000] {processor.py:161} INFO - Started process (PID=1839) to work on /opt/airflow/dags/dag_etl_camara_diario.py
[2026-07-06T17:26:01.309+0000] {processor.py:830} INFO - Processing file /opt/airflow/dags/dag_etl_camara_diario.py for tasks to queue
[2026-07-06T17:26:01.310+0000] {logging_mixin.py:188} INFO - [2026-07-06T17:26:01.310+0000] {dagbag.py:538} INFO - Filling up the DagBag from /opt/airflow/dags/dag_etl_camara_diario.py
[2026-07-06T17:26:01.320+0000] {processor.py:840} INFO - DAG(s) 'dag_etl_camara_diario' retrieved from /opt/airflow/dags/dag_etl_camara_diario.py
[2026-07-06T17:26:01.342+0000] {logging_mixin.py:188} INFO - [2026-07-06T17:26:01.341+0000] {dag.py:3036} INFO - Sync 1 DAGs
[2026-07-06T17:26:01.365+0000] {logging_mixin.py:188} INFO - [2026-07-06T17:26:01.365+0000] {dag.py:3823} INFO - Setting next_dagrun for dag_etl_camara_diario to 2026-07-06 03:00:00+00:00, run_after=2026-07-07 03:00:00+00:00
[2026-07-06T17:26:01.380+0000] {processor.py:183} INFO - Processing /opt/airflow/dags/dag_etl_camara_diario.py took 0.075 seconds
[2026-07-06T17:26:31.512+0000] {processor.py:161} INFO - Started process (PID=1854) to work on /opt/airflow/dags/dag_etl_camara_diario.py
[2026-07-06T17:26:31.513+0000] {processor.py:830} INFO - Processing file /opt/airflow/dags/dag_etl_camara_diario.py for tasks to queue
[2026-07-06T17:26:31.514+0000] {logging_mixin.py:188} INFO - [2026-07-06T17:26:31.513+0000] {dagbag.py:538} INFO - Filling up the DagBag from /opt/airflow/dags/dag_etl_camara_diario.py
[2026-07-06T17:26:31.523+0000] {processor.py:840} INFO - DAG(s) 'dag_etl_camara_diario' retrieved from /opt/airflow/dags/dag_etl_camara_diario.py
[2026-07-06T17:26:31.546+0000] {logging_mixin.py:188} INFO - [2026-07-06T17:26:31.546+0000] {dag.py:3036} INFO - Sync 1 DAGs
[2026-07-06T17:26:31.568+0000] {logging_mixin.py:188} INFO - [2026-07-06T17:26:31.568+0000] {dag.py:3823} INFO - Setting next_dagrun for dag_etl_camara_diario to 2026-07-06 03:00:00+00:00, run_after=2026-07-07 03:00:00+00:00
[2026-07-06T17:26:31.583+0000] {processor.py:183} INFO - Processing /opt/airflow/dags/dag_etl_camara_diario.py took 0.074 seconds
[2026-07-06T17:27:01.714+0000] {processor.py:161} INFO - Started process (PID=1869) to work on /opt/airflow/dags/dag_etl_camara_diario.py
[2026-07-06T17:27:01.715+0000] {processor.py:830} INFO - Processing file /opt/airflow/dags/dag_etl_camara_diario.py for tasks to queue
[2026-07-06T17:27:01.716+0000] {logging_mixin.py:188} INFO - [2026-07-06T17:27:01.715+0000] {dagbag.py:538} INFO - Filling up the DagBag from /opt/airflow/dags/dag_etl_camara_diario.py
[2026-07-06T17:27:01.726+0000] {processor.py:840} INFO - DAG(s) 'dag_etl_camara_diario' retrieved from /opt/airflow/dags/dag_etl_camara_diario.py
[2026-07-06T17:27:01.749+0000] {logging_mixin.py:188} INFO - [2026-07-06T17:27:01.749+0000] {dag.py:3036} INFO - Sync 1 DAGs
[2026-07-06T17:27:01.773+0000] {logging_mixin.py:188} INFO - [2026-07-06T17:27:01.773+0000] {dag.py:3823} INFO - Setting next_dagrun for dag_etl_camara_diario to 2026-07-06 03:00:00+00:00, run_after=2026-07-07 03:00:00+00:00
[2026-07-06T17:27:01.788+0000] {processor.py:183} INFO - Processing /opt/airflow/dags/dag_etl_camara_diario.py took 0.077 seconds
[2026-07-06T17:27:31.920+0000] {processor.py:161} INFO - Started process (PID=1884) to work on /opt/airflow/dags/dag_etl_camara_diario.py
[2026-07-06T17:27:31.921+0000] {processor.py:830} INFO - Processing file /opt/airflow/dags/dag_etl_camara_diario.py for tasks to queue
[2026-07-06T17:27:31.922+0000] {logging_mixin.py:188} INFO - [2026-07-06T17:27:31.922+0000] {dagbag.py:538} INFO - Filling up the DagBag from /opt/airflow/dags/dag_etl_camara_diario.py
[2026-07-06T17:27:31.931+0000] {processor.py:840} INFO - DAG(s) 'dag_etl_camara_diario' retrieved from /opt/airflow/dags/dag_etl_camara_diario.py
[2026-07-06T17:27:31.952+0000] {logging_mixin.py:188} INFO - [2026-07-06T17:27:31.952+0000] {dag.py:3036} INFO - Sync 1 DAGs
[2026-07-06T17:27:31.973+0000] {logging_mixin.py:188} INFO - [2026-07-06T17:27:31.972+0000] {dag.py:3823} INFO - Setting next_dagrun for dag_etl_camara_diario to 2026-07-06 03:00:00+00:00, run_after=2026-07-07 03:00:00+00:00
[2026-07-06T17:27:31.989+0000] {processor.py:183} INFO - Processing /opt/airflow/dags/dag_etl_camara_diario.py took 0.071 seconds
[2026-07-06T17:28:02.118+0000] {processor.py:161} INFO - Started process (PID=1899) to work on /opt/airflow/dags/dag_etl_camara_diario.py
[2026-07-06T17:28:02.119+0000] {processor.py:830} INFO - Processing file /opt/airflow/dags/dag_etl_camara_diario.py for tasks to queue
[2026-07-06T17:28:02.120+0000] {logging_mixin.py:188} INFO - [2026-07-06T17:28:02.119+0000] {dagbag.py:538} INFO - Filling up the DagBag from /opt/airflow/dags/dag_etl_camara_diario.py
[2026-07-06T17:28:02.129+0000] {processor.py:840} INFO - DAG(s) 'dag_etl_camara_diario' retrieved from /opt/airflow/dags/dag_etl_camara_diario.py
[2026-07-06T17:28:02.152+0000] {logging_mixin.py:188} INFO - [2026-07-06T17:28:02.151+0000] {dag.py:3036} INFO - Sync 1 DAGs
[2026-07-06T17:28:02.175+0000] {logging_mixin.py:188} INFO - [2026-07-06T17:28:02.175+0000] {dag.py:3823} INFO - Setting next_dagrun for dag_etl_camara_diario to 2026-07-06 03:00:00+00:00, run_after=2026-07-07 03:00:00+00:00
[2026-07-06T17:28:02.191+0000] {processor.py:183} INFO - Processing /opt/airflow/dags/dag_etl_camara_diario.py took 0.076 seconds
[2026-07-06T17:28:32.317+0000] {processor.py:161} INFO - Started process (PID=1914) to work on /opt/airflow/dags/dag_etl_camara_diario.py
[2026-07-06T17:28:32.318+0000] {processor.py:830} INFO - Processing file /opt/airflow/dags/dag_etl_camara_diario.py for tasks to queue
[2026-07-06T17:28:32.319+0000] {logging_mixin.py:188} INFO - [2026-07-06T17:28:32.319+0000] {dagbag.py:538} INFO - Filling up the DagBag from /opt/airflow/dags/dag_etl_camara_diario.py
[2026-07-06T17:28:32.330+0000] {processor.py:840} INFO - DAG(s) 'dag_etl_camara_diario' retrieved from /opt/airflow/dags/dag_etl_camara_diario.py
[2026-07-06T17:28:32.353+0000] {logging_mixin.py:188} INFO - [2026-07-06T17:28:32.353+0000] {dag.py:3036} INFO - Sync 1 DAGs
[2026-07-06T17:28:32.377+0000] {logging_mixin.py:188} INFO - [2026-07-06T17:28:32.377+0000] {dag.py:3823} INFO - Setting next_dagrun for dag_etl_camara_diario to 2026-07-06 03:00:00+00:00, run_after=2026-07-07 03:00:00+00:00
[2026-07-06T17:28:32.393+0000] {processor.py:183} INFO - Processing /opt/airflow/dags/dag_etl_camara_diario.py took 0.079 seconds
[2026-07-06T17:29:02.516+0000] {processor.py:161} INFO - Started process (PID=1929) to work on /opt/airflow/dags/dag_etl_camara_diario.py
[2026-07-06T17:29:02.517+0000] {processor.py:830} INFO - Processing file /opt/airflow/dags/dag_etl_camara_diario.py for tasks to queue
[2026-07-06T17:29:02.518+0000] {logging_mixin.py:188} INFO - [2026-07-06T17:29:02.517+0000] {dagbag.py:538} INFO - Filling up the DagBag from /opt/airflow/dags/dag_etl_camara_diario.py
[2026-07-06T17:29:02.527+0000] {processor.py:840} INFO - DAG(s) 'dag_etl_camara_diario' retrieved from /opt/airflow/dags/dag_etl_camara_diario.py
[2026-07-06T17:29:02.549+0000] {logging_mixin.py:188} INFO - [2026-07-06T17:29:02.549+0000] {dag.py:3036} INFO - Sync 1 DAGs
[2026-07-06T17:29:02.572+0000] {logging_mixin.py:188} INFO - [2026-07-06T17:29:02.572+0000] {dag.py:3823} INFO - Setting next_dagrun for dag_etl_camara_diario to 2026-07-06 03:00:00+00:00, run_after=2026-07-07 03:00:00+00:00
[2026-07-06T17:29:02.587+0000] {processor.py:183} INFO - Processing /opt/airflow/dags/dag_etl_camara_diario.py took 0.074 seconds
[2026-07-06T17:29:32.711+0000] {processor.py:161} INFO - Started process (PID=1944) to work on /opt/airflow/dags/dag_etl_camara_diario.py
[2026-07-06T17:29:32.711+0000] {processor.py:830} INFO - Processing file /opt/airflow/dags/dag_etl_camara_diario.py for tasks to queue
[2026-07-06T17:29:32.712+0000] {logging_mixin.py:188} INFO - [2026-07-06T17:29:32.712+0000] {dagbag.py:538} INFO - Filling up the DagBag from /opt/airflow/dags/dag_etl_camara_diario.py
[2026-07-06T17:29:32.722+0000] {processor.py:840} INFO - DAG(s) 'dag_etl_camara_diario' retrieved from /opt/airflow/dags/dag_etl_camara_diario.py
[2026-07-06T17:29:32.744+0000] {logging_mixin.py:188} INFO - [2026-07-06T17:29:32.743+0000] {dag.py:3036} INFO - Sync 1 DAGs
[2026-07-06T17:29:32.767+0000] {logging_mixin.py:188} INFO - [2026-07-06T17:29:32.767+0000] {dag.py:3823} INFO - Setting next_dagrun for dag_etl_camara_diario to 2026-07-06 03:00:00+00:00, run_after=2026-07-07 03:00:00+00:00
[2026-07-06T17:29:32.783+0000] {processor.py:183} INFO - Processing /opt/airflow/dags/dag_etl_camara_diario.py took 0.075 seconds
[2026-07-06T17:30:02.913+0000] {processor.py:161} INFO - Started process (PID=1959) to work on /opt/airflow/dags/dag_etl_camara_diario.py
[2026-07-06T17:30:02.914+0000] {processor.py:830} INFO - Processing file /opt/airflow/dags/dag_etl_camara_diario.py for tasks to queue
[2026-07-06T17:30:02.915+0000] {logging_mixin.py:188} INFO - [2026-07-06T17:30:02.914+0000] {dagbag.py:538} INFO - Filling up the DagBag from /opt/airflow/dags/dag_etl_camara_diario.py
[2026-07-06T17:30:02.924+0000] {processor.py:840} INFO - DAG(s) 'dag_etl_camara_diario' retrieved from /opt/airflow/dags/dag_etl_camara_diario.py
[2026-07-06T17:30:02.946+0000] {logging_mixin.py:188} INFO - [2026-07-06T17:30:02.946+0000] {dag.py:3036} INFO - Sync 1 DAGs
[2026-07-06T17:30:02.968+0000] {logging_mixin.py:188} INFO - [2026-07-06T17:30:02.968+0000] {dag.py:3823} INFO - Setting next_dagrun for dag_etl_camara_diario to 2026-07-06 03:00:00+00:00, run_after=2026-07-07 03:00:00+00:00
[2026-07-06T17:30:02.984+0000] {processor.py:183} INFO - Processing /opt/airflow/dags/dag_etl_camara_diario.py took 0.073 seconds
[2026-07-06T17:30:33.116+0000] {processor.py:161} INFO - Started process (PID=1974) to work on /opt/airflow/dags/dag_etl_camara_diario.py
[2026-07-06T17:30:33.117+0000] {processor.py:830} INFO - Processing file /opt/airflow/dags/dag_etl_camara_diario.py for tasks to queue
[2026-07-06T17:30:33.118+0000] {logging_mixin.py:188} INFO - [2026-07-06T17:30:33.117+0000] {dagbag.py:538} INFO - Filling up the DagBag from /opt/airflow/dags/dag_etl_camara_diario.py
[2026-07-06T17:30:33.127+0000] {processor.py:840} INFO - DAG(s) 'dag_etl_camara_diario' retrieved from /opt/airflow/dags/dag_etl_camara_diario.py
[2026-07-06T17:30:33.151+0000] {logging_mixin.py:188} INFO - [2026-07-06T17:30:33.151+0000] {dag.py:3036} INFO - Sync 1 DAGs
[2026-07-06T17:30:33.173+0000] {logging_mixin.py:188} INFO - [2026-07-06T17:30:33.172+0000] {dag.py:3823} INFO - Setting next_dagrun for dag_etl_camara_diario to 2026-07-06 03:00:00+00:00, run_after=2026-07-07 03:00:00+00:00
[2026-07-06T17:30:33.187+0000] {processor.py:183} INFO - Processing /opt/airflow/dags/dag_etl_camara_diario.py took 0.073 seconds
[2026-07-06T17:31:03.338+0000] {processor.py:161} INFO - Started process (PID=1989) to work on /opt/airflow/dags/dag_etl_camara_diario.py
[2026-07-06T17:31:03.339+0000] {processor.py:830} INFO - Processing file /opt/airflow/dags/dag_etl_camara_diario.py for tasks to queue
[2026-07-06T17:31:03.340+0000] {logging_mixin.py:188} INFO - [2026-07-06T17:31:03.340+0000] {dagbag.py:538} INFO - Filling up the DagBag from /opt/airflow/dags/dag_etl_camara_diario.py
[2026-07-06T17:31:03.350+0000] {processor.py:840} INFO - DAG(s) 'dag_etl_camara_diario' retrieved from /opt/airflow/dags/dag_etl_camara_diario.py
[2026-07-06T17:31:03.371+0000] {logging_mixin.py:188} INFO - [2026-07-06T17:31:03.371+0000] {dag.py:3036} INFO - Sync 1 DAGs
[2026-07-06T17:31:03.395+0000] {logging_mixin.py:188} INFO - [2026-07-06T17:31:03.395+0000] {dag.py:3823} INFO - Setting next_dagrun for dag_etl_camara_diario to 2026-07-06 03:00:00+00:00, run_after=2026-07-07 03:00:00+00:00
[2026-07-06T17:31:03.410+0000] {processor.py:183} INFO - Processing /opt/airflow/dags/dag_etl_camara_diario.py took 0.074 seconds
[2026-07-06T17:31:33.543+0000] {processor.py:161} INFO - Started process (PID=2004) to work on /opt/airflow/dags/dag_etl_camara_diario.py
[2026-07-06T17:31:33.543+0000] {processor.py:830} INFO - Processing file /opt/airflow/dags/dag_etl_camara_diario.py for tasks to queue
[2026-07-06T17:31:33.544+0000] {logging_mixin.py:188} INFO - [2026-07-06T17:31:33.544+0000] {dagbag.py:538} INFO - Filling up the DagBag from /opt/airflow/dags/dag_etl_camara_diario.py
[2026-07-06T17:31:33.553+0000] {processor.py:840} INFO - DAG(s) 'dag_etl_camara_diario' retrieved from /opt/airflow/dags/dag_etl_camara_diario.py
[2026-07-06T17:31:33.575+0000] {logging_mixin.py:188} INFO - [2026-07-06T17:31:33.575+0000] {dag.py:3036} INFO - Sync 1 DAGs
[2026-07-06T17:31:33.598+0000] {logging_mixin.py:188} INFO - [2026-07-06T17:31:33.597+0000] {dag.py:3823} INFO - Setting next_dagrun for dag_etl_camara_diario to 2026-07-06 03:00:00+00:00, run_after=2026-07-07 03:00:00+00:00
[2026-07-06T17:31:33.612+0000] {processor.py:183} INFO - Processing /opt/airflow/dags/dag_etl_camara_diario.py took 0.072 seconds
[2026-07-06T17:32:03.743+0000] {processor.py:161} INFO - Started process (PID=2019) to work on /opt/airflow/dags/dag_etl_camara_diario.py
[2026-07-06T17:32:03.744+0000] {processor.py:830} INFO - Processing file /opt/airflow/dags/dag_etl_camara_diario.py for tasks to queue
[2026-07-06T17:32:03.744+0000] {logging_mixin.py:188} INFO - [2026-07-06T17:32:03.744+0000] {dagbag.py:538} INFO - Filling up the DagBag from /opt/airflow/dags/dag_etl_camara_diario.py
[2026-07-06T17:32:03.754+0000] {processor.py:840} INFO - DAG(s) 'dag_etl_camara_diario' retrieved from /opt/airflow/dags/dag_etl_camara_diario.py
[2026-07-06T17:32:03.778+0000] {logging_mixin.py:188} INFO - [2026-07-06T17:32:03.778+0000] {dag.py:3036} INFO - Sync 1 DAGs
[2026-07-06T17:32:03.799+0000] {logging_mixin.py:188} INFO - [2026-07-06T17:32:03.799+0000] {dag.py:3823} INFO - Setting next_dagrun for dag_etl_camara_diario to 2026-07-06 03:00:00+00:00, run_after=2026-07-07 03:00:00+00:00
[2026-07-06T17:32:03.814+0000] {processor.py:183} INFO - Processing /opt/airflow/dags/dag_etl_camara_diario.py took 0.074 seconds
[2026-07-06T17:32:33.941+0000] {processor.py:161} INFO - Started process (PID=2034) to work on /opt/airflow/dags/dag_etl_camara_diario.py
[2026-07-06T17:32:33.941+0000] {processor.py:830} INFO - Processing file /opt/airflow/dags/dag_etl_camara_diario.py for tasks to queue
[2026-07-06T17:32:33.942+0000] {logging_mixin.py:188} INFO - [2026-07-06T17:32:33.942+0000] {dagbag.py:538} INFO - Filling up the DagBag from /opt/airflow/dags/dag_etl_camara_diario.py
[2026-07-06T17:32:33.952+0000] {processor.py:840} INFO - DAG(s) 'dag_etl_camara_diario' retrieved from /opt/airflow/dags/dag_etl_camara_diario.py
[2026-07-06T17:32:33.975+0000] {logging_mixin.py:188} INFO - [2026-07-06T17:32:33.975+0000] {dag.py:3036} INFO - Sync 1 DAGs
[2026-07-06T17:32:33.999+0000] {logging_mixin.py:188} INFO - [2026-07-06T17:32:33.999+0000] {dag.py:3823} INFO - Setting next_dagrun for dag_etl_camara_diario to 2026-07-06 03:00:00+00:00, run_after=2026-07-07 03:00:00+00:00
[2026-07-06T17:32:34.016+0000] {processor.py:183} INFO - Processing /opt/airflow/dags/dag_etl_camara_diario.py took 0.079 seconds
[2026-07-06T17:33:04.144+0000] {processor.py:161} INFO - Started process (PID=2049) to work on /opt/airflow/dags/dag_etl_camara_diario.py
[2026-07-06T17:33:04.145+0000] {processor.py:830} INFO - Processing file /opt/airflow/dags/dag_etl_camara_diario.py for tasks to queue
[2026-07-06T17:33:04.146+0000] {logging_mixin.py:188} INFO - [2026-07-06T17:33:04.146+0000] {dagbag.py:538} INFO - Filling up the DagBag from /opt/airflow/dags/dag_etl_camara_diario.py
[2026-07-06T17:33:04.155+0000] {processor.py:840} INFO - DAG(s) 'dag_etl_camara_diario' retrieved from /opt/airflow/dags/dag_etl_camara_diario.py
[2026-07-06T17:33:04.177+0000] {logging_mixin.py:188} INFO - [2026-07-06T17:33:04.177+0000] {dag.py:3036} INFO - Sync 1 DAGs
[2026-07-06T17:33:04.200+0000] {logging_mixin.py:188} INFO - [2026-07-06T17:33:04.199+0000] {dag.py:3823} INFO - Setting next_dagrun for dag_etl_camara_diario to 2026-07-06 03:00:00+00:00, run_after=2026-07-07 03:00:00+00:00
[2026-07-06T17:33:04.216+0000] {processor.py:183} INFO - Processing /opt/airflow/dags/dag_etl_camara_diario.py took 0.074 seconds
[2026-07-06T17:33:34.343+0000] {processor.py:161} INFO - Started process (PID=2064) to work on /opt/airflow/dags/dag_etl_camara_diario.py
[2026-07-06T17:33:34.344+0000] {processor.py:830} INFO - Processing file /opt/airflow/dags/dag_etl_camara_diario.py for tasks to queue
[2026-07-06T17:33:34.344+0000] {logging_mixin.py:188} INFO - [2026-07-06T17:33:34.344+0000] {dagbag.py:538} INFO - Filling up the DagBag from /opt/airflow/dags/dag_etl_camara_diario.py
[2026-07-06T17:33:34.353+0000] {processor.py:840} INFO - DAG(s) 'dag_etl_camara_diario' retrieved from /opt/airflow/dags/dag_etl_camara_diario.py
[2026-07-06T17:33:34.374+0000] {logging_mixin.py:188} INFO - [2026-07-06T17:33:34.374+0000] {dag.py:3036} INFO - Sync 1 DAGs
[2026-07-06T17:33:34.397+0000] {logging_mixin.py:188} INFO - [2026-07-06T17:33:34.396+0000] {dag.py:3823} INFO - Setting next_dagrun for dag_etl_camara_diario to 2026-07-06 03:00:00+00:00, run_after=2026-07-07 03:00:00+00:00
[2026-07-06T17:33:34.413+0000] {processor.py:183} INFO - Processing /opt/airflow/dags/dag_etl_camara_diario.py took 0.073 seconds
[2026-07-06T17:34:04.544+0000] {processor.py:161} INFO - Started process (PID=2079) to work on /opt/airflow/dags/dag_etl_camara_diario.py
[2026-07-06T17:34:04.544+0000] {processor.py:830} INFO - Processing file /opt/airflow/dags/dag_etl_camara_diario.py for tasks to queue
[2026-07-06T17:34:04.545+0000] {logging_mixin.py:188} INFO - [2026-07-06T17:34:04.545+0000] {dagbag.py:538} INFO - Filling up the DagBag from /opt/airflow/dags/dag_etl_camara_diario.py
[2026-07-06T17:34:04.555+0000] {processor.py:840} INFO - DAG(s) 'dag_etl_camara_diario' retrieved from /opt/airflow/dags/dag_etl_camara_diario.py
[2026-07-06T17:34:04.577+0000] {logging_mixin.py:188} INFO - [2026-07-06T17:34:04.577+0000] {dag.py:3036} INFO - Sync 1 DAGs
[2026-07-06T17:34:04.601+0000] {logging_mixin.py:188} INFO - [2026-07-06T17:34:04.601+0000] {dag.py:3823} INFO - Setting next_dagrun for dag_etl_camara_diario to 2026-07-06 03:00:00+00:00, run_after=2026-07-07 03:00:00+00:00
[2026-07-06T17:34:04.615+0000] {processor.py:183} INFO - Processing /opt/airflow/dags/dag_etl_camara_diario.py took 0.074 seconds
[2026-07-06T17:34:34.744+0000] {processor.py:161} INFO - Started process (PID=2094) to work on /opt/airflow/dags/dag_etl_camara_diario.py
[2026-07-06T17:34:34.744+0000] {processor.py:830} INFO - Processing file /opt/airflow/dags/dag_etl_camara_diario.py for tasks to queue
[2026-07-06T17:34:34.745+0000] {logging_mixin.py:188} INFO - [2026-07-06T17:34:34.745+0000] {dagbag.py:538} INFO - Filling up the DagBag from /opt/airflow/dags/dag_etl_camara_diario.py
[2026-07-06T17:34:34.755+0000] {processor.py:840} INFO - DAG(s) 'dag_etl_camara_diario' retrieved from /opt/airflow/dags/dag_etl_camara_diario.py
[2026-07-06T17:34:34.776+0000] {logging_mixin.py:188} INFO - [2026-07-06T17:34:34.776+0000] {dag.py:3036} INFO - Sync 1 DAGs
[2026-07-06T17:34:34.800+0000] {logging_mixin.py:188} INFO - [2026-07-06T17:34:34.800+0000] {dag.py:3823} INFO - Setting next_dagrun for dag_etl_camara_diario to 2026-07-06 03:00:00+00:00, run_after=2026-07-07 03:00:00+00:00
[2026-07-06T17:34:34.815+0000] {processor.py:183} INFO - Processing /opt/airflow/dags/dag_etl_camara_diario.py took 0.074 seconds
[2026-07-06T17:35:04.945+0000] {processor.py:161} INFO - Started process (PID=2109) to work on /opt/airflow/dags/dag_etl_camara_diario.py
[2026-07-06T17:35:04.946+0000] {processor.py:830} INFO - Processing file /opt/airflow/dags/dag_etl_camara_diario.py for tasks to queue
[2026-07-06T17:35:04.947+0000] {logging_mixin.py:188} INFO - [2026-07-06T17:35:04.946+0000] {dagbag.py:538} INFO - Filling up the DagBag from /opt/airflow/dags/dag_etl_camara_diario.py
[2026-07-06T17:35:04.955+0000] {processor.py:840} INFO - DAG(s) 'dag_etl_camara_diario' retrieved from /opt/airflow/dags/dag_etl_camara_diario.py
[2026-07-06T17:35:04.975+0000] {logging_mixin.py:188} INFO - [2026-07-06T17:35:04.975+0000] {dag.py:3036} INFO - Sync 1 DAGs
[2026-07-06T17:35:04.996+0000] {logging_mixin.py:188} INFO - [2026-07-06T17:35:04.996+0000] {dag.py:3823} INFO - Setting next_dagrun for dag_etl_camara_diario to 2026-07-06 03:00:00+00:00, run_after=2026-07-07 03:00:00+00:00
[2026-07-06T17:35:05.015+0000] {processor.py:183} INFO - Processing /opt/airflow/dags/dag_etl_camara_diario.py took 0.073 seconds
[2026-07-06T17:35:35.147+0000] {processor.py:161} INFO - Started process (PID=2124) to work on /opt/airflow/dags/dag_etl_camara_diario.py
[2026-07-06T17:35:35.148+0000] {processor.py:830} INFO - Processing file /opt/airflow/dags/dag_etl_camara_diario.py for tasks to queue
[2026-07-06T17:35:35.148+0000] {logging_mixin.py:188} INFO - [2026-07-06T17:35:35.148+0000] {dagbag.py:538} INFO - Filling up the DagBag from /opt/airflow/dags/dag_etl_camara_diario.py
[2026-07-06T17:35:35.158+0000] {processor.py:840} INFO - DAG(s) 'dag_etl_camara_diario' retrieved from /opt/airflow/dags/dag_etl_camara_diario.py
[2026-07-06T17:35:35.179+0000] {logging_mixin.py:188} INFO - [2026-07-06T17:35:35.179+0000] {dag.py:3036} INFO - Sync 1 DAGs
[2026-07-06T17:35:35.201+0000] {logging_mixin.py:188} INFO - [2026-07-06T17:35:35.201+0000] {dag.py:3823} INFO - Setting next_dagrun for dag_etl_camara_diario to 2026-07-06 03:00:00+00:00, run_after=2026-07-07 03:00:00+00:00
[2026-07-06T17:35:35.216+0000] {processor.py:183} INFO - Processing /opt/airflow/dags/dag_etl_camara_diario.py took 0.072 seconds
[2026-07-06T17:36:05.349+0000] {processor.py:161} INFO - Started process (PID=2139) to work on /opt/airflow/dags/dag_etl_camara_diario.py
[2026-07-06T17:36:05.350+0000] {processor.py:830} INFO - Processing file /opt/airflow/dags/dag_etl_camara_diario.py for tasks to queue
[2026-07-06T17:36:05.351+0000] {logging_mixin.py:188} INFO - [2026-07-06T17:36:05.350+0000] {dagbag.py:538} INFO - Filling up the DagBag from /opt/airflow/dags/dag_etl_camara_diario.py
[2026-07-06T17:36:05.361+0000] {processor.py:840} INFO - DAG(s) 'dag_etl_camara_diario' retrieved from /opt/airflow/dags/dag_etl_camara_diario.py
[2026-07-06T17:36:05.384+0000] {logging_mixin.py:188} INFO - [2026-07-06T17:36:05.383+0000] {dag.py:3036} INFO - Sync 1 DAGs
[2026-07-06T17:36:05.405+0000] {logging_mixin.py:188} INFO - [2026-07-06T17:36:05.404+0000] {dag.py:3823} INFO - Setting next_dagrun for dag_etl_camara_diario to 2026-07-06 03:00:00+00:00, run_after=2026-07-07 03:00:00+00:00
[2026-07-06T17:36:05.420+0000] {processor.py:183} INFO - Processing /opt/airflow/dags/dag_etl_camara_diario.py took 0.073 seconds
[2026-07-06T17:36:35.543+0000] {processor.py:161} INFO - Started process (PID=2154) to work on /opt/airflow/dags/dag_etl_camara_diario.py
[2026-07-06T17:36:35.544+0000] {processor.py:830} INFO - Processing file /opt/airflow/dags/dag_etl_camara_diario.py for tasks to queue
[2026-07-06T17:36:35.545+0000] {logging_mixin.py:188} INFO - [2026-07-06T17:36:35.544+0000] {dagbag.py:538} INFO - Filling up the DagBag from /opt/airflow/dags/dag_etl_camara_diario.py
[2026-07-06T17:36:35.554+0000] {processor.py:840} INFO - DAG(s) 'dag_etl_camara_diario' retrieved from /opt/airflow/dags/dag_etl_camara_diario.py
[2026-07-06T17:36:35.576+0000] {logging_mixin.py:188} INFO - [2026-07-06T17:36:35.576+0000] {dag.py:3036} INFO - Sync 1 DAGs
[2026-07-06T17:36:35.597+0000] {logging_mixin.py:188} INFO - [2026-07-06T17:36:35.597+0000] {dag.py:3823} INFO - Setting next_dagrun for dag_etl_camara_diario to 2026-07-06 03:00:00+00:00, run_after=2026-07-07 03:00:00+00:00
[2026-07-06T17:36:35.613+0000] {processor.py:183} INFO - Processing /opt/airflow/dags/dag_etl_camara_diario.py took 0.072 seconds
[2026-07-06T17:37:05.742+0000] {processor.py:161} INFO - Started process (PID=2169) to work on /opt/airflow/dags/dag_etl_camara_diario.py
[2026-07-06T17:37:05.743+0000] {processor.py:830} INFO - Processing file /opt/airflow/dags/dag_etl_camara_diario.py for tasks to queue
[2026-07-06T17:37:05.744+0000] {logging_mixin.py:188} INFO - [2026-07-06T17:37:05.743+0000] {dagbag.py:538} INFO - Filling up the DagBag from /opt/airflow/dags/dag_etl_camara_diario.py
[2026-07-06T17:37:05.754+0000] {processor.py:840} INFO - DAG(s) 'dag_etl_camara_diario' retrieved from /opt/airflow/dags/dag_etl_camara_diario.py
[2026-07-06T17:37:05.775+0000] {logging_mixin.py:188} INFO - [2026-07-06T17:37:05.775+0000] {dag.py:3036} INFO - Sync 1 DAGs
[2026-07-06T17:37:05.796+0000] {logging_mixin.py:188} INFO - [2026-07-06T17:37:05.796+0000] {dag.py:3823} INFO - Setting next_dagrun for dag_etl_camara_diario to 2026-07-06 03:00:00+00:00, run_after=2026-07-07 03:00:00+00:00
[2026-07-06T17:37:05.812+0000] {processor.py:183} INFO - Processing /opt/airflow/dags/dag_etl_camara_diario.py took 0.072 seconds
[2026-07-06T17:37:35.940+0000] {processor.py:161} INFO - Started process (PID=2184) to work on /opt/airflow/dags/dag_etl_camara_diario.py
[2026-07-06T17:37:35.941+0000] {processor.py:830} INFO - Processing file /opt/airflow/dags/dag_etl_camara_diario.py for tasks to queue
[2026-07-06T17:37:35.941+0000] {logging_mixin.py:188} INFO - [2026-07-06T17:37:35.941+0000] {dagbag.py:538} INFO - Filling up the DagBag from /opt/airflow/dags/dag_etl_camara_diario.py
[2026-07-06T17:37:35.951+0000] {processor.py:840} INFO - DAG(s) 'dag_etl_camara_diario' retrieved from /opt/airflow/dags/dag_etl_camara_diario.py
[2026-07-06T17:37:35.973+0000] {logging_mixin.py:188} INFO - [2026-07-06T17:37:35.972+0000] {dag.py:3036} INFO - Sync 1 DAGs
[2026-07-06T17:37:35.994+0000] {logging_mixin.py:188} INFO - [2026-07-06T17:37:35.994+0000] {dag.py:3823} INFO - Setting next_dagrun for dag_etl_camara_diario to 2026-07-06 03:00:00+00:00, run_after=2026-07-07 03:00:00+00:00
[2026-07-06T17:37:36.010+0000] {processor.py:183} INFO - Processing /opt/airflow/dags/dag_etl_camara_diario.py took 0.073 seconds
[2026-07-06T17:38:06.143+0000] {processor.py:161} INFO - Started process (PID=2199) to work on /opt/airflow/dags/dag_etl_camara_diario.py
[2026-07-06T17:38:06.144+0000] {processor.py:830} INFO - Processing file /opt/airflow/dags/dag_etl_camara_diario.py for tasks to queue
[2026-07-06T17:38:06.144+0000] {logging_mixin.py:188} INFO - [2026-07-06T17:38:06.144+0000] {dagbag.py:538} INFO - Filling up the DagBag from /opt/airflow/dags/dag_etl_camara_diario.py
[2026-07-06T17:38:06.154+0000] {processor.py:840} INFO - DAG(s) 'dag_etl_camara_diario' retrieved from /opt/airflow/dags/dag_etl_camara_diario.py
[2026-07-06T17:38:06.176+0000] {logging_mixin.py:188} INFO - [2026-07-06T17:38:06.176+0000] {dag.py:3036} INFO - Sync 1 DAGs
[2026-07-06T17:38:06.199+0000] {logging_mixin.py:188} INFO - [2026-07-06T17:38:06.199+0000] {dag.py:3823} INFO - Setting next_dagrun for dag_etl_camara_diario to 2026-07-06 03:00:00+00:00, run_after=2026-07-07 03:00:00+00:00
[2026-07-06T17:38:06.215+0000] {processor.py:183} INFO - Processing /opt/airflow/dags/dag_etl_camara_diario.py took 0.075 seconds
[2026-07-06T17:38:36.341+0000] {processor.py:161} INFO - Started process (PID=2214) to work on /opt/airflow/dags/dag_etl_camara_diario.py
[2026-07-06T17:38:36.342+0000] {processor.py:830} INFO - Processing file /opt/airflow/dags/dag_etl_camara_diario.py for tasks to queue
[2026-07-06T17:38:36.342+0000] {logging_mixin.py:188} INFO - [2026-07-06T17:38:36.342+0000] {dagbag.py:538} INFO - Filling up the DagBag from /opt/airflow/dags/dag_etl_camara_diario.py
[2026-07-06T17:38:36.351+0000] {processor.py:840} INFO - DAG(s) 'dag_etl_camara_diario' retrieved from /opt/airflow/dags/dag_etl_camara_diario.py
[2026-07-06T17:38:36.373+0000] {logging_mixin.py:188} INFO - [2026-07-06T17:38:36.373+0000] {dag.py:3036} INFO - Sync 1 DAGs
[2026-07-06T17:38:36.395+0000] {logging_mixin.py:188} INFO - [2026-07-06T17:38:36.395+0000] {dag.py:3823} INFO - Setting next_dagrun for dag_etl_camara_diario to 2026-07-06 03:00:00+00:00, run_after=2026-07-07 03:00:00+00:00
[2026-07-06T17:38:36.409+0000] {processor.py:183} INFO - Processing /opt/airflow/dags/dag_etl_camara_diario.py took 0.070 seconds
[2026-07-06T17:39:06.543+0000] {processor.py:161} INFO - Started process (PID=2229) to work on /opt/airflow/dags/dag_etl_camara_diario.py
[2026-07-06T17:39:06.544+0000] {processor.py:830} INFO - Processing file /opt/airflow/dags/dag_etl_camara_diario.py for tasks to queue
[2026-07-06T17:39:06.545+0000] {logging_mixin.py:188} INFO - [2026-07-06T17:39:06.544+0000] {dagbag.py:538} INFO - Filling up the DagBag from /opt/airflow/dags/dag_etl_camara_diario.py
[2026-07-06T17:39:06.553+0000] {processor.py:840} INFO - DAG(s) 'dag_etl_camara_diario' retrieved from /opt/airflow/dags/dag_etl_camara_diario.py
[2026-07-06T17:39:06.574+0000] {logging_mixin.py:188} INFO - [2026-07-06T17:39:06.574+0000] {dag.py:3036} INFO - Sync 1 DAGs
[2026-07-06T17:39:06.596+0000] {logging_mixin.py:188} INFO - [2026-07-06T17:39:06.596+0000] {dag.py:3823} INFO - Setting next_dagrun for dag_etl_camara_diario to 2026-07-06 03:00:00+00:00, run_after=2026-07-07 03:00:00+00:00
[2026-07-06T17:39:06.615+0000] {processor.py:183} INFO - Processing /opt/airflow/dags/dag_etl_camara_diario.py took 0.075 seconds
[2026-07-06T17:39:36.748+0000] {processor.py:161} INFO - Started process (PID=2244) to work on /opt/airflow/dags/dag_etl_camara_diario.py
[2026-07-06T17:39:36.749+0000] {processor.py:830} INFO - Processing file /opt/airflow/dags/dag_etl_camara_diario.py for tasks to queue
[2026-07-06T17:39:36.750+0000] {logging_mixin.py:188} INFO - [2026-07-06T17:39:36.750+0000] {dagbag.py:538} INFO - Filling up the DagBag from /opt/airflow/dags/dag_etl_camara_diario.py
[2026-07-06T17:39:36.760+0000] {processor.py:840} INFO - DAG(s) 'dag_etl_camara_diario' retrieved from /opt/airflow/dags/dag_etl_camara_diario.py
[2026-07-06T17:39:36.783+0000] {logging_mixin.py:188} INFO - [2026-07-06T17:39:36.783+0000] {dag.py:3036} INFO - Sync 1 DAGs
[2026-07-06T17:39:36.807+0000] {logging_mixin.py:188} INFO - [2026-07-06T17:39:36.807+0000] {dag.py:3823} INFO - Setting next_dagrun for dag_etl_camara_diario to 2026-07-06 03:00:00+00:00, run_after=2026-07-07 03:00:00+00:00
[2026-07-06T17:39:36.822+0000] {processor.py:183} INFO - Processing /opt/airflow/dags/dag_etl_camara_diario.py took 0.077 seconds
[2026-07-06T17:40:06.951+0000] {processor.py:161} INFO - Started process (PID=2259) to work on /opt/airflow/dags/dag_etl_camara_diario.py
[2026-07-06T17:40:06.952+0000] {processor.py:830} INFO - Processing file /opt/airflow/dags/dag_etl_camara_diario.py for tasks to queue
[2026-07-06T17:40:06.952+0000] {logging_mixin.py:188} INFO - [2026-07-06T17:40:06.952+0000] {dagbag.py:538} INFO - Filling up the DagBag from /opt/airflow/dags/dag_etl_camara_diario.py
[2026-07-06T17:40:06.961+0000] {processor.py:840} INFO - DAG(s) 'dag_etl_camara_diario' retrieved from /opt/airflow/dags/dag_etl_camara_diario.py
[2026-07-06T17:40:06.983+0000] {logging_mixin.py:188} INFO - [2026-07-06T17:40:06.983+0000] {dag.py:3036} INFO - Sync 1 DAGs
[2026-07-06T17:40:07.006+0000] {logging_mixin.py:188} INFO - [2026-07-06T17:40:07.006+0000] {dag.py:3823} INFO - Setting next_dagrun for dag_etl_camara_diario to 2026-07-06 03:00:00+00:00, run_after=2026-07-07 03:00:00+00:00
[2026-07-06T17:40:07.023+0000] {processor.py:183} INFO - Processing /opt/airflow/dags/dag_etl_camara_diario.py took 0.075 seconds
[2026-07-06T17:40:37.154+0000] {processor.py:161} INFO - Started process (PID=2274) to work on /opt/airflow/dags/dag_etl_camara_diario.py
[2026-07-06T17:40:37.155+0000] {processor.py:830} INFO - Processing file /opt/airflow/dags/dag_etl_camara_diario.py for tasks to queue
[2026-07-06T17:40:37.156+0000] {logging_mixin.py:188} INFO - [2026-07-06T17:40:37.155+0000] {dagbag.py:538} INFO - Filling up the DagBag from /opt/airflow/dags/dag_etl_camara_diario.py
[2026-07-06T17:40:37.165+0000] {processor.py:840} INFO - DAG(s) 'dag_etl_camara_diario' retrieved from /opt/airflow/dags/dag_etl_camara_diario.py
[2026-07-06T17:40:37.186+0000] {logging_mixin.py:188} INFO - [2026-07-06T17:40:37.186+0000] {dag.py:3036} INFO - Sync 1 DAGs
[2026-07-06T17:40:37.208+0000] {logging_mixin.py:188} INFO - [2026-07-06T17:40:37.207+0000] {dag.py:3823} INFO - Setting next_dagrun for dag_etl_camara_diario to 2026-07-06 03:00:00+00:00, run_after=2026-07-07 03:00:00+00:00
[2026-07-06T17:40:37.223+0000] {processor.py:183} INFO - Processing /opt/airflow/dags/dag_etl_camara_diario.py took 0.072 seconds
[2026-07-06T17:41:07.361+0000] {processor.py:161} INFO - Started process (PID=2289) to work on /opt/airflow/dags/dag_etl_camara_diario.py
[2026-07-06T17:41:07.362+0000] {processor.py:830} INFO - Processing file /opt/airflow/dags/dag_etl_camara_diario.py for tasks to queue
[2026-07-06T17:41:07.363+0000] {logging_mixin.py:188} INFO - [2026-07-06T17:41:07.363+0000] {dagbag.py:538} INFO - Filling up the DagBag from /opt/airflow/dags/dag_etl_camara_diario.py
[2026-07-06T17:41:07.373+0000] {processor.py:840} INFO - DAG(s) 'dag_etl_camara_diario' retrieved from /opt/airflow/dags/dag_etl_camara_diario.py
[2026-07-06T17:41:07.396+0000] {logging_mixin.py:188} INFO - [2026-07-06T17:41:07.395+0000] {dag.py:3036} INFO - Sync 1 DAGs
[2026-07-06T17:41:07.418+0000] {logging_mixin.py:188} INFO - [2026-07-06T17:41:07.418+0000] {dag.py:3823} INFO - Setting next_dagrun for dag_etl_camara_diario to 2026-07-06 03:00:00+00:00, run_after=2026-07-07 03:00:00+00:00
[2026-07-06T17:41:07.433+0000] {processor.py:183} INFO - Processing /opt/airflow/dags/dag_etl_camara_diario.py took 0.075 seconds
[2026-07-06T17:41:37.558+0000] {processor.py:161} INFO - Started process (PID=2304) to work on /opt/airflow/dags/dag_etl_camara_diario.py
[2026-07-06T17:41:37.559+0000] {processor.py:830} INFO - Processing file /opt/airflow/dags/dag_etl_camara_diario.py for tasks to queue
[2026-07-06T17:41:37.560+0000] {logging_mixin.py:188} INFO - [2026-07-06T17:41:37.559+0000] {dagbag.py:538} INFO - Filling up the DagBag from /opt/airflow/dags/dag_etl_camara_diario.py
[2026-07-06T17:41:37.569+0000] {processor.py:840} INFO - DAG(s) 'dag_etl_camara_diario' retrieved from /opt/airflow/dags/dag_etl_camara_diario.py
[2026-07-06T17:41:37.590+0000] {logging_mixin.py:188} INFO - [2026-07-06T17:41:37.590+0000] {dag.py:3036} INFO - Sync 1 DAGs
[2026-07-06T17:41:37.612+0000] {logging_mixin.py:188} INFO - [2026-07-06T17:41:37.612+0000] {dag.py:3823} INFO - Setting next_dagrun for dag_etl_camara_diario to 2026-07-06 03:00:00+00:00, run_after=2026-07-07 03:00:00+00:00
[2026-07-06T17:41:37.629+0000] {processor.py:183} INFO - Processing /opt/airflow/dags/dag_etl_camara_diario.py took 0.074 seconds
[2026-07-06T17:42:07.762+0000] {processor.py:161} INFO - Started process (PID=2319) to work on /opt/airflow/dags/dag_etl_camara_diario.py
[2026-07-06T17:42:07.763+0000] {processor.py:830} INFO - Processing file /opt/airflow/dags/dag_etl_camara_diario.py for tasks to queue
[2026-07-06T17:42:07.763+0000] {logging_mixin.py:188} INFO - [2026-07-06T17:42:07.763+0000] {dagbag.py:538} INFO - Filling up the DagBag from /opt/airflow/dags/dag_etl_camara_diario.py
[2026-07-06T17:42:07.773+0000] {processor.py:840} INFO - DAG(s) 'dag_etl_camara_diario' retrieved from /opt/airflow/dags/dag_etl_camara_diario.py
[2026-07-06T17:42:07.795+0000] {logging_mixin.py:188} INFO - [2026-07-06T17:42:07.794+0000] {dag.py:3036} INFO - Sync 1 DAGs
[2026-07-06T17:42:07.817+0000] {logging_mixin.py:188} INFO - [2026-07-06T17:42:07.817+0000] {dag.py:3823} INFO - Setting next_dagrun for dag_etl_camara_diario to 2026-07-06 03:00:00+00:00, run_after=2026-07-07 03:00:00+00:00
[2026-07-06T17:42:07.833+0000] {processor.py:183} INFO - Processing /opt/airflow/dags/dag_etl_camara_diario.py took 0.074 seconds
[2026-07-06T17:42:37.964+0000] {processor.py:161} INFO - Started process (PID=2334) to work on /opt/airflow/dags/dag_etl_camara_diario.py
[2026-07-06T17:42:37.965+0000] {processor.py:830} INFO - Processing file /opt/airflow/dags/dag_etl_camara_diario.py for tasks to queue
[2026-07-06T17:42:37.965+0000] {logging_mixin.py:188} INFO - [2026-07-06T17:42:37.965+0000] {dagbag.py:538} INFO - Filling up the DagBag from /opt/airflow/dags/dag_etl_camara_diario.py
[2026-07-06T17:42:37.975+0000] {processor.py:840} INFO - DAG(s) 'dag_etl_camara_diario' retrieved from /opt/airflow/dags/dag_etl_camara_diario.py
[2026-07-06T17:42:37.997+0000] {logging_mixin.py:188} INFO - [2026-07-06T17:42:37.997+0000] {dag.py:3036} INFO - Sync 1 DAGs
[2026-07-06T17:42:38.020+0000] {logging_mixin.py:188} INFO - [2026-07-06T17:42:38.020+0000] {dag.py:3823} INFO - Setting next_dagrun for dag_etl_camara_diario to 2026-07-06 03:00:00+00:00, run_after=2026-07-07 03:00:00+00:00
[2026-07-06T17:42:38.034+0000] {processor.py:183} INFO - Processing /opt/airflow/dags/dag_etl_camara_diario.py took 0.073 seconds
[2026-07-06T17:43:08.168+0000] {processor.py:161} INFO - Started process (PID=2349) to work on /opt/airflow/dags/dag_etl_camara_diario.py
[2026-07-06T17:43:08.169+0000] {processor.py:830} INFO - Processing file /opt/airflow/dags/dag_etl_camara_diario.py for tasks to queue
[2026-07-06T17:43:08.170+0000] {logging_mixin.py:188} INFO - [2026-07-06T17:43:08.170+0000] {dagbag.py:538} INFO - Filling up the DagBag from /opt/airflow/dags/dag_etl_camara_diario.py
[2026-07-06T17:43:08.179+0000] {processor.py:840} INFO - DAG(s) 'dag_etl_camara_diario' retrieved from /opt/airflow/dags/dag_etl_camara_diario.py
[2026-07-06T17:43:08.201+0000] {logging_mixin.py:188} INFO - [2026-07-06T17:43:08.201+0000] {dag.py:3036} INFO - Sync 1 DAGs
[2026-07-06T17:43:08.224+0000] {logging_mixin.py:188} INFO - [2026-07-06T17:43:08.224+0000] {dag.py:3823} INFO - Setting next_dagrun for dag_etl_camara_diario to 2026-07-06 03:00:00+00:00, run_after=2026-07-07 03:00:00+00:00
[2026-07-06T17:43:08.239+0000] {processor.py:183} INFO - Processing /opt/airflow/dags/dag_etl_camara_diario.py took 0.074 seconds
[2026-07-06T17:43:38.367+0000] {processor.py:161} INFO - Started process (PID=2364) to work on /opt/airflow/dags/dag_etl_camara_diario.py
[2026-07-06T17:43:38.368+0000] {processor.py:830} INFO - Processing file /opt/airflow/dags/dag_etl_camara_diario.py for tasks to queue
[2026-07-06T17:43:38.369+0000] {logging_mixin.py:188} INFO - [2026-07-06T17:43:38.368+0000] {dagbag.py:538} INFO - Filling up the DagBag from /opt/airflow/dags/dag_etl_camara_diario.py
[2026-07-06T17:43:38.378+0000] {processor.py:840} INFO - DAG(s) 'dag_etl_camara_diario' retrieved from /opt/airflow/dags/dag_etl_camara_diario.py
[2026-07-06T17:43:38.401+0000] {logging_mixin.py:188} INFO - [2026-07-06T17:43:38.401+0000] {dag.py:3036} INFO - Sync 1 DAGs
[2026-07-06T17:43:38.425+0000] {logging_mixin.py:188} INFO - [2026-07-06T17:43:38.425+0000] {dag.py:3823} INFO - Setting next_dagrun for dag_etl_camara_diario to 2026-07-06 03:00:00+00:00, run_after=2026-07-07 03:00:00+00:00
[2026-07-06T17:43:38.438+0000] {processor.py:183} INFO - Processing /opt/airflow/dags/dag_etl_camara_diario.py took 0.074 seconds
[2026-07-06T17:44:08.572+0000] {processor.py:161} INFO - Started process (PID=2379) to work on /opt/airflow/dags/dag_etl_camara_diario.py
[2026-07-06T17:44:08.573+0000] {processor.py:830} INFO - Processing file /opt/airflow/dags/dag_etl_camara_diario.py for tasks to queue
[2026-07-06T17:44:08.574+0000] {logging_mixin.py:188} INFO - [2026-07-06T17:44:08.573+0000] {dagbag.py:538} INFO - Filling up the DagBag from /opt/airflow/dags/dag_etl_camara_diario.py
[2026-07-06T17:44:08.583+0000] {processor.py:840} INFO - DAG(s) 'dag_etl_camara_diario' retrieved from /opt/airflow/dags/dag_etl_camara_diario.py
[2026-07-06T17:44:08.606+0000] {logging_mixin.py:188} INFO - [2026-07-06T17:44:08.605+0000] {dag.py:3036} INFO - Sync 1 DAGs
[2026-07-06T17:44:08.629+0000] {logging_mixin.py:188} INFO - [2026-07-06T17:44:08.629+0000] {dag.py:3823} INFO - Setting next_dagrun for dag_etl_camara_diario to 2026-07-06 03:00:00+00:00, run_after=2026-07-07 03:00:00+00:00
[2026-07-06T17:44:08.642+0000] {processor.py:183} INFO - Processing /opt/airflow/dags/dag_etl_camara_diario.py took 0.073 seconds
[2026-07-06T17:44:38.772+0000] {processor.py:161} INFO - Started process (PID=2394) to work on /opt/airflow/dags/dag_etl_camara_diario.py
[2026-07-06T17:44:38.773+0000] {processor.py:830} INFO - Processing file /opt/airflow/dags/dag_etl_camara_diario.py for tasks to queue
[2026-07-06T17:44:38.774+0000] {logging_mixin.py:188} INFO - [2026-07-06T17:44:38.773+0000] {dagbag.py:538} INFO - Filling up the DagBag from /opt/airflow/dags/dag_etl_camara_diario.py
[2026-07-06T17:44:38.783+0000] {processor.py:840} INFO - DAG(s) 'dag_etl_camara_diario' retrieved from /opt/airflow/dags/dag_etl_camara_diario.py
[2026-07-06T17:44:38.804+0000] {logging_mixin.py:188} INFO - [2026-07-06T17:44:38.804+0000] {dag.py:3036} INFO - Sync 1 DAGs
[2026-07-06T17:44:38.827+0000] {logging_mixin.py:188} INFO - [2026-07-06T17:44:38.827+0000] {dag.py:3823} INFO - Setting next_dagrun for dag_etl_camara_diario to 2026-07-06 03:00:00+00:00, run_after=2026-07-07 03:00:00+00:00
[2026-07-06T17:44:38.843+0000] {processor.py:183} INFO - Processing /opt/airflow/dags/dag_etl_camara_diario.py took 0.074 seconds
[2026-07-06T17:45:08.977+0000] {processor.py:161} INFO - Started process (PID=2409) to work on /opt/airflow/dags/dag_etl_camara_diario.py
[2026-07-06T17:45:08.978+0000] {processor.py:830} INFO - Processing file /opt/airflow/dags/dag_etl_camara_diario.py for tasks to queue
[2026-07-06T17:45:08.978+0000] {logging_mixin.py:188} INFO - [2026-07-06T17:45:08.978+0000] {dagbag.py:538} INFO - Filling up the DagBag from /opt/airflow/dags/dag_etl_camara_diario.py
[2026-07-06T17:45:08.989+0000] {processor.py:840} INFO - DAG(s) 'dag_etl_camara_diario' retrieved from /opt/airflow/dags/dag_etl_camara_diario.py
[2026-07-06T17:45:09.011+0000] {logging_mixin.py:188} INFO - [2026-07-06T17:45:09.011+0000] {dag.py:3036} INFO - Sync 1 DAGs
[2026-07-06T17:45:09.034+0000] {logging_mixin.py:188} INFO - [2026-07-06T17:45:09.034+0000] {dag.py:3823} INFO - Setting next_dagrun for dag_etl_camara_diario to 2026-07-06 03:00:00+00:00, run_after=2026-07-07 03:00:00+00:00
[2026-07-06T17:45:09.052+0000] {processor.py:183} INFO - Processing /opt/airflow/dags/dag_etl_camara_diario.py took 0.078 seconds
[2026-07-06T17:45:39.190+0000] {processor.py:161} INFO - Started process (PID=2424) to work on /opt/airflow/dags/dag_etl_camara_diario.py
[2026-07-06T17:45:39.190+0000] {processor.py:830} INFO - Processing file /opt/airflow/dags/dag_etl_camara_diario.py for tasks to queue
[2026-07-06T17:45:39.191+0000] {logging_mixin.py:188} INFO - [2026-07-06T17:45:39.191+0000] {dagbag.py:538} INFO - Filling up the DagBag from /opt/airflow/dags/dag_etl_camara_diario.py
[2026-07-06T17:45:39.200+0000] {processor.py:840} INFO - DAG(s) 'dag_etl_camara_diario' retrieved from /opt/airflow/dags/dag_etl_camara_diario.py
[2026-07-06T17:45:39.222+0000] {logging_mixin.py:188} INFO - [2026-07-06T17:45:39.222+0000] {dag.py:3036} INFO - Sync 1 DAGs
[2026-07-06T17:45:39.245+0000] {logging_mixin.py:188} INFO - [2026-07-06T17:45:39.245+0000] {dag.py:3823} INFO - Setting next_dagrun for dag_etl_camara_diario to 2026-07-06 03:00:00+00:00, run_after=2026-07-07 03:00:00+00:00
[2026-07-06T17:45:39.261+0000] {processor.py:183} INFO - Processing /opt/airflow/dags/dag_etl_camara_diario.py took 0.074 seconds
[2026-07-06T17:46:09.393+0000] {processor.py:161} INFO - Started process (PID=2439) to work on /opt/airflow/dags/dag_etl_camara_diario.py
[2026-07-06T17:46:09.394+0000] {processor.py:830} INFO - Processing file /opt/airflow/dags/dag_etl_camara_diario.py for tasks to queue
[2026-07-06T17:46:09.395+0000] {logging_mixin.py:188} INFO - [2026-07-06T17:46:09.395+0000] {dagbag.py:538} INFO - Filling up the DagBag from /opt/airflow/dags/dag_etl_camara_diario.py
[2026-07-06T17:46:09.405+0000] {processor.py:840} INFO - DAG(s) 'dag_etl_camara_diario' retrieved from /opt/airflow/dags/dag_etl_camara_diario.py
[2026-07-06T17:46:09.427+0000] {logging_mixin.py:188} INFO - [2026-07-06T17:46:09.427+0000] {dag.py:3036} INFO - Sync 1 DAGs
[2026-07-06T17:46:09.449+0000] {logging_mixin.py:188} INFO - [2026-07-06T17:46:09.449+0000] {dag.py:3823} INFO - Setting next_dagrun for dag_etl_camara_diario to 2026-07-06 03:00:00+00:00, run_after=2026-07-07 03:00:00+00:00
[2026-07-06T17:46:09.464+0000] {processor.py:183} INFO - Processing /opt/airflow/dags/dag_etl_camara_diario.py took 0.074 seconds
[2026-07-06T17:46:39.593+0000] {processor.py:161} INFO - Started process (PID=2454) to work on /opt/airflow/dags/dag_etl_camara_diario.py
[2026-07-06T17:46:39.594+0000] {processor.py:830} INFO - Processing file /opt/airflow/dags/dag_etl_camara_diario.py for tasks to queue
[2026-07-06T17:46:39.595+0000] {logging_mixin.py:188} INFO - [2026-07-06T17:46:39.595+0000] {dagbag.py:538} INFO - Filling up the DagBag from /opt/airflow/dags/dag_etl_camara_diario.py
[2026-07-06T17:46:39.604+0000] {processor.py:840} INFO - DAG(s) 'dag_etl_camara_diario' retrieved from /opt/airflow/dags/dag_etl_camara_diario.py
[2026-07-06T17:46:39.627+0000] {logging_mixin.py:188} INFO - [2026-07-06T17:46:39.627+0000] {dag.py:3036} INFO - Sync 1 DAGs
[2026-07-06T17:46:39.649+0000] {logging_mixin.py:188} INFO - [2026-07-06T17:46:39.649+0000] {dag.py:3823} INFO - Setting next_dagrun for dag_etl_camara_diario to 2026-07-06 03:00:00+00:00, run_after=2026-07-07 03:00:00+00:00
[2026-07-06T17:46:39.666+0000] {processor.py:183} INFO - Processing /opt/airflow/dags/dag_etl_camara_diario.py took 0.076 seconds
[2026-07-06T17:47:09.793+0000] {processor.py:161} INFO - Started process (PID=2469) to work on /opt/airflow/dags/dag_etl_camara_diario.py
[2026-07-06T17:47:09.794+0000] {processor.py:830} INFO - Processing file /opt/airflow/dags/dag_etl_camara_diario.py for tasks to queue
[2026-07-06T17:47:09.794+0000] {logging_mixin.py:188} INFO - [2026-07-06T17:47:09.794+0000] {dagbag.py:538} INFO - Filling up the DagBag from /opt/airflow/dags/dag_etl_camara_diario.py
[2026-07-06T17:47:09.803+0000] {processor.py:840} INFO - DAG(s) 'dag_etl_camara_diario' retrieved from /opt/airflow/dags/dag_etl_camara_diario.py
[2026-07-06T17:47:09.825+0000] {logging_mixin.py:188} INFO - [2026-07-06T17:47:09.825+0000] {dag.py:3036} INFO - Sync 1 DAGs
[2026-07-06T17:47:09.847+0000] {logging_mixin.py:188} INFO - [2026-07-06T17:47:09.847+0000] {dag.py:3823} INFO - Setting next_dagrun for dag_etl_camara_diario to 2026-07-06 03:00:00+00:00, run_after=2026-07-07 03:00:00+00:00
[2026-07-06T17:47:09.863+0000] {processor.py:183} INFO - Processing /opt/airflow/dags/dag_etl_camara_diario.py took 0.072 seconds
[2026-07-06T17:47:39.997+0000] {processor.py:161} INFO - Started process (PID=2484) to work on /opt/airflow/dags/dag_etl_camara_diario.py
[2026-07-06T17:47:39.998+0000] {processor.py:830} INFO - Processing file /opt/airflow/dags/dag_etl_camara_diario.py for tasks to queue
[2026-07-06T17:47:39.999+0000] {logging_mixin.py:188} INFO - [2026-07-06T17:47:39.998+0000] {dagbag.py:538} INFO - Filling up the DagBag from /opt/airflow/dags/dag_etl_camara_diario.py
[2026-07-06T17:47:40.008+0000] {processor.py:840} INFO - DAG(s) 'dag_etl_camara_diario' retrieved from /opt/airflow/dags/dag_etl_camara_diario.py
[2026-07-06T17:47:40.032+0000] {logging_mixin.py:188} INFO - [2026-07-06T17:47:40.032+0000] {dag.py:3036} INFO - Sync 1 DAGs
[2026-07-06T17:47:40.056+0000] {logging_mixin.py:188} INFO - [2026-07-06T17:47:40.056+0000] {dag.py:3823} INFO - Setting next_dagrun for dag_etl_camara_diario to 2026-07-06 03:00:00+00:00, run_after=2026-07-07 03:00:00+00:00
[2026-07-06T17:47:40.072+0000] {processor.py:183} INFO - Processing /opt/airflow/dags/dag_etl_camara_diario.py took 0.078 seconds
[2026-07-06T17:48:10.206+0000] {processor.py:161} INFO - Started process (PID=2499) to work on /opt/airflow/dags/dag_etl_camara_diario.py
[2026-07-06T17:48:10.207+0000] {processor.py:830} INFO - Processing file /opt/airflow/dags/dag_etl_camara_diario.py for tasks to queue
[2026-07-06T17:48:10.208+0000] {logging_mixin.py:188} INFO - [2026-07-06T17:48:10.207+0000] {dagbag.py:538} INFO - Filling up the DagBag from /opt/airflow/dags/dag_etl_camara_diario.py
[2026-07-06T17:48:10.217+0000] {processor.py:840} INFO - DAG(s) 'dag_etl_camara_diario' retrieved from /opt/airflow/dags/dag_etl_camara_diario.py
[2026-07-06T17:48:10.239+0000] {logging_mixin.py:188} INFO - [2026-07-06T17:48:10.239+0000] {dag.py:3036} INFO - Sync 1 DAGs
[2026-07-06T17:48:10.262+0000] {logging_mixin.py:188} INFO - [2026-07-06T17:48:10.261+0000] {dag.py:3823} INFO - Setting next_dagrun for dag_etl_camara_diario to 2026-07-06 03:00:00+00:00, run_after=2026-07-07 03:00:00+00:00
[2026-07-06T17:48:10.277+0000] {processor.py:183} INFO - Processing /opt/airflow/dags/dag_etl_camara_diario.py took 0.073 seconds
[2026-07-06T17:48:40.406+0000] {processor.py:161} INFO - Started process (PID=2514) to work on /opt/airflow/dags/dag_etl_camara_diario.py
[2026-07-06T17:48:40.406+0000] {processor.py:830} INFO - Processing file /opt/airflow/dags/dag_etl_camara_diario.py for tasks to queue
[2026-07-06T17:48:40.407+0000] {logging_mixin.py:188} INFO - [2026-07-06T17:48:40.407+0000] {dagbag.py:538} INFO - Filling up the DagBag from /opt/airflow/dags/dag_etl_camara_diario.py
[2026-07-06T17:48:40.416+0000] {processor.py:840} INFO - DAG(s) 'dag_etl_camara_diario' retrieved from /opt/airflow/dags/dag_etl_camara_diario.py
[2026-07-06T17:48:40.439+0000] {logging_mixin.py:188} INFO - [2026-07-06T17:48:40.438+0000] {dag.py:3036} INFO - Sync 1 DAGs
[2026-07-06T17:48:40.462+0000] {logging_mixin.py:188} INFO - [2026-07-06T17:48:40.462+0000] {dag.py:3823} INFO - Setting next_dagrun for dag_etl_camara_diario to 2026-07-06 03:00:00+00:00, run_after=2026-07-07 03:00:00+00:00
[2026-07-06T17:48:40.477+0000] {processor.py:183} INFO - Processing /opt/airflow/dags/dag_etl_camara_diario.py took 0.074 seconds
[2026-07-06T17:49:10.611+0000] {processor.py:161} INFO - Started process (PID=2529) to work on /opt/airflow/dags/dag_etl_camara_diario.py
[2026-07-06T17:49:10.612+0000] {processor.py:830} INFO - Processing file /opt/airflow/dags/dag_etl_camara_diario.py for tasks to queue
[2026-07-06T17:49:10.613+0000] {logging_mixin.py:188} INFO - [2026-07-06T17:49:10.612+0000] {dagbag.py:538} INFO - Filling up the DagBag from /opt/airflow/dags/dag_etl_camara_diario.py
[2026-07-06T17:49:10.623+0000] {processor.py:840} INFO - DAG(s) 'dag_etl_camara_diario' retrieved from /opt/airflow/dags/dag_etl_camara_diario.py
[2026-07-06T17:49:10.644+0000] {logging_mixin.py:188} INFO - [2026-07-06T17:49:10.644+0000] {dag.py:3036} INFO - Sync 1 DAGs
[2026-07-06T17:49:10.666+0000] {logging_mixin.py:188} INFO - [2026-07-06T17:49:10.666+0000] {dag.py:3823} INFO - Setting next_dagrun for dag_etl_camara_diario to 2026-07-06 03:00:00+00:00, run_after=2026-07-07 03:00:00+00:00
[2026-07-06T17:49:10.680+0000] {processor.py:183} INFO - Processing /opt/airflow/dags/dag_etl_camara_diario.py took 0.072 seconds
[2026-07-06T17:49:40.811+0000] {processor.py:161} INFO - Started process (PID=2544) to work on /opt/airflow/dags/dag_etl_camara_diario.py
[2026-07-06T17:49:40.812+0000] {processor.py:830} INFO - Processing file /opt/airflow/dags/dag_etl_camara_diario.py for tasks to queue
[2026-07-06T17:49:40.812+0000] {logging_mixin.py:188} INFO - [2026-07-06T17:49:40.812+0000] {dagbag.py:538} INFO - Filling up the DagBag from /opt/airflow/dags/dag_etl_camara_diario.py
[2026-07-06T17:49:40.822+0000] {processor.py:840} INFO - DAG(s) 'dag_etl_camara_diario' retrieved from /opt/airflow/dags/dag_etl_camara_diario.py
[2026-07-06T17:49:40.843+0000] {logging_mixin.py:188} INFO - [2026-07-06T17:49:40.843+0000] {dag.py:3036} INFO - Sync 1 DAGs
[2026-07-06T17:49:40.866+0000] {logging_mixin.py:188} INFO - [2026-07-06T17:49:40.865+0000] {dag.py:3823} INFO - Setting next_dagrun for dag_etl_camara_diario to 2026-07-06 03:00:00+00:00, run_after=2026-07-07 03:00:00+00:00
[2026-07-06T17:49:40.880+0000] {processor.py:183} INFO - Processing /opt/airflow/dags/dag_etl_camara_diario.py took 0.071 seconds
[2026-07-06T17:50:11.020+0000] {processor.py:161} INFO - Started process (PID=2559) to work on /opt/airflow/dags/dag_etl_camara_diario.py
[2026-07-06T17:50:11.021+0000] {processor.py:830} INFO - Processing file /opt/airflow/dags/dag_etl_camara_diario.py for tasks to queue
[2026-07-06T17:50:11.022+0000] {logging_mixin.py:188} INFO - [2026-07-06T17:50:11.021+0000] {dagbag.py:538} INFO - Filling up the DagBag from /opt/airflow/dags/dag_etl_camara_diario.py
[2026-07-06T17:50:11.031+0000] {processor.py:840} INFO - DAG(s) 'dag_etl_camara_diario' retrieved from /opt/airflow/dags/dag_etl_camara_diario.py
[2026-07-06T17:50:11.053+0000] {logging_mixin.py:188} INFO - [2026-07-06T17:50:11.053+0000] {dag.py:3036} INFO - Sync 1 DAGs
[2026-07-06T17:50:11.074+0000] {logging_mixin.py:188} INFO - [2026-07-06T17:50:11.074+0000] {dag.py:3823} INFO - Setting next_dagrun for dag_etl_camara_diario to 2026-07-06 03:00:00+00:00, run_after=2026-07-07 03:00:00+00:00
[2026-07-06T17:50:11.091+0000] {processor.py:183} INFO - Processing /opt/airflow/dags/dag_etl_camara_diario.py took 0.074 seconds
[2026-07-06T17:50:41.229+0000] {processor.py:161} INFO - Started process (PID=2574) to work on /opt/airflow/dags/dag_etl_camara_diario.py
[2026-07-06T17:50:41.230+0000] {processor.py:830} INFO - Processing file /opt/airflow/dags/dag_etl_camara_diario.py for tasks to queue
[2026-07-06T17:50:41.230+0000] {logging_mixin.py:188} INFO - [2026-07-06T17:50:41.230+0000] {dagbag.py:538} INFO - Filling up the DagBag from /opt/airflow/dags/dag_etl_camara_diario.py
[2026-07-06T17:50:41.239+0000] {processor.py:840} INFO - DAG(s) 'dag_etl_camara_diario' retrieved from /opt/airflow/dags/dag_etl_camara_diario.py
[2026-07-06T17:50:41.262+0000] {logging_mixin.py:188} INFO - [2026-07-06T17:50:41.262+0000] {dag.py:3036} INFO - Sync 1 DAGs
[2026-07-06T17:50:41.284+0000] {logging_mixin.py:188} INFO - [2026-07-06T17:50:41.284+0000] {dag.py:3823} INFO - Setting next_dagrun for dag_etl_camara_diario to 2026-07-06 03:00:00+00:00, run_after=2026-07-07 03:00:00+00:00
[2026-07-06T17:50:41.299+0000] {processor.py:183} INFO - Processing /opt/airflow/dags/dag_etl_camara_diario.py took 0.072 seconds
[2026-07-06T17:51:11.429+0000] {processor.py:161} INFO - Started process (PID=2589) to work on /opt/airflow/dags/dag_etl_camara_diario.py
[2026-07-06T17:51:11.430+0000] {processor.py:830} INFO - Processing file /opt/airflow/dags/dag_etl_camara_diario.py for tasks to queue
[2026-07-06T17:51:11.430+0000] {logging_mixin.py:188} INFO - [2026-07-06T17:51:11.430+0000] {dagbag.py:538} INFO - Filling up the DagBag from /opt/airflow/dags/dag_etl_camara_diario.py
[2026-07-06T17:51:11.440+0000] {processor.py:840} INFO - DAG(s) 'dag_etl_camara_diario' retrieved from /opt/airflow/dags/dag_etl_camara_diario.py
[2026-07-06T17:51:11.460+0000] {logging_mixin.py:188} INFO - [2026-07-06T17:51:11.460+0000] {dag.py:3036} INFO - Sync 1 DAGs
[2026-07-06T17:51:11.481+0000] {logging_mixin.py:188} INFO - [2026-07-06T17:51:11.480+0000] {dag.py:3823} INFO - Setting next_dagrun for dag_etl_camara_diario to 2026-07-06 03:00:00+00:00, run_after=2026-07-07 03:00:00+00:00
[2026-07-06T17:51:11.499+0000] {processor.py:183} INFO - Processing /opt/airflow/dags/dag_etl_camara_diario.py took 0.073 seconds
[2026-07-06T17:51:41.629+0000] {processor.py:161} INFO - Started process (PID=2604) to work on /opt/airflow/dags/dag_etl_camara_diario.py
[2026-07-06T17:51:41.629+0000] {processor.py:830} INFO - Processing file /opt/airflow/dags/dag_etl_camara_diario.py for tasks to queue
[2026-07-06T17:51:41.630+0000] {logging_mixin.py:188} INFO - [2026-07-06T17:51:41.630+0000] {dagbag.py:538} INFO - Filling up the DagBag from /opt/airflow/dags/dag_etl_camara_diario.py
[2026-07-06T17:51:41.639+0000] {processor.py:840} INFO - DAG(s) 'dag_etl_camara_diario' retrieved from /opt/airflow/dags/dag_etl_camara_diario.py
[2026-07-06T17:51:41.661+0000] {logging_mixin.py:188} INFO - [2026-07-06T17:51:41.661+0000] {dag.py:3036} INFO - Sync 1 DAGs
[2026-07-06T17:51:41.686+0000] {logging_mixin.py:188} INFO - [2026-07-06T17:51:41.685+0000] {dag.py:3823} INFO - Setting next_dagrun for dag_etl_camara_diario to 2026-07-06 03:00:00+00:00, run_after=2026-07-07 03:00:00+00:00
[2026-07-06T17:51:41.701+0000] {processor.py:183} INFO - Processing /opt/airflow/dags/dag_etl_camara_diario.py took 0.075 seconds
[2026-07-06T17:52:11.836+0000] {processor.py:161} INFO - Started process (PID=2619) to work on /opt/airflow/dags/dag_etl_camara_diario.py
[2026-07-06T17:52:11.837+0000] {processor.py:830} INFO - Processing file /opt/airflow/dags/dag_etl_camara_diario.py for tasks to queue
[2026-07-06T17:52:11.838+0000] {logging_mixin.py:188} INFO - [2026-07-06T17:52:11.838+0000] {dagbag.py:538} INFO - Filling up the DagBag from /opt/airflow/dags/dag_etl_camara_diario.py
[2026-07-06T17:52:11.848+0000] {processor.py:840} INFO - DAG(s) 'dag_etl_camara_diario' retrieved from /opt/airflow/dags/dag_etl_camara_diario.py
[2026-07-06T17:52:11.869+0000] {logging_mixin.py:188} INFO - [2026-07-06T17:52:11.869+0000] {dag.py:3036} INFO - Sync 1 DAGs
[2026-07-06T17:52:11.892+0000] {logging_mixin.py:188} INFO - [2026-07-06T17:52:11.891+0000] {dag.py:3823} INFO - Setting next_dagrun for dag_etl_camara_diario to 2026-07-06 03:00:00+00:00, run_after=2026-07-07 03:00:00+00:00
[2026-07-06T17:52:11.907+0000] {processor.py:183} INFO - Processing /opt/airflow/dags/dag_etl_camara_diario.py took 0.073 seconds
[2026-07-06T17:52:42.031+0000] {processor.py:161} INFO - Started process (PID=2634) to work on /opt/airflow/dags/dag_etl_camara_diario.py
[2026-07-06T17:52:42.032+0000] {processor.py:830} INFO - Processing file /opt/airflow/dags/dag_etl_camara_diario.py for tasks to queue
[2026-07-06T17:52:42.032+0000] {logging_mixin.py:188} INFO - [2026-07-06T17:52:42.032+0000] {dagbag.py:538} INFO - Filling up the DagBag from /opt/airflow/dags/dag_etl_camara_diario.py
[2026-07-06T17:52:42.042+0000] {processor.py:840} INFO - DAG(s) 'dag_etl_camara_diario' retrieved from /opt/airflow/dags/dag_etl_camara_diario.py
[2026-07-06T17:52:42.067+0000] {logging_mixin.py:188} INFO - [2026-07-06T17:52:42.066+0000] {dag.py:3036} INFO - Sync 1 DAGs
[2026-07-06T17:52:42.089+0000] {logging_mixin.py:188} INFO - [2026-07-06T17:52:42.089+0000] {dag.py:3823} INFO - Setting next_dagrun for dag_etl_camara_diario to 2026-07-06 03:00:00+00:00, run_after=2026-07-07 03:00:00+00:00
[2026-07-06T17:52:42.105+0000] {processor.py:183} INFO - Processing /opt/airflow/dags/dag_etl_camara_diario.py took 0.076 seconds
[2026-07-06T17:53:12.233+0000] {processor.py:161} INFO - Started process (PID=2649) to work on /opt/airflow/dags/dag_etl_camara_diario.py
[2026-07-06T17:53:12.234+0000] {processor.py:830} INFO - Processing file /opt/airflow/dags/dag_etl_camara_diario.py for tasks to queue
[2026-07-06T17:53:12.235+0000] {logging_mixin.py:188} INFO - [2026-07-06T17:53:12.235+0000] {dagbag.py:538} INFO - Filling up the DagBag from /opt/airflow/dags/dag_etl_camara_diario.py
[2026-07-06T17:53:12.244+0000] {processor.py:840} INFO - DAG(s) 'dag_etl_camara_diario' retrieved from /opt/airflow/dags/dag_etl_camara_diario.py
[2026-07-06T17:53:12.266+0000] {logging_mixin.py:188} INFO - [2026-07-06T17:53:12.266+0000] {dag.py:3036} INFO - Sync 1 DAGs
[2026-07-06T17:53:12.287+0000] {logging_mixin.py:188} INFO - [2026-07-06T17:53:12.287+0000] {dag.py:3823} INFO - Setting next_dagrun for dag_etl_camara_diario to 2026-07-06 03:00:00+00:00, run_after=2026-07-07 03:00:00+00:00
[2026-07-06T17:53:12.303+0000] {processor.py:183} INFO - Processing /opt/airflow/dags/dag_etl_camara_diario.py took 0.072 seconds
[2026-07-06T17:53:42.435+0000] {processor.py:161} INFO - Started process (PID=2664) to work on /opt/airflow/dags/dag_etl_camara_diario.py
[2026-07-06T17:53:42.435+0000] {processor.py:830} INFO - Processing file /opt/airflow/dags/dag_etl_camara_diario.py for tasks to queue
[2026-07-06T17:53:42.436+0000] {logging_mixin.py:188} INFO - [2026-07-06T17:53:42.436+0000] {dagbag.py:538} INFO - Filling up the DagBag from /opt/airflow/dags/dag_etl_camara_diario.py
[2026-07-06T17:53:42.446+0000] {processor.py:840} INFO - DAG(s) 'dag_etl_camara_diario' retrieved from /opt/airflow/dags/dag_etl_camara_diario.py
[2026-07-06T17:53:42.467+0000] {logging_mixin.py:188} INFO - [2026-07-06T17:53:42.467+0000] {dag.py:3036} INFO - Sync 1 DAGs
[2026-07-06T17:53:42.490+0000] {logging_mixin.py:188} INFO - [2026-07-06T17:53:42.490+0000] {dag.py:3823} INFO - Setting next_dagrun for dag_etl_camara_diario to 2026-07-06 03:00:00+00:00, run_after=2026-07-07 03:00:00+00:00
[2026-07-06T17:53:42.505+0000] {processor.py:183} INFO - Processing /opt/airflow/dags/dag_etl_camara_diario.py took 0.074 seconds
[2026-07-06T17:54:12.636+0000] {processor.py:161} INFO - Started process (PID=2679) to work on /opt/airflow/dags/dag_etl_camara_diario.py
[2026-07-06T17:54:12.637+0000] {processor.py:830} INFO - Processing file /opt/airflow/dags/dag_etl_camara_diario.py for tasks to queue
[2026-07-06T17:54:12.638+0000] {logging_mixin.py:188} INFO - [2026-07-06T17:54:12.637+0000] {dagbag.py:538} INFO - Filling up the DagBag from /opt/airflow/dags/dag_etl_camara_diario.py
[2026-07-06T17:54:12.647+0000] {processor.py:840} INFO - DAG(s) 'dag_etl_camara_diario' retrieved from /opt/airflow/dags/dag_etl_camara_diario.py
[2026-07-06T17:54:12.669+0000] {logging_mixin.py:188} INFO - [2026-07-06T17:54:12.669+0000] {dag.py:3036} INFO - Sync 1 DAGs
[2026-07-06T17:54:12.694+0000] {logging_mixin.py:188} INFO - [2026-07-06T17:54:12.693+0000] {dag.py:3823} INFO - Setting next_dagrun for dag_etl_camara_diario to 2026-07-06 03:00:00+00:00, run_after=2026-07-07 03:00:00+00:00
[2026-07-06T17:54:12.708+0000] {processor.py:183} INFO - Processing /opt/airflow/dags/dag_etl_camara_diario.py took 0.075 seconds
[2026-07-06T17:54:42.835+0000] {processor.py:161} INFO - Started process (PID=2694) to work on /opt/airflow/dags/dag_etl_camara_diario.py
[2026-07-06T17:54:42.836+0000] {processor.py:830} INFO - Processing file /opt/airflow/dags/dag_etl_camara_diario.py for tasks to queue
[2026-07-06T17:54:42.836+0000] {logging_mixin.py:188} INFO - [2026-07-06T17:54:42.836+0000] {dagbag.py:538} INFO - Filling up the DagBag from /opt/airflow/dags/dag_etl_camara_diario.py
[2026-07-06T17:54:42.846+0000] {processor.py:840} INFO - DAG(s) 'dag_etl_camara_diario' retrieved from /opt/airflow/dags/dag_etl_camara_diario.py
[2026-07-06T17:54:42.868+0000] {logging_mixin.py:188} INFO - [2026-07-06T17:54:42.867+0000] {dag.py:3036} INFO - Sync 1 DAGs
[2026-07-06T17:54:42.890+0000] {logging_mixin.py:188} INFO - [2026-07-06T17:54:42.889+0000] {dag.py:3823} INFO - Setting next_dagrun for dag_etl_camara_diario to 2026-07-06 03:00:00+00:00, run_after=2026-07-07 03:00:00+00:00
[2026-07-06T17:54:42.905+0000] {processor.py:183} INFO - Processing /opt/airflow/dags/dag_etl_camara_diario.py took 0.072 seconds
[2026-07-06T17:55:13.037+0000] {processor.py:161} INFO - Started process (PID=2709) to work on /opt/airflow/dags/dag_etl_camara_diario.py
[2026-07-06T17:55:13.038+0000] {processor.py:830} INFO - Processing file /opt/airflow/dags/dag_etl_camara_diario.py for tasks to queue
[2026-07-06T17:55:13.038+0000] {logging_mixin.py:188} INFO - [2026-07-06T17:55:13.038+0000] {dagbag.py:538} INFO - Filling up the DagBag from /opt/airflow/dags/dag_etl_camara_diario.py
[2026-07-06T17:55:13.048+0000] {processor.py:840} INFO - DAG(s) 'dag_etl_camara_diario' retrieved from /opt/airflow/dags/dag_etl_camara_diario.py
[2026-07-06T17:55:13.071+0000] {logging_mixin.py:188} INFO - [2026-07-06T17:55:13.070+0000] {dag.py:3036} INFO - Sync 1 DAGs
[2026-07-06T17:55:13.095+0000] {logging_mixin.py:188} INFO - [2026-07-06T17:55:13.094+0000] {dag.py:3823} INFO - Setting next_dagrun for dag_etl_camara_diario to 2026-07-06 03:00:00+00:00, run_after=2026-07-07 03:00:00+00:00
[2026-07-06T17:55:13.111+0000] {processor.py:183} INFO - Processing /opt/airflow/dags/dag_etl_camara_diario.py took 0.077 seconds
[2026-07-06T17:55:43.247+0000] {processor.py:161} INFO - Started process (PID=2724) to work on /opt/airflow/dags/dag_etl_camara_diario.py
[2026-07-06T17:55:43.248+0000] {processor.py:830} INFO - Processing file /opt/airflow/dags/dag_etl_camara_diario.py for tasks to queue
[2026-07-06T17:55:43.248+0000] {logging_mixin.py:188} INFO - [2026-07-06T17:55:43.248+0000] {dagbag.py:538} INFO - Filling up the DagBag from /opt/airflow/dags/dag_etl_camara_diario.py
[2026-07-06T17:55:43.258+0000] {processor.py:840} INFO - DAG(s) 'dag_etl_camara_diario' retrieved from /opt/airflow/dags/dag_etl_camara_diario.py
[2026-07-06T17:55:43.280+0000] {logging_mixin.py:188} INFO - [2026-07-06T17:55:43.280+0000] {dag.py:3036} INFO - Sync 1 DAGs
[2026-07-06T17:55:43.302+0000] {logging_mixin.py:188} INFO - [2026-07-06T17:55:43.302+0000] {dag.py:3823} INFO - Setting next_dagrun for dag_etl_camara_diario to 2026-07-06 03:00:00+00:00, run_after=2026-07-07 03:00:00+00:00
[2026-07-06T17:55:43.319+0000] {processor.py:183} INFO - Processing /opt/airflow/dags/dag_etl_camara_diario.py took 0.074 seconds
[2026-07-06T17:56:13.451+0000] {processor.py:161} INFO - Started process (PID=2739) to work on /opt/airflow/dags/dag_etl_camara_diario.py
[2026-07-06T17:56:13.452+0000] {processor.py:830} INFO - Processing file /opt/airflow/dags/dag_etl_camara_diario.py for tasks to queue
[2026-07-06T17:56:13.453+0000] {logging_mixin.py:188} INFO - [2026-07-06T17:56:13.452+0000] {dagbag.py:538} INFO - Filling up the DagBag from /opt/airflow/dags/dag_etl_camara_diario.py
[2026-07-06T17:56:13.462+0000] {processor.py:840} INFO - DAG(s) 'dag_etl_camara_diario' retrieved from /opt/airflow/dags/dag_etl_camara_diario.py
[2026-07-06T17:56:13.484+0000] {logging_mixin.py:188} INFO - [2026-07-06T17:56:13.484+0000] {dag.py:3036} INFO - Sync 1 DAGs
[2026-07-06T17:56:13.505+0000] {logging_mixin.py:188} INFO - [2026-07-06T17:56:13.504+0000] {dag.py:3823} INFO - Setting next_dagrun for dag_etl_camara_diario to 2026-07-06 03:00:00+00:00, run_after=2026-07-07 03:00:00+00:00
[2026-07-06T17:56:13.521+0000] {processor.py:183} INFO - Processing /opt/airflow/dags/dag_etl_camara_diario.py took 0.072 seconds
[2026-07-06T17:56:43.646+0000] {processor.py:161} INFO - Started process (PID=2754) to work on /opt/airflow/dags/dag_etl_camara_diario.py
[2026-07-06T17:56:43.646+0000] {processor.py:830} INFO - Processing file /opt/airflow/dags/dag_etl_camara_diario.py for tasks to queue
[2026-07-06T17:56:43.647+0000] {logging_mixin.py:188} INFO - [2026-07-06T17:56:43.647+0000] {dagbag.py:538} INFO - Filling up the DagBag from /opt/airflow/dags/dag_etl_camara_diario.py
[2026-07-06T17:56:43.656+0000] {processor.py:840} INFO - DAG(s) 'dag_etl_camara_diario' retrieved from /opt/airflow/dags/dag_etl_camara_diario.py
[2026-07-06T17:56:43.677+0000] {logging_mixin.py:188} INFO - [2026-07-06T17:56:43.677+0000] {dag.py:3036} INFO - Sync 1 DAGs
[2026-07-06T17:56:43.700+0000] {logging_mixin.py:188} INFO - [2026-07-06T17:56:43.700+0000] {dag.py:3823} INFO - Setting next_dagrun for dag_etl_camara_diario to 2026-07-06 03:00:00+00:00, run_after=2026-07-07 03:00:00+00:00
[2026-07-06T17:56:43.716+0000] {processor.py:183} INFO - Processing /opt/airflow/dags/dag_etl_camara_diario.py took 0.073 seconds
[2026-07-06T17:57:13.847+0000] {processor.py:161} INFO - Started process (PID=2769) to work on /opt/airflow/dags/dag_etl_camara_diario.py
[2026-07-06T17:57:13.848+0000] {processor.py:830} INFO - Processing file /opt/airflow/dags/dag_etl_camara_diario.py for tasks to queue
[2026-07-06T17:57:13.849+0000] {logging_mixin.py:188} INFO - [2026-07-06T17:57:13.848+0000] {dagbag.py:538} INFO - Filling up the DagBag from /opt/airflow/dags/dag_etl_camara_diario.py
[2026-07-06T17:57:13.858+0000] {processor.py:840} INFO - DAG(s) 'dag_etl_camara_diario' retrieved from /opt/airflow/dags/dag_etl_camara_diario.py
[2026-07-06T17:57:13.881+0000] {logging_mixin.py:188} INFO - [2026-07-06T17:57:13.880+0000] {dag.py:3036} INFO - Sync 1 DAGs
[2026-07-06T17:57:13.904+0000] {logging_mixin.py:188} INFO - [2026-07-06T17:57:13.904+0000] {dag.py:3823} INFO - Setting next_dagrun for dag_etl_camara_diario to 2026-07-06 03:00:00+00:00, run_after=2026-07-07 03:00:00+00:00
[2026-07-06T17:57:13.920+0000] {processor.py:183} INFO - Processing /opt/airflow/dags/dag_etl_camara_diario.py took 0.076 seconds
[2026-07-06T17:57:44.048+0000] {processor.py:161} INFO - Started process (PID=2784) to work on /opt/airflow/dags/dag_etl_camara_diario.py
[2026-07-06T17:57:44.049+0000] {processor.py:830} INFO - Processing file /opt/airflow/dags/dag_etl_camara_diario.py for tasks to queue
[2026-07-06T17:57:44.050+0000] {logging_mixin.py:188} INFO - [2026-07-06T17:57:44.050+0000] {dagbag.py:538} INFO - Filling up the DagBag from /opt/airflow/dags/dag_etl_camara_diario.py
[2026-07-06T17:57:44.060+0000] {processor.py:840} INFO - DAG(s) 'dag_etl_camara_diario' retrieved from /opt/airflow/dags/dag_etl_camara_diario.py
[2026-07-06T17:57:44.082+0000] {logging_mixin.py:188} INFO - [2026-07-06T17:57:44.082+0000] {dag.py:3036} INFO - Sync 1 DAGs
[2026-07-06T17:57:44.105+0000] {logging_mixin.py:188} INFO - [2026-07-06T17:57:44.104+0000] {dag.py:3823} INFO - Setting next_dagrun for dag_etl_camara_diario to 2026-07-06 03:00:00+00:00, run_after=2026-07-07 03:00:00+00:00
[2026-07-06T17:57:44.120+0000] {processor.py:183} INFO - Processing /opt/airflow/dags/dag_etl_camara_diario.py took 0.074 seconds
[2026-07-06T17:58:14.251+0000] {processor.py:161} INFO - Started process (PID=2799) to work on /opt/airflow/dags/dag_etl_camara_diario.py
[2026-07-06T17:58:14.252+0000] {processor.py:830} INFO - Processing file /opt/airflow/dags/dag_etl_camara_diario.py for tasks to queue
[2026-07-06T17:58:14.252+0000] {logging_mixin.py:188} INFO - [2026-07-06T17:58:14.252+0000] {dagbag.py:538} INFO - Filling up the DagBag from /opt/airflow/dags/dag_etl_camara_diario.py
[2026-07-06T17:58:14.262+0000] {processor.py:840} INFO - DAG(s) 'dag_etl_camara_diario' retrieved from /opt/airflow/dags/dag_etl_camara_diario.py
[2026-07-06T17:58:14.285+0000] {logging_mixin.py:188} INFO - [2026-07-06T17:58:14.285+0000] {dag.py:3036} INFO - Sync 1 DAGs
[2026-07-06T17:58:14.308+0000] {logging_mixin.py:188} INFO - [2026-07-06T17:58:14.308+0000] {dag.py:3823} INFO - Setting next_dagrun for dag_etl_camara_diario to 2026-07-06 03:00:00+00:00, run_after=2026-07-07 03:00:00+00:00
[2026-07-06T17:58:14.325+0000] {processor.py:183} INFO - Processing /opt/airflow/dags/dag_etl_camara_diario.py took 0.077 seconds
[2026-07-06T17:58:44.462+0000] {processor.py:161} INFO - Started process (PID=2814) to work on /opt/airflow/dags/dag_etl_camara_diario.py
[2026-07-06T17:58:44.462+0000] {processor.py:830} INFO - Processing file /opt/airflow/dags/dag_etl_camara_diario.py for tasks to queue
[2026-07-06T17:58:44.463+0000] {logging_mixin.py:188} INFO - [2026-07-06T17:58:44.463+0000] {dagbag.py:538} INFO - Filling up the DagBag from /opt/airflow/dags/dag_etl_camara_diario.py
[2026-07-06T17:58:44.473+0000] {processor.py:840} INFO - DAG(s) 'dag_etl_camara_diario' retrieved from /opt/airflow/dags/dag_etl_camara_diario.py
[2026-07-06T17:58:44.498+0000] {logging_mixin.py:188} INFO - [2026-07-06T17:58:44.498+0000] {dag.py:3036} INFO - Sync 1 DAGs
[2026-07-06T17:58:44.522+0000] {logging_mixin.py:188} INFO - [2026-07-06T17:58:44.522+0000] {dag.py:3823} INFO - Setting next_dagrun for dag_etl_camara_diario to 2026-07-06 03:00:00+00:00, run_after=2026-07-07 03:00:00+00:00
[2026-07-06T17:58:44.542+0000] {processor.py:183} INFO - Processing /opt/airflow/dags/dag_etl_camara_diario.py took 0.084 seconds
[2026-07-06T17:59:14.676+0000] {processor.py:161} INFO - Started process (PID=2829) to work on /opt/airflow/dags/dag_etl_camara_diario.py
[2026-07-06T17:59:14.677+0000] {processor.py:830} INFO - Processing file /opt/airflow/dags/dag_etl_camara_diario.py for tasks to queue
[2026-07-06T17:59:14.677+0000] {logging_mixin.py:188} INFO - [2026-07-06T17:59:14.677+0000] {dagbag.py:538} INFO - Filling up the DagBag from /opt/airflow/dags/dag_etl_camara_diario.py
[2026-07-06T17:59:14.687+0000] {processor.py:840} INFO - DAG(s) 'dag_etl_camara_diario' retrieved from /opt/airflow/dags/dag_etl_camara_diario.py
[2026-07-06T17:59:14.708+0000] {logging_mixin.py:188} INFO - [2026-07-06T17:59:14.708+0000] {dag.py:3036} INFO - Sync 1 DAGs
[2026-07-06T17:59:14.731+0000] {logging_mixin.py:188} INFO - [2026-07-06T17:59:14.731+0000] {dag.py:3823} INFO - Setting next_dagrun for dag_etl_camara_diario to 2026-07-06 03:00:00+00:00, run_after=2026-07-07 03:00:00+00:00
[2026-07-06T17:59:14.745+0000] {processor.py:183} INFO - Processing /opt/airflow/dags/dag_etl_camara_diario.py took 0.072 seconds
[2026-07-06T17:59:44.878+0000] {processor.py:161} INFO - Started process (PID=2844) to work on /opt/airflow/dags/dag_etl_camara_diario.py
[2026-07-06T17:59:44.879+0000] {processor.py:830} INFO - Processing file /opt/airflow/dags/dag_etl_camara_diario.py for tasks to queue
[2026-07-06T17:59:44.880+0000] {logging_mixin.py:188} INFO - [2026-07-06T17:59:44.880+0000] {dagbag.py:538} INFO - Filling up the DagBag from /opt/airflow/dags/dag_etl_camara_diario.py
[2026-07-06T17:59:44.890+0000] {processor.py:840} INFO - DAG(s) 'dag_etl_camara_diario' retrieved from /opt/airflow/dags/dag_etl_camara_diario.py
[2026-07-06T17:59:44.912+0000] {logging_mixin.py:188} INFO - [2026-07-06T17:59:44.911+0000] {dag.py:3036} INFO - Sync 1 DAGs
[2026-07-06T17:59:44.936+0000] {logging_mixin.py:188} INFO - [2026-07-06T17:59:44.936+0000] {dag.py:3823} INFO - Setting next_dagrun for dag_etl_camara_diario to 2026-07-06 03:00:00+00:00, run_after=2026-07-07 03:00:00+00:00
[2026-07-06T17:59:44.950+0000] {processor.py:183} INFO - Processing /opt/airflow/dags/dag_etl_camara_diario.py took 0.074 seconds
[2026-07-06T18:00:15.082+0000] {processor.py:161} INFO - Started process (PID=2859) to work on /opt/airflow/dags/dag_etl_camara_diario.py
[2026-07-06T18:00:15.083+0000] {processor.py:830} INFO - Processing file /opt/airflow/dags/dag_etl_camara_diario.py for tasks to queue
[2026-07-06T18:00:15.084+0000] {logging_mixin.py:188} INFO - [2026-07-06T18:00:15.083+0000] {dagbag.py:538} INFO - Filling up the DagBag from /opt/airflow/dags/dag_etl_camara_diario.py
[2026-07-06T18:00:15.093+0000] {processor.py:840} INFO - DAG(s) 'dag_etl_camara_diario' retrieved from /opt/airflow/dags/dag_etl_camara_diario.py
[2026-07-06T18:00:15.115+0000] {logging_mixin.py:188} INFO - [2026-07-06T18:00:15.115+0000] {dag.py:3036} INFO - Sync 1 DAGs
[2026-07-06T18:00:15.136+0000] {logging_mixin.py:188} INFO - [2026-07-06T18:00:15.136+0000] {dag.py:3823} INFO - Setting next_dagrun for dag_etl_camara_diario to 2026-07-06 03:00:00+00:00, run_after=2026-07-07 03:00:00+00:00
[2026-07-06T18:00:15.152+0000] {processor.py:183} INFO - Processing /opt/airflow/dags/dag_etl_camara_diario.py took 0.073 seconds
[2026-07-06T18:00:45.299+0000] {processor.py:161} INFO - Started process (PID=2874) to work on /opt/airflow/dags/dag_etl_camara_diario.py
[2026-07-06T18:00:45.300+0000] {processor.py:830} INFO - Processing file /opt/airflow/dags/dag_etl_camara_diario.py for tasks to queue
[2026-07-06T18:00:45.301+0000] {logging_mixin.py:188} INFO - [2026-07-06T18:00:45.300+0000] {dagbag.py:538} INFO - Filling up the DagBag from /opt/airflow/dags/dag_etl_camara_diario.py
[2026-07-06T18:00:45.310+0000] {processor.py:840} INFO - DAG(s) 'dag_etl_camara_diario' retrieved from /opt/airflow/dags/dag_etl_camara_diario.py
[2026-07-06T18:00:45.333+0000] {logging_mixin.py:188} INFO - [2026-07-06T18:00:45.332+0000] {dag.py:3036} INFO - Sync 1 DAGs
[2026-07-06T18:00:45.355+0000] {logging_mixin.py:188} INFO - [2026-07-06T18:00:45.355+0000] {dag.py:3823} INFO - Setting next_dagrun for dag_etl_camara_diario to 2026-07-06 03:00:00+00:00, run_after=2026-07-07 03:00:00+00:00
[2026-07-06T18:00:45.371+0000] {processor.py:183} INFO - Processing /opt/airflow/dags/dag_etl_camara_diario.py took 0.075 seconds
[2026-07-06T18:01:15.505+0000] {processor.py:161} INFO - Started process (PID=2889) to work on /opt/airflow/dags/dag_etl_camara_diario.py
[2026-07-06T18:01:15.506+0000] {processor.py:830} INFO - Processing file /opt/airflow/dags/dag_etl_camara_diario.py for tasks to queue
[2026-07-06T18:01:15.507+0000] {logging_mixin.py:188} INFO - [2026-07-06T18:01:15.506+0000] {dagbag.py:538} INFO - Filling up the DagBag from /opt/airflow/dags/dag_etl_camara_diario.py
[2026-07-06T18:01:15.516+0000] {processor.py:840} INFO - DAG(s) 'dag_etl_camara_diario' retrieved from /opt/airflow/dags/dag_etl_camara_diario.py
[2026-07-06T18:01:15.538+0000] {logging_mixin.py:188} INFO - [2026-07-06T18:01:15.538+0000] {dag.py:3036} INFO - Sync 1 DAGs
[2026-07-06T18:01:15.560+0000] {logging_mixin.py:188} INFO - [2026-07-06T18:01:15.559+0000] {dag.py:3823} INFO - Setting next_dagrun for dag_etl_camara_diario to 2026-07-06 03:00:00+00:00, run_after=2026-07-07 03:00:00+00:00
[2026-07-06T18:01:15.574+0000] {processor.py:183} INFO - Processing /opt/airflow/dags/dag_etl_camara_diario.py took 0.072 seconds
[2026-07-06T18:01:45.707+0000] {processor.py:161} INFO - Started process (PID=2904) to work on /opt/airflow/dags/dag_etl_camara_diario.py
[2026-07-06T18:01:45.708+0000] {processor.py:830} INFO - Processing file /opt/airflow/dags/dag_etl_camara_diario.py for tasks to queue
[2026-07-06T18:01:45.708+0000] {logging_mixin.py:188} INFO - [2026-07-06T18:01:45.708+0000] {dagbag.py:538} INFO - Filling up the DagBag from /opt/airflow/dags/dag_etl_camara_diario.py
[2026-07-06T18:01:45.717+0000] {processor.py:840} INFO - DAG(s) 'dag_etl_camara_diario' retrieved from /opt/airflow/dags/dag_etl_camara_diario.py
[2026-07-06T18:01:45.740+0000] {logging_mixin.py:188} INFO - [2026-07-06T18:01:45.740+0000] {dag.py:3036} INFO - Sync 1 DAGs
[2026-07-06T18:01:45.762+0000] {logging_mixin.py:188} INFO - [2026-07-06T18:01:45.762+0000] {dag.py:3823} INFO - Setting next_dagrun for dag_etl_camara_diario to 2026-07-06 03:00:00+00:00, run_after=2026-07-07 03:00:00+00:00
[2026-07-06T18:01:45.779+0000] {processor.py:183} INFO - Processing /opt/airflow/dags/dag_etl_camara_diario.py took 0.076 seconds
[2026-07-06T18:02:15.909+0000] {processor.py:161} INFO - Started process (PID=2919) to work on /opt/airflow/dags/dag_etl_camara_diario.py
[2026-07-06T18:02:15.910+0000] {processor.py:830} INFO - Processing file /opt/airflow/dags/dag_etl_camara_diario.py for tasks to queue
[2026-07-06T18:02:15.910+0000] {logging_mixin.py:188} INFO - [2026-07-06T18:02:15.910+0000] {dagbag.py:538} INFO - Filling up the DagBag from /opt/airflow/dags/dag_etl_camara_diario.py
[2026-07-06T18:02:15.920+0000] {processor.py:840} INFO - DAG(s) 'dag_etl_camara_diario' retrieved from /opt/airflow/dags/dag_etl_camara_diario.py
[2026-07-06T18:02:15.942+0000] {logging_mixin.py:188} INFO - [2026-07-06T18:02:15.941+0000] {dag.py:3036} INFO - Sync 1 DAGs
[2026-07-06T18:02:15.966+0000] {logging_mixin.py:188} INFO - [2026-07-06T18:02:15.966+0000] {dag.py:3823} INFO - Setting next_dagrun for dag_etl_camara_diario to 2026-07-06 03:00:00+00:00, run_after=2026-07-07 03:00:00+00:00
[2026-07-06T18:02:15.983+0000] {processor.py:183} INFO - Processing /opt/airflow/dags/dag_etl_camara_diario.py took 0.077 seconds
[2026-07-06T18:02:46.112+0000] {processor.py:161} INFO - Started process (PID=2934) to work on /opt/airflow/dags/dag_etl_camara_diario.py
[2026-07-06T18:02:46.113+0000] {processor.py:830} INFO - Processing file /opt/airflow/dags/dag_etl_camara_diario.py for tasks to queue
[2026-07-06T18:02:46.113+0000] {logging_mixin.py:188} INFO - [2026-07-06T18:02:46.113+0000] {dagbag.py:538} INFO - Filling up the DagBag from /opt/airflow/dags/dag_etl_camara_diario.py
[2026-07-06T18:02:46.123+0000] {processor.py:840} INFO - DAG(s) 'dag_etl_camara_diario' retrieved from /opt/airflow/dags/dag_etl_camara_diario.py
[2026-07-06T18:02:46.146+0000] {logging_mixin.py:188} INFO - [2026-07-06T18:02:46.145+0000] {dag.py:3036} INFO - Sync 1 DAGs
[2026-07-06T18:02:46.170+0000] {logging_mixin.py:188} INFO - [2026-07-06T18:02:46.170+0000] {dag.py:3823} INFO - Setting next_dagrun for dag_etl_camara_diario to 2026-07-06 03:00:00+00:00, run_after=2026-07-07 03:00:00+00:00
[2026-07-06T18:02:46.185+0000] {processor.py:183} INFO - Processing /opt/airflow/dags/dag_etl_camara_diario.py took 0.076 seconds
[2026-07-06T18:03:16.311+0000] {processor.py:161} INFO - Started process (PID=2949) to work on /opt/airflow/dags/dag_etl_camara_diario.py
[2026-07-06T18:03:16.313+0000] {processor.py:830} INFO - Processing file /opt/airflow/dags/dag_etl_camara_diario.py for tasks to queue
[2026-07-06T18:03:16.314+0000] {logging_mixin.py:188} INFO - [2026-07-06T18:03:16.313+0000] {dagbag.py:538} INFO - Filling up the DagBag from /opt/airflow/dags/dag_etl_camara_diario.py
[2026-07-06T18:03:16.327+0000] {processor.py:840} INFO - DAG(s) 'dag_etl_camara_diario' retrieved from /opt/airflow/dags/dag_etl_camara_diario.py
[2026-07-06T18:03:16.349+0000] {logging_mixin.py:188} INFO - [2026-07-06T18:03:16.349+0000] {dag.py:3036} INFO - Sync 1 DAGs
[2026-07-06T18:03:16.372+0000] {logging_mixin.py:188} INFO - [2026-07-06T18:03:16.372+0000] {dag.py:3823} INFO - Setting next_dagrun for dag_etl_camara_diario to 2026-07-06 03:00:00+00:00, run_after=2026-07-07 03:00:00+00:00
[2026-07-06T18:03:16.390+0000] {processor.py:183} INFO - Processing /opt/airflow/dags/dag_etl_camara_diario.py took 0.082 seconds
[2026-07-06T18:03:46.523+0000] {processor.py:161} INFO - Started process (PID=2964) to work on /opt/airflow/dags/dag_etl_camara_diario.py
[2026-07-06T18:03:46.524+0000] {processor.py:830} INFO - Processing file /opt/airflow/dags/dag_etl_camara_diario.py for tasks to queue
[2026-07-06T18:03:46.524+0000] {logging_mixin.py:188} INFO - [2026-07-06T18:03:46.524+0000] {dagbag.py:538} INFO - Filling up the DagBag from /opt/airflow/dags/dag_etl_camara_diario.py
[2026-07-06T18:03:46.534+0000] {processor.py:840} INFO - DAG(s) 'dag_etl_camara_diario' retrieved from /opt/airflow/dags/dag_etl_camara_diario.py
[2026-07-06T18:03:46.556+0000] {logging_mixin.py:188} INFO - [2026-07-06T18:03:46.556+0000] {dag.py:3036} INFO - Sync 1 DAGs
[2026-07-06T18:03:46.578+0000] {logging_mixin.py:188} INFO - [2026-07-06T18:03:46.577+0000] {dag.py:3823} INFO - Setting next_dagrun for dag_etl_camara_diario to 2026-07-06 03:00:00+00:00, run_after=2026-07-07 03:00:00+00:00
[2026-07-06T18:03:46.609+0000] {processor.py:183} INFO - Processing /opt/airflow/dags/dag_etl_camara_diario.py took 0.088 seconds
[2026-07-06T18:04:16.742+0000] {processor.py:161} INFO - Started process (PID=2979) to work on /opt/airflow/dags/dag_etl_camara_diario.py
[2026-07-06T18:04:16.743+0000] {processor.py:830} INFO - Processing file /opt/airflow/dags/dag_etl_camara_diario.py for tasks to queue
[2026-07-06T18:04:16.743+0000] {logging_mixin.py:188} INFO - [2026-07-06T18:04:16.743+0000] {dagbag.py:538} INFO - Filling up the DagBag from /opt/airflow/dags/dag_etl_camara_diario.py
[2026-07-06T18:04:16.753+0000] {processor.py:840} INFO - DAG(s) 'dag_etl_camara_diario' retrieved from /opt/airflow/dags/dag_etl_camara_diario.py
[2026-07-06T18:04:16.775+0000] {logging_mixin.py:188} INFO - [2026-07-06T18:04:16.775+0000] {dag.py:3036} INFO - Sync 1 DAGs
[2026-07-06T18:04:16.798+0000] {logging_mixin.py:188} INFO - [2026-07-06T18:04:16.798+0000] {dag.py:3823} INFO - Setting next_dagrun for dag_etl_camara_diario to 2026-07-06 03:00:00+00:00, run_after=2026-07-07 03:00:00+00:00
[2026-07-06T18:04:16.830+0000] {processor.py:183} INFO - Processing /opt/airflow/dags/dag_etl_camara_diario.py took 0.091 seconds
[2026-07-06T18:04:46.959+0000] {processor.py:161} INFO - Started process (PID=2994) to work on /opt/airflow/dags/dag_etl_camara_diario.py
[2026-07-06T18:04:46.959+0000] {processor.py:830} INFO - Processing file /opt/airflow/dags/dag_etl_camara_diario.py for tasks to queue
[2026-07-06T18:04:46.960+0000] {logging_mixin.py:188} INFO - [2026-07-06T18:04:46.960+0000] {dagbag.py:538} INFO - Filling up the DagBag from /opt/airflow/dags/dag_etl_camara_diario.py
[2026-07-06T18:04:46.969+0000] {processor.py:840} INFO - DAG(s) 'dag_etl_camara_diario' retrieved from /opt/airflow/dags/dag_etl_camara_diario.py
[2026-07-06T18:04:46.991+0000] {logging_mixin.py:188} INFO - [2026-07-06T18:04:46.991+0000] {dag.py:3036} INFO - Sync 1 DAGs
[2026-07-06T18:04:47.014+0000] {logging_mixin.py:188} INFO - [2026-07-06T18:04:47.013+0000] {dag.py:3823} INFO - Setting next_dagrun for dag_etl_camara_diario to 2026-07-06 03:00:00+00:00, run_after=2026-07-07 03:00:00+00:00
[2026-07-06T18:04:47.046+0000] {processor.py:183} INFO - Processing /opt/airflow/dags/dag_etl_camara_diario.py took 0.090 seconds
[2026-07-06T18:05:17.178+0000] {processor.py:161} INFO - Started process (PID=3009) to work on /opt/airflow/dags/dag_etl_camara_diario.py
[2026-07-06T18:05:17.179+0000] {processor.py:830} INFO - Processing file /opt/airflow/dags/dag_etl_camara_diario.py for tasks to queue
[2026-07-06T18:05:17.179+0000] {logging_mixin.py:188} INFO - [2026-07-06T18:05:17.179+0000] {dagbag.py:538} INFO - Filling up the DagBag from /opt/airflow/dags/dag_etl_camara_diario.py
[2026-07-06T18:05:17.190+0000] {processor.py:840} INFO - DAG(s) 'dag_etl_camara_diario' retrieved from /opt/airflow/dags/dag_etl_camara_diario.py
[2026-07-06T18:05:17.212+0000] {logging_mixin.py:188} INFO - [2026-07-06T18:05:17.211+0000] {dag.py:3036} INFO - Sync 1 DAGs
[2026-07-06T18:05:17.233+0000] {logging_mixin.py:188} INFO - [2026-07-06T18:05:17.233+0000] {dag.py:3823} INFO - Setting next_dagrun for dag_etl_camara_diario to 2026-07-06 03:00:00+00:00, run_after=2026-07-07 03:00:00+00:00
[2026-07-06T18:05:17.264+0000] {processor.py:183} INFO - Processing /opt/airflow/dags/dag_etl_camara_diario.py took 0.090 seconds
[2026-07-06T18:05:47.402+0000] {processor.py:161} INFO - Started process (PID=3024) to work on /opt/airflow/dags/dag_etl_camara_diario.py
[2026-07-06T18:05:47.403+0000] {processor.py:830} INFO - Processing file /opt/airflow/dags/dag_etl_camara_diario.py for tasks to queue
[2026-07-06T18:05:47.404+0000] {logging_mixin.py:188} INFO - [2026-07-06T18:05:47.403+0000] {dagbag.py:538} INFO - Filling up the DagBag from /opt/airflow/dags/dag_etl_camara_diario.py
[2026-07-06T18:05:47.413+0000] {processor.py:840} INFO - DAG(s) 'dag_etl_camara_diario' retrieved from /opt/airflow/dags/dag_etl_camara_diario.py
[2026-07-06T18:05:47.436+0000] {logging_mixin.py:188} INFO - [2026-07-06T18:05:47.436+0000] {dag.py:3036} INFO - Sync 1 DAGs
[2026-07-06T18:05:47.458+0000] {logging_mixin.py:188} INFO - [2026-07-06T18:05:47.458+0000] {dag.py:3823} INFO - Setting next_dagrun for dag_etl_camara_diario to 2026-07-06 03:00:00+00:00, run_after=2026-07-07 03:00:00+00:00
[2026-07-06T18:05:47.491+0000] {processor.py:183} INFO - Processing /opt/airflow/dags/dag_etl_camara_diario.py took 0.091 seconds
[2026-07-06T18:06:17.623+0000] {processor.py:161} INFO - Started process (PID=3039) to work on /opt/airflow/dags/dag_etl_camara_diario.py
[2026-07-06T18:06:17.624+0000] {processor.py:830} INFO - Processing file /opt/airflow/dags/dag_etl_camara_diario.py for tasks to queue
[2026-07-06T18:06:17.624+0000] {logging_mixin.py:188} INFO - [2026-07-06T18:06:17.624+0000] {dagbag.py:538} INFO - Filling up the DagBag from /opt/airflow/dags/dag_etl_camara_diario.py
[2026-07-06T18:06:17.634+0000] {processor.py:840} INFO - DAG(s) 'dag_etl_camara_diario' retrieved from /opt/airflow/dags/dag_etl_camara_diario.py
[2026-07-06T18:06:17.656+0000] {logging_mixin.py:188} INFO - [2026-07-06T18:06:17.656+0000] {dag.py:3036} INFO - Sync 1 DAGs
[2026-07-06T18:06:17.679+0000] {logging_mixin.py:188} INFO - [2026-07-06T18:06:17.679+0000] {dag.py:3823} INFO - Setting next_dagrun for dag_etl_camara_diario to 2026-07-06 03:00:00+00:00, run_after=2026-07-07 03:00:00+00:00
[2026-07-06T18:06:17.712+0000] {processor.py:183} INFO - Processing /opt/airflow/dags/dag_etl_camara_diario.py took 0.093 seconds
[2026-07-06T18:06:47.843+0000] {processor.py:161} INFO - Started process (PID=3054) to work on /opt/airflow/dags/dag_etl_camara_diario.py
[2026-07-06T18:06:47.844+0000] {processor.py:830} INFO - Processing file /opt/airflow/dags/dag_etl_camara_diario.py for tasks to queue
[2026-07-06T18:06:47.844+0000] {logging_mixin.py:188} INFO - [2026-07-06T18:06:47.844+0000] {dagbag.py:538} INFO - Filling up the DagBag from /opt/airflow/dags/dag_etl_camara_diario.py
[2026-07-06T18:06:47.855+0000] {processor.py:840} INFO - DAG(s) 'dag_etl_camara_diario' retrieved from /opt/airflow/dags/dag_etl_camara_diario.py
[2026-07-06T18:06:47.877+0000] {logging_mixin.py:188} INFO - [2026-07-06T18:06:47.877+0000] {dag.py:3036} INFO - Sync 1 DAGs
[2026-07-06T18:06:47.900+0000] {logging_mixin.py:188} INFO - [2026-07-06T18:06:47.900+0000] {dag.py:3823} INFO - Setting next_dagrun for dag_etl_camara_diario to 2026-07-06 03:00:00+00:00, run_after=2026-07-07 03:00:00+00:00
[2026-07-06T18:06:47.929+0000] {processor.py:183} INFO - Processing /opt/airflow/dags/dag_etl_camara_diario.py took 0.089 seconds
[2026-07-06T18:07:18.062+0000] {processor.py:161} INFO - Started process (PID=3069) to work on /opt/airflow/dags/dag_etl_camara_diario.py
[2026-07-06T18:07:18.063+0000] {processor.py:830} INFO - Processing file /opt/airflow/dags/dag_etl_camara_diario.py for tasks to queue
[2026-07-06T18:07:18.063+0000] {logging_mixin.py:188} INFO - [2026-07-06T18:07:18.063+0000] {dagbag.py:538} INFO - Filling up the DagBag from /opt/airflow/dags/dag_etl_camara_diario.py
[2026-07-06T18:07:18.073+0000] {processor.py:840} INFO - DAG(s) 'dag_etl_camara_diario' retrieved from /opt/airflow/dags/dag_etl_camara_diario.py
[2026-07-06T18:07:18.096+0000] {logging_mixin.py:188} INFO - [2026-07-06T18:07:18.095+0000] {dag.py:3036} INFO - Sync 1 DAGs
[2026-07-06T18:07:18.118+0000] {logging_mixin.py:188} INFO - [2026-07-06T18:07:18.117+0000] {dag.py:3823} INFO - Setting next_dagrun for dag_etl_camara_diario to 2026-07-06 03:00:00+00:00, run_after=2026-07-07 03:00:00+00:00
[2026-07-06T18:07:18.152+0000] {processor.py:183} INFO - Processing /opt/airflow/dags/dag_etl_camara_diario.py took 0.093 seconds
[2026-07-06T18:07:48.282+0000] {processor.py:161} INFO - Started process (PID=3084) to work on /opt/airflow/dags/dag_etl_camara_diario.py
[2026-07-06T18:07:48.283+0000] {processor.py:830} INFO - Processing file /opt/airflow/dags/dag_etl_camara_diario.py for tasks to queue
[2026-07-06T18:07:48.283+0000] {logging_mixin.py:188} INFO - [2026-07-06T18:07:48.283+0000] {dagbag.py:538} INFO - Filling up the DagBag from /opt/airflow/dags/dag_etl_camara_diario.py
[2026-07-06T18:07:48.293+0000] {processor.py:840} INFO - DAG(s) 'dag_etl_camara_diario' retrieved from /opt/airflow/dags/dag_etl_camara_diario.py
[2026-07-06T18:07:48.314+0000] {logging_mixin.py:188} INFO - [2026-07-06T18:07:48.314+0000] {dag.py:3036} INFO - Sync 1 DAGs
[2026-07-06T18:07:48.337+0000] {logging_mixin.py:188} INFO - [2026-07-06T18:07:48.336+0000] {dag.py:3823} INFO - Setting next_dagrun for dag_etl_camara_diario to 2026-07-06 03:00:00+00:00, run_after=2026-07-07 03:00:00+00:00
[2026-07-06T18:07:48.352+0000] {processor.py:183} INFO - Processing /opt/airflow/dags/dag_etl_camara_diario.py took 0.072 seconds
[2026-07-06T18:08:18.483+0000] {processor.py:161} INFO - Started process (PID=3099) to work on /opt/airflow/dags/dag_etl_camara_diario.py
[2026-07-06T18:08:18.484+0000] {processor.py:830} INFO - Processing file /opt/airflow/dags/dag_etl_camara_diario.py for tasks to queue
[2026-07-06T18:08:18.485+0000] {logging_mixin.py:188} INFO - [2026-07-06T18:08:18.484+0000] {dagbag.py:538} INFO - Filling up the DagBag from /opt/airflow/dags/dag_etl_camara_diario.py
[2026-07-06T18:08:18.494+0000] {processor.py:840} INFO - DAG(s) 'dag_etl_camara_diario' retrieved from /opt/airflow/dags/dag_etl_camara_diario.py
[2026-07-06T18:08:18.515+0000] {logging_mixin.py:188} INFO - [2026-07-06T18:08:18.515+0000] {dag.py:3036} INFO - Sync 1 DAGs
[2026-07-06T18:08:18.537+0000] {logging_mixin.py:188} INFO - [2026-07-06T18:08:18.536+0000] {dag.py:3823} INFO - Setting next_dagrun for dag_etl_camara_diario to 2026-07-06 03:00:00+00:00, run_after=2026-07-07 03:00:00+00:00
[2026-07-06T18:08:18.568+0000] {processor.py:183} INFO - Processing /opt/airflow/dags/dag_etl_camara_diario.py took 0.088 seconds
[2026-07-06T18:08:48.698+0000] {processor.py:161} INFO - Started process (PID=3114) to work on /opt/airflow/dags/dag_etl_camara_diario.py
[2026-07-06T18:08:48.699+0000] {processor.py:830} INFO - Processing file /opt/airflow/dags/dag_etl_camara_diario.py for tasks to queue
[2026-07-06T18:08:48.700+0000] {logging_mixin.py:188} INFO - [2026-07-06T18:08:48.699+0000] {dagbag.py:538} INFO - Filling up the DagBag from /opt/airflow/dags/dag_etl_camara_diario.py
[2026-07-06T18:08:48.709+0000] {processor.py:840} INFO - DAG(s) 'dag_etl_camara_diario' retrieved from /opt/airflow/dags/dag_etl_camara_diario.py
[2026-07-06T18:08:48.731+0000] {logging_mixin.py:188} INFO - [2026-07-06T18:08:48.731+0000] {dag.py:3036} INFO - Sync 1 DAGs
[2026-07-06T18:08:48.753+0000] {logging_mixin.py:188} INFO - [2026-07-06T18:08:48.753+0000] {dag.py:3823} INFO - Setting next_dagrun for dag_etl_camara_diario to 2026-07-06 03:00:00+00:00, run_after=2026-07-07 03:00:00+00:00
[2026-07-06T18:08:48.790+0000] {processor.py:183} INFO - Processing /opt/airflow/dags/dag_etl_camara_diario.py took 0.094 seconds
[2026-07-06T18:09:18.918+0000] {processor.py:161} INFO - Started process (PID=3129) to work on /opt/airflow/dags/dag_etl_camara_diario.py
[2026-07-06T18:09:18.919+0000] {processor.py:830} INFO - Processing file /opt/airflow/dags/dag_etl_camara_diario.py for tasks to queue
[2026-07-06T18:09:18.919+0000] {logging_mixin.py:188} INFO - [2026-07-06T18:09:18.919+0000] {dagbag.py:538} INFO - Filling up the DagBag from /opt/airflow/dags/dag_etl_camara_diario.py
[2026-07-06T18:09:18.930+0000] {processor.py:840} INFO - DAG(s) 'dag_etl_camara_diario' retrieved from /opt/airflow/dags/dag_etl_camara_diario.py
[2026-07-06T18:09:18.952+0000] {logging_mixin.py:188} INFO - [2026-07-06T18:09:18.952+0000] {dag.py:3036} INFO - Sync 1 DAGs
[2026-07-06T18:09:18.974+0000] {logging_mixin.py:188} INFO - [2026-07-06T18:09:18.973+0000] {dag.py:3823} INFO - Setting next_dagrun for dag_etl_camara_diario to 2026-07-06 03:00:00+00:00, run_after=2026-07-07 03:00:00+00:00
[2026-07-06T18:09:19.005+0000] {processor.py:183} INFO - Processing /opt/airflow/dags/dag_etl_camara_diario.py took 0.090 seconds
[2026-07-06T18:09:49.136+0000] {processor.py:161} INFO - Started process (PID=3144) to work on /opt/airflow/dags/dag_etl_camara_diario.py
[2026-07-06T18:09:49.137+0000] {processor.py:830} INFO - Processing file /opt/airflow/dags/dag_etl_camara_diario.py for tasks to queue
[2026-07-06T18:09:49.137+0000] {logging_mixin.py:188} INFO - [2026-07-06T18:09:49.137+0000] {dagbag.py:538} INFO - Filling up the DagBag from /opt/airflow/dags/dag_etl_camara_diario.py
[2026-07-06T18:09:49.147+0000] {processor.py:840} INFO - DAG(s) 'dag_etl_camara_diario' retrieved from /opt/airflow/dags/dag_etl_camara_diario.py
[2026-07-06T18:09:49.169+0000] {logging_mixin.py:188} INFO - [2026-07-06T18:09:49.169+0000] {dag.py:3036} INFO - Sync 1 DAGs
[2026-07-06T18:09:49.191+0000] {logging_mixin.py:188} INFO - [2026-07-06T18:09:49.191+0000] {dag.py:3823} INFO - Setting next_dagrun for dag_etl_camara_diario to 2026-07-06 03:00:00+00:00, run_after=2026-07-07 03:00:00+00:00
[2026-07-06T18:09:49.227+0000] {processor.py:183} INFO - Processing /opt/airflow/dags/dag_etl_camara_diario.py took 0.094 seconds
[2026-07-06T18:10:19.355+0000] {processor.py:161} INFO - Started process (PID=3159) to work on /opt/airflow/dags/dag_etl_camara_diario.py
[2026-07-06T18:10:19.356+0000] {processor.py:830} INFO - Processing file /opt/airflow/dags/dag_etl_camara_diario.py for tasks to queue
[2026-07-06T18:10:19.357+0000] {logging_mixin.py:188} INFO - [2026-07-06T18:10:19.356+0000] {dagbag.py:538} INFO - Filling up the DagBag from /opt/airflow/dags/dag_etl_camara_diario.py
[2026-07-06T18:10:19.366+0000] {processor.py:840} INFO - DAG(s) 'dag_etl_camara_diario' retrieved from /opt/airflow/dags/dag_etl_camara_diario.py
[2026-07-06T18:10:19.390+0000] {logging_mixin.py:188} INFO - [2026-07-06T18:10:19.390+0000] {dag.py:3036} INFO - Sync 1 DAGs
[2026-07-06T18:10:19.413+0000] {logging_mixin.py:188} INFO - [2026-07-06T18:10:19.413+0000] {dag.py:3823} INFO - Setting next_dagrun for dag_etl_camara_diario to 2026-07-06 03:00:00+00:00, run_after=2026-07-07 03:00:00+00:00
[2026-07-06T18:10:19.443+0000] {processor.py:183} INFO - Processing /opt/airflow/dags/dag_etl_camara_diario.py took 0.091 seconds
[2026-07-06T18:10:49.581+0000] {processor.py:161} INFO - Started process (PID=3174) to work on /opt/airflow/dags/dag_etl_camara_diario.py
[2026-07-06T18:10:49.582+0000] {processor.py:830} INFO - Processing file /opt/airflow/dags/dag_etl_camara_diario.py for tasks to queue
[2026-07-06T18:10:49.583+0000] {logging_mixin.py:188} INFO - [2026-07-06T18:10:49.582+0000] {dagbag.py:538} INFO - Filling up the DagBag from /opt/airflow/dags/dag_etl_camara_diario.py
[2026-07-06T18:10:49.593+0000] {processor.py:840} INFO - DAG(s) 'dag_etl_camara_diario' retrieved from /opt/airflow/dags/dag_etl_camara_diario.py
[2026-07-06T18:10:49.615+0000] {logging_mixin.py:188} INFO - [2026-07-06T18:10:49.615+0000] {dag.py:3036} INFO - Sync 1 DAGs
[2026-07-06T18:10:49.638+0000] {logging_mixin.py:188} INFO - [2026-07-06T18:10:49.637+0000] {dag.py:3823} INFO - Setting next_dagrun for dag_etl_camara_diario to 2026-07-06 03:00:00+00:00, run_after=2026-07-07 03:00:00+00:00
[2026-07-06T18:10:49.670+0000] {processor.py:183} INFO - Processing /opt/airflow/dags/dag_etl_camara_diario.py took 0.092 seconds
[2026-07-06T18:11:19.804+0000] {processor.py:161} INFO - Started process (PID=3189) to work on /opt/airflow/dags/dag_etl_camara_diario.py
[2026-07-06T18:11:19.805+0000] {processor.py:830} INFO - Processing file /opt/airflow/dags/dag_etl_camara_diario.py for tasks to queue
[2026-07-06T18:11:19.807+0000] {logging_mixin.py:188} INFO - [2026-07-06T18:11:19.806+0000] {dagbag.py:538} INFO - Filling up the DagBag from /opt/airflow/dags/dag_etl_camara_diario.py
[2026-07-06T18:11:19.816+0000] {processor.py:840} INFO - DAG(s) 'dag_etl_camara_diario' retrieved from /opt/airflow/dags/dag_etl_camara_diario.py
[2026-07-06T18:11:19.837+0000] {logging_mixin.py:188} INFO - [2026-07-06T18:11:19.837+0000] {dag.py:3036} INFO - Sync 1 DAGs
[2026-07-06T18:11:19.859+0000] {logging_mixin.py:188} INFO - [2026-07-06T18:11:19.859+0000] {dag.py:3823} INFO - Setting next_dagrun for dag_etl_camara_diario to 2026-07-06 03:00:00+00:00, run_after=2026-07-07 03:00:00+00:00
[2026-07-06T18:11:19.896+0000] {processor.py:183} INFO - Processing /opt/airflow/dags/dag_etl_camara_diario.py took 0.095 seconds
[2026-07-06T18:11:50.027+0000] {processor.py:161} INFO - Started process (PID=3204) to work on /opt/airflow/dags/dag_etl_camara_diario.py
[2026-07-06T18:11:50.028+0000] {processor.py:830} INFO - Processing file /opt/airflow/dags/dag_etl_camara_diario.py for tasks to queue
[2026-07-06T18:11:50.029+0000] {logging_mixin.py:188} INFO - [2026-07-06T18:11:50.029+0000] {dagbag.py:538} INFO - Filling up the DagBag from /opt/airflow/dags/dag_etl_camara_diario.py
[2026-07-06T18:11:50.038+0000] {processor.py:840} INFO - DAG(s) 'dag_etl_camara_diario' retrieved from /opt/airflow/dags/dag_etl_camara_diario.py
[2026-07-06T18:11:50.060+0000] {logging_mixin.py:188} INFO - [2026-07-06T18:11:50.060+0000] {dag.py:3036} INFO - Sync 1 DAGs
[2026-07-06T18:11:50.082+0000] {logging_mixin.py:188} INFO - [2026-07-06T18:11:50.082+0000] {dag.py:3823} INFO - Setting next_dagrun for dag_etl_camara_diario to 2026-07-06 03:00:00+00:00, run_after=2026-07-07 03:00:00+00:00
[2026-07-06T18:11:50.119+0000] {processor.py:183} INFO - Processing /opt/airflow/dags/dag_etl_camara_diario.py took 0.094 seconds
[2026-07-06T18:12:20.252+0000] {processor.py:161} INFO - Started process (PID=3219) to work on /opt/airflow/dags/dag_etl_camara_diario.py
[2026-07-06T18:12:20.253+0000] {processor.py:830} INFO - Processing file /opt/airflow/dags/dag_etl_camara_diario.py for tasks to queue
[2026-07-06T18:12:20.254+0000] {logging_mixin.py:188} INFO - [2026-07-06T18:12:20.253+0000] {dagbag.py:538} INFO - Filling up the DagBag from /opt/airflow/dags/dag_etl_camara_diario.py
[2026-07-06T18:12:20.264+0000] {processor.py:840} INFO - DAG(s) 'dag_etl_camara_diario' retrieved from /opt/airflow/dags/dag_etl_camara_diario.py
[2026-07-06T18:12:20.287+0000] {logging_mixin.py:188} INFO - [2026-07-06T18:12:20.286+0000] {dag.py:3036} INFO - Sync 1 DAGs
[2026-07-06T18:12:20.308+0000] {logging_mixin.py:188} INFO - [2026-07-06T18:12:20.308+0000] {dag.py:3823} INFO - Setting next_dagrun for dag_etl_camara_diario to 2026-07-06 03:00:00+00:00, run_after=2026-07-07 03:00:00+00:00
[2026-07-06T18:12:20.344+0000] {processor.py:183} INFO - Processing /opt/airflow/dags/dag_etl_camara_diario.py took 0.095 seconds
[2026-07-06T18:12:50.474+0000] {processor.py:161} INFO - Started process (PID=3234) to work on /opt/airflow/dags/dag_etl_camara_diario.py
[2026-07-06T18:12:50.474+0000] {processor.py:830} INFO - Processing file /opt/airflow/dags/dag_etl_camara_diario.py for tasks to queue
[2026-07-06T18:12:50.475+0000] {logging_mixin.py:188} INFO - [2026-07-06T18:12:50.475+0000] {dagbag.py:538} INFO - Filling up the DagBag from /opt/airflow/dags/dag_etl_camara_diario.py
[2026-07-06T18:12:50.485+0000] {processor.py:840} INFO - DAG(s) 'dag_etl_camara_diario' retrieved from /opt/airflow/dags/dag_etl_camara_diario.py
[2026-07-06T18:12:50.508+0000] {logging_mixin.py:188} INFO - [2026-07-06T18:12:50.507+0000] {dag.py:3036} INFO - Sync 1 DAGs
[2026-07-06T18:12:50.529+0000] {logging_mixin.py:188} INFO - [2026-07-06T18:12:50.529+0000] {dag.py:3823} INFO - Setting next_dagrun for dag_etl_camara_diario to 2026-07-06 03:00:00+00:00, run_after=2026-07-07 03:00:00+00:00
[2026-07-06T18:12:50.562+0000] {processor.py:183} INFO - Processing /opt/airflow/dags/dag_etl_camara_diario.py took 0.091 seconds
[2026-07-06T18:13:20.691+0000] {processor.py:161} INFO - Started process (PID=3249) to work on /opt/airflow/dags/dag_etl_camara_diario.py
[2026-07-06T18:13:20.692+0000] {processor.py:830} INFO - Processing file /opt/airflow/dags/dag_etl_camara_diario.py for tasks to queue
[2026-07-06T18:13:20.693+0000] {logging_mixin.py:188} INFO - [2026-07-06T18:13:20.693+0000] {dagbag.py:538} INFO - Filling up the DagBag from /opt/airflow/dags/dag_etl_camara_diario.py
[2026-07-06T18:13:20.703+0000] {processor.py:840} INFO - DAG(s) 'dag_etl_camara_diario' retrieved from /opt/airflow/dags/dag_etl_camara_diario.py
[2026-07-06T18:13:20.725+0000] {logging_mixin.py:188} INFO - [2026-07-06T18:13:20.725+0000] {dag.py:3036} INFO - Sync 1 DAGs
[2026-07-06T18:13:20.749+0000] {logging_mixin.py:188} INFO - [2026-07-06T18:13:20.749+0000] {dag.py:3823} INFO - Setting next_dagrun for dag_etl_camara_diario to 2026-07-06 03:00:00+00:00, run_after=2026-07-07 03:00:00+00:00
[2026-07-06T18:13:20.783+0000] {processor.py:183} INFO - Processing /opt/airflow/dags/dag_etl_camara_diario.py took 0.094 seconds
[2026-07-06T18:13:50.914+0000] {processor.py:161} INFO - Started process (PID=3264) to work on /opt/airflow/dags/dag_etl_camara_diario.py
[2026-07-06T18:13:50.915+0000] {processor.py:830} INFO - Processing file /opt/airflow/dags/dag_etl_camara_diario.py for tasks to queue
[2026-07-06T18:13:50.915+0000] {logging_mixin.py:188} INFO - [2026-07-06T18:13:50.915+0000] {dagbag.py:538} INFO - Filling up the DagBag from /opt/airflow/dags/dag_etl_camara_diario.py
[2026-07-06T18:13:50.926+0000] {processor.py:840} INFO - DAG(s) 'dag_etl_camara_diario' retrieved from /opt/airflow/dags/dag_etl_camara_diario.py
[2026-07-06T18:13:50.948+0000] {logging_mixin.py:188} INFO - [2026-07-06T18:13:50.948+0000] {dag.py:3036} INFO - Sync 1 DAGs
[2026-07-06T18:13:50.975+0000] {logging_mixin.py:188} INFO - [2026-07-06T18:13:50.975+0000] {dag.py:3823} INFO - Setting next_dagrun for dag_etl_camara_diario to 2026-07-06 03:00:00+00:00, run_after=2026-07-07 03:00:00+00:00
[2026-07-06T18:13:51.010+0000] {processor.py:183} INFO - Processing /opt/airflow/dags/dag_etl_camara_diario.py took 0.098 seconds
[2026-07-06T18:14:21.144+0000] {processor.py:161} INFO - Started process (PID=3279) to work on /opt/airflow/dags/dag_etl_camara_diario.py
[2026-07-06T18:14:21.145+0000] {processor.py:830} INFO - Processing file /opt/airflow/dags/dag_etl_camara_diario.py for tasks to queue
[2026-07-06T18:14:21.146+0000] {logging_mixin.py:188} INFO - [2026-07-06T18:14:21.145+0000] {dagbag.py:538} INFO - Filling up the DagBag from /opt/airflow/dags/dag_etl_camara_diario.py
[2026-07-06T18:14:21.156+0000] {processor.py:840} INFO - DAG(s) 'dag_etl_camara_diario' retrieved from /opt/airflow/dags/dag_etl_camara_diario.py
[2026-07-06T18:14:21.177+0000] {logging_mixin.py:188} INFO - [2026-07-06T18:14:21.177+0000] {dag.py:3036} INFO - Sync 1 DAGs
[2026-07-06T18:14:21.199+0000] {logging_mixin.py:188} INFO - [2026-07-06T18:14:21.199+0000] {dag.py:3823} INFO - Setting next_dagrun for dag_etl_camara_diario to 2026-07-06 03:00:00+00:00, run_after=2026-07-07 03:00:00+00:00
[2026-07-06T18:14:21.234+0000] {processor.py:183} INFO - Processing /opt/airflow/dags/dag_etl_camara_diario.py took 0.093 seconds
[2026-07-06T18:14:51.366+0000] {processor.py:161} INFO - Started process (PID=3294) to work on /opt/airflow/dags/dag_etl_camara_diario.py
[2026-07-06T18:14:51.367+0000] {processor.py:830} INFO - Processing file /opt/airflow/dags/dag_etl_camara_diario.py for tasks to queue
[2026-07-06T18:14:51.367+0000] {logging_mixin.py:188} INFO - [2026-07-06T18:14:51.367+0000] {dagbag.py:538} INFO - Filling up the DagBag from /opt/airflow/dags/dag_etl_camara_diario.py
[2026-07-06T18:14:51.377+0000] {processor.py:840} INFO - DAG(s) 'dag_etl_camara_diario' retrieved from /opt/airflow/dags/dag_etl_camara_diario.py
[2026-07-06T18:14:51.399+0000] {logging_mixin.py:188} INFO - [2026-07-06T18:14:51.399+0000] {dag.py:3036} INFO - Sync 1 DAGs
[2026-07-06T18:14:51.421+0000] {logging_mixin.py:188} INFO - [2026-07-06T18:14:51.421+0000] {dag.py:3823} INFO - Setting next_dagrun for dag_etl_camara_diario to 2026-07-06 03:00:00+00:00, run_after=2026-07-07 03:00:00+00:00
[2026-07-06T18:14:51.456+0000] {processor.py:183} INFO - Processing /opt/airflow/dags/dag_etl_camara_diario.py took 0.093 seconds
[2026-07-06T18:15:21.587+0000] {processor.py:161} INFO - Started process (PID=3309) to work on /opt/airflow/dags/dag_etl_camara_diario.py
[2026-07-06T18:15:21.588+0000] {processor.py:830} INFO - Processing file /opt/airflow/dags/dag_etl_camara_diario.py for tasks to queue
[2026-07-06T18:15:21.588+0000] {logging_mixin.py:188} INFO - [2026-07-06T18:15:21.588+0000] {dagbag.py:538} INFO - Filling up the DagBag from /opt/airflow/dags/dag_etl_camara_diario.py
[2026-07-06T18:15:21.598+0000] {processor.py:840} INFO - DAG(s) 'dag_etl_camara_diario' retrieved from /opt/airflow/dags/dag_etl_camara_diario.py
[2026-07-06T18:15:21.620+0000] {logging_mixin.py:188} INFO - [2026-07-06T18:15:21.620+0000] {dag.py:3036} INFO - Sync 1 DAGs
[2026-07-06T18:15:21.642+0000] {logging_mixin.py:188} INFO - [2026-07-06T18:15:21.641+0000] {dag.py:3823} INFO - Setting next_dagrun for dag_etl_camara_diario to 2026-07-06 03:00:00+00:00, run_after=2026-07-07 03:00:00+00:00
[2026-07-06T18:15:21.679+0000] {processor.py:183} INFO - Processing /opt/airflow/dags/dag_etl_camara_diario.py took 0.095 seconds
[2026-07-06T18:15:51.819+0000] {processor.py:161} INFO - Started process (PID=3324) to work on /opt/airflow/dags/dag_etl_camara_diario.py
[2026-07-06T18:15:51.820+0000] {processor.py:830} INFO - Processing file /opt/airflow/dags/dag_etl_camara_diario.py for tasks to queue
[2026-07-06T18:15:51.821+0000] {logging_mixin.py:188} INFO - [2026-07-06T18:15:51.820+0000] {dagbag.py:538} INFO - Filling up the DagBag from /opt/airflow/dags/dag_etl_camara_diario.py
[2026-07-06T18:15:51.830+0000] {processor.py:840} INFO - DAG(s) 'dag_etl_camara_diario' retrieved from /opt/airflow/dags/dag_etl_camara_diario.py
[2026-07-06T18:15:51.852+0000] {logging_mixin.py:188} INFO - [2026-07-06T18:15:51.852+0000] {dag.py:3036} INFO - Sync 1 DAGs
[2026-07-06T18:15:51.875+0000] {logging_mixin.py:188} INFO - [2026-07-06T18:15:51.874+0000] {dag.py:3823} INFO - Setting next_dagrun for dag_etl_camara_diario to 2026-07-06 03:00:00+00:00, run_after=2026-07-07 03:00:00+00:00
[2026-07-06T18:15:51.910+0000] {processor.py:183} INFO - Processing /opt/airflow/dags/dag_etl_camara_diario.py took 0.093 seconds
[2026-07-06T18:16:22.041+0000] {processor.py:161} INFO - Started process (PID=3339) to work on /opt/airflow/dags/dag_etl_camara_diario.py
[2026-07-06T18:16:22.042+0000] {processor.py:830} INFO - Processing file /opt/airflow/dags/dag_etl_camara_diario.py for tasks to queue
[2026-07-06T18:16:22.043+0000] {logging_mixin.py:188} INFO - [2026-07-06T18:16:22.042+0000] {dagbag.py:538} INFO - Filling up the DagBag from /opt/airflow/dags/dag_etl_camara_diario.py
[2026-07-06T18:16:22.052+0000] {processor.py:840} INFO - DAG(s) 'dag_etl_camara_diario' retrieved from /opt/airflow/dags/dag_etl_camara_diario.py
[2026-07-06T18:16:22.074+0000] {logging_mixin.py:188} INFO - [2026-07-06T18:16:22.074+0000] {dag.py:3036} INFO - Sync 1 DAGs
[2026-07-06T18:16:22.096+0000] {logging_mixin.py:188} INFO - [2026-07-06T18:16:22.096+0000] {dag.py:3823} INFO - Setting next_dagrun for dag_etl_camara_diario to 2026-07-06 03:00:00+00:00, run_after=2026-07-07 03:00:00+00:00
[2026-07-06T18:16:22.132+0000] {processor.py:183} INFO - Processing /opt/airflow/dags/dag_etl_camara_diario.py took 0.093 seconds
[2026-07-06T18:16:52.259+0000] {processor.py:161} INFO - Started process (PID=3354) to work on /opt/airflow/dags/dag_etl_camara_diario.py
[2026-07-06T18:16:52.260+0000] {processor.py:830} INFO - Processing file /opt/airflow/dags/dag_etl_camara_diario.py for tasks to queue
[2026-07-06T18:16:52.261+0000] {logging_mixin.py:188} INFO - [2026-07-06T18:16:52.261+0000] {dagbag.py:538} INFO - Filling up the DagBag from /opt/airflow/dags/dag_etl_camara_diario.py
[2026-07-06T18:16:52.271+0000] {processor.py:840} INFO - DAG(s) 'dag_etl_camara_diario' retrieved from /opt/airflow/dags/dag_etl_camara_diario.py
[2026-07-06T18:16:52.292+0000] {logging_mixin.py:188} INFO - [2026-07-06T18:16:52.292+0000] {dag.py:3036} INFO - Sync 1 DAGs
[2026-07-06T18:16:52.315+0000] {logging_mixin.py:188} INFO - [2026-07-06T18:16:52.314+0000] {dag.py:3823} INFO - Setting next_dagrun for dag_etl_camara_diario to 2026-07-06 03:00:00+00:00, run_after=2026-07-07 03:00:00+00:00
[2026-07-06T18:16:52.350+0000] {processor.py:183} INFO - Processing /opt/airflow/dags/dag_etl_camara_diario.py took 0.094 seconds
[2026-07-06T18:17:22.484+0000] {processor.py:161} INFO - Started process (PID=3369) to work on /opt/airflow/dags/dag_etl_camara_diario.py
[2026-07-06T18:17:22.484+0000] {processor.py:830} INFO - Processing file /opt/airflow/dags/dag_etl_camara_diario.py for tasks to queue
[2026-07-06T18:17:22.485+0000] {logging_mixin.py:188} INFO - [2026-07-06T18:17:22.485+0000] {dagbag.py:538} INFO - Filling up the DagBag from /opt/airflow/dags/dag_etl_camara_diario.py
[2026-07-06T18:17:22.495+0000] {processor.py:840} INFO - DAG(s) 'dag_etl_camara_diario' retrieved from /opt/airflow/dags/dag_etl_camara_diario.py
[2026-07-06T18:17:22.517+0000] {logging_mixin.py:188} INFO - [2026-07-06T18:17:22.517+0000] {dag.py:3036} INFO - Sync 1 DAGs
[2026-07-06T18:17:22.541+0000] {logging_mixin.py:188} INFO - [2026-07-06T18:17:22.541+0000] {dag.py:3823} INFO - Setting next_dagrun for dag_etl_camara_diario to 2026-07-06 03:00:00+00:00, run_after=2026-07-07 03:00:00+00:00
[2026-07-06T18:17:22.578+0000] {processor.py:183} INFO - Processing /opt/airflow/dags/dag_etl_camara_diario.py took 0.097 seconds
[2026-07-06T18:17:52.709+0000] {processor.py:161} INFO - Started process (PID=3384) to work on /opt/airflow/dags/dag_etl_camara_diario.py
[2026-07-06T18:17:52.710+0000] {processor.py:830} INFO - Processing file /opt/airflow/dags/dag_etl_camara_diario.py for tasks to queue
[2026-07-06T18:17:52.710+0000] {logging_mixin.py:188} INFO - [2026-07-06T18:17:52.710+0000] {dagbag.py:538} INFO - Filling up the DagBag from /opt/airflow/dags/dag_etl_camara_diario.py
[2026-07-06T18:17:52.720+0000] {processor.py:840} INFO - DAG(s) 'dag_etl_camara_diario' retrieved from /opt/airflow/dags/dag_etl_camara_diario.py
[2026-07-06T18:17:52.743+0000] {logging_mixin.py:188} INFO - [2026-07-06T18:17:52.743+0000] {dag.py:3036} INFO - Sync 1 DAGs
[2026-07-06T18:17:52.765+0000] {logging_mixin.py:188} INFO - [2026-07-06T18:17:52.765+0000] {dag.py:3823} INFO - Setting next_dagrun for dag_etl_camara_diario to 2026-07-06 03:00:00+00:00, run_after=2026-07-07 03:00:00+00:00
[2026-07-06T18:17:52.801+0000] {processor.py:183} INFO - Processing /opt/airflow/dags/dag_etl_camara_diario.py took 0.094 seconds
[2026-07-06T18:18:22.936+0000] {processor.py:161} INFO - Started process (PID=3399) to work on /opt/airflow/dags/dag_etl_camara_diario.py
[2026-07-06T18:18:22.936+0000] {processor.py:830} INFO - Processing file /opt/airflow/dags/dag_etl_camara_diario.py for tasks to queue
[2026-07-06T18:18:22.937+0000] {logging_mixin.py:188} INFO - [2026-07-06T18:18:22.936+0000] {dagbag.py:538} INFO - Filling up the DagBag from /opt/airflow/dags/dag_etl_camara_diario.py
[2026-07-06T18:18:22.945+0000] {processor.py:840} INFO - DAG(s) 'dag_etl_camara_diario' retrieved from /opt/airflow/dags/dag_etl_camara_diario.py
[2026-07-06T18:18:22.966+0000] {logging_mixin.py:188} INFO - [2026-07-06T18:18:22.966+0000] {dag.py:3036} INFO - Sync 1 DAGs
[2026-07-06T18:18:22.989+0000] {logging_mixin.py:188} INFO - [2026-07-06T18:18:22.988+0000] {dag.py:3823} INFO - Setting next_dagrun for dag_etl_camara_diario to 2026-07-06 03:00:00+00:00, run_after=2026-07-07 03:00:00+00:00
[2026-07-06T18:18:23.028+0000] {processor.py:183} INFO - Processing /opt/airflow/dags/dag_etl_camara_diario.py took 0.095 seconds
[2026-07-06T18:18:53.159+0000] {processor.py:161} INFO - Started process (PID=3414) to work on /opt/airflow/dags/dag_etl_camara_diario.py
[2026-07-06T18:18:53.160+0000] {processor.py:830} INFO - Processing file /opt/airflow/dags/dag_etl_camara_diario.py for tasks to queue
[2026-07-06T18:18:53.161+0000] {logging_mixin.py:188} INFO - [2026-07-06T18:18:53.160+0000] {dagbag.py:538} INFO - Filling up the DagBag from /opt/airflow/dags/dag_etl_camara_diario.py
[2026-07-06T18:18:53.170+0000] {processor.py:840} INFO - DAG(s) 'dag_etl_camara_diario' retrieved from /opt/airflow/dags/dag_etl_camara_diario.py
[2026-07-06T18:18:53.192+0000] {logging_mixin.py:188} INFO - [2026-07-06T18:18:53.192+0000] {dag.py:3036} INFO - Sync 1 DAGs
[2026-07-06T18:18:53.217+0000] {logging_mixin.py:188} INFO - [2026-07-06T18:18:53.217+0000] {dag.py:3823} INFO - Setting next_dagrun for dag_etl_camara_diario to 2026-07-06 03:00:00+00:00, run_after=2026-07-07 03:00:00+00:00
[2026-07-06T18:18:53.242+0000] {processor.py:183} INFO - Processing /opt/airflow/dags/dag_etl_camara_diario.py took 0.085 seconds
[2026-07-06T18:19:23.371+0000] {processor.py:161} INFO - Started process (PID=3429) to work on /opt/airflow/dags/dag_etl_camara_diario.py
[2026-07-06T18:19:23.372+0000] {processor.py:830} INFO - Processing file /opt/airflow/dags/dag_etl_camara_diario.py for tasks to queue
[2026-07-06T18:19:23.372+0000] {logging_mixin.py:188} INFO - [2026-07-06T18:19:23.372+0000] {dagbag.py:538} INFO - Filling up the DagBag from /opt/airflow/dags/dag_etl_camara_diario.py
[2026-07-06T18:19:23.382+0000] {processor.py:840} INFO - DAG(s) 'dag_etl_camara_diario' retrieved from /opt/airflow/dags/dag_etl_camara_diario.py
[2026-07-06T18:19:23.403+0000] {logging_mixin.py:188} INFO - [2026-07-06T18:19:23.403+0000] {dag.py:3036} INFO - Sync 1 DAGs
[2026-07-06T18:19:23.426+0000] {logging_mixin.py:188} INFO - [2026-07-06T18:19:23.426+0000] {dag.py:3823} INFO - Setting next_dagrun for dag_etl_camara_diario to 2026-07-06 03:00:00+00:00, run_after=2026-07-07 03:00:00+00:00
[2026-07-06T18:19:23.462+0000] {processor.py:183} INFO - Processing /opt/airflow/dags/dag_etl_camara_diario.py took 0.093 seconds
[2026-07-06T18:19:53.590+0000] {processor.py:161} INFO - Started process (PID=3444) to work on /opt/airflow/dags/dag_etl_camara_diario.py
[2026-07-06T18:19:53.591+0000] {processor.py:830} INFO - Processing file /opt/airflow/dags/dag_etl_camara_diario.py for tasks to queue
[2026-07-06T18:19:53.592+0000] {logging_mixin.py:188} INFO - [2026-07-06T18:19:53.591+0000] {dagbag.py:538} INFO - Filling up the DagBag from /opt/airflow/dags/dag_etl_camara_diario.py
[2026-07-06T18:19:53.600+0000] {processor.py:840} INFO - DAG(s) 'dag_etl_camara_diario' retrieved from /opt/airflow/dags/dag_etl_camara_diario.py
[2026-07-06T18:19:53.622+0000] {logging_mixin.py:188} INFO - [2026-07-06T18:19:53.622+0000] {dag.py:3036} INFO - Sync 1 DAGs
[2026-07-06T18:19:53.644+0000] {logging_mixin.py:188} INFO - [2026-07-06T18:19:53.644+0000] {dag.py:3823} INFO - Setting next_dagrun for dag_etl_camara_diario to 2026-07-06 03:00:00+00:00, run_after=2026-07-07 03:00:00+00:00
[2026-07-06T18:19:53.681+0000] {processor.py:183} INFO - Processing /opt/airflow/dags/dag_etl_camara_diario.py took 0.094 seconds
[2026-07-06T18:20:23.812+0000] {processor.py:161} INFO - Started process (PID=3459) to work on /opt/airflow/dags/dag_etl_camara_diario.py
[2026-07-06T18:20:23.813+0000] {processor.py:830} INFO - Processing file /opt/airflow/dags/dag_etl_camara_diario.py for tasks to queue
[2026-07-06T18:20:23.813+0000] {logging_mixin.py:188} INFO - [2026-07-06T18:20:23.813+0000] {dagbag.py:538} INFO - Filling up the DagBag from /opt/airflow/dags/dag_etl_camara_diario.py
[2026-07-06T18:20:23.822+0000] {processor.py:840} INFO - DAG(s) 'dag_etl_camara_diario' retrieved from /opt/airflow/dags/dag_etl_camara_diario.py
[2026-07-06T18:20:23.844+0000] {logging_mixin.py:188} INFO - [2026-07-06T18:20:23.844+0000] {dag.py:3036} INFO - Sync 1 DAGs
[2026-07-06T18:20:23.866+0000] {logging_mixin.py:188} INFO - [2026-07-06T18:20:23.866+0000] {dag.py:3823} INFO - Setting next_dagrun for dag_etl_camara_diario to 2026-07-06 03:00:00+00:00, run_after=2026-07-07 03:00:00+00:00
[2026-07-06T18:20:23.903+0000] {processor.py:183} INFO - Processing /opt/airflow/dags/dag_etl_camara_diario.py took 0.094 seconds
[2026-07-06T18:20:54.039+0000] {processor.py:161} INFO - Started process (PID=3474) to work on /opt/airflow/dags/dag_etl_camara_diario.py
[2026-07-06T18:20:54.040+0000] {processor.py:830} INFO - Processing file /opt/airflow/dags/dag_etl_camara_diario.py for tasks to queue
[2026-07-06T18:20:54.041+0000] {logging_mixin.py:188} INFO - [2026-07-06T18:20:54.041+0000] {dagbag.py:538} INFO - Filling up the DagBag from /opt/airflow/dags/dag_etl_camara_diario.py
[2026-07-06T18:20:54.051+0000] {processor.py:840} INFO - DAG(s) 'dag_etl_camara_diario' retrieved from /opt/airflow/dags/dag_etl_camara_diario.py
[2026-07-06T18:20:54.073+0000] {logging_mixin.py:188} INFO - [2026-07-06T18:20:54.073+0000] {dag.py:3036} INFO - Sync 1 DAGs
[2026-07-06T18:20:54.097+0000] {logging_mixin.py:188} INFO - [2026-07-06T18:20:54.097+0000] {dag.py:3823} INFO - Setting next_dagrun for dag_etl_camara_diario to 2026-07-06 03:00:00+00:00, run_after=2026-07-07 03:00:00+00:00
[2026-07-06T18:20:54.131+0000] {processor.py:183} INFO - Processing /opt/airflow/dags/dag_etl_camara_diario.py took 0.095 seconds
[2026-07-06T18:21:24.263+0000] {processor.py:161} INFO - Started process (PID=3489) to work on /opt/airflow/dags/dag_etl_camara_diario.py
[2026-07-06T18:21:24.264+0000] {processor.py:830} INFO - Processing file /opt/airflow/dags/dag_etl_camara_diario.py for tasks to queue
[2026-07-06T18:21:24.266+0000] {logging_mixin.py:188} INFO - [2026-07-06T18:21:24.265+0000] {dagbag.py:538} INFO - Filling up the DagBag from /opt/airflow/dags/dag_etl_camara_diario.py
[2026-07-06T18:21:24.275+0000] {processor.py:840} INFO - DAG(s) 'dag_etl_camara_diario' retrieved from /opt/airflow/dags/dag_etl_camara_diario.py
[2026-07-06T18:21:24.296+0000] {logging_mixin.py:188} INFO - [2026-07-06T18:21:24.296+0000] {dag.py:3036} INFO - Sync 1 DAGs
[2026-07-06T18:21:24.317+0000] {logging_mixin.py:188} INFO - [2026-07-06T18:21:24.317+0000] {dag.py:3823} INFO - Setting next_dagrun for dag_etl_camara_diario to 2026-07-06 03:00:00+00:00, run_after=2026-07-07 03:00:00+00:00
[2026-07-06T18:21:24.353+0000] {processor.py:183} INFO - Processing /opt/airflow/dags/dag_etl_camara_diario.py took 0.092 seconds
[2026-07-06T18:21:54.481+0000] {processor.py:161} INFO - Started process (PID=3504) to work on /opt/airflow/dags/dag_etl_camara_diario.py
[2026-07-06T18:21:54.482+0000] {processor.py:830} INFO - Processing file /opt/airflow/dags/dag_etl_camara_diario.py for tasks to queue
[2026-07-06T18:21:54.483+0000] {logging_mixin.py:188} INFO - [2026-07-06T18:21:54.482+0000] {dagbag.py:538} INFO - Filling up the DagBag from /opt/airflow/dags/dag_etl_camara_diario.py
[2026-07-06T18:21:54.492+0000] {processor.py:840} INFO - DAG(s) 'dag_etl_camara_diario' retrieved from /opt/airflow/dags/dag_etl_camara_diario.py
[2026-07-06T18:21:54.513+0000] {logging_mixin.py:188} INFO - [2026-07-06T18:21:54.513+0000] {dag.py:3036} INFO - Sync 1 DAGs
[2026-07-06T18:21:54.538+0000] {logging_mixin.py:188} INFO - [2026-07-06T18:21:54.538+0000] {dag.py:3823} INFO - Setting next_dagrun for dag_etl_camara_diario to 2026-07-06 03:00:00+00:00, run_after=2026-07-07 03:00:00+00:00
[2026-07-06T18:21:54.574+0000] {processor.py:183} INFO - Processing /opt/airflow/dags/dag_etl_camara_diario.py took 0.096 seconds
[2026-07-06T18:22:24.707+0000] {processor.py:161} INFO - Started process (PID=3519) to work on /opt/airflow/dags/dag_etl_camara_diario.py
[2026-07-06T18:22:24.708+0000] {processor.py:830} INFO - Processing file /opt/airflow/dags/dag_etl_camara_diario.py for tasks to queue
[2026-07-06T18:22:24.709+0000] {logging_mixin.py:188} INFO - [2026-07-06T18:22:24.708+0000] {dagbag.py:538} INFO - Filling up the DagBag from /opt/airflow/dags/dag_etl_camara_diario.py
[2026-07-06T18:22:24.718+0000] {processor.py:840} INFO - DAG(s) 'dag_etl_camara_diario' retrieved from /opt/airflow/dags/dag_etl_camara_diario.py
[2026-07-06T18:22:24.740+0000] {logging_mixin.py:188} INFO - [2026-07-06T18:22:24.740+0000] {dag.py:3036} INFO - Sync 1 DAGs
[2026-07-06T18:22:24.765+0000] {logging_mixin.py:188} INFO - [2026-07-06T18:22:24.765+0000] {dag.py:3823} INFO - Setting next_dagrun for dag_etl_camara_diario to 2026-07-06 03:00:00+00:00, run_after=2026-07-07 03:00:00+00:00
[2026-07-06T18:22:24.799+0000] {processor.py:183} INFO - Processing /opt/airflow/dags/dag_etl_camara_diario.py took 0.095 seconds
[2026-07-06T18:22:54.932+0000] {processor.py:161} INFO - Started process (PID=3534) to work on /opt/airflow/dags/dag_etl_camara_diario.py
[2026-07-06T18:22:54.933+0000] {processor.py:830} INFO - Processing file /opt/airflow/dags/dag_etl_camara_diario.py for tasks to queue
[2026-07-06T18:22:54.933+0000] {logging_mixin.py:188} INFO - [2026-07-06T18:22:54.933+0000] {dagbag.py:538} INFO - Filling up the DagBag from /opt/airflow/dags/dag_etl_camara_diario.py
[2026-07-06T18:22:54.943+0000] {processor.py:840} INFO - DAG(s) 'dag_etl_camara_diario' retrieved from /opt/airflow/dags/dag_etl_camara_diario.py
[2026-07-06T18:22:54.965+0000] {logging_mixin.py:188} INFO - [2026-07-06T18:22:54.965+0000] {dag.py:3036} INFO - Sync 1 DAGs
[2026-07-06T18:22:54.988+0000] {logging_mixin.py:188} INFO - [2026-07-06T18:22:54.987+0000] {dag.py:3823} INFO - Setting next_dagrun for dag_etl_camara_diario to 2026-07-06 03:00:00+00:00, run_after=2026-07-07 03:00:00+00:00
[2026-07-06T18:22:55.002+0000] {processor.py:183} INFO - Processing /opt/airflow/dags/dag_etl_camara_diario.py took 0.073 seconds
[2026-07-06T18:23:25.134+0000] {processor.py:161} INFO - Started process (PID=3549) to work on /opt/airflow/dags/dag_etl_camara_diario.py
[2026-07-06T18:23:25.134+0000] {processor.py:830} INFO - Processing file /opt/airflow/dags/dag_etl_camara_diario.py for tasks to queue
[2026-07-06T18:23:25.135+0000] {logging_mixin.py:188} INFO - [2026-07-06T18:23:25.135+0000] {dagbag.py:538} INFO - Filling up the DagBag from /opt/airflow/dags/dag_etl_camara_diario.py
[2026-07-06T18:23:25.145+0000] {processor.py:840} INFO - DAG(s) 'dag_etl_camara_diario' retrieved from /opt/airflow/dags/dag_etl_camara_diario.py
[2026-07-06T18:23:25.166+0000] {logging_mixin.py:188} INFO - [2026-07-06T18:23:25.166+0000] {dag.py:3036} INFO - Sync 1 DAGs
[2026-07-06T18:23:25.188+0000] {logging_mixin.py:188} INFO - [2026-07-06T18:23:25.187+0000] {dag.py:3823} INFO - Setting next_dagrun for dag_etl_camara_diario to 2026-07-06 03:00:00+00:00, run_after=2026-07-07 03:00:00+00:00
[2026-07-06T18:23:25.224+0000] {processor.py:183} INFO - Processing /opt/airflow/dags/dag_etl_camara_diario.py took 0.094 seconds
[2026-07-06T18:23:55.354+0000] {processor.py:161} INFO - Started process (PID=3564) to work on /opt/airflow/dags/dag_etl_camara_diario.py
[2026-07-06T18:23:55.355+0000] {processor.py:830} INFO - Processing file /opt/airflow/dags/dag_etl_camara_diario.py for tasks to queue
[2026-07-06T18:23:55.356+0000] {logging_mixin.py:188} INFO - [2026-07-06T18:23:55.356+0000] {dagbag.py:538} INFO - Filling up the DagBag from /opt/airflow/dags/dag_etl_camara_diario.py
[2026-07-06T18:23:55.366+0000] {processor.py:840} INFO - DAG(s) 'dag_etl_camara_diario' retrieved from /opt/airflow/dags/dag_etl_camara_diario.py
[2026-07-06T18:23:55.388+0000] {logging_mixin.py:188} INFO - [2026-07-06T18:23:55.388+0000] {dag.py:3036} INFO - Sync 1 DAGs
[2026-07-06T18:23:55.410+0000] {logging_mixin.py:188} INFO - [2026-07-06T18:23:55.410+0000] {dag.py:3823} INFO - Setting next_dagrun for dag_etl_camara_diario to 2026-07-06 03:00:00+00:00, run_after=2026-07-07 03:00:00+00:00
[2026-07-06T18:23:55.446+0000] {processor.py:183} INFO - Processing /opt/airflow/dags/dag_etl_camara_diario.py took 0.095 seconds
[2026-07-06T18:24:25.579+0000] {processor.py:161} INFO - Started process (PID=3579) to work on /opt/airflow/dags/dag_etl_camara_diario.py
[2026-07-06T18:24:25.580+0000] {processor.py:830} INFO - Processing file /opt/airflow/dags/dag_etl_camara_diario.py for tasks to queue
[2026-07-06T18:24:25.580+0000] {logging_mixin.py:188} INFO - [2026-07-06T18:24:25.580+0000] {dagbag.py:538} INFO - Filling up the DagBag from /opt/airflow/dags/dag_etl_camara_diario.py
[2026-07-06T18:24:25.589+0000] {processor.py:840} INFO - DAG(s) 'dag_etl_camara_diario' retrieved from /opt/airflow/dags/dag_etl_camara_diario.py
[2026-07-06T18:24:25.611+0000] {logging_mixin.py:188} INFO - [2026-07-06T18:24:25.611+0000] {dag.py:3036} INFO - Sync 1 DAGs
[2026-07-06T18:24:25.633+0000] {logging_mixin.py:188} INFO - [2026-07-06T18:24:25.633+0000] {dag.py:3823} INFO - Setting next_dagrun for dag_etl_camara_diario to 2026-07-06 03:00:00+00:00, run_after=2026-07-07 03:00:00+00:00
[2026-07-06T18:24:25.668+0000] {processor.py:183} INFO - Processing /opt/airflow/dags/dag_etl_camara_diario.py took 0.091 seconds
[2026-07-06T18:24:55.797+0000] {processor.py:161} INFO - Started process (PID=3594) to work on /opt/airflow/dags/dag_etl_camara_diario.py
[2026-07-06T18:24:55.798+0000] {processor.py:830} INFO - Processing file /opt/airflow/dags/dag_etl_camara_diario.py for tasks to queue
[2026-07-06T18:24:55.798+0000] {logging_mixin.py:188} INFO - [2026-07-06T18:24:55.798+0000] {dagbag.py:538} INFO - Filling up the DagBag from /opt/airflow/dags/dag_etl_camara_diario.py
[2026-07-06T18:24:55.808+0000] {processor.py:840} INFO - DAG(s) 'dag_etl_camara_diario' retrieved from /opt/airflow/dags/dag_etl_camara_diario.py
[2026-07-06T18:24:55.830+0000] {logging_mixin.py:188} INFO - [2026-07-06T18:24:55.830+0000] {dag.py:3036} INFO - Sync 1 DAGs
[2026-07-06T18:24:55.854+0000] {logging_mixin.py:188} INFO - [2026-07-06T18:24:55.854+0000] {dag.py:3823} INFO - Setting next_dagrun for dag_etl_camara_diario to 2026-07-06 03:00:00+00:00, run_after=2026-07-07 03:00:00+00:00
[2026-07-06T18:24:55.892+0000] {processor.py:183} INFO - Processing /opt/airflow/dags/dag_etl_camara_diario.py took 0.098 seconds
[2026-07-06T18:25:26.022+0000] {processor.py:161} INFO - Started process (PID=3609) to work on /opt/airflow/dags/dag_etl_camara_diario.py
[2026-07-06T18:25:26.023+0000] {processor.py:830} INFO - Processing file /opt/airflow/dags/dag_etl_camara_diario.py for tasks to queue
[2026-07-06T18:25:26.024+0000] {logging_mixin.py:188} INFO - [2026-07-06T18:25:26.023+0000] {dagbag.py:538} INFO - Filling up the DagBag from /opt/airflow/dags/dag_etl_camara_diario.py
[2026-07-06T18:25:26.032+0000] {processor.py:840} INFO - DAG(s) 'dag_etl_camara_diario' retrieved from /opt/airflow/dags/dag_etl_camara_diario.py
[2026-07-06T18:25:26.057+0000] {logging_mixin.py:188} INFO - [2026-07-06T18:25:26.057+0000] {dag.py:3036} INFO - Sync 1 DAGs
[2026-07-06T18:25:26.080+0000] {logging_mixin.py:188} INFO - [2026-07-06T18:25:26.080+0000] {dag.py:3823} INFO - Setting next_dagrun for dag_etl_camara_diario to 2026-07-06 03:00:00+00:00, run_after=2026-07-07 03:00:00+00:00
[2026-07-06T18:25:26.097+0000] {processor.py:183} INFO - Processing /opt/airflow/dags/dag_etl_camara_diario.py took 0.078 seconds
[2026-07-06T18:25:56.228+0000] {processor.py:161} INFO - Started process (PID=3624) to work on /opt/airflow/dags/dag_etl_camara_diario.py
[2026-07-06T18:25:56.229+0000] {processor.py:830} INFO - Processing file /opt/airflow/dags/dag_etl_camara_diario.py for tasks to queue
[2026-07-06T18:25:56.230+0000] {logging_mixin.py:188} INFO - [2026-07-06T18:25:56.230+0000] {dagbag.py:538} INFO - Filling up the DagBag from /opt/airflow/dags/dag_etl_camara_diario.py
[2026-07-06T18:25:56.239+0000] {processor.py:840} INFO - DAG(s) 'dag_etl_camara_diario' retrieved from /opt/airflow/dags/dag_etl_camara_diario.py
[2026-07-06T18:25:56.260+0000] {logging_mixin.py:188} INFO - [2026-07-06T18:25:56.260+0000] {dag.py:3036} INFO - Sync 1 DAGs
[2026-07-06T18:25:56.282+0000] {logging_mixin.py:188} INFO - [2026-07-06T18:25:56.282+0000] {dag.py:3823} INFO - Setting next_dagrun for dag_etl_camara_diario to 2026-07-06 03:00:00+00:00, run_after=2026-07-07 03:00:00+00:00
[2026-07-06T18:25:56.321+0000] {processor.py:183} INFO - Processing /opt/airflow/dags/dag_etl_camara_diario.py took 0.096 seconds
[2026-07-06T18:26:26.451+0000] {processor.py:161} INFO - Started process (PID=3639) to work on /opt/airflow/dags/dag_etl_camara_diario.py
[2026-07-06T18:26:26.452+0000] {processor.py:830} INFO - Processing file /opt/airflow/dags/dag_etl_camara_diario.py for tasks to queue
[2026-07-06T18:26:26.452+0000] {logging_mixin.py:188} INFO - [2026-07-06T18:26:26.452+0000] {dagbag.py:538} INFO - Filling up the DagBag from /opt/airflow/dags/dag_etl_camara_diario.py
[2026-07-06T18:26:26.462+0000] {processor.py:840} INFO - DAG(s) 'dag_etl_camara_diario' retrieved from /opt/airflow/dags/dag_etl_camara_diario.py
[2026-07-06T18:26:26.484+0000] {logging_mixin.py:188} INFO - [2026-07-06T18:26:26.484+0000] {dag.py:3036} INFO - Sync 1 DAGs
[2026-07-06T18:26:26.508+0000] {logging_mixin.py:188} INFO - [2026-07-06T18:26:26.507+0000] {dag.py:3823} INFO - Setting next_dagrun for dag_etl_camara_diario to 2026-07-06 03:00:00+00:00, run_after=2026-07-07 03:00:00+00:00
[2026-07-06T18:26:26.545+0000] {processor.py:183} INFO - Processing /opt/airflow/dags/dag_etl_camara_diario.py took 0.096 seconds
[2026-07-06T18:26:56.679+0000] {processor.py:161} INFO - Started process (PID=3654) to work on /opt/airflow/dags/dag_etl_camara_diario.py
[2026-07-06T18:26:56.680+0000] {processor.py:830} INFO - Processing file /opt/airflow/dags/dag_etl_camara_diario.py for tasks to queue
[2026-07-06T18:26:56.680+0000] {logging_mixin.py:188} INFO - [2026-07-06T18:26:56.680+0000] {dagbag.py:538} INFO - Filling up the DagBag from /opt/airflow/dags/dag_etl_camara_diario.py
[2026-07-06T18:26:56.690+0000] {processor.py:840} INFO - DAG(s) 'dag_etl_camara_diario' retrieved from /opt/airflow/dags/dag_etl_camara_diario.py
[2026-07-06T18:26:56.711+0000] {logging_mixin.py:188} INFO - [2026-07-06T18:26:56.711+0000] {dag.py:3036} INFO - Sync 1 DAGs
[2026-07-06T18:26:56.736+0000] {logging_mixin.py:188} INFO - [2026-07-06T18:26:56.736+0000] {dag.py:3823} INFO - Setting next_dagrun for dag_etl_camara_diario to 2026-07-06 03:00:00+00:00, run_after=2026-07-07 03:00:00+00:00
[2026-07-06T18:26:56.754+0000] {processor.py:183} INFO - Processing /opt/airflow/dags/dag_etl_camara_diario.py took 0.078 seconds
[2026-07-06T18:27:26.879+0000] {processor.py:161} INFO - Started process (PID=3669) to work on /opt/airflow/dags/dag_etl_camara_diario.py
[2026-07-06T18:27:26.880+0000] {processor.py:830} INFO - Processing file /opt/airflow/dags/dag_etl_camara_diario.py for tasks to queue
[2026-07-06T18:27:26.881+0000] {logging_mixin.py:188} INFO - [2026-07-06T18:27:26.881+0000] {dagbag.py:538} INFO - Filling up the DagBag from /opt/airflow/dags/dag_etl_camara_diario.py
[2026-07-06T18:27:26.891+0000] {processor.py:840} INFO - DAG(s) 'dag_etl_camara_diario' retrieved from /opt/airflow/dags/dag_etl_camara_diario.py
[2026-07-06T18:27:26.913+0000] {logging_mixin.py:188} INFO - [2026-07-06T18:27:26.912+0000] {dag.py:3036} INFO - Sync 1 DAGs
[2026-07-06T18:27:26.935+0000] {logging_mixin.py:188} INFO - [2026-07-06T18:27:26.934+0000] {dag.py:3823} INFO - Setting next_dagrun for dag_etl_camara_diario to 2026-07-06 03:00:00+00:00, run_after=2026-07-07 03:00:00+00:00
[2026-07-06T18:27:26.970+0000] {processor.py:183} INFO - Processing /opt/airflow/dags/dag_etl_camara_diario.py took 0.094 seconds
[2026-07-06T18:27:57.105+0000] {processor.py:161} INFO - Started process (PID=3684) to work on /opt/airflow/dags/dag_etl_camara_diario.py
[2026-07-06T18:27:57.106+0000] {processor.py:830} INFO - Processing file /opt/airflow/dags/dag_etl_camara_diario.py for tasks to queue
[2026-07-06T18:27:57.107+0000] {logging_mixin.py:188} INFO - [2026-07-06T18:27:57.106+0000] {dagbag.py:538} INFO - Filling up the DagBag from /opt/airflow/dags/dag_etl_camara_diario.py
[2026-07-06T18:27:57.116+0000] {processor.py:840} INFO - DAG(s) 'dag_etl_camara_diario' retrieved from /opt/airflow/dags/dag_etl_camara_diario.py
[2026-07-06T18:27:57.137+0000] {logging_mixin.py:188} INFO - [2026-07-06T18:27:57.137+0000] {dag.py:3036} INFO - Sync 1 DAGs
[2026-07-06T18:27:57.160+0000] {logging_mixin.py:188} INFO - [2026-07-06T18:27:57.160+0000] {dag.py:3823} INFO - Setting next_dagrun for dag_etl_camara_diario to 2026-07-06 03:00:00+00:00, run_after=2026-07-07 03:00:00+00:00
[2026-07-06T18:27:57.197+0000] {processor.py:183} INFO - Processing /opt/airflow/dags/dag_etl_camara_diario.py took 0.094 seconds
[2026-07-06T18:28:27.327+0000] {processor.py:161} INFO - Started process (PID=3699) to work on /opt/airflow/dags/dag_etl_camara_diario.py
[2026-07-06T18:28:27.327+0000] {processor.py:830} INFO - Processing file /opt/airflow/dags/dag_etl_camara_diario.py for tasks to queue
[2026-07-06T18:28:27.328+0000] {logging_mixin.py:188} INFO - [2026-07-06T18:28:27.328+0000] {dagbag.py:538} INFO - Filling up the DagBag from /opt/airflow/dags/dag_etl_camara_diario.py
[2026-07-06T18:28:27.337+0000] {processor.py:840} INFO - DAG(s) 'dag_etl_camara_diario' retrieved from /opt/airflow/dags/dag_etl_camara_diario.py
[2026-07-06T18:28:27.358+0000] {logging_mixin.py:188} INFO - [2026-07-06T18:28:27.358+0000] {dag.py:3036} INFO - Sync 1 DAGs
[2026-07-06T18:28:27.380+0000] {logging_mixin.py:188} INFO - [2026-07-06T18:28:27.380+0000] {dag.py:3823} INFO - Setting next_dagrun for dag_etl_camara_diario to 2026-07-06 03:00:00+00:00, run_after=2026-07-07 03:00:00+00:00
[2026-07-06T18:28:27.419+0000] {processor.py:183} INFO - Processing /opt/airflow/dags/dag_etl_camara_diario.py took 0.095 seconds
[2026-07-06T18:28:57.550+0000] {processor.py:161} INFO - Started process (PID=3714) to work on /opt/airflow/dags/dag_etl_camara_diario.py
[2026-07-06T18:28:57.551+0000] {processor.py:830} INFO - Processing file /opt/airflow/dags/dag_etl_camara_diario.py for tasks to queue
[2026-07-06T18:28:57.552+0000] {logging_mixin.py:188} INFO - [2026-07-06T18:28:57.552+0000] {dagbag.py:538} INFO - Filling up the DagBag from /opt/airflow/dags/dag_etl_camara_diario.py
[2026-07-06T18:28:57.562+0000] {processor.py:840} INFO - DAG(s) 'dag_etl_camara_diario' retrieved from /opt/airflow/dags/dag_etl_camara_diario.py
[2026-07-06T18:28:57.585+0000] {logging_mixin.py:188} INFO - [2026-07-06T18:28:57.585+0000] {dag.py:3036} INFO - Sync 1 DAGs
[2026-07-06T18:28:57.607+0000] {logging_mixin.py:188} INFO - [2026-07-06T18:28:57.607+0000] {dag.py:3823} INFO - Setting next_dagrun for dag_etl_camara_diario to 2026-07-06 03:00:00+00:00, run_after=2026-07-07 03:00:00+00:00
[2026-07-06T18:28:57.644+0000] {processor.py:183} INFO - Processing /opt/airflow/dags/dag_etl_camara_diario.py took 0.096 seconds
[2026-07-06T18:29:27.776+0000] {processor.py:161} INFO - Started process (PID=3729) to work on /opt/airflow/dags/dag_etl_camara_diario.py
[2026-07-06T18:29:27.777+0000] {processor.py:830} INFO - Processing file /opt/airflow/dags/dag_etl_camara_diario.py for tasks to queue
[2026-07-06T18:29:27.778+0000] {logging_mixin.py:188} INFO - [2026-07-06T18:29:27.777+0000] {dagbag.py:538} INFO - Filling up the DagBag from /opt/airflow/dags/dag_etl_camara_diario.py
[2026-07-06T18:29:27.787+0000] {processor.py:840} INFO - DAG(s) 'dag_etl_camara_diario' retrieved from /opt/airflow/dags/dag_etl_camara_diario.py
[2026-07-06T18:29:27.810+0000] {logging_mixin.py:188} INFO - [2026-07-06T18:29:27.809+0000] {dag.py:3036} INFO - Sync 1 DAGs
[2026-07-06T18:29:27.832+0000] {logging_mixin.py:188} INFO - [2026-07-06T18:29:27.831+0000] {dag.py:3823} INFO - Setting next_dagrun for dag_etl_camara_diario to 2026-07-06 03:00:00+00:00, run_after=2026-07-07 03:00:00+00:00
[2026-07-06T18:29:27.867+0000] {processor.py:183} INFO - Processing /opt/airflow/dags/dag_etl_camara_diario.py took 0.093 seconds
[2026-07-06T18:29:57.995+0000] {processor.py:161} INFO - Started process (PID=3744) to work on /opt/airflow/dags/dag_etl_camara_diario.py
[2026-07-06T18:29:57.996+0000] {processor.py:830} INFO - Processing file /opt/airflow/dags/dag_etl_camara_diario.py for tasks to queue
[2026-07-06T18:29:57.997+0000] {logging_mixin.py:188} INFO - [2026-07-06T18:29:57.997+0000] {dagbag.py:538} INFO - Filling up the DagBag from /opt/airflow/dags/dag_etl_camara_diario.py
[2026-07-06T18:29:58.007+0000] {processor.py:840} INFO - DAG(s) 'dag_etl_camara_diario' retrieved from /opt/airflow/dags/dag_etl_camara_diario.py
[2026-07-06T18:29:58.028+0000] {logging_mixin.py:188} INFO - [2026-07-06T18:29:58.028+0000] {dag.py:3036} INFO - Sync 1 DAGs
[2026-07-06T18:29:58.051+0000] {logging_mixin.py:188} INFO - [2026-07-06T18:29:58.051+0000] {dag.py:3823} INFO - Setting next_dagrun for dag_etl_camara_diario to 2026-07-06 03:00:00+00:00, run_after=2026-07-07 03:00:00+00:00
[2026-07-06T18:29:58.089+0000] {processor.py:183} INFO - Processing /opt/airflow/dags/dag_etl_camara_diario.py took 0.096 seconds
[2026-07-06T18:30:28.220+0000] {processor.py:161} INFO - Started process (PID=3759) to work on /opt/airflow/dags/dag_etl_camara_diario.py
[2026-07-06T18:30:28.221+0000] {processor.py:830} INFO - Processing file /opt/airflow/dags/dag_etl_camara_diario.py for tasks to queue
[2026-07-06T18:30:28.222+0000] {logging_mixin.py:188} INFO - [2026-07-06T18:30:28.221+0000] {dagbag.py:538} INFO - Filling up the DagBag from /opt/airflow/dags/dag_etl_camara_diario.py
[2026-07-06T18:30:28.231+0000] {processor.py:840} INFO - DAG(s) 'dag_etl_camara_diario' retrieved from /opt/airflow/dags/dag_etl_camara_diario.py
[2026-07-06T18:30:28.253+0000] {logging_mixin.py:188} INFO - [2026-07-06T18:30:28.253+0000] {dag.py:3036} INFO - Sync 1 DAGs
[2026-07-06T18:30:28.276+0000] {logging_mixin.py:188} INFO - [2026-07-06T18:30:28.275+0000] {dag.py:3823} INFO - Setting next_dagrun for dag_etl_camara_diario to 2026-07-06 03:00:00+00:00, run_after=2026-07-07 03:00:00+00:00
[2026-07-06T18:30:28.311+0000] {processor.py:183} INFO - Processing /opt/airflow/dags/dag_etl_camara_diario.py took 0.094 seconds
[2026-07-06T18:30:58.459+0000] {processor.py:161} INFO - Started process (PID=3774) to work on /opt/airflow/dags/dag_etl_camara_diario.py
[2026-07-06T18:30:58.460+0000] {processor.py:830} INFO - Processing file /opt/airflow/dags/dag_etl_camara_diario.py for tasks to queue
[2026-07-06T18:30:58.461+0000] {logging_mixin.py:188} INFO - [2026-07-06T18:30:58.460+0000] {dagbag.py:538} INFO - Filling up the DagBag from /opt/airflow/dags/dag_etl_camara_diario.py
[2026-07-06T18:30:58.471+0000] {processor.py:840} INFO - DAG(s) 'dag_etl_camara_diario' retrieved from /opt/airflow/dags/dag_etl_camara_diario.py
[2026-07-06T18:30:58.494+0000] {logging_mixin.py:188} INFO - [2026-07-06T18:30:58.494+0000] {dag.py:3036} INFO - Sync 1 DAGs
[2026-07-06T18:30:58.516+0000] {logging_mixin.py:188} INFO - [2026-07-06T18:30:58.516+0000] {dag.py:3823} INFO - Setting next_dagrun for dag_etl_camara_diario to 2026-07-06 03:00:00+00:00, run_after=2026-07-07 03:00:00+00:00
[2026-07-06T18:30:58.531+0000] {processor.py:183} INFO - Processing /opt/airflow/dags/dag_etl_camara_diario.py took 0.075 seconds
[2026-07-06T18:31:28.655+0000] {processor.py:161} INFO - Started process (PID=3789) to work on /opt/airflow/dags/dag_etl_camara_diario.py
[2026-07-06T18:31:28.656+0000] {processor.py:830} INFO - Processing file /opt/airflow/dags/dag_etl_camara_diario.py for tasks to queue
[2026-07-06T18:31:28.657+0000] {logging_mixin.py:188} INFO - [2026-07-06T18:31:28.656+0000] {dagbag.py:538} INFO - Filling up the DagBag from /opt/airflow/dags/dag_etl_camara_diario.py
[2026-07-06T18:31:28.666+0000] {processor.py:840} INFO - DAG(s) 'dag_etl_camara_diario' retrieved from /opt/airflow/dags/dag_etl_camara_diario.py
[2026-07-06T18:31:28.690+0000] {logging_mixin.py:188} INFO - [2026-07-06T18:31:28.689+0000] {dag.py:3036} INFO - Sync 1 DAGs
[2026-07-06T18:31:28.711+0000] {logging_mixin.py:188} INFO - [2026-07-06T18:31:28.711+0000] {dag.py:3823} INFO - Setting next_dagrun for dag_etl_camara_diario to 2026-07-06 03:00:00+00:00, run_after=2026-07-07 03:00:00+00:00
[2026-07-06T18:31:28.746+0000] {processor.py:183} INFO - Processing /opt/airflow/dags/dag_etl_camara_diario.py took 0.094 seconds
[2026-07-06T18:31:58.876+0000] {processor.py:161} INFO - Started process (PID=3804) to work on /opt/airflow/dags/dag_etl_camara_diario.py
[2026-07-06T18:31:58.877+0000] {processor.py:830} INFO - Processing file /opt/airflow/dags/dag_etl_camara_diario.py for tasks to queue
[2026-07-06T18:31:58.878+0000] {logging_mixin.py:188} INFO - [2026-07-06T18:31:58.877+0000] {dagbag.py:538} INFO - Filling up the DagBag from /opt/airflow/dags/dag_etl_camara_diario.py
[2026-07-06T18:31:58.888+0000] {processor.py:840} INFO - DAG(s) 'dag_etl_camara_diario' retrieved from /opt/airflow/dags/dag_etl_camara_diario.py
[2026-07-06T18:31:58.909+0000] {logging_mixin.py:188} INFO - [2026-07-06T18:31:58.909+0000] {dag.py:3036} INFO - Sync 1 DAGs
[2026-07-06T18:31:58.932+0000] {logging_mixin.py:188} INFO - [2026-07-06T18:31:58.932+0000] {dag.py:3823} INFO - Setting next_dagrun for dag_etl_camara_diario to 2026-07-06 03:00:00+00:00, run_after=2026-07-07 03:00:00+00:00
[2026-07-06T18:31:58.947+0000] {processor.py:183} INFO - Processing /opt/airflow/dags/dag_etl_camara_diario.py took 0.074 seconds
[2026-07-06T18:32:29.069+0000] {processor.py:161} INFO - Started process (PID=3819) to work on /opt/airflow/dags/dag_etl_camara_diario.py
[2026-07-06T18:32:29.070+0000] {processor.py:830} INFO - Processing file /opt/airflow/dags/dag_etl_camara_diario.py for tasks to queue
[2026-07-06T18:32:29.071+0000] {logging_mixin.py:188} INFO - [2026-07-06T18:32:29.070+0000] {dagbag.py:538} INFO - Filling up the DagBag from /opt/airflow/dags/dag_etl_camara_diario.py
[2026-07-06T18:32:29.080+0000] {processor.py:840} INFO - DAG(s) 'dag_etl_camara_diario' retrieved from /opt/airflow/dags/dag_etl_camara_diario.py
[2026-07-06T18:32:29.102+0000] {logging_mixin.py:188} INFO - [2026-07-06T18:32:29.102+0000] {dag.py:3036} INFO - Sync 1 DAGs
[2026-07-06T18:32:29.124+0000] {logging_mixin.py:188} INFO - [2026-07-06T18:32:29.124+0000] {dag.py:3823} INFO - Setting next_dagrun for dag_etl_camara_diario to 2026-07-06 03:00:00+00:00, run_after=2026-07-07 03:00:00+00:00
[2026-07-06T18:32:29.163+0000] {processor.py:183} INFO - Processing /opt/airflow/dags/dag_etl_camara_diario.py took 0.097 seconds
[2026-07-06T18:32:59.293+0000] {processor.py:161} INFO - Started process (PID=3834) to work on /opt/airflow/dags/dag_etl_camara_diario.py
[2026-07-06T18:32:59.294+0000] {processor.py:830} INFO - Processing file /opt/airflow/dags/dag_etl_camara_diario.py for tasks to queue
[2026-07-06T18:32:59.294+0000] {logging_mixin.py:188} INFO - [2026-07-06T18:32:59.294+0000] {dagbag.py:538} INFO - Filling up the DagBag from /opt/airflow/dags/dag_etl_camara_diario.py
[2026-07-06T18:32:59.303+0000] {processor.py:840} INFO - DAG(s) 'dag_etl_camara_diario' retrieved from /opt/airflow/dags/dag_etl_camara_diario.py
[2026-07-06T18:32:59.329+0000] {logging_mixin.py:188} INFO - [2026-07-06T18:32:59.329+0000] {dag.py:3036} INFO - Sync 1 DAGs
[2026-07-06T18:32:59.352+0000] {logging_mixin.py:188} INFO - [2026-07-06T18:32:59.352+0000] {dag.py:3823} INFO - Setting next_dagrun for dag_etl_camara_diario to 2026-07-06 03:00:00+00:00, run_after=2026-07-07 03:00:00+00:00
[2026-07-06T18:32:59.389+0000] {processor.py:183} INFO - Processing /opt/airflow/dags/dag_etl_camara_diario.py took 0.099 seconds
[2026-07-06T18:33:29.523+0000] {processor.py:161} INFO - Started process (PID=3849) to work on /opt/airflow/dags/dag_etl_camara_diario.py
[2026-07-06T18:33:29.524+0000] {processor.py:830} INFO - Processing file /opt/airflow/dags/dag_etl_camara_diario.py for tasks to queue
[2026-07-06T18:33:29.525+0000] {logging_mixin.py:188} INFO - [2026-07-06T18:33:29.525+0000] {dagbag.py:538} INFO - Filling up the DagBag from /opt/airflow/dags/dag_etl_camara_diario.py
[2026-07-06T18:33:29.539+0000] {processor.py:840} INFO - DAG(s) 'dag_etl_camara_diario' retrieved from /opt/airflow/dags/dag_etl_camara_diario.py
[2026-07-06T18:33:29.560+0000] {logging_mixin.py:188} INFO - [2026-07-06T18:33:29.560+0000] {dag.py:3036} INFO - Sync 1 DAGs
[2026-07-06T18:33:29.583+0000] {logging_mixin.py:188} INFO - [2026-07-06T18:33:29.583+0000] {dag.py:3823} INFO - Setting next_dagrun for dag_etl_camara_diario to 2026-07-06 03:00:00+00:00, run_after=2026-07-07 03:00:00+00:00
[2026-07-06T18:33:29.622+0000] {processor.py:183} INFO - Processing /opt/airflow/dags/dag_etl_camara_diario.py took 0.102 seconds
[2026-07-06T18:33:59.752+0000] {processor.py:161} INFO - Started process (PID=3864) to work on /opt/airflow/dags/dag_etl_camara_diario.py
[2026-07-06T18:33:59.753+0000] {processor.py:830} INFO - Processing file /opt/airflow/dags/dag_etl_camara_diario.py for tasks to queue
[2026-07-06T18:33:59.754+0000] {logging_mixin.py:188} INFO - [2026-07-06T18:33:59.753+0000] {dagbag.py:538} INFO - Filling up the DagBag from /opt/airflow/dags/dag_etl_camara_diario.py
[2026-07-06T18:33:59.769+0000] {processor.py:840} INFO - DAG(s) 'dag_etl_camara_diario' retrieved from /opt/airflow/dags/dag_etl_camara_diario.py
[2026-07-06T18:33:59.792+0000] {logging_mixin.py:188} INFO - [2026-07-06T18:33:59.792+0000] {dag.py:3036} INFO - Sync 1 DAGs
[2026-07-06T18:33:59.815+0000] {logging_mixin.py:188} INFO - [2026-07-06T18:33:59.815+0000] {dag.py:3823} INFO - Setting next_dagrun for dag_etl_camara_diario to 2026-07-06 03:00:00+00:00, run_after=2026-07-07 03:00:00+00:00
[2026-07-06T18:33:59.855+0000] {processor.py:183} INFO - Processing /opt/airflow/dags/dag_etl_camara_diario.py took 0.106 seconds
[2026-07-06T18:34:29.988+0000] {processor.py:161} INFO - Started process (PID=3879) to work on /opt/airflow/dags/dag_etl_camara_diario.py
[2026-07-06T18:34:29.989+0000] {processor.py:830} INFO - Processing file /opt/airflow/dags/dag_etl_camara_diario.py for tasks to queue
[2026-07-06T18:34:29.990+0000] {logging_mixin.py:188} INFO - [2026-07-06T18:34:29.990+0000] {dagbag.py:538} INFO - Filling up the DagBag from /opt/airflow/dags/dag_etl_camara_diario.py
[2026-07-06T18:34:30.005+0000] {processor.py:840} INFO - DAG(s) 'dag_etl_camara_diario' retrieved from /opt/airflow/dags/dag_etl_camara_diario.py
[2026-07-06T18:34:30.026+0000] {logging_mixin.py:188} INFO - [2026-07-06T18:34:30.026+0000] {dag.py:3036} INFO - Sync 1 DAGs
[2026-07-06T18:34:30.048+0000] {logging_mixin.py:188} INFO - [2026-07-06T18:34:30.048+0000] {dag.py:3823} INFO - Setting next_dagrun for dag_etl_camara_diario to 2026-07-06 03:00:00+00:00, run_after=2026-07-07 03:00:00+00:00
[2026-07-06T18:34:30.086+0000] {processor.py:183} INFO - Processing /opt/airflow/dags/dag_etl_camara_diario.py took 0.101 seconds
[2026-07-06T18:35:00.215+0000] {processor.py:161} INFO - Started process (PID=3894) to work on /opt/airflow/dags/dag_etl_camara_diario.py
[2026-07-06T18:35:00.215+0000] {processor.py:830} INFO - Processing file /opt/airflow/dags/dag_etl_camara_diario.py for tasks to queue
[2026-07-06T18:35:00.216+0000] {logging_mixin.py:188} INFO - [2026-07-06T18:35:00.216+0000] {dagbag.py:538} INFO - Filling up the DagBag from /opt/airflow/dags/dag_etl_camara_diario.py
[2026-07-06T18:35:00.230+0000] {processor.py:840} INFO - DAG(s) 'dag_etl_camara_diario' retrieved from /opt/airflow/dags/dag_etl_camara_diario.py
[2026-07-06T18:35:00.252+0000] {logging_mixin.py:188} INFO - [2026-07-06T18:35:00.252+0000] {dag.py:3036} INFO - Sync 1 DAGs
[2026-07-06T18:35:00.275+0000] {logging_mixin.py:188} INFO - [2026-07-06T18:35:00.275+0000] {dag.py:3823} INFO - Setting next_dagrun for dag_etl_camara_diario to 2026-07-06 03:00:00+00:00, run_after=2026-07-07 03:00:00+00:00
[2026-07-06T18:35:00.314+0000] {processor.py:183} INFO - Processing /opt/airflow/dags/dag_etl_camara_diario.py took 0.102 seconds
[2026-07-06T18:35:30.450+0000] {processor.py:161} INFO - Started process (PID=3909) to work on /opt/airflow/dags/dag_etl_camara_diario.py
[2026-07-06T18:35:30.451+0000] {processor.py:830} INFO - Processing file /opt/airflow/dags/dag_etl_camara_diario.py for tasks to queue
[2026-07-06T18:35:30.452+0000] {logging_mixin.py:188} INFO - [2026-07-06T18:35:30.452+0000] {dagbag.py:538} INFO - Filling up the DagBag from /opt/airflow/dags/dag_etl_camara_diario.py
[2026-07-06T18:35:30.461+0000] {processor.py:840} INFO - DAG(s) 'dag_etl_camara_diario' retrieved from /opt/airflow/dags/dag_etl_camara_diario.py
[2026-07-06T18:35:30.484+0000] {logging_mixin.py:188} INFO - [2026-07-06T18:35:30.484+0000] {dag.py:3036} INFO - Sync 1 DAGs
[2026-07-06T18:35:30.507+0000] {logging_mixin.py:188} INFO - [2026-07-06T18:35:30.506+0000] {dag.py:3823} INFO - Setting next_dagrun for dag_etl_camara_diario to 2026-07-06 03:00:00+00:00, run_after=2026-07-07 03:00:00+00:00
[2026-07-06T18:35:30.524+0000] {processor.py:183} INFO - Processing /opt/airflow/dags/dag_etl_camara_diario.py took 0.076 seconds
[2026-07-06T18:36:00.651+0000] {processor.py:161} INFO - Started process (PID=3924) to work on /opt/airflow/dags/dag_etl_camara_diario.py
[2026-07-06T18:36:00.652+0000] {processor.py:830} INFO - Processing file /opt/airflow/dags/dag_etl_camara_diario.py for tasks to queue
[2026-07-06T18:36:00.652+0000] {logging_mixin.py:188} INFO - [2026-07-06T18:36:00.652+0000] {dagbag.py:538} INFO - Filling up the DagBag from /opt/airflow/dags/dag_etl_camara_diario.py
[2026-07-06T18:36:00.662+0000] {processor.py:840} INFO - DAG(s) 'dag_etl_camara_diario' retrieved from /opt/airflow/dags/dag_etl_camara_diario.py
[2026-07-06T18:36:00.684+0000] {logging_mixin.py:188} INFO - [2026-07-06T18:36:00.683+0000] {dag.py:3036} INFO - Sync 1 DAGs
[2026-07-06T18:36:00.708+0000] {logging_mixin.py:188} INFO - [2026-07-06T18:36:00.707+0000] {dag.py:3823} INFO - Setting next_dagrun for dag_etl_camara_diario to 2026-07-06 03:00:00+00:00, run_after=2026-07-07 03:00:00+00:00
[2026-07-06T18:36:00.746+0000] {processor.py:183} INFO - Processing /opt/airflow/dags/dag_etl_camara_diario.py took 0.098 seconds
[2026-07-06T18:36:30.878+0000] {processor.py:161} INFO - Started process (PID=3939) to work on /opt/airflow/dags/dag_etl_camara_diario.py
[2026-07-06T18:36:30.879+0000] {processor.py:830} INFO - Processing file /opt/airflow/dags/dag_etl_camara_diario.py for tasks to queue
[2026-07-06T18:36:30.880+0000] {logging_mixin.py:188} INFO - [2026-07-06T18:36:30.879+0000] {dagbag.py:538} INFO - Filling up the DagBag from /opt/airflow/dags/dag_etl_camara_diario.py
[2026-07-06T18:36:30.889+0000] {processor.py:840} INFO - DAG(s) 'dag_etl_camara_diario' retrieved from /opt/airflow/dags/dag_etl_camara_diario.py
[2026-07-06T18:36:30.912+0000] {logging_mixin.py:188} INFO - [2026-07-06T18:36:30.912+0000] {dag.py:3036} INFO - Sync 1 DAGs
[2026-07-06T18:36:30.934+0000] {logging_mixin.py:188} INFO - [2026-07-06T18:36:30.934+0000] {dag.py:3823} INFO - Setting next_dagrun for dag_etl_camara_diario to 2026-07-06 03:00:00+00:00, run_after=2026-07-07 03:00:00+00:00
[2026-07-06T18:36:30.953+0000] {processor.py:183} INFO - Processing /opt/airflow/dags/dag_etl_camara_diario.py took 0.077 seconds
[2026-07-06T18:37:01.082+0000] {processor.py:161} INFO - Started process (PID=3954) to work on /opt/airflow/dags/dag_etl_camara_diario.py
[2026-07-06T18:37:01.083+0000] {processor.py:830} INFO - Processing file /opt/airflow/dags/dag_etl_camara_diario.py for tasks to queue
[2026-07-06T18:37:01.084+0000] {logging_mixin.py:188} INFO - [2026-07-06T18:37:01.084+0000] {dagbag.py:538} INFO - Filling up the DagBag from /opt/airflow/dags/dag_etl_camara_diario.py
[2026-07-06T18:37:01.094+0000] {processor.py:840} INFO - DAG(s) 'dag_etl_camara_diario' retrieved from /opt/airflow/dags/dag_etl_camara_diario.py
[2026-07-06T18:37:01.116+0000] {logging_mixin.py:188} INFO - [2026-07-06T18:37:01.116+0000] {dag.py:3036} INFO - Sync 1 DAGs
[2026-07-06T18:37:01.139+0000] {logging_mixin.py:188} INFO - [2026-07-06T18:37:01.138+0000] {dag.py:3823} INFO - Setting next_dagrun for dag_etl_camara_diario to 2026-07-06 03:00:00+00:00, run_after=2026-07-07 03:00:00+00:00
[2026-07-06T18:37:01.154+0000] {processor.py:183} INFO - Processing /opt/airflow/dags/dag_etl_camara_diario.py took 0.074 seconds
[2026-07-06T18:37:31.284+0000] {processor.py:161} INFO - Started process (PID=3969) to work on /opt/airflow/dags/dag_etl_camara_diario.py
[2026-07-06T18:37:31.285+0000] {processor.py:830} INFO - Processing file /opt/airflow/dags/dag_etl_camara_diario.py for tasks to queue
[2026-07-06T18:37:31.286+0000] {logging_mixin.py:188} INFO - [2026-07-06T18:37:31.286+0000] {dagbag.py:538} INFO - Filling up the DagBag from /opt/airflow/dags/dag_etl_camara_diario.py
[2026-07-06T18:37:31.296+0000] {processor.py:840} INFO - DAG(s) 'dag_etl_camara_diario' retrieved from /opt/airflow/dags/dag_etl_camara_diario.py
[2026-07-06T18:37:31.317+0000] {logging_mixin.py:188} INFO - [2026-07-06T18:37:31.317+0000] {dag.py:3036} INFO - Sync 1 DAGs
[2026-07-06T18:37:31.340+0000] {logging_mixin.py:188} INFO - [2026-07-06T18:37:31.340+0000] {dag.py:3823} INFO - Setting next_dagrun for dag_etl_camara_diario to 2026-07-06 03:00:00+00:00, run_after=2026-07-07 03:00:00+00:00
[2026-07-06T18:37:31.354+0000] {processor.py:183} INFO - Processing /opt/airflow/dags/dag_etl_camara_diario.py took 0.072 seconds
[2026-07-06T18:38:01.487+0000] {processor.py:161} INFO - Started process (PID=3984) to work on /opt/airflow/dags/dag_etl_camara_diario.py
[2026-07-06T18:38:01.488+0000] {processor.py:830} INFO - Processing file /opt/airflow/dags/dag_etl_camara_diario.py for tasks to queue
[2026-07-06T18:38:01.489+0000] {logging_mixin.py:188} INFO - [2026-07-06T18:38:01.488+0000] {dagbag.py:538} INFO - Filling up the DagBag from /opt/airflow/dags/dag_etl_camara_diario.py
[2026-07-06T18:38:01.499+0000] {processor.py:840} INFO - DAG(s) 'dag_etl_camara_diario' retrieved from /opt/airflow/dags/dag_etl_camara_diario.py
[2026-07-06T18:38:01.522+0000] {logging_mixin.py:188} INFO - [2026-07-06T18:38:01.522+0000] {dag.py:3036} INFO - Sync 1 DAGs
[2026-07-06T18:38:01.545+0000] {logging_mixin.py:188} INFO - [2026-07-06T18:38:01.545+0000] {dag.py:3823} INFO - Setting next_dagrun for dag_etl_camara_diario to 2026-07-06 03:00:00+00:00, run_after=2026-07-07 03:00:00+00:00
[2026-07-06T18:38:01.561+0000] {processor.py:183} INFO - Processing /opt/airflow/dags/dag_etl_camara_diario.py took 0.077 seconds
[2026-07-06T18:38:31.693+0000] {processor.py:161} INFO - Started process (PID=3999) to work on /opt/airflow/dags/dag_etl_camara_diario.py
[2026-07-06T18:38:31.694+0000] {processor.py:830} INFO - Processing file /opt/airflow/dags/dag_etl_camara_diario.py for tasks to queue
[2026-07-06T18:38:31.694+0000] {logging_mixin.py:188} INFO - [2026-07-06T18:38:31.694+0000] {dagbag.py:538} INFO - Filling up the DagBag from /opt/airflow/dags/dag_etl_camara_diario.py
[2026-07-06T18:38:31.704+0000] {processor.py:840} INFO - DAG(s) 'dag_etl_camara_diario' retrieved from /opt/airflow/dags/dag_etl_camara_diario.py
[2026-07-06T18:38:31.726+0000] {logging_mixin.py:188} INFO - [2026-07-06T18:38:31.725+0000] {dag.py:3036} INFO - Sync 1 DAGs
[2026-07-06T18:38:31.748+0000] {logging_mixin.py:188} INFO - [2026-07-06T18:38:31.748+0000] {dag.py:3823} INFO - Setting next_dagrun for dag_etl_camara_diario to 2026-07-06 03:00:00+00:00, run_after=2026-07-07 03:00:00+00:00
[2026-07-06T18:38:31.763+0000] {processor.py:183} INFO - Processing /opt/airflow/dags/dag_etl_camara_diario.py took 0.073 seconds
[2026-07-06T18:39:01.893+0000] {processor.py:161} INFO - Started process (PID=4014) to work on /opt/airflow/dags/dag_etl_camara_diario.py
[2026-07-06T18:39:01.894+0000] {processor.py:830} INFO - Processing file /opt/airflow/dags/dag_etl_camara_diario.py for tasks to queue
[2026-07-06T18:39:01.895+0000] {logging_mixin.py:188} INFO - [2026-07-06T18:39:01.894+0000] {dagbag.py:538} INFO - Filling up the DagBag from /opt/airflow/dags/dag_etl_camara_diario.py
[2026-07-06T18:39:01.905+0000] {processor.py:840} INFO - DAG(s) 'dag_etl_camara_diario' retrieved from /opt/airflow/dags/dag_etl_camara_diario.py
[2026-07-06T18:39:01.929+0000] {logging_mixin.py:188} INFO - [2026-07-06T18:39:01.929+0000] {dag.py:3036} INFO - Sync 1 DAGs
[2026-07-06T18:39:01.954+0000] {logging_mixin.py:188} INFO - [2026-07-06T18:39:01.954+0000] {dag.py:3823} INFO - Setting next_dagrun for dag_etl_camara_diario to 2026-07-06 03:00:00+00:00, run_after=2026-07-07 03:00:00+00:00
[2026-07-06T18:39:01.971+0000] {processor.py:183} INFO - Processing /opt/airflow/dags/dag_etl_camara_diario.py took 0.081 seconds
[2026-07-06T18:39:32.093+0000] {processor.py:161} INFO - Started process (PID=4029) to work on /opt/airflow/dags/dag_etl_camara_diario.py
[2026-07-06T18:39:32.094+0000] {processor.py:830} INFO - Processing file /opt/airflow/dags/dag_etl_camara_diario.py for tasks to queue
[2026-07-06T18:39:32.095+0000] {logging_mixin.py:188} INFO - [2026-07-06T18:39:32.094+0000] {dagbag.py:538} INFO - Filling up the DagBag from /opt/airflow/dags/dag_etl_camara_diario.py
[2026-07-06T18:39:32.104+0000] {processor.py:840} INFO - DAG(s) 'dag_etl_camara_diario' retrieved from /opt/airflow/dags/dag_etl_camara_diario.py
[2026-07-06T18:39:32.127+0000] {logging_mixin.py:188} INFO - [2026-07-06T18:39:32.126+0000] {dag.py:3036} INFO - Sync 1 DAGs
[2026-07-06T18:39:32.150+0000] {logging_mixin.py:188} INFO - [2026-07-06T18:39:32.150+0000] {dag.py:3823} INFO - Setting next_dagrun for dag_etl_camara_diario to 2026-07-06 03:00:00+00:00, run_after=2026-07-07 03:00:00+00:00
[2026-07-06T18:39:32.166+0000] {processor.py:183} INFO - Processing /opt/airflow/dags/dag_etl_camara_diario.py took 0.075 seconds
[2026-07-06T18:40:02.294+0000] {processor.py:161} INFO - Started process (PID=4044) to work on /opt/airflow/dags/dag_etl_camara_diario.py
[2026-07-06T18:40:02.295+0000] {processor.py:830} INFO - Processing file /opt/airflow/dags/dag_etl_camara_diario.py for tasks to queue
[2026-07-06T18:40:02.295+0000] {logging_mixin.py:188} INFO - [2026-07-06T18:40:02.295+0000] {dagbag.py:538} INFO - Filling up the DagBag from /opt/airflow/dags/dag_etl_camara_diario.py
[2026-07-06T18:40:02.307+0000] {processor.py:840} INFO - DAG(s) 'dag_etl_camara_diario' retrieved from /opt/airflow/dags/dag_etl_camara_diario.py
[2026-07-06T18:40:02.330+0000] {logging_mixin.py:188} INFO - [2026-07-06T18:40:02.329+0000] {dag.py:3036} INFO - Sync 1 DAGs
[2026-07-06T18:40:02.353+0000] {logging_mixin.py:188} INFO - [2026-07-06T18:40:02.353+0000] {dag.py:3823} INFO - Setting next_dagrun for dag_etl_camara_diario to 2026-07-06 03:00:00+00:00, run_after=2026-07-07 03:00:00+00:00
[2026-07-06T18:40:02.369+0000] {processor.py:183} INFO - Processing /opt/airflow/dags/dag_etl_camara_diario.py took 0.078 seconds
[2026-07-06T18:40:32.500+0000] {processor.py:161} INFO - Started process (PID=4059) to work on /opt/airflow/dags/dag_etl_camara_diario.py
[2026-07-06T18:40:32.501+0000] {processor.py:830} INFO - Processing file /opt/airflow/dags/dag_etl_camara_diario.py for tasks to queue
[2026-07-06T18:40:32.501+0000] {logging_mixin.py:188} INFO - [2026-07-06T18:40:32.501+0000] {dagbag.py:538} INFO - Filling up the DagBag from /opt/airflow/dags/dag_etl_camara_diario.py
[2026-07-06T18:40:32.511+0000] {processor.py:840} INFO - DAG(s) 'dag_etl_camara_diario' retrieved from /opt/airflow/dags/dag_etl_camara_diario.py
[2026-07-06T18:40:32.533+0000] {logging_mixin.py:188} INFO - [2026-07-06T18:40:32.533+0000] {dag.py:3036} INFO - Sync 1 DAGs
[2026-07-06T18:40:32.555+0000] {logging_mixin.py:188} INFO - [2026-07-06T18:40:32.555+0000] {dag.py:3823} INFO - Setting next_dagrun for dag_etl_camara_diario to 2026-07-06 03:00:00+00:00, run_after=2026-07-07 03:00:00+00:00
[2026-07-06T18:40:32.571+0000] {processor.py:183} INFO - Processing /opt/airflow/dags/dag_etl_camara_diario.py took 0.074 seconds
[2026-07-06T18:41:02.708+0000] {processor.py:161} INFO - Started process (PID=4074) to work on /opt/airflow/dags/dag_etl_camara_diario.py
[2026-07-06T18:41:02.709+0000] {processor.py:830} INFO - Processing file /opt/airflow/dags/dag_etl_camara_diario.py for tasks to queue
[2026-07-06T18:41:02.710+0000] {logging_mixin.py:188} INFO - [2026-07-06T18:41:02.710+0000] {dagbag.py:538} INFO - Filling up the DagBag from /opt/airflow/dags/dag_etl_camara_diario.py
[2026-07-06T18:41:02.720+0000] {processor.py:840} INFO - DAG(s) 'dag_etl_camara_diario' retrieved from /opt/airflow/dags/dag_etl_camara_diario.py
[2026-07-06T18:41:02.742+0000] {logging_mixin.py:188} INFO - [2026-07-06T18:41:02.742+0000] {dag.py:3036} INFO - Sync 1 DAGs
[2026-07-06T18:41:02.765+0000] {logging_mixin.py:188} INFO - [2026-07-06T18:41:02.764+0000] {dag.py:3823} INFO - Setting next_dagrun for dag_etl_camara_diario to 2026-07-06 03:00:00+00:00, run_after=2026-07-07 03:00:00+00:00
[2026-07-06T18:41:02.781+0000] {processor.py:183} INFO - Processing /opt/airflow/dags/dag_etl_camara_diario.py took 0.076 seconds
[2026-07-06T18:41:32.912+0000] {processor.py:161} INFO - Started process (PID=4089) to work on /opt/airflow/dags/dag_etl_camara_diario.py
[2026-07-06T18:41:32.913+0000] {processor.py:830} INFO - Processing file /opt/airflow/dags/dag_etl_camara_diario.py for tasks to queue
[2026-07-06T18:41:32.914+0000] {logging_mixin.py:188} INFO - [2026-07-06T18:41:32.913+0000] {dagbag.py:538} INFO - Filling up the DagBag from /opt/airflow/dags/dag_etl_camara_diario.py
[2026-07-06T18:41:32.923+0000] {processor.py:840} INFO - DAG(s) 'dag_etl_camara_diario' retrieved from /opt/airflow/dags/dag_etl_camara_diario.py
[2026-07-06T18:41:32.944+0000] {logging_mixin.py:188} INFO - [2026-07-06T18:41:32.944+0000] {dag.py:3036} INFO - Sync 1 DAGs
[2026-07-06T18:41:32.968+0000] {logging_mixin.py:188} INFO - [2026-07-06T18:41:32.967+0000] {dag.py:3823} INFO - Setting next_dagrun for dag_etl_camara_diario to 2026-07-06 03:00:00+00:00, run_after=2026-07-07 03:00:00+00:00
[2026-07-06T18:41:32.981+0000] {processor.py:183} INFO - Processing /opt/airflow/dags/dag_etl_camara_diario.py took 0.072 seconds
[2026-07-06T18:42:03.111+0000] {processor.py:161} INFO - Started process (PID=4104) to work on /opt/airflow/dags/dag_etl_camara_diario.py
[2026-07-06T18:42:03.111+0000] {processor.py:830} INFO - Processing file /opt/airflow/dags/dag_etl_camara_diario.py for tasks to queue
[2026-07-06T18:42:03.112+0000] {logging_mixin.py:188} INFO - [2026-07-06T18:42:03.112+0000] {dagbag.py:538} INFO - Filling up the DagBag from /opt/airflow/dags/dag_etl_camara_diario.py
[2026-07-06T18:42:03.121+0000] {processor.py:840} INFO - DAG(s) 'dag_etl_camara_diario' retrieved from /opt/airflow/dags/dag_etl_camara_diario.py
[2026-07-06T18:42:03.144+0000] {logging_mixin.py:188} INFO - [2026-07-06T18:42:03.144+0000] {dag.py:3036} INFO - Sync 1 DAGs
[2026-07-06T18:42:03.169+0000] {logging_mixin.py:188} INFO - [2026-07-06T18:42:03.169+0000] {dag.py:3823} INFO - Setting next_dagrun for dag_etl_camara_diario to 2026-07-06 03:00:00+00:00, run_after=2026-07-07 03:00:00+00:00
[2026-07-06T18:42:03.185+0000] {processor.py:183} INFO - Processing /opt/airflow/dags/dag_etl_camara_diario.py took 0.077 seconds
[2026-07-06T18:42:33.319+0000] {processor.py:161} INFO - Started process (PID=4119) to work on /opt/airflow/dags/dag_etl_camara_diario.py
[2026-07-06T18:42:33.320+0000] {processor.py:830} INFO - Processing file /opt/airflow/dags/dag_etl_camara_diario.py for tasks to queue
[2026-07-06T18:42:33.321+0000] {logging_mixin.py:188} INFO - [2026-07-06T18:42:33.321+0000] {dagbag.py:538} INFO - Filling up the DagBag from /opt/airflow/dags/dag_etl_camara_diario.py
[2026-07-06T18:42:33.331+0000] {processor.py:840} INFO - DAG(s) 'dag_etl_camara_diario' retrieved from /opt/airflow/dags/dag_etl_camara_diario.py
[2026-07-06T18:42:33.352+0000] {logging_mixin.py:188} INFO - [2026-07-06T18:42:33.352+0000] {dag.py:3036} INFO - Sync 1 DAGs
[2026-07-06T18:42:33.373+0000] {logging_mixin.py:188} INFO - [2026-07-06T18:42:33.373+0000] {dag.py:3823} INFO - Setting next_dagrun for dag_etl_camara_diario to 2026-07-06 03:00:00+00:00, run_after=2026-07-07 03:00:00+00:00
[2026-07-06T18:42:33.387+0000] {processor.py:183} INFO - Processing /opt/airflow/dags/dag_etl_camara_diario.py took 0.070 seconds
[2026-07-06T18:43:03.517+0000] {processor.py:161} INFO - Started process (PID=4134) to work on /opt/airflow/dags/dag_etl_camara_diario.py
[2026-07-06T18:43:03.518+0000] {processor.py:830} INFO - Processing file /opt/airflow/dags/dag_etl_camara_diario.py for tasks to queue
[2026-07-06T18:43:03.519+0000] {logging_mixin.py:188} INFO - [2026-07-06T18:43:03.519+0000] {dagbag.py:538} INFO - Filling up the DagBag from /opt/airflow/dags/dag_etl_camara_diario.py
[2026-07-06T18:43:03.529+0000] {processor.py:840} INFO - DAG(s) 'dag_etl_camara_diario' retrieved from /opt/airflow/dags/dag_etl_camara_diario.py
[2026-07-06T18:43:03.551+0000] {logging_mixin.py:188} INFO - [2026-07-06T18:43:03.550+0000] {dag.py:3036} INFO - Sync 1 DAGs
[2026-07-06T18:43:03.573+0000] {logging_mixin.py:188} INFO - [2026-07-06T18:43:03.572+0000] {dag.py:3823} INFO - Setting next_dagrun for dag_etl_camara_diario to 2026-07-06 03:00:00+00:00, run_after=2026-07-07 03:00:00+00:00
[2026-07-06T18:43:03.588+0000] {processor.py:183} INFO - Processing /opt/airflow/dags/dag_etl_camara_diario.py took 0.073 seconds
[2026-07-06T18:43:33.715+0000] {processor.py:161} INFO - Started process (PID=4149) to work on /opt/airflow/dags/dag_etl_camara_diario.py
[2026-07-06T18:43:33.715+0000] {processor.py:830} INFO - Processing file /opt/airflow/dags/dag_etl_camara_diario.py for tasks to queue
[2026-07-06T18:43:33.716+0000] {logging_mixin.py:188} INFO - [2026-07-06T18:43:33.716+0000] {dagbag.py:538} INFO - Filling up the DagBag from /opt/airflow/dags/dag_etl_camara_diario.py
[2026-07-06T18:43:33.726+0000] {processor.py:840} INFO - DAG(s) 'dag_etl_camara_diario' retrieved from /opt/airflow/dags/dag_etl_camara_diario.py
[2026-07-06T18:43:33.748+0000] {logging_mixin.py:188} INFO - [2026-07-06T18:43:33.748+0000] {dag.py:3036} INFO - Sync 1 DAGs
[2026-07-06T18:43:33.770+0000] {logging_mixin.py:188} INFO - [2026-07-06T18:43:33.770+0000] {dag.py:3823} INFO - Setting next_dagrun for dag_etl_camara_diario to 2026-07-06 03:00:00+00:00, run_after=2026-07-07 03:00:00+00:00
[2026-07-06T18:43:33.786+0000] {processor.py:183} INFO - Processing /opt/airflow/dags/dag_etl_camara_diario.py took 0.074 seconds
[2026-07-06T18:44:03.914+0000] {processor.py:161} INFO - Started process (PID=4164) to work on /opt/airflow/dags/dag_etl_camara_diario.py
[2026-07-06T18:44:03.915+0000] {processor.py:830} INFO - Processing file /opt/airflow/dags/dag_etl_camara_diario.py for tasks to queue
[2026-07-06T18:44:03.916+0000] {logging_mixin.py:188} INFO - [2026-07-06T18:44:03.916+0000] {dagbag.py:538} INFO - Filling up the DagBag from /opt/airflow/dags/dag_etl_camara_diario.py
[2026-07-06T18:44:03.926+0000] {processor.py:840} INFO - DAG(s) 'dag_etl_camara_diario' retrieved from /opt/airflow/dags/dag_etl_camara_diario.py
[2026-07-06T18:44:03.946+0000] {logging_mixin.py:188} INFO - [2026-07-06T18:44:03.946+0000] {dag.py:3036} INFO - Sync 1 DAGs
[2026-07-06T18:44:03.969+0000] {logging_mixin.py:188} INFO - [2026-07-06T18:44:03.969+0000] {dag.py:3823} INFO - Setting next_dagrun for dag_etl_camara_diario to 2026-07-06 03:00:00+00:00, run_after=2026-07-07 03:00:00+00:00
[2026-07-06T18:44:03.982+0000] {processor.py:183} INFO - Processing /opt/airflow/dags/dag_etl_camara_diario.py took 0.070 seconds
[2026-07-06T18:44:34.111+0000] {processor.py:161} INFO - Started process (PID=4179) to work on /opt/airflow/dags/dag_etl_camara_diario.py
[2026-07-06T18:44:34.111+0000] {processor.py:830} INFO - Processing file /opt/airflow/dags/dag_etl_camara_diario.py for tasks to queue
[2026-07-06T18:44:34.112+0000] {logging_mixin.py:188} INFO - [2026-07-06T18:44:34.112+0000] {dagbag.py:538} INFO - Filling up the DagBag from /opt/airflow/dags/dag_etl_camara_diario.py
[2026-07-06T18:44:34.122+0000] {processor.py:840} INFO - DAG(s) 'dag_etl_camara_diario' retrieved from /opt/airflow/dags/dag_etl_camara_diario.py
[2026-07-06T18:44:34.143+0000] {logging_mixin.py:188} INFO - [2026-07-06T18:44:34.143+0000] {dag.py:3036} INFO - Sync 1 DAGs
[2026-07-06T18:44:34.166+0000] {logging_mixin.py:188} INFO - [2026-07-06T18:44:34.166+0000] {dag.py:3823} INFO - Setting next_dagrun for dag_etl_camara_diario to 2026-07-06 03:00:00+00:00, run_after=2026-07-07 03:00:00+00:00
[2026-07-06T18:44:34.181+0000] {processor.py:183} INFO - Processing /opt/airflow/dags/dag_etl_camara_diario.py took 0.073 seconds
[2026-07-06T18:45:04.311+0000] {processor.py:161} INFO - Started process (PID=4194) to work on /opt/airflow/dags/dag_etl_camara_diario.py
[2026-07-06T18:45:04.312+0000] {processor.py:830} INFO - Processing file /opt/airflow/dags/dag_etl_camara_diario.py for tasks to queue
[2026-07-06T18:45:04.312+0000] {logging_mixin.py:188} INFO - [2026-07-06T18:45:04.312+0000] {dagbag.py:538} INFO - Filling up the DagBag from /opt/airflow/dags/dag_etl_camara_diario.py
[2026-07-06T18:45:04.322+0000] {processor.py:840} INFO - DAG(s) 'dag_etl_camara_diario' retrieved from /opt/airflow/dags/dag_etl_camara_diario.py
[2026-07-06T18:45:04.344+0000] {logging_mixin.py:188} INFO - [2026-07-06T18:45:04.344+0000] {dag.py:3036} INFO - Sync 1 DAGs
[2026-07-06T18:45:04.367+0000] {logging_mixin.py:188} INFO - [2026-07-06T18:45:04.367+0000] {dag.py:3823} INFO - Setting next_dagrun for dag_etl_camara_diario to 2026-07-06 03:00:00+00:00, run_after=2026-07-07 03:00:00+00:00
[2026-07-06T18:45:04.383+0000] {processor.py:183} INFO - Processing /opt/airflow/dags/dag_etl_camara_diario.py took 0.075 seconds
[2026-07-06T18:45:34.514+0000] {processor.py:161} INFO - Started process (PID=4209) to work on /opt/airflow/dags/dag_etl_camara_diario.py
[2026-07-06T18:45:34.515+0000] {processor.py:830} INFO - Processing file /opt/airflow/dags/dag_etl_camara_diario.py for tasks to queue
[2026-07-06T18:45:34.516+0000] {logging_mixin.py:188} INFO - [2026-07-06T18:45:34.515+0000] {dagbag.py:538} INFO - Filling up the DagBag from /opt/airflow/dags/dag_etl_camara_diario.py
[2026-07-06T18:45:34.525+0000] {processor.py:840} INFO - DAG(s) 'dag_etl_camara_diario' retrieved from /opt/airflow/dags/dag_etl_camara_diario.py
[2026-07-06T18:45:34.547+0000] {logging_mixin.py:188} INFO - [2026-07-06T18:45:34.547+0000] {dag.py:3036} INFO - Sync 1 DAGs
[2026-07-06T18:45:34.570+0000] {logging_mixin.py:188} INFO - [2026-07-06T18:45:34.569+0000] {dag.py:3823} INFO - Setting next_dagrun for dag_etl_camara_diario to 2026-07-06 03:00:00+00:00, run_after=2026-07-07 03:00:00+00:00
[2026-07-06T18:45:34.584+0000] {processor.py:183} INFO - Processing /opt/airflow/dags/dag_etl_camara_diario.py took 0.073 seconds
[2026-07-06T18:46:04.722+0000] {processor.py:161} INFO - Started process (PID=4224) to work on /opt/airflow/dags/dag_etl_camara_diario.py
[2026-07-06T18:46:04.723+0000] {processor.py:830} INFO - Processing file /opt/airflow/dags/dag_etl_camara_diario.py for tasks to queue
[2026-07-06T18:46:04.724+0000] {logging_mixin.py:188} INFO - [2026-07-06T18:46:04.724+0000] {dagbag.py:538} INFO - Filling up the DagBag from /opt/airflow/dags/dag_etl_camara_diario.py
[2026-07-06T18:46:04.735+0000] {processor.py:840} INFO - DAG(s) 'dag_etl_camara_diario' retrieved from /opt/airflow/dags/dag_etl_camara_diario.py
[2026-07-06T18:46:04.760+0000] {logging_mixin.py:188} INFO - [2026-07-06T18:46:04.760+0000] {dag.py:3036} INFO - Sync 1 DAGs
[2026-07-06T18:46:04.789+0000] {logging_mixin.py:188} INFO - [2026-07-06T18:46:04.789+0000] {dag.py:3823} INFO - Setting next_dagrun for dag_etl_camara_diario to 2026-07-06 03:00:00+00:00, run_after=2026-07-07 03:00:00+00:00
[2026-07-06T18:46:04.807+0000] {processor.py:183} INFO - Processing /opt/airflow/dags/dag_etl_camara_diario.py took 0.088 seconds
[2026-07-06T18:46:34.933+0000] {processor.py:161} INFO - Started process (PID=4239) to work on /opt/airflow/dags/dag_etl_camara_diario.py
[2026-07-06T18:46:34.933+0000] {processor.py:830} INFO - Processing file /opt/airflow/dags/dag_etl_camara_diario.py for tasks to queue
[2026-07-06T18:46:34.934+0000] {logging_mixin.py:188} INFO - [2026-07-06T18:46:34.934+0000] {dagbag.py:538} INFO - Filling up the DagBag from /opt/airflow/dags/dag_etl_camara_diario.py
[2026-07-06T18:46:34.944+0000] {processor.py:840} INFO - DAG(s) 'dag_etl_camara_diario' retrieved from /opt/airflow/dags/dag_etl_camara_diario.py
[2026-07-06T18:46:34.965+0000] {logging_mixin.py:188} INFO - [2026-07-06T18:46:34.964+0000] {dag.py:3036} INFO - Sync 1 DAGs
[2026-07-06T18:46:34.986+0000] {logging_mixin.py:188} INFO - [2026-07-06T18:46:34.986+0000] {dag.py:3823} INFO - Setting next_dagrun for dag_etl_camara_diario to 2026-07-06 03:00:00+00:00, run_after=2026-07-07 03:00:00+00:00
[2026-07-06T18:46:35.002+0000] {processor.py:183} INFO - Processing /opt/airflow/dags/dag_etl_camara_diario.py took 0.072 seconds
[2026-07-06T18:47:05.132+0000] {processor.py:161} INFO - Started process (PID=4254) to work on /opt/airflow/dags/dag_etl_camara_diario.py
[2026-07-06T18:47:05.133+0000] {processor.py:830} INFO - Processing file /opt/airflow/dags/dag_etl_camara_diario.py for tasks to queue
[2026-07-06T18:47:05.134+0000] {logging_mixin.py:188} INFO - [2026-07-06T18:47:05.133+0000] {dagbag.py:538} INFO - Filling up the DagBag from /opt/airflow/dags/dag_etl_camara_diario.py
[2026-07-06T18:47:05.143+0000] {processor.py:840} INFO - DAG(s) 'dag_etl_camara_diario' retrieved from /opt/airflow/dags/dag_etl_camara_diario.py
[2026-07-06T18:47:05.166+0000] {logging_mixin.py:188} INFO - [2026-07-06T18:47:05.165+0000] {dag.py:3036} INFO - Sync 1 DAGs
[2026-07-06T18:47:05.190+0000] {logging_mixin.py:188} INFO - [2026-07-06T18:47:05.190+0000] {dag.py:3823} INFO - Setting next_dagrun for dag_etl_camara_diario to 2026-07-06 03:00:00+00:00, run_after=2026-07-07 03:00:00+00:00
[2026-07-06T18:47:05.205+0000] {processor.py:183} INFO - Processing /opt/airflow/dags/dag_etl_camara_diario.py took 0.075 seconds
[2026-07-06T18:47:35.335+0000] {processor.py:161} INFO - Started process (PID=4269) to work on /opt/airflow/dags/dag_etl_camara_diario.py
[2026-07-06T18:47:35.336+0000] {processor.py:830} INFO - Processing file /opt/airflow/dags/dag_etl_camara_diario.py for tasks to queue
[2026-07-06T18:47:35.337+0000] {logging_mixin.py:188} INFO - [2026-07-06T18:47:35.336+0000] {dagbag.py:538} INFO - Filling up the DagBag from /opt/airflow/dags/dag_etl_camara_diario.py
[2026-07-06T18:47:35.346+0000] {processor.py:840} INFO - DAG(s) 'dag_etl_camara_diario' retrieved from /opt/airflow/dags/dag_etl_camara_diario.py
[2026-07-06T18:47:35.367+0000] {logging_mixin.py:188} INFO - [2026-07-06T18:47:35.367+0000] {dag.py:3036} INFO - Sync 1 DAGs
[2026-07-06T18:47:35.390+0000] {logging_mixin.py:188} INFO - [2026-07-06T18:47:35.390+0000] {dag.py:3823} INFO - Setting next_dagrun for dag_etl_camara_diario to 2026-07-06 03:00:00+00:00, run_after=2026-07-07 03:00:00+00:00
[2026-07-06T18:47:35.406+0000] {processor.py:183} INFO - Processing /opt/airflow/dags/dag_etl_camara_diario.py took 0.074 seconds
[2026-07-06T18:48:05.540+0000] {processor.py:161} INFO - Started process (PID=4284) to work on /opt/airflow/dags/dag_etl_camara_diario.py
[2026-07-06T18:48:05.541+0000] {processor.py:830} INFO - Processing file /opt/airflow/dags/dag_etl_camara_diario.py for tasks to queue
[2026-07-06T18:48:05.541+0000] {logging_mixin.py:188} INFO - [2026-07-06T18:48:05.541+0000] {dagbag.py:538} INFO - Filling up the DagBag from /opt/airflow/dags/dag_etl_camara_diario.py
[2026-07-06T18:48:05.551+0000] {processor.py:840} INFO - DAG(s) 'dag_etl_camara_diario' retrieved from /opt/airflow/dags/dag_etl_camara_diario.py
[2026-07-06T18:48:05.573+0000] {logging_mixin.py:188} INFO - [2026-07-06T18:48:05.572+0000] {dag.py:3036} INFO - Sync 1 DAGs
[2026-07-06T18:48:05.596+0000] {logging_mixin.py:188} INFO - [2026-07-06T18:48:05.596+0000] {dag.py:3823} INFO - Setting next_dagrun for dag_etl_camara_diario to 2026-07-06 03:00:00+00:00, run_after=2026-07-07 03:00:00+00:00
[2026-07-06T18:48:05.611+0000] {processor.py:183} INFO - Processing /opt/airflow/dags/dag_etl_camara_diario.py took 0.074 seconds
[2026-07-06T18:48:35.746+0000] {processor.py:161} INFO - Started process (PID=4299) to work on /opt/airflow/dags/dag_etl_camara_diario.py
[2026-07-06T18:48:35.746+0000] {processor.py:830} INFO - Processing file /opt/airflow/dags/dag_etl_camara_diario.py for tasks to queue
[2026-07-06T18:48:35.747+0000] {logging_mixin.py:188} INFO - [2026-07-06T18:48:35.747+0000] {dagbag.py:538} INFO - Filling up the DagBag from /opt/airflow/dags/dag_etl_camara_diario.py
[2026-07-06T18:48:35.756+0000] {processor.py:840} INFO - DAG(s) 'dag_etl_camara_diario' retrieved from /opt/airflow/dags/dag_etl_camara_diario.py
[2026-07-06T18:48:35.779+0000] {logging_mixin.py:188} INFO - [2026-07-06T18:48:35.778+0000] {dag.py:3036} INFO - Sync 1 DAGs
[2026-07-06T18:48:35.801+0000] {logging_mixin.py:188} INFO - [2026-07-06T18:48:35.800+0000] {dag.py:3823} INFO - Setting next_dagrun for dag_etl_camara_diario to 2026-07-06 03:00:00+00:00, run_after=2026-07-07 03:00:00+00:00
[2026-07-06T18:48:35.816+0000] {processor.py:183} INFO - Processing /opt/airflow/dags/dag_etl_camara_diario.py took 0.073 seconds
[2026-07-06T18:49:05.946+0000] {processor.py:161} INFO - Started process (PID=4314) to work on /opt/airflow/dags/dag_etl_camara_diario.py
[2026-07-06T18:49:05.947+0000] {processor.py:830} INFO - Processing file /opt/airflow/dags/dag_etl_camara_diario.py for tasks to queue
[2026-07-06T18:49:05.948+0000] {logging_mixin.py:188} INFO - [2026-07-06T18:49:05.948+0000] {dagbag.py:538} INFO - Filling up the DagBag from /opt/airflow/dags/dag_etl_camara_diario.py
[2026-07-06T18:49:05.958+0000] {processor.py:840} INFO - DAG(s) 'dag_etl_camara_diario' retrieved from /opt/airflow/dags/dag_etl_camara_diario.py
[2026-07-06T18:49:05.980+0000] {logging_mixin.py:188} INFO - [2026-07-06T18:49:05.980+0000] {dag.py:3036} INFO - Sync 1 DAGs
[2026-07-06T18:49:06.002+0000] {logging_mixin.py:188} INFO - [2026-07-06T18:49:06.001+0000] {dag.py:3823} INFO - Setting next_dagrun for dag_etl_camara_diario to 2026-07-06 03:00:00+00:00, run_after=2026-07-07 03:00:00+00:00
[2026-07-06T18:49:06.017+0000] {processor.py:183} INFO - Processing /opt/airflow/dags/dag_etl_camara_diario.py took 0.074 seconds
[2026-07-06T18:49:36.148+0000] {processor.py:161} INFO - Started process (PID=4329) to work on /opt/airflow/dags/dag_etl_camara_diario.py
[2026-07-06T18:49:36.149+0000] {processor.py:830} INFO - Processing file /opt/airflow/dags/dag_etl_camara_diario.py for tasks to queue
[2026-07-06T18:49:36.149+0000] {logging_mixin.py:188} INFO - [2026-07-06T18:49:36.149+0000] {dagbag.py:538} INFO - Filling up the DagBag from /opt/airflow/dags/dag_etl_camara_diario.py
[2026-07-06T18:49:36.158+0000] {processor.py:840} INFO - DAG(s) 'dag_etl_camara_diario' retrieved from /opt/airflow/dags/dag_etl_camara_diario.py
[2026-07-06T18:49:36.179+0000] {logging_mixin.py:188} INFO - [2026-07-06T18:49:36.179+0000] {dag.py:3036} INFO - Sync 1 DAGs
[2026-07-06T18:49:36.202+0000] {logging_mixin.py:188} INFO - [2026-07-06T18:49:36.202+0000] {dag.py:3823} INFO - Setting next_dagrun for dag_etl_camara_diario to 2026-07-06 03:00:00+00:00, run_after=2026-07-07 03:00:00+00:00
[2026-07-06T18:49:36.219+0000] {processor.py:183} INFO - Processing /opt/airflow/dags/dag_etl_camara_diario.py took 0.073 seconds
[2026-07-06T18:50:06.350+0000] {processor.py:161} INFO - Started process (PID=4344) to work on /opt/airflow/dags/dag_etl_camara_diario.py
[2026-07-06T18:50:06.351+0000] {processor.py:830} INFO - Processing file /opt/airflow/dags/dag_etl_camara_diario.py for tasks to queue
[2026-07-06T18:50:06.352+0000] {logging_mixin.py:188} INFO - [2026-07-06T18:50:06.351+0000] {dagbag.py:538} INFO - Filling up the DagBag from /opt/airflow/dags/dag_etl_camara_diario.py
[2026-07-06T18:50:06.362+0000] {processor.py:840} INFO - DAG(s) 'dag_etl_camara_diario' retrieved from /opt/airflow/dags/dag_etl_camara_diario.py
[2026-07-06T18:50:06.384+0000] {logging_mixin.py:188} INFO - [2026-07-06T18:50:06.384+0000] {dag.py:3036} INFO - Sync 1 DAGs
[2026-07-06T18:50:06.407+0000] {logging_mixin.py:188} INFO - [2026-07-06T18:50:06.407+0000] {dag.py:3823} INFO - Setting next_dagrun for dag_etl_camara_diario to 2026-07-06 03:00:00+00:00, run_after=2026-07-07 03:00:00+00:00
[2026-07-06T18:50:06.421+0000] {processor.py:183} INFO - Processing /opt/airflow/dags/dag_etl_camara_diario.py took 0.074 seconds
[2026-07-06T18:50:36.553+0000] {processor.py:161} INFO - Started process (PID=4359) to work on /opt/airflow/dags/dag_etl_camara_diario.py
[2026-07-06T18:50:36.554+0000] {processor.py:830} INFO - Processing file /opt/airflow/dags/dag_etl_camara_diario.py for tasks to queue
[2026-07-06T18:50:36.554+0000] {logging_mixin.py:188} INFO - [2026-07-06T18:50:36.554+0000] {dagbag.py:538} INFO - Filling up the DagBag from /opt/airflow/dags/dag_etl_camara_diario.py
[2026-07-06T18:50:36.564+0000] {processor.py:840} INFO - DAG(s) 'dag_etl_camara_diario' retrieved from /opt/airflow/dags/dag_etl_camara_diario.py
[2026-07-06T18:50:36.586+0000] {logging_mixin.py:188} INFO - [2026-07-06T18:50:36.586+0000] {dag.py:3036} INFO - Sync 1 DAGs
[2026-07-06T18:50:36.610+0000] {logging_mixin.py:188} INFO - [2026-07-06T18:50:36.609+0000] {dag.py:3823} INFO - Setting next_dagrun for dag_etl_camara_diario to 2026-07-06 03:00:00+00:00, run_after=2026-07-07 03:00:00+00:00
[2026-07-06T18:50:36.627+0000] {processor.py:183} INFO - Processing /opt/airflow/dags/dag_etl_camara_diario.py took 0.076 seconds
[2026-07-06T18:51:06.763+0000] {processor.py:161} INFO - Started process (PID=4374) to work on /opt/airflow/dags/dag_etl_camara_diario.py
[2026-07-06T18:51:06.764+0000] {processor.py:830} INFO - Processing file /opt/airflow/dags/dag_etl_camara_diario.py for tasks to queue
[2026-07-06T18:51:06.765+0000] {logging_mixin.py:188} INFO - [2026-07-06T18:51:06.764+0000] {dagbag.py:538} INFO - Filling up the DagBag from /opt/airflow/dags/dag_etl_camara_diario.py
[2026-07-06T18:51:06.774+0000] {processor.py:840} INFO - DAG(s) 'dag_etl_camara_diario' retrieved from /opt/airflow/dags/dag_etl_camara_diario.py
[2026-07-06T18:51:06.796+0000] {logging_mixin.py:188} INFO - [2026-07-06T18:51:06.796+0000] {dag.py:3036} INFO - Sync 1 DAGs
[2026-07-06T18:51:06.818+0000] {logging_mixin.py:188} INFO - [2026-07-06T18:51:06.818+0000] {dag.py:3823} INFO - Setting next_dagrun for dag_etl_camara_diario to 2026-07-06 03:00:00+00:00, run_after=2026-07-07 03:00:00+00:00
[2026-07-06T18:51:06.837+0000] {processor.py:183} INFO - Processing /opt/airflow/dags/dag_etl_camara_diario.py took 0.077 seconds
[2026-07-06T18:51:36.968+0000] {processor.py:161} INFO - Started process (PID=4389) to work on /opt/airflow/dags/dag_etl_camara_diario.py
[2026-07-06T18:51:36.968+0000] {processor.py:830} INFO - Processing file /opt/airflow/dags/dag_etl_camara_diario.py for tasks to queue
[2026-07-06T18:51:36.969+0000] {logging_mixin.py:188} INFO - [2026-07-06T18:51:36.969+0000] {dagbag.py:538} INFO - Filling up the DagBag from /opt/airflow/dags/dag_etl_camara_diario.py
[2026-07-06T18:51:36.978+0000] {processor.py:840} INFO - DAG(s) 'dag_etl_camara_diario' retrieved from /opt/airflow/dags/dag_etl_camara_diario.py
[2026-07-06T18:51:37.000+0000] {logging_mixin.py:188} INFO - [2026-07-06T18:51:37.000+0000] {dag.py:3036} INFO - Sync 1 DAGs
[2026-07-06T18:51:37.022+0000] {logging_mixin.py:188} INFO - [2026-07-06T18:51:37.022+0000] {dag.py:3823} INFO - Setting next_dagrun for dag_etl_camara_diario to 2026-07-06 03:00:00+00:00, run_after=2026-07-07 03:00:00+00:00
[2026-07-06T18:51:37.037+0000] {processor.py:183} INFO - Processing /opt/airflow/dags/dag_etl_camara_diario.py took 0.072 seconds
[2026-07-06T18:52:07.164+0000] {processor.py:161} INFO - Started process (PID=4404) to work on /opt/airflow/dags/dag_etl_camara_diario.py
[2026-07-06T18:52:07.165+0000] {processor.py:830} INFO - Processing file /opt/airflow/dags/dag_etl_camara_diario.py for tasks to queue
[2026-07-06T18:52:07.166+0000] {logging_mixin.py:188} INFO - [2026-07-06T18:52:07.166+0000] {dagbag.py:538} INFO - Filling up the DagBag from /opt/airflow/dags/dag_etl_camara_diario.py
[2026-07-06T18:52:07.176+0000] {processor.py:840} INFO - DAG(s) 'dag_etl_camara_diario' retrieved from /opt/airflow/dags/dag_etl_camara_diario.py
[2026-07-06T18:52:07.198+0000] {logging_mixin.py:188} INFO - [2026-07-06T18:52:07.198+0000] {dag.py:3036} INFO - Sync 1 DAGs
[2026-07-06T18:52:07.220+0000] {logging_mixin.py:188} INFO - [2026-07-06T18:52:07.220+0000] {dag.py:3823} INFO - Setting next_dagrun for dag_etl_camara_diario to 2026-07-06 03:00:00+00:00, run_after=2026-07-07 03:00:00+00:00
[2026-07-06T18:52:07.236+0000] {processor.py:183} INFO - Processing /opt/airflow/dags/dag_etl_camara_diario.py took 0.074 seconds
[2026-07-06T18:52:37.366+0000] {processor.py:161} INFO - Started process (PID=4419) to work on /opt/airflow/dags/dag_etl_camara_diario.py
[2026-07-06T18:52:37.366+0000] {processor.py:830} INFO - Processing file /opt/airflow/dags/dag_etl_camara_diario.py for tasks to queue
[2026-07-06T18:52:37.367+0000] {logging_mixin.py:188} INFO - [2026-07-06T18:52:37.367+0000] {dagbag.py:538} INFO - Filling up the DagBag from /opt/airflow/dags/dag_etl_camara_diario.py
[2026-07-06T18:52:37.377+0000] {processor.py:840} INFO - DAG(s) 'dag_etl_camara_diario' retrieved from /opt/airflow/dags/dag_etl_camara_diario.py
[2026-07-06T18:52:37.399+0000] {logging_mixin.py:188} INFO - [2026-07-06T18:52:37.399+0000] {dag.py:3036} INFO - Sync 1 DAGs
[2026-07-06T18:52:37.422+0000] {logging_mixin.py:188} INFO - [2026-07-06T18:52:37.422+0000] {dag.py:3823} INFO - Setting next_dagrun for dag_etl_camara_diario to 2026-07-06 03:00:00+00:00, run_after=2026-07-07 03:00:00+00:00
[2026-07-06T18:52:37.436+0000] {processor.py:183} INFO - Processing /opt/airflow/dags/dag_etl_camara_diario.py took 0.073 seconds
[2026-07-06T18:53:07.567+0000] {processor.py:161} INFO - Started process (PID=4434) to work on /opt/airflow/dags/dag_etl_camara_diario.py
[2026-07-06T18:53:07.567+0000] {processor.py:830} INFO - Processing file /opt/airflow/dags/dag_etl_camara_diario.py for tasks to queue
[2026-07-06T18:53:07.568+0000] {logging_mixin.py:188} INFO - [2026-07-06T18:53:07.568+0000] {dagbag.py:538} INFO - Filling up the DagBag from /opt/airflow/dags/dag_etl_camara_diario.py
[2026-07-06T18:53:07.578+0000] {processor.py:840} INFO - DAG(s) 'dag_etl_camara_diario' retrieved from /opt/airflow/dags/dag_etl_camara_diario.py
[2026-07-06T18:53:07.601+0000] {logging_mixin.py:188} INFO - [2026-07-06T18:53:07.600+0000] {dag.py:3036} INFO - Sync 1 DAGs
[2026-07-06T18:53:07.624+0000] {logging_mixin.py:188} INFO - [2026-07-06T18:53:07.624+0000] {dag.py:3823} INFO - Setting next_dagrun for dag_etl_camara_diario to 2026-07-06 03:00:00+00:00, run_after=2026-07-07 03:00:00+00:00
[2026-07-06T18:53:07.639+0000] {processor.py:183} INFO - Processing /opt/airflow/dags/dag_etl_camara_diario.py took 0.075 seconds
[2026-07-06T18:53:37.767+0000] {processor.py:161} INFO - Started process (PID=4449) to work on /opt/airflow/dags/dag_etl_camara_diario.py
[2026-07-06T18:53:37.767+0000] {processor.py:830} INFO - Processing file /opt/airflow/dags/dag_etl_camara_diario.py for tasks to queue
[2026-07-06T18:53:37.768+0000] {logging_mixin.py:188} INFO - [2026-07-06T18:53:37.767+0000] {dagbag.py:538} INFO - Filling up the DagBag from /opt/airflow/dags/dag_etl_camara_diario.py
[2026-07-06T18:53:37.777+0000] {processor.py:840} INFO - DAG(s) 'dag_etl_camara_diario' retrieved from /opt/airflow/dags/dag_etl_camara_diario.py
[2026-07-06T18:53:37.798+0000] {logging_mixin.py:188} INFO - [2026-07-06T18:53:37.798+0000] {dag.py:3036} INFO - Sync 1 DAGs
[2026-07-06T18:53:37.821+0000] {logging_mixin.py:188} INFO - [2026-07-06T18:53:37.821+0000] {dag.py:3823} INFO - Setting next_dagrun for dag_etl_camara_diario to 2026-07-06 03:00:00+00:00, run_after=2026-07-07 03:00:00+00:00
[2026-07-06T18:53:37.837+0000] {processor.py:183} INFO - Processing /opt/airflow/dags/dag_etl_camara_diario.py took 0.073 seconds
[2026-07-06T18:54:07.963+0000] {processor.py:161} INFO - Started process (PID=4464) to work on /opt/airflow/dags/dag_etl_camara_diario.py
[2026-07-06T18:54:07.964+0000] {processor.py:830} INFO - Processing file /opt/airflow/dags/dag_etl_camara_diario.py for tasks to queue
[2026-07-06T18:54:07.965+0000] {logging_mixin.py:188} INFO - [2026-07-06T18:54:07.964+0000] {dagbag.py:538} INFO - Filling up the DagBag from /opt/airflow/dags/dag_etl_camara_diario.py
[2026-07-06T18:54:07.974+0000] {processor.py:840} INFO - DAG(s) 'dag_etl_camara_diario' retrieved from /opt/airflow/dags/dag_etl_camara_diario.py
[2026-07-06T18:54:07.996+0000] {logging_mixin.py:188} INFO - [2026-07-06T18:54:07.995+0000] {dag.py:3036} INFO - Sync 1 DAGs
[2026-07-06T18:54:08.017+0000] {logging_mixin.py:188} INFO - [2026-07-06T18:54:08.017+0000] {dag.py:3823} INFO - Setting next_dagrun for dag_etl_camara_diario to 2026-07-06 03:00:00+00:00, run_after=2026-07-07 03:00:00+00:00
[2026-07-06T18:54:08.034+0000] {processor.py:183} INFO - Processing /opt/airflow/dags/dag_etl_camara_diario.py took 0.074 seconds
[2026-07-06T18:54:38.167+0000] {processor.py:161} INFO - Started process (PID=4479) to work on /opt/airflow/dags/dag_etl_camara_diario.py
[2026-07-06T18:54:38.167+0000] {processor.py:830} INFO - Processing file /opt/airflow/dags/dag_etl_camara_diario.py for tasks to queue
[2026-07-06T18:54:38.168+0000] {logging_mixin.py:188} INFO - [2026-07-06T18:54:38.168+0000] {dagbag.py:538} INFO - Filling up the DagBag from /opt/airflow/dags/dag_etl_camara_diario.py
[2026-07-06T18:54:38.178+0000] {processor.py:840} INFO - DAG(s) 'dag_etl_camara_diario' retrieved from /opt/airflow/dags/dag_etl_camara_diario.py
[2026-07-06T18:54:38.200+0000] {logging_mixin.py:188} INFO - [2026-07-06T18:54:38.200+0000] {dag.py:3036} INFO - Sync 1 DAGs
[2026-07-06T18:54:38.223+0000] {logging_mixin.py:188} INFO - [2026-07-06T18:54:38.223+0000] {dag.py:3823} INFO - Setting next_dagrun for dag_etl_camara_diario to 2026-07-06 03:00:00+00:00, run_after=2026-07-07 03:00:00+00:00
[2026-07-06T18:54:38.240+0000] {processor.py:183} INFO - Processing /opt/airflow/dags/dag_etl_camara_diario.py took 0.077 seconds
[2026-07-06T18:55:08.365+0000] {processor.py:161} INFO - Started process (PID=4494) to work on /opt/airflow/dags/dag_etl_camara_diario.py
[2026-07-06T18:55:08.365+0000] {processor.py:830} INFO - Processing file /opt/airflow/dags/dag_etl_camara_diario.py for tasks to queue
[2026-07-06T18:55:08.366+0000] {logging_mixin.py:188} INFO - [2026-07-06T18:55:08.366+0000] {dagbag.py:538} INFO - Filling up the DagBag from /opt/airflow/dags/dag_etl_camara_diario.py
[2026-07-06T18:55:08.376+0000] {processor.py:840} INFO - DAG(s) 'dag_etl_camara_diario' retrieved from /opt/airflow/dags/dag_etl_camara_diario.py
[2026-07-06T18:55:08.399+0000] {logging_mixin.py:188} INFO - [2026-07-06T18:55:08.398+0000] {dag.py:3036} INFO - Sync 1 DAGs
[2026-07-06T18:55:08.421+0000] {logging_mixin.py:188} INFO - [2026-07-06T18:55:08.421+0000] {dag.py:3823} INFO - Setting next_dagrun for dag_etl_camara_diario to 2026-07-06 03:00:00+00:00, run_after=2026-07-07 03:00:00+00:00
[2026-07-06T18:55:08.438+0000] {processor.py:183} INFO - Processing /opt/airflow/dags/dag_etl_camara_diario.py took 0.076 seconds
[2026-07-06T18:55:38.558+0000] {processor.py:161} INFO - Started process (PID=4509) to work on /opt/airflow/dags/dag_etl_camara_diario.py
[2026-07-06T18:55:38.558+0000] {processor.py:830} INFO - Processing file /opt/airflow/dags/dag_etl_camara_diario.py for tasks to queue
[2026-07-06T18:55:38.559+0000] {logging_mixin.py:188} INFO - [2026-07-06T18:55:38.559+0000] {dagbag.py:538} INFO - Filling up the DagBag from /opt/airflow/dags/dag_etl_camara_diario.py
[2026-07-06T18:55:38.568+0000] {processor.py:840} INFO - DAG(s) 'dag_etl_camara_diario' retrieved from /opt/airflow/dags/dag_etl_camara_diario.py
[2026-07-06T18:55:38.590+0000] {logging_mixin.py:188} INFO - [2026-07-06T18:55:38.590+0000] {dag.py:3036} INFO - Sync 1 DAGs
[2026-07-06T18:55:38.613+0000] {logging_mixin.py:188} INFO - [2026-07-06T18:55:38.613+0000] {dag.py:3823} INFO - Setting next_dagrun for dag_etl_camara_diario to 2026-07-06 03:00:00+00:00, run_after=2026-07-07 03:00:00+00:00
[2026-07-06T18:55:38.626+0000] {processor.py:183} INFO - Processing /opt/airflow/dags/dag_etl_camara_diario.py took 0.071 seconds
[2026-07-06T18:56:08.760+0000] {processor.py:161} INFO - Started process (PID=4524) to work on /opt/airflow/dags/dag_etl_camara_diario.py
[2026-07-06T18:56:08.761+0000] {processor.py:830} INFO - Processing file /opt/airflow/dags/dag_etl_camara_diario.py for tasks to queue
[2026-07-06T18:56:08.761+0000] {logging_mixin.py:188} INFO - [2026-07-06T18:56:08.761+0000] {dagbag.py:538} INFO - Filling up the DagBag from /opt/airflow/dags/dag_etl_camara_diario.py
[2026-07-06T18:56:08.771+0000] {processor.py:840} INFO - DAG(s) 'dag_etl_camara_diario' retrieved from /opt/airflow/dags/dag_etl_camara_diario.py
[2026-07-06T18:56:08.793+0000] {logging_mixin.py:188} INFO - [2026-07-06T18:56:08.792+0000] {dag.py:3036} INFO - Sync 1 DAGs
[2026-07-06T18:56:08.814+0000] {logging_mixin.py:188} INFO - [2026-07-06T18:56:08.814+0000] {dag.py:3823} INFO - Setting next_dagrun for dag_etl_camara_diario to 2026-07-06 03:00:00+00:00, run_after=2026-07-07 03:00:00+00:00
[2026-07-06T18:56:08.830+0000] {processor.py:183} INFO - Processing /opt/airflow/dags/dag_etl_camara_diario.py took 0.073 seconds
[2026-07-06T18:56:38.959+0000] {processor.py:161} INFO - Started process (PID=4539) to work on /opt/airflow/dags/dag_etl_camara_diario.py
[2026-07-06T18:56:38.960+0000] {processor.py:830} INFO - Processing file /opt/airflow/dags/dag_etl_camara_diario.py for tasks to queue
[2026-07-06T18:56:38.961+0000] {logging_mixin.py:188} INFO - [2026-07-06T18:56:38.960+0000] {dagbag.py:538} INFO - Filling up the DagBag from /opt/airflow/dags/dag_etl_camara_diario.py
[2026-07-06T18:56:38.970+0000] {processor.py:840} INFO - DAG(s) 'dag_etl_camara_diario' retrieved from /opt/airflow/dags/dag_etl_camara_diario.py
[2026-07-06T18:56:38.993+0000] {logging_mixin.py:188} INFO - [2026-07-06T18:56:38.993+0000] {dag.py:3036} INFO - Sync 1 DAGs
[2026-07-06T18:56:39.018+0000] {logging_mixin.py:188} INFO - [2026-07-06T18:56:39.018+0000] {dag.py:3823} INFO - Setting next_dagrun for dag_etl_camara_diario to 2026-07-06 03:00:00+00:00, run_after=2026-07-07 03:00:00+00:00
[2026-07-06T18:56:39.033+0000] {processor.py:183} INFO - Processing /opt/airflow/dags/dag_etl_camara_diario.py took 0.076 seconds
[2026-07-06T18:57:09.161+0000] {processor.py:161} INFO - Started process (PID=4554) to work on /opt/airflow/dags/dag_etl_camara_diario.py
[2026-07-06T18:57:09.162+0000] {processor.py:830} INFO - Processing file /opt/airflow/dags/dag_etl_camara_diario.py for tasks to queue
[2026-07-06T18:57:09.163+0000] {logging_mixin.py:188} INFO - [2026-07-06T18:57:09.162+0000] {dagbag.py:538} INFO - Filling up the DagBag from /opt/airflow/dags/dag_etl_camara_diario.py
[2026-07-06T18:57:09.172+0000] {processor.py:840} INFO - DAG(s) 'dag_etl_camara_diario' retrieved from /opt/airflow/dags/dag_etl_camara_diario.py
[2026-07-06T18:57:09.194+0000] {logging_mixin.py:188} INFO - [2026-07-06T18:57:09.194+0000] {dag.py:3036} INFO - Sync 1 DAGs
[2026-07-06T18:57:09.217+0000] {logging_mixin.py:188} INFO - [2026-07-06T18:57:09.217+0000] {dag.py:3823} INFO - Setting next_dagrun for dag_etl_camara_diario to 2026-07-06 03:00:00+00:00, run_after=2026-07-07 03:00:00+00:00
[2026-07-06T18:57:09.231+0000] {processor.py:183} INFO - Processing /opt/airflow/dags/dag_etl_camara_diario.py took 0.073 seconds
[2026-07-06T18:57:39.363+0000] {processor.py:161} INFO - Started process (PID=4569) to work on /opt/airflow/dags/dag_etl_camara_diario.py
[2026-07-06T18:57:39.364+0000] {processor.py:830} INFO - Processing file /opt/airflow/dags/dag_etl_camara_diario.py for tasks to queue
[2026-07-06T18:57:39.365+0000] {logging_mixin.py:188} INFO - [2026-07-06T18:57:39.364+0000] {dagbag.py:538} INFO - Filling up the DagBag from /opt/airflow/dags/dag_etl_camara_diario.py
[2026-07-06T18:57:39.374+0000] {processor.py:840} INFO - DAG(s) 'dag_etl_camara_diario' retrieved from /opt/airflow/dags/dag_etl_camara_diario.py
[2026-07-06T18:57:39.398+0000] {logging_mixin.py:188} INFO - [2026-07-06T18:57:39.398+0000] {dag.py:3036} INFO - Sync 1 DAGs
[2026-07-06T18:57:39.421+0000] {logging_mixin.py:188} INFO - [2026-07-06T18:57:39.421+0000] {dag.py:3823} INFO - Setting next_dagrun for dag_etl_camara_diario to 2026-07-06 03:00:00+00:00, run_after=2026-07-07 03:00:00+00:00
[2026-07-06T18:57:39.438+0000] {processor.py:183} INFO - Processing /opt/airflow/dags/dag_etl_camara_diario.py took 0.078 seconds
[2026-07-06T18:58:09.561+0000] {processor.py:161} INFO - Started process (PID=4584) to work on /opt/airflow/dags/dag_etl_camara_diario.py
[2026-07-06T18:58:09.562+0000] {processor.py:830} INFO - Processing file /opt/airflow/dags/dag_etl_camara_diario.py for tasks to queue
[2026-07-06T18:58:09.563+0000] {logging_mixin.py:188} INFO - [2026-07-06T18:58:09.563+0000] {dagbag.py:538} INFO - Filling up the DagBag from /opt/airflow/dags/dag_etl_camara_diario.py
[2026-07-06T18:58:09.573+0000] {processor.py:840} INFO - DAG(s) 'dag_etl_camara_diario' retrieved from /opt/airflow/dags/dag_etl_camara_diario.py
[2026-07-06T18:58:09.594+0000] {logging_mixin.py:188} INFO - [2026-07-06T18:58:09.593+0000] {dag.py:3036} INFO - Sync 1 DAGs
[2026-07-06T18:58:09.615+0000] {logging_mixin.py:188} INFO - [2026-07-06T18:58:09.615+0000] {dag.py:3823} INFO - Setting next_dagrun for dag_etl_camara_diario to 2026-07-06 03:00:00+00:00, run_after=2026-07-07 03:00:00+00:00
[2026-07-06T18:58:09.629+0000] {processor.py:183} INFO - Processing /opt/airflow/dags/dag_etl_camara_diario.py took 0.071 seconds
[2026-07-06T18:58:39.758+0000] {processor.py:161} INFO - Started process (PID=4599) to work on /opt/airflow/dags/dag_etl_camara_diario.py
[2026-07-06T18:58:39.759+0000] {processor.py:830} INFO - Processing file /opt/airflow/dags/dag_etl_camara_diario.py for tasks to queue
[2026-07-06T18:58:39.760+0000] {logging_mixin.py:188} INFO - [2026-07-06T18:58:39.759+0000] {dagbag.py:538} INFO - Filling up the DagBag from /opt/airflow/dags/dag_etl_camara_diario.py
[2026-07-06T18:58:39.769+0000] {processor.py:840} INFO - DAG(s) 'dag_etl_camara_diario' retrieved from /opt/airflow/dags/dag_etl_camara_diario.py
[2026-07-06T18:58:39.791+0000] {logging_mixin.py:188} INFO - [2026-07-06T18:58:39.791+0000] {dag.py:3036} INFO - Sync 1 DAGs
[2026-07-06T18:58:39.816+0000] {logging_mixin.py:188} INFO - [2026-07-06T18:58:39.815+0000] {dag.py:3823} INFO - Setting next_dagrun for dag_etl_camara_diario to 2026-07-06 03:00:00+00:00, run_after=2026-07-07 03:00:00+00:00
[2026-07-06T18:58:39.831+0000] {processor.py:183} INFO - Processing /opt/airflow/dags/dag_etl_camara_diario.py took 0.075 seconds
[2026-07-06T18:59:09.961+0000] {processor.py:161} INFO - Started process (PID=4614) to work on /opt/airflow/dags/dag_etl_camara_diario.py
[2026-07-06T18:59:09.962+0000] {processor.py:830} INFO - Processing file /opt/airflow/dags/dag_etl_camara_diario.py for tasks to queue
[2026-07-06T18:59:09.963+0000] {logging_mixin.py:188} INFO - [2026-07-06T18:59:09.963+0000] {dagbag.py:538} INFO - Filling up the DagBag from /opt/airflow/dags/dag_etl_camara_diario.py
[2026-07-06T18:59:09.973+0000] {processor.py:840} INFO - DAG(s) 'dag_etl_camara_diario' retrieved from /opt/airflow/dags/dag_etl_camara_diario.py
[2026-07-06T18:59:09.994+0000] {logging_mixin.py:188} INFO - [2026-07-06T18:59:09.994+0000] {dag.py:3036} INFO - Sync 1 DAGs
[2026-07-06T18:59:10.016+0000] {logging_mixin.py:188} INFO - [2026-07-06T18:59:10.016+0000] {dag.py:3823} INFO - Setting next_dagrun for dag_etl_camara_diario to 2026-07-06 03:00:00+00:00, run_after=2026-07-07 03:00:00+00:00
[2026-07-06T18:59:10.031+0000] {processor.py:183} INFO - Processing /opt/airflow/dags/dag_etl_camara_diario.py took 0.072 seconds
[2026-07-06T18:59:40.160+0000] {processor.py:161} INFO - Started process (PID=4629) to work on /opt/airflow/dags/dag_etl_camara_diario.py
[2026-07-06T18:59:40.161+0000] {processor.py:830} INFO - Processing file /opt/airflow/dags/dag_etl_camara_diario.py for tasks to queue
[2026-07-06T18:59:40.161+0000] {logging_mixin.py:188} INFO - [2026-07-06T18:59:40.161+0000] {dagbag.py:538} INFO - Filling up the DagBag from /opt/airflow/dags/dag_etl_camara_diario.py
[2026-07-06T18:59:40.171+0000] {processor.py:840} INFO - DAG(s) 'dag_etl_camara_diario' retrieved from /opt/airflow/dags/dag_etl_camara_diario.py
[2026-07-06T18:59:40.193+0000] {logging_mixin.py:188} INFO - [2026-07-06T18:59:40.193+0000] {dag.py:3036} INFO - Sync 1 DAGs
[2026-07-06T18:59:40.215+0000] {logging_mixin.py:188} INFO - [2026-07-06T18:59:40.215+0000] {dag.py:3823} INFO - Setting next_dagrun for dag_etl_camara_diario to 2026-07-06 03:00:00+00:00, run_after=2026-07-07 03:00:00+00:00
[2026-07-06T18:59:40.230+0000] {processor.py:183} INFO - Processing /opt/airflow/dags/dag_etl_camara_diario.py took 0.072 seconds
