2026-03-07 02:13:15,407 [INFO] etl_camara — Banco: localhost:5432/quemvota_teste
2026-03-07 02:13:15,407 [INFO] etl_camara — Cache: etl_cache.json
2026-03-07 02:13:15,422 [INFO] etl_camara — Iniciando ETL: 339 datasets | anos=[2008, 2009, 2010, 2011, 2012, 2013, 2014, 2015, 2016, 2017, 2018, 2019, 2020, 2021, 2022, 2023, 2024, 2025, 2026] | legislaturas=[56, 57]
2026-03-07 02:13:15,683 [INFO] etl_camara — ✔ legislaturas.csv (0 linhas)
2026-03-07 02:13:15,753 [INFO] etl_camara —   upsert legislaturas → 0 registros
2026-03-07 02:13:33,026 [INFO] etl_camara — ✔ orgaos.csv (0 linhas)
2026-03-07 02:22:19,430 [INFO] etl_camara — Banco: localhost:5432/quemvota_teste
2026-03-07 02:22:19,430 [INFO] etl_camara — Cache: etl_cache.json
2026-03-07 02:22:19,444 [INFO] etl_camara — Iniciando ETL: 339 datasets | anos=[2008, 2009, 2010, 2011, 2012, 2013, 2014, 2015, 2016, 2017, 2018, 2019, 2020, 2021, 2022, 2023, 2024, 2025, 2026] | legislaturas=[56, 57]
2026-03-07 02:22:19,647 [INFO] etl_camara — ✔ legislaturas.csv (57 linhas)
2026-03-07 02:22:19,703 [INFO] etl_camara —   upsert legislaturas → 57 registros
2026-03-07 02:22:20,227 [INFO] etl_camara — ✔ orgaos.csv (3804 linhas)
2026-03-07 02:22:21,223 [INFO] etl_camara —   upsert orgaos → 3804 registros
2026-03-07 02:22:21,743 [INFO] etl_camara — ✔ deputados.csv (7878 linhas)
2026-03-07 02:22:23,709 [INFO] etl_camara —   upsert deputados → 7878 registros
2026-03-07 02:22:23,709 [INFO] etl_camara — 🚀 Backfill de deputados iniciado  [force=False | slug_only=False]
2026-03-07 02:22:23,775 [INFO] etl_camara — 📋 Total de deputados no banco: 7878
2026-03-07 02:22:23,778 [INFO] etl_camara — 🔍 incompletos: 7878/7878 deputados selecionados para backfill
2026-03-07 02:22:43,691 [INFO] etl_camara — 🔄 50/7878 processados | 50 atualizados | 0 erros
2026-03-07 02:23:09,467 [INFO] etl_camara — 🔄 100/7878 processados | 100 atualizados | 0 erros
2026-03-07 02:23:29,871 [INFO] etl_camara — 🔄 150/7878 processados | 150 atualizados | 0 erros
2026-03-07 02:23:36,640 [WARNING] etl_camara — ⚠️  Slug duplicado — usando sufixo: pires-ferreira-256
2026-03-07 02:23:37,042 [WARNING] etl_camara — ⚠️  Slug duplicado — usando sufixo: pereira-de-brito-257
2026-03-07 02:23:49,538 [WARNING] etl_camara — ⚠️  Slug duplicado — usando sufixo: galvao-293
2026-03-07 02:23:49,927 [INFO] etl_camara — 🔄 200/7878 processados | 200 atualizados | 0 erros
2026-03-07 02:24:01,607 [WARNING] etl_camara — ⚠️  Slug duplicado — usando sufixo: maciel-monteiro-324
2026-03-07 02:24:10,090 [INFO] etl_camara — 🔄 250/7878 processados | 250 atualizados | 0 erros
2026-03-07 02:24:14,938 [WARNING] etl_camara — ⚠️  Slug duplicado — usando sufixo: pedreira-357
2026-03-07 02:24:28,825 [WARNING] etl_camara — ⚠️  Slug duplicado — usando sufixo: lopes-gama-394
2026-03-07 02:24:30,075 [INFO] etl_camara — 🔄 300/7878 processados | 300 atualizados | 0 erros
2026-03-07 02:24:32,439 [WARNING] etl_camara — ⚠️  Slug duplicado — usando sufixo: gomes-de-campos-403
2026-03-07 02:24:34,427 [WARNING] etl_camara — ⚠️  Slug duplicado — usando sufixo: cajueiro-409
2026-03-07 02:24:38,358 [WARNING] etl_camara — ⚠️  Slug duplicado — usando sufixo: wanderley-419
2026-03-07 02:24:42,823 [WARNING] etl_camara — ⚠️  Slug duplicado — usando sufixo: barbosa-431
2026-03-07 02:24:45,579 [WARNING] etl_camara — ⚠️  Slug duplicado — usando sufixo: lima-e-silva-438
2026-03-07 02:24:46,754 [WARNING] etl_camara — ⚠️  Slug duplicado — usando sufixo: monteiro-de-barros-441
2026-03-07 02:24:49,994 [INFO] etl_camara — 🔄 350/7878 processados | 350 atualizados | 0 erros
2026-03-07 02:24:52,261 [WARNING] etl_camara — ⚠️  Slug duplicado — usando sufixo: paes-de-andrade-455
2026-03-07 02:25:00,383 [WARNING] etl_camara — ⚠️  Slug duplicado — usando sufixo: junqueira-475
2026-03-07 02:25:02,785 [WARNING] etl_camara — ⚠️  Slug duplicado — usando sufixo: fernandes-de-barros-481
2026-03-07 02:25:10,990 [INFO] etl_camara — 🔄 400/7878 processados | 400 atualizados | 0 erros
2026-03-07 02:25:26,890 [WARNING] etl_camara — ⚠️  Slug duplicado — usando sufixo: carneiro-de-campos-543
2026-03-07 02:25:29,308 [WARNING] etl_camara — ⚠️  Slug duplicado — usando sufixo: macedo-549
2026-03-07 02:25:31,259 [INFO] etl_camara — 🔄 450/7878 processados | 450 atualizados | 0 erros
2026-03-07 02:25:31,643 [WARNING] etl_camara — ⚠️  Slug duplicado — usando sufixo: paranhos-555
2026-03-07 02:25:38,156 [WARNING] etl_camara — ⚠️  Slug duplicado — usando sufixo: silva-guimaraes-571
2026-03-07 02:25:51,687 [INFO] etl_camara — 🔄 500/7878 processados | 500 atualizados | 0 erros
2026-03-07 02:26:00,270 [WARNING] etl_camara — ⚠️  Slug duplicado — usando sufixo: araujo-lima-625
2026-03-07 02:26:12,198 [INFO] etl_camara — 🔄 550/7878 processados | 550 atualizados | 0 erros
2026-03-07 02:26:15,449 [WARNING] etl_camara — ⚠️  Slug duplicado — usando sufixo: freitas-663
2026-03-07 02:26:23,541 [WARNING] etl_camara — ⚠️  Slug duplicado — usando sufixo: dantas-684
2026-03-07 02:26:26,753 [WARNING] etl_camara — ⚠️  Slug duplicado — usando sufixo: araujo-lima-693
2026-03-07 02:26:28,783 [WARNING] etl_camara — ⚠️  Slug duplicado — usando sufixo: fernandes-vieira-698
2026-03-07 02:26:29,202 [WARNING] etl_camara — ⚠️  Slug duplicado — usando sufixo: ribeiro-700
2026-03-07 02:26:32,369 [INFO] etl_camara — 🔄 600/7878 processados | 600 atualizados | 0 erros
2026-03-07 02:26:39,250 [WARNING] etl_camara — ⚠️  Slug duplicado — usando sufixo: rocha-franco-726
2026-03-07 02:26:45,320 [WARNING] etl_camara — ⚠️  Slug duplicado — usando sufixo: carneiro-da-cunha-742
2026-03-07 02:26:48,156 [WARNING] etl_camara — ⚠️  Slug duplicado — usando sufixo: garcia-de-almeida-749
2026-03-07 02:26:52,606 [INFO] etl_camara — 🔄 650/7878 processados | 650 atualizados | 0 erros
2026-03-07 02:26:53,799 [WARNING] etl_camara — ⚠️  Slug duplicado — usando sufixo: costa-pinto-764
2026-03-07 02:26:54,183 [WARNING] etl_camara — ⚠️  Slug duplicado — usando sufixo: gaviao-peixoto-765
2026-03-07 02:26:57,917 [WARNING] etl_camara — ⚠️  Slug duplicado — usando sufixo: tavares-bastos-775
2026-03-07 02:26:59,568 [WARNING] etl_camara — ⚠️  Slug duplicado — usando sufixo: junqueira-779
2026-03-07 02:27:03,622 [WARNING] etl_camara — ⚠️  Slug duplicado — usando sufixo: ferreira-da-veiga-789
2026-03-07 02:27:06,132 [WARNING] etl_camara — ⚠️  Slug duplicado — usando sufixo: carneiro-da-cunha-795
2026-03-07 02:27:06,508 [WARNING] etl_camara — ⚠️  Slug duplicado — usando sufixo: silveira-da-mota-796
2026-03-07 02:27:08,542 [WARNING] etl_camara — ⚠️  Slug duplicado — usando sufixo: sousa-mendes-802
2026-03-07 02:27:08,951 [WARNING] etl_camara — ⚠️  Slug duplicado — usando sufixo: raposo-da-camara-803
2026-03-07 02:27:10,987 [WARNING] etl_camara — ⚠️  Slug duplicado — usando sufixo: lessa-808
2026-03-07 02:27:12,985 [INFO] etl_camara — 🔄 700/7878 processados | 700 atualizados | 0 erros
2026-03-07 02:27:15,442 [WARNING] etl_camara — ⚠️  Slug duplicado — usando sufixo: souto-819
2026-03-07 02:27:16,422 [WARNING] etl_camara — ⚠️  Slug duplicado — usando sufixo: figueiredo-821
2026-03-07 02:27:18,213 [WARNING] etl_camara — ⚠️  Slug duplicado — usando sufixo: vasconcelos-825
2026-03-07 02:27:22,686 [WARNING] etl_camara — ⚠️  Slug duplicado — usando sufixo: limpo-de-abreu-836
2026-03-07 02:27:25,124 [WARNING] etl_camara — ⚠️  Slug duplicado — usando sufixo: godoi-843
2026-03-07 02:27:25,536 [WARNING] etl_camara — ⚠️  Slug duplicado — usando sufixo: pereira-de-brito-844
2026-03-07 02:27:31,139 [WARNING] etl_camara — ⚠️  Slug duplicado — usando sufixo: macedo-858
2026-03-07 02:27:33,560 [INFO] etl_camara — 🔄 750/7878 processados | 750 atualizados | 0 erros
2026-03-07 02:27:34,059 [WARNING] etl_camara — ⚠️  Slug duplicado — usando sufixo: paula-souza-866
2026-03-07 02:27:45,421 [WARNING] etl_camara — ⚠️  Slug duplicado — usando sufixo: felicio-dos-santos-892
2026-03-07 02:27:45,800 [WARNING] etl_camara — ⚠️  Slug duplicado — usando sufixo: melo-franco-893
2026-03-07 02:27:51,930 [WARNING] etl_camara — ⚠️  Slug duplicado — usando sufixo: batista-pereira-908
2026-03-07 02:27:53,486 [WARNING] etl_camara — ⚠️  Slug duplicado — usando sufixo: morais-costa-912
2026-03-07 02:27:54,753 [INFO] etl_camara — 🔄 800/7878 processados | 800 atualizados | 0 erros
2026-03-07 02:27:59,172 [WARNING] etl_camara — ⚠️  Slug duplicado — usando sufixo: figueiredo-rocha-927
2026-03-07 02:27:59,566 [WARNING] etl_camara — ⚠️  Slug duplicado — usando sufixo: goncalves-da-silva-928
2026-03-07 02:28:02,442 [WARNING] etl_camara — ⚠️  Slug duplicado — usando sufixo: fontes-934
2026-03-07 02:28:03,653 [WARNING] etl_camara — ⚠️  Slug duplicado — usando sufixo: almeida-e-albuquerque-937
2026-03-07 02:28:04,443 [WARNING] etl_camara — ⚠️  Slug duplicado — usando sufixo: melo-matos-940
2026-03-07 02:28:07,254 [WARNING] etl_camara — ⚠️  Slug duplicado — usando sufixo: paranhos-947
2026-03-07 02:28:08,365 [WARNING] etl_camara — ⚠️  Slug duplicado — usando sufixo: benjamim-949
2026-03-07 02:28:16,251 [WARNING] etl_camara — ⚠️  Slug duplicado — usando sufixo: assis-rocha-965
2026-03-07 02:28:17,084 [INFO] etl_camara — 🔄 850/7878 processados | 850 atualizados | 0 erros
2026-03-07 02:28:17,468 [WARNING] etl_camara — ⚠️  Slug duplicado — usando sufixo: correia-968
2026-03-07 02:28:18,680 [WARNING] etl_camara — ⚠️  Slug duplicado — usando sufixo: barros-barreto-971
2026-03-07 02:28:23,544 [WARNING] etl_camara — ⚠️  Slug duplicado — usando sufixo: azambuja-985
2026-03-07 02:28:25,957 [WARNING] etl_camara — ⚠️  Slug duplicado — usando sufixo: belisario-989
2026-03-07 02:28:27,951 [WARNING] etl_camara — ⚠️  Slug duplicado — usando sufixo: galvao-994
2026-03-07 02:28:37,186 [WARNING] etl_camara — ⚠️  Slug duplicado — usando sufixo: carneiro-leao-1017
2026-03-07 02:28:38,411 [INFO] etl_camara — 🔄 900/7878 processados | 900 atualizados | 0 erros
2026-03-07 02:28:49,460 [WARNING] etl_camara — ⚠️  Slug duplicado — usando sufixo: rocha-1049
2026-03-07 02:28:55,102 [WARNING] etl_camara — ⚠️  Slug duplicado — usando sufixo: pires-ferreira-1061
2026-03-07 02:28:59,919 [WARNING] etl_camara — ⚠️  Slug duplicado — usando sufixo: almeida-couto-1071
2026-03-07 02:29:00,322 [WARNING] etl_camara — ⚠️  Slug duplicado — usando sufixo: bulcao-1072
2026-03-07 02:29:00,326 [INFO] etl_camara — 🔄 950/7878 processados | 950 atualizados | 0 erros
2026-03-07 02:29:10,246 [WARNING] etl_camara — ⚠️  Slug duplicado — usando sufixo: lemos-1094
2026-03-07 02:29:11,396 [WARNING] etl_camara — ⚠️  Slug duplicado — usando sufixo: melo-franco-1097
2026-03-07 02:29:21,360 [WARNING] etl_camara — ⚠️  Slug duplicado — usando sufixo: freitas-1118
2026-03-07 02:29:23,413 [INFO] etl_camara — 🔄 1000/7878 processados | 1000 atualizados | 0 erros
2026-03-07 02:29:24,997 [WARNING] etl_camara — ⚠️  Slug duplicado — usando sufixo: antonio-carlos-1128
2026-03-07 02:29:26,565 [WARNING] etl_camara — ⚠️  Slug duplicado — usando sufixo: barros-pimentel-1133
2026-03-07 02:29:33,468 [WARNING] etl_camara — ⚠️  Slug duplicado — usando sufixo: monjardim-1148
2026-03-07 02:29:45,287 [WARNING] etl_camara — ⚠️  Slug duplicado — usando sufixo: peretti-1176
2026-03-07 02:29:45,291 [INFO] etl_camara — 🔄 1050/7878 processados | 1050 atualizados | 0 erros
2026-03-07 02:29:45,698 [WARNING] etl_camara — ⚠️  Slug duplicado — usando sufixo: rego-barros-1177
2026-03-07 02:29:46,094 [WARNING] etl_camara — ⚠️  Slug duplicado — usando sufixo: castelo-branco-1178
2026-03-07 02:29:53,549 [WARNING] etl_camara — ⚠️  Slug duplicado — usando sufixo: ribeiro-da-luz-1197
2026-03-07 02:29:54,776 [WARNING] etl_camara — ⚠️  Slug duplicado — usando sufixo: leitao-da-cunha-1200
2026-03-07 02:29:56,011 [WARNING] etl_camara — ⚠️  Slug duplicado — usando sufixo: correia-de-araujo-1203
2026-03-07 02:29:57,610 [WARNING] etl_camara — ⚠️  Slug duplicado — usando sufixo: joaquim-pedro-1207
2026-03-07 02:29:58,828 [WARNING] etl_camara — ⚠️  Slug duplicado — usando sufixo: castrioto-1210
2026-03-07 02:29:59,227 [WARNING] etl_camara — ⚠️  Slug duplicado — usando sufixo: valdetaro-1211
2026-03-07 02:30:06,301 [INFO] etl_camara — 🔄 1100/7878 processados | 1100 atualizados | 0 erros
2026-03-07 02:30:06,733 [WARNING] etl_camara — ⚠️  Slug duplicado — usando sufixo: matoso-camara-1229
2026-03-07 02:30:07,991 [WARNING] etl_camara — ⚠️  Slug duplicado — usando sufixo: domingues-da-silva-1232
2026-03-07 02:30:11,423 [WARNING] etl_camara — ⚠️  Slug duplicado — usando sufixo: pedro-brandao-1241
2026-03-07 02:30:11,866 [WARNING] etl_camara — ⚠️  Slug duplicado — usando sufixo: costa-aguiar-1242
2026-03-07 02:30:15,693 [WARNING] etl_camara — ⚠️  Slug duplicado — usando sufixo: miranda-ribeiro-1252
2026-03-07 02:30:17,085 [WARNING] etl_camara — ⚠️  Slug duplicado — usando sufixo: silva-tavares-1255
2026-03-07 02:30:18,906 [WARNING] etl_camara — ⚠️  Slug duplicado — usando sufixo: pedro-luis-1259
2026-03-07 02:30:23,656 [WARNING] etl_camara — ⚠️  Slug duplicado — usando sufixo: martim-francisco-1272
2026-03-07 02:30:25,485 [WARNING] etl_camara — ⚠️  Slug duplicado — usando sufixo: goncalves-martins-1276
2026-03-07 02:30:26,496 [WARNING] etl_camara — ⚠️  Slug duplicado — usando sufixo: nabuco-de-araujo-1278
2026-03-07 02:30:28,762 [INFO] etl_camara — 🔄 1150/7878 processados | 1150 atualizados | 0 erros
2026-03-07 02:30:49,848 [INFO] etl_camara — 🔄 1200/7878 processados | 1200 atualizados | 0 erros
2026-03-07 02:31:00,499 [WARNING] etl_camara — ⚠️  Slug duplicado — usando sufixo: antonio-carlos-1588
2026-03-07 02:31:10,295 [INFO] etl_camara — 🔄 1250/7878 processados | 1250 atualizados | 0 erros
2026-03-07 02:31:13,185 [WARNING] etl_camara — ⚠️  Slug duplicado — usando sufixo: liberato-barroso-1634
2026-03-07 02:31:13,988 [WARNING] etl_camara — ⚠️  Slug duplicado — usando sufixo: figueiredo-1637
2026-03-07 02:31:24,767 [WARNING] etl_camara — ⚠️  Slug duplicado — usando sufixo: correia-rabelo-1675
2026-03-07 02:31:25,188 [WARNING] etl_camara — ⚠️  Slug duplicado — usando sufixo: costa-machado-1676
2026-03-07 02:31:31,002 [INFO] etl_camara — 🔄 1300/7878 processados | 1300 atualizados | 0 erros
2026-03-07 02:31:49,135 [WARNING] etl_camara — ⚠️  Slug duplicado — usando sufixo: almeida-pereira-1762
2026-03-07 02:31:51,663 [INFO] etl_camara — 🔄 1350/7878 processados | 1350 atualizados | 0 erros
2026-03-07 02:31:52,858 [WARNING] etl_camara — ⚠️  Slug duplicado — usando sufixo: viriato-de-medeiros-1774
2026-03-07 02:32:04,566 [WARNING] etl_camara — ⚠️  Slug duplicado — usando sufixo: rodrigues-lima-1817
2026-03-07 02:32:08,814 [WARNING] etl_camara — ⚠️  Slug duplicado — usando sufixo: antonio-de-siqueira-1828
2026-03-07 02:32:13,560 [INFO] etl_camara — 🔄 1400/7878 processados | 1400 atualizados | 0 erros
2026-03-07 02:32:17,186 [WARNING] etl_camara — ⚠️  Slug duplicado — usando sufixo: lima-duarte-1853
2026-03-07 02:32:18,497 [WARNING] etl_camara — ⚠️  Slug duplicado — usando sufixo: monteiro-de-barros-1857
2026-03-07 02:32:19,588 [WARNING] etl_camara — ⚠️  Slug duplicado — usando sufixo: otoni-1860
2026-03-07 02:32:31,976 [WARNING] etl_camara — ⚠️  Slug duplicado — usando sufixo: costa-azevedo-1907
2026-03-07 02:32:32,778 [WARNING] etl_camara — ⚠️  Slug duplicado — usando sufixo: euzebio-de-queiroz-1909
2026-03-07 02:32:34,880 [INFO] etl_camara — 🔄 1450/7878 processados | 1450 atualizados | 0 erros
2026-03-07 02:32:38,474 [WARNING] etl_camara — ⚠️  Slug duplicado — usando sufixo: oliveira-braga-1934
2026-03-07 02:32:55,581 [INFO] etl_camara — 🔄 1500/7878 processados | 1500 atualizados | 0 erros
2026-03-07 02:32:57,592 [WARNING] etl_camara — ⚠️  Slug duplicado — usando sufixo: pereira-dos-santos-2001
2026-03-07 02:33:04,557 [WARNING] etl_camara — ⚠️  Slug duplicado — usando sufixo: ferreira-franca-2027
2026-03-07 02:33:10,274 [WARNING] etl_camara — ⚠️  Slug duplicado — usando sufixo: esperidiao-2047
2026-03-07 02:33:11,090 [WARNING] etl_camara — ⚠️  Slug duplicado — usando sufixo: felicio-dos-santos-2049
2026-03-07 02:33:16,416 [INFO] etl_camara — 🔄 1550/7878 processados | 1550 atualizados | 0 erros
2026-03-07 02:33:23,346 [WARNING] etl_camara — ⚠️  Slug duplicado — usando sufixo: pereira-lima-2090
2026-03-07 02:33:32,416 [WARNING] etl_camara — ⚠️  Slug duplicado — usando sufixo: melo-matos-2125
2026-03-07 02:33:33,605 [WARNING] etl_camara — ⚠️  Slug duplicado — usando sufixo: dias-vieira-2131
2026-03-07 02:33:37,305 [INFO] etl_camara — 🔄 1600/7878 processados | 1600 atualizados | 0 erros
2026-03-07 02:33:41,359 [WARNING] etl_camara — ⚠️  Slug duplicado — usando sufixo: julio-de-melo-2158
2026-03-07 02:33:43,899 [WARNING] etl_camara — ⚠️  Slug duplicado — usando sufixo: alvares-de-azevedo-2168
2026-03-07 02:33:45,928 [WARNING] etl_camara — ⚠️  Slug duplicado — usando sufixo: borges-monteiro-2174
2026-03-07 02:33:47,900 [WARNING] etl_camara — ⚠️  Slug duplicado — usando sufixo: ferreira-braga-2183
2026-03-07 02:33:50,798 [WARNING] etl_camara — ⚠️  Slug duplicado — usando sufixo: ferreira-pena-2192
2026-03-07 02:33:52,046 [WARNING] etl_camara — ⚠️  Slug duplicado — usando sufixo: leao-veloso-2195
2026-03-07 02:33:54,560 [WARNING] etl_camara — ⚠️  Slug duplicado — usando sufixo: figueiredo-rocha-2208
2026-03-07 02:33:57,477 [WARNING] etl_camara — ⚠️  Slug duplicado — usando sufixo: joao-penido-2220
2026-03-07 02:33:57,914 [INFO] etl_camara — 🔄 1650/7878 processados | 1650 atualizados | 0 erros
2026-03-07 02:34:08,167 [WARNING] etl_camara — ⚠️  Slug duplicado — usando sufixo: costa-pinto-2263
2026-03-07 02:34:15,303 [WARNING] etl_camara — ⚠️  Slug duplicado — usando sufixo: paulino-de-sousa-2288
2026-03-07 02:34:18,591 [INFO] etl_camara — 🔄 1700/7878 processados | 1700 atualizados | 0 erros
2026-03-07 02:34:27,268 [WARNING] etl_camara — ⚠️  Slug duplicado — usando sufixo: moreira-da-rocha-2335
2026-03-07 02:34:33,393 [WARNING] etl_camara — ⚠️  Slug duplicado — usando sufixo: mata-machado-2352
2026-03-07 02:34:37,533 [WARNING] etl_camara — ⚠️  Slug duplicado — usando sufixo: cunha-vasconcelos-2364
2026-03-07 02:34:39,143 [INFO] etl_camara — 🔄 1750/7878 processados | 1750 atualizados | 0 erros
2026-03-07 02:34:52,972 [WARNING] etl_camara — ⚠️  Slug duplicado — usando sufixo: pedro-luis-2421
2026-03-07 02:34:53,817 [WARNING] etl_camara — ⚠️  Slug duplicado — usando sufixo: castelo-branco-2424
2026-03-07 02:34:55,767 [WARNING] etl_camara — ⚠️  Slug duplicado — usando sufixo: costa-ribeiro-2430
2026-03-07 02:34:59,205 [WARNING] etl_camara — ⚠️  Slug duplicado — usando sufixo: antunes-maciel-2438
2026-03-07 02:35:00,085 [INFO] etl_camara — 🔄 1800/7878 processados | 1800 atualizados | 0 erros
2026-03-07 02:35:01,294 [WARNING] etl_camara — ⚠️  Slug duplicado — usando sufixo: ponce-de-leon-2445
2026-03-07 02:35:04,514 [WARNING] etl_camara — ⚠️  Slug duplicado — usando sufixo: castro-rebelo-2455
2026-03-07 02:35:15,360 [WARNING] etl_camara — ⚠️  Slug duplicado — usando sufixo: albuquerque-maranhao-2485
2026-03-07 02:35:16,591 [WARNING] etl_camara — ⚠️  Slug duplicado — usando sufixo: correia-de-brito-2490
2026-03-07 02:35:19,131 [WARNING] etl_camara — ⚠️  Slug duplicado — usando sufixo: azevedo-sodre-2497
2026-03-07 02:35:20,797 [INFO] etl_camara — 🔄 1850/7878 processados | 1850 atualizados | 0 erros
2026-03-07 02:35:25,770 [WARNING] etl_camara — ⚠️  Slug duplicado — usando sufixo: francisco-campos-2518
2026-03-07 02:35:36,836 [WARNING] etl_camara — ⚠️  Slug duplicado — usando sufixo: rego-barros-2557
2026-03-07 02:35:38,436 [WARNING] etl_camara — ⚠️  Slug duplicado — usando sufixo: joaquim-de-mello-2567
2026-03-07 02:35:41,291 [INFO] etl_camara — 🔄 1900/7878 processados | 1900 atualizados | 0 erros
2026-03-07 02:35:56,605 [WARNING] etl_camara — ⚠️  Slug duplicado — usando sufixo: araujo-lima-2638
2026-03-07 02:36:01,964 [INFO] etl_camara — 🔄 1950/7878 processados | 1950 atualizados | 0 erros
2026-03-07 02:36:12,451 [WARNING] etl_camara — ⚠️  Slug duplicado — usando sufixo: leitao-da-cunha-2710
2026-03-07 02:36:16,561 [WARNING] etl_camara — ⚠️  Slug duplicado — usando sufixo: generoso-ponce-2729
2026-03-07 02:36:18,236 [WARNING] etl_camara — ⚠️  Slug duplicado — usando sufixo: melo-franco-2741
2026-03-07 02:36:22,436 [INFO] etl_camara — 🔄 2000/7878 processados | 2000 atualizados | 0 erros
2026-03-07 02:36:26,754 [WARNING] etl_camara — ⚠️  Slug duplicado — usando sufixo: lacerda-werneck-2798
2026-03-07 02:36:27,561 [WARNING] etl_camara — ⚠️  Slug duplicado — usando sufixo: rodrigues-alves-2802
2026-03-07 02:36:28,738 [WARNING] etl_camara — ⚠️  Slug duplicado — usando sufixo: deodato-maia-2807
2026-03-07 02:36:38,141 [WARNING] etl_camara — ⚠️  Slug duplicado — usando sufixo: alencar-araripe-2848
2026-03-07 02:36:41,382 [WARNING] etl_camara — ⚠️  Slug duplicado — usando sufixo: joao-henrique-2874
2026-03-07 02:36:42,613 [INFO] etl_camara — 🔄 2050/7878 processados | 2050 atualizados | 0 erros
2026-03-07 02:37:02,903 [INFO] etl_camara — 🔄 2100/7878 processados | 2100 atualizados | 0 erros
2026-03-07 02:37:19,917 [WARNING] etl_camara — ⚠️  Slug duplicado — usando sufixo: pinheiro-machado-3019
2026-03-07 02:37:23,085 [INFO] etl_camara — 🔄 2150/7878 processados | 2150 atualizados | 0 erros
2026-03-07 02:37:43,548 [INFO] etl_camara — 🔄 2200/7878 processados | 2200 atualizados | 0 erros
2026-03-07 02:37:50,787 [WARNING] etl_camara — ⚠️  Slug duplicado — usando sufixo: neto-campelo-3112
2026-03-07 02:37:58,353 [WARNING] etl_camara — ⚠️  Slug duplicado — usando sufixo: teofilo-otoni-3136
2026-03-07 02:38:03,571 [INFO] etl_camara — 🔄 2250/7878 processados | 2250 atualizados | 0 erros
2026-03-07 02:38:09,038 [WARNING] etl_camara — ⚠️  Slug duplicado — usando sufixo: martim-francisco-3559
2026-03-07 02:38:10,670 [WARNING] etl_camara — ⚠️  Slug duplicado — usando sufixo: delfim-moreira-3588
2026-03-07 02:38:15,429 [WARNING] etl_camara — ⚠️  Slug duplicado — usando sufixo: jose-marcelino-3629
2026-03-07 02:38:23,748 [WARNING] etl_camara — ⚠️  Slug duplicado — usando sufixo: tosta-3681
2026-03-07 02:38:23,752 [INFO] etl_camara — 🔄 2300/7878 processados | 2300 atualizados | 0 erros
2026-03-07 02:38:44,043 [INFO] etl_camara — 🔄 2350/7878 processados | 2350 atualizados | 0 erros
2026-03-07 02:38:46,384 [WARNING] etl_camara — ⚠️  Slug duplicado — usando sufixo: gomes-de-matos-3858
2026-03-07 02:38:55,991 [WARNING] etl_camara — ⚠️  Slug duplicado — usando sufixo: almeida-torres-3965
2026-03-07 02:38:59,149 [WARNING] etl_camara — ⚠️  Slug duplicado — usando sufixo: furtado-3988
2026-03-07 02:39:00,377 [WARNING] etl_camara — ⚠️  Slug duplicado — usando sufixo: alcides-lima-4002
2026-03-07 02:39:04,005 [INFO] etl_camara — 🔄 2400/7878 processados | 2400 atualizados | 0 erros
2026-03-07 02:39:05,608 [WARNING] etl_camara — ⚠️  Slug duplicado — usando sufixo: pires-ferreira-4043
2026-03-07 02:39:07,658 [WARNING] etl_camara — ⚠️  Slug duplicado — usando sufixo: joao-pinheiro-4058
2026-03-07 02:39:24,324 [INFO] etl_camara — 🔄 2450/7878 processados | 2450 atualizados | 0 erros
2026-03-07 02:39:44,563 [INFO] etl_camara — 🔄 2500/7878 processados | 2500 atualizados | 0 erros
2026-03-07 02:39:45,777 [WARNING] etl_camara — ⚠️  Slug duplicado — usando sufixo: melo-franco-4379
2026-03-07 02:39:52,396 [WARNING] etl_camara — ⚠️  Slug duplicado — usando sufixo: morais-barros-4431
2026-03-07 02:39:52,780 [WARNING] etl_camara — ⚠️  Slug duplicado — usando sufixo: pedro-borges-4432
2026-03-07 02:40:05,647 [WARNING] etl_camara — ⚠️  Slug duplicado — usando sufixo: simoes-lopes-4498
2026-03-07 02:40:05,652 [INFO] etl_camara — 🔄 2550/7878 processados | 2550 atualizados | 0 erros
2026-03-07 02:40:09,169 [WARNING] etl_camara — ⚠️  Slug duplicado — usando sufixo: jose-bonifacio-4512
2026-03-07 02:40:10,118 [WARNING] etl_camara — ⚠️  Slug duplicado — usando sufixo: jose-paulino-4516
2026-03-07 02:40:10,532 [WARNING] etl_camara — ⚠️  Slug duplicado — usando sufixo: pires-de-carvalho-4518
2026-03-07 02:40:11,745 [WARNING] etl_camara — ⚠️  Slug duplicado — usando sufixo: araujo-gois-4523
2026-03-07 02:40:16,785 [WARNING] etl_camara — ⚠️  Slug duplicado — usando sufixo: pacheco-e-silva-4554
2026-03-07 02:40:18,907 [WARNING] etl_camara — ⚠️  Slug duplicado — usando sufixo: simoes-lopes-4565
2026-03-07 02:40:19,949 [WARNING] etl_camara — ⚠️  Slug duplicado — usando sufixo: rocha-faria-4567
2026-03-07 02:40:25,750 [WARNING] etl_camara — ⚠️  Slug duplicado — usando sufixo: alcantara-machado-4596
2026-03-07 02:40:26,599 [WARNING] etl_camara — ⚠️  Slug duplicado — usando sufixo: jose-carlos-4598
2026-03-07 02:40:27,012 [INFO] etl_camara — 🔄 2600/7878 processados | 2600 atualizados | 0 erros
2026-03-07 02:40:40,874 [WARNING] etl_camara — ⚠️  Slug duplicado — usando sufixo: barros-penteado-4668
2026-03-07 02:40:41,286 [WARNING] etl_camara — ⚠️  Slug duplicado — usando sufixo: antonio-carlos-4671
2026-03-07 02:40:47,976 [INFO] etl_camara — 🔄 2650/7878 processados | 2650 atualizados | 0 erros
2026-03-07 02:40:48,362 [WARNING] etl_camara — ⚠️  Slug duplicado — usando sufixo: pinheiro-chagas-4712
2026-03-07 02:41:09,333 [INFO] etl_camara — 🔄 2700/7878 processados | 2700 atualizados | 0 erros
2026-03-07 02:41:09,721 [WARNING] etl_camara — ⚠️  Slug duplicado — usando sufixo: gama-cerqueira-4801
2026-03-07 02:41:23,255 [WARNING] etl_camara — ⚠️  Slug duplicado — usando sufixo: antonio-martins-4858
2026-03-07 02:41:28,134 [WARNING] etl_camara — ⚠️  Slug duplicado — usando sufixo: manuel-duarte-4882
2026-03-07 02:41:31,425 [INFO] etl_camara — 🔄 2750/7878 processados | 2750 atualizados | 0 erros
2026-03-07 02:41:56,315 [INFO] etl_camara — 🔄 2800/7878 processados | 2800 atualizados | 0 erros
2026-03-07 02:42:10,955 [WARNING] etl_camara — ⚠️  Slug duplicado — usando sufixo: cunha-lima-73444
2026-03-07 02:42:17,033 [INFO] etl_camara — 🔄 2850/7878 processados | 2850 atualizados | 0 erros
2026-03-07 02:42:20,297 [WARNING] etl_camara — ⚠️  Slug duplicado — usando sufixo: santos-filho-73467
2026-03-07 02:42:38,018 [INFO] etl_camara — 🔄 2900/7878 processados | 2900 atualizados | 0 erros
2026-03-07 02:42:58,373 [INFO] etl_camara — 🔄 2950/7878 processados | 2950 atualizados | 0 erros
2026-03-07 02:43:19,064 [INFO] etl_camara — 🔄 3000/7878 processados | 3000 atualizados | 0 erros
2026-03-07 02:43:39,243 [INFO] etl_camara — 🔄 3050/7878 processados | 3050 atualizados | 0 erros
2026-03-07 02:43:45,586 [WARNING] etl_camara — ⚠️  Slug duplicado — usando sufixo: joao-teixeira-73744
2026-03-07 02:43:51,644 [WARNING] etl_camara — ⚠️  Slug duplicado — usando sufixo: affonso-camargo-73765
2026-03-07 02:43:59,103 [INFO] etl_camara — 🔄 3100/7878 processados | 3100 atualizados | 0 erros
2026-03-07 02:44:07,182 [WARNING] etl_camara — ⚠️  Slug duplicado — usando sufixo: roberto-franca-73804
2026-03-07 02:44:19,254 [INFO] etl_camara — 🔄 3150/7878 processados | 3150 atualizados | 0 erros
2026-03-07 02:44:31,515 [WARNING] etl_camara — ⚠️  Slug duplicado — usando sufixo: paulo-gouvea-73884
2026-03-07 02:44:39,573 [INFO] etl_camara — 🔄 3200/7878 processados | 3200 atualizados | 0 erros
2026-03-07 02:44:48,758 [WARNING] etl_camara — ⚠️  Slug duplicado — usando sufixo: antonio-nogueira-73927
2026-03-07 02:44:59,638 [INFO] etl_camara — 🔄 3250/7878 processados | 3250 atualizados | 0 erros
2026-03-07 02:45:19,842 [INFO] etl_camara — 🔄 3300/7878 processados | 3300 atualizados | 0 erros
2026-03-07 02:45:23,051 [WARNING] etl_camara — ⚠️  Slug duplicado — usando sufixo: costa-ferreira-74016
2026-03-07 02:45:39,768 [INFO] etl_camara — 🔄 3350/7878 processados | 3350 atualizados | 0 erros
2026-03-07 02:45:59,756 [INFO] etl_camara — 🔄 3400/7878 processados | 3400 atualizados | 0 erros
2026-03-07 02:46:19,873 [INFO] etl_camara — 🔄 3450/7878 processados | 3450 atualizados | 0 erros
2026-03-07 02:46:31,073 [WARNING] etl_camara — ⚠️  Slug duplicado — usando sufixo: antonio-jorge-74186
2026-03-07 02:46:34,345 [WARNING] etl_camara — ⚠️  Slug duplicado — usando sufixo: antonio-joaquim-74194
2026-03-07 02:46:37,540 [WARNING] etl_camara — ⚠️  Slug duplicado — usando sufixo: joao-alberto-74202
2026-03-07 02:46:39,934 [INFO] etl_camara — 🔄 3500/7878 processados | 3500 atualizados | 0 erros
2026-03-07 02:46:55,816 [WARNING] etl_camara — ⚠️  Slug duplicado — usando sufixo: candido-mendes-74246
2026-03-07 02:47:00,524 [INFO] etl_camara — 🔄 3550/7878 processados | 3550 atualizados | 0 erros
2026-03-07 02:47:01,748 [WARNING] etl_camara — ⚠️  Slug duplicado — usando sufixo: joao-batista-74261
2026-03-07 02:47:18,323 [WARNING] etl_camara — ⚠️  Slug duplicado — usando sufixo: paes-de-andrade-74302
2026-03-07 02:47:20,853 [INFO] etl_camara — 🔄 3600/7878 processados | 3600 atualizados | 0 erros
2026-03-07 02:47:23,692 [WARNING] etl_camara — ⚠️  Slug duplicado — usando sufixo: joao-henrique-74316
2026-03-07 02:47:41,199 [INFO] etl_camara — 🔄 3650/7878 processados | 3650 atualizados | 0 erros
2026-03-07 02:47:41,575 [WARNING] etl_camara — ⚠️  Slug duplicado — usando sufixo: sergio-carvalho-74360
2026-03-07 02:48:00,929 [INFO] etl_camara — 🔄 3700/7878 processados | 3700 atualizados | 0 erros
2026-03-07 02:48:06,547 [WARNING] etl_camara — ⚠️  Slug duplicado — usando sufixo: jose-jorge-74424
2026-03-07 02:48:21,154 [INFO] etl_camara — 🔄 3750/7878 processados | 3750 atualizados | 0 erros
2026-03-07 02:48:41,334 [INFO] etl_camara — 🔄 3800/7878 processados | 3800 atualizados | 0 erros
2026-03-07 02:48:42,107 [WARNING] etl_camara — ⚠️  Slug duplicado — usando sufixo: wilson-cunha-74531
2026-03-07 02:49:01,417 [INFO] etl_camara — 🔄 3850/7878 processados | 3850 atualizados | 0 erros
2026-03-07 02:49:26,613 [INFO] etl_camara — 🔄 3900/7878 processados | 3900 atualizados | 0 erros
2026-03-07 02:49:34,850 [WARNING] etl_camara — ⚠️  Slug duplicado — usando sufixo: joao-sampaio-74685
2026-03-07 02:49:41,210 [WARNING] etl_camara — ⚠️  Slug duplicado — usando sufixo: fleury-74700
2026-03-07 02:49:47,490 [INFO] etl_camara — 🔄 3950/7878 processados | 3950 atualizados | 0 erros
2026-03-07 02:50:08,736 [INFO] etl_camara — 🔄 4000/7878 processados | 4000 atualizados | 0 erros
2026-03-07 02:50:24,619 [WARNING] etl_camara — ⚠️  Slug duplicado — usando sufixo: joao-mendes-74849
2026-03-07 02:50:29,182 [INFO] etl_camara — 🔄 4050/7878 processados | 4050 atualizados | 0 erros
2026-03-07 02:50:54,524 [INFO] etl_camara — 🔄 4100/7878 processados | 4100 atualizados | 0 erros
2026-03-07 02:51:03,824 [WARNING] etl_camara — ⚠️  Slug duplicado — usando sufixo: atila-lira-123086
2026-03-07 02:51:07,782 [WARNING] etl_camara — ⚠️  Slug duplicado — usando sufixo: dionisio-cerqueira-130103
2026-03-07 02:51:08,558 [WARNING] etl_camara — ⚠️  Slug duplicado — usando sufixo: moreira-brandao-130105
2026-03-07 02:51:13,865 [WARNING] etl_camara — ⚠️  Slug duplicado — usando sufixo: gaspar-drumond-130124
2026-03-07 02:51:14,670 [INFO] etl_camara — 🔄 4150/7878 processados | 4150 atualizados | 0 erros
2026-03-07 02:51:15,071 [WARNING] etl_camara — ⚠️  Slug duplicado — usando sufixo: almino-affonso-130127
2026-03-07 02:51:22,154 [WARNING] etl_camara — ⚠️  Slug duplicado — usando sufixo: prudente-de-morais-130150
2026-03-07 02:51:25,946 [WARNING] etl_camara — ⚠️  Slug duplicado — usando sufixo: vaz-de-melo-130159
2026-03-07 02:51:28,767 [WARNING] etl_camara — ⚠️  Slug duplicado — usando sufixo: baeta-neves-130166
2026-03-07 02:51:35,109 [INFO] etl_camara — 🔄 4200/7878 processados | 4200 atualizados | 0 erros
2026-03-07 02:51:44,472 [WARNING] etl_camara — ⚠️  Slug duplicado — usando sufixo: rocha-cavalcanti-130206
2026-03-07 02:51:50,543 [WARNING] etl_camara — ⚠️  Slug duplicado — usando sufixo: sergio-de-oliveira-130222
2026-03-07 02:51:55,443 [INFO] etl_camara — 🔄 4250/7878 processados | 4250 atualizados | 0 erros
2026-03-07 02:52:03,563 [WARNING] etl_camara — ⚠️  Slug duplicado — usando sufixo: fernando-magalhaes-130255
2026-03-07 02:52:09,584 [WARNING] etl_camara — ⚠️  Slug duplicado — usando sufixo: bueno-brandao-130271
2026-03-07 02:52:15,551 [INFO] etl_camara — 🔄 4300/7878 processados | 4300 atualizados | 0 erros
2026-03-07 02:52:21,659 [WARNING] etl_camara — ⚠️  Slug duplicado — usando sufixo: cordeiro-de-miranda-130304
2026-03-07 02:52:22,055 [WARNING] etl_camara — ⚠️  Slug duplicado — usando sufixo: antonio-pinto-130305
2026-03-07 02:52:23,283 [WARNING] etl_camara — ⚠️  Slug duplicado — usando sufixo: costa-neto-130308
2026-03-07 02:52:24,086 [WARNING] etl_camara — ⚠️  Slug duplicado — usando sufixo: carlos-de-campos-130310
2026-03-07 02:52:30,761 [WARNING] etl_camara — ⚠️  Slug duplicado — usando sufixo: batista-pereira-130326
2026-03-07 02:52:35,550 [WARNING] etl_camara — ⚠️  Slug duplicado — usando sufixo: afonso-de-carvalho-130338
2026-03-07 02:52:36,018 [WARNING] etl_camara — ⚠️  Slug duplicado — usando sufixo: bueno-brandao-130339
2026-03-07 02:52:36,407 [INFO] etl_camara — 🔄 4350/7878 processados | 4350 atualizados | 0 erros
2026-03-07 02:52:37,647 [WARNING] etl_camara — ⚠️  Slug duplicado — usando sufixo: coelho-rodrigues-130343
2026-03-07 02:52:38,032 [WARNING] etl_camara — ⚠️  Slug duplicado — usando sufixo: castelo-branco-130344
2026-03-07 02:52:40,568 [WARNING] etl_camara — ⚠️  Slug duplicado — usando sufixo: sampaio-vidal-130350
2026-03-07 02:52:47,514 [WARNING] etl_camara — ⚠️  Slug duplicado — usando sufixo: xavier-de-oliveira-130368
2026-03-07 02:52:56,794 [INFO] etl_camara — 🔄 4400/7878 processados | 4400 atualizados | 0 erros
2026-03-07 02:53:06,820 [WARNING] etl_camara — ⚠️  Slug duplicado — usando sufixo: manhaes-barreto-130418
2026-03-07 02:53:16,431 [WARNING] etl_camara — ⚠️  Slug duplicado — usando sufixo: lacerda-werneck-130442
2026-03-07 02:53:16,845 [INFO] etl_camara — 🔄 4450/7878 processados | 4450 atualizados | 0 erros
2026-03-07 02:53:21,199 [WARNING] etl_camara — ⚠️  Slug duplicado — usando sufixo: ferreira-lima-130454
2026-03-07 02:53:22,862 [WARNING] etl_camara — ⚠️  Slug duplicado — usando sufixo: jose-augusto-130458
2026-03-07 02:53:28,022 [WARNING] etl_camara — ⚠️  Slug duplicado — usando sufixo: leandro-maciel-130471
2026-03-07 02:53:36,905 [INFO] etl_camara — 🔄 4500/7878 processados | 4500 atualizados | 0 erros
2026-03-07 02:53:39,345 [WARNING] etl_camara — ⚠️  Slug duplicado — usando sufixo: wilson-cunha-130501
2026-03-07 02:53:43,325 [WARNING] etl_camara — ⚠️  Slug duplicado — usando sufixo: alberto-torres-130511
2026-03-07 02:53:48,563 [WARNING] etl_camara — ⚠️  Slug duplicado — usando sufixo: costa-rodrigues-130523
2026-03-07 02:53:52,817 [WARNING] etl_camara — ⚠️  Slug duplicado — usando sufixo: pereira-lima-130533
2026-03-07 02:53:57,803 [INFO] etl_camara — 🔄 4550/7878 processados | 4550 atualizados | 0 erros
2026-03-07 02:54:15,284 [WARNING] etl_camara — ⚠️  Slug duplicado — usando sufixo: cunha-machado-130589
2026-03-07 02:54:18,153 [WARNING] etl_camara — ⚠️  Slug duplicado — usando sufixo: israel-pinheiro-130596
2026-03-07 02:54:18,159 [INFO] etl_camara — 🔄 4600/7878 processados | 4600 atualizados | 0 erros
2026-03-07 02:54:20,567 [WARNING] etl_camara — ⚠️  Slug duplicado — usando sufixo: cardoso-de-mello-130602
2026-03-07 02:54:25,966 [WARNING] etl_camara — ⚠️  Slug duplicado — usando sufixo: jose-alves-130615
2026-03-07 02:54:26,392 [WARNING] etl_camara — ⚠️  Slug duplicado — usando sufixo: flores-da-cunha-130616
2026-03-07 02:54:27,183 [WARNING] etl_camara — ⚠️  Slug duplicado — usando sufixo: pontes-vieira-130618
2026-03-07 02:54:38,445 [INFO] etl_camara — 🔄 4650/7878 processados | 4650 atualizados | 0 erros
2026-03-07 02:54:43,657 [WARNING] etl_camara — ⚠️  Slug duplicado — usando sufixo: rocha-loures-130660
2026-03-07 02:54:51,952 [WARNING] etl_camara — ⚠️  Slug duplicado — usando sufixo: carvalho-neto-130681
2026-03-07 02:54:55,926 [WARNING] etl_camara — ⚠️  Slug duplicado — usando sufixo: monteiro-de-barros-130691
2026-03-07 02:54:56,738 [WARNING] etl_camara — ⚠️  Slug duplicado — usando sufixo: santa-rosa-130693
2026-03-07 02:54:58,294 [INFO] etl_camara — 🔄 4700/7878 processados | 4700 atualizados | 0 erros
2026-03-07 02:55:08,813 [WARNING] etl_camara — ⚠️  Slug duplicado — usando sufixo: armando-monteiro-130724
2026-03-07 02:55:09,234 [WARNING] etl_camara — ⚠️  Slug duplicado — usando sufixo: arthur-virgilio-130725
2026-03-07 02:55:10,427 [WARNING] etl_camara — ⚠️  Slug duplicado — usando sufixo: munhoz-da-rocha-130728
2026-03-07 02:55:15,697 [WARNING] etl_camara — ⚠️  Slug duplicado — usando sufixo: bias-fortes-130741
2026-03-07 02:55:18,538 [INFO] etl_camara — 🔄 4750/7878 processados | 4750 atualizados | 0 erros
2026-03-07 02:55:38,985 [WARNING] etl_camara — ⚠️  Slug duplicado — usando sufixo: pimenta-da-veiga-130798
2026-03-07 02:55:39,390 [INFO] etl_camara — 🔄 4800/7878 processados | 4800 atualizados | 0 erros
2026-03-07 02:55:46,571 [WARNING] etl_camara — ⚠️  Slug duplicado — usando sufixo: jose-maria-130816
2026-03-07 02:55:50,643 [WARNING] etl_camara — ⚠️  Slug duplicado — usando sufixo: castro-pinto-130827
2026-03-07 02:55:53,822 [WARNING] etl_camara — ⚠️  Slug duplicado — usando sufixo: mario-martins-130835
2026-03-07 02:55:55,080 [WARNING] etl_camara — ⚠️  Slug duplicado — usando sufixo: miguel-calmon-130838
2026-03-07 02:55:57,509 [WARNING] etl_camara — ⚠️  Slug duplicado — usando sufixo: nestor-duarte-130844
2026-03-07 02:55:59,929 [INFO] etl_camara — 🔄 4850/7878 processados | 4850 atualizados | 0 erros
2026-03-07 02:56:03,944 [WARNING] etl_camara — ⚠️  Slug duplicado — usando sufixo: souza-leao-130860
2026-03-07 02:56:10,390 [WARNING] etl_camara — ⚠️  Slug duplicado — usando sufixo: pereira-da-silva-130876
2026-03-07 02:56:11,624 [WARNING] etl_camara — ⚠️  Slug duplicado — usando sufixo: pereira-pinto-130879
2026-03-07 02:56:13,591 [WARNING] etl_camara — ⚠️  Slug duplicado — usando sufixo: pereira-nunes-130884
2026-03-07 02:56:20,237 [INFO] etl_camara — 🔄 4900/7878 processados | 4900 atualizados | 0 erros
2026-03-07 02:56:31,505 [WARNING] etl_camara — ⚠️  Slug duplicado — usando sufixo: carlos-alberto-130928
2026-03-07 02:56:36,287 [WARNING] etl_camara — ⚠️  Slug duplicado — usando sufixo: moreira-da-rocha-130940
2026-03-07 02:56:40,566 [INFO] etl_camara — 🔄 4950/7878 processados | 4950 atualizados | 0 erros
2026-03-07 02:56:59,546 [WARNING] etl_camara — ⚠️  Slug duplicado — usando sufixo: joao-lisboa-130996
2026-03-07 02:57:00,221 [WARNING] etl_camara — ⚠️  Slug duplicado — usando sufixo: joao-ribeiro-130997
2026-03-07 02:57:01,850 [WARNING] etl_camara — ⚠️  Slug duplicado — usando sufixo: joao-mendes-131001
2026-03-07 02:57:01,855 [INFO] etl_camara — 🔄 5000/7878 processados | 5000 atualizados | 0 erros
2026-03-07 02:57:03,885 [WARNING] etl_camara — ⚠️  Slug duplicado — usando sufixo: carvalho-neto-131006
2026-03-07 02:57:17,953 [WARNING] etl_camara — ⚠️  Slug duplicado — usando sufixo: lino-machado-131043
2026-03-07 02:57:21,976 [INFO] etl_camara — 🔄 5050/7878 processados | 5050 atualizados | 0 erros
2026-03-07 02:57:30,058 [WARNING] etl_camara — ⚠️  Slug duplicado — usando sufixo: costa-rego-131074
2026-03-07 02:57:32,048 [WARNING] etl_camara — ⚠️  Slug duplicado — usando sufixo: nilo-coelho-131079
2026-03-07 02:57:38,400 [WARNING] etl_camara — ⚠️  Slug duplicado — usando sufixo: baeta-neves-131094
2026-03-07 02:57:42,506 [INFO] etl_camara — 🔄 5100/7878 processados | 5100 atualizados | 0 erros
2026-03-07 02:57:44,071 [WARNING] etl_camara — ⚠️  Slug duplicado — usando sufixo: plinio-costa-131108
2026-03-07 02:57:50,239 [WARNING] etl_camara — ⚠️  Slug duplicado — usando sufixo: vieira-de-melo-131124
2026-03-07 02:57:55,955 [WARNING] etl_camara — ⚠️  Slug duplicado — usando sufixo: correa-da-costa-131138
2026-03-07 02:58:02,776 [INFO] etl_camara — 🔄 5150/7878 processados | 5150 atualizados | 0 erros
2026-03-07 02:58:03,570 [WARNING] etl_camara — ⚠️  Slug duplicado — usando sufixo: arruda-camara-131159
2026-03-07 02:58:08,359 [WARNING] etl_camara — ⚠️  Slug duplicado — usando sufixo: pereira-pinto-131171
2026-03-07 02:58:12,475 [WARNING] etl_camara — ⚠️  Slug duplicado — usando sufixo: martins-junior-131181
2026-03-07 02:58:12,859 [WARNING] etl_camara — ⚠️  Slug duplicado — usando sufixo: cunha-bueno-131182
2026-03-07 02:58:23,021 [INFO] etl_camara — 🔄 5200/7878 processados | 5200 atualizados | 0 erros
2026-03-07 02:58:26,112 [WARNING] etl_camara — ⚠️  Slug duplicado — usando sufixo: mata-machado-131215
2026-03-07 02:58:43,213 [INFO] etl_camara — 🔄 5250/7878 processados | 5250 atualizados | 0 erros
2026-03-07 02:58:46,108 [WARNING] etl_camara — ⚠️  Slug duplicado — usando sufixo: joao-lyra-131264
2026-03-07 02:58:54,951 [WARNING] etl_camara — ⚠️  Slug duplicado — usando sufixo: monteiro-de-castro-131286
2026-03-07 02:59:03,597 [INFO] etl_camara — 🔄 5300/7878 processados | 5300 atualizados | 0 erros
2026-03-07 02:59:07,067 [WARNING] etl_camara — ⚠️  Slug duplicado — usando sufixo: miguel-couto-131315
2026-03-07 02:59:16,805 [WARNING] etl_camara — ⚠️  Slug duplicado — usando sufixo: pinheiro-chagas-131339
2026-03-07 02:59:24,105 [INFO] etl_camara — 🔄 5350/7878 processados | 5350 atualizados | 0 erros
2026-03-07 02:59:29,078 [WARNING] etl_camara — ⚠️  Slug duplicado — usando sufixo: simao-da-cunha-131369
2026-03-07 02:59:41,873 [WARNING] etl_camara — ⚠️  Slug duplicado — usando sufixo: arthur-santos-131400
2026-03-07 02:59:44,258 [WARNING] etl_camara — ⚠️  Slug duplicado — usando sufixo: edgard-pereira-131406
2026-03-07 02:59:44,691 [INFO] etl_camara — 🔄 5400/7878 processados | 5400 atualizados | 0 erros
2026-03-07 02:59:53,551 [WARNING] etl_camara — ⚠️  Slug duplicado — usando sufixo: americo-de-souza-131429
2026-03-07 02:59:54,804 [WARNING] etl_camara — ⚠️  Slug duplicado — usando sufixo: tourinho-dantas-131432
2026-03-07 03:00:03,713 [WARNING] etl_camara — ⚠️  Slug duplicado — usando sufixo: leopoldo-peres-131451
2026-03-07 03:00:04,753 [WARNING] etl_camara — ⚠️  Slug duplicado — usando sufixo: luiz-braga-131453
2026-03-07 03:00:06,820 [INFO] etl_camara — 🔄 5450/7878 processados | 5450 atualizados | 0 erros
2026-03-07 03:00:16,747 [WARNING] etl_camara — ⚠️  Slug duplicado — usando sufixo: pedro-carneiro-131476
2026-03-07 03:00:19,592 [WARNING] etl_camara — ⚠️  Slug duplicado — usando sufixo: monteiro-de-barros-131483
2026-03-07 03:00:22,878 [WARNING] etl_camara — ⚠️  Slug duplicado — usando sufixo: vieira-de-melo-131489
2026-03-07 03:00:23,333 [WARNING] etl_camara — ⚠️  Slug duplicado — usando sufixo: castro-e-silva-131490
2026-03-07 03:00:35,281 [INFO] etl_camara — 🔄 5500/7878 processados | 5500 atualizados | 0 erros
2026-03-07 03:00:55,479 [WARNING] etl_camara — ⚠️  Slug duplicado — usando sufixo: francisco-rocha-131538
2026-03-07 03:01:06,189 [WARNING] etl_camara — ⚠️  Slug duplicado — usando sufixo: joao-pedro-131557
2026-03-07 03:01:06,193 [INFO] etl_camara — 🔄 5550/7878 processados | 5550 atualizados | 0 erros
2026-03-07 03:01:10,711 [WARNING] etl_camara — ⚠️  Slug duplicado — usando sufixo: jose-bonifacio-131567
2026-03-07 03:01:11,113 [WARNING] etl_camara — ⚠️  Slug duplicado — usando sufixo: gomes-do-amaral-131568
2026-03-07 03:01:15,560 [WARNING] etl_camara — ⚠️  Slug duplicado — usando sufixo: josias-gomes-131578
2026-03-07 03:01:19,084 [WARNING] etl_camara — ⚠️  Slug duplicado — usando sufixo: luiz-couto-131586
2026-03-07 03:01:30,128 [INFO] etl_camara — 🔄 5600/7878 processados | 5600 atualizados | 0 erros
2026-03-07 03:01:40,191 [WARNING] etl_camara — ⚠️  Slug duplicado — usando sufixo: adalberto-camargo-131630
2026-03-07 03:01:45,531 [WARNING] etl_camara — ⚠️  Slug duplicado — usando sufixo: alvaro-dias-131642
2026-03-07 03:01:48,206 [WARNING] etl_camara — ⚠️  Slug duplicado — usando sufixo: correa-da-costa-131648
2026-03-07 03:01:49,490 [WARNING] etl_camara — ⚠️  Slug duplicado — usando sufixo: feu-rosa-131651
2026-03-07 03:01:49,866 [WARNING] etl_camara — ⚠️  Slug duplicado — usando sufixo: antonio-annibelli-131652
2026-03-07 03:01:51,834 [INFO] etl_camara — 🔄 5650/7878 processados | 5650 atualizados | 0 erros
2026-03-07 03:02:00,277 [WARNING] etl_camara — ⚠️  Slug duplicado — usando sufixo: daniel-silva-131678
2026-03-07 03:02:01,120 [WARNING] etl_camara — ⚠️  Slug duplicado — usando sufixo: freitas-diniz-131680
2026-03-07 03:02:04,668 [WARNING] etl_camara — ⚠️  Slug duplicado — usando sufixo: nina-ribeiro-131688
2026-03-07 03:02:06,380 [WARNING] etl_camara — ⚠️  Slug duplicado — usando sufixo: fernando-goncalves-131691
2026-03-07 03:02:14,079 [INFO] etl_camara — 🔄 5700/7878 processados | 5700 atualizados | 0 erros
2026-03-07 03:02:22,621 [WARNING] etl_camara — ⚠️  Slug duplicado — usando sufixo: joao-menezes-131727
2026-03-07 03:02:29,078 [WARNING] etl_camara — ⚠️  Slug duplicado — usando sufixo: jose-alves-131740
2026-03-07 03:02:33,307 [WARNING] etl_camara — ⚠️  Slug duplicado — usando sufixo: pinheiro-machado-131750
2026-03-07 03:02:36,962 [INFO] etl_camara — 🔄 5750/7878 processados | 5750 atualizados | 0 erros
2026-03-07 03:02:47,039 [WARNING] etl_camara — ⚠️  Slug duplicado — usando sufixo: oswaldo-lima-131781
2026-03-07 03:02:56,813 [WARNING] etl_camara — ⚠️  Slug duplicado — usando sufixo: cardoso-de-almeida-131804
2026-03-07 03:02:57,198 [WARNING] etl_camara — ⚠️  Slug duplicado — usando sufixo: silvio-lopes-131805
2026-03-07 03:02:58,467 [INFO] etl_camara — 🔄 5800/7878 processados | 5800 atualizados | 0 erros
2026-03-07 03:03:04,285 [WARNING] etl_camara — ⚠️  Slug duplicado — usando sufixo: jose-de-assis-131820
2026-03-07 03:03:18,801 [WARNING] etl_camara — ⚠️  Slug duplicado — usando sufixo: antonio-amaral-131853
2026-03-07 03:03:21,651 [INFO] etl_camara — 🔄 5850/7878 processados | 5850 atualizados | 0 erros
2026-03-07 03:03:24,747 [WARNING] etl_camara — ⚠️  Slug duplicado — usando sufixo: augusto-franco-131864
2026-03-07 03:03:46,768 [INFO] etl_camara — 🔄 5900/7878 processados | 5900 atualizados | 0 erros
2026-03-07 03:03:48,420 [WARNING] etl_camara — ⚠️  Slug duplicado — usando sufixo: fernando-magalhaes-131913
2026-03-07 03:04:12,369 [INFO] etl_camara — 🔄 5950/7878 processados | 5950 atualizados | 0 erros
2026-03-07 03:04:24,621 [WARNING] etl_camara — ⚠️  Slug duplicado — usando sufixo: jose-machado-131984
2026-03-07 03:04:36,946 [INFO] etl_camara — 🔄 6000/7878 processados | 6000 atualizados | 0 erros
2026-03-07 03:04:37,718 [WARNING] etl_camara — ⚠️  Slug duplicado — usando sufixo: ferreira-martins-132011
2026-03-07 03:04:55,912 [WARNING] etl_camara — ⚠️  Slug duplicado — usando sufixo: paulo-guerra-132054
2026-03-07 03:04:56,302 [WARNING] etl_camara — ⚠️  Slug duplicado — usando sufixo: paulo-nogueira-132055
2026-03-07 03:04:58,400 [INFO] etl_camara — 🔄 6050/7878 processados | 6050 atualizados | 0 erros
2026-03-07 03:05:00,154 [WARNING] etl_camara — ⚠️  Slug duplicado — usando sufixo: gomes-da-silva-132064
2026-03-07 03:05:22,179 [INFO] etl_camara — 🔄 6100/7878 processados | 6100 atualizados | 0 erros
2026-03-07 03:05:28,067 [WARNING] etl_camara — ⚠️  Slug duplicado — usando sufixo: correia-lima-132122
2026-03-07 03:05:38,287 [WARNING] etl_camara — ⚠️  Slug duplicado — usando sufixo: jurandyr-paixao-132146
2026-03-07 03:05:39,891 [WARNING] etl_camara — ⚠️  Slug duplicado — usando sufixo: carvalho-leal-132148
2026-03-07 03:05:45,198 [INFO] etl_camara — 🔄 6150/7878 processados | 6150 atualizados | 0 erros
2026-03-07 03:05:55,741 [WARNING] etl_camara — ⚠️  Slug duplicado — usando sufixo: mendes-ribeiro-133859
2026-03-07 03:05:56,615 [WARNING] etl_camara — ⚠️  Slug duplicado — usando sufixo: jose-elias-133861
2026-03-07 03:06:07,653 [INFO] etl_camara — 🔄 6200/7878 processados | 6200 atualizados | 0 erros
2026-03-07 03:06:09,348 [WARNING] etl_camara — ⚠️  Slug duplicado — usando sufixo: mario-chermont-133889
2026-03-07 03:06:13,993 [WARNING] etl_camara — ⚠️  Slug duplicado — usando sufixo: carlos-albuquerque-133899
2026-03-07 03:06:30,042 [INFO] etl_camara — 🔄 6250/7878 processados | 6250 atualizados | 0 erros
2026-03-07 03:06:39,296 [WARNING] etl_camara — ⚠️  Slug duplicado — usando sufixo: ciro-nogueira-133957
2026-03-07 03:06:43,737 [WARNING] etl_camara — ⚠️  Slug duplicado — usando sufixo: paulo-ramos-133968
2026-03-07 03:06:44,162 [WARNING] etl_camara — ⚠️  Slug duplicado — usando sufixo: joao-paulo-133969
2026-03-07 03:06:45,775 [WARNING] etl_camara — ⚠️  Slug duplicado — usando sufixo: eurico-ribeiro-133973
2026-03-07 03:06:49,015 [WARNING] etl_camara — ⚠️  Slug duplicado — usando sufixo: joao-alves-133980
2026-03-07 03:06:51,148 [INFO] etl_camara — 🔄 6300/7878 processados | 6300 atualizados | 0 erros
2026-03-07 03:07:13,641 [INFO] etl_camara — 🔄 6350/7878 processados | 6350 atualizados | 0 erros
2026-03-07 03:07:21,773 [WARNING] etl_camara — ⚠️  Slug duplicado — usando sufixo: bezerra-de-melo-139161
2026-03-07 03:07:37,690 [INFO] etl_camara — 🔄 6400/7878 processados | 6400 atualizados | 0 erros
2026-03-07 03:07:50,179 [WARNING] etl_camara — ⚠️  Slug duplicado — usando sufixo: francisco-sales-139213
2026-03-07 03:08:05,244 [INFO] etl_camara — 🔄 6450/7878 processados | 6450 atualizados | 0 erros
2026-03-07 03:08:06,665 [WARNING] etl_camara — ⚠️  Slug duplicado — usando sufixo: jesse-freire-139246
2026-03-07 03:08:08,129 [WARNING] etl_camara — ⚠️  Slug duplicado — usando sufixo: joao-agripino-139249
2026-03-07 03:08:18,293 [WARNING] etl_camara — ⚠️  Slug duplicado — usando sufixo: jose-melo-139270
2026-03-07 03:08:30,073 [INFO] etl_camara — 🔄 6500/7878 processados | 6500 atualizados | 0 erros
2026-03-07 03:08:31,625 [WARNING] etl_camara — ⚠️  Slug duplicado — usando sufixo: maria-lucia-139298
2026-03-07 03:08:42,653 [WARNING] etl_camara — ⚠️  Slug duplicado — usando sufixo: oscar-correa-139326
2026-03-07 03:08:45,364 [WARNING] etl_camara — ⚠️  Slug duplicado — usando sufixo: paulo-marques-139333
2026-03-07 03:08:50,267 [INFO] etl_camara — 🔄 6550/7878 processados | 6550 atualizados | 0 erros
2026-03-07 03:09:04,137 [WARNING] etl_camara — ⚠️  Slug duplicado — usando sufixo: vieira-da-silva-139377
2026-03-07 03:09:11,828 [INFO] etl_camara — 🔄 6600/7878 processados | 6600 atualizados | 0 erros
2026-03-07 03:09:25,183 [WARNING] etl_camara — ⚠️  Slug duplicado — usando sufixo: vieira-da-cunha-141400
2026-03-07 03:09:33,584 [INFO] etl_camara — 🔄 6650/7878 processados | 6650 atualizados | 0 erros
2026-03-07 03:09:45,589 [WARNING] etl_camara — ⚠️  Slug duplicado — usando sufixo: barbosa-neto-141449
2026-03-07 03:09:49,158 [WARNING] etl_camara — ⚠️  Slug duplicado — usando sufixo: joao-carlos-bacelar-141458
2026-03-07 03:09:49,585 [WARNING] etl_camara — ⚠️  Slug duplicado — usando sufixo: joao-maia-141459
2026-03-07 03:09:54,599 [WARNING] etl_camara — ⚠️  Slug duplicado — usando sufixo: jose-guimaraes-141470
2026-03-07 03:09:54,604 [INFO] etl_camara — 🔄 6700/7878 processados | 6700 atualizados | 0 erros
2026-03-07 03:10:12,301 [WARNING] etl_camara — ⚠️  Slug duplicado — usando sufixo: bilac-pinto-141513
2026-03-07 03:10:15,070 [INFO] etl_camara — 🔄 6750/7878 processados | 6750 atualizados | 0 erros
2026-03-07 03:10:19,919 [WARNING] etl_camara — ⚠️  Slug duplicado — usando sufixo: rocha-loures-141532
2026-03-07 03:10:35,146 [INFO] etl_camara — 🔄 6800/7878 processados | 6800 atualizados | 0 erros
2026-03-07 03:10:55,424 [INFO] etl_camara — 🔄 6850/7878 processados | 6850 atualizados | 0 erros
2026-03-07 03:10:56,521 [WARNING] etl_camara — ⚠️  Slug duplicado — usando sufixo: antonio-carlos-159262
2026-03-07 03:10:58,497 [WARNING] etl_camara — ⚠️  Slug duplicado — usando sufixo: joao-batista-160317
2026-03-07 03:10:58,882 [WARNING] etl_camara — ⚠️  Slug duplicado — usando sufixo: carlos-alberto-160318
2026-03-07 03:10:59,657 [WARNING] etl_camara — ⚠️  Slug duplicado — usando sufixo: jose-humberto-160396
2026-03-07 03:11:12,378 [WARNING] etl_camara — ⚠️  Slug duplicado — usando sufixo: marcio-macedo-160542
2026-03-07 03:11:16,570 [INFO] etl_camara — 🔄 6900/7878 processados | 6900 atualizados | 0 erros
2026-03-07 03:11:25,970 [WARNING] etl_camara — ⚠️  Slug duplicado — usando sufixo: joao-arruda-160573
2026-03-07 03:11:37,858 [INFO] etl_camara — 🔄 6950/7878 processados | 6950 atualizados | 0 erros
2026-03-07 03:11:38,680 [WARNING] etl_camara — ⚠️  Slug duplicado — usando sufixo: carlos-magno-160605
2026-03-07 03:11:55,272 [WARNING] etl_camara — ⚠️  Slug duplicado — usando sufixo: luiz-carlos-160645
2026-03-07 03:11:58,572 [INFO] etl_camara — 🔄 7000/7878 processados | 7000 atualizados | 0 erros
2026-03-07 03:11:59,412 [WARNING] etl_camara — ⚠️  Slug duplicado — usando sufixo: ricardo-izar-160655
2026-03-07 03:12:07,933 [WARNING] etl_camara — ⚠️  Slug duplicado — usando sufixo: fernando-torres-160676
2026-03-07 03:12:10,287 [WARNING] etl_camara — ⚠️  Slug duplicado — usando sufixo: hugo-napoleao-160974
2026-03-07 03:12:18,885 [INFO] etl_camara — 🔄 7050/7878 processados | 7050 atualizados | 0 erros
2026-03-07 03:12:19,654 [WARNING] etl_camara — ⚠️  Slug duplicado — usando sufixo: carlos-roberto-165583
2026-03-07 03:12:30,623 [WARNING] etl_camara — ⚠️  Slug duplicado — usando sufixo: fabio-reis-171623
2026-03-07 03:12:37,016 [WARNING] etl_camara — ⚠️  Slug duplicado — usando sufixo: oliveira-belo-176334
2026-03-07 03:12:39,048 [INFO] etl_camara — 🔄 7100/7878 processados | 7100 atualizados | 0 erros
2026-03-07 03:12:46,708 [WARNING] etl_camara — ⚠️  Slug duplicado — usando sufixo: rocha-178840
2026-03-07 03:12:58,082 [WARNING] etl_camara — ⚠️  Slug duplicado — usando sufixo: macedo-178867
2026-03-07 03:13:00,082 [INFO] etl_camara — 🔄 7150/7878 processados | 7150 atualizados | 0 erros
2026-03-07 03:13:20,559 [INFO] etl_camara — 🔄 7200/7878 processados | 7200 atualizados | 0 erros
2026-03-07 03:13:37,005 [WARNING] etl_camara — ⚠️  Slug duplicado — usando sufixo: carlos-gomes-178962
2026-03-07 03:13:41,109 [INFO] etl_camara — 🔄 7250/7878 processados | 7250 atualizados | 0 erros
2026-03-07 03:13:49,652 [WARNING] etl_camara — ⚠️  Slug duplicado — usando sufixo: sergio-reis-178991
2026-03-07 03:14:02,081 [INFO] etl_camara — 🔄 7300/7878 processados | 7300 atualizados | 0 erros
2026-03-07 03:14:15,453 [WARNING] etl_camara — ⚠️  Slug duplicado — usando sufixo: rogerio-silva-198963
2026-03-07 03:14:22,263 [INFO] etl_camara — 🔄 7350/7878 processados | 7350 atualizados | 0 erros
2026-03-07 03:14:26,960 [WARNING] etl_camara — ⚠️  Slug duplicado — usando sufixo: helio-costa-204373
2026-03-07 03:14:42,035 [INFO] etl_camara — 🔄 7400/7878 processados | 7400 atualizados | 0 erros
2026-03-07 03:15:02,000 [INFO] etl_camara — 🔄 7450/7878 processados | 7450 atualizados | 0 erros
2026-03-07 03:15:23,356 [INFO] etl_camara — 🔄 7500/7878 processados | 7500 atualizados | 0 erros
2026-03-07 03:15:44,908 [INFO] etl_camara — 🔄 7550/7878 processados | 7550 atualizados | 0 erros
2026-03-07 03:15:47,648 [WARNING] etl_camara — ⚠️  Slug duplicado — usando sufixo: joao-roma-204576
2026-03-07 03:15:54,455 [WARNING] etl_camara — ⚠️  Slug duplicado — usando sufixo: reinhold-stephanes-205865
2026-03-07 03:16:00,858 [WARNING] etl_camara — ⚠️  Slug duplicado — usando sufixo: dr-joao-213679
2026-03-07 03:16:06,624 [WARNING] etl_camara — ⚠️  Slug duplicado — usando sufixo: pedreira-216072
2026-03-07 03:16:07,026 [INFO] etl_camara — 🔄 7600/7878 processados | 7600 atualizados | 0 erros
2026-03-07 03:16:19,225 [WARNING] etl_camara — ⚠️  Slug duplicado — usando sufixo: albuquerque-220538
2026-03-07 03:16:21,148 [WARNING] etl_camara — ⚠️  Slug duplicado — usando sufixo: antonio-andrade-220544
2026-03-07 03:16:27,515 [INFO] etl_camara — 🔄 7650/7878 processados | 7650 atualizados | 0 erros
2026-03-07 03:16:47,408 [INFO] etl_camara — 🔄 7700/7878 processados | 7700 atualizados | 0 erros
2026-03-07 03:16:47,783 [WARNING] etl_camara — ⚠️  Slug duplicado — usando sufixo: bebeto-220612
2026-03-07 03:17:05,430 [WARNING] etl_camara — ⚠️  Slug duplicado — usando sufixo: andre-fernandes-220657
2026-03-07 03:17:07,082 [INFO] etl_camara — 🔄 7750/7878 processados | 7750 atualizados | 0 erros
2026-03-07 03:17:27,011 [INFO] etl_camara — 🔄 7800/7878 processados | 7800 atualizados | 0 erros
2026-03-07 03:17:33,822 [WARNING] etl_camara — ⚠️  Slug duplicado — usando sufixo: carvalho-de-mendonca-225374
2026-03-07 03:17:35,471 [WARNING] etl_camara — ⚠️  Slug duplicado — usando sufixo: martinho-campos-226061
2026-03-07 03:17:36,652 [WARNING] etl_camara — ⚠️  Slug duplicado — usando sufixo: costa-machado-226064
2026-03-07 03:17:39,447 [WARNING] etl_camara — ⚠️  Slug duplicado — usando sufixo: mariana-carvalho-227275
2026-03-07 03:17:47,453 [INFO] etl_camara — 🔄 7850/7878 processados | 7850 atualizados | 0 erros
2026-03-07 03:17:58,682 [INFO] etl_camara — ════════════════════════════════════════════════════════════
2026-03-07 03:17:58,682 [INFO] etl_camara — 🏁 Backfill de deputados concluído
2026-03-07 03:17:58,682 [INFO] etl_camara —    Alvo        : 7878
2026-03-07 03:17:58,682 [INFO] etl_camara —    Processados : 7878
2026-03-07 03:17:58,682 [INFO] etl_camara —    Atualizados : 7878
2026-03-07 03:17:58,682 [INFO] etl_camara —    Sem dados   : 0
2026-03-07 03:17:58,682 [INFO] etl_camara —    Erros       : 0
2026-03-07 03:17:58,682 [INFO] etl_camara — ════════════════════════════════════════════════════════════
2026-03-07 03:17:59,506 [INFO] etl_camara — ✔ deputadosOcupacoes.csv (37445 linhas)
2026-03-07 03:18:12,623 [INFO] etl_camara —   FK-insert _raw_deputadosOcupacoes → 33008 registros
2026-03-07 03:18:13,180 [INFO] etl_camara — ✔ deputadosProfissoes.csv (12578 linhas)
2026-03-07 03:18:20,186 [INFO] etl_camara —   FK-insert _raw_deputadosProfissoes → 12578 registros
2026-03-07 03:18:20,691 [INFO] etl_camara — ✔ frentes.csv (1437 linhas)
2026-03-07 03:18:22,477 [INFO] etl_camara —   FK-insert _raw_frentes → 1437 registros
2026-03-07 03:18:26,718 [INFO] etl_camara — ✔ frentesDeputados.csv (261027 linhas)
2026-03-07 03:24:02,181 [INFO] etl_camara —   FK-insert _raw_frentesDeputados → 261027 registros
2026-03-07 03:24:02,503 [INFO] etl_camara — ✔ legislaturasMesas.csv (177 linhas)
2026-03-07 03:24:02,656 [INFO] etl_camara —   upsert legislaturasMesas → 177 registros
2026-03-07 03:24:02,929 [INFO] etl_camara — ✔ grupos.csv (118 linhas)
2026-03-07 03:24:03,021 [INFO] etl_camara —   upsert grupos → 118 registros
2026-03-07 03:24:03,637 [INFO] etl_camara — ✔ gruposMembros.csv (7086 linhas)
2026-03-07 03:24:06,715 [INFO] etl_camara —   FK-insert _raw_gruposMembros → 7086 registros
2026-03-07 03:24:07,016 [INFO] etl_camara — ✔ gruposHistorico.csv (408 linhas)
2026-03-07 03:24:07,220 [INFO] etl_camara —   FK-insert _raw_gruposHistorico → 408 registros
2026-03-07 03:24:07,998 [INFO] etl_camara — ✔ funcionarios.csv (14961 linhas)
2026-03-07 03:24:10,921 [INFO] etl_camara —   upsert funcionarios → 14957 registros
2026-03-07 03:24:11,138 [INFO] etl_camara — ✔ tecadCategorias.csv (79 linhas)
2026-03-07 03:24:11,165 [INFO] etl_camara —   upsert tecadCategorias → 79 registros
2026-03-07 03:24:12,251 [INFO] etl_camara — ✔ tecadTermos.csv (78661 linhas)
2026-03-07 03:24:26,982 [INFO] etl_camara —   upsert tecadTermos → 78661 registros
2026-03-07 03:24:27,490 [INFO] etl_camara — ✔ eventos-2008.csv (1967 linhas)
2026-03-07 03:24:28,023 [INFO] etl_camara —   upsert eventos → 1967 registros
2026-03-07 03:24:28,451 [INFO] etl_camara — ✔ eventosOrgaos-2008.csv (2051 linhas)
2026-03-07 03:24:29,498 [INFO] etl_camara —   FK-insert _raw_eventosOrgaos → 2051 registros
2026-03-07 03:24:29,698 [INFO] etl_camara — ✔ eventosRequerimentos-2008.csv (215 linhas)
2026-03-07 03:24:29,806 [INFO] etl_camara —   FK-insert _raw_eventosRequerimentos → 215 registros
2026-03-07 03:24:30,907 [INFO] etl_camara — ✔ eventosPresencaDeputados-2008.csv (98816 linhas)
2026-03-07 03:25:23,854 [INFO] etl_camara —   FK-insert _raw_eventosPresenca → 98816 registros
2026-03-07 03:25:25,349 [INFO] etl_camara — ✔ proposicoes-2008.csv (30314 linhas)
2026-03-07 03:25:41,303 [INFO] etl_camara —   upsert proposicoes → 30314 registros
2026-03-07 03:25:43,172 [INFO] etl_camara — ✔ proposicoesAutores-2008.csv (128554 linhas)
2026-03-07 03:28:23,416 [INFO] etl_camara —   FK-insert _raw_proposicoesAutores → 128554 registros
2026-03-07 03:28:23,957 [INFO] etl_camara — ✔ proposicoesTemas-2008.csv (9164 linhas)
2026-03-07 03:28:30,080 [INFO] etl_camara —   FK-insert _raw_proposicoesTemas → 9164 registros
2026-03-07 03:28:30,816 [INFO] etl_camara — ✔ votacoes-2008.csv (7187 linhas)
2026-03-07 03:28:36,670 [INFO] etl_camara —   FK-insert _raw_votacoes → 7187 registros
2026-03-07 03:28:37,537 [INFO] etl_camara — ✔ votacoesVotos-2008.csv (32110 linhas)
2026-03-07 03:28:56,993 [INFO] etl_camara —   FK-insert _raw_votacoesVotos → 32110 registros
2026-03-07 03:28:57,413 [INFO] etl_camara — ✔ votacoesOrientacoes-2008.csv (1251 linhas)
2026-03-07 03:28:57,922 [INFO] etl_camara —   FK-insert _raw_votacoesOrientacoes → 1251 registros
2026-03-07 03:28:58,526 [INFO] etl_camara — ✔ votacoesProposicoes-2008.csv (5447 linhas)
2026-03-07 03:29:00,918 [INFO] etl_camara —   FK-insert _raw_votacoesObjetos → 5447 registros
2026-03-07 03:29:01,251 [INFO] etl_camara — ✔ licitacoes-2008.csv (277 linhas)
2026-03-07 03:29:01,382 [INFO] etl_camara —   upsert licitacoes → 277 registros
2026-03-07 03:29:01,772 [INFO] etl_camara — ✔ licitacoesPedidos-2008.csv (252 linhas)
2026-03-07 03:29:01,918 [INFO] etl_camara —   FK-insert _raw_licitacoesPedidos → 252 registros
2026-03-07 03:29:02,241 [INFO] etl_camara — ✔ licitacoesPropostas-2008.csv (824 linhas)
2026-03-07 03:29:02,657 [INFO] etl_camara —   FK-insert _raw_licitacoesPropostas → 824 registros
2026-03-07 03:29:03,308 [INFO] etl_camara — ✔ licitacoesItens-2008.csv (4719 linhas)
2026-03-07 03:29:05,720 [INFO] etl_camara —   FK-insert _raw_licitacoesItens → 4719 registros
2026-03-07 03:29:06,193 [INFO] etl_camara — ✔ licitacoesContratos-2008.csv (1828 linhas)
2026-03-07 03:29:06,600 [INFO] etl_camara —   FK-insert _raw_licitacoesContratos → 1828 registros
2026-03-07 03:29:07,166 [INFO] etl_camara — ✔ eventos-2009.csv (2762 linhas)
2026-03-07 03:29:07,784 [INFO] etl_camara —   upsert eventos → 2762 registros
2026-03-07 03:29:08,217 [INFO] etl_camara — ✔ eventosOrgaos-2009.csv (2900 linhas)
2026-03-07 03:29:09,700 [INFO] etl_camara —   FK-insert _raw_eventosOrgaos → 2900 registros
2026-03-07 03:29:09,940 [INFO] etl_camara — ✔ eventosRequerimentos-2009.csv (381 linhas)
2026-03-07 03:29:10,093 [INFO] etl_camara —   FK-insert _raw_eventosRequerimentos → 381 registros
2026-03-07 03:29:10,975 [INFO] etl_camara — ✔ eventosPresencaDeputados-2009.csv (113720 linhas)
2026-03-07 03:30:12,649 [INFO] etl_camara —   FK-insert _raw_eventosPresenca → 113720 registros
2026-03-07 03:30:14,048 [INFO] etl_camara — ✔ proposicoes-2009.csv (31690 linhas)
2026-03-07 03:30:31,030 [INFO] etl_camara —   upsert proposicoes → 31690 registros
2026-03-07 03:30:31,773 [INFO] etl_camara — ✔ proposicoesAutores-2009.csv (43779 linhas)
2026-03-07 03:31:22,043 [INFO] etl_camara —   FK-insert _raw_proposicoesAutores → 43779 registros
2026-03-07 03:31:22,565 [INFO] etl_camara — ✔ proposicoesTemas-2009.csv (9783 linhas)
2026-03-07 03:31:29,009 [INFO] etl_camara —   FK-insert _raw_proposicoesTemas → 9783 registros
2026-03-07 03:31:29,733 [INFO] etl_camara — ✔ votacoes-2009.csv (8896 linhas)
2026-03-07 03:31:36,947 [INFO] etl_camara —   FK-insert _raw_votacoes → 8896 registros
2026-03-07 03:31:37,873 [INFO] etl_camara — ✔ votacoesVotos-2009.csv (45908 linhas)
2026-03-07 03:32:05,408 [INFO] etl_camara —   FK-insert _raw_votacoesVotos → 45908 registros
2026-03-07 03:32:05,787 [INFO] etl_camara — ✔ votacoesOrientacoes-2009.csv (1876 linhas)
2026-03-07 03:32:06,547 [INFO] etl_camara —   FK-insert _raw_votacoesOrientacoes → 1876 registros
2026-03-07 03:32:07,197 [INFO] etl_camara — ✔ votacoesProposicoes-2009.csv (6697 linhas)
2026-03-07 03:32:10,153 [INFO] etl_camara —   FK-insert _raw_votacoesObjetos → 6697 registros
2026-03-07 03:32:10,428 [INFO] etl_camara — ✔ licitacoes-2009.csv (259 linhas)
2026-03-07 03:32:10,559 [INFO] etl_camara —   upsert licitacoes → 259 registros
2026-03-07 03:32:10,962 [INFO] etl_camara — ✔ licitacoesPedidos-2009.csv (230 linhas)
2026-03-07 03:32:11,093 [INFO] etl_camara —   FK-insert _raw_licitacoesPedidos → 230 registros
2026-03-07 03:32:11,430 [INFO] etl_camara — ✔ licitacoesPropostas-2009.csv (889 linhas)
2026-03-07 03:32:11,894 [INFO] etl_camara —   FK-insert _raw_licitacoesPropostas → 889 registros
2026-03-07 03:32:12,485 [INFO] etl_camara — ✔ licitacoesItens-2009.csv (3068 linhas)
2026-03-07 03:32:14,089 [INFO] etl_camara —   FK-insert _raw_licitacoesItens → 3068 registros
2026-03-07 03:32:14,531 [INFO] etl_camara — ✔ licitacoesContratos-2009.csv (1750 linhas)
2026-03-07 03:32:14,928 [INFO] etl_camara —   FK-insert _raw_licitacoesContratos → 1750 registros
2026-03-07 03:32:15,374 [INFO] etl_camara — ✔ eventos-2010.csv (1550 linhas)
2026-03-07 03:32:15,779 [INFO] etl_camara —   upsert eventos → 1550 registros
2026-03-07 03:32:16,151 [INFO] etl_camara — ✔ eventosOrgaos-2010.csv (1591 linhas)
2026-03-07 03:32:16,973 [INFO] etl_camara —   FK-insert _raw_eventosOrgaos → 1591 registros
2026-03-07 03:32:17,183 [INFO] etl_camara — ✔ eventosRequerimentos-2010.csv (209 linhas)
2026-03-07 03:32:17,283 [INFO] etl_camara —   FK-insert _raw_eventosRequerimentos → 209 registros
2026-03-07 03:32:18,175 [INFO] etl_camara — ✔ eventosPresencaDeputados-2010.csv (65406 linhas)
2026-03-07 03:32:53,365 [INFO] etl_camara —   FK-insert _raw_eventosPresenca → 65406 registros
2026-03-07 03:32:55,107 [INFO] etl_camara — ✔ proposicoes-2010.csv (18857 linhas)
2026-03-07 03:33:05,115 [INFO] etl_camara —   upsert proposicoes → 18857 registros
2026-03-07 03:33:05,800 [INFO] etl_camara — ✔ proposicoesAutores-2010.csv (21891 linhas)
2026-03-07 03:33:29,775 [INFO] etl_camara —   FK-insert _raw_proposicoesAutores → 21891 registros
2026-03-07 03:33:30,236 [INFO] etl_camara — ✔ proposicoesTemas-2010.csv (5239 linhas)
2026-03-07 03:33:33,722 [INFO] etl_camara —   FK-insert _raw_proposicoesTemas → 5239 registros
2026-03-07 03:33:34,324 [INFO] etl_camara — ✔ votacoes-2010.csv (5422 linhas)
2026-03-07 03:33:38,886 [INFO] etl_camara —   FK-insert _raw_votacoes → 5422 registros
2026-03-07 03:33:39,638 [INFO] etl_camara — ✔ votacoesVotos-2010.csv (22295 linhas)
2026-03-07 03:33:53,000 [INFO] etl_camara —   FK-insert _raw_votacoesVotos → 22295 registros
2026-03-07 03:33:53,351 [INFO] etl_camara — ✔ votacoesOrientacoes-2010.csv (1003 linhas)
2026-03-07 03:33:53,735 [INFO] etl_camara —   FK-insert _raw_votacoesOrientacoes → 1003 registros
2026-03-07 03:33:54,269 [INFO] etl_camara — ✔ votacoesProposicoes-2010.csv (4508 linhas)
2026-03-07 03:33:56,214 [INFO] etl_camara —   FK-insert _raw_votacoesObjetos → 4508 registros
2026-03-07 03:33:56,565 [INFO] etl_camara — ✔ licitacoes-2010.csv (360 linhas)
2026-03-07 03:33:56,684 [INFO] etl_camara —   upsert licitacoes → 360 registros
2026-03-07 03:33:57,025 [INFO] etl_camara — ✔ licitacoesPedidos-2010.csv (317 linhas)
2026-03-07 03:33:57,183 [INFO] etl_camara —   FK-insert _raw_licitacoesPedidos → 317 registros
2026-03-07 03:33:57,474 [INFO] etl_camara — ✔ licitacoesPropostas-2010.csv (788 linhas)
2026-03-07 03:33:57,867 [INFO] etl_camara —   FK-insert _raw_licitacoesPropostas → 788 registros
2026-03-07 03:33:58,549 [INFO] etl_camara — ✔ licitacoesItens-2010.csv (4283 linhas)
2026-03-07 03:34:00,708 [INFO] etl_camara —   FK-insert _raw_licitacoesItens → 4283 registros
2026-03-07 03:34:01,234 [INFO] etl_camara — ✔ licitacoesContratos-2010.csv (1677 linhas)
2026-03-07 03:34:01,606 [INFO] etl_camara —   FK-insert _raw_licitacoesContratos → 1677 registros
2026-03-07 03:34:02,210 [INFO] etl_camara — ✔ eventos-2011.csv (2628 linhas)
2026-03-07 03:34:02,866 [INFO] etl_camara —   upsert eventos → 2628 registros
2026-03-07 03:34:03,306 [INFO] etl_camara — ✔ eventosOrgaos-2011.csv (2707 linhas)
2026-03-07 03:34:04,675 [INFO] etl_camara —   FK-insert _raw_eventosOrgaos → 2707 registros
2026-03-07 03:34:04,927 [INFO] etl_camara — ✔ eventosRequerimentos-2011.csv (396 linhas)
2026-03-07 03:34:05,074 [INFO] etl_camara —   FK-insert _raw_eventosRequerimentos → 396 registros
2026-03-07 03:34:06,108 [INFO] etl_camara — ✔ eventosPresencaDeputados-2011.csv (111966 linhas)
2026-03-07 03:35:06,840 [INFO] etl_camara —   FK-insert _raw_eventosPresenca → 111966 registros
2026-03-07 03:35:08,351 [INFO] etl_camara — ✔ proposicoes-2011.csv (33594 linhas)
2026-03-07 03:35:26,372 [INFO] etl_camara —   upsert proposicoes → 33594 registros
2026-03-07 03:35:27,259 [INFO] etl_camara — ✔ proposicoesAutores-2011.csv (39850 linhas)
2026-03-07 03:36:15,111 [INFO] etl_camara —   FK-insert _raw_proposicoesAutores → 39850 registros
2026-03-07 03:36:15,558 [INFO] etl_camara — ✔ proposicoesTemas-2011.csv (9751 linhas)
2026-03-07 03:36:22,101 [INFO] etl_camara —   FK-insert _raw_proposicoesTemas → 9751 registros
2026-03-07 03:36:22,690 [INFO] etl_camara — ✔ votacoes-2011.csv (6268 linhas)
2026-03-07 03:36:27,724 [INFO] etl_camara —   FK-insert _raw_votacoes → 6268 registros
2026-03-07 03:36:28,552 [INFO] etl_camara — ✔ votacoesVotos-2011.csv (33235 linhas)
2026-03-07 03:36:48,447 [INFO] etl_camara —   FK-insert _raw_votacoesVotos → 33235 registros
2026-03-07 03:36:48,825 [INFO] etl_camara — ✔ votacoesOrientacoes-2011.csv (1283 linhas)
2026-03-07 03:36:49,308 [INFO] etl_camara —   FK-insert _raw_votacoesOrientacoes → 1283 registros
2026-03-07 03:36:49,987 [INFO] etl_camara — ✔ votacoesProposicoes-2011.csv (4169 linhas)
2026-03-07 03:36:51,798 [INFO] etl_camara —   FK-insert _raw_votacoesObjetos → 4169 registros
2026-03-07 03:36:52,144 [INFO] etl_camara — ✔ licitacoes-2011.csv (287 linhas)
2026-03-07 03:36:52,242 [INFO] etl_camara —   upsert licitacoes → 287 registros
2026-03-07 03:36:52,545 [INFO] etl_camara — ✔ licitacoesPedidos-2011.csv (241 linhas)
2026-03-07 03:36:52,702 [INFO] etl_camara —   FK-insert _raw_licitacoesPedidos → 241 registros
2026-03-07 03:36:52,972 [INFO] etl_camara — ✔ licitacoesPropostas-2011.csv (723 linhas)
2026-03-07 03:36:53,357 [INFO] etl_camara —   FK-insert _raw_licitacoesPropostas → 723 registros
2026-03-07 03:36:53,937 [INFO] etl_camara — ✔ licitacoesItens-2011.csv (4358 linhas)
2026-03-07 03:36:56,158 [INFO] etl_camara —   FK-insert _raw_licitacoesItens → 4358 registros
2026-03-07 03:36:56,683 [INFO] etl_camara — ✔ licitacoesContratos-2011.csv (1561 linhas)
2026-03-07 03:36:57,052 [INFO] etl_camara —   FK-insert _raw_licitacoesContratos → 1561 registros
2026-03-07 03:36:57,619 [INFO] etl_camara — ✔ eventos-2012.csv (2251 linhas)
2026-03-07 03:36:58,128 [INFO] etl_camara —   upsert eventos → 2251 registros
2026-03-07 03:36:58,510 [INFO] etl_camara — ✔ eventosOrgaos-2012.csv (2317 linhas)
2026-03-07 03:36:59,680 [INFO] etl_camara —   FK-insert _raw_eventosOrgaos → 2317 registros
2026-03-07 03:36:59,922 [INFO] etl_camara — ✔ eventosRequerimentos-2012.csv (359 linhas)
2026-03-07 03:37:00,045 [INFO] etl_camara —   FK-insert _raw_eventosRequerimentos → 359 registros
2026-03-07 03:37:01,129 [INFO] etl_camara — ✔ eventosPresencaDeputados-2012.csv (94138 linhas)
2026-03-07 03:37:52,411 [INFO] etl_camara —   FK-insert _raw_eventosPresenca → 94138 registros
2026-03-07 03:37:53,554 [INFO] etl_camara — ✔ proposicoes-2012.csv (23491 linhas)
2026-03-07 03:38:06,228 [INFO] etl_camara —   upsert proposicoes → 23491 registros
2026-03-07 03:38:07,130 [INFO] etl_camara — ✔ proposicoesAutores-2012.csv (27924 linhas)
2026-03-07 03:38:39,741 [INFO] etl_camara —   FK-insert _raw_proposicoesAutores → 27924 registros
2026-03-07 03:38:40,260 [INFO] etl_camara — ✔ proposicoesTemas-2012.csv (5503 linhas)
2026-03-07 03:38:43,877 [INFO] etl_camara —   FK-insert _raw_proposicoesTemas → 5503 registros
2026-03-07 03:38:44,590 [INFO] etl_camara — ✔ votacoes-2012.csv (5434 linhas)
2026-03-07 03:38:49,000 [INFO] etl_camara —   FK-insert _raw_votacoes → 5434 registros
2026-03-07 03:38:49,786 [INFO] etl_camara — ✔ votacoesVotos-2012.csv (22729 linhas)
2026-03-07 03:39:03,380 [INFO] etl_camara —   FK-insert _raw_votacoesVotos → 22729 registros
2026-03-07 03:39:03,743 [INFO] etl_camara — ✔ votacoesOrientacoes-2012.csv (1057 linhas)
2026-03-07 03:39:04,145 [INFO] etl_camara —   FK-insert _raw_votacoesOrientacoes → 1057 registros
2026-03-07 03:39:04,651 [INFO] etl_camara — ✔ votacoesProposicoes-2012.csv (3711 linhas)
2026-03-07 03:39:06,264 [INFO] etl_camara —   FK-insert _raw_votacoesObjetos → 3711 registros
2026-03-07 03:39:06,530 [INFO] etl_camara — ✔ licitacoes-2012.csv (282 linhas)
2026-03-07 03:39:06,689 [INFO] etl_camara —   upsert licitacoes → 282 registros
2026-03-07 03:39:07,061 [INFO] etl_camara — ✔ licitacoesPedidos-2012.csv (267 linhas)
2026-03-07 03:39:07,221 [INFO] etl_camara —   FK-insert _raw_licitacoesPedidos → 267 registros
2026-03-07 03:39:07,562 [INFO] etl_camara — ✔ licitacoesPropostas-2012.csv (678 linhas)
2026-03-07 03:39:07,932 [INFO] etl_camara —   FK-insert _raw_licitacoesPropostas → 678 registros
2026-03-07 03:39:08,470 [INFO] etl_camara — ✔ licitacoesItens-2012.csv (3188 linhas)
2026-03-07 03:39:10,146 [INFO] etl_camara —   FK-insert _raw_licitacoesItens → 3188 registros
2026-03-07 03:39:10,661 [INFO] etl_camara — ✔ licitacoesContratos-2012.csv (1445 linhas)
2026-03-07 03:39:11,001 [INFO] etl_camara —   FK-insert _raw_licitacoesContratos → 1445 registros
2026-03-07 03:39:11,600 [INFO] etl_camara — ✔ eventos-2013.csv (3299 linhas)
2026-03-07 03:39:12,321 [INFO] etl_camara —   upsert eventos → 3299 registros
2026-03-07 03:39:12,683 [INFO] etl_camara — ✔ eventosOrgaos-2013.csv (3416 linhas)
2026-03-07 03:39:14,393 [INFO] etl_camara —   FK-insert _raw_eventosOrgaos → 3416 registros
2026-03-07 03:39:14,660 [INFO] etl_camara — ✔ eventosRequerimentos-2013.csv (665 linhas)
2026-03-07 03:39:14,887 [INFO] etl_camara —   FK-insert _raw_eventosRequerimentos → 665 registros
2026-03-07 03:39:16,635 [INFO] etl_camara — ✔ eventosPresencaDeputados-2013.csv (123554 linhas)
2026-03-07 03:40:24,398 [INFO] etl_camara —   FK-insert _raw_eventosPresenca → 123554 registros
2026-03-07 03:40:25,961 [INFO] etl_camara — ✔ proposicoes-2013.csv (29162 linhas)
2026-03-07 03:40:41,706 [INFO] etl_camara —   upsert proposicoes → 29162 registros
2026-03-07 03:40:42,805 [INFO] etl_camara — ✔ proposicoesAutores-2013.csv (42882 linhas)
2026-03-07 03:41:32,968 [INFO] etl_camara —   FK-insert _raw_proposicoesAutores → 42882 registros
2026-03-07 03:41:33,428 [INFO] etl_camara — ✔ proposicoesTemas-2013.csv (7782 linhas)
2026-03-07 03:41:38,722 [INFO] etl_camara —   FK-insert _raw_proposicoesTemas → 7782 registros
2026-03-07 03:41:39,405 [INFO] etl_camara — ✔ votacoes-2013.csv (7256 linhas)
2026-03-07 03:41:45,258 [INFO] etl_camara —   FK-insert _raw_votacoes → 7256 registros
2026-03-07 03:41:46,277 [INFO] etl_camara — ✔ votacoesVotos-2013.csv (43597 linhas)
2026-03-07 03:42:12,494 [INFO] etl_camara —   FK-insert _raw_votacoesVotos → 43597 registros
2026-03-07 03:42:12,937 [INFO] etl_camara — ✔ votacoesOrientacoes-2013.csv (2403 linhas)
2026-03-07 03:42:13,838 [INFO] etl_camara —   FK-insert _raw_votacoesOrientacoes → 2403 registros
2026-03-07 03:42:14,385 [INFO] etl_camara — ✔ votacoesProposicoes-2013.csv (4801 linhas)
2026-03-07 03:42:16,531 [INFO] etl_camara —   FK-insert _raw_votacoesObjetos → 4801 registros
2026-03-07 03:42:16,809 [INFO] etl_camara — ✔ licitacoes-2013.csv (279 linhas)
2026-03-07 03:42:16,908 [INFO] etl_camara —   upsert licitacoes → 279 registros
2026-03-07 03:42:17,276 [INFO] etl_camara — ✔ licitacoesPedidos-2013.csv (253 linhas)
2026-03-07 03:42:17,405 [INFO] etl_camara —   FK-insert _raw_licitacoesPedidos → 253 registros
2026-03-07 03:42:17,711 [INFO] etl_camara — ✔ licitacoesPropostas-2013.csv (683 linhas)
2026-03-07 03:42:18,083 [INFO] etl_camara —   FK-insert _raw_licitacoesPropostas → 683 registros
2026-03-07 03:42:18,754 [INFO] etl_camara — ✔ licitacoesItens-2013.csv (3308 linhas)
2026-03-07 03:42:20,459 [INFO] etl_camara —   FK-insert _raw_licitacoesItens → 3308 registros
2026-03-07 03:42:21,005 [INFO] etl_camara — ✔ licitacoesContratos-2013.csv (1334 linhas)
2026-03-07 03:42:21,329 [INFO] etl_camara —   FK-insert _raw_licitacoesContratos → 1334 registros
2026-03-07 03:42:21,840 [INFO] etl_camara — ✔ eventos-2014.csv (2143 linhas)
2026-03-07 03:42:22,342 [INFO] etl_camara —   upsert eventos → 2143 registros
2026-03-07 03:42:22,798 [INFO] etl_camara — ✔ eventosOrgaos-2014.csv (2188 linhas)
2026-03-07 03:42:23,906 [INFO] etl_camara —   FK-insert _raw_eventosOrgaos → 2188 registros
2026-03-07 03:42:24,165 [INFO] etl_camara — ✔ eventosRequerimentos-2014.csv (591 linhas)
2026-03-07 03:42:24,380 [INFO] etl_camara —   FK-insert _raw_eventosRequerimentos → 591 registros
2026-03-07 03:42:25,205 [INFO] etl_camara — ✔ eventosPresencaDeputados-2014.csv (75134 linhas)
2026-03-07 03:43:05,953 [INFO] etl_camara —   FK-insert _raw_eventosPresenca → 75134 registros
2026-03-07 03:43:06,946 [INFO] etl_camara — ✔ proposicoes-2014.csv (17403 linhas)
2026-03-07 03:43:16,272 [INFO] etl_camara —   upsert proposicoes → 17403 registros
2026-03-07 03:43:16,870 [INFO] etl_camara — ✔ proposicoesAutores-2014.csv (21271 linhas)
2026-03-07 03:43:41,736 [INFO] etl_camara —   FK-insert _raw_proposicoesAutores → 21271 registros
2026-03-07 03:43:42,152 [INFO] etl_camara — ✔ proposicoesTemas-2014.csv (4101 linhas)
2026-03-07 03:43:44,865 [INFO] etl_camara —   FK-insert _raw_proposicoesTemas → 4101 registros
2026-03-07 03:43:45,589 [INFO] etl_camara — ✔ votacoes-2014.csv (3525 linhas)
2026-03-07 03:43:48,469 [INFO] etl_camara —   FK-insert _raw_votacoes → 3525 registros
2026-03-07 03:43:49,284 [INFO] etl_camara — ✔ votacoesVotos-2014.csv (25213 linhas)
2026-03-07 03:44:04,446 [INFO] etl_camara —   FK-insert _raw_votacoesVotos → 25213 registros
2026-03-07 03:44:04,907 [INFO] etl_camara — ✔ votacoesOrientacoes-2014.csv (1429 linhas)
2026-03-07 03:44:05,441 [INFO] etl_camara —   FK-insert _raw_votacoesOrientacoes → 1429 registros
2026-03-07 03:44:05,934 [INFO] etl_camara — ✔ votacoesProposicoes-2014.csv (2373 linhas)
2026-03-07 03:44:06,988 [INFO] etl_camara —   FK-insert _raw_votacoesObjetos → 2373 registros
2026-03-07 03:44:07,277 [INFO] etl_camara — ✔ licitacoes-2014.csv (265 linhas)
2026-03-07 03:44:07,365 [INFO] etl_camara —   upsert licitacoes → 265 registros
2026-03-07 03:44:07,695 [INFO] etl_camara — ✔ licitacoesPedidos-2014.csv (263 linhas)
2026-03-07 03:44:07,832 [INFO] etl_camara —   FK-insert _raw_licitacoesPedidos → 263 registros
2026-03-07 03:44:08,161 [INFO] etl_camara — ✔ licitacoesPropostas-2014.csv (683 linhas)
2026-03-07 03:44:08,509 [INFO] etl_camara —   FK-insert _raw_licitacoesPropostas → 683 registros
2026-03-07 03:44:09,170 [INFO] etl_camara — ✔ licitacoesItens-2014.csv (3649 linhas)
2026-03-07 03:44:11,047 [INFO] etl_camara —   FK-insert _raw_licitacoesItens → 3649 registros
2026-03-07 03:44:11,496 [INFO] etl_camara — ✔ licitacoesContratos-2014.csv (1204 linhas)
2026-03-07 03:44:11,783 [INFO] etl_camara —   FK-insert _raw_licitacoesContratos → 1204 registros
2026-03-07 03:44:12,425 [INFO] etl_camara — ✔ eventos-2015.csv (3937 linhas)
2026-03-07 03:44:13,332 [INFO] etl_camara —   upsert eventos → 3937 registros
2026-03-07 03:44:13,853 [INFO] etl_camara — ✔ eventosOrgaos-2015.csv (4085 linhas)
2026-03-07 03:44:15,945 [INFO] etl_camara —   FK-insert _raw_eventosOrgaos → 4085 registros
2026-03-07 03:44:16,323 [INFO] etl_camara — ✔ eventosRequerimentos-2015.csv (2414 linhas)
2026-03-07 03:44:17,119 [INFO] etl_camara —   FK-insert _raw_eventosRequerimentos → 2414 registros
2026-03-07 03:44:18,466 [INFO] etl_camara — ✔ eventosPresencaDeputados-2015.csv (181413 linhas)
2026-03-07 03:45:57,730 [INFO] etl_camara —   FK-insert _raw_eventosPresenca → 181413 registros
2026-03-07 03:45:59,949 [INFO] etl_camara — ✔ proposicoes-2015.csv (39659 linhas)
2026-03-07 03:46:21,470 [INFO] etl_camara —   upsert proposicoes → 39659 registros
2026-03-07 03:46:22,598 [INFO] etl_camara — ✔ proposicoesAutores-2015.csv (55740 linhas)
2026-03-07 03:47:28,853 [INFO] etl_camara —   FK-insert _raw_proposicoesAutores → 55740 registros
2026-03-07 03:47:29,560 [INFO] etl_camara — ✔ proposicoesTemas-2015.csv (10873 linhas)
2026-03-07 03:47:36,718 [INFO] etl_camara —   FK-insert _raw_proposicoesTemas → 10873 registros
2026-03-07 03:47:37,442 [INFO] etl_camara — ✔ votacoes-2015.csv (9987 linhas)
2026-03-07 03:47:45,181 [INFO] etl_camara —   FK-insert _raw_votacoes → 9987 registros
2026-03-07 03:47:47,266 [INFO] etl_camara — ✔ votacoesVotos-2015.csv (113832 linhas)
2026-03-07 03:48:56,214 [INFO] etl_camara —   FK-insert _raw_votacoesVotos → 113832 registros
2026-03-07 03:48:56,733 [INFO] etl_camara — ✔ votacoesOrientacoes-2015.csv (5018 linhas)
2026-03-07 03:48:58,544 [INFO] etl_camara —   FK-insert _raw_votacoesOrientacoes → 5018 registros
2026-03-07 03:48:59,294 [INFO] etl_camara — ✔ votacoesProposicoes-2015.csv (7015 linhas)
2026-03-07 03:49:02,405 [INFO] etl_camara —   FK-insert _raw_votacoesObjetos → 7015 registros
2026-03-07 03:49:02,722 [INFO] etl_camara — ✔ licitacoes-2015.csv (240 linhas)
2026-03-07 03:49:02,809 [INFO] etl_camara —   upsert licitacoes → 240 registros
2026-03-07 03:49:03,160 [INFO] etl_camara — ✔ licitacoesPedidos-2015.csv (234 linhas)
2026-03-07 03:49:03,279 [INFO] etl_camara —   FK-insert _raw_licitacoesPedidos → 234 registros
2026-03-07 03:49:03,538 [INFO] etl_camara — ✔ licitacoesPropostas-2015.csv (752 linhas)
2026-03-07 03:49:03,909 [INFO] etl_camara —   FK-insert _raw_licitacoesPropostas → 752 registros
2026-03-07 03:49:04,492 [INFO] etl_camara — ✔ licitacoesItens-2015.csv (3510 linhas)
2026-03-07 03:49:06,296 [INFO] etl_camara —   FK-insert _raw_licitacoesItens → 3510 registros
2026-03-07 03:49:06,828 [INFO] etl_camara — ✔ licitacoesContratos-2015.csv (1118 linhas)
2026-03-07 03:49:07,091 [INFO] etl_camara —   FK-insert _raw_licitacoesContratos → 1118 registros
2026-03-07 03:49:07,640 [INFO] etl_camara — ✔ eventos-2016.csv (2669 linhas)
2026-03-07 03:49:08,269 [INFO] etl_camara —   upsert eventos → 2669 registros
2026-03-07 03:49:08,618 [INFO] etl_camara — ✔ eventosOrgaos-2016.csv (2750 linhas)
2026-03-07 03:49:10,009 [INFO] etl_camara —   FK-insert _raw_eventosOrgaos → 2750 registros
2026-03-07 03:49:10,358 [INFO] etl_camara — ✔ eventosRequerimentos-2016.csv (1280 linhas)
2026-03-07 03:49:10,773 [INFO] etl_camara —   FK-insert _raw_eventosRequerimentos → 1280 registros
2026-03-07 03:49:11,661 [INFO] etl_camara — ✔ eventosPresencaDeputados-2016.csv (120889 linhas)
2026-03-07 03:50:17,610 [INFO] etl_camara —   FK-insert _raw_eventosPresenca → 120889 registros
2026-03-07 03:50:18,872 [INFO] etl_camara — ✔ proposicoes-2016.csv (24974 linhas)
2026-03-07 03:50:32,364 [INFO] etl_camara —   upsert proposicoes → 24974 registros
2026-03-07 03:50:33,518 [INFO] etl_camara — ✔ proposicoesAutores-2016.csv (34069 linhas)
2026-03-07 03:51:13,923 [INFO] etl_camara —   FK-insert _raw_proposicoesAutores → 34069 registros
2026-03-07 03:51:14,413 [INFO] etl_camara — ✔ proposicoesTemas-2016.csv (7092 linhas)
2026-03-07 03:51:19,128 [INFO] etl_camara —   FK-insert _raw_proposicoesTemas → 7092 registros
2026-03-07 03:51:19,983 [INFO] etl_camara — ✔ votacoes-2016.csv (5525 linhas)
2026-03-07 03:51:24,289 [INFO] etl_camara —   FK-insert _raw_votacoes → 5525 registros
2026-03-07 03:51:25,590 [INFO] etl_camara — ✔ votacoesVotos-2016.csv (72419 linhas)
2026-03-07 03:52:09,402 [INFO] etl_camara —   FK-insert _raw_votacoesVotos → 72419 registros
2026-03-07 03:52:10,005 [INFO] etl_camara — ✔ votacoesOrientacoes-2016.csv (4895 linhas)
2026-03-07 03:52:11,795 [INFO] etl_camara —   FK-insert _raw_votacoesOrientacoes → 4895 registros
2026-03-07 03:52:12,399 [INFO] etl_camara — ✔ votacoesProposicoes-2016.csv (4052 linhas)
2026-03-07 03:52:14,200 [INFO] etl_camara —   FK-insert _raw_votacoesObjetos → 4052 registros
2026-03-07 03:52:14,437 [INFO] etl_camara — ✔ licitacoes-2016.csv (211 linhas)
2026-03-07 03:52:14,520 [INFO] etl_camara —   upsert licitacoes → 211 registros
2026-03-07 03:52:14,885 [INFO] etl_camara — ✔ licitacoesPedidos-2016.csv (199 linhas)
2026-03-07 03:52:14,989 [INFO] etl_camara —   FK-insert _raw_licitacoesPedidos → 199 registros
2026-03-07 03:52:15,275 [INFO] etl_camara — ✔ licitacoesPropostas-2016.csv (713 linhas)
2026-03-07 03:52:15,625 [INFO] etl_camara —   FK-insert _raw_licitacoesPropostas → 713 registros
2026-03-07 03:52:16,197 [INFO] etl_camara — ✔ licitacoesItens-2016.csv (2619 linhas)
2026-03-07 03:52:17,559 [INFO] etl_camara —   FK-insert _raw_licitacoesItens → 2619 registros
2026-03-07 03:52:17,960 [INFO] etl_camara — ✔ licitacoesContratos-2016.csv (1043 linhas)
2026-03-07 03:52:18,199 [INFO] etl_camara —   FK-insert _raw_licitacoesContratos → 1043 registros
2026-03-07 03:52:18,834 [INFO] etl_camara — ✔ eventos-2017.csv (3540 linhas)
2026-03-07 03:52:19,623 [INFO] etl_camara —   upsert eventos → 3540 registros
2026-03-07 03:52:20,112 [INFO] etl_camara — ✔ eventosOrgaos-2017.csv (3680 linhas)
2026-03-07 03:52:21,984 [INFO] etl_camara —   FK-insert _raw_eventosOrgaos → 3680 registros
2026-03-07 03:52:22,336 [INFO] etl_camara — ✔ eventosRequerimentos-2017.csv (1455 linhas)
2026-03-07 03:52:22,845 [INFO] etl_camara —   FK-insert _raw_eventosRequerimentos → 1455 registros
2026-03-07 03:52:24,175 [INFO] etl_camara — ✔ eventosPresencaDeputados-2017.csv (147157 linhas)
2026-03-07 03:53:43,631 [INFO] etl_camara —   FK-insert _raw_eventosPresenca → 147157 registros
2026-03-07 03:53:44,988 [INFO] etl_camara — ✔ proposicoes-2017.csv (32558 linhas)
2026-03-07 03:54:02,633 [INFO] etl_camara —   upsert proposicoes → 32558 registros
2026-03-07 03:54:03,836 [INFO] etl_camara — ✔ proposicoesAutores-2017.csv (62532 linhas)
2026-03-07 03:55:19,752 [INFO] etl_camara —   FK-insert _raw_proposicoesAutores → 62532 registros
2026-03-07 03:55:20,255 [INFO] etl_camara — ✔ proposicoesTemas-2017.csv (8615 linhas)
2026-03-07 03:55:26,094 [INFO] etl_camara —   FK-insert _raw_proposicoesTemas → 8615 registros
2026-03-07 03:55:26,787 [INFO] etl_camara — ✔ votacoes-2017.csv (7392 linhas)
2026-03-07 03:55:32,705 [INFO] etl_camara —   FK-insert _raw_votacoes → 7392 registros
2026-03-07 03:55:33,910 [INFO] etl_camara — ✔ votacoesVotos-2017.csv (76522 linhas)
2026-03-07 03:56:19,908 [INFO] etl_camara —   FK-insert _raw_votacoesVotos → 76522 registros
2026-03-07 03:56:20,389 [INFO] etl_camara — ✔ votacoesOrientacoes-2017.csv (4865 linhas)
2026-03-07 03:56:22,235 [INFO] etl_camara —   FK-insert _raw_votacoesOrientacoes → 4865 registros
2026-03-07 03:56:22,857 [INFO] etl_camara — ✔ votacoesProposicoes-2017.csv (5245 linhas)
2026-03-07 03:56:25,180 [INFO] etl_camara —   FK-insert _raw_votacoesObjetos → 5245 registros
2026-03-07 03:56:25,429 [INFO] etl_camara — ✔ licitacoes-2017.csv (172 linhas)
2026-03-07 03:56:25,501 [INFO] etl_camara —   upsert licitacoes → 172 registros
2026-03-07 03:56:25,916 [INFO] etl_camara — ✔ licitacoesPedidos-2017.csv (166 linhas)
2026-03-07 03:56:26,004 [INFO] etl_camara —   FK-insert _raw_licitacoesPedidos → 166 registros
2026-03-07 03:56:26,350 [INFO] etl_camara — ✔ licitacoesPropostas-2017.csv (616 linhas)
2026-03-07 03:56:26,662 [INFO] etl_camara —   FK-insert _raw_licitacoesPropostas → 616 registros
2026-03-07 03:56:27,134 [INFO] etl_camara — ✔ licitacoesItens-2017.csv (1873 linhas)
2026-03-07 03:56:28,116 [INFO] etl_camara —   FK-insert _raw_licitacoesItens → 1873 registros
2026-03-07 03:56:28,561 [INFO] etl_camara — ✔ licitacoesContratos-2017.csv (969 linhas)
2026-03-07 03:56:28,793 [INFO] etl_camara —   FK-insert _raw_licitacoesContratos → 969 registros
2026-03-07 03:56:29,245 [INFO] etl_camara — ✔ eventos-2018.csv (2247 linhas)
2026-03-07 03:56:29,785 [INFO] etl_camara —   upsert eventos → 2247 registros
2026-03-07 03:56:30,200 [INFO] etl_camara — ✔ eventosOrgaos-2018.csv (2281 linhas)
2026-03-07 03:56:31,336 [INFO] etl_camara —   FK-insert _raw_eventosOrgaos → 2281 registros
2026-03-07 03:56:31,619 [INFO] etl_camara — ✔ eventosRequerimentos-2018.csv (621 linhas)
2026-03-07 03:56:31,843 [INFO] etl_camara —   FK-insert _raw_eventosRequerimentos → 621 registros
2026-03-07 03:56:33,017 [INFO] etl_camara — ✔ eventosPresencaDeputados-2018.csv (82682 linhas)
2026-03-07 03:57:17,612 [INFO] etl_camara —   FK-insert _raw_eventosPresenca → 82682 registros
2026-03-07 03:57:18,860 [INFO] etl_camara — ✔ proposicoes-2018.csv (18713 linhas)
2026-03-07 03:57:28,910 [INFO] etl_camara —   upsert proposicoes → 18713 registros
2026-03-07 03:57:29,606 [INFO] etl_camara — ✔ proposicoesAutores-2018.csv (21783 linhas)
2026-03-07 03:57:54,732 [INFO] etl_camara —   FK-insert _raw_proposicoesAutores → 21783 registros
2026-03-07 03:57:55,116 [INFO] etl_camara — ✔ proposicoesTemas-2018.csv (5135 linhas)
2026-03-07 03:57:58,483 [INFO] etl_camara —   FK-insert _raw_proposicoesTemas → 5135 registros
2026-03-07 03:57:59,061 [INFO] etl_camara — ✔ votacoes-2018.csv (3991 linhas)
2026-03-07 03:58:02,269 [INFO] etl_camara —   FK-insert _raw_votacoes → 3991 registros
2026-03-07 03:58:03,414 [INFO] etl_camara — ✔ votacoesVotos-2018.csv (45941 linhas)
2026-03-07 03:58:31,154 [INFO] etl_camara —   FK-insert _raw_votacoesVotos → 45941 registros
2026-03-07 03:58:31,682 [INFO] etl_camara — ✔ votacoesOrientacoes-2018.csv (2935 linhas)
2026-03-07 03:58:32,769 [INFO] etl_camara —   FK-insert _raw_votacoesOrientacoes → 2935 registros
2026-03-07 03:58:33,479 [INFO] etl_camara — ✔ votacoesProposicoes-2018.csv (2911 linhas)
2026-03-07 03:58:34,781 [INFO] etl_camara —   FK-insert _raw_votacoesObjetos → 2911 registros
2026-03-07 03:58:35,100 [INFO] etl_camara — ✔ licitacoes-2018.csv (203 linhas)
2026-03-07 03:58:35,214 [INFO] etl_camara —   upsert licitacoes → 203 registros
2026-03-07 03:58:35,543 [INFO] etl_camara — ✔ licitacoesPedidos-2018.csv (199 linhas)
2026-03-07 03:58:35,647 [INFO] etl_camara —   FK-insert _raw_licitacoesPedidos → 199 registros
2026-03-07 03:58:35,985 [INFO] etl_camara — ✔ licitacoesPropostas-2018.csv (1043 linhas)
2026-03-07 03:58:36,502 [INFO] etl_camara —   FK-insert _raw_licitacoesPropostas → 1043 registros
2026-03-07 03:58:37,255 [INFO] etl_camara — ✔ licitacoesItens-2018.csv (3181 linhas)
2026-03-07 03:58:38,906 [INFO] etl_camara —   FK-insert _raw_licitacoesItens → 3181 registros
2026-03-07 03:58:39,404 [INFO] etl_camara — ✔ licitacoesContratos-2018.csv (890 linhas)
2026-03-07 03:58:39,638 [INFO] etl_camara —   FK-insert _raw_licitacoesContratos → 890 registros
2026-03-07 03:58:40,243 [INFO] etl_camara — ✔ eventos-2019.csv (3826 linhas)
2026-03-07 03:58:41,066 [INFO] etl_camara —   upsert eventos → 3826 registros
2026-03-07 03:58:41,512 [INFO] etl_camara — ✔ eventosOrgaos-2019.csv (3987 linhas)
2026-03-07 03:58:43,534 [INFO] etl_camara —   FK-insert _raw_eventosOrgaos → 3987 registros
2026-03-07 03:58:43,910 [INFO] etl_camara — ✔ eventosRequerimentos-2019.csv (2302 linhas)
2026-03-07 03:58:44,710 [INFO] etl_camara —   FK-insert _raw_eventosRequerimentos → 2302 registros
2026-03-07 03:58:45,948 [INFO] etl_camara — ✔ eventosPresencaDeputados-2019.csv (152020 linhas)
2026-03-07 04:00:08,967 [INFO] etl_camara —   FK-insert _raw_eventosPresenca → 152020 registros
2026-03-07 04:00:10,746 [INFO] etl_camara — ✔ proposicoes-2019.csv (38410 linhas)
2026-03-07 04:00:31,491 [INFO] etl_camara —   upsert proposicoes → 38410 registros
2026-03-07 04:00:33,172 [INFO] etl_camara — ✔ proposicoesAutores-2019.csv (127845 linhas)
2026-03-07 04:03:13,510 [INFO] etl_camara —   FK-insert _raw_proposicoesAutores → 127845 registros
2026-03-07 04:03:14,146 [INFO] etl_camara — ✔ proposicoesTemas-2019.csv (15414 linhas)
2026-03-07 04:03:24,537 [INFO] etl_camara —   FK-insert _raw_proposicoesTemas → 15414 registros
2026-03-07 04:03:25,442 [INFO] etl_camara — ✔ votacoes-2019.csv (8720 linhas)
2026-03-07 04:03:32,236 [INFO] etl_camara —   FK-insert _raw_votacoes → 8720 registros
2026-03-07 04:03:34,335 [INFO] etl_camara — ✔ votacoesVotos-2019.csv (120952 linhas)
2026-03-07 04:04:47,436 [INFO] etl_camara —   FK-insert _raw_votacoesVotos → 120952 registros
2026-03-07 04:04:48,005 [INFO] etl_camara — ✔ votacoesOrientacoes-2019.csv (7085 linhas)
2026-03-07 04:04:50,605 [INFO] etl_camara —   FK-insert _raw_votacoesOrientacoes → 7085 registros
2026-03-07 04:04:51,163 [INFO] etl_camara — ✔ votacoesProposicoes-2019.csv (5797 linhas)
2026-03-07 04:04:53,721 [INFO] etl_camara —   FK-insert _raw_votacoesObjetos → 5797 registros
2026-03-07 04:04:53,952 [INFO] etl_camara — ✔ licitacoes-2019.csv (184 linhas)
2026-03-07 04:04:54,030 [INFO] etl_camara —   upsert licitacoes → 184 registros
2026-03-07 04:04:54,312 [INFO] etl_camara — ✔ licitacoesPedidos-2019.csv (170 linhas)
2026-03-07 04:04:54,405 [INFO] etl_camara —   FK-insert _raw_licitacoesPedidos → 170 registros
2026-03-07 04:04:54,725 [INFO] etl_camara — ✔ licitacoesPropostas-2019.csv (755 linhas)
2026-03-07 04:04:55,102 [INFO] etl_camara —   FK-insert _raw_licitacoesPropostas → 755 registros
2026-03-07 04:04:55,662 [INFO] etl_camara — ✔ licitacoesItens-2019.csv (1863 linhas)
2026-03-07 04:04:56,647 [INFO] etl_camara —   FK-insert _raw_licitacoesItens → 1863 registros
2026-03-07 04:04:57,086 [INFO] etl_camara — ✔ licitacoesContratos-2019.csv (781 linhas)
2026-03-07 04:04:57,303 [INFO] etl_camara —   FK-insert _raw_licitacoesContratos → 781 registros
2026-03-07 04:04:57,735 [INFO] etl_camara — ✔ eventos-2020.csv (693 linhas)
2026-03-07 04:04:57,940 [INFO] etl_camara —   upsert eventos → 693 registros
2026-03-07 04:04:58,254 [INFO] etl_camara — ✔ eventosOrgaos-2020.csv (693 linhas)
2026-03-07 04:04:58,602 [INFO] etl_camara —   FK-insert _raw_eventosOrgaos → 693 registros
2026-03-07 04:04:58,816 [INFO] etl_camara — ✔ eventosRequerimentos-2020.csv (49 linhas)
2026-03-07 04:04:58,842 [INFO] etl_camara —   FK-insert _raw_eventosRequerimentos → 49 registros
2026-03-07 04:04:59,625 [INFO] etl_camara — ✔ eventosPresencaDeputados-2020.csv (68448 linhas)
2026-03-07 04:05:36,817 [INFO] etl_camara —   FK-insert _raw_eventosPresenca → 68448 registros
2026-03-07 04:05:38,113 [INFO] etl_camara — ✔ proposicoes-2020.csv (29749 linhas)
2026-03-07 04:05:54,221 [INFO] etl_camara —   upsert proposicoes → 29749 registros
2026-03-07 04:05:55,259 [INFO] etl_camara — ✔ proposicoesAutores-2020.csv (55746 linhas)
2026-03-07 04:07:04,610 [INFO] etl_camara —   FK-insert _raw_proposicoesAutores → 55746 registros
2026-03-07 04:07:05,126 [INFO] etl_camara — ✔ proposicoesTemas-2020.csv (19159 linhas)
2026-03-07 04:07:17,986 [INFO] etl_camara —   FK-insert _raw_proposicoesTemas → 19159 registros
2026-03-07 04:07:18,520 [INFO] etl_camara — ✔ votacoes-2020.csv (1493 linhas)
2026-03-07 04:07:19,789 [INFO] etl_camara —   FK-insert _raw_votacoes → 1493 registros
2026-03-07 04:07:22,011 [INFO] etl_camara — ✔ votacoesVotos-2020.csv (159717 linhas)
2026-03-07 04:08:57,639 [INFO] etl_camara —   FK-insert _raw_votacoesVotos → 159717 registros
2026-03-07 04:08:58,308 [INFO] etl_camara — ✔ votacoesOrientacoes-2020.csv (9352 linhas)
2026-03-07 04:09:01,784 [INFO] etl_camara —   FK-insert _raw_votacoesOrientacoes → 9352 registros
2026-03-07 04:09:02,305 [INFO] etl_camara — ✔ votacoesProposicoes-2020.csv (1434 linhas)
2026-03-07 04:09:02,957 [INFO] etl_camara —   FK-insert _raw_votacoesObjetos → 1434 registros
2026-03-07 04:09:03,220 [INFO] etl_camara — ✔ licitacoes-2020.csv (140 linhas)
2026-03-07 04:09:03,285 [INFO] etl_camara —   upsert licitacoes → 140 registros
2026-03-07 04:09:03,601 [INFO] etl_camara — ✔ licitacoesPedidos-2020.csv (123 linhas)
2026-03-07 04:09:03,667 [INFO] etl_camara —   FK-insert _raw_licitacoesPedidos → 123 registros
2026-03-07 04:09:03,951 [INFO] etl_camara — ✔ licitacoesPropostas-2020.csv (412 linhas)
2026-03-07 04:09:04,168 [INFO] etl_camara —   FK-insert _raw_licitacoesPropostas → 412 registros
2026-03-07 04:09:04,884 [INFO] etl_camara — ✔ licitacoesItens-2020.csv (1393 linhas)
2026-03-07 04:09:05,649 [INFO] etl_camara —   FK-insert _raw_licitacoesItens → 1393 registros
2026-03-07 04:09:06,051 [INFO] etl_camara — ✔ licitacoesContratos-2020.csv (666 linhas)
2026-03-07 04:09:06,231 [INFO] etl_camara —   FK-insert _raw_licitacoesContratos → 666 registros
2026-03-07 04:09:06,830 [INFO] etl_camara — ✔ eventos-2021.csv (3335 linhas)
2026-03-07 04:09:07,584 [INFO] etl_camara —   upsert eventos → 3335 registros
2026-03-07 04:09:07,947 [INFO] etl_camara — ✔ eventosOrgaos-2021.csv (3447 linhas)
2026-03-07 04:09:09,681 [INFO] etl_camara —   FK-insert _raw_eventosOrgaos → 3447 registros
2026-03-07 04:09:10,046 [INFO] etl_camara — ✔ eventosRequerimentos-2021.csv (1679 linhas)
2026-03-07 04:09:10,639 [INFO] etl_camara —   FK-insert _raw_eventosRequerimentos → 1679 registros
2026-03-07 04:09:11,882 [INFO] etl_camara — ✔ eventosPresencaDeputados-2021.csv (146387 linhas)
2026-03-07 04:10:31,431 [INFO] etl_camara —   FK-insert _raw_eventosPresenca → 146387 registros
2026-03-07 04:10:33,179 [INFO] etl_camara — ✔ proposicoes-2021.csv (39864 linhas)
2026-03-07 04:10:55,009 [INFO] etl_camara —   upsert proposicoes → 39864 registros
2026-03-07 04:10:56,408 [INFO] etl_camara — ✔ proposicoesAutores-2021.csv (76388 linhas)
2026-03-07 04:12:28,295 [INFO] etl_camara —   FK-insert _raw_proposicoesAutores → 76388 registros
2026-03-07 04:12:28,910 [INFO] etl_camara — ✔ proposicoesTemas-2021.csv (15437 linhas)
2026-03-07 04:12:39,139 [INFO] etl_camara —   FK-insert _raw_proposicoesTemas → 15437 registros
2026-03-07 04:12:40,009 [INFO] etl_camara — ✔ votacoes-2021.csv (9998 linhas)
2026-03-07 04:12:47,920 [INFO] etl_camara —   FK-insert _raw_votacoes → 9998 registros
2026-03-07 04:12:51,986 [INFO] etl_camara — ✔ votacoesVotos-2021.csv (322237 linhas)
2026-03-07 04:16:06,943 [INFO] etl_camara —   FK-insert _raw_votacoesVotos → 322237 registros
2026-03-07 04:16:07,645 [INFO] etl_camara — ✔ votacoesOrientacoes-2021.csv (22415 linhas)
2026-03-07 04:16:16,040 [INFO] etl_camara —   FK-insert _raw_votacoesOrientacoes → 22415 registros
2026-03-07 04:16:16,816 [INFO] etl_camara — ✔ votacoesProposicoes-2021.csv (7763 linhas)
2026-03-07 04:16:20,282 [INFO] etl_camara —   FK-insert _raw_votacoesObjetos → 7763 registros
2026-03-07 04:16:20,539 [INFO] etl_camara — ✔ licitacoes-2021.csv (127 linhas)
2026-03-07 04:16:20,604 [INFO] etl_camara —   upsert licitacoes → 127 registros
2026-03-07 04:16:20,898 [INFO] etl_camara — ✔ licitacoesPedidos-2021.csv (116 linhas)
2026-03-07 04:16:20,966 [INFO] etl_camara —   FK-insert _raw_licitacoesPedidos → 116 registros
2026-03-07 04:16:21,263 [INFO] etl_camara — ✔ licitacoesPropostas-2021.csv (412 linhas)
2026-03-07 04:16:21,469 [INFO] etl_camara —   FK-insert _raw_licitacoesPropostas → 412 registros
2026-03-07 04:16:21,899 [INFO] etl_camara — ✔ licitacoesItens-2021.csv (1019 linhas)
2026-03-07 04:16:22,447 [INFO] etl_camara —   FK-insert _raw_licitacoesItens → 1019 registros
2026-03-07 04:16:22,846 [INFO] etl_camara — ✔ licitacoesContratos-2021.csv (592 linhas)
2026-03-07 04:16:23,017 [INFO] etl_camara —   FK-insert _raw_licitacoesContratos → 592 registros
2026-03-07 04:16:23,578 [INFO] etl_camara — ✔ eventos-2022.csv (1648 linhas)
2026-03-07 04:16:24,006 [INFO] etl_camara —   upsert eventos → 1648 registros
2026-03-07 04:16:24,431 [INFO] etl_camara — ✔ eventosOrgaos-2022.csv (1711 linhas)
2026-03-07 04:16:25,293 [INFO] etl_camara —   FK-insert _raw_eventosOrgaos → 1711 registros
2026-03-07 04:16:25,600 [INFO] etl_camara — ✔ eventosRequerimentos-2022.csv (733 linhas)
2026-03-07 04:16:25,865 [INFO] etl_camara —   FK-insert _raw_eventosRequerimentos → 733 registros
2026-03-07 04:16:27,015 [INFO] etl_camara — ✔ eventosPresencaDeputados-2022.csv (75734 linhas)
2026-03-07 04:17:08,506 [INFO] etl_camara —   FK-insert _raw_eventosPresenca → 75734 registros
2026-03-07 04:17:09,836 [INFO] etl_camara — ✔ proposicoes-2022.csv (26879 linhas)
2026-03-07 04:17:24,508 [INFO] etl_camara —   upsert proposicoes → 26879 registros
2026-03-07 04:17:25,519 [INFO] etl_camara — ✔ proposicoesAutores-2022.csv (43740 linhas)
2026-03-07 04:18:17,362 [INFO] etl_camara —   FK-insert _raw_proposicoesAutores → 43740 registros
2026-03-07 04:18:17,845 [INFO] etl_camara — ✔ proposicoesTemas-2022.csv (10046 linhas)
2026-03-07 04:18:24,562 [INFO] etl_camara —   FK-insert _raw_proposicoesTemas → 10046 registros
2026-03-07 04:18:25,216 [INFO] etl_camara — ✔ votacoes-2022.csv (5579 linhas)
2026-03-07 04:18:29,634 [INFO] etl_camara —   FK-insert _raw_votacoes → 5579 registros
2026-03-07 04:18:32,688 [INFO] etl_camara — ✔ votacoesVotos-2022.csv (197189 linhas)
2026-03-07 04:20:31,555 [INFO] etl_camara —   FK-insert _raw_votacoesVotos → 197189 registros
2026-03-07 04:20:32,225 [INFO] etl_camara — ✔ votacoesOrientacoes-2022.csv (14415 linhas)
2026-03-07 04:20:37,637 [INFO] etl_camara —   FK-insert _raw_votacoesOrientacoes → 14415 registros
2026-03-07 04:20:38,162 [INFO] etl_camara — ✔ votacoesProposicoes-2022.csv (4255 linhas)
2026-03-07 04:20:40,061 [INFO] etl_camara —   FK-insert _raw_votacoesObjetos → 4255 registros
2026-03-07 04:20:40,307 [INFO] etl_camara — ✔ licitacoes-2022.csv (157 linhas)
2026-03-07 04:20:40,376 [INFO] etl_camara —   upsert licitacoes → 157 registros
2026-03-07 04:20:40,674 [INFO] etl_camara — ✔ licitacoesPedidos-2022.csv (142 linhas)
2026-03-07 04:20:40,749 [INFO] etl_camara —   FK-insert _raw_licitacoesPedidos → 142 registros
2026-03-07 04:20:41,003 [INFO] etl_camara — ✔ licitacoesPropostas-2022.csv (495 linhas)
2026-03-07 04:20:41,261 [INFO] etl_camara —   FK-insert _raw_licitacoesPropostas → 495 registros
2026-03-07 04:20:41,855 [INFO] etl_camara — ✔ licitacoesItens-2022.csv (1251 linhas)
2026-03-07 04:20:42,520 [INFO] etl_camara —   FK-insert _raw_licitacoesItens → 1251 registros
2026-03-07 04:20:42,882 [INFO] etl_camara — ✔ licitacoesContratos-2022.csv (498 linhas)
2026-03-07 04:20:43,037 [INFO] etl_camara —   FK-insert _raw_licitacoesContratos → 498 registros
2026-03-07 04:20:43,610 [INFO] etl_camara — ✔ eventos-2023.csv (3320 linhas)
2026-03-07 04:20:44,344 [INFO] etl_camara —   upsert eventos → 3320 registros
2026-03-07 04:20:44,747 [INFO] etl_camara — ✔ eventosOrgaos-2023.csv (3419 linhas)
2026-03-07 04:20:46,426 [INFO] etl_camara —   FK-insert _raw_eventosOrgaos → 3419 registros
2026-03-07 04:20:46,817 [INFO] etl_camara — ✔ eventosRequerimentos-2023.csv (2535 linhas)
2026-03-07 04:20:47,678 [INFO] etl_camara —   FK-insert _raw_eventosRequerimentos → 2535 registros
2026-03-07 04:20:48,614 [INFO] etl_camara — ✔ eventosPresencaDeputados-2023.csv (107754 linhas)
2026-03-07 04:21:47,068 [INFO] etl_camara —   FK-insert _raw_eventosPresenca → 107754 registros
2026-03-07 04:21:49,518 [INFO] etl_camara — ✔ proposicoes-2023.csv (62412 linhas)
2026-03-07 04:22:23,740 [INFO] etl_camara —   upsert proposicoes → 62412 registros
2026-03-07 04:22:25,666 [INFO] etl_camara — ✔ proposicoesAutores-2023.csv (164915 linhas)
2026-03-07 04:25:51,248 [INFO] etl_camara —   FK-insert _raw_proposicoesAutores → 164915 registros
2026-03-07 04:25:51,876 [INFO] etl_camara — ✔ proposicoesTemas-2023.csv (22886 linhas)
2026-03-07 04:26:07,166 [INFO] etl_camara —   FK-insert _raw_proposicoesTemas → 22886 registros
2026-03-07 04:26:08,266 [INFO] etl_camara — ✔ votacoes-2023.csv (10831 linhas)
2026-03-07 04:26:16,724 [INFO] etl_camara —   FK-insert _raw_votacoes → 10831 registros
2026-03-07 04:26:18,604 [INFO] etl_camara — ✔ votacoesVotos-2023.csv (128679 linhas)
2026-03-07 04:27:36,084 [INFO] etl_camara —   FK-insert _raw_votacoesVotos → 128679 registros
2026-03-07 04:27:36,725 [INFO] etl_camara — ✔ votacoesOrientacoes-2023.csv (4359 linhas)
2026-03-07 04:27:38,358 [INFO] etl_camara —   FK-insert _raw_votacoesOrientacoes → 4359 registros
2026-03-07 04:27:39,256 [INFO] etl_camara — ✔ votacoesProposicoes-2023.csv (8192 linhas)
2026-03-07 04:27:42,897 [INFO] etl_camara —   FK-insert _raw_votacoesObjetos → 8192 registros
2026-03-07 04:27:43,156 [INFO] etl_camara — ✔ licitacoes-2023.csv (177 linhas)
2026-03-07 04:27:43,229 [INFO] etl_camara —   upsert licitacoes → 177 registros
2026-03-07 04:27:43,567 [INFO] etl_camara — ✔ licitacoesPedidos-2023.csv (166 linhas)
2026-03-07 04:27:43,653 [INFO] etl_camara —   FK-insert _raw_licitacoesPedidos → 166 registros
2026-03-07 04:27:44,006 [INFO] etl_camara — ✔ licitacoesPropostas-2023.csv (637 linhas)
2026-03-07 04:27:44,324 [INFO] etl_camara —   FK-insert _raw_licitacoesPropostas → 637 registros
2026-03-07 04:27:44,818 [INFO] etl_camara — ✔ licitacoesItens-2023.csv (1316 linhas)
2026-03-07 04:27:45,513 [INFO] etl_camara —   FK-insert _raw_licitacoesItens → 1316 registros
2026-03-07 04:27:45,875 [INFO] etl_camara — ✔ licitacoesContratos-2023.csv (371 linhas)
2026-03-07 04:27:46,033 [INFO] etl_camara —   FK-insert _raw_licitacoesContratos → 371 registros
2026-03-07 04:27:46,561 [INFO] etl_camara — ✔ eventos-2024.csv (2357 linhas)
2026-03-07 04:27:47,090 [INFO] etl_camara —   upsert eventos → 2357 registros
2026-03-07 04:27:47,438 [INFO] etl_camara — ✔ eventosOrgaos-2024.csv (2420 linhas)
2026-03-07 04:27:48,638 [INFO] etl_camara —   FK-insert _raw_eventosOrgaos → 2420 registros
2026-03-07 04:27:49,060 [INFO] etl_camara — ✔ eventosRequerimentos-2024.csv (1505 linhas)
2026-03-07 04:27:49,615 [INFO] etl_camara —   FK-insert _raw_eventosRequerimentos → 1505 registros
2026-03-07 04:27:50,579 [INFO] etl_camara — ✔ eventosPresencaDeputados-2024.csv (77657 linhas)
2026-03-07 04:28:32,899 [INFO] etl_camara —   FK-insert _raw_eventosPresenca → 77657 registros
2026-03-07 04:28:35,336 [INFO] etl_camara — ✔ proposicoes-2024.csv (61510 linhas)
2026-03-07 04:29:09,098 [INFO] etl_camara —   upsert proposicoes → 61510 registros
2026-03-07 04:29:10,722 [INFO] etl_camara — ✔ proposicoesAutores-2024.csv (97090 linhas)
2026-03-07 04:31:08,389 [INFO] etl_camara —   FK-insert _raw_proposicoesAutores → 97090 registros
2026-03-07 04:31:09,152 [INFO] etl_camara — ✔ proposicoesTemas-2024.csv (23670 linhas)
2026-03-07 04:31:24,749 [INFO] etl_camara —   FK-insert _raw_proposicoesTemas → 23670 registros
2026-03-07 04:31:25,694 [INFO] etl_camara — ✔ votacoes-2024.csv (10371 linhas)
2026-03-07 04:31:33,610 [INFO] etl_camara —   FK-insert _raw_votacoes → 10371 registros
2026-03-07 04:31:35,397 [INFO] etl_camara — ✔ votacoesVotos-2024.csv (116400 linhas)
2026-03-07 04:32:45,124 [INFO] etl_camara —   FK-insert _raw_votacoesVotos → 116400 registros
2026-03-07 04:32:45,701 [INFO] etl_camara — ✔ votacoesOrientacoes-2024.csv (4361 linhas)
2026-03-07 04:32:47,291 [INFO] etl_camara —   FK-insert _raw_votacoesOrientacoes → 4361 registros
2026-03-07 04:32:47,901 [INFO] etl_camara — ✔ votacoesProposicoes-2024.csv (7430 linhas)
2026-03-07 04:32:51,183 [INFO] etl_camara —   FK-insert _raw_votacoesObjetos → 7430 registros
2026-03-07 04:32:51,405 [INFO] etl_camara — ✔ licitacoes-2024.csv (111 linhas)
2026-03-07 04:32:51,464 [INFO] etl_camara —   upsert licitacoes → 111 registros
2026-03-07 04:32:51,752 [INFO] etl_camara — ✔ licitacoesPedidos-2024.csv (113 linhas)
2026-03-07 04:32:51,816 [INFO] etl_camara —   FK-insert _raw_licitacoesPedidos → 113 registros
2026-03-07 04:32:52,097 [INFO] etl_camara — ✔ licitacoesPropostas-2024.csv (494 linhas)
2026-03-07 04:32:52,349 [INFO] etl_camara —   FK-insert _raw_licitacoesPropostas → 494 registros
2026-03-07 04:32:52,845 [INFO] etl_camara — ✔ licitacoesItens-2024.csv (898 linhas)
2026-03-07 04:32:53,346 [INFO] etl_camara —   FK-insert _raw_licitacoesItens → 898 registros
2026-03-07 04:32:53,682 [INFO] etl_camara — ✔ licitacoesContratos-2024.csv (187 linhas)
2026-03-07 04:32:53,765 [INFO] etl_camara —   FK-insert _raw_licitacoesContratos → 187 registros
2026-03-07 04:32:54,372 [INFO] etl_camara — ✔ eventos-2025.csv (3222 linhas)
2026-03-07 04:32:55,167 [INFO] etl_camara —   upsert eventos → 3222 registros
2026-03-07 04:32:55,684 [INFO] etl_camara — ✔ eventosOrgaos-2025.csv (3225 linhas)
2026-03-07 04:32:57,311 [INFO] etl_camara —   FK-insert _raw_eventosOrgaos → 3225 registros
2026-03-07 04:32:57,778 [INFO] etl_camara — ✔ eventosRequerimentos-2025.csv (2574 linhas)
2026-03-07 04:32:58,682 [INFO] etl_camara —   FK-insert _raw_eventosRequerimentos → 2574 registros
2026-03-07 04:32:59,821 [INFO] etl_camara — ✔ eventosPresencaDeputados-2025.csv (109886 linhas)
2026-03-07 04:34:00,075 [INFO] etl_camara —   FK-insert _raw_eventosPresenca → 109886 registros
2026-03-07 04:34:04,503 [INFO] etl_camara — ✔ proposicoes-2025.csv (107539 linhas)
2026-03-07 04:35:02,193 [INFO] etl_camara —   upsert proposicoes → 107539 registros
2026-03-07 04:35:04,153 [INFO] etl_camara — ✔ proposicoesAutores-2025.csv (154514 linhas)
2026-03-07 04:38:11,738 [INFO] etl_camara —   FK-insert _raw_proposicoesAutores → 154514 registros
2026-03-07 04:38:12,517 [INFO] etl_camara — ✔ proposicoesTemas-2025.csv (40806 linhas)
2026-03-07 04:38:39,883 [INFO] etl_camara —   FK-insert _raw_proposicoesTemas → 40806 registros
2026-03-07 04:38:40,779 [INFO] etl_camara — ✔ votacoes-2025.csv (13821 linhas)
2026-03-07 04:38:51,541 [INFO] etl_camara —   FK-insert _raw_votacoes → 13821 registros
2026-03-07 04:38:53,853 [INFO] etl_camara — ✔ votacoesVotos-2025.csv (175067 linhas)
2026-03-07 04:40:39,751 [INFO] etl_camara —   FK-insert _raw_votacoesVotos → 175067 registros
2026-03-07 04:40:40,214 [INFO] etl_camara — ✔ votacoesOrientacoes-2025.csv (4947 linhas)
2026-03-07 04:40:42,058 [INFO] etl_camara —   FK-insert _raw_votacoesOrientacoes → 4947 registros
2026-03-07 04:40:42,736 [INFO] etl_camara — ✔ votacoesProposicoes-2025.csv (10286 linhas)
2026-03-07 04:40:47,223 [INFO] etl_camara —   FK-insert _raw_votacoesObjetos → 10286 registros
2026-03-07 04:40:47,525 [INFO] etl_camara — ✔ licitacoes-2025.csv (182 linhas)
2026-03-07 04:40:47,603 [INFO] etl_camara —   upsert licitacoes → 182 registros
2026-03-07 04:40:47,913 [INFO] etl_camara — ✔ licitacoesPedidos-2025.csv (174 linhas)
2026-03-07 04:40:48,007 [INFO] etl_camara —   FK-insert _raw_licitacoesPedidos → 174 registros
2026-03-07 04:40:48,265 [INFO] etl_camara — ✔ licitacoesPropostas-2025.csv (446 linhas)
2026-03-07 04:40:48,506 [INFO] etl_camara —   FK-insert _raw_licitacoesPropostas → 446 registros
2026-03-07 04:40:49,066 [INFO] etl_camara — ✔ licitacoesItens-2025.csv (821 linhas)
2026-03-07 04:40:49,521 [INFO] etl_camara —   FK-insert _raw_licitacoesItens → 821 registros
2026-03-07 04:40:49,779 [INFO] etl_camara — ✔ licitacoesContratos-2025.csv (115 linhas)
2026-03-07 04:40:49,860 [INFO] etl_camara —   FK-insert _raw_licitacoesContratos → 115 registros
2026-03-07 04:40:50,166 [INFO] etl_camara — ✔ eventos-2026.csv (207 linhas)
2026-03-07 04:40:50,226 [INFO] etl_camara —   upsert eventos → 207 registros
2026-03-07 04:40:50,528 [INFO] etl_camara — ✔ eventosOrgaos-2026.csv (207 linhas)
2026-03-07 04:40:50,647 [INFO] etl_camara —   FK-insert _raw_eventosOrgaos → 207 registros
2026-03-07 04:40:50,828 [INFO] etl_camara — ✔ eventosRequerimentos-2026.csv (71 linhas)
2026-03-07 04:40:50,855 [INFO] etl_camara —   FK-insert _raw_eventosRequerimentos → 71 registros
2026-03-07 04:40:51,321 [INFO] etl_camara — ✔ eventosPresencaDeputados-2026.csv (9161 linhas)
2026-03-07 04:40:56,250 [INFO] etl_camara —   FK-insert _raw_eventosPresenca → 9161 registros
2026-03-07 04:40:57,254 [INFO] etl_camara — ✔ proposicoes-2026.csv (7218 linhas)
2026-03-07 04:41:01,081 [INFO] etl_camara —   upsert proposicoes → 7218 registros
2026-03-07 04:41:01,945 [INFO] etl_camara — ✔ proposicoesAutores-2026.csv (10168 linhas)
2026-03-07 04:41:14,500 [INFO] etl_camara —   FK-insert _raw_proposicoesAutores → 10168 registros
2026-03-07 04:41:14,917 [INFO] etl_camara — ✔ proposicoesTemas-2026.csv (4246 linhas)
2026-03-07 04:41:17,670 [INFO] etl_camara —   FK-insert _raw_proposicoesTemas → 4246 registros
2026-03-07 04:41:18,134 [INFO] etl_camara — ✔ votacoes-2026.csv (867 linhas)
2026-03-07 04:41:18,816 [INFO] etl_camara —   FK-insert _raw_votacoes → 867 registros
2026-03-07 04:41:19,409 [INFO] etl_camara — ✔ votacoesVotos-2026.csv (13557 linhas)
2026-03-07 04:41:27,576 [INFO] etl_camara —   FK-insert _raw_votacoesVotos → 13557 registros
2026-03-07 04:41:27,878 [INFO] etl_camara — ✔ votacoesOrientacoes-2026.csv (418 linhas)
2026-03-07 04:41:28,048 [INFO] etl_camara —   FK-insert _raw_votacoesOrientacoes → 418 registros
2026-03-07 04:41:28,392 [INFO] etl_camara — ✔ votacoesProposicoes-2026.csv (602 linhas)
2026-03-07 04:41:28,678 [INFO] etl_camara —   FK-insert _raw_votacoesObjetos → 602 registros
2026-03-07 04:41:28,883 [INFO] etl_camara — ✔ licitacoes-2026.csv (34 linhas)
2026-03-07 04:41:28,922 [INFO] etl_camara —   upsert licitacoes → 34 registros
2026-03-07 04:41:29,162 [INFO] etl_camara — ✔ licitacoesPedidos-2026.csv (34 linhas)
2026-03-07 04:41:29,189 [INFO] etl_camara —   FK-insert _raw_licitacoesPedidos → 34 registros
2026-03-07 04:41:29,385 [INFO] etl_camara — ✔ licitacoesPropostas-2026.csv (62 linhas)
2026-03-07 04:41:29,433 [INFO] etl_camara —   FK-insert _raw_licitacoesPropostas → 62 registros
2026-03-07 04:41:29,775 [INFO] etl_camara — ✔ licitacoesItens-2026.csv (291 linhas)
2026-03-07 04:41:29,951 [INFO] etl_camara —   FK-insert _raw_licitacoesItens → 291 registros
2026-03-07 04:41:30,146 [INFO] etl_camara — ✔ licitacoesContratos-2026.csv (3 linhas)
2026-03-07 04:41:30,167 [INFO] etl_camara —   FK-insert _raw_licitacoesContratos → 3 registros
2026-03-07 04:41:30,836 [INFO] etl_camara — ✔ orgaosDeputados-L56.csv (14519 linhas)
2026-03-07 04:41:39,124 [INFO] etl_camara —   FK-insert _raw_orgaosDeputados → 14519 registros
2026-03-07 04:41:39,852 [INFO] etl_camara — ✔ orgaosDeputados-L57.csv (12193 linhas)
2026-03-07 04:41:47,118 [INFO] etl_camara —   FK-insert _raw_orgaosDeputados → 12193 registros
2026-03-07 04:41:47,405 [INFO] etl_camara — ✔ Ano-2008.csv.zip (445 linhas)
2026-03-07 04:41:47,696 [INFO] etl_camara —   FK-insert _raw_cotas → 445 registros
2026-03-07 04:41:49,309 [INFO] etl_camara — ✔ Ano-2009.csv.zip (265197 linhas)
2026-03-07 04:59:52,584 [INFO] etl_camara —   FK-insert _raw_cotas → 265190 registros
2026-03-07 04:59:54,769 [INFO] etl_camara — ✔ Ano-2010.csv.zip (349235 linhas)
2026-03-07 05:32:10,742 [INFO] etl_camara —   FK-insert _raw_cotas → 349235 registros
2026-03-07 05:32:12,918 [INFO] etl_camara — ✔ Ano-2011.csv.zip (385169 linhas)
2026-03-07 06:23:19,699 [INFO] etl_camara —   FK-insert _raw_cotas → 385101 registros
2026-03-07 06:23:21,806 [INFO] etl_camara — ✔ Ano-2012.csv.zip (358345 linhas)
2026-03-07 07:10:38,911 [INFO] etl_camara —   FK-insert _raw_cotas → 358172 registros
2026-03-07 07:10:41,073 [INFO] etl_camara — ✔ Ano-2013.csv.zip (391528 linhas)
2026-03-07 07:32:09,234 [INFO] etl_camara —   FK-insert _raw_cotas → 391096 registros
2026-03-07 07:32:11,462 [INFO] etl_camara — ✔ Ano-2014.csv.zip (356093 linhas)
2026-03-07 07:52:04,519 [INFO] etl_camara —   FK-insert _raw_cotas → 355535 registros
2026-03-07 07:52:07,322 [INFO] etl_camara — ✔ Ano-2015.csv.zip (403645 linhas)
2026-03-07 08:11:25,034 [INFO] etl_camara —   FK-insert _raw_cotas → 402929 registros
2026-03-07 08:11:27,434 [INFO] etl_camara — ✔ Ano-2016.csv.zip (383269 linhas)
2026-03-07 08:28:06,999 [INFO] etl_camara —   FK-insert _raw_cotas → 382379 registros
2026-03-07 08:28:09,405 [INFO] etl_camara — ✔ Ano-2017.csv.zip (368001 linhas)
2026-03-07 08:41:18,055 [INFO] etl_camara —   FK-insert _raw_cotas → 367079 registros
2026-03-07 08:41:20,138 [INFO] etl_camara — ✔ Ano-2018.csv.zip (292790 linhas)
2026-03-07 08:49:56,913 [INFO] etl_camara —   FK-insert _raw_cotas → 292038 registros
2026-03-07 08:49:58,970 [INFO] etl_camara — ✔ Ano-2019.csv.zip (289464 linhas)
2026-03-07 08:57:30,071 [INFO] etl_camara —   FK-insert _raw_cotas → 288559 registros
2026-03-07 08:57:31,471 [INFO] etl_camara — ✔ Ano-2020.csv.zip (166786 linhas)
2026-03-07 09:01:42,240 [INFO] etl_camara —   FK-insert _raw_cotas → 166394 registros
2026-03-07 09:01:44,299 [INFO] etl_camara — ✔ Ano-2021.csv.zip (218439 linhas)
2026-03-07 09:06:56,104 [INFO] etl_camara —   FK-insert _raw_cotas → 217581 registros
2026-03-07 09:06:57,741 [INFO] etl_camara — ✔ Ano-2022.csv.zip (209227 linhas)
2026-03-07 09:12:00,482 [INFO] etl_camara —   FK-insert _raw_cotas → 208600 registros
2026-03-07 09:12:02,166 [INFO] etl_camara — ✔ Ano-2023.csv.zip (236772 linhas)
2026-03-07 09:17:16,845 [INFO] etl_camara —   FK-insert _raw_cotas → 235917 registros
2026-03-07 09:17:19,036 [INFO] etl_camara — ✔ Ano-2024.csv.zip (231967 linhas)
2026-03-07 09:22:25,598 [INFO] etl_camara —   FK-insert _raw_cotas → 231064 registros
2026-03-07 09:22:27,350 [INFO] etl_camara — ✔ Ano-2025.csv.zip (207410 linhas)
2026-03-07 09:26:56,646 [INFO] etl_camara —   FK-insert _raw_cotas → 206474 registros
2026-03-07 09:26:57,144 [INFO] etl_camara — ✔ Ano-2026.csv.zip (17381 linhas)
2026-03-07 09:27:18,876 [INFO] etl_camara —   FK-insert _raw_cotas → 17304 registros
2026-03-07 09:27:18,878 [INFO] etl_camara — ETL concluído — processados: 339 | sem alteração (304): 0 | histórico pulado: 0 | erros: 0
2026-04-21 10:01:58,952 [INFO] etl_camara — Banco: localhost:5432/quemvota_teste
2026-04-21 10:01:58,953 [INFO] etl_camara — Cache: etl_cache.json
2026-04-21 10:01:58,960 [INFO] etl_camara — Iniciando ETL: 33 datasets | anos=[2026] | legislaturas=[56, 57]
2026-04-21 10:01:59,592 [INFO] etl_camara — ✔ legislaturas.csv (57 linhas)
2026-04-21 10:01:59,611 [ERROR] etl_camara — Upsert error [legislaturas]: (psycopg2.OperationalError) connection to server at "localhost" (127.0.0.1), port 5432 failed: FATAL:  password authentication failed for user "postgres"

(Background on this error at: https://sqlalche.me/e/20/e3q8)
2026-04-21 10:02:00,109 [INFO] etl_camara — ✔ orgaos.csv (3823 linhas)
2026-04-21 10:02:00,213 [ERROR] etl_camara — Upsert error [orgaos]: (psycopg2.OperationalError) connection to server at "localhost" (127.0.0.1), port 5432 failed: FATAL:  password authentication failed for user "postgres"

(Background on this error at: https://sqlalche.me/e/20/e3q8)
2026-04-21 10:02:00,649 [INFO] etl_camara — ✔ deputados.csv (7883 linhas)
2026-04-21 10:02:00,846 [ERROR] etl_camara — Upsert error [deputados]: (psycopg2.OperationalError) connection to server at "localhost" (127.0.0.1), port 5432 failed: FATAL:  password authentication failed for user "postgres"

(Background on this error at: https://sqlalche.me/e/20/e3q8)
2026-04-21 10:02:01,611 [INFO] etl_camara — ✔ deputadosOcupacoes.csv (37459 linhas)
2026-04-21 10:02:01,967 [ERROR] etl_camara — FK-insert error [deputadosOcupacoes]: (psycopg2.OperationalError) connection to server at "localhost" (127.0.0.1), port 5432 failed: FATAL:  password authentication failed for user "postgres"

(Background on this error at: https://sqlalche.me/e/20/e3q8)
2026-06-22 16:42:28,107 [INFO] etl_camara — Banco: localhost:5432/quemvota
2026-06-22 16:42:28,107 [INFO] etl_camara — Cache: etl_cache.json
2026-06-22 16:42:28,107 [INFO] etl_camara — Workers — download: 8 | backfill: 4
2026-06-22 16:42:28,124 [INFO] etl_camara — Iniciando ETL: 89 datasets | anos=[2026] | legislaturas=[1, 2, 3, 4, 5, 6, 7, 8, 9, 10, 11, 12, 13, 14, 15, 16, 17, 18, 19, 20, 21, 22, 23, 24, 25, 26, 27, 28, 29, 30, 31, 32, 33, 34, 35, 36, 37, 38, 39, 40, 41, 42, 43, 44, 45, 46, 47, 48, 49, 50, 51, 52, 53, 54, 55, 56, 57]
2026-06-22 16:42:28,124 [INFO] etl_camara — ━━━━━━━━━━━━━━━━━━━━━━━━━━━━━━━━━━━━━━━━━━━━━━━━━━━━━━━━━━━━
2026-06-22 16:42:28,124 [INFO] etl_camara — 🌊 Onda 0 — 10 datasets | workers=8
2026-06-22 16:42:28,388 [INFO] etl_camara — ✔ tecadCategorias.csv (79 linhas)
2026-06-22 16:42:28,441 [INFO] etl_camara —   upsert tecadCategorias → 79 registros
2026-06-22 16:42:28,566 [INFO] etl_camara — ✔ orgaos.csv (3849 linhas)
2026-06-22 16:42:28,743 [INFO] etl_camara — ✔ legislaturas.csv (57 linhas)
2026-06-22 16:42:28,824 [WARNING] etl_camara — 404 — não encontrado: http://dadosabertos.camara.leg.br/arquivos/licitacoes/csv/licitacoes.csv
2026-06-22 16:42:29,001 [INFO] etl_camara —   upsert legislaturas → 57 registros
2026-06-22 16:42:29,124 [INFO] etl_camara — ✔ eventos-2026.csv (1238 linhas)
2026-06-22 16:42:29,207 [INFO] etl_camara — ✔ licitacoes-2026.csv (84 linhas)
2026-06-22 16:42:29,377 [INFO] etl_camara — ✔ deputados.csv (7889 linhas)
2026-06-22 16:42:29,518 [INFO] etl_camara —   upsert licitacoes_2026 → 84 registros
2026-06-22 16:42:29,948 [INFO] etl_camara —   upsert orgaos → 3849 registros
2026-06-22 16:42:30,028 [INFO] etl_camara —   upsert eventos_2026 → 1238 registros
2026-06-22 16:42:30,113 [INFO] etl_camara — ✔ funcionarios.csv (15490 linhas)
2026-06-22 16:42:32,576 [INFO] etl_camara —   upsert deputados → 7889 registros
2026-06-22 16:42:33,641 [INFO] etl_camara — ✔ tecadTermos.csv (80126 linhas)
2026-06-22 16:42:34,348 [INFO] etl_camara — ✔ proposicoes-2026.csv (33245 linhas)
2026-06-22 16:42:35,407 [INFO] etl_camara —   upsert funcionarios → 15485 registros
2026-06-22 16:43:05,160 [INFO] etl_camara —   upsert tecadTermos → 80126 registros
2026-06-22 16:43:06,780 [INFO] etl_camara —   upsert proposicoes_2026 → 33245 registros
2026-06-22 16:43:06,807 [INFO] etl_camara — ━━━━━━━━━━━━━━━━━━━━━━━━━━━━━━━━━━━━━━━━━━━━━━━━━━━━━━━━━━━━
2026-06-22 16:43:06,807 [INFO] etl_camara — 🌊 Onda 1 — 73 datasets | workers=8
2026-06-22 16:43:07,026 [INFO] etl_camara — ✔ eventosRequerimentos-2026.csv (761 linhas)
2026-06-22 16:43:07,110 [INFO] etl_camara — ✔ deputadosProfissoes.csv (12589 linhas)
2026-06-22 16:43:07,212 [INFO] etl_camara — ✔ grupos.csv (118 linhas)
2026-06-22 16:43:07,213 [INFO] etl_camara — ✔ legislaturasMesas.csv (177 linhas)
2026-06-22 16:43:07,327 [INFO] etl_camara —   upsert grupos → 118 registros
2026-06-22 16:43:07,348 [INFO] etl_camara — ✔ deputadosOcupacoes.csv (37471 linhas)
2026-06-22 16:43:07,520 [INFO] etl_camara — ✔ eventosOrgaos-2026.csv (1238 linhas)
2026-06-22 16:43:07,532 [INFO] etl_camara —   upsert legislaturasMesas → 177 registros
2026-06-22 16:43:07,676 [INFO] etl_camara — ✔ frentes.csv (1443 linhas)
2026-06-22 16:43:08,088 [INFO] etl_camara — ✔ proposicoesTemas-2026.csv (16161 linhas)
2026-06-22 16:43:08,469 [INFO] etl_camara — ✔ eventosPresencaDeputados-2026.csv (46668 linhas)
2026-06-22 16:43:09,335 [INFO] etl_camara — ✔ proposicoesAutores-2026.csv (42574 linhas)
2026-06-22 16:43:09,623 [INFO] etl_camara —   FK-insert eventosRequerimentos_2026 → 761 registros
2026-06-22 16:43:10,409 [INFO] etl_camara — ✔ votacoes-2026.csv (5712 linhas)
2026-06-22 16:43:12,706 [INFO] etl_camara —   FK-insert frentes → 1443 registros
2026-06-22 16:43:12,923 [INFO] etl_camara — ✔ licitacoesPedidos-2026.csv (83 linhas)
2026-06-22 16:43:13,064 [INFO] etl_camara —   FK-insert licitacoesPedidos_2026 → 83 registros
2026-06-22 16:43:13,229 [INFO] etl_camara —   FK-insert eventosOrgaos_2026 → 1238 registros
2026-06-22 16:43:13,268 [INFO] etl_camara — ✔ licitacoesPropostas-2026.csv (265 linhas)
2026-06-22 16:43:13,537 [INFO] etl_camara — ✔ licitacoesItens-2026.csv (679 linhas)
2026-06-22 16:43:13,768 [INFO] etl_camara —   FK-insert licitacoesPropostas_2026 → 265 registros
2026-06-22 16:43:13,954 [INFO] etl_camara — ✔ licitacoesContratos-2026.csv (31 linhas)
2026-06-22 16:43:14,033 [INFO] etl_camara —   FK-insert licitacoesContratos_2026 → 31 registros
2026-06-22 16:43:14,204 [WARNING] etl_camara — 404 — não encontrado: http://dadosabertos.camara.leg.br/arquivos/orgaosDeputados/csv/orgaosDeputados-L1.csv
2026-06-22 16:43:14,361 [WARNING] etl_camara — 404 — não encontrado: http://dadosabertos.camara.leg.br/arquivos/orgaosDeputados/csv/orgaosDeputados-L2.csv
2026-06-22 16:43:14,514 [WARNING] etl_camara — 404 — não encontrado: http://dadosabertos.camara.leg.br/arquivos/orgaosDeputados/csv/orgaosDeputados-L3.csv
2026-06-22 16:43:14,658 [INFO] etl_camara —   FK-insert licitacoesItens_2026 → 679 registros
2026-06-22 16:43:14,715 [WARNING] etl_camara — 404 — não encontrado: http://dadosabertos.camara.leg.br/arquivos/orgaosDeputados/csv/orgaosDeputados-L4.csv
2026-06-22 16:43:14,885 [WARNING] etl_camara — 404 — não encontrado: http://dadosabertos.camara.leg.br/arquivos/orgaosDeputados/csv/orgaosDeputados-L6.csv
2026-06-22 16:43:14,918 [WARNING] etl_camara — 404 — não encontrado: http://dadosabertos.camara.leg.br/arquivos/orgaosDeputados/csv/orgaosDeputados-L5.csv
2026-06-22 16:43:15,071 [WARNING] etl_camara — 404 — não encontrado: http://dadosabertos.camara.leg.br/arquivos/orgaosDeputados/csv/orgaosDeputados-L7.csv
2026-06-22 16:43:15,233 [WARNING] etl_camara — 404 — não encontrado: http://dadosabertos.camara.leg.br/arquivos/orgaosDeputados/csv/orgaosDeputados-L9.csv
2026-06-22 16:43:15,270 [WARNING] etl_camara — 404 — não encontrado: http://dadosabertos.camara.leg.br/arquivos/orgaosDeputados/csv/orgaosDeputados-L8.csv
2026-06-22 16:43:15,432 [WARNING] etl_camara — 404 — não encontrado: http://dadosabertos.camara.leg.br/arquivos/orgaosDeputados/csv/orgaosDeputados-L11.csv
2026-06-22 16:43:15,471 [WARNING] etl_camara — 404 — não encontrado: http://dadosabertos.camara.leg.br/arquivos/orgaosDeputados/csv/orgaosDeputados-L10.csv
2026-06-22 16:43:15,629 [WARNING] etl_camara — 404 — não encontrado: http://dadosabertos.camara.leg.br/arquivos/orgaosDeputados/csv/orgaosDeputados-L12.csv
2026-06-22 16:43:15,675 [WARNING] etl_camara — 404 — não encontrado: http://dadosabertos.camara.leg.br/arquivos/orgaosDeputados/csv/orgaosDeputados-L13.csv
2026-06-22 16:43:15,843 [WARNING] etl_camara — 404 — não encontrado: http://dadosabertos.camara.leg.br/arquivos/orgaosDeputados/csv/orgaosDeputados-L15.csv
2026-06-22 16:43:15,876 [WARNING] etl_camara — 404 — não encontrado: http://dadosabertos.camara.leg.br/arquivos/orgaosDeputados/csv/orgaosDeputados-L14.csv
2026-06-22 16:43:16,043 [WARNING] etl_camara — 404 — não encontrado: http://dadosabertos.camara.leg.br/arquivos/orgaosDeputados/csv/orgaosDeputados-L16.csv
2026-06-22 16:43:16,056 [WARNING] etl_camara — 404 — não encontrado: http://dadosabertos.camara.leg.br/arquivos/orgaosDeputados/csv/orgaosDeputados-L17.csv
2026-06-22 16:43:16,243 [WARNING] etl_camara — 404 — não encontrado: http://dadosabertos.camara.leg.br/arquivos/orgaosDeputados/csv/orgaosDeputados-L18.csv
2026-06-22 16:43:16,417 [WARNING] etl_camara — 404 — não encontrado: http://dadosabertos.camara.leg.br/arquivos/orgaosDeputados/csv/orgaosDeputados-L20.csv
2026-06-22 16:43:16,443 [WARNING] etl_camara — 404 — não encontrado: http://dadosabertos.camara.leg.br/arquivos/orgaosDeputados/csv/orgaosDeputados-L19.csv
2026-06-22 16:43:16,587 [WARNING] etl_camara — 404 — não encontrado: http://dadosabertos.camara.leg.br/arquivos/orgaosDeputados/csv/orgaosDeputados-L21.csv
2026-06-22 16:43:16,620 [WARNING] etl_camara — 404 — não encontrado: http://dadosabertos.camara.leg.br/arquivos/orgaosDeputados/csv/orgaosDeputados-L22.csv
2026-06-22 16:43:16,783 [WARNING] etl_camara — 404 — não encontrado: http://dadosabertos.camara.leg.br/arquivos/orgaosDeputados/csv/orgaosDeputados-L23.csv
2026-06-22 16:43:16,815 [WARNING] etl_camara — 404 — não encontrado: http://dadosabertos.camara.leg.br/arquivos/orgaosDeputados/csv/orgaosDeputados-L24.csv
2026-06-22 16:43:16,945 [WARNING] etl_camara — 404 — não encontrado: http://dadosabertos.camara.leg.br/arquivos/orgaosDeputados/csv/orgaosDeputados-L25.csv
2026-06-22 16:43:17,020 [WARNING] etl_camara — 404 — não encontrado: http://dadosabertos.camara.leg.br/arquivos/orgaosDeputados/csv/orgaosDeputados-L26.csv
2026-06-22 16:43:17,147 [WARNING] etl_camara — 404 — não encontrado: http://dadosabertos.camara.leg.br/arquivos/orgaosDeputados/csv/orgaosDeputados-L27.csv
2026-06-22 16:43:17,303 [WARNING] etl_camara — 404 — não encontrado: http://dadosabertos.camara.leg.br/arquivos/orgaosDeputados/csv/orgaosDeputados-L29.csv
2026-06-22 16:43:17,347 [WARNING] etl_camara — 404 — não encontrado: http://dadosabertos.camara.leg.br/arquivos/orgaosDeputados/csv/orgaosDeputados-L28.csv
2026-06-22 16:43:17,516 [WARNING] etl_camara — 404 — não encontrado: http://dadosabertos.camara.leg.br/arquivos/orgaosDeputados/csv/orgaosDeputados-L31.csv
2026-06-22 16:43:17,547 [WARNING] etl_camara — 404 — não encontrado: http://dadosabertos.camara.leg.br/arquivos/orgaosDeputados/csv/orgaosDeputados-L30.csv
2026-06-22 16:43:17,745 [WARNING] etl_camara — 404 — não encontrado: http://dadosabertos.camara.leg.br/arquivos/orgaosDeputados/csv/orgaosDeputados-L32.csv
2026-06-22 16:43:17,943 [WARNING] etl_camara — 404 — não encontrado: http://dadosabertos.camara.leg.br/arquivos/orgaosDeputados/csv/orgaosDeputados-L33.csv
2026-06-22 16:43:18,109 [WARNING] etl_camara — 404 — não encontrado: http://dadosabertos.camara.leg.br/arquivos/orgaosDeputados/csv/orgaosDeputados-L35.csv
2026-06-22 16:43:18,141 [WARNING] etl_camara — 404 — não encontrado: http://dadosabertos.camara.leg.br/arquivos/orgaosDeputados/csv/orgaosDeputados-L34.csv
2026-06-22 16:43:18,294 [WARNING] etl_camara — 404 — não encontrado: http://dadosabertos.camara.leg.br/arquivos/orgaosDeputados/csv/orgaosDeputados-L37.csv
2026-06-22 16:43:18,346 [WARNING] etl_camara — 404 — não encontrado: http://dadosabertos.camara.leg.br/arquivos/orgaosDeputados/csv/orgaosDeputados-L36.csv
2026-06-22 16:43:18,492 [WARNING] etl_camara — 404 — não encontrado: http://dadosabertos.camara.leg.br/arquivos/orgaosDeputados/csv/orgaosDeputados-L38.csv
2026-06-22 16:43:18,551 [WARNING] etl_camara — 404 — não encontrado: http://dadosabertos.camara.leg.br/arquivos/orgaosDeputados/csv/orgaosDeputados-L39.csv
2026-06-22 16:43:18,714 [WARNING] etl_camara — 404 — não encontrado: http://dadosabertos.camara.leg.br/arquivos/orgaosDeputados/csv/orgaosDeputados-L41.csv
2026-06-22 16:43:18,748 [WARNING] etl_camara — 404 — não encontrado: http://dadosabertos.camara.leg.br/arquivos/orgaosDeputados/csv/orgaosDeputados-L40.csv
2026-06-22 16:43:18,857 [WARNING] etl_camara — 404 — não encontrado: http://dadosabertos.camara.leg.br/arquivos/orgaosDeputados/csv/orgaosDeputados-L42.csv
2026-06-22 16:43:18,942 [WARNING] etl_camara — 404 — não encontrado: http://dadosabertos.camara.leg.br/arquivos/orgaosDeputados/csv/orgaosDeputados-L43.csv
2026-06-22 16:43:19,063 [WARNING] etl_camara — 404 — não encontrado: http://dadosabertos.camara.leg.br/arquivos/orgaosDeputados/csv/orgaosDeputados-L44.csv
2026-06-22 16:43:19,089 [WARNING] etl_camara — 404 — não encontrado: http://dadosabertos.camara.leg.br/arquivos/orgaosDeputados/csv/orgaosDeputados-L45.csv
2026-06-22 16:43:19,288 [WARNING] etl_camara — 404 — não encontrado: http://dadosabertos.camara.leg.br/arquivos/orgaosDeputados/csv/orgaosDeputados-L46.csv
2026-06-22 16:43:19,455 [WARNING] etl_camara — 404 — não encontrado: http://dadosabertos.camara.leg.br/arquivos/orgaosDeputados/csv/orgaosDeputados-L48.csv
2026-06-22 16:43:19,488 [WARNING] etl_camara — 404 — não encontrado: http://dadosabertos.camara.leg.br/arquivos/orgaosDeputados/csv/orgaosDeputados-L47.csv
2026-06-22 16:43:19,604 [WARNING] etl_camara — 404 — não encontrado: http://dadosabertos.camara.leg.br/arquivos/orgaosDeputados/csv/orgaosDeputados-L49.csv
2026-06-22 16:43:19,688 [WARNING] etl_camara — 404 — não encontrado: http://dadosabertos.camara.leg.br/arquivos/orgaosDeputados/csv/orgaosDeputados-L50.csv
2026-06-22 16:43:20,177 [INFO] etl_camara — ✔ orgaosDeputados-L51.csv (12158 linhas)
2026-06-22 16:43:20,642 [INFO] etl_camara — ✔ orgaosDeputados-L52.csv (12512 linhas)
2026-06-22 16:43:27,268 [INFO] etl_camara —   FK-insert deputadosProfissoes → 12589 registros
2026-06-22 16:43:27,734 [INFO] etl_camara — ✔ orgaosDeputados-L53.csv (10994 linhas)
2026-06-22 16:43:27,807 [INFO] etl_camara —   FK-insert votacoes_2026 → 5712 registros
2026-06-22 16:43:28,318 [INFO] etl_camara — ✔ orgaosDeputados-L54.csv (13591 linhas)
2026-06-22 16:43:37,126 [INFO] etl_camara —   FK-insert orgaosDeputados_L51 → 12158 registros
2026-06-22 16:43:37,686 [INFO] etl_camara — ✔ orgaosDeputados-L55.csv (17815 linhas)
2026-06-22 16:43:43,003 [INFO] etl_camara —   FK-insert proposicoesTemas_2026 → 16161 registros
2026-06-22 16:43:43,457 [INFO] etl_camara — ✔ orgaosDeputados-L56.csv (14519 linhas)
2026-06-22 16:43:44,527 [INFO] etl_camara —   FK-insert deputadosOcupacoes → 33036 registros
2026-06-22 16:43:44,956 [INFO] etl_camara — ✔ orgaosDeputados-L57.csv (13197 linhas)
2026-06-22 16:43:51,339 [INFO] etl_camara —   FK-insert orgaosDeputados_L52 → 12512 registros
2026-06-22 16:43:52,283 [INFO] etl_camara — ✔ Ano-2026.csv.zip (69368 linhas)
2026-06-22 16:44:03,023 [INFO] etl_camara —   FK-insert orgaosDeputados_L56 → 14519 registros
2026-06-22 16:44:07,888 [INFO] etl_camara —   FK-insert orgaosDeputados_L57 → 13197 registros
2026-06-22 16:44:13,142 [INFO] etl_camara —   FK-insert eventosPresenca_2026 → 46668 registros
2026-06-22 16:44:17,071 [INFO] etl_camara —   FK-insert orgaosDeputados_L54 → 13591 registros
2026-06-22 16:44:29,514 [INFO] etl_camara —   FK-insert orgaosDeputados_L55 → 17815 registros
2026-06-22 16:44:32,201 [INFO] etl_camara —   FK-insert proposicoesAutores_2026 → 42574 registros
2026-06-22 16:44:36,327 [INFO] etl_camara —   FK-insert orgaosDeputados_L53 → 10994 registros
2026-06-22 16:45:25,846 [INFO] etl_camara —   FK-insert cotas_2026 → 68979 registros
2026-06-22 16:45:25,882 [INFO] etl_camara — ━━━━━━━━━━━━━━━━━━━━━━━━━━━━━━━━━━━━━━━━━━━━━━━━━━━━━━━━━━━━
2026-06-22 16:45:25,882 [INFO] etl_camara — 🌊 Onda 2 — 6 datasets | workers=8
2026-06-22 16:45:26,116 [INFO] etl_camara — ✔ votacoesOrientacoes-2026.csv (1625 linhas)
2026-06-22 16:45:26,230 [INFO] etl_camara — ✔ votacoesProposicoes-2026.csv (4246 linhas)
2026-06-22 16:45:26,516 [INFO] etl_camara — ✔ gruposHistorico.csv (408 linhas)
2026-06-22 16:45:26,847 [INFO] etl_camara —   FK-insert gruposHistorico → 408 registros
2026-06-22 16:45:27,100 [INFO] etl_camara — ✔ gruposMembros.csv (7088 linhas)
2026-06-22 16:45:27,172 [INFO] etl_camara — ✔ votacoesVotos-2026.csv (45887 linhas)
2026-06-22 16:45:28,140 [INFO] etl_camara —   FK-insert votacoesOrientacoes_2026 → 1625 registros
2026-06-22 16:45:29,681 [INFO] etl_camara — ✔ frentesDeputados.csv (262247 linhas)
2026-06-22 16:45:35,003 [INFO] etl_camara —   FK-insert votacoesObjetos_2026 → 4246 registros
2026-06-22 16:45:36,997 [INFO] etl_camara —   FK-insert gruposMembros → 7088 registros
2026-06-22 16:46:00,532 [INFO] etl_camara —   FK-insert votacoesVotos_2026 → 45887 registros
2026-06-22 16:50:48,449 [INFO] etl_camara —   FK-insert frentesDeputados → 262247 registros
2026-06-22 16:50:48,482 [INFO] etl_camara — ━━━━━━━━━━━━━━━━━━━━━━━━━━━━━━━━━━━━━━━━━━━━━━━━━━━━━━━━━━━━
2026-06-22 16:50:48,482 [INFO] etl_camara — 🏁 ETL concluído — processados: 38 | sem alteração (304): 0 | histórico pulado: 0 | erros: 51 | total: 89
2026-06-22 16:50:48,483 [WARNING] etl_camara — Datasets com falha (51): ['licitacoes', 'orgaosDeputados_L1', 'orgaosDeputados_L2', 'orgaosDeputados_L3', 'orgaosDeputados_L4', 'orgaosDeputados_L6', 'orgaosDeputados_L5', 'orgaosDeputados_L7', 'orgaosDeputados_L9', 'orgaosDeputados_L8', 'orgaosDeputados_L11', 'orgaosDeputados_L10', 'orgaosDeputados_L12', 'orgaosDeputados_L13', 'orgaosDeputados_L15', 'orgaosDeputados_L14', 'orgaosDeputados_L16', 'orgaosDeputados_L17', 'orgaosDeputados_L18', 'orgaosDeputados_L20', 'orgaosDeputados_L19', 'orgaosDeputados_L21', 'orgaosDeputados_L22', 'orgaosDeputados_L23', 'orgaosDeputados_L24', 'orgaosDeputados_L25', 'orgaosDeputados_L26', 'orgaosDeputados_L27', 'orgaosDeputados_L29', 'orgaosDeputados_L28', 'orgaosDeputados_L31', 'orgaosDeputados_L30', 'orgaosDeputados_L32', 'orgaosDeputados_L33', 'orgaosDeputados_L35', 'orgaosDeputados_L34', 'orgaosDeputados_L37', 'orgaosDeputados_L36', 'orgaosDeputados_L38', 'orgaosDeputados_L39', 'orgaosDeputados_L41', 'orgaosDeputados_L40', 'orgaosDeputados_L42', 'orgaosDeputados_L43', 'orgaosDeputados_L44', 'orgaosDeputados_L45', 'orgaosDeputados_L46', 'orgaosDeputados_L48', 'orgaosDeputados_L47', 'orgaosDeputados_L49', 'orgaosDeputados_L50']
2026-07-15 02:50:24,008 [INFO] etl_camara — Banco: postgres:5432/quemvota
2026-07-15 02:50:24,009 [INFO] etl_camara — Cache: etl_cache.json
2026-07-15 02:50:24,009 [INFO] etl_camara — Workers — download: 8 | backfill: 4
2026-07-15 02:50:24,010 [INFO] etl_camara — Iniciando ETL: 34 datasets | anos=[2026] | legislaturas=[56, 57]
2026-07-15 02:50:24,010 [INFO] etl_camara — ━━━━━━━━━━━━━━━━━━━━━━━━━━━━━━━━━━━━━━━━━━━━━━━━━━━━━━━━━━━━
2026-07-15 02:50:24,011 [INFO] etl_camara — 🌊 Onda 0 — 10 datasets | workers=8
2026-07-15 02:50:24,434 [INFO] etl_camara — ✔ orgaos.csv (3859 linhas)
2026-07-15 02:50:24,447 [INFO] etl_camara — ✔ eventos-2026.csv (1404 linhas)
2026-07-15 02:50:24,487 [INFO] etl_camara — ✔ tecadCategorias.csv (79 linhas)
2026-07-15 02:50:24,526 [ERROR] etl_camara — Load error [tecadCategorias]: greenlet_spawn has not been called; can't call await_only() here. Was IO attempted in an unexpected place? (Background on this error at: https://sqlalche.me/e/20/xd2s)
2026-07-15 02:50:24,559 [ERROR] etl_camara — Load error [eventos_2026]: greenlet_spawn has not been called; can't call await_only() here. Was IO attempted in an unexpected place? (Background on this error at: https://sqlalche.me/e/20/xd2s)
2026-07-15 02:50:24,642 [ERROR] etl_camara — Load error [orgaos]: greenlet_spawn has not been called; can't call await_only() here. Was IO attempted in an unexpected place? (Background on this error at: https://sqlalche.me/e/20/xd2s)
2026-07-15 02:50:24,691 [INFO] etl_camara — ✔ deputados.csv (7889 linhas)
2026-07-15 02:50:24,729 [INFO] etl_camara — ✔ funcionarios.csv (15423 linhas)
2026-07-15 02:50:24,895 [INFO] etl_camara — ✔ legislaturas.csv (57 linhas)
2026-07-15 02:50:24,921 [ERROR] etl_camara — Load error [legislaturas]: greenlet_spawn has not been called; can't call await_only() here. Was IO attempted in an unexpected place? (Background on this error at: https://sqlalche.me/e/20/xd2s)
2026-07-15 02:50:24,988 [ERROR] etl_camara — Load error [deputados]: greenlet_spawn has not been called; can't call await_only() here. Was IO attempted in an unexpected place? (Background on this error at: https://sqlalche.me/e/20/xd2s)
2026-07-15 02:50:25,071 [WARNING] etl_camara — 404 — não encontrado: http://dadosabertos.camara.leg.br/arquivos/licitacoes/csv/licitacoes.csv
2026-07-15 02:50:25,202 [ERROR] etl_camara — Load error [funcionarios]: greenlet_spawn has not been called; can't call await_only() here. Was IO attempted in an unexpected place? (Background on this error at: https://sqlalche.me/e/20/xd2s)
2026-07-15 02:50:25,292 [INFO] etl_camara — ✔ licitacoes-2026.csv (91 linhas)
2026-07-15 02:50:25,311 [ERROR] etl_camara — Load error [licitacoes_2026]: greenlet_spawn has not been called; can't call await_only() here. Was IO attempted in an unexpected place? (Background on this error at: https://sqlalche.me/e/20/xd2s)
2026-07-15 02:50:25,658 [INFO] etl_camara — Banco: postgres:5432/quemvota
2026-07-15 02:50:25,658 [INFO] etl_camara — Cache: etl_cache.json
2026-07-15 02:50:25,658 [INFO] etl_camara — Workers — download: 8 | backfill: 4
2026-07-15 02:50:25,658 [INFO] etl_camara — Iniciando ETL: 34 datasets | anos=[2026] | legislaturas=[56, 57]
2026-07-15 02:50:25,659 [INFO] etl_camara — ━━━━━━━━━━━━━━━━━━━━━━━━━━━━━━━━━━━━━━━━━━━━━━━━━━━━━━━━━━━━
2026-07-15 02:50:25,659 [INFO] etl_camara — 🌊 Onda 0 — 10 datasets | workers=8
2026-07-15 02:50:25,805 [INFO] etl_camara — ✔ tecadCategorias.csv (79 linhas)
2026-07-15 02:50:25,808 [INFO] etl_camara — ✔ legislaturas.csv (57 linhas)
2026-07-15 02:50:25,827 [ERROR] etl_camara — Load error [tecadCategorias]: greenlet_spawn has not been called; can't call await_only() here. Was IO attempted in an unexpected place? (Background on this error at: https://sqlalche.me/e/20/xd2s)
2026-07-15 02:50:25,828 [ERROR] etl_camara — Load error [legislaturas]: greenlet_spawn has not been called; can't call await_only() here. Was IO attempted in an unexpected place? (Background on this error at: https://sqlalche.me/e/20/xd2s)
2026-07-15 02:50:25,957 [INFO] etl_camara — ✔ eventos-2026.csv (1404 linhas)
2026-07-15 02:50:25,990 [ERROR] etl_camara — Load error [eventos_2026]: greenlet_spawn has not been called; can't call await_only() here. Was IO attempted in an unexpected place? (Background on this error at: https://sqlalche.me/e/20/xd2s)
2026-07-15 02:50:26,201 [WARNING] etl_camara — 404 — não encontrado: http://dadosabertos.camara.leg.br/arquivos/licitacoes/csv/licitacoes.csv
2026-07-15 02:50:26,265 [INFO] etl_camara — ✔ licitacoes-2026.csv (91 linhas)
2026-07-15 02:50:26,287 [ERROR] etl_camara — Load error [licitacoes_2026]: greenlet_spawn has not been called; can't call await_only() here. Was IO attempted in an unexpected place? (Background on this error at: https://sqlalche.me/e/20/xd2s)
2026-07-15 02:50:26,299 [INFO] etl_camara — ✔ orgaos.csv (3859 linhas)
2026-07-15 02:50:26,361 [INFO] etl_camara — ✔ tecadTermos.csv (80445 linhas)
2026-07-15 02:50:26,380 [INFO] etl_camara — ✔ proposicoes-2026.csv (37905 linhas)
2026-07-15 02:50:26,412 [ERROR] etl_camara — Load error [orgaos]: greenlet_spawn has not been called; can't call await_only() here. Was IO attempted in an unexpected place? (Background on this error at: https://sqlalche.me/e/20/xd2s)
2026-07-15 02:50:26,650 [INFO] etl_camara — ✔ deputados.csv (7889 linhas)
2026-07-15 02:50:26,892 [INFO] etl_camara — ✔ tecadTermos.csv (80445 linhas)
2026-07-15 02:50:27,056 [INFO] etl_camara — ✔ funcionarios.csv (15423 linhas)
2026-07-15 02:50:27,218 [ERROR] etl_camara — Load error [deputados]: greenlet_spawn has not been called; can't call await_only() here. Was IO attempted in an unexpected place? (Background on this error at: https://sqlalche.me/e/20/xd2s)
2026-07-15 02:50:27,802 [ERROR] etl_camara — Load error [funcionarios]: greenlet_spawn has not been called; can't call await_only() here. Was IO attempted in an unexpected place? (Background on this error at: https://sqlalche.me/e/20/xd2s)
2026-07-15 02:50:28,381 [ERROR] etl_camara — Load error [tecadTermos]: greenlet_spawn has not been called; can't call await_only() here. Was IO attempted in an unexpected place? (Background on this error at: https://sqlalche.me/e/20/xd2s)
2026-07-15 02:50:28,742 [ERROR] etl_camara — Load error [tecadTermos]: greenlet_spawn has not been called; can't call await_only() here. Was IO attempted in an unexpected place? (Background on this error at: https://sqlalche.me/e/20/xd2s)
2026-07-15 02:50:29,305 [INFO] etl_camara — ✔ proposicoes-2026.csv (37905 linhas)
2026-07-15 02:50:29,326 [ERROR] etl_camara — Load error [proposicoes_2026]: greenlet_spawn has not been called; can't call await_only() here. Was IO attempted in an unexpected place? (Background on this error at: https://sqlalche.me/e/20/xd2s)
2026-07-15 02:50:29,343 [INFO] etl_camara — ━━━━━━━━━━━━━━━━━━━━━━━━━━━━━━━━━━━━━━━━━━━━━━━━━━━━━━━━━━━━
2026-07-15 02:50:29,343 [INFO] etl_camara — 🌊 Onda 1 — 18 datasets | workers=8
2026-07-15 02:50:29,525 [INFO] etl_camara — ✔ grupos.csv (118 linhas)
2026-07-15 02:50:29,547 [ERROR] etl_camara — Load error [grupos]: greenlet_spawn has not been called; can't call await_only() here. Was IO attempted in an unexpected place? (Background on this error at: https://sqlalche.me/e/20/xd2s)
2026-07-15 02:50:29,640 [INFO] etl_camara — ✔ frentes.csv (1443 linhas)
2026-07-15 02:50:29,706 [ERROR] etl_camara — Load error [frentes]: greenlet_spawn has not been called; can't call await_only() here. Was IO attempted in an unexpected place? (Background on this error at: https://sqlalche.me/e/20/xd2s)
2026-07-15 02:50:29,771 [INFO] etl_camara — ✔ eventosRequerimentos-2026.csv (827 linhas)
2026-07-15 02:50:29,783 [ERROR] etl_camara — Load error [eventosRequerimentos_2026]: greenlet_spawn has not been called; can't call await_only() here. Was IO attempted in an unexpected place? (Background on this error at: https://sqlalche.me/e/20/xd2s)
2026-07-15 02:50:29,828 [INFO] etl_camara — ✔ eventosPresencaDeputados-2026.csv (51276 linhas)
2026-07-15 02:50:29,831 [INFO] etl_camara — ✔ eventosOrgaos-2026.csv (1404 linhas)
2026-07-15 02:50:29,873 [ERROR] etl_camara — Load error [eventosOrgaos_2026]: greenlet_spawn has not been called; can't call await_only() here. Was IO attempted in an unexpected place? (Background on this error at: https://sqlalche.me/e/20/xd2s)
2026-07-15 02:50:30,010 [INFO] etl_camara — ✔ legislaturasMesas.csv (177 linhas)
2026-07-15 02:50:30,037 [ERROR] etl_camara — Load error [legislaturasMesas]: greenlet_spawn has not been called; can't call await_only() here. Was IO attempted in an unexpected place? (Background on this error at: https://sqlalche.me/e/20/xd2s)
2026-07-15 02:50:30,319 [ERROR] etl_camara — Load error [eventosPresenca_2026]: greenlet_spawn has not been called; can't call await_only() here. Was IO attempted in an unexpected place? (Background on this error at: https://sqlalche.me/e/20/xd2s)
2026-07-15 02:50:30,349 [INFO] etl_camara — ✔ licitacoesPropostas-2026.csv (275 linhas)
2026-07-15 02:50:30,371 [ERROR] etl_camara — Load error [licitacoesPropostas_2026]: greenlet_spawn has not been called; can't call await_only() here. Was IO attempted in an unexpected place? (Background on this error at: https://sqlalche.me/e/20/xd2s)
2026-07-15 02:50:30,402 [INFO] etl_camara — ✔ deputadosOcupacoes.csv (37492 linhas)
2026-07-15 02:50:30,515 [INFO] etl_camara — ✔ deputadosProfissoes.csv (12594 linhas)
2026-07-15 02:50:30,748 [ERROR] etl_camara — Load error [deputadosProfissoes]: greenlet_spawn has not been called; can't call await_only() here. Was IO attempted in an unexpected place? (Background on this error at: https://sqlalche.me/e/20/xd2s)
2026-07-15 02:50:30,819 [INFO] etl_camara — ✔ licitacoesPedidos-2026.csv (90 linhas)
2026-07-15 02:50:30,821 [INFO] etl_camara — ✔ proposicoesTemas-2026.csv (19209 linhas)
2026-07-15 02:50:30,845 [ERROR] etl_camara — Load error [licitacoesPedidos_2026]: greenlet_spawn has not been called; can't call await_only() here. Was IO attempted in an unexpected place? (Background on this error at: https://sqlalche.me/e/20/xd2s)
2026-07-15 02:50:30,919 [ERROR] etl_camara — Load error [proposicoes_2026]: greenlet_spawn has not been called; can't call await_only() here. Was IO attempted in an unexpected place? (Background on this error at: https://sqlalche.me/e/20/xd2s)
2026-07-15 02:50:30,934 [INFO] etl_camara — ━━━━━━━━━━━━━━━━━━━━━━━━━━━━━━━━━━━━━━━━━━━━━━━━━━━━━━━━━━━━
2026-07-15 02:50:30,934 [INFO] etl_camara — 🌊 Onda 1 — 18 datasets | workers=8
2026-07-15 02:50:30,982 [INFO] etl_camara — ✔ proposicoesAutores-2026.csv (47833 linhas)
2026-07-15 02:50:31,158 [INFO] etl_camara — ✔ legislaturasMesas.csv (177 linhas)
2026-07-15 02:50:31,173 [ERROR] etl_camara — Load error [legislaturasMesas]: greenlet_spawn has not been called; can't call await_only() here. Was IO attempted in an unexpected place? (Background on this error at: https://sqlalche.me/e/20/xd2s)
2026-07-15 02:50:31,209 [INFO] etl_camara — ✔ licitacoesItens-2026.csv (718 linhas)
2026-07-15 02:50:31,222 [INFO] etl_camara — ✔ licitacoesContratos-2026.csv (36 linhas)
2026-07-15 02:50:31,311 [ERROR] etl_camara — Load error [licitacoesContratos_2026]: greenlet_spawn has not been called; can't call await_only() here. Was IO attempted in an unexpected place? (Background on this error at: https://sqlalche.me/e/20/xd2s)
2026-07-15 02:50:31,313 [INFO] etl_camara — ✔ eventosRequerimentos-2026.csv (827 linhas)
2026-07-15 02:50:31,324 [ERROR] etl_camara — Load error [eventosRequerimentos_2026]: greenlet_spawn has not been called; can't call await_only() here. Was IO attempted in an unexpected place? (Background on this error at: https://sqlalche.me/e/20/xd2s)
2026-07-15 02:50:31,398 [ERROR] etl_camara — Load error [proposicoesTemas_2026]: greenlet_spawn has not been called; can't call await_only() here. Was IO attempted in an unexpected place? (Background on this error at: https://sqlalche.me/e/20/xd2s)
2026-07-15 02:50:31,454 [ERROR] etl_camara — Load error [deputadosOcupacoes]: greenlet_spawn has not been called; can't call await_only() here. Was IO attempted in an unexpected place? (Background on this error at: https://sqlalche.me/e/20/xd2s)
2026-07-15 02:50:31,570 [ERROR] etl_camara — Load error [licitacoesItens_2026]: greenlet_spawn has not been called; can't call await_only() here. Was IO attempted in an unexpected place? (Background on this error at: https://sqlalche.me/e/20/xd2s)
2026-07-15 02:50:31,592 [INFO] etl_camara — ✔ frentes.csv (1443 linhas)
2026-07-15 02:50:31,602 [INFO] etl_camara — ✔ votacoes-2026.csv (6244 linhas)
2026-07-15 02:50:31,651 [ERROR] etl_camara — Load error [frentes]: greenlet_spawn has not been called; can't call await_only() here. Was IO attempted in an unexpected place? (Background on this error at: https://sqlalche.me/e/20/xd2s)
2026-07-15 02:50:31,732 [INFO] etl_camara — ✔ grupos.csv (118 linhas)
2026-07-15 02:50:31,755 [ERROR] etl_camara — Load error [grupos]: greenlet_spawn has not been called; can't call await_only() here. Was IO attempted in an unexpected place? (Background on this error at: https://sqlalche.me/e/20/xd2s)
2026-07-15 02:50:31,811 [INFO] etl_camara — ✔ deputadosOcupacoes.csv (37492 linhas)
2026-07-15 02:50:31,934 [INFO] etl_camara — ✔ deputadosProfissoes.csv (12594 linhas)
2026-07-15 02:50:31,995 [INFO] etl_camara — ✔ eventosOrgaos-2026.csv (1404 linhas)
2026-07-15 02:50:32,050 [ERROR] etl_camara — Load error [eventosOrgaos_2026]: greenlet_spawn has not been called; can't call await_only() here. Was IO attempted in an unexpected place? (Background on this error at: https://sqlalche.me/e/20/xd2s)
2026-07-15 02:50:32,082 [ERROR] etl_camara — Load error [votacoes_2026]: greenlet_spawn has not been called; can't call await_only() here. Was IO attempted in an unexpected place? (Background on this error at: https://sqlalche.me/e/20/xd2s)
2026-07-15 02:50:32,167 [ERROR] etl_camara — Load error [deputadosProfissoes]: greenlet_spawn has not been called; can't call await_only() here. Was IO attempted in an unexpected place? (Background on this error at: https://sqlalche.me/e/20/xd2s)
2026-07-15 02:50:32,305 [INFO] etl_camara — ✔ orgaosDeputados-L57.csv (13217 linhas)
2026-07-15 02:50:32,323 [INFO] etl_camara — ✔ proposicoesTemas-2026.csv (19209 linhas)
2026-07-15 02:50:32,374 [INFO] etl_camara — ✔ licitacoesPedidos-2026.csv (90 linhas)
2026-07-15 02:50:32,412 [ERROR] etl_camara — Load error [licitacoesPedidos_2026]: greenlet_spawn has not been called; can't call await_only() here. Was IO attempted in an unexpected place? (Background on this error at: https://sqlalche.me/e/20/xd2s)
2026-07-15 02:50:32,412 [ERROR] etl_camara — Load error [deputadosOcupacoes]: greenlet_spawn has not been called; can't call await_only() here. Was IO attempted in an unexpected place? (Background on this error at: https://sqlalche.me/e/20/xd2s)
2026-07-15 02:50:32,496 [ERROR] etl_camara — Load error [proposicoesAutores_2026]: greenlet_spawn has not been called; can't call await_only() here. Was IO attempted in an unexpected place? (Background on this error at: https://sqlalche.me/e/20/xd2s)
2026-07-15 02:50:32,514 [INFO] etl_camara — ✔ licitacoesPropostas-2026.csv (275 linhas)
2026-07-15 02:50:32,535 [ERROR] etl_camara — Load error [licitacoesPropostas_2026]: greenlet_spawn has not been called; can't call await_only() here. Was IO attempted in an unexpected place? (Background on this error at: https://sqlalche.me/e/20/xd2s)
2026-07-15 02:50:32,625 [ERROR] etl_camara — Load error [proposicoesTemas_2026]: greenlet_spawn has not been called; can't call await_only() here. Was IO attempted in an unexpected place? (Background on this error at: https://sqlalche.me/e/20/xd2s)
2026-07-15 02:50:32,637 [INFO] etl_camara — ✔ licitacoesItens-2026.csv (718 linhas)
2026-07-15 02:50:32,640 [INFO] etl_camara — ✔ licitacoesContratos-2026.csv (36 linhas)
2026-07-15 02:50:32,669 [ERROR] etl_camara — Load error [licitacoesContratos_2026]: greenlet_spawn has not been called; can't call await_only() here. Was IO attempted in an unexpected place? (Background on this error at: https://sqlalche.me/e/20/xd2s)
2026-07-15 02:50:32,730 [ERROR] etl_camara — Load error [licitacoesItens_2026]: greenlet_spawn has not been called; can't call await_only() here. Was IO attempted in an unexpected place? (Background on this error at: https://sqlalche.me/e/20/xd2s)
2026-07-15 02:50:32,751 [INFO] etl_camara — ✔ votacoes-2026.csv (6244 linhas)
2026-07-15 02:50:32,760 [INFO] etl_camara — ✔ orgaosDeputados-L56.csv (14519 linhas)
2026-07-15 02:50:32,774 [ERROR] etl_camara — Load error [orgaosDeputados_L57]: greenlet_spawn has not been called; can't call await_only() here. Was IO attempted in an unexpected place? (Background on this error at: https://sqlalche.me/e/20/xd2s)
2026-07-15 02:50:32,950 [ERROR] etl_camara — Load error [votacoes_2026]: greenlet_spawn has not been called; can't call await_only() here. Was IO attempted in an unexpected place? (Background on this error at: https://sqlalche.me/e/20/xd2s)
2026-07-15 02:50:33,021 [ERROR] etl_camara — Load error [orgaosDeputados_L56]: greenlet_spawn has not been called; can't call await_only() here. Was IO attempted in an unexpected place? (Background on this error at: https://sqlalche.me/e/20/xd2s)
2026-07-15 02:50:33,131 [INFO] etl_camara — ✔ proposicoesAutores-2026.csv (47833 linhas)
2026-07-15 02:50:33,318 [INFO] etl_camara — ✔ eventosPresencaDeputados-2026.csv (51276 linhas)
2026-07-15 02:50:33,428 [INFO] etl_camara — ✔ Ano-2026.csv.zip (81298 linhas)
2026-07-15 02:50:33,822 [INFO] etl_camara — ✔ orgaosDeputados-L57.csv (13217 linhas)
2026-07-15 02:50:33,970 [ERROR] etl_camara — Load error [eventosPresenca_2026]: greenlet_spawn has not been called; can't call await_only() here. Was IO attempted in an unexpected place? (Background on this error at: https://sqlalche.me/e/20/xd2s)
2026-07-15 02:50:34,506 [ERROR] etl_camara — Load error [proposicoesAutores_2026]: greenlet_spawn has not been called; can't call await_only() here. Was IO attempted in an unexpected place? (Background on this error at: https://sqlalche.me/e/20/xd2s)
2026-07-15 02:50:34,644 [ERROR] etl_camara — Load error [orgaosDeputados_L57]: greenlet_spawn has not been called; can't call await_only() here. Was IO attempted in an unexpected place? (Background on this error at: https://sqlalche.me/e/20/xd2s)
2026-07-15 02:50:35,036 [INFO] etl_camara — ✔ Ano-2026.csv.zip (81298 linhas)
2026-07-15 02:50:35,064 [INFO] etl_camara — ✔ orgaosDeputados-L56.csv (14519 linhas)
2026-07-15 02:50:35,617 [ERROR] etl_camara — Load error [orgaosDeputados_L56]: greenlet_spawn has not been called; can't call await_only() here. Was IO attempted in an unexpected place? (Background on this error at: https://sqlalche.me/e/20/xd2s)
2026-07-15 02:50:36,258 [ERROR] etl_camara — Load error [cotas_2026]: greenlet_spawn has not been called; can't call await_only() here. Was IO attempted in an unexpected place? (Background on this error at: https://sqlalche.me/e/20/xd2s)
2026-07-15 02:50:36,278 [INFO] etl_camara — ━━━━━━━━━━━━━━━━━━━━━━━━━━━━━━━━━━━━━━━━━━━━━━━━━━━━━━━━━━━━
2026-07-15 02:50:36,279 [INFO] etl_camara — 🌊 Onda 2 — 6 datasets | workers=8
2026-07-15 02:50:36,494 [INFO] etl_camara — ✔ votacoesOrientacoes-2026.csv (1704 linhas)
2026-07-15 02:50:36,559 [ERROR] etl_camara — Load error [votacoesOrientacoes_2026]: greenlet_spawn has not been called; can't call await_only() here. Was IO attempted in an unexpected place? (Background on this error at: https://sqlalche.me/e/20/xd2s)
2026-07-15 02:50:36,793 [INFO] etl_camara — ✔ gruposHistorico.csv (412 linhas)
2026-07-15 02:50:36,812 [ERROR] etl_camara — Load error [gruposHistorico]: greenlet_spawn has not been called; can't call await_only() here. Was IO attempted in an unexpected place? (Background on this error at: https://sqlalche.me/e/20/xd2s)
2026-07-15 02:50:37,075 [INFO] etl_camara — ✔ votacoesVotos-2026.csv (47806 linhas)
2026-07-15 02:50:37,148 [INFO] etl_camara — ✔ votacoesProposicoes-2026.csv (4719 linhas)
2026-07-15 02:50:37,170 [INFO] etl_camara — ✔ gruposMembros.csv (7091 linhas)
2026-07-15 02:50:37,385 [ERROR] etl_camara — Load error [votacoesObjetos_2026]: greenlet_spawn has not been called; can't call await_only() here. Was IO attempted in an unexpected place? (Background on this error at: https://sqlalche.me/e/20/xd2s)
2026-07-15 02:50:37,557 [ERROR] etl_camara — Load error [gruposMembros]: greenlet_spawn has not been called; can't call await_only() here. Was IO attempted in an unexpected place? (Background on this error at: https://sqlalche.me/e/20/xd2s)
2026-07-15 02:50:38,034 [ERROR] etl_camara — Load error [votacoesVotos_2026]: greenlet_spawn has not been called; can't call await_only() here. Was IO attempted in an unexpected place? (Background on this error at: https://sqlalche.me/e/20/xd2s)
2026-07-15 02:50:38,073 [ERROR] etl_camara — Load error [cotas_2026]: greenlet_spawn has not been called; can't call await_only() here. Was IO attempted in an unexpected place? (Background on this error at: https://sqlalche.me/e/20/xd2s)
2026-07-15 02:50:38,089 [INFO] etl_camara — ━━━━━━━━━━━━━━━━━━━━━━━━━━━━━━━━━━━━━━━━━━━━━━━━━━━━━━━━━━━━
2026-07-15 02:50:38,089 [INFO] etl_camara — 🌊 Onda 2 — 6 datasets | workers=8
2026-07-15 02:50:38,480 [INFO] etl_camara — ✔ votacoesProposicoes-2026.csv (4719 linhas)
2026-07-15 02:50:38,534 [INFO] etl_camara — ✔ gruposHistorico.csv (412 linhas)
2026-07-15 02:50:38,616 [ERROR] etl_camara — Load error [gruposHistorico]: greenlet_spawn has not been called; can't call await_only() here. Was IO attempted in an unexpected place? (Background on this error at: https://sqlalche.me/e/20/xd2s)
2026-07-15 02:50:38,637 [ERROR] etl_camara — Load error [votacoesObjetos_2026]: greenlet_spawn has not been called; can't call await_only() here. Was IO attempted in an unexpected place? (Background on this error at: https://sqlalche.me/e/20/xd2s)
2026-07-15 02:50:38,746 [INFO] etl_camara — ✔ votacoesOrientacoes-2026.csv (1704 linhas)
2026-07-15 02:50:38,813 [INFO] etl_camara — ✔ votacoesVotos-2026.csv (47806 linhas)
2026-07-15 02:50:38,826 [ERROR] etl_camara — Load error [votacoesOrientacoes_2026]: greenlet_spawn has not been called; can't call await_only() here. Was IO attempted in an unexpected place? (Background on this error at: https://sqlalche.me/e/20/xd2s)
2026-07-15 02:50:38,844 [INFO] etl_camara — ✔ gruposMembros.csv (7091 linhas)
2026-07-15 02:50:39,114 [ERROR] etl_camara — Load error [gruposMembros]: greenlet_spawn has not been called; can't call await_only() here. Was IO attempted in an unexpected place? (Background on this error at: https://sqlalche.me/e/20/xd2s)
2026-07-15 02:50:39,639 [ERROR] etl_camara — Load error [votacoesVotos_2026]: greenlet_spawn has not been called; can't call await_only() here. Was IO attempted in an unexpected place? (Background on this error at: https://sqlalche.me/e/20/xd2s)
2026-07-15 02:50:40,901 [INFO] etl_camara — ✔ frentesDeputados.csv (262257 linhas)
2026-07-15 02:50:43,848 [INFO] etl_camara — ✔ frentesDeputados.csv (262257 linhas)
2026-07-15 02:50:45,025 [ERROR] etl_camara — Load error [frentesDeputados]: greenlet_spawn has not been called; can't call await_only() here. Was IO attempted in an unexpected place? (Background on this error at: https://sqlalche.me/e/20/xd2s)
2026-07-15 02:50:45,045 [INFO] etl_camara — ━━━━━━━━━━━━━━━━━━━━━━━━━━━━━━━━━━━━━━━━━━━━━━━━━━━━━━━━━━━━
2026-07-15 02:50:45,045 [INFO] etl_camara — 🏁 ETL concluído — processados: 0 | sem alteração (304): 0 | histórico pulado: 0 | erros: 34 | total: 34
2026-07-15 02:50:45,045 [WARNING] etl_camara — Datasets com falha (34): ['tecadCategorias', 'eventos_2026', 'orgaos', 'legislaturas', 'deputados', 'licitacoes', 'funcionarios', 'licitacoes_2026', 'tecadTermos', 'proposicoes_2026', 'grupos', 'frentes', 'eventosRequerimentos_2026', 'eventosOrgaos_2026', 'legislaturasMesas', 'eventosPresenca_2026', 'licitacoesPropostas_2026', 'deputadosProfissoes', 'licitacoesPedidos_2026', 'licitacoesContratos_2026', 'proposicoesTemas_2026', 'deputadosOcupacoes', 'licitacoesItens_2026', 'votacoes_2026', 'proposicoesAutores_2026', 'orgaosDeputados_L57', 'orgaosDeputados_L56', 'cotas_2026', 'votacoesOrientacoes_2026', 'gruposHistorico', 'votacoesObjetos_2026', 'gruposMembros', 'votacoesVotos_2026', 'frentesDeputados']
2026-07-15 02:50:48,058 [ERROR] etl_camara — Load error [frentesDeputados]: greenlet_spawn has not been called; can't call await_only() here. Was IO attempted in an unexpected place? (Background on this error at: https://sqlalche.me/e/20/xd2s)
2026-07-15 02:50:48,078 [INFO] etl_camara — ━━━━━━━━━━━━━━━━━━━━━━━━━━━━━━━━━━━━━━━━━━━━━━━━━━━━━━━━━━━━
2026-07-15 02:50:48,078 [INFO] etl_camara — 🏁 ETL concluído — processados: 0 | sem alteração (304): 0 | histórico pulado: 0 | erros: 34 | total: 34
2026-07-15 02:50:48,078 [WARNING] etl_camara — Datasets com falha (34): ['tecadCategorias', 'legislaturas', 'eventos_2026', 'licitacoes', 'licitacoes_2026', 'orgaos', 'deputados', 'funcionarios', 'tecadTermos', 'proposicoes_2026', 'legislaturasMesas', 'eventosRequerimentos_2026', 'frentes', 'grupos', 'eventosOrgaos_2026', 'deputadosProfissoes', 'licitacoesPedidos_2026', 'deputadosOcupacoes', 'licitacoesPropostas_2026', 'proposicoesTemas_2026', 'licitacoesContratos_2026', 'licitacoesItens_2026', 'votacoes_2026', 'eventosPresenca_2026', 'proposicoesAutores_2026', 'orgaosDeputados_L57', 'orgaosDeputados_L56', 'cotas_2026', 'gruposHistorico', 'votacoesObjetos_2026', 'votacoesOrientacoes_2026', 'gruposMembros', 'votacoesVotos_2026', 'frentesDeputados']
2026-07-15 02:52:09,498 [INFO] etl_camara — Banco: postgres:5432/quemvota
2026-07-15 02:52:09,498 [INFO] etl_camara — Cache: etl_cache.json
2026-07-15 02:52:09,498 [INFO] etl_camara — Workers — download: 8 | backfill: 4
2026-07-15 02:52:09,498 [INFO] etl_camara — Iniciando ETL: 34 datasets | anos=[2026] | legislaturas=[56, 57]
2026-07-15 02:52:09,498 [INFO] etl_camara — ━━━━━━━━━━━━━━━━━━━━━━━━━━━━━━━━━━━━━━━━━━━━━━━━━━━━━━━━━━━━
2026-07-15 02:52:09,498 [INFO] etl_camara — 🌊 Onda 0 — 10 datasets | workers=8
2026-07-15 02:52:09,642 [INFO] etl_camara — → sem alterações (304): eventos-2026.csv
2026-07-15 02:52:09,642 [INFO] etl_camara — → sem alterações (304): deputados.csv
2026-07-15 02:52:09,653 [WARNING] etl_camara — 404 — não encontrado: http://dadosabertos.camara.leg.br/arquivos/licitacoes/csv/licitacoes.csv
2026-07-15 02:52:09,843 [INFO] etl_camara — → sem alterações (304): funcionarios.csv
2026-07-15 02:52:09,844 [INFO] etl_camara — → sem alterações (304): tecadCategorias.csv
2026-07-15 02:52:10,041 [INFO] etl_camara — → sem alterações (304): tecadTermos.csv
2026-07-15 02:52:10,042 [INFO] etl_camara — → sem alterações (304): orgaos.csv
2026-07-15 02:52:10,244 [INFO] etl_camara — → sem alterações (304): proposicoes-2026.csv
2026-07-15 02:52:10,259 [INFO] etl_camara — → sem alterações (304): legislaturas.csv
2026-07-15 02:52:10,440 [INFO] etl_camara — → sem alterações (304): licitacoes-2026.csv
2026-07-15 02:52:10,442 [INFO] etl_camara — ━━━━━━━━━━━━━━━━━━━━━━━━━━━━━━━━━━━━━━━━━━━━━━━━━━━━━━━━━━━━
2026-07-15 02:52:10,442 [INFO] etl_camara — 🌊 Onda 1 — 18 datasets | workers=8
2026-07-15 02:52:10,573 [INFO] etl_camara — → sem alterações (304): eventosOrgaos-2026.csv
2026-07-15 02:52:10,589 [INFO] etl_camara — → sem alterações (304): frentes.csv
2026-07-15 02:52:10,648 [INFO] etl_camara — → sem alterações (304): deputadosProfissoes.csv
2026-07-15 02:52:10,770 [INFO] etl_camara — → sem alterações (304): deputadosOcupacoes.csv
2026-07-15 02:52:10,781 [INFO] etl_camara — → sem alterações (304): proposicoesTemas-2026.csv
2026-07-15 02:52:10,852 [INFO] etl_camara — → sem alterações (304): eventosRequerimentos-2026.csv
2026-07-15 02:52:10,973 [INFO] etl_camara — → sem alterações (304): legislaturasMesas.csv
2026-07-15 02:52:10,986 [INFO] etl_camara — → sem alterações (304): proposicoesAutores-2026.csv
2026-07-15 02:52:11,046 [INFO] etl_camara — → sem alterações (304): eventosPresencaDeputados-2026.csv
2026-07-15 02:52:11,172 [INFO] etl_camara — → sem alterações (304): grupos.csv
2026-07-15 02:52:11,243 [INFO] etl_camara — → sem alterações (304): votacoes-2026.csv
2026-07-15 02:52:11,307 [INFO] etl_camara — → sem alterações (304): Ano-2026.csv.zip
2026-07-15 02:52:11,377 [INFO] etl_camara — → sem alterações (304): licitacoesPedidos-2026.csv
2026-07-15 02:52:11,461 [INFO] etl_camara — → sem alterações (304): licitacoesPropostas-2026.csv
2026-07-15 02:52:11,579 [INFO] etl_camara — → sem alterações (304): licitacoesItens-2026.csv
2026-07-15 02:52:11,641 [INFO] etl_camara — → sem alterações (304): licitacoesContratos-2026.csv
2026-07-15 02:52:11,779 [INFO] etl_camara — → sem alterações (304): orgaosDeputados-L56.csv
2026-07-15 02:52:11,848 [INFO] etl_camara — → sem alterações (304): orgaosDeputados-L57.csv
2026-07-15 02:52:11,850 [INFO] etl_camara — ━━━━━━━━━━━━━━━━━━━━━━━━━━━━━━━━━━━━━━━━━━━━━━━━━━━━━━━━━━━━
2026-07-15 02:52:11,850 [INFO] etl_camara — 🌊 Onda 2 — 6 datasets | workers=8
2026-07-15 02:52:11,991 [INFO] etl_camara — → sem alterações (304): votacoesVotos-2026.csv
2026-07-15 02:52:12,013 [INFO] etl_camara — → sem alterações (304): votacoesProposicoes-2026.csv
2026-07-15 02:52:12,049 [INFO] etl_camara — → sem alterações (304): frentesDeputados.csv
2026-07-15 02:52:12,188 [INFO] etl_camara — → sem alterações (304): gruposHistorico.csv
2026-07-15 02:52:12,248 [INFO] etl_camara — → sem alterações (304): votacoesOrientacoes-2026.csv
2026-07-15 02:52:12,386 [INFO] etl_camara — → sem alterações (304): gruposMembros.csv
2026-07-15 02:52:12,388 [INFO] etl_camara — ━━━━━━━━━━━━━━━━━━━━━━━━━━━━━━━━━━━━━━━━━━━━━━━━━━━━━━━━━━━━
2026-07-15 02:52:12,388 [INFO] etl_camara — 🏁 ETL concluído — processados: 0 | sem alteração (304): 33 | histórico pulado: 0 | erros: 1 | total: 34
2026-07-15 02:52:12,388 [WARNING] etl_camara — Datasets com falha (1): ['licitacoes']
2026-07-15 03:00:05,502 [INFO] etl_camara — Banco: postgres:5432/quemvota
2026-07-15 03:00:05,503 [INFO] etl_camara — Cache: etl_cache.json
2026-07-15 03:00:05,503 [INFO] etl_camara — Workers — download: 8 | backfill: 4
2026-07-15 03:00:05,503 [INFO] etl_camara — Iniciando ETL: 34 datasets | anos=[2026] | legislaturas=[56, 57]
2026-07-15 03:00:05,503 [INFO] etl_camara — ━━━━━━━━━━━━━━━━━━━━━━━━━━━━━━━━━━━━━━━━━━━━━━━━━━━━━━━━━━━━
2026-07-15 03:00:05,503 [INFO] etl_camara — 🌊 Onda 0 — 10 datasets | workers=8
2026-07-15 03:00:05,738 [INFO] etl_camara — → sem alterações (304): deputados.csv
2026-07-15 03:00:05,744 [INFO] etl_camara — → sem alterações (304): legislaturas.csv
2026-07-15 03:00:05,928 [INFO] etl_camara — → sem alterações (304): tecadCategorias.csv
2026-07-15 03:00:05,959 [WARNING] etl_camara — 404 — não encontrado: http://dadosabertos.camara.leg.br/arquivos/licitacoes/csv/licitacoes.csv
2026-07-15 03:00:06,101 [INFO] etl_camara — → sem alterações (304): orgaos.csv
2026-07-15 03:00:06,139 [INFO] etl_camara — → sem alterações (304): licitacoes-2026.csv
2026-07-15 03:00:06,315 [INFO] etl_camara — → sem alterações (304): funcionarios.csv
2026-07-15 03:00:06,548 [INFO] etl_camara — → sem alterações (304): eventos-2026.csv
2026-07-15 03:00:06,790 [INFO] etl_camara — → sem alterações (304): tecadTermos.csv
2026-07-15 03:00:06,914 [INFO] etl_camara — → sem alterações (304): proposicoes-2026.csv
2026-07-15 03:00:06,916 [INFO] etl_camara — ━━━━━━━━━━━━━━━━━━━━━━━━━━━━━━━━━━━━━━━━━━━━━━━━━━━━━━━━━━━━
2026-07-15 03:00:06,916 [INFO] etl_camara — 🌊 Onda 1 — 18 datasets | workers=8
2026-07-15 03:00:07,057 [INFO] etl_camara — → sem alterações (304): frentes.csv
2026-07-15 03:00:07,061 [INFO] etl_camara — → sem alterações (304): eventosOrgaos-2026.csv
2026-07-15 03:00:07,207 [INFO] etl_camara — → sem alterações (304): eventosPresencaDeputados-2026.csv
2026-07-15 03:00:07,254 [INFO] etl_camara — → sem alterações (304): eventosRequerimentos-2026.csv
2026-07-15 03:00:07,265 [INFO] etl_camara — → sem alterações (304): grupos.csv
2026-07-15 03:00:07,392 [INFO] etl_camara — → sem alterações (304): proposicoesAutores-2026.csv
2026-07-15 03:00:07,458 [INFO] etl_camara — → sem alterações (304): proposicoesTemas-2026.csv
2026-07-15 03:00:07,461 [INFO] etl_camara — → sem alterações (304): deputadosProfissoes.csv
2026-07-15 03:00:07,668 [INFO] etl_camara — → sem alterações (304): licitacoesPropostas-2026.csv
2026-07-15 03:00:07,670 [INFO] etl_camara — → sem alterações (304): deputadosOcupacoes.csv
2026-07-15 03:00:07,673 [INFO] etl_camara — → sem alterações (304): licitacoesContratos-2026.csv
2026-07-15 03:00:07,829 [INFO] etl_camara — → sem alterações (304): Ano-2026.csv.zip
2026-07-15 03:00:07,847 [INFO] etl_camara — → sem alterações (304): orgaosDeputados-L57.csv
2026-07-15 03:00:07,854 [INFO] etl_camara — → sem alterações (304): orgaosDeputados-L56.csv
2026-07-15 03:00:07,863 [INFO] etl_camara — → sem alterações (304): legislaturasMesas.csv
2026-07-15 03:00:08,055 [INFO] etl_camara — → sem alterações (304): votacoes-2026.csv
2026-07-15 03:00:08,258 [INFO] etl_camara — → sem alterações (304): licitacoesPedidos-2026.csv
2026-07-15 03:00:08,458 [INFO] etl_camara — → sem alterações (304): licitacoesItens-2026.csv
2026-07-15 03:00:08,460 [INFO] etl_camara — ━━━━━━━━━━━━━━━━━━━━━━━━━━━━━━━━━━━━━━━━━━━━━━━━━━━━━━━━━━━━
2026-07-15 03:00:08,460 [INFO] etl_camara — 🌊 Onda 2 — 6 datasets | workers=8
2026-07-15 03:00:08,626 [INFO] etl_camara — → sem alterações (304): gruposHistorico.csv
2026-07-15 03:00:08,648 [INFO] etl_camara — → sem alterações (304): frentesDeputados.csv
2026-07-15 03:00:08,658 [INFO] etl_camara — → sem alterações (304): gruposMembros.csv
2026-07-15 03:00:08,819 [INFO] etl_camara — → sem alterações (304): votacoesOrientacoes-2026.csv
2026-07-15 03:00:08,845 [INFO] etl_camara — → sem alterações (304): votacoesProposicoes-2026.csv
2026-07-15 03:00:09,023 [INFO] etl_camara — → sem alterações (304): votacoesVotos-2026.csv
2026-07-15 03:00:09,026 [INFO] etl_camara — ━━━━━━━━━━━━━━━━━━━━━━━━━━━━━━━━━━━━━━━━━━━━━━━━━━━━━━━━━━━━
2026-07-15 03:00:09,026 [INFO] etl_camara — 🏁 ETL concluído — processados: 0 | sem alteração (304): 33 | histórico pulado: 0 | erros: 1 | total: 34
2026-07-15 03:00:09,026 [WARNING] etl_camara — Datasets com falha (1): ['licitacoes']
2026-07-15 03:01:44,400 [INFO] etl_camara — Banco: postgres:5432/quemvota
2026-07-15 03:01:44,400 [INFO] etl_camara — Cache: etl_cache.json
2026-07-15 03:01:44,400 [INFO] etl_camara — Workers — download: 8 | backfill: 4
2026-07-15 03:01:44,400 [INFO] etl_camara — Iniciando ETL: 34 datasets | anos=[2026] | legislaturas=[56, 57]
2026-07-15 03:01:44,401 [INFO] etl_camara — ━━━━━━━━━━━━━━━━━━━━━━━━━━━━━━━━━━━━━━━━━━━━━━━━━━━━━━━━━━━━
2026-07-15 03:01:44,401 [INFO] etl_camara — 🌊 Onda 0 — 10 datasets | workers=8
2026-07-15 03:01:44,543 [INFO] etl_camara — → sem alterações (304): deputados.csv
2026-07-15 03:01:44,543 [INFO] etl_camara — → sem alterações (304): tecadTermos.csv
2026-07-15 03:01:44,560 [INFO] etl_camara — → sem alterações (304): orgaos.csv
2026-07-15 03:01:44,742 [INFO] etl_camara — → sem alterações (304): eventos-2026.csv
2026-07-15 03:01:44,753 [INFO] etl_camara — → sem alterações (304): funcionarios.csv
2026-07-15 03:01:44,755 [INFO] etl_camara — → sem alterações (304): legislaturas.csv
2026-07-15 03:01:44,941 [INFO] etl_camara — → sem alterações (304): proposicoes-2026.csv
2026-07-15 03:01:44,945 [INFO] etl_camara — → sem alterações (304): tecadCategorias.csv
2026-07-15 03:01:44,959 [WARNING] etl_camara — 404 — não encontrado: http://dadosabertos.camara.leg.br/arquivos/licitacoes/csv/licitacoes.csv
2026-07-15 03:01:45,154 [INFO] etl_camara — → sem alterações (304): licitacoes-2026.csv
2026-07-15 03:01:45,156 [INFO] etl_camara — ━━━━━━━━━━━━━━━━━━━━━━━━━━━━━━━━━━━━━━━━━━━━━━━━━━━━━━━━━━━━
2026-07-15 03:01:45,156 [INFO] etl_camara — 🌊 Onda 1 — 18 datasets | workers=8
2026-07-15 03:01:45,303 [INFO] etl_camara — → sem alterações (304): eventosRequerimentos-2026.csv
2026-07-15 03:01:45,317 [INFO] etl_camara — → sem alterações (304): frentes.csv
2026-07-15 03:01:45,351 [INFO] etl_camara — → sem alterações (304): grupos.csv
2026-07-15 03:01:45,496 [INFO] etl_camara — → sem alterações (304): eventosOrgaos-2026.csv
2026-07-15 03:01:45,549 [INFO] etl_camara — → sem alterações (304): deputadosProfissoes.csv
2026-07-15 03:01:45,751 [INFO] etl_camara — → sem alterações (304): deputadosOcupacoes.csv
2026-07-15 03:01:45,771 [INFO] etl_camara — → sem alterações (304): licitacoesPropostas-2026.csv
2026-07-15 03:01:45,780 [INFO] etl_camara — → sem alterações (304): proposicoesTemas-2026.csv
2026-07-15 03:01:45,894 [INFO] etl_camara — → sem alterações (304): votacoes-2026.csv
2026-07-15 03:01:45,958 [INFO] etl_camara — → sem alterações (304): legislaturasMesas.csv
2026-07-15 03:01:46,008 [INFO] etl_camara — → sem alterações (304): licitacoesItens-2026.csv
2026-07-15 03:01:46,096 [INFO] etl_camara — → sem alterações (304): licitacoesPedidos-2026.csv
2026-07-15 03:01:46,130 [INFO] etl_camara — → sem alterações (304): Ano-2026.csv.zip
2026-07-15 03:01:46,153 [INFO] etl_camara — → sem alterações (304): eventosPresencaDeputados-2026.csv
2026-07-15 03:01:46,290 [INFO] etl_camara — → sem alterações (304): licitacoesContratos-2026.csv
2026-07-15 03:01:46,352 [INFO] etl_camara — → sem alterações (304): proposicoesAutores-2026.csv
2026-07-15 03:01:46,494 [INFO] etl_camara — → sem alterações (304): orgaosDeputados-L57.csv
2026-07-15 03:01:46,556 [INFO] etl_camara — → sem alterações (304): orgaosDeputados-L56.csv
2026-07-15 03:01:46,558 [INFO] etl_camara — ━━━━━━━━━━━━━━━━━━━━━━━━━━━━━━━━━━━━━━━━━━━━━━━━━━━━━━━━━━━━
2026-07-15 03:01:46,558 [INFO] etl_camara — 🌊 Onda 2 — 6 datasets | workers=8
2026-07-15 03:01:46,701 [INFO] etl_camara — → sem alterações (304): votacoesOrientacoes-2026.csv
2026-07-15 03:01:46,716 [INFO] etl_camara — → sem alterações (304): votacoesProposicoes-2026.csv
2026-07-15 03:01:46,754 [INFO] etl_camara — → sem alterações (304): frentesDeputados.csv
2026-07-15 03:01:46,907 [INFO] etl_camara — → sem alterações (304): gruposMembros.csv
2026-07-15 03:01:46,957 [INFO] etl_camara — → sem alterações (304): votacoesVotos-2026.csv
2026-07-15 03:01:47,158 [INFO] etl_camara — → sem alterações (304): gruposHistorico.csv
2026-07-15 03:01:47,161 [INFO] etl_camara — ━━━━━━━━━━━━━━━━━━━━━━━━━━━━━━━━━━━━━━━━━━━━━━━━━━━━━━━━━━━━
2026-07-15 03:01:47,161 [INFO] etl_camara — 🏁 ETL concluído — processados: 0 | sem alteração (304): 33 | histórico pulado: 0 | erros: 1 | total: 34
2026-07-15 03:01:47,161 [WARNING] etl_camara — Datasets com falha (1): ['licitacoes']
2026-07-27 15:53:31,617 [INFO] etl_camara — Banco: postgres:5432/quemvota
2026-07-27 15:53:31,617 [INFO] etl_camara — Banco: postgres:5432/quemvota
2026-07-27 15:53:31,617 [INFO] etl_camara — Cache: etl_cache.json
2026-07-27 15:53:31,617 [INFO] etl_camara — Cache: etl_cache.json
2026-07-27 15:53:31,617 [INFO] etl_camara — Workers — download: 8 | backfill: 4
2026-07-27 15:53:31,617 [INFO] etl_camara — Workers — download: 8 | backfill: 4
2026-07-27 15:53:31,618 [INFO] etl_camara — Iniciando ETL: 34 datasets | anos=[2026] | legislaturas=[56, 57]
2026-07-27 15:53:31,618 [INFO] etl_camara — Iniciando ETL: 34 datasets | anos=[2026] | legislaturas=[56, 57]
2026-07-27 15:53:31,618 [INFO] etl_camara — ━━━━━━━━━━━━━━━━━━━━━━━━━━━━━━━━━━━━━━━━━━━━━━━━━━━━━━━━━━━━
2026-07-27 15:53:31,618 [INFO] etl_camara — ━━━━━━━━━━━━━━━━━━━━━━━━━━━━━━━━━━━━━━━━━━━━━━━━━━━━━━━━━━━━
2026-07-27 15:53:31,618 [INFO] etl_camara — 🌊 Onda 0 — 10 datasets | workers=8
2026-07-27 15:53:31,618 [INFO] etl_camara — 🌊 Onda 0 — 10 datasets | workers=8
2026-07-27 15:53:32,234 [INFO] etl_camara — ✔ tecadCategorias.csv (79 linhas)
2026-07-27 15:53:32,237 [INFO] etl_camara — ✔ legislaturas.csv (57 linhas)
2026-07-27 15:53:32,244 [WARNING] etl_camara — Tentativa 1/3 falhou (http://dadosabertos.camara.leg.br/arquivos/tecadTermos/csv/tecadTermos.csv): 429 Client Error: Too Many Requests for url: https://dadosabertos.camara.leg.br/arquivos/tecadTermos/csv/tecadTermos.csv
2026-07-27 15:53:32,256 [WARNING] etl_camara — Tentativa 1/3 falhou (http://dadosabertos.camara.leg.br/arquivos/deputados/csv/deputados.csv): 429 Client Error: Too Many Requests for url: https://dadosabertos.camara.leg.br/arquivos/deputados/csv/deputados.csv
2026-07-27 15:53:32,265 [ERROR] etl_camara — Load error [tecadCategorias]: greenlet_spawn has not been called; can't call await_only() here. Was IO attempted in an unexpected place? (Background on this error at: https://sqlalche.me/e/20/xd2s)
2026-07-27 15:53:32,266 [ERROR] etl_camara — Load error [legislaturas]: greenlet_spawn has not been called; can't call await_only() here. Was IO attempted in an unexpected place? (Background on this error at: https://sqlalche.me/e/20/xd2s)
2026-07-27 15:53:32,371 [INFO] etl_camara — ✔ deputados.csv (7889 linhas)
2026-07-27 15:53:32,421 [WARNING] etl_camara — Tentativa 1/3 falhou (http://dadosabertos.camara.leg.br/arquivos/licitacoes/csv/licitacoes-2026.csv): 429 Client Error: Too Many Requests for url: https://dadosabertos.camara.leg.br/arquivos/licitacoes/csv/licitacoes-2026.csv
2026-07-27 15:53:32,446 [INFO] etl_camara — ✔ tecadCategorias.csv (79 linhas)
2026-07-27 15:53:32,455 [ERROR] etl_camara — Load error [tecadCategorias]: greenlet_spawn has not been called; can't call await_only() here. Was IO attempted in an unexpected place? (Background on this error at: https://sqlalche.me/e/20/xd2s)
2026-07-27 15:53:32,535 [ERROR] etl_camara — Load error [deputados]: greenlet_spawn has not been called; can't call await_only() here. Was IO attempted in an unexpected place? (Background on this error at: https://sqlalche.me/e/20/xd2s)
2026-07-27 15:53:32,560 [INFO] etl_camara — ✔ orgaos.csv (3865 linhas)
2026-07-27 15:53:32,655 [ERROR] etl_camara — Load error [orgaos]: greenlet_spawn has not been called; can't call await_only() here. Was IO attempted in an unexpected place? (Background on this error at: https://sqlalche.me/e/20/xd2s)
2026-07-27 15:53:32,656 [INFO] etl_camara — ✔ legislaturas.csv (57 linhas)
2026-07-27 15:53:32,664 [ERROR] etl_camara — Load error [legislaturas]: greenlet_spawn has not been called; can't call await_only() here. Was IO attempted in an unexpected place? (Background on this error at: https://sqlalche.me/e/20/xd2s)
2026-07-27 15:53:32,806 [INFO] etl_camara — ✔ orgaos.csv (3865 linhas)
2026-07-27 15:53:32,836 [WARNING] etl_camara — 404 — não encontrado: http://dadosabertos.camara.leg.br/arquivos/licitacoes/csv/licitacoes.csv
2026-07-27 15:53:32,911 [ERROR] etl_camara — Load error [orgaos]: greenlet_spawn has not been called; can't call await_only() here. Was IO attempted in an unexpected place? (Background on this error at: https://sqlalche.me/e/20/xd2s)
2026-07-27 15:53:33,003 [INFO] etl_camara — ✔ funcionarios.csv (15572 linhas)
2026-07-27 15:53:33,250 [WARNING] etl_camara — 404 — não encontrado: http://dadosabertos.camara.leg.br/arquivos/licitacoes/csv/licitacoes.csv
2026-07-27 15:53:33,251 [INFO] etl_camara — ✔ eventos-2026.csv (1441 linhas)
2026-07-27 15:53:33,295 [INFO] etl_camara — ✔ eventos-2026.csv (1441 linhas)
2026-07-27 15:53:33,300 [ERROR] etl_camara — Load error [funcionarios]: greenlet_spawn has not been called; can't call await_only() here. Was IO attempted in an unexpected place? (Background on this error at: https://sqlalche.me/e/20/xd2s)
2026-07-27 15:53:33,307 [INFO] etl_camara — ✔ tecadTermos.csv (80532 linhas)
2026-07-27 15:53:33,338 [ERROR] etl_camara — Load error [eventos_2026]: greenlet_spawn has not been called; can't call await_only() here. Was IO attempted in an unexpected place? (Background on this error at: https://sqlalche.me/e/20/xd2s)
2026-07-27 15:53:33,403 [ERROR] etl_camara — Load error [eventos_2026]: greenlet_spawn has not been called; can't call await_only() here. Was IO attempted in an unexpected place? (Background on this error at: https://sqlalche.me/e/20/xd2s)
2026-07-27 15:53:33,811 [INFO] etl_camara — ✔ funcionarios.csv (15572 linhas)
2026-07-27 15:53:33,859 [INFO] etl_camara — ✔ licitacoes-2026.csv (96 linhas)
2026-07-27 15:53:33,876 [ERROR] etl_camara — Load error [licitacoes_2026]: greenlet_spawn has not been called; can't call await_only() here. Was IO attempted in an unexpected place? (Background on this error at: https://sqlalche.me/e/20/xd2s)
2026-07-27 15:53:34,813 [ERROR] etl_camara — Load error [funcionarios]: greenlet_spawn has not been called; can't call await_only() here. Was IO attempted in an unexpected place? (Background on this error at: https://sqlalche.me/e/20/xd2s)
2026-07-27 15:53:34,969 [ERROR] etl_camara — Load error [tecadTermos]: greenlet_spawn has not been called; can't call await_only() here. Was IO attempted in an unexpected place? (Background on this error at: https://sqlalche.me/e/20/xd2s)
2026-07-27 15:53:35,737 [INFO] etl_camara — ✔ proposicoes-2026.csv (40148 linhas)
2026-07-27 15:53:35,861 [INFO] etl_camara — ✔ proposicoes-2026.csv (40148 linhas)
2026-07-27 15:53:37,418 [ERROR] etl_camara — Load error [proposicoes_2026]: greenlet_spawn has not been called; can't call await_only() here. Was IO attempted in an unexpected place? (Background on this error at: https://sqlalche.me/e/20/xd2s)
2026-07-27 15:53:37,421 [ERROR] etl_camara — Load error [proposicoes_2026]: greenlet_spawn has not been called; can't call await_only() here. Was IO attempted in an unexpected place? (Background on this error at: https://sqlalche.me/e/20/xd2s)
2026-07-27 15:53:37,606 [INFO] etl_camara — ✔ licitacoes-2026.csv (96 linhas)
2026-07-27 15:53:37,623 [INFO] etl_camara — ✔ deputados.csv (7889 linhas)
2026-07-27 15:53:37,625 [ERROR] etl_camara — Load error [licitacoes_2026]: greenlet_spawn has not been called; can't call await_only() here. Was IO attempted in an unexpected place? (Background on this error at: https://sqlalche.me/e/20/xd2s)
2026-07-27 15:53:37,705 [INFO] etl_camara — ━━━━━━━━━━━━━━━━━━━━━━━━━━━━━━━━━━━━━━━━━━━━━━━━━━━━━━━━━━━━
2026-07-27 15:53:37,706 [INFO] etl_camara — 🌊 Onda 1 — 18 datasets | workers=8
2026-07-27 15:53:37,822 [ERROR] etl_camara — Load error [deputados]: greenlet_spawn has not been called; can't call await_only() here. Was IO attempted in an unexpected place? (Background on this error at: https://sqlalche.me/e/20/xd2s)
2026-07-27 15:53:37,919 [INFO] etl_camara — ✔ grupos.csv (118 linhas)
2026-07-27 15:53:37,953 [ERROR] etl_camara — Load error [grupos]: greenlet_spawn has not been called; can't call await_only() here. Was IO attempted in an unexpected place? (Background on this error at: https://sqlalche.me/e/20/xd2s)
2026-07-27 15:53:37,956 [INFO] etl_camara — ✔ legislaturasMesas.csv (177 linhas)
2026-07-27 15:53:37,971 [ERROR] etl_camara — Load error [legislaturasMesas]: greenlet_spawn has not been called; can't call await_only() here. Was IO attempted in an unexpected place? (Background on this error at: https://sqlalche.me/e/20/xd2s)
2026-07-27 15:53:38,150 [INFO] etl_camara — ✔ eventosOrgaos-2026.csv (1441 linhas)
2026-07-27 15:53:38,175 [ERROR] etl_camara — Load error [eventosOrgaos_2026]: greenlet_spawn has not been called; can't call await_only() here. Was IO attempted in an unexpected place? (Background on this error at: https://sqlalche.me/e/20/xd2s)
2026-07-27 15:53:38,235 [INFO] etl_camara — ✔ deputadosProfissoes.csv (12594 linhas)
2026-07-27 15:53:38,388 [ERROR] etl_camara — Load error [deputadosProfissoes]: greenlet_spawn has not been called; can't call await_only() here. Was IO attempted in an unexpected place? (Background on this error at: https://sqlalche.me/e/20/xd2s)
2026-07-27 15:53:38,392 [INFO] etl_camara — ✔ eventosRequerimentos-2026.csv (839 linhas)
2026-07-27 15:53:38,403 [ERROR] etl_camara — Load error [eventosRequerimentos_2026]: greenlet_spawn has not been called; can't call await_only() here. Was IO attempted in an unexpected place? (Background on this error at: https://sqlalche.me/e/20/xd2s)
2026-07-27 15:53:38,482 [INFO] etl_camara — ✔ deputadosOcupacoes.csv (37492 linhas)
2026-07-27 15:53:38,496 [INFO] etl_camara — ✔ tecadTermos.csv (80532 linhas)
2026-07-27 15:53:38,607 [INFO] etl_camara — ✔ frentes.csv (1443 linhas)
2026-07-27 15:53:38,687 [INFO] etl_camara — ✔ proposicoesTemas-2026.csv (20065 linhas)
2026-07-27 15:53:38,714 [INFO] etl_camara — ✔ licitacoesPedidos-2026.csv (95 linhas)
2026-07-27 15:53:38,738 [ERROR] etl_camara — Load error [licitacoesPedidos_2026]: greenlet_spawn has not been called; can't call await_only() here. Was IO attempted in an unexpected place? (Background on this error at: https://sqlalche.me/e/20/xd2s)
2026-07-27 15:53:38,922 [INFO] etl_camara — ✔ licitacoesPropostas-2026.csv (284 linhas)
2026-07-27 15:53:38,959 [ERROR] etl_camara — Load error [frentes]: greenlet_spawn has not been called; can't call await_only() here. Was IO attempted in an unexpected place? (Background on this error at: https://sqlalche.me/e/20/xd2s)
2026-07-27 15:53:38,984 [ERROR] etl_camara — Load error [licitacoesPropostas_2026]: greenlet_spawn has not been called; can't call await_only() here. Was IO attempted in an unexpected place? (Background on this error at: https://sqlalche.me/e/20/xd2s)
2026-07-27 15:53:39,109 [INFO] etl_camara — ✔ eventosPresencaDeputados-2026.csv (52872 linhas)
2026-07-27 15:53:39,182 [ERROR] etl_camara — Load error [proposicoesTemas_2026]: greenlet_spawn has not been called; can't call await_only() here. Was IO attempted in an unexpected place? (Background on this error at: https://sqlalche.me/e/20/xd2s)
2026-07-27 15:53:39,258 [INFO] etl_camara — ✔ licitacoesContratos-2026.csv (37 linhas)
2026-07-27 15:53:39,279 [ERROR] etl_camara — Load error [licitacoesContratos_2026]: greenlet_spawn has not been called; can't call await_only() here. Was IO attempted in an unexpected place? (Background on this error at: https://sqlalche.me/e/20/xd2s)
2026-07-27 15:53:39,297 [INFO] etl_camara — ✔ licitacoesItens-2026.csv (737 linhas)
2026-07-27 15:53:39,492 [INFO] etl_camara — ✔ votacoes-2026.csv (6528 linhas)
2026-07-27 15:53:39,583 [ERROR] etl_camara — Load error [deputadosOcupacoes]: greenlet_spawn has not been called; can't call await_only() here. Was IO attempted in an unexpected place? (Background on this error at: https://sqlalche.me/e/20/xd2s)
2026-07-27 15:53:39,705 [ERROR] etl_camara — Load error [licitacoesItens_2026]: greenlet_spawn has not been called; can't call await_only() here. Was IO attempted in an unexpected place? (Background on this error at: https://sqlalche.me/e/20/xd2s)
2026-07-27 15:53:39,846 [ERROR] etl_camara — Load error [tecadTermos]: greenlet_spawn has not been called; can't call await_only() here. Was IO attempted in an unexpected place? (Background on this error at: https://sqlalche.me/e/20/xd2s)
2026-07-27 15:53:39,860 [INFO] etl_camara — ━━━━━━━━━━━━━━━━━━━━━━━━━━━━━━━━━━━━━━━━━━━━━━━━━━━━━━━━━━━━
2026-07-27 15:53:39,860 [INFO] etl_camara — 🌊 Onda 1 — 18 datasets | workers=8
2026-07-27 15:53:39,917 [ERROR] etl_camara — Load error [eventosPresenca_2026]: greenlet_spawn has not been called; can't call await_only() here. Was IO attempted in an unexpected place? (Background on this error at: https://sqlalche.me/e/20/xd2s)
2026-07-27 15:53:40,067 [INFO] etl_camara — ✔ grupos.csv (118 linhas)
2026-07-27 15:53:40,088 [ERROR] etl_camara — Load error [grupos]: greenlet_spawn has not been called; can't call await_only() here. Was IO attempted in an unexpected place? (Background on this error at: https://sqlalche.me/e/20/xd2s)
2026-07-27 15:53:40,131 [ERROR] etl_camara — Load error [votacoes_2026]: greenlet_spawn has not been called; can't call await_only() here. Was IO attempted in an unexpected place? (Background on this error at: https://sqlalche.me/e/20/xd2s)
2026-07-27 15:53:40,190 [INFO] etl_camara — ✔ orgaosDeputados-L57.csv (13229 linhas)
2026-07-27 15:53:40,343 [INFO] etl_camara — ✔ eventosPresencaDeputados-2026.csv (52872 linhas)
2026-07-27 15:53:40,405 [INFO] etl_camara — ✔ orgaosDeputados-L56.csv (14519 linhas)
2026-07-27 15:53:40,457 [INFO] etl_camara — ✔ deputadosProfissoes.csv (12594 linhas)
2026-07-27 15:53:40,530 [ERROR] etl_camara — Load error [orgaosDeputados_L57]: greenlet_spawn has not been called; can't call await_only() here. Was IO attempted in an unexpected place? (Background on this error at: https://sqlalche.me/e/20/xd2s)
2026-07-27 15:53:40,779 [ERROR] etl_camara — Load error [deputadosProfissoes]: greenlet_spawn has not been called; can't call await_only() here. Was IO attempted in an unexpected place? (Background on this error at: https://sqlalche.me/e/20/xd2s)
2026-07-27 15:53:40,886 [ERROR] etl_camara — Load error [eventosPresenca_2026]: greenlet_spawn has not been called; can't call await_only() here. Was IO attempted in an unexpected place? (Background on this error at: https://sqlalche.me/e/20/xd2s)
2026-07-27 15:53:40,904 [ERROR] etl_camara — Load error [orgaosDeputados_L56]: greenlet_spawn has not been called; can't call await_only() here. Was IO attempted in an unexpected place? (Background on this error at: https://sqlalche.me/e/20/xd2s)
2026-07-27 15:53:40,923 [INFO] etl_camara — ✔ eventosRequerimentos-2026.csv (839 linhas)
2026-07-27 15:53:40,935 [ERROR] etl_camara — Load error [eventosRequerimentos_2026]: greenlet_spawn has not been called; can't call await_only() here. Was IO attempted in an unexpected place? (Background on this error at: https://sqlalche.me/e/20/xd2s)
2026-07-27 15:53:40,969 [INFO] etl_camara — ✔ proposicoesAutores-2026.csv (50412 linhas)
2026-07-27 15:53:41,007 [INFO] etl_camara — ✔ frentes.csv (1443 linhas)
2026-07-27 15:53:41,074 [INFO] etl_camara — ✔ deputadosOcupacoes.csv (37492 linhas)
2026-07-27 15:53:41,080 [INFO] etl_camara — ✔ legislaturasMesas.csv (177 linhas)
2026-07-27 15:53:41,101 [ERROR] etl_camara — Load error [legislaturasMesas]: greenlet_spawn has not been called; can't call await_only() here. Was IO attempted in an unexpected place? (Background on this error at: https://sqlalche.me/e/20/xd2s)
2026-07-27 15:53:41,162 [ERROR] etl_camara — Load error [frentes]: greenlet_spawn has not been called; can't call await_only() here. Was IO attempted in an unexpected place? (Background on this error at: https://sqlalche.me/e/20/xd2s)
2026-07-27 15:53:41,360 [INFO] etl_camara — ✔ eventosOrgaos-2026.csv (1441 linhas)
2026-07-27 15:53:41,384 [ERROR] etl_camara — Load error [eventosOrgaos_2026]: greenlet_spawn has not been called; can't call await_only() here. Was IO attempted in an unexpected place? (Background on this error at: https://sqlalche.me/e/20/xd2s)
2026-07-27 15:53:41,541 [INFO] etl_camara — ✔ votacoes-2026.csv (6528 linhas)
2026-07-27 15:53:41,655 [ERROR] etl_camara — Load error [deputadosOcupacoes]: greenlet_spawn has not been called; can't call await_only() here. Was IO attempted in an unexpected place? (Background on this error at: https://sqlalche.me/e/20/xd2s)
2026-07-27 15:53:41,657 [INFO] etl_camara — ✔ licitacoesContratos-2026.csv (37 linhas)
2026-07-27 15:53:41,685 [ERROR] etl_camara — Load error [licitacoesContratos_2026]: greenlet_spawn has not been called; can't call await_only() here. Was IO attempted in an unexpected place? (Background on this error at: https://sqlalche.me/e/20/xd2s)
2026-07-27 15:53:41,706 [INFO] etl_camara — ✔ licitacoesPedidos-2026.csv (95 linhas)
2026-07-27 15:53:41,723 [ERROR] etl_camara — Load error [licitacoesPedidos_2026]: greenlet_spawn has not been called; can't call await_only() here. Was IO attempted in an unexpected place? (Background on this error at: https://sqlalche.me/e/20/xd2s)
2026-07-27 15:53:41,759 [INFO] etl_camara — ✔ licitacoesItens-2026.csv (737 linhas)
2026-07-27 15:53:41,837 [ERROR] etl_camara — Load error [licitacoesItens_2026]: greenlet_spawn has not been called; can't call await_only() here. Was IO attempted in an unexpected place? (Background on this error at: https://sqlalche.me/e/20/xd2s)
2026-07-27 15:53:41,872 [ERROR] etl_camara — Load error [proposicoesAutores_2026]: greenlet_spawn has not been called; can't call await_only() here. Was IO attempted in an unexpected place? (Background on this error at: https://sqlalche.me/e/20/xd2s)
2026-07-27 15:53:41,979 [INFO] etl_camara — ✔ proposicoesTemas-2026.csv (20065 linhas)
2026-07-27 15:53:41,988 [ERROR] etl_camara — Load error [votacoes_2026]: greenlet_spawn has not been called; can't call await_only() here. Was IO attempted in an unexpected place? (Background on this error at: https://sqlalche.me/e/20/xd2s)
2026-07-27 15:53:42,108 [INFO] etl_camara — ✔ licitacoesPropostas-2026.csv (284 linhas)
2026-07-27 15:53:42,132 [ERROR] etl_camara — Load error [licitacoesPropostas_2026]: greenlet_spawn has not been called; can't call await_only() here. Was IO attempted in an unexpected place? (Background on this error at: https://sqlalche.me/e/20/xd2s)
2026-07-27 15:53:42,225 [INFO] etl_camara — ✔ Ano-2026.csv.zip (86003 linhas)
2026-07-27 15:53:42,265 [ERROR] etl_camara — Load error [proposicoesTemas_2026]: greenlet_spawn has not been called; can't call await_only() here. Was IO attempted in an unexpected place? (Background on this error at: https://sqlalche.me/e/20/xd2s)
2026-07-27 15:53:42,372 [INFO] etl_camara — ✔ orgaosDeputados-L56.csv (14519 linhas)
2026-07-27 15:53:42,674 [ERROR] etl_camara — Load error [orgaosDeputados_L56]: greenlet_spawn has not been called; can't call await_only() here. Was IO attempted in an unexpected place? (Background on this error at: https://sqlalche.me/e/20/xd2s)
2026-07-27 15:53:42,773 [INFO] etl_camara — ✔ orgaosDeputados-L57.csv (13229 linhas)
2026-07-27 15:53:42,948 [INFO] etl_camara — ✔ proposicoesAutores-2026.csv (50412 linhas)
2026-07-27 15:53:43,203 [ERROR] etl_camara — Load error [orgaosDeputados_L57]: greenlet_spawn has not been called; can't call await_only() here. Was IO attempted in an unexpected place? (Background on this error at: https://sqlalche.me/e/20/xd2s)
2026-07-27 15:53:43,859 [INFO] etl_camara — ✔ Ano-2026.csv.zip (86003 linhas)
2026-07-27 15:53:44,324 [ERROR] etl_camara — Load error [proposicoesAutores_2026]: greenlet_spawn has not been called; can't call await_only() here. Was IO attempted in an unexpected place? (Background on this error at: https://sqlalche.me/e/20/xd2s)
2026-07-27 15:53:45,226 [ERROR] etl_camara — Load error [cotas_2026]: greenlet_spawn has not been called; can't call await_only() here. Was IO attempted in an unexpected place? (Background on this error at: https://sqlalche.me/e/20/xd2s)
2026-07-27 15:53:45,243 [INFO] etl_camara — ━━━━━━━━━━━━━━━━━━━━━━━━━━━━━━━━━━━━━━━━━━━━━━━━━━━━━━━━━━━━
2026-07-27 15:53:45,243 [INFO] etl_camara — 🌊 Onda 2 — 6 datasets | workers=8
2026-07-27 15:53:45,433 [INFO] etl_camara — ✔ gruposHistorico.csv (412 linhas)
2026-07-27 15:53:45,495 [ERROR] etl_camara — Load error [gruposHistorico]: greenlet_spawn has not been called; can't call await_only() here. Was IO attempted in an unexpected place? (Background on this error at: https://sqlalche.me/e/20/xd2s)
2026-07-27 15:53:45,724 [INFO] etl_camara — ✔ votacoesOrientacoes-2026.csv (1734 linhas)
2026-07-27 15:53:45,751 [ERROR] etl_camara — Load error [votacoesOrientacoes_2026]: greenlet_spawn has not been called; can't call await_only() here. Was IO attempted in an unexpected place? (Background on this error at: https://sqlalche.me/e/20/xd2s)
2026-07-27 15:53:45,879 [INFO] etl_camara — ✔ votacoesProposicoes-2026.csv (4942 linhas)
2026-07-27 15:53:45,987 [ERROR] etl_camara — Load error [votacoesObjetos_2026]: greenlet_spawn has not been called; can't call await_only() here. Was IO attempted in an unexpected place? (Background on this error at: https://sqlalche.me/e/20/xd2s)
2026-07-27 15:53:46,101 [INFO] etl_camara — ✔ gruposMembros.csv (7091 linhas)
2026-07-27 15:53:46,200 [INFO] etl_camara — ✔ votacoesVotos-2026.csv (48645 linhas)
2026-07-27 15:53:46,391 [ERROR] etl_camara — Load error [gruposMembros]: greenlet_spawn has not been called; can't call await_only() here. Was IO attempted in an unexpected place? (Background on this error at: https://sqlalche.me/e/20/xd2s)
2026-07-27 15:53:47,066 [ERROR] etl_camara — Load error [votacoesVotos_2026]: greenlet_spawn has not been called; can't call await_only() here. Was IO attempted in an unexpected place? (Background on this error at: https://sqlalche.me/e/20/xd2s)
2026-07-27 15:53:47,211 [ERROR] etl_camara — Load error [cotas_2026]: greenlet_spawn has not been called; can't call await_only() here. Was IO attempted in an unexpected place? (Background on this error at: https://sqlalche.me/e/20/xd2s)
2026-07-27 15:53:47,230 [INFO] etl_camara — ━━━━━━━━━━━━━━━━━━━━━━━━━━━━━━━━━━━━━━━━━━━━━━━━━━━━━━━━━━━━
2026-07-27 15:53:47,230 [INFO] etl_camara — 🌊 Onda 2 — 6 datasets | workers=8
2026-07-27 15:53:47,464 [INFO] etl_camara — ✔ gruposMembros.csv (7091 linhas)
2026-07-27 15:53:47,512 [INFO] etl_camara — ✔ votacoesOrientacoes-2026.csv (1734 linhas)
2026-07-27 15:53:47,591 [ERROR] etl_camara — Load error [votacoesOrientacoes_2026]: greenlet_spawn has not been called; can't call await_only() here. Was IO attempted in an unexpected place? (Background on this error at: https://sqlalche.me/e/20/xd2s)
2026-07-27 15:53:47,644 [ERROR] etl_camara — Load error [gruposMembros]: greenlet_spawn has not been called; can't call await_only() here. Was IO attempted in an unexpected place? (Background on this error at: https://sqlalche.me/e/20/xd2s)
2026-07-27 15:53:47,672 [INFO] etl_camara — ✔ gruposHistorico.csv (412 linhas)
2026-07-27 15:53:47,694 [ERROR] etl_camara — Load error [gruposHistorico]: greenlet_spawn has not been called; can't call await_only() here. Was IO attempted in an unexpected place? (Background on this error at: https://sqlalche.me/e/20/xd2s)
2026-07-27 15:53:48,082 [INFO] etl_camara — ✔ votacoesProposicoes-2026.csv (4942 linhas)
2026-07-27 15:53:48,221 [ERROR] etl_camara — Load error [votacoesObjetos_2026]: greenlet_spawn has not been called; can't call await_only() here. Was IO attempted in an unexpected place? (Background on this error at: https://sqlalche.me/e/20/xd2s)
2026-07-27 15:53:48,305 [INFO] etl_camara — ✔ votacoesVotos-2026.csv (48645 linhas)
2026-07-27 15:53:48,820 [INFO] etl_camara — ✔ frentesDeputados.csv (262257 linhas)
2026-07-27 15:53:49,078 [ERROR] etl_camara — Load error [votacoesVotos_2026]: greenlet_spawn has not been called; can't call await_only() here. Was IO attempted in an unexpected place? (Background on this error at: https://sqlalche.me/e/20/xd2s)
2026-07-27 15:53:50,843 [INFO] etl_camara — ✔ frentesDeputados.csv (262257 linhas)
2026-07-27 15:53:53,109 [ERROR] etl_camara — Load error [frentesDeputados]: greenlet_spawn has not been called; can't call await_only() here. Was IO attempted in an unexpected place? (Background on this error at: https://sqlalche.me/e/20/xd2s)
2026-07-27 15:53:53,130 [INFO] etl_camara — ━━━━━━━━━━━━━━━━━━━━━━━━━━━━━━━━━━━━━━━━━━━━━━━━━━━━━━━━━━━━
2026-07-27 15:53:53,130 [INFO] etl_camara — 🏁 ETL concluído — processados: 0 | sem alteração (304): 0 | histórico pulado: 0 | erros: 34 | total: 34
2026-07-27 15:53:53,130 [WARNING] etl_camara — Datasets com falha (34): ['tecadCategorias', 'legislaturas', 'deputados', 'licitacoes', 'orgaos', 'eventos_2026', 'funcionarios', 'tecadTermos', 'proposicoes_2026', 'licitacoes_2026', 'grupos', 'legislaturasMesas', 'eventosOrgaos_2026', 'deputadosProfissoes', 'eventosRequerimentos_2026', 'licitacoesPedidos_2026', 'frentes', 'licitacoesPropostas_2026', 'proposicoesTemas_2026', 'licitacoesContratos_2026', 'deputadosOcupacoes', 'licitacoesItens_2026', 'eventosPresenca_2026', 'votacoes_2026', 'orgaosDeputados_L57', 'orgaosDeputados_L56', 'proposicoesAutores_2026', 'cotas_2026', 'gruposHistorico', 'votacoesOrientacoes_2026', 'votacoesObjetos_2026', 'gruposMembros', 'votacoesVotos_2026', 'frentesDeputados']
2026-07-27 15:53:55,242 [ERROR] etl_camara — Load error [frentesDeputados]: greenlet_spawn has not been called; can't call await_only() here. Was IO attempted in an unexpected place? (Background on this error at: https://sqlalche.me/e/20/xd2s)
2026-07-27 15:53:55,261 [INFO] etl_camara — ━━━━━━━━━━━━━━━━━━━━━━━━━━━━━━━━━━━━━━━━━━━━━━━━━━━━━━━━━━━━
2026-07-27 15:53:55,261 [INFO] etl_camara — 🏁 ETL concluído — processados: 0 | sem alteração (304): 0 | histórico pulado: 0 | erros: 34 | total: 34
2026-07-27 15:53:55,261 [WARNING] etl_camara — Datasets com falha (34): ['tecadCategorias', 'orgaos', 'legislaturas', 'licitacoes', 'funcionarios', 'eventos_2026', 'licitacoes_2026', 'proposicoes_2026', 'deputados', 'tecadTermos', 'grupos', 'deputadosProfissoes', 'eventosPresenca_2026', 'eventosRequerimentos_2026', 'legislaturasMesas', 'frentes', 'eventosOrgaos_2026', 'deputadosOcupacoes', 'licitacoesContratos_2026', 'licitacoesPedidos_2026', 'licitacoesItens_2026', 'votacoes_2026', 'licitacoesPropostas_2026', 'proposicoesTemas_2026', 'orgaosDeputados_L56', 'orgaosDeputados_L57', 'proposicoesAutores_2026', 'cotas_2026', 'votacoesOrientacoes_2026', 'gruposMembros', 'gruposHistorico', 'votacoesObjetos_2026', 'votacoesVotos_2026', 'frentesDeputados']
2026-07-28 03:00:04,806 [INFO] etl_camara — Banco: postgres:5432/quemvota
2026-07-28 03:00:04,807 [INFO] etl_camara — Cache: etl_cache.json
2026-07-28 03:00:04,807 [INFO] etl_camara — Workers — download: 8 | backfill: 4
2026-07-28 03:00:04,807 [INFO] etl_camara — Iniciando ETL: 34 datasets | anos=[2026] | legislaturas=[56, 57]
2026-07-28 03:00:04,807 [INFO] etl_camara — ━━━━━━━━━━━━━━━━━━━━━━━━━━━━━━━━━━━━━━━━━━━━━━━━━━━━━━━━━━━━
2026-07-28 03:00:04,807 [INFO] etl_camara — 🌊 Onda 0 — 10 datasets | workers=8
2026-07-28 03:00:05,066 [INFO] etl_camara — → sem alterações (304): tecadTermos.csv
2026-07-28 03:00:05,087 [INFO] etl_camara — → sem alterações (304): eventos-2026.csv
2026-07-28 03:00:05,089 [INFO] etl_camara — → sem alterações (304): legislaturas.csv
2026-07-28 03:00:05,255 [INFO] etl_camara — → sem alterações (304): funcionarios.csv
2026-07-28 03:00:05,273 [INFO] etl_camara — → sem alterações (304): deputados.csv
2026-07-28 03:00:05,474 [INFO] etl_camara — → sem alterações (304): proposicoes-2026.csv
2026-07-28 03:00:05,529 [INFO] etl_camara — → sem alterações (304): orgaos.csv
2026-07-28 03:00:05,664 [INFO] etl_camara — → sem alterações (304): tecadCategorias.csv
2026-07-28 03:00:05,856 [WARNING] etl_camara — 404 — não encontrado: http://dadosabertos.camara.leg.br/arquivos/licitacoes/csv/licitacoes.csv
2026-07-28 03:00:06,073 [INFO] etl_camara — → sem alterações (304): licitacoes-2026.csv
2026-07-28 03:00:06,075 [INFO] etl_camara — ━━━━━━━━━━━━━━━━━━━━━━━━━━━━━━━━━━━━━━━━━━━━━━━━━━━━━━━━━━━━
2026-07-28 03:00:06,075 [INFO] etl_camara — 🌊 Onda 1 — 18 datasets | workers=8
2026-07-28 03:00:06,229 [INFO] etl_camara — → sem alterações (304): deputadosOcupacoes.csv
2026-07-28 03:00:06,244 [INFO] etl_camara — → sem alterações (304): deputadosProfissoes.csv
2026-07-28 03:00:06,256 [INFO] etl_camara — → sem alterações (304): eventosPresencaDeputados-2026.csv
2026-07-28 03:00:06,422 [INFO] etl_camara — → sem alterações (304): eventosOrgaos-2026.csv
2026-07-28 03:00:06,426 [INFO] etl_camara — → sem alterações (304): legislaturasMesas.csv
2026-07-28 03:00:06,464 [INFO] etl_camara — → sem alterações (304): eventosRequerimentos-2026.csv
2026-07-28 03:00:06,626 [INFO] etl_camara — → sem alterações (304): votacoes-2026.csv
2026-07-28 03:00:06,644 [INFO] etl_camara — → sem alterações (304): frentes.csv
2026-07-28 03:00:06,719 [INFO] etl_camara — ✔ grupos.csv (118 linhas)
2026-07-28 03:00:06,743 [ERROR] etl_camara — Load error [grupos]: greenlet_spawn has not been called; can't call await_only() here. Was IO attempted in an unexpected place? (Background on this error at: https://sqlalche.me/e/20/xd2s)
2026-07-28 03:00:06,825 [INFO] etl_camara — → sem alterações (304): licitacoesPropostas-2026.csv
2026-07-28 03:00:06,829 [INFO] etl_camara — → sem alterações (304): proposicoesTemas-2026.csv
2026-07-28 03:00:06,865 [INFO] etl_camara — → sem alterações (304): proposicoesAutores-2026.csv
2026-07-28 03:00:07,018 [INFO] etl_camara — → sem alterações (304): licitacoesItens-2026.csv
2026-07-28 03:00:07,029 [INFO] etl_camara — → sem alterações (304): orgaosDeputados-L57.csv
2026-07-28 03:00:07,034 [INFO] etl_camara — → sem alterações (304): Ano-2026.csv.zip
2026-07-28 03:00:07,065 [INFO] etl_camara — → sem alterações (304): licitacoesPedidos-2026.csv
2026-07-28 03:00:07,228 [INFO] etl_camara — → sem alterações (304): licitacoesContratos-2026.csv
2026-07-28 03:00:07,428 [INFO] etl_camara — → sem alterações (304): orgaosDeputados-L56.csv
2026-07-28 03:00:07,438 [INFO] etl_camara — ━━━━━━━━━━━━━━━━━━━━━━━━━━━━━━━━━━━━━━━━━━━━━━━━━━━━━━━━━━━━
2026-07-28 03:00:07,438 [INFO] etl_camara — 🌊 Onda 2 — 6 datasets | workers=8
2026-07-28 03:00:07,584 [INFO] etl_camara — → sem alterações (304): frentesDeputados.csv
2026-07-28 03:00:07,670 [INFO] etl_camara — ✔ gruposHistorico.csv (412 linhas)
2026-07-28 03:00:07,689 [ERROR] etl_camara — Load error [gruposHistorico]: greenlet_spawn has not been called; can't call await_only() here. Was IO attempted in an unexpected place? (Background on this error at: https://sqlalche.me/e/20/xd2s)
2026-07-28 03:00:07,827 [INFO] etl_camara — → sem alterações (304): votacoesVotos-2026.csv
2026-07-28 03:00:07,973 [INFO] etl_camara — ✔ gruposMembros.csv (7091 linhas)
2026-07-28 03:00:08,022 [INFO] etl_camara — → sem alterações (304): votacoesProposicoes-2026.csv
2026-07-28 03:00:08,031 [INFO] etl_camara — → sem alterações (304): votacoesOrientacoes-2026.csv
2026-07-28 03:00:08,073 [ERROR] etl_camara — Load error [gruposMembros]: greenlet_spawn has not been called; can't call await_only() here. Was IO attempted in an unexpected place? (Background on this error at: https://sqlalche.me/e/20/xd2s)
2026-07-28 03:00:08,085 [INFO] etl_camara — ━━━━━━━━━━━━━━━━━━━━━━━━━━━━━━━━━━━━━━━━━━━━━━━━━━━━━━━━━━━━
2026-07-28 03:00:08,085 [INFO] etl_camara — 🏁 ETL concluído — processados: 0 | sem alteração (304): 30 | histórico pulado: 0 | erros: 4 | total: 34
2026-07-28 03:00:08,085 [WARNING] etl_camara — Datasets com falha (4): ['licitacoes', 'grupos', 'gruposHistorico', 'gruposMembros']
2026-07-29 18:59:36,360 [INFO] etl_camara — Banco: postgres:5432/quemvota
2026-07-29 18:59:36,361 [INFO] etl_camara — Cache: etl_cache.json
2026-07-29 18:59:36,361 [INFO] etl_camara — Workers — download: 8 | backfill: 4
2026-07-29 18:59:36,362 [INFO] etl_camara — Iniciando ETL: 34 datasets | anos=[2026] | legislaturas=[56, 57]
2026-07-29 18:59:36,362 [INFO] etl_camara — ━━━━━━━━━━━━━━━━━━━━━━━━━━━━━━━━━━━━━━━━━━━━━━━━━━━━━━━━━━━━
2026-07-29 18:59:36,362 [INFO] etl_camara — 🌊 Onda 0 — 10 datasets | workers=8
2026-07-29 18:59:40,593 [INFO] etl_camara — ✔ legislaturas.csv (57 linhas)
2026-07-29 18:59:40,618 [ERROR] etl_camara — Load error [legislaturas]: greenlet_spawn has not been called; can't call await_only() here. Was IO attempted in an unexpected place? (Background on this error at: https://sqlalche.me/e/20/xd2s)
2026-07-29 18:59:40,703 [INFO] etl_camara — ✔ eventos-2026.csv (1443 linhas)
2026-07-29 18:59:40,742 [ERROR] etl_camara — Load error [eventos_2026]: greenlet_spawn has not been called; can't call await_only() here. Was IO attempted in an unexpected place? (Background on this error at: https://sqlalche.me/e/20/xd2s)
2026-07-29 18:59:40,803 [INFO] etl_camara — ✔ tecadCategorias.csv (79 linhas)
2026-07-29 18:59:40,811 [ERROR] etl_camara — Load error [tecadCategorias]: greenlet_spawn has not been called; can't call await_only() here. Was IO attempted in an unexpected place? (Background on this error at: https://sqlalche.me/e/20/xd2s)
2026-07-29 18:59:40,876 [INFO] etl_camara — ✔ funcionarios.csv (15574 linhas)
2026-07-29 18:59:40,997 [WARNING] etl_camara — 404 — não encontrado: http://dadosabertos.camara.leg.br/arquivos/licitacoes/csv/licitacoes.csv
2026-07-29 18:59:41,028 [INFO] etl_camara — ✔ deputados.csv (7889 linhas)
2026-07-29 18:59:41,224 [ERROR] etl_camara — Load error [funcionarios]: greenlet_spawn has not been called; can't call await_only() here. Was IO attempted in an unexpected place? (Background on this error at: https://sqlalche.me/e/20/xd2s)
2026-07-29 18:59:41,332 [ERROR] etl_camara — Load error [deputados]: greenlet_spawn has not been called; can't call await_only() here. Was IO attempted in an unexpected place? (Background on this error at: https://sqlalche.me/e/20/xd2s)
2026-07-29 18:59:41,443 [INFO] etl_camara — ✔ orgaos.csv (3865 linhas)
2026-07-29 18:59:41,557 [ERROR] etl_camara — Load error [orgaos]: greenlet_spawn has not been called; can't call await_only() here. Was IO attempted in an unexpected place? (Background on this error at: https://sqlalche.me/e/20/xd2s)
2026-07-29 18:59:41,910 [INFO] etl_camara — ✔ licitacoes-2026.csv (98 linhas)
2026-07-29 18:59:41,995 [ERROR] etl_camara — Load error [licitacoes_2026]: greenlet_spawn has not been called; can't call await_only() here. Was IO attempted in an unexpected place? (Background on this error at: https://sqlalche.me/e/20/xd2s)
2026-07-29 18:59:42,093 [INFO] etl_camara — ✔ tecadTermos.csv (80538 linhas)
2026-07-29 18:59:43,365 [ERROR] etl_camara — Load error [tecadTermos]: greenlet_spawn has not been called; can't call await_only() here. Was IO attempted in an unexpected place? (Background on this error at: https://sqlalche.me/e/20/xd2s)
2026-07-29 18:59:44,180 [INFO] etl_camara — ✔ proposicoes-2026.csv (40218 linhas)
2026-07-29 18:59:45,833 [ERROR] etl_camara — Load error [proposicoes_2026]: greenlet_spawn has not been called; can't call await_only() here. Was IO attempted in an unexpected place? (Background on this error at: https://sqlalche.me/e/20/xd2s)
2026-07-29 18:59:45,851 [INFO] etl_camara — ━━━━━━━━━━━━━━━━━━━━━━━━━━━━━━━━━━━━━━━━━━━━━━━━━━━━━━━━━━━━
2026-07-29 18:59:45,851 [INFO] etl_camara — 🌊 Onda 1 — 18 datasets | workers=8
2026-07-29 18:59:46,043 [INFO] etl_camara — ✔ grupos.csv (118 linhas)
2026-07-29 18:59:46,068 [ERROR] etl_camara — Load error [grupos]: greenlet_spawn has not been called; can't call await_only() here. Was IO attempted in an unexpected place? (Background on this error at: https://sqlalche.me/e/20/xd2s)
2026-07-29 18:59:46,102 [INFO] etl_camara — ✔ eventosOrgaos-2026.csv (1443 linhas)
2026-07-29 18:59:46,121 [ERROR] etl_camara — Load error [eventosOrgaos_2026]: greenlet_spawn has not been called; can't call await_only() here. Was IO attempted in an unexpected place? (Background on this error at: https://sqlalche.me/e/20/xd2s)
2026-07-29 18:59:46,157 [INFO] etl_camara — ✔ frentes.csv (1443 linhas)
2026-07-29 18:59:46,233 [ERROR] etl_camara — Load error [frentes]: greenlet_spawn has not been called; can't call await_only() here. Was IO attempted in an unexpected place? (Background on this error at: https://sqlalche.me/e/20/xd2s)
2026-07-29 18:59:46,482 [INFO] etl_camara — ✔ eventosRequerimentos-2026.csv (838 linhas)
2026-07-29 18:59:46,497 [INFO] etl_camara — ✔ deputadosOcupacoes.csv (37492 linhas)
2026-07-29 18:59:46,545 [ERROR] etl_camara — Load error [eventosRequerimentos_2026]: greenlet_spawn has not been called; can't call await_only() here. Was IO attempted in an unexpected place? (Background on this error at: https://sqlalche.me/e/20/xd2s)
2026-07-29 18:59:46,676 [INFO] etl_camara — ✔ legislaturasMesas.csv (177 linhas)
2026-07-29 18:59:46,736 [ERROR] etl_camara — Load error [legislaturasMesas]: greenlet_spawn has not been called; can't call await_only() here. Was IO attempted in an unexpected place? (Background on this error at: https://sqlalche.me/e/20/xd2s)
2026-07-29 18:59:46,807 [INFO] etl_camara — ✔ deputadosProfissoes.csv (12594 linhas)
2026-07-29 18:59:46,977 [INFO] etl_camara — ✔ votacoes-2026.csv (6528 linhas)
2026-07-29 18:59:47,035 [INFO] etl_camara — ✔ licitacoesPropostas-2026.csv (287 linhas)
2026-07-29 18:59:47,098 [INFO] etl_camara — ✔ licitacoesPedidos-2026.csv (97 linhas)
2026-07-29 18:59:47,168 [ERROR] etl_camara — Load error [licitacoesPedidos_2026]: greenlet_spawn has not been called; can't call await_only() here. Was IO attempted in an unexpected place? (Background on this error at: https://sqlalche.me/e/20/xd2s)
2026-07-29 18:59:47,191 [INFO] etl_camara — ✔ eventosPresencaDeputados-2026.csv (52879 linhas)
2026-07-29 18:59:47,398 [ERROR] etl_camara — Load error [licitacoesPropostas_2026]: greenlet_spawn has not been called; can't call await_only() here. Was IO attempted in an unexpected place? (Background on this error at: https://sqlalche.me/e/20/xd2s)
2026-07-29 18:59:47,430 [ERROR] etl_camara — Load error [deputadosProfissoes]: greenlet_spawn has not been called; can't call await_only() here. Was IO attempted in an unexpected place? (Background on this error at: https://sqlalche.me/e/20/xd2s)
2026-07-29 18:59:47,445 [INFO] etl_camara — ✔ proposicoesTemas-2026.csv (20646 linhas)
2026-07-29 18:59:47,918 [INFO] etl_camara — ✔ licitacoesContratos-2026.csv (37 linhas)
2026-07-29 18:59:47,981 [ERROR] etl_camara — Load error [licitacoesContratos_2026]: greenlet_spawn has not been called; can't call await_only() here. Was IO attempted in an unexpected place? (Background on this error at: https://sqlalche.me/e/20/xd2s)
2026-07-29 18:59:47,992 [INFO] etl_camara — ✔ licitacoesItens-2026.csv (740 linhas)
2026-07-29 18:59:48,593 [ERROR] etl_camara — Load error [deputadosOcupacoes]: greenlet_spawn has not been called; can't call await_only() here. Was IO attempted in an unexpected place? (Background on this error at: https://sqlalche.me/e/20/xd2s)
2026-07-29 18:59:48,784 [ERROR] etl_camara — Load error [proposicoesTemas_2026]: greenlet_spawn has not been called; can't call await_only() here. Was IO attempted in an unexpected place? (Background on this error at: https://sqlalche.me/e/20/xd2s)
2026-07-29 18:59:49,076 [ERROR] etl_camara — Load error [votacoes_2026]: greenlet_spawn has not been called; can't call await_only() here. Was IO attempted in an unexpected place? (Background on this error at: https://sqlalche.me/e/20/xd2s)
2026-07-29 18:59:49,085 [ERROR] etl_camara — Load error [eventosPresenca_2026]: greenlet_spawn has not been called; can't call await_only() here. Was IO attempted in an unexpected place? (Background on this error at: https://sqlalche.me/e/20/xd2s)
2026-07-29 18:59:49,109 [ERROR] etl_camara — Load error [licitacoesItens_2026]: greenlet_spawn has not been called; can't call await_only() here. Was IO attempted in an unexpected place? (Background on this error at: https://sqlalche.me/e/20/xd2s)
2026-07-29 18:59:49,385 [INFO] etl_camara — ✔ orgaosDeputados-L56.csv (14519 linhas)
2026-07-29 18:59:49,436 [INFO] etl_camara — ✔ orgaosDeputados-L57.csv (13230 linhas)
2026-07-29 18:59:49,979 [INFO] etl_camara — ✔ proposicoesAutores-2026.csv (50484 linhas)
2026-07-29 18:59:50,605 [ERROR] etl_camara — Load error [orgaosDeputados_L56]: greenlet_spawn has not been called; can't call await_only() here. Was IO attempted in an unexpected place? (Background on this error at: https://sqlalche.me/e/20/xd2s)
2026-07-29 18:59:50,669 [ERROR] etl_camara — Load error [orgaosDeputados_L57]: greenlet_spawn has not been called; can't call await_only() here. Was IO attempted in an unexpected place? (Background on this error at: https://sqlalche.me/e/20/xd2s)
2026-07-29 18:59:51,430 [ERROR] etl_camara — Load error [proposicoesAutores_2026]: greenlet_spawn has not been called; can't call await_only() here. Was IO attempted in an unexpected place? (Background on this error at: https://sqlalche.me/e/20/xd2s)
2026-07-29 18:59:51,853 [INFO] etl_camara — ✔ Ano-2026.csv.zip (86892 linhas)
2026-07-29 18:59:54,866 [ERROR] etl_camara — Load error [cotas_2026]: greenlet_spawn has not been called; can't call await_only() here. Was IO attempted in an unexpected place? (Background on this error at: https://sqlalche.me/e/20/xd2s)
2026-07-29 18:59:54,884 [INFO] etl_camara — ━━━━━━━━━━━━━━━━━━━━━━━━━━━━━━━━━━━━━━━━━━━━━━━━━━━━━━━━━━━━
2026-07-29 18:59:54,884 [INFO] etl_camara — 🌊 Onda 2 — 6 datasets | workers=8
2026-07-29 18:59:55,012 [WARNING] etl_camara — Tentativa 1/3 falhou (http://dadosabertos.camara.leg.br/arquivos/frentesDeputados/csv/frentesDeputados.csv): 429 Client Error: Too Many Requests for url: https://dadosabertos.camara.leg.br/arquivos/frentesDeputados/csv/frentesDeputados.csv
2026-07-29 18:59:55,040 [WARNING] etl_camara — Tentativa 1/3 falhou (http://dadosabertos.camara.leg.br/arquivos/gruposMembros/csv/gruposMembros.csv): 429 Client Error: Too Many Requests for url: https://dadosabertos.camara.leg.br/arquivos/gruposMembros/csv/gruposMembros.csv
2026-07-29 18:59:55,071 [WARNING] etl_camara — Tentativa 1/3 falhou (http://dadosabertos.camara.leg.br/arquivos/votacoesProposicoes/csv/votacoesProposicoes-2026.csv): 429 Client Error: Too Many Requests for url: https://dadosabertos.camara.leg.br/arquivos/votacoesProposicoes/csv/votacoesProposicoes-2026.csv
2026-07-29 18:59:56,036 [INFO] etl_camara — ✔ gruposHistorico.csv (412 linhas)
2026-07-29 18:59:56,095 [ERROR] etl_camara — Load error [gruposHistorico]: greenlet_spawn has not been called; can't call await_only() here. Was IO attempted in an unexpected place? (Background on this error at: https://sqlalche.me/e/20/xd2s)
2026-07-29 18:59:56,249 [INFO] etl_camara — ✔ votacoesOrientacoes-2026.csv (1734 linhas)
2026-07-29 18:59:56,271 [ERROR] etl_camara — Load error [votacoesOrientacoes_2026]: greenlet_spawn has not been called; can't call await_only() here. Was IO attempted in an unexpected place? (Background on this error at: https://sqlalche.me/e/20/xd2s)
2026-07-29 18:59:57,433 [INFO] etl_camara — ✔ votacoesVotos-2026.csv (48645 linhas)
2026-07-29 18:59:58,092 [ERROR] etl_camara — Load error [votacoesVotos_2026]: greenlet_spawn has not been called; can't call await_only() here. Was IO attempted in an unexpected place? (Background on this error at: https://sqlalche.me/e/20/xd2s)
2026-07-29 19:00:02,475 [INFO] etl_camara — ✔ votacoesProposicoes-2026.csv (4943 linhas)
2026-07-29 19:00:02,578 [ERROR] etl_camara — Load error [votacoesObjetos_2026]: greenlet_spawn has not been called; can't call await_only() here. Was IO attempted in an unexpected place? (Background on this error at: https://sqlalche.me/e/20/xd2s)
2026-07-29 19:00:03,046 [INFO] etl_camara — ✔ gruposMembros.csv (7091 linhas)
2026-07-29 19:00:03,249 [ERROR] etl_camara — Load error [gruposMembros]: greenlet_spawn has not been called; can't call await_only() here. Was IO attempted in an unexpected place? (Background on this error at: https://sqlalche.me/e/20/xd2s)
2026-07-29 19:00:04,394 [INFO] etl_camara — ✔ frentesDeputados.csv (262257 linhas)
2026-07-29 19:00:08,634 [ERROR] etl_camara — Load error [frentesDeputados]: greenlet_spawn has not been called; can't call await_only() here. Was IO attempted in an unexpected place? (Background on this error at: https://sqlalche.me/e/20/xd2s)
2026-07-29 19:00:08,655 [INFO] etl_camara — ━━━━━━━━━━━━━━━━━━━━━━━━━━━━━━━━━━━━━━━━━━━━━━━━━━━━━━━━━━━━
2026-07-29 19:00:08,655 [INFO] etl_camara — 🏁 ETL concluído — processados: 0 | sem alteração (304): 0 | histórico pulado: 0 | erros: 34 | total: 34
2026-07-29 19:00:08,655 [WARNING] etl_camara — Datasets com falha (34): ['legislaturas', 'eventos_2026', 'tecadCategorias', 'licitacoes', 'funcionarios', 'deputados', 'orgaos', 'licitacoes_2026', 'tecadTermos', 'proposicoes_2026', 'grupos', 'eventosOrgaos_2026', 'frentes', 'eventosRequerimentos_2026', 'legislaturasMesas', 'licitacoesPedidos_2026', 'licitacoesPropostas_2026', 'deputadosProfissoes', 'licitacoesContratos_2026', 'deputadosOcupacoes', 'proposicoesTemas_2026', 'votacoes_2026', 'eventosPresenca_2026', 'licitacoesItens_2026', 'orgaosDeputados_L56', 'orgaosDeputados_L57', 'proposicoesAutores_2026', 'cotas_2026', 'gruposHistorico', 'votacoesOrientacoes_2026', 'votacoesVotos_2026', 'votacoesObjetos_2026', 'gruposMembros', 'frentesDeputados']
2026-07-29 20:09:20,064 [INFO] etl_camara — Banco: postgres:5432/quemvota
2026-07-29 20:09:20,064 [INFO] etl_camara — Cache: etl_cache.json
2026-07-29 20:09:20,064 [INFO] etl_camara — Workers — download: 8 | backfill: 4
2026-07-29 20:09:20,077 [INFO] etl_camara — Iniciando ETL: 89 datasets | anos=[2026] | legislaturas=[1, 2, 3, 4, 5, 6, 7, 8, 9, 10, 11, 12, 13, 14, 15, 16, 17, 18, 19, 20, 21, 22, 23, 24, 25, 26, 27, 28, 29, 30, 31, 32, 33, 34, 35, 36, 37, 38, 39, 40, 41, 42, 43, 44, 45, 46, 47, 48, 49, 50, 51, 52, 53, 54, 55, 56, 57]
2026-07-29 20:09:20,078 [INFO] etl_camara — ━━━━━━━━━━━━━━━━━━━━━━━━━━━━━━━━━━━━━━━━━━━━━━━━━━━━━━━━━━━━
2026-07-29 20:09:20,078 [INFO] etl_camara — 🌊 Onda 0 — 10 datasets | workers=8
2026-07-29 20:09:20,291 [INFO] etl_camara — → sem alterações (304): tecadCategorias.csv
2026-07-29 20:09:20,295 [INFO] etl_camara — → sem alterações (304): deputados.csv
2026-07-29 20:09:20,298 [INFO] etl_camara — → sem alterações (304): eventos-2026.csv
2026-07-29 20:09:20,490 [WARNING] etl_camara — 404 — não encontrado: http://dadosabertos.camara.leg.br/arquivos/licitacoes/csv/licitacoes.csv
2026-07-29 20:09:20,494 [INFO] etl_camara — → sem alterações (304): funcionarios.csv
2026-07-29 20:09:20,507 [INFO] etl_camara — → sem alterações (304): legislaturas.csv
2026-07-29 20:09:20,695 [INFO] etl_camara — → sem alterações (304): proposicoes-2026.csv
2026-07-29 20:09:20,700 [INFO] etl_camara — → sem alterações (304): orgaos.csv
2026-07-29 20:09:20,716 [INFO] etl_camara — → sem alterações (304): tecadTermos.csv
2026-07-29 20:09:20,897 [INFO] etl_camara — → sem alterações (304): licitacoes-2026.csv
2026-07-29 20:09:20,899 [INFO] etl_camara — ━━━━━━━━━━━━━━━━━━━━━━━━━━━━━━━━━━━━━━━━━━━━━━━━━━━━━━━━━━━━
2026-07-29 20:09:20,899 [INFO] etl_camara — 🌊 Onda 1 — 73 datasets | workers=8
2026-07-29 20:09:21,040 [INFO] etl_camara — → sem alterações (304): legislaturasMesas.csv
2026-07-29 20:09:21,078 [INFO] etl_camara — → sem alterações (304): deputadosProfissoes.csv
2026-07-29 20:09:21,089 [INFO] etl_camara — → sem alterações (304): eventosRequerimentos-2026.csv
2026-07-29 20:09:21,246 [INFO] etl_camara — → sem alterações (304): eventosPresencaDeputados-2026.csv
2026-07-29 20:09:21,300 [INFO] etl_camara — → sem alterações (304): eventosOrgaos-2026.csv
2026-07-29 20:09:21,417 [INFO] etl_camara — → sem alterações (304): licitacoesPedidos-2026.csv
2026-07-29 20:09:21,440 [INFO] etl_camara — → sem alterações (304): frentes.csv
2026-07-29 20:09:21,498 [INFO] etl_camara — → sem alterações (304): deputadosOcupacoes.csv
2026-07-29 20:09:21,651 [INFO] etl_camara — → sem alterações (304): grupos.csv
2026-07-29 20:09:21,688 [INFO] etl_camara — → sem alterações (304): proposicoesTemas-2026.csv
2026-07-29 20:09:21,849 [INFO] etl_camara — → sem alterações (304): votacoes-2026.csv
2026-07-29 20:09:21,889 [INFO] etl_camara — → sem alterações (304): proposicoesAutores-2026.csv
2026-07-29 20:09:22,004 [WARNING] etl_camara — 404 — não encontrado: http://dadosabertos.camara.leg.br/arquivos/orgaosDeputados/csv/orgaosDeputados-L4.csv
2026-07-29 20:09:22,051 [INFO] etl_camara — → sem alterações (304): licitacoesItens-2026.csv
2026-07-29 20:09:22,099 [INFO] etl_camara — → sem alterações (304): licitacoesPropostas-2026.csv
2026-07-29 20:09:22,217 [WARNING] etl_camara — 404 — não encontrado: http://dadosabertos.camara.leg.br/arquivos/orgaosDeputados/csv/orgaosDeputados-L7.csv
2026-07-29 20:09:22,246 [INFO] etl_camara — → sem alterações (304): licitacoesContratos-2026.csv
2026-07-29 20:09:22,295 [WARNING] etl_camara — 404 — não encontrado: http://dadosabertos.camara.leg.br/arquivos/orgaosDeputados/csv/orgaosDeputados-L1.csv
2026-07-29 20:09:22,441 [WARNING] etl_camara — 404 — não encontrado: http://dadosabertos.camara.leg.br/arquivos/orgaosDeputados/csv/orgaosDeputados-L2.csv
2026-07-29 20:09:22,497 [WARNING] etl_camara — 404 — não encontrado: http://dadosabertos.camara.leg.br/arquivos/orgaosDeputados/csv/orgaosDeputados-L5.csv
2026-07-29 20:09:22,584 [WARNING] etl_camara — 404 — não encontrado: http://dadosabertos.camara.leg.br/arquivos/orgaosDeputados/csv/orgaosDeputados-L12.csv
2026-07-29 20:09:22,636 [WARNING] etl_camara — 404 — não encontrado: http://dadosabertos.camara.leg.br/arquivos/orgaosDeputados/csv/orgaosDeputados-L3.csv
2026-07-29 20:09:22,696 [WARNING] etl_camara — 404 — não encontrado: http://dadosabertos.camara.leg.br/arquivos/orgaosDeputados/csv/orgaosDeputados-L8.csv
2026-07-29 20:09:22,782 [WARNING] etl_camara — 404 — não encontrado: http://dadosabertos.camara.leg.br/arquivos/orgaosDeputados/csv/orgaosDeputados-L13.csv
2026-07-29 20:09:22,844 [WARNING] etl_camara — 404 — não encontrado: http://dadosabertos.camara.leg.br/arquivos/orgaosDeputados/csv/orgaosDeputados-L6.csv
2026-07-29 20:09:22,891 [WARNING] etl_camara — 404 — não encontrado: http://dadosabertos.camara.leg.br/arquivos/orgaosDeputados/csv/orgaosDeputados-L9.csv
2026-07-29 20:09:22,978 [WARNING] etl_camara — 404 — não encontrado: http://dadosabertos.camara.leg.br/arquivos/orgaosDeputados/csv/orgaosDeputados-L17.csv
2026-07-29 20:09:23,043 [WARNING] etl_camara — 404 — não encontrado: http://dadosabertos.camara.leg.br/arquivos/orgaosDeputados/csv/orgaosDeputados-L11.csv
2026-07-29 20:09:23,088 [WARNING] etl_camara — 404 — não encontrado: http://dadosabertos.camara.leg.br/arquivos/orgaosDeputados/csv/orgaosDeputados-L10.csv
2026-07-29 20:09:23,178 [WARNING] etl_camara — 404 — não encontrado: http://dadosabertos.camara.leg.br/arquivos/orgaosDeputados/csv/orgaosDeputados-L19.csv
2026-07-29 20:09:23,245 [WARNING] etl_camara — 404 — não encontrado: http://dadosabertos.camara.leg.br/arquivos/orgaosDeputados/csv/orgaosDeputados-L18.csv
2026-07-29 20:09:23,298 [WARNING] etl_camara — 404 — não encontrado: http://dadosabertos.camara.leg.br/arquivos/orgaosDeputados/csv/orgaosDeputados-L14.csv
2026-07-29 20:09:23,378 [WARNING] etl_camara — 404 — não encontrado: http://dadosabertos.camara.leg.br/arquivos/orgaosDeputados/csv/orgaosDeputados-L20.csv
2026-07-29 20:09:23,444 [WARNING] etl_camara — 404 — não encontrado: http://dadosabertos.camara.leg.br/arquivos/orgaosDeputados/csv/orgaosDeputados-L24.csv
2026-07-29 20:09:23,491 [WARNING] etl_camara — 404 — não encontrado: http://dadosabertos.camara.leg.br/arquivos/orgaosDeputados/csv/orgaosDeputados-L15.csv
2026-07-29 20:09:23,585 [WARNING] etl_camara — 404 — não encontrado: http://dadosabertos.camara.leg.br/arquivos/orgaosDeputados/csv/orgaosDeputados-L22.csv
2026-07-29 20:09:23,637 [WARNING] etl_camara — 404 — não encontrado: http://dadosabertos.camara.leg.br/arquivos/orgaosDeputados/csv/orgaosDeputados-L25.csv
2026-07-29 20:09:23,690 [WARNING] etl_camara — 404 — não encontrado: http://dadosabertos.camara.leg.br/arquivos/orgaosDeputados/csv/orgaosDeputados-L16.csv
2026-07-29 20:09:23,786 [WARNING] etl_camara — 404 — não encontrado: http://dadosabertos.camara.leg.br/arquivos/orgaosDeputados/csv/orgaosDeputados-L27.csv
2026-07-29 20:09:23,843 [WARNING] etl_camara — 404 — não encontrado: http://dadosabertos.camara.leg.br/arquivos/orgaosDeputados/csv/orgaosDeputados-L30.csv
2026-07-29 20:09:23,888 [WARNING] etl_camara — 404 — não encontrado: http://dadosabertos.camara.leg.br/arquivos/orgaosDeputados/csv/orgaosDeputados-L21.csv
2026-07-29 20:09:23,986 [WARNING] etl_camara — 404 — não encontrado: http://dadosabertos.camara.leg.br/arquivos/orgaosDeputados/csv/orgaosDeputados-L29.csv
2026-07-29 20:09:24,036 [WARNING] etl_camara — 404 — não encontrado: http://dadosabertos.camara.leg.br/arquivos/orgaosDeputados/csv/orgaosDeputados-L32.csv
2026-07-29 20:09:24,097 [WARNING] etl_camara — 404 — não encontrado: http://dadosabertos.camara.leg.br/arquivos/orgaosDeputados/csv/orgaosDeputados-L23.csv
2026-07-29 20:09:24,177 [WARNING] etl_camara — 404 — não encontrado: http://dadosabertos.camara.leg.br/arquivos/orgaosDeputados/csv/orgaosDeputados-L36.csv
2026-07-29 20:09:24,256 [WARNING] etl_camara — 404 — não encontrado: http://dadosabertos.camara.leg.br/arquivos/orgaosDeputados/csv/orgaosDeputados-L37.csv
2026-07-29 20:09:24,297 [WARNING] etl_camara — 404 — não encontrado: http://dadosabertos.camara.leg.br/arquivos/orgaosDeputados/csv/orgaosDeputados-L26.csv
2026-07-29 20:09:24,458 [WARNING] etl_camara — 404 — não encontrado: http://dadosabertos.camara.leg.br/arquivos/orgaosDeputados/csv/orgaosDeputados-L38.csv
2026-07-29 20:09:24,489 [WARNING] etl_camara — 404 — não encontrado: http://dadosabertos.camara.leg.br/arquivos/orgaosDeputados/csv/orgaosDeputados-L28.csv
2026-07-29 20:09:24,659 [WARNING] etl_camara — 404 — não encontrado: http://dadosabertos.camara.leg.br/arquivos/orgaosDeputados/csv/orgaosDeputados-L40.csv
2026-07-29 20:09:24,688 [WARNING] etl_camara — 404 — não encontrado: http://dadosabertos.camara.leg.br/arquivos/orgaosDeputados/csv/orgaosDeputados-L31.csv
2026-07-29 20:09:24,858 [WARNING] etl_camara — 404 — não encontrado: http://dadosabertos.camara.leg.br/arquivos/orgaosDeputados/csv/orgaosDeputados-L42.csv
2026-07-29 20:09:24,890 [WARNING] etl_camara — 404 — não encontrado: http://dadosabertos.camara.leg.br/arquivos/orgaosDeputados/csv/orgaosDeputados-L33.csv
2026-07-29 20:09:25,047 [WARNING] etl_camara — 404 — não encontrado: http://dadosabertos.camara.leg.br/arquivos/orgaosDeputados/csv/orgaosDeputados-L43.csv
2026-07-29 20:09:25,052 [WARNING] etl_camara — 404 — não encontrado: http://dadosabertos.camara.leg.br/arquivos/orgaosDeputados/csv/orgaosDeputados-L46.csv
2026-07-29 20:09:25,106 [WARNING] etl_camara — 404 — não encontrado: http://dadosabertos.camara.leg.br/arquivos/orgaosDeputados/csv/orgaosDeputados-L34.csv
2026-07-29 20:09:25,250 [WARNING] etl_camara — 404 — não encontrado: http://dadosabertos.camara.leg.br/arquivos/orgaosDeputados/csv/orgaosDeputados-L45.csv
2026-07-29 20:09:25,254 [WARNING] etl_camara — 404 — não encontrado: http://dadosabertos.camara.leg.br/arquivos/orgaosDeputados/csv/orgaosDeputados-L47.csv
2026-07-29 20:09:25,296 [WARNING] etl_camara — 404 — não encontrado: http://dadosabertos.camara.leg.br/arquivos/orgaosDeputados/csv/orgaosDeputados-L35.csv
2026-07-29 20:09:25,462 [WARNING] etl_camara — 404 — não encontrado: http://dadosabertos.camara.leg.br/arquivos/orgaosDeputados/csv/orgaosDeputados-L50.csv
2026-07-29 20:09:25,504 [WARNING] etl_camara — 404 — não encontrado: http://dadosabertos.camara.leg.br/arquivos/orgaosDeputados/csv/orgaosDeputados-L39.csv
2026-07-29 20:09:25,721 [INFO] etl_camara — ✔ orgaosDeputados-L51.csv (12158 linhas)
2026-07-29 20:09:25,723 [WARNING] etl_camara — 404 — não encontrado: http://dadosabertos.camara.leg.br/arquivos/orgaosDeputados/csv/orgaosDeputados-L41.csv
2026-07-29 20:09:25,946 [WARNING] etl_camara — 404 — não encontrado: http://dadosabertos.camara.leg.br/arquivos/orgaosDeputados/csv/orgaosDeputados-L44.csv
2026-07-29 20:09:26,114 [INFO] etl_camara — ✔ orgaosDeputados-L54.csv (13591 linhas)
2026-07-29 20:09:26,115 [WARNING] etl_camara — 404 — não encontrado: http://dadosabertos.camara.leg.br/arquivos/orgaosDeputados/csv/orgaosDeputados-L48.csv
2026-07-29 20:09:26,173 [INFO] etl_camara — ✔ orgaosDeputados-L52.csv (12512 linhas)
2026-07-29 20:09:26,298 [INFO] etl_camara — → sem alterações (304): orgaosDeputados-L57.csv
2026-07-29 20:09:26,299 [WARNING] etl_camara — 404 — não encontrado: http://dadosabertos.camara.leg.br/arquivos/orgaosDeputados/csv/orgaosDeputados-L49.csv
2026-07-29 20:09:26,612 [INFO] etl_camara — → sem alterações (304): Ano-2026.csv.zip
2026-07-29 20:09:26,661 [INFO] etl_camara — ✔ orgaosDeputados-L55.csv (17815 linhas)
2026-07-29 20:09:26,704 [INFO] etl_camara — → sem alterações (304): orgaosDeputados-L56.csv
2026-07-29 20:09:26,999 [INFO] etl_camara — ✔ orgaosDeputados-L53.csv (10994 linhas)
2026-07-29 20:09:31,972 [INFO] etl_camara —   FK-insert orgaosDeputados_L51 → 12158 registros
2026-07-29 20:09:38,370 [INFO] etl_camara —   FK-insert orgaosDeputados_L54 → 13591 registros
2026-07-29 20:09:44,105 [INFO] etl_camara —   FK-insert orgaosDeputados_L52 → 12512 registros
2026-07-29 20:09:52,288 [INFO] etl_camara —   FK-insert orgaosDeputados_L55 → 17815 registros
2026-07-29 20:09:57,243 [INFO] etl_camara —   FK-insert orgaosDeputados_L53 → 10994 registros
2026-07-29 20:09:57,247 [INFO] etl_camara — ━━━━━━━━━━━━━━━━━━━━━━━━━━━━━━━━━━━━━━━━━━━━━━━━━━━━━━━━━━━━
2026-07-29 20:09:57,247 [INFO] etl_camara — 🌊 Onda 2 — 6 datasets | workers=8
2026-07-29 20:09:57,371 [INFO] etl_camara — → sem alterações (304): votacoesOrientacoes-2026.csv
2026-07-29 20:09:57,386 [INFO] etl_camara — → sem alterações (304): votacoesProposicoes-2026.csv
2026-07-29 20:09:57,408 [INFO] etl_camara — → sem alterações (304): gruposMembros.csv
2026-07-29 20:09:57,571 [INFO] etl_camara — → sem alterações (304): votacoesVotos-2026.csv
2026-07-29 20:09:57,585 [INFO] etl_camara — → sem alterações (304): frentesDeputados.csv
2026-07-29 20:09:57,785 [INFO] etl_camara — → sem alterações (304): gruposHistorico.csv
2026-07-29 20:09:57,788 [INFO] etl_camara — ━━━━━━━━━━━━━━━━━━━━━━━━━━━━━━━━━━━━━━━━━━━━━━━━━━━━━━━━━━━━
2026-07-29 20:09:57,788 [INFO] etl_camara — 🏁 ETL concluído — processados: 5 | sem alteração (304): 33 | histórico pulado: 0 | erros: 51 | total: 89
2026-07-29 20:09:57,788 [WARNING] etl_camara — Datasets com falha (51): ['licitacoes', 'orgaosDeputados_L4', 'orgaosDeputados_L7', 'orgaosDeputados_L1', 'orgaosDeputados_L2', 'orgaosDeputados_L5', 'orgaosDeputados_L12', 'orgaosDeputados_L3', 'orgaosDeputados_L8', 'orgaosDeputados_L13', 'orgaosDeputados_L6', 'orgaosDeputados_L9', 'orgaosDeputados_L17', 'orgaosDeputados_L11', 'orgaosDeputados_L10', 'orgaosDeputados_L19', 'orgaosDeputados_L18', 'orgaosDeputados_L14', 'orgaosDeputados_L20', 'orgaosDeputados_L24', 'orgaosDeputados_L15', 'orgaosDeputados_L22', 'orgaosDeputados_L25', 'orgaosDeputados_L16', 'orgaosDeputados_L27', 'orgaosDeputados_L30', 'orgaosDeputados_L21', 'orgaosDeputados_L29', 'orgaosDeputados_L32', 'orgaosDeputados_L23', 'orgaosDeputados_L36', 'orgaosDeputados_L37', 'orgaosDeputados_L26', 'orgaosDeputados_L38', 'orgaosDeputados_L28', 'orgaosDeputados_L40', 'orgaosDeputados_L31', 'orgaosDeputados_L42', 'orgaosDeputados_L33', 'orgaosDeputados_L43', 'orgaosDeputados_L46', 'orgaosDeputados_L34', 'orgaosDeputados_L45', 'orgaosDeputados_L47', 'orgaosDeputados_L35', 'orgaosDeputados_L50', 'orgaosDeputados_L39', 'orgaosDeputados_L41', 'orgaosDeputados_L44', 'orgaosDeputados_L48', 'orgaosDeputados_L49']
2026-07-29 21:00:23,810 [INFO] etl_camara — Banco: postgres:5432/quemvota
2026-07-29 21:00:23,810 [INFO] etl_camara — Cache: etl_cache.json
2026-07-29 21:00:23,810 [INFO] etl_camara — Workers — download: 8 | backfill: 4
2026-07-29 21:00:23,820 [INFO] etl_camara — Iniciando ETL: 89 datasets | anos=[2026] | legislaturas=[1, 2, 3, 4, 5, 6, 7, 8, 9, 10, 11, 12, 13, 14, 15, 16, 17, 18, 19, 20, 21, 22, 23, 24, 25, 26, 27, 28, 29, 30, 31, 32, 33, 34, 35, 36, 37, 38, 39, 40, 41, 42, 43, 44, 45, 46, 47, 48, 49, 50, 51, 52, 53, 54, 55, 56, 57]
2026-07-29 21:00:23,821 [INFO] etl_camara — ━━━━━━━━━━━━━━━━━━━━━━━━━━━━━━━━━━━━━━━━━━━━━━━━━━━━━━━━━━━━
2026-07-29 21:00:23,821 [INFO] etl_camara — 🌊 Onda 0 — 10 datasets | workers=8
2026-07-29 21:00:24,019 [INFO] etl_camara — → sem alterações (304): eventos-2026.csv
2026-07-29 21:00:24,023 [INFO] etl_camara — → sem alterações (304): legislaturas.csv
2026-07-29 21:00:24,050 [INFO] etl_camara — → sem alterações (304): tecadTermos.csv
2026-07-29 21:00:24,213 [INFO] etl_camara — → sem alterações (304): funcionarios.csv
2026-07-29 21:00:24,238 [INFO] etl_camara — → sem alterações (304): tecadCategorias.csv
2026-07-29 21:00:24,426 [WARNING] etl_camara — 404 — não encontrado: http://dadosabertos.camara.leg.br/arquivos/licitacoes/csv/licitacoes.csv
2026-07-29 21:00:24,623 [INFO] etl_camara — → sem alterações (304): orgaos.csv
2026-07-29 21:00:24,826 [INFO] etl_camara — → sem alterações (304): deputados.csv
2026-07-29 21:00:25,012 [INFO] etl_camara — → sem alterações (304): licitacoes-2026.csv
2026-07-29 21:00:25,212 [INFO] etl_camara — → sem alterações (304): proposicoes-2026.csv
2026-07-29 21:00:25,214 [INFO] etl_camara — ━━━━━━━━━━━━━━━━━━━━━━━━━━━━━━━━━━━━━━━━━━━━━━━━━━━━━━━━━━━━
2026-07-29 21:00:25,214 [INFO] etl_camara — 🌊 Onda 1 — 73 datasets | workers=8
2026-07-29 21:00:25,339 [INFO] etl_camara — → sem alterações (304): eventosOrgaos-2026.csv
2026-07-29 21:00:25,359 [INFO] etl_camara — → sem alterações (304): eventosPresencaDeputados-2026.csv
2026-07-29 21:00:25,425 [INFO] etl_camara — → sem alterações (304): legislaturasMesas.csv
2026-07-29 21:00:25,539 [INFO] etl_camara — → sem alterações (304): grupos.csv
2026-07-29 21:00:25,566 [INFO] etl_camara — → sem alterações (304): deputadosOcupacoes.csv
2026-07-29 21:00:25,621 [INFO] etl_camara — → sem alterações (304): proposicoesTemas-2026.csv
2026-07-29 21:00:25,748 [INFO] etl_camara — → sem alterações (304): eventosRequerimentos-2026.csv
2026-07-29 21:00:25,766 [INFO] etl_camara — → sem alterações (304): frentes.csv
2026-07-29 21:00:25,821 [INFO] etl_camara — → sem alterações (304): votacoes-2026.csv
2026-07-29 21:00:25,947 [INFO] etl_camara — → sem alterações (304): deputadosProfissoes.csv
2026-07-29 21:00:25,967 [INFO] etl_camara — → sem alterações (304): proposicoesAutores-2026.csv
2026-07-29 21:00:26,026 [INFO] etl_camara — → sem alterações (304): licitacoesPropostas-2026.csv
2026-07-29 21:00:26,146 [INFO] etl_camara — → sem alterações (304): licitacoesPedidos-2026.csv
2026-07-29 21:00:26,159 [WARNING] etl_camara — 404 — não encontrado: http://dadosabertos.camara.leg.br/arquivos/orgaosDeputados/csv/orgaosDeputados-L1.csv
2026-07-29 21:00:26,222 [WARNING] etl_camara — 404 — não encontrado: http://dadosabertos.camara.leg.br/arquivos/orgaosDeputados/csv/orgaosDeputados-L4.csv
2026-07-29 21:00:26,347 [INFO] etl_camara — → sem alterações (304): licitacoesItens-2026.csv
2026-07-29 21:00:26,367 [WARNING] etl_camara — 404 — não encontrado: http://dadosabertos.camara.leg.br/arquivos/orgaosDeputados/csv/orgaosDeputados-L3.csv
2026-07-29 21:00:26,420 [WARNING] etl_camara — 404 — não encontrado: http://dadosabertos.camara.leg.br/arquivos/orgaosDeputados/csv/orgaosDeputados-L6.csv
2026-07-29 21:00:26,544 [INFO] etl_camara — → sem alterações (304): licitacoesContratos-2026.csv
2026-07-29 21:00:26,562 [WARNING] etl_camara — 404 — não encontrado: http://dadosabertos.camara.leg.br/arquivos/orgaosDeputados/csv/orgaosDeputados-L9.csv
2026-07-29 21:00:26,614 [WARNING] etl_camara — 404 — não encontrado: http://dadosabertos.camara.leg.br/arquivos/orgaosDeputados/csv/orgaosDeputados-L8.csv
2026-07-29 21:00:26,739 [WARNING] etl_camara — 404 — não encontrado: http://dadosabertos.camara.leg.br/arquivos/orgaosDeputados/csv/orgaosDeputados-L2.csv
2026-07-29 21:00:26,758 [WARNING] etl_camara — 404 — não encontrado: http://dadosabertos.camara.leg.br/arquivos/orgaosDeputados/csv/orgaosDeputados-L10.csv
2026-07-29 21:00:26,820 [WARNING] etl_camara — 404 — não encontrado: http://dadosabertos.camara.leg.br/arquivos/orgaosDeputados/csv/orgaosDeputados-L14.csv
2026-07-29 21:00:26,938 [WARNING] etl_camara — 404 — não encontrado: http://dadosabertos.camara.leg.br/arquivos/orgaosDeputados/csv/orgaosDeputados-L5.csv
2026-07-29 21:00:26,968 [WARNING] etl_camara — 404 — não encontrado: http://dadosabertos.camara.leg.br/arquivos/orgaosDeputados/csv/orgaosDeputados-L15.csv
2026-07-29 21:00:27,013 [WARNING] etl_camara — 404 — não encontrado: http://dadosabertos.camara.leg.br/arquivos/orgaosDeputados/csv/orgaosDeputados-L16.csv
2026-07-29 21:00:27,147 [WARNING] etl_camara — 404 — não encontrado: http://dadosabertos.camara.leg.br/arquivos/orgaosDeputados/csv/orgaosDeputados-L7.csv
2026-07-29 21:00:27,167 [WARNING] etl_camara — 404 — não encontrado: http://dadosabertos.camara.leg.br/arquivos/orgaosDeputados/csv/orgaosDeputados-L19.csv
2026-07-29 21:00:27,227 [WARNING] etl_camara — 404 — não encontrado: http://dadosabertos.camara.leg.br/arquivos/orgaosDeputados/csv/orgaosDeputados-L18.csv
2026-07-29 21:00:27,339 [WARNING] etl_camara — 404 — não encontrado: http://dadosabertos.camara.leg.br/arquivos/orgaosDeputados/csv/orgaosDeputados-L11.csv
2026-07-29 21:00:27,393 [WARNING] etl_camara — 404 — não encontrado: http://dadosabertos.camara.leg.br/arquivos/orgaosDeputados/csv/orgaosDeputados-L23.csv
2026-07-29 21:00:27,422 [WARNING] etl_camara — 404 — não encontrado: http://dadosabertos.camara.leg.br/arquivos/orgaosDeputados/csv/orgaosDeputados-L20.csv
2026-07-29 21:00:27,552 [WARNING] etl_camara — 404 — não encontrado: http://dadosabertos.camara.leg.br/arquivos/orgaosDeputados/csv/orgaosDeputados-L12.csv
2026-07-29 21:00:27,633 [WARNING] etl_camara — 404 — não encontrado: http://dadosabertos.camara.leg.br/arquivos/orgaosDeputados/csv/orgaosDeputados-L21.csv
2026-07-29 21:00:27,739 [WARNING] etl_camara — 404 — não encontrado: http://dadosabertos.camara.leg.br/arquivos/orgaosDeputados/csv/orgaosDeputados-L13.csv
2026-07-29 21:00:27,786 [WARNING] etl_camara — 404 — não encontrado: http://dadosabertos.camara.leg.br/arquivos/orgaosDeputados/csv/orgaosDeputados-L28.csv
2026-07-29 21:00:27,829 [WARNING] etl_camara — 404 — não encontrado: http://dadosabertos.camara.leg.br/arquivos/orgaosDeputados/csv/orgaosDeputados-L22.csv
2026-07-29 21:00:27,947 [WARNING] etl_camara — 404 — não encontrado: http://dadosabertos.camara.leg.br/arquivos/orgaosDeputados/csv/orgaosDeputados-L17.csv
2026-07-29 21:00:27,989 [WARNING] etl_camara — 404 — não encontrado: http://dadosabertos.camara.leg.br/arquivos/orgaosDeputados/csv/orgaosDeputados-L29.csv
2026-07-29 21:00:28,012 [WARNING] etl_camara — 404 — não encontrado: http://dadosabertos.camara.leg.br/arquivos/orgaosDeputados/csv/orgaosDeputados-L26.csv
2026-07-29 21:00:28,148 [WARNING] etl_camara — 404 — não encontrado: http://dadosabertos.camara.leg.br/arquivos/orgaosDeputados/csv/orgaosDeputados-L24.csv
2026-07-29 21:00:28,211 [WARNING] etl_camara — 404 — não encontrado: http://dadosabertos.camara.leg.br/arquivos/orgaosDeputados/csv/orgaosDeputados-L31.csv
2026-07-29 21:00:28,323 [WARNING] etl_camara — 404 — não encontrado: http://dadosabertos.camara.leg.br/arquivos/orgaosDeputados/csv/orgaosDeputados-L35.csv
2026-07-29 21:00:28,361 [WARNING] etl_camara — 404 — não encontrado: http://dadosabertos.camara.leg.br/arquivos/orgaosDeputados/csv/orgaosDeputados-L25.csv
2026-07-29 21:00:28,391 [WARNING] etl_camara — 404 — não encontrado: http://dadosabertos.camara.leg.br/arquivos/orgaosDeputados/csv/orgaosDeputados-L32.csv
2026-07-29 21:00:28,495 [WARNING] etl_camara — 404 — não encontrado: http://dadosabertos.camara.leg.br/arquivos/orgaosDeputados/csv/orgaosDeputados-L37.csv
2026-07-29 21:00:28,537 [WARNING] etl_camara — 404 — não encontrado: http://dadosabertos.camara.leg.br/arquivos/orgaosDeputados/csv/orgaosDeputados-L27.csv
2026-07-29 21:00:28,594 [WARNING] etl_camara — 404 — não encontrado: http://dadosabertos.camara.leg.br/arquivos/orgaosDeputados/csv/orgaosDeputados-L34.csv
2026-07-29 21:00:28,692 [WARNING] etl_camara — 404 — não encontrado: http://dadosabertos.camara.leg.br/arquivos/orgaosDeputados/csv/orgaosDeputados-L38.csv
2026-07-29 21:00:28,746 [WARNING] etl_camara — 404 — não encontrado: http://dadosabertos.camara.leg.br/arquivos/orgaosDeputados/csv/orgaosDeputados-L30.csv
2026-07-29 21:00:28,794 [WARNING] etl_camara — 404 — não encontrado: http://dadosabertos.camara.leg.br/arquivos/orgaosDeputados/csv/orgaosDeputados-L42.csv
2026-07-29 21:00:28,900 [WARNING] etl_camara — 404 — não encontrado: http://dadosabertos.camara.leg.br/arquivos/orgaosDeputados/csv/orgaosDeputados-L40.csv
2026-07-29 21:00:28,940 [WARNING] etl_camara — 404 — não encontrado: http://dadosabertos.camara.leg.br/arquivos/orgaosDeputados/csv/orgaosDeputados-L33.csv
2026-07-29 21:00:29,005 [WARNING] etl_camara — 404 — não encontrado: http://dadosabertos.camara.leg.br/arquivos/orgaosDeputados/csv/orgaosDeputados-L45.csv
2026-07-29 21:00:29,102 [WARNING] etl_camara — 404 — não encontrado: http://dadosabertos.camara.leg.br/arquivos/orgaosDeputados/csv/orgaosDeputados-L41.csv
2026-07-29 21:00:29,147 [WARNING] etl_camara — 404 — não encontrado: http://dadosabertos.camara.leg.br/arquivos/orgaosDeputados/csv/orgaosDeputados-L36.csv
2026-07-29 21:00:29,200 [WARNING] etl_camara — 404 — não encontrado: http://dadosabertos.camara.leg.br/arquivos/orgaosDeputados/csv/orgaosDeputados-L46.csv
2026-07-29 21:00:29,301 [WARNING] etl_camara — 404 — não encontrado: http://dadosabertos.camara.leg.br/arquivos/orgaosDeputados/csv/orgaosDeputados-L44.csv
2026-07-29 21:00:29,347 [WARNING] etl_camara — 404 — não encontrado: http://dadosabertos.camara.leg.br/arquivos/orgaosDeputados/csv/orgaosDeputados-L39.csv
2026-07-29 21:00:29,393 [WARNING] etl_camara — 404 — não encontrado: http://dadosabertos.camara.leg.br/arquivos/orgaosDeputados/csv/orgaosDeputados-L50.csv
2026-07-29 21:00:29,491 [WARNING] etl_camara — 404 — não encontrado: http://dadosabertos.camara.leg.br/arquivos/orgaosDeputados/csv/orgaosDeputados-L49.csv
2026-07-29 21:00:29,538 [WARNING] etl_camara — 404 — não encontrado: http://dadosabertos.camara.leg.br/arquivos/orgaosDeputados/csv/orgaosDeputados-L43.csv
2026-07-29 21:00:29,590 [INFO] etl_camara — → sem alterações (304): orgaosDeputados-L51.csv
2026-07-29 21:00:29,690 [INFO] etl_camara — → sem alterações (304): orgaosDeputados-L52.csv
2026-07-29 21:00:29,755 [WARNING] etl_camara — 404 — não encontrado: http://dadosabertos.camara.leg.br/arquivos/orgaosDeputados/csv/orgaosDeputados-L47.csv
2026-07-29 21:00:29,788 [INFO] etl_camara — → sem alterações (304): orgaosDeputados-L54.csv
2026-07-29 21:00:29,875 [INFO] etl_camara — → sem alterações (304): Ano-2026.csv.zip
2026-07-29 21:00:29,895 [INFO] etl_camara — → sem alterações (304): orgaosDeputados-L53.csv
2026-07-29 21:00:29,960 [WARNING] etl_camara — 404 — não encontrado: http://dadosabertos.camara.leg.br/arquivos/orgaosDeputados/csv/orgaosDeputados-L48.csv
2026-07-29 21:00:30,167 [INFO] etl_camara — → sem alterações (304): orgaosDeputados-L55.csv
2026-07-29 21:00:30,347 [INFO] etl_camara — → sem alterações (304): orgaosDeputados-L56.csv
2026-07-29 21:00:30,548 [INFO] etl_camara — → sem alterações (304): orgaosDeputados-L57.csv
2026-07-29 21:00:30,550 [INFO] etl_camara — ━━━━━━━━━━━━━━━━━━━━━━━━━━━━━━━━━━━━━━━━━━━━━━━━━━━━━━━━━━━━
2026-07-29 21:00:30,550 [INFO] etl_camara — 🌊 Onda 2 — 6 datasets | workers=8
2026-07-29 21:00:30,670 [INFO] etl_camara — → sem alterações (304): frentesDeputados.csv
2026-07-29 21:00:30,743 [INFO] etl_camara — → sem alterações (304): votacoesVotos-2026.csv
2026-07-29 21:00:30,881 [INFO] etl_camara — → sem alterações (304): votacoesProposicoes-2026.csv
2026-07-29 21:00:30,949 [INFO] etl_camara — → sem alterações (304): gruposMembros.csv
2026-07-29 21:00:31,078 [INFO] etl_camara — → sem alterações (304): votacoesOrientacoes-2026.csv
2026-07-29 21:00:31,269 [INFO] etl_camara — → sem alterações (304): gruposHistorico.csv
2026-07-29 21:00:31,271 [INFO] etl_camara — ━━━━━━━━━━━━━━━━━━━━━━━━━━━━━━━━━━━━━━━━━━━━━━━━━━━━━━━━━━━━
2026-07-29 21:00:31,271 [INFO] etl_camara — 🏁 ETL concluído — processados: 0 | sem alteração (304): 38 | histórico pulado: 0 | erros: 51 | total: 89
2026-07-29 21:00:31,271 [WARNING] etl_camara — Datasets com falha (51): ['licitacoes', 'orgaosDeputados_L1', 'orgaosDeputados_L4', 'orgaosDeputados_L3', 'orgaosDeputados_L6', 'orgaosDeputados_L9', 'orgaosDeputados_L8', 'orgaosDeputados_L2', 'orgaosDeputados_L10', 'orgaosDeputados_L14', 'orgaosDeputados_L5', 'orgaosDeputados_L15', 'orgaosDeputados_L16', 'orgaosDeputados_L7', 'orgaosDeputados_L19', 'orgaosDeputados_L18', 'orgaosDeputados_L11', 'orgaosDeputados_L23', 'orgaosDeputados_L20', 'orgaosDeputados_L12', 'orgaosDeputados_L21', 'orgaosDeputados_L13', 'orgaosDeputados_L28', 'orgaosDeputados_L22', 'orgaosDeputados_L17', 'orgaosDeputados_L29', 'orgaosDeputados_L26', 'orgaosDeputados_L24', 'orgaosDeputados_L31', 'orgaosDeputados_L35', 'orgaosDeputados_L25', 'orgaosDeputados_L32', 'orgaosDeputados_L37', 'orgaosDeputados_L27', 'orgaosDeputados_L34', 'orgaosDeputados_L38', 'orgaosDeputados_L30', 'orgaosDeputados_L42', 'orgaosDeputados_L40', 'orgaosDeputados_L33', 'orgaosDeputados_L45', 'orgaosDeputados_L41', 'orgaosDeputados_L36', 'orgaosDeputados_L46', 'orgaosDeputados_L44', 'orgaosDeputados_L39', 'orgaosDeputados_L50', 'orgaosDeputados_L49', 'orgaosDeputados_L43', 'orgaosDeputados_L47', 'orgaosDeputados_L48']
2026-07-29 21:17:54,503 [INFO] etl_camara — Banco: postgres:5432/quemvota
2026-07-29 21:17:54,503 [INFO] etl_camara — Cache: etl_cache.json
2026-07-29 21:17:54,503 [INFO] etl_camara — Workers — download: 8 | backfill: 4
2026-07-29 21:17:54,514 [INFO] etl_camara — Iniciando ETL: 88 datasets | anos=[2026] | legislaturas=[1, 2, 3, 4, 5, 6, 7, 8, 9, 10, 11, 12, 13, 14, 15, 16, 17, 18, 19, 20, 21, 22, 23, 24, 25, 26, 27, 28, 29, 30, 31, 32, 33, 34, 35, 36, 37, 38, 39, 40, 41, 42, 43, 44, 45, 46, 47, 48, 49, 50, 51, 52, 53, 54, 55, 56, 57]
2026-07-29 21:17:54,515 [INFO] etl_camara — ━━━━━━━━━━━━━━━━━━━━━━━━━━━━━━━━━━━━━━━━━━━━━━━━━━━━━━━━━━━━
2026-07-29 21:17:54,515 [INFO] etl_camara — 🌊 Onda 0 — 9 datasets | workers=8
2026-07-29 21:17:54,723 [INFO] etl_camara — → sem alterações (304): proposicoes-2026.csv
2026-07-29 21:17:54,742 [INFO] etl_camara — → sem alterações (304): tecadCategorias.csv
2026-07-29 21:17:54,743 [INFO] etl_camara — → sem alterações (304): eventos-2026.csv
2026-07-29 21:17:54,931 [INFO] etl_camara — → sem alterações (304): orgaos.csv
2026-07-29 21:17:54,934 [INFO] etl_camara — → sem alterações (304): funcionarios.csv
2026-07-29 21:17:54,936 [INFO] etl_camara — → sem alterações (304): licitacoes-2026.csv
2026-07-29 21:17:55,141 [INFO] etl_camara — → sem alterações (304): legislaturas.csv
2026-07-29 21:17:55,147 [INFO] etl_camara — → sem alterações (304): deputados.csv
2026-07-29 21:17:55,343 [INFO] etl_camara — → sem alterações (304): tecadTermos.csv
2026-07-29 21:17:55,345 [INFO] etl_camara — ━━━━━━━━━━━━━━━━━━━━━━━━━━━━━━━━━━━━━━━━━━━━━━━━━━━━━━━━━━━━
2026-07-29 21:17:55,345 [INFO] etl_camara — 🌊 Onda 1 — 73 datasets | workers=8
2026-07-29 21:17:55,485 [INFO] etl_camara — → sem alterações (304): deputadosOcupacoes.csv
2026-07-29 21:17:55,488 [INFO] etl_camara — → sem alterações (304): eventosRequerimentos-2026.csv
2026-07-29 21:17:55,535 [INFO] etl_camara — → sem alterações (304): grupos.csv
2026-07-29 21:17:55,688 [INFO] etl_camara — → sem alterações (304): legislaturasMesas.csv
2026-07-29 21:17:55,694 [INFO] etl_camara — → sem alterações (304): eventosPresencaDeputados-2026.csv
2026-07-29 21:17:55,742 [INFO] etl_camara — → sem alterações (304): deputadosProfissoes.csv
2026-07-29 21:17:55,886 [INFO] etl_camara — → sem alterações (304): proposicoesAutores-2026.csv
2026-07-29 21:17:55,896 [INFO] etl_camara — → sem alterações (304): frentes.csv
2026-07-29 21:17:55,934 [INFO] etl_camara — → sem alterações (304): licitacoesPedidos-2026.csv
2026-07-29 21:17:56,085 [INFO] etl_camara — → sem alterações (304): proposicoesTemas-2026.csv
2026-07-29 21:17:56,097 [INFO] etl_camara — → sem alterações (304): eventosOrgaos-2026.csv
2026-07-29 21:17:56,143 [INFO] etl_camara — → sem alterações (304): licitacoesContratos-2026.csv
2026-07-29 21:17:56,284 [INFO] etl_camara — → sem alterações (304): licitacoesPropostas-2026.csv
2026-07-29 21:17:56,289 [INFO] etl_camara — → sem alterações (304): votacoes-2026.csv
2026-07-29 21:17:56,342 [WARNING] etl_camara — 404 — não encontrado: http://dadosabertos.camara.leg.br/arquivos/orgaosDeputados/csv/orgaosDeputados-L2.csv
2026-07-29 21:17:56,488 [INFO] etl_camara — → sem alterações (304): licitacoesItens-2026.csv
2026-07-29 21:17:56,542 [WARNING] etl_camara — 404 — não encontrado: http://dadosabertos.camara.leg.br/arquivos/orgaosDeputados/csv/orgaosDeputados-L4.csv
2026-07-29 21:17:56,691 [WARNING] etl_camara — 404 — não encontrado: http://dadosabertos.camara.leg.br/arquivos/orgaosDeputados/csv/orgaosDeputados-L1.csv
2026-07-29 21:17:56,705 [WARNING] etl_camara — 404 — não encontrado: http://dadosabertos.camara.leg.br/arquivos/orgaosDeputados/csv/orgaosDeputados-L10.csv
2026-07-29 21:17:56,733 [WARNING] etl_camara — 404 — não encontrado: http://dadosabertos.camara.leg.br/arquivos/orgaosDeputados/csv/orgaosDeputados-L8.csv
2026-07-29 21:17:56,895 [WARNING] etl_camara — 404 — não encontrado: http://dadosabertos.camara.leg.br/arquivos/orgaosDeputados/csv/orgaosDeputados-L3.csv
2026-07-29 21:17:56,937 [WARNING] etl_camara — 404 — não encontrado: http://dadosabertos.camara.leg.br/arquivos/orgaosDeputados/csv/orgaosDeputados-L9.csv
2026-07-29 21:17:57,089 [WARNING] etl_camara — 404 — não encontrado: http://dadosabertos.camara.leg.br/arquivos/orgaosDeputados/csv/orgaosDeputados-L5.csv
2026-07-29 21:17:57,133 [WARNING] etl_camara — 404 — não encontrado: http://dadosabertos.camara.leg.br/arquivos/orgaosDeputados/csv/orgaosDeputados-L12.csv
2026-07-29 21:17:57,287 [WARNING] etl_camara — 404 — não encontrado: http://dadosabertos.camara.leg.br/arquivos/orgaosDeputados/csv/orgaosDeputados-L6.csv
2026-07-29 21:17:57,341 [WARNING] etl_camara — 404 — não encontrado: http://dadosabertos.camara.leg.br/arquivos/orgaosDeputados/csv/orgaosDeputados-L13.csv
2026-07-29 21:17:57,430 [WARNING] etl_camara — 404 — não encontrado: http://dadosabertos.camara.leg.br/arquivos/orgaosDeputados/csv/orgaosDeputados-L18.csv
2026-07-29 21:17:57,512 [WARNING] etl_camara — 404 — não encontrado: http://dadosabertos.camara.leg.br/arquivos/orgaosDeputados/csv/orgaosDeputados-L7.csv
2026-07-29 21:17:57,542 [WARNING] etl_camara — 404 — não encontrado: http://dadosabertos.camara.leg.br/arquivos/orgaosDeputados/csv/orgaosDeputados-L14.csv
2026-07-29 21:17:57,687 [WARNING] etl_camara — 404 — não encontrado: http://dadosabertos.camara.leg.br/arquivos/orgaosDeputados/csv/orgaosDeputados-L11.csv
2026-07-29 21:17:57,742 [WARNING] etl_camara — 404 — não encontrado: http://dadosabertos.camara.leg.br/arquivos/orgaosDeputados/csv/orgaosDeputados-L17.csv
2026-07-29 21:17:57,814 [WARNING] etl_camara — 404 — não encontrado: http://dadosabertos.camara.leg.br/arquivos/orgaosDeputados/csv/orgaosDeputados-L23.csv
2026-07-29 21:17:57,888 [WARNING] etl_camara — 404 — não encontrado: http://dadosabertos.camara.leg.br/arquivos/orgaosDeputados/csv/orgaosDeputados-L15.csv
2026-07-29 21:17:58,021 [WARNING] etl_camara — 404 — não encontrado: http://dadosabertos.camara.leg.br/arquivos/orgaosDeputados/csv/orgaosDeputados-L24.csv
2026-07-29 21:17:58,035 [WARNING] etl_camara — 404 — não encontrado: http://dadosabertos.camara.leg.br/arquivos/orgaosDeputados/csv/orgaosDeputados-L26.csv
2026-07-29 21:17:58,096 [WARNING] etl_camara — 404 — não encontrado: http://dadosabertos.camara.leg.br/arquivos/orgaosDeputados/csv/orgaosDeputados-L16.csv
2026-07-29 21:17:58,222 [WARNING] etl_camara — 404 — não encontrado: http://dadosabertos.camara.leg.br/arquivos/orgaosDeputados/csv/orgaosDeputados-L28.csv
2026-07-29 21:17:58,235 [WARNING] etl_camara — 404 — não encontrado: http://dadosabertos.camara.leg.br/arquivos/orgaosDeputados/csv/orgaosDeputados-L27.csv
2026-07-29 21:17:58,290 [WARNING] etl_camara — 404 — não encontrado: http://dadosabertos.camara.leg.br/arquivos/orgaosDeputados/csv/orgaosDeputados-L19.csv
2026-07-29 21:17:58,412 [WARNING] etl_camara — 404 — não encontrado: http://dadosabertos.camara.leg.br/arquivos/orgaosDeputados/csv/orgaosDeputados-L31.csv
2026-07-29 21:17:58,435 [WARNING] etl_camara — 404 — não encontrado: http://dadosabertos.camara.leg.br/arquivos/orgaosDeputados/csv/orgaosDeputados-L29.csv
2026-07-29 21:17:58,497 [WARNING] etl_camara — 404 — não encontrado: http://dadosabertos.camara.leg.br/arquivos/orgaosDeputados/csv/orgaosDeputados-L20.csv
2026-07-29 21:17:58,643 [WARNING] etl_camara — 404 — não encontrado: http://dadosabertos.camara.leg.br/arquivos/orgaosDeputados/csv/orgaosDeputados-L32.csv
2026-07-29 21:17:58,649 [WARNING] etl_camara — 404 — não encontrado: http://dadosabertos.camara.leg.br/arquivos/orgaosDeputados/csv/orgaosDeputados-L35.csv
2026-07-29 21:17:58,696 [WARNING] etl_camara — 404 — não encontrado: http://dadosabertos.camara.leg.br/arquivos/orgaosDeputados/csv/orgaosDeputados-L21.csv
2026-07-29 21:17:58,829 [WARNING] etl_camara — 404 — não encontrado: http://dadosabertos.camara.leg.br/arquivos/orgaosDeputados/csv/orgaosDeputados-L34.csv
2026-07-29 21:17:58,847 [WARNING] etl_camara — 404 — não encontrado: http://dadosabertos.camara.leg.br/arquivos/orgaosDeputados/csv/orgaosDeputados-L37.csv
2026-07-29 21:17:58,889 [WARNING] etl_camara — 404 — não encontrado: http://dadosabertos.camara.leg.br/arquivos/orgaosDeputados/csv/orgaosDeputados-L22.csv
2026-07-29 21:17:59,027 [WARNING] etl_camara — 404 — não encontrado: http://dadosabertos.camara.leg.br/arquivos/orgaosDeputados/csv/orgaosDeputados-L41.csv
2026-07-29 21:17:59,042 [WARNING] etl_camara — 404 — não encontrado: http://dadosabertos.camara.leg.br/arquivos/orgaosDeputados/csv/orgaosDeputados-L36.csv
2026-07-29 21:17:59,096 [WARNING] etl_camara — 404 — não encontrado: http://dadosabertos.camara.leg.br/arquivos/orgaosDeputados/csv/orgaosDeputados-L25.csv
2026-07-29 21:17:59,248 [WARNING] etl_camara — 404 — não encontrado: http://dadosabertos.camara.leg.br/arquivos/orgaosDeputados/csv/orgaosDeputados-L39.csv
2026-07-29 21:17:59,288 [WARNING] etl_camara — 404 — não encontrado: http://dadosabertos.camara.leg.br/arquivos/orgaosDeputados/csv/orgaosDeputados-L33.csv
2026-07-29 21:17:59,449 [WARNING] etl_camara — 404 — não encontrado: http://dadosabertos.camara.leg.br/arquivos/orgaosDeputados/csv/orgaosDeputados-L40.csv
2026-07-29 21:17:59,496 [WARNING] etl_camara — 404 — não encontrado: http://dadosabertos.camara.leg.br/arquivos/orgaosDeputados/csv/orgaosDeputados-L30.csv
2026-07-29 21:17:59,613 [WARNING] etl_camara — 404 — não encontrado: http://dadosabertos.camara.leg.br/arquivos/orgaosDeputados/csv/orgaosDeputados-L47.csv
2026-07-29 21:17:59,642 [WARNING] etl_camara — 404 — não encontrado: http://dadosabertos.camara.leg.br/arquivos/orgaosDeputados/csv/orgaosDeputados-L45.csv
2026-07-29 21:17:59,688 [WARNING] etl_camara — 404 — não encontrado: http://dadosabertos.camara.leg.br/arquivos/orgaosDeputados/csv/orgaosDeputados-L38.csv
2026-07-29 21:17:59,842 [WARNING] etl_camara — 404 — não encontrado: http://dadosabertos.camara.leg.br/arquivos/orgaosDeputados/csv/orgaosDeputados-L48.csv
2026-07-29 21:17:59,897 [WARNING] etl_camara — 404 — não encontrado: http://dadosabertos.camara.leg.br/arquivos/orgaosDeputados/csv/orgaosDeputados-L42.csv
2026-07-29 21:17:59,969 [INFO] etl_camara — → sem alterações (304): orgaosDeputados-L52.csv
2026-07-29 21:18:00,050 [WARNING] etl_camara — 404 — não encontrado: http://dadosabertos.camara.leg.br/arquivos/orgaosDeputados/csv/orgaosDeputados-L50.csv
2026-07-29 21:18:00,096 [WARNING] etl_camara — 404 — não encontrado: http://dadosabertos.camara.leg.br/arquivos/orgaosDeputados/csv/orgaosDeputados-L43.csv
2026-07-29 21:18:00,243 [INFO] etl_camara — → sem alterações (304): orgaosDeputados-L55.csv
2026-07-29 21:18:00,305 [WARNING] etl_camara — 404 — não encontrado: http://dadosabertos.camara.leg.br/arquivos/orgaosDeputados/csv/orgaosDeputados-L44.csv
2026-07-29 21:18:00,450 [INFO] etl_camara — → sem alterações (304): orgaosDeputados-L56.csv
2026-07-29 21:18:00,479 [INFO] etl_camara — → sem alterações (304): Ano-2026.csv.zip
2026-07-29 21:18:00,504 [WARNING] etl_camara — 404 — não encontrado: http://dadosabertos.camara.leg.br/arquivos/orgaosDeputados/csv/orgaosDeputados-L46.csv
2026-07-29 21:18:00,696 [WARNING] etl_camara — 404 — não encontrado: http://dadosabertos.camara.leg.br/arquivos/orgaosDeputados/csv/orgaosDeputados-L49.csv
2026-07-29 21:18:00,898 [INFO] etl_camara — → sem alterações (304): orgaosDeputados-L51.csv
2026-07-29 21:18:01,089 [INFO] etl_camara — → sem alterações (304): orgaosDeputados-L53.csv
2026-07-29 21:18:01,297 [INFO] etl_camara — → sem alterações (304): orgaosDeputados-L54.csv
2026-07-29 21:18:01,488 [INFO] etl_camara — → sem alterações (304): orgaosDeputados-L57.csv
2026-07-29 21:18:01,490 [INFO] etl_camara — ━━━━━━━━━━━━━━━━━━━━━━━━━━━━━━━━━━━━━━━━━━━━━━━━━━━━━━━━━━━━
2026-07-29 21:18:01,490 [INFO] etl_camara — 🌊 Onda 2 — 6 datasets | workers=8
2026-07-29 21:18:01,644 [INFO] etl_camara — → sem alterações (304): votacoesVotos-2026.csv
2026-07-29 21:18:01,655 [INFO] etl_camara — → sem alterações (304): gruposMembros.csv
2026-07-29 21:18:01,689 [INFO] etl_camara — → sem alterações (304): votacoesProposicoes-2026.csv
2026-07-29 21:18:01,842 [INFO] etl_camara — → sem alterações (304): frentesDeputados.csv
2026-07-29 21:18:01,851 [INFO] etl_camara — → sem alterações (304): votacoesOrientacoes-2026.csv
2026-07-29 21:18:02,040 [INFO] etl_camara — → sem alterações (304): gruposHistorico.csv
2026-07-29 21:18:02,043 [INFO] etl_camara — ━━━━━━━━━━━━━━━━━━━━━━━━━━━━━━━━━━━━━━━━━━━━━━━━━━━━━━━━━━━━
2026-07-29 21:18:02,043 [INFO] etl_camara — 🏁 ETL concluído — processados: 0 | sem alteração (304): 38 | histórico pulado: 0 | erros: 50 | total: 88
2026-07-29 21:18:02,043 [WARNING] etl_camara — Datasets com falha (50): ['orgaosDeputados_L2', 'orgaosDeputados_L4', 'orgaosDeputados_L1', 'orgaosDeputados_L10', 'orgaosDeputados_L8', 'orgaosDeputados_L3', 'orgaosDeputados_L9', 'orgaosDeputados_L5', 'orgaosDeputados_L12', 'orgaosDeputados_L6', 'orgaosDeputados_L13', 'orgaosDeputados_L18', 'orgaosDeputados_L7', 'orgaosDeputados_L14', 'orgaosDeputados_L11', 'orgaosDeputados_L17', 'orgaosDeputados_L23', 'orgaosDeputados_L15', 'orgaosDeputados_L24', 'orgaosDeputados_L26', 'orgaosDeputados_L16', 'orgaosDeputados_L28', 'orgaosDeputados_L27', 'orgaosDeputados_L19', 'orgaosDeputados_L31', 'orgaosDeputados_L29', 'orgaosDeputados_L20', 'orgaosDeputados_L32', 'orgaosDeputados_L35', 'orgaosDeputados_L21', 'orgaosDeputados_L34', 'orgaosDeputados_L37', 'orgaosDeputados_L22', 'orgaosDeputados_L41', 'orgaosDeputados_L36', 'orgaosDeputados_L25', 'orgaosDeputados_L39', 'orgaosDeputados_L33', 'orgaosDeputados_L40', 'orgaosDeputados_L30', 'orgaosDeputados_L47', 'orgaosDeputados_L45', 'orgaosDeputados_L38', 'orgaosDeputados_L48', 'orgaosDeputados_L42', 'orgaosDeputados_L50', 'orgaosDeputados_L43', 'orgaosDeputados_L44', 'orgaosDeputados_L46', 'orgaosDeputados_L49']
2026-07-29 21:18:02,043 [ERROR] etl_camara — ETL finalizado com 50 dataset(s) em erro — saindo com código 1
2026-07-29 21:23:04,051 [INFO] etl_camara — Banco: postgres:5432/quemvota
2026-07-29 21:23:04,051 [INFO] etl_camara — Cache: etl_cache.json
2026-07-29 21:23:04,051 [INFO] etl_camara — Workers — download: 8 | backfill: 4
2026-07-29 21:23:04,061 [INFO] etl_camara — Iniciando ETL: 88 datasets | anos=[2026] | legislaturas=[1, 2, 3, 4, 5, 6, 7, 8, 9, 10, 11, 12, 13, 14, 15, 16, 17, 18, 19, 20, 21, 22, 23, 24, 25, 26, 27, 28, 29, 30, 31, 32, 33, 34, 35, 36, 37, 38, 39, 40, 41, 42, 43, 44, 45, 46, 47, 48, 49, 50, 51, 52, 53, 54, 55, 56, 57]
2026-07-29 21:23:04,061 [INFO] etl_camara — ━━━━━━━━━━━━━━━━━━━━━━━━━━━━━━━━━━━━━━━━━━━━━━━━━━━━━━━━━━━━
2026-07-29 21:23:04,061 [INFO] etl_camara — 🌊 Onda 0 — 9 datasets | workers=8
2026-07-29 21:23:04,231 [INFO] etl_camara — → sem alterações (304): tecadTermos.csv
2026-07-29 21:23:04,253 [INFO] etl_camara — → sem alterações (304): proposicoes-2026.csv
2026-07-29 21:23:04,255 [INFO] etl_camara — → sem alterações (304): orgaos.csv
2026-07-29 21:23:04,455 [INFO] etl_camara — → sem alterações (304): deputados.csv
2026-07-29 21:23:04,462 [INFO] etl_camara — → sem alterações (304): legislaturas.csv
2026-07-29 21:23:04,643 [INFO] etl_camara — → sem alterações (304): funcionarios.csv
2026-07-29 21:23:04,665 [INFO] etl_camara — → sem alterações (304): eventos-2026.csv
2026-07-29 21:23:04,855 [INFO] etl_camara — → sem alterações (304): tecadCategorias.csv
2026-07-29 21:23:05,063 [INFO] etl_camara — → sem alterações (304): licitacoes-2026.csv
2026-07-29 21:23:05,065 [INFO] etl_camara — ━━━━━━━━━━━━━━━━━━━━━━━━━━━━━━━━━━━━━━━━━━━━━━━━━━━━━━━━━━━━
2026-07-29 21:23:05,065 [INFO] etl_camara — 🌊 Onda 1 — 73 datasets | workers=8
2026-07-29 21:23:05,187 [INFO] etl_camara — → sem alterações (304): legislaturasMesas.csv
2026-07-29 21:23:05,188 [INFO] etl_camara — → sem alterações (304): grupos.csv
2026-07-29 21:23:05,262 [INFO] etl_camara — → sem alterações (304): deputadosProfissoes.csv
2026-07-29 21:23:05,389 [INFO] etl_camara — → sem alterações (304): deputadosOcupacoes.csv
2026-07-29 21:23:05,396 [INFO] etl_camara — → sem alterações (304): eventosOrgaos-2026.csv
2026-07-29 21:23:05,463 [INFO] etl_camara — → sem alterações (304): frentes.csv
2026-07-29 21:23:05,596 [INFO] etl_camara — → sem alterações (304): eventosRequerimentos-2026.csv
2026-07-29 21:23:05,631 [INFO] etl_camara — → sem alterações (304): licitacoesItens-2026.csv
2026-07-29 21:23:05,662 [INFO] etl_camara — → sem alterações (304): eventosPresencaDeputados-2026.csv
2026-07-29 21:23:05,796 [INFO] etl_camara — → sem alterações (304): proposicoesTemas-2026.csv
2026-07-29 21:23:05,855 [INFO] etl_camara — → sem alterações (304): proposicoesAutores-2026.csv
2026-07-29 21:23:05,933 [WARNING] etl_camara — 404 — não encontrado: http://dadosabertos.camara.leg.br/arquivos/orgaosDeputados/csv/orgaosDeputados-L3.csv
2026-07-29 21:23:05,987 [INFO] etl_camara — → sem alterações (304): votacoes-2026.csv
2026-07-29 21:23:06,054 [INFO] etl_camara — → sem alterações (304): licitacoesPropostas-2026.csv
2026-07-29 21:23:06,197 [INFO] etl_camara — → sem alterações (304): licitacoesContratos-2026.csv
2026-07-29 21:23:06,259 [INFO] etl_camara — → sem alterações (304): licitacoesPedidos-2026.csv
2026-07-29 21:23:06,325 [WARNING] etl_camara — 404 — não encontrado: http://dadosabertos.camara.leg.br/arquivos/orgaosDeputados/csv/orgaosDeputados-L8.csv
2026-07-29 21:23:06,388 [WARNING] etl_camara — 404 — não encontrado: http://dadosabertos.camara.leg.br/arquivos/orgaosDeputados/csv/orgaosDeputados-L1.csv
2026-07-29 21:23:06,453 [WARNING] etl_camara — 404 — não encontrado: http://dadosabertos.camara.leg.br/arquivos/orgaosDeputados/csv/orgaosDeputados-L2.csv
2026-07-29 21:23:06,533 [WARNING] etl_camara — 404 — não encontrado: http://dadosabertos.camara.leg.br/arquivos/orgaosDeputados/csv/orgaosDeputados-L9.csv
2026-07-29 21:23:06,596 [WARNING] etl_camara — 404 — não encontrado: http://dadosabertos.camara.leg.br/arquivos/orgaosDeputados/csv/orgaosDeputados-L6.csv
2026-07-29 21:23:06,662 [WARNING] etl_camara — 404 — não encontrado: http://dadosabertos.camara.leg.br/arquivos/orgaosDeputados/csv/orgaosDeputados-L4.csv
2026-07-29 21:23:06,723 [WARNING] etl_camara — 404 — não encontrado: http://dadosabertos.camara.leg.br/arquivos/orgaosDeputados/csv/orgaosDeputados-L11.csv
2026-07-29 21:23:06,786 [WARNING] etl_camara — 404 — não encontrado: http://dadosabertos.camara.leg.br/arquivos/orgaosDeputados/csv/orgaosDeputados-L7.csv
2026-07-29 21:23:06,854 [WARNING] etl_camara — 404 — não encontrado: http://dadosabertos.camara.leg.br/arquivos/orgaosDeputados/csv/orgaosDeputados-L5.csv
2026-07-29 21:23:06,930 [WARNING] etl_camara — 404 — não encontrado: http://dadosabertos.camara.leg.br/arquivos/orgaosDeputados/csv/orgaosDeputados-L12.csv
2026-07-29 21:23:06,994 [WARNING] etl_camara — 404 — não encontrado: http://dadosabertos.camara.leg.br/arquivos/orgaosDeputados/csv/orgaosDeputados-L10.csv
2026-07-29 21:23:07,054 [WARNING] etl_camara — 404 — não encontrado: http://dadosabertos.camara.leg.br/arquivos/orgaosDeputados/csv/orgaosDeputados-L18.csv
2026-07-29 21:23:07,129 [WARNING] etl_camara — 404 — não encontrado: http://dadosabertos.camara.leg.br/arquivos/orgaosDeputados/csv/orgaosDeputados-L14.csv
2026-07-29 21:23:07,194 [WARNING] etl_camara — 404 — não encontrado: http://dadosabertos.camara.leg.br/arquivos/orgaosDeputados/csv/orgaosDeputados-L13.csv
2026-07-29 21:23:07,255 [WARNING] etl_camara — 404 — não encontrado: http://dadosabertos.camara.leg.br/arquivos/orgaosDeputados/csv/orgaosDeputados-L19.csv
2026-07-29 21:23:07,322 [WARNING] etl_camara — 404 — não encontrado: http://dadosabertos.camara.leg.br/arquivos/orgaosDeputados/csv/orgaosDeputados-L17.csv
2026-07-29 21:23:07,388 [WARNING] etl_camara — 404 — não encontrado: http://dadosabertos.camara.leg.br/arquivos/orgaosDeputados/csv/orgaosDeputados-L15.csv
2026-07-29 21:23:07,462 [WARNING] etl_camara — 404 — não encontrado: http://dadosabertos.camara.leg.br/arquivos/orgaosDeputados/csv/orgaosDeputados-L24.csv
2026-07-29 21:23:07,529 [WARNING] etl_camara — 404 — não encontrado: http://dadosabertos.camara.leg.br/arquivos/orgaosDeputados/csv/orgaosDeputados-L22.csv
2026-07-29 21:23:07,587 [WARNING] etl_camara — 404 — não encontrado: http://dadosabertos.camara.leg.br/arquivos/orgaosDeputados/csv/orgaosDeputados-L16.csv
2026-07-29 21:23:07,656 [WARNING] etl_camara — 404 — não encontrado: http://dadosabertos.camara.leg.br/arquivos/orgaosDeputados/csv/orgaosDeputados-L25.csv
2026-07-29 21:23:07,729 [WARNING] etl_camara — 404 — não encontrado: http://dadosabertos.camara.leg.br/arquivos/orgaosDeputados/csv/orgaosDeputados-L26.csv
2026-07-29 21:23:07,793 [WARNING] etl_camara — 404 — não encontrado: http://dadosabertos.camara.leg.br/arquivos/orgaosDeputados/csv/orgaosDeputados-L20.csv
2026-07-29 21:23:07,862 [WARNING] etl_camara — 404 — não encontrado: http://dadosabertos.camara.leg.br/arquivos/orgaosDeputados/csv/orgaosDeputados-L27.csv
2026-07-29 21:23:07,932 [WARNING] etl_camara — 404 — não encontrado: http://dadosabertos.camara.leg.br/arquivos/orgaosDeputados/csv/orgaosDeputados-L31.csv
2026-07-29 21:23:07,995 [WARNING] etl_camara — 404 — não encontrado: http://dadosabertos.camara.leg.br/arquivos/orgaosDeputados/csv/orgaosDeputados-L21.csv
2026-07-29 21:23:08,055 [WARNING] etl_camara — 404 — não encontrado: http://dadosabertos.camara.leg.br/arquivos/orgaosDeputados/csv/orgaosDeputados-L29.csv
2026-07-29 21:23:08,159 [WARNING] etl_camara — 404 — não encontrado: http://dadosabertos.camara.leg.br/arquivos/orgaosDeputados/csv/orgaosDeputados-L35.csv
2026-07-29 21:23:08,195 [WARNING] etl_camara — 404 — não encontrado: http://dadosabertos.camara.leg.br/arquivos/orgaosDeputados/csv/orgaosDeputados-L23.csv
2026-07-29 21:23:08,264 [WARNING] etl_camara — 404 — não encontrado: http://dadosabertos.camara.leg.br/arquivos/orgaosDeputados/csv/orgaosDeputados-L30.csv
2026-07-29 21:23:08,387 [WARNING] etl_camara — 404 — não encontrado: http://dadosabertos.camara.leg.br/arquivos/orgaosDeputados/csv/orgaosDeputados-L28.csv
2026-07-29 21:23:08,464 [WARNING] etl_camara — 404 — não encontrado: http://dadosabertos.camara.leg.br/arquivos/orgaosDeputados/csv/orgaosDeputados-L32.csv
2026-07-29 21:23:08,588 [WARNING] etl_camara — 404 — não encontrado: http://dadosabertos.camara.leg.br/arquivos/orgaosDeputados/csv/orgaosDeputados-L41.csv
2026-07-29 21:23:08,595 [WARNING] etl_camara — 404 — não encontrado: http://dadosabertos.camara.leg.br/arquivos/orgaosDeputados/csv/orgaosDeputados-L33.csv
2026-07-29 21:23:08,659 [WARNING] etl_camara — 404 — não encontrado: http://dadosabertos.camara.leg.br/arquivos/orgaosDeputados/csv/orgaosDeputados-L34.csv
2026-07-29 21:23:08,787 [WARNING] etl_camara — 404 — não encontrado: http://dadosabertos.camara.leg.br/arquivos/orgaosDeputados/csv/orgaosDeputados-L42.csv
2026-07-29 21:23:08,795 [WARNING] etl_camara — 404 — não encontrado: http://dadosabertos.camara.leg.br/arquivos/orgaosDeputados/csv/orgaosDeputados-L37.csv
2026-07-29 21:23:08,861 [WARNING] etl_camara — 404 — não encontrado: http://dadosabertos.camara.leg.br/arquivos/orgaosDeputados/csv/orgaosDeputados-L36.csv
2026-07-29 21:23:08,999 [WARNING] etl_camara — 404 — não encontrado: http://dadosabertos.camara.leg.br/arquivos/orgaosDeputados/csv/orgaosDeputados-L39.csv
2026-07-29 21:23:09,061 [WARNING] etl_camara — 404 — não encontrado: http://dadosabertos.camara.leg.br/arquivos/orgaosDeputados/csv/orgaosDeputados-L38.csv
2026-07-29 21:23:09,118 [WARNING] etl_camara — 404 — não encontrado: http://dadosabertos.camara.leg.br/arquivos/orgaosDeputados/csv/orgaosDeputados-L48.csv
2026-07-29 21:23:09,194 [WARNING] etl_camara — 404 — não encontrado: http://dadosabertos.camara.leg.br/arquivos/orgaosDeputados/csv/orgaosDeputados-L40.csv
2026-07-29 21:23:09,254 [WARNING] etl_camara — 404 — não encontrado: http://dadosabertos.camara.leg.br/arquivos/orgaosDeputados/csv/orgaosDeputados-L43.csv
2026-07-29 21:23:09,317 [WARNING] etl_camara — 404 — não encontrado: http://dadosabertos.camara.leg.br/arquivos/orgaosDeputados/csv/orgaosDeputados-L49.csv
2026-07-29 21:23:09,390 [WARNING] etl_camara — 404 — não encontrado: http://dadosabertos.camara.leg.br/arquivos/orgaosDeputados/csv/orgaosDeputados-L46.csv
2026-07-29 21:23:09,455 [WARNING] etl_camara — 404 — não encontrado: http://dadosabertos.camara.leg.br/arquivos/orgaosDeputados/csv/orgaosDeputados-L44.csv
2026-07-29 21:23:09,586 [WARNING] etl_camara — 404 — não encontrado: http://dadosabertos.camara.leg.br/arquivos/orgaosDeputados/csv/orgaosDeputados-L47.csv
2026-07-29 21:23:09,662 [WARNING] etl_camara — 404 — não encontrado: http://dadosabertos.camara.leg.br/arquivos/orgaosDeputados/csv/orgaosDeputados-L45.csv
2026-07-29 21:23:09,790 [WARNING] etl_camara — 404 — não encontrado: http://dadosabertos.camara.leg.br/arquivos/orgaosDeputados/csv/orgaosDeputados-L50.csv
2026-07-29 21:23:09,833 [INFO] etl_camara — → sem alterações (304): orgaosDeputados-L57.csv
2026-07-29 21:23:09,866 [INFO] etl_camara — → sem alterações (304): orgaosDeputados-L51.csv
2026-07-29 21:23:09,982 [INFO] etl_camara — → sem alterações (304): Ano-2026.csv.zip
2026-07-29 21:23:09,994 [INFO] etl_camara — → sem alterações (304): orgaosDeputados-L54.csv
2026-07-29 21:23:10,062 [INFO] etl_camara — → sem alterações (304): orgaosDeputados-L52.csv
2026-07-29 21:23:10,260 [INFO] etl_camara — → sem alterações (304): orgaosDeputados-L53.csv
2026-07-29 21:23:10,489 [INFO] etl_camara — → sem alterações (304): orgaosDeputados-L55.csv
2026-07-29 21:23:10,663 [INFO] etl_camara — → sem alterações (304): orgaosDeputados-L56.csv
2026-07-29 21:23:10,665 [INFO] etl_camara — ━━━━━━━━━━━━━━━━━━━━━━━━━━━━━━━━━━━━━━━━━━━━━━━━━━━━━━━━━━━━
2026-07-29 21:23:10,665 [INFO] etl_camara — 🌊 Onda 2 — 6 datasets | workers=8
2026-07-29 21:23:10,787 [INFO] etl_camara — → sem alterações (304): votacoesOrientacoes-2026.csv
2026-07-29 21:23:10,793 [INFO] etl_camara — → sem alterações (304): gruposMembros.csv
2026-07-29 21:23:10,868 [INFO] etl_camara — → sem alterações (304): votacoesVotos-2026.csv
2026-07-29 21:23:10,993 [INFO] etl_camara — → sem alterações (304): votacoesProposicoes-2026.csv
2026-07-29 21:23:10,996 [INFO] etl_camara — → sem alterações (304): frentesDeputados.csv
2026-07-29 21:23:11,202 [INFO] etl_camara — → sem alterações (304): gruposHistorico.csv
2026-07-29 21:23:11,204 [INFO] etl_camara — ━━━━━━━━━━━━━━━━━━━━━━━━━━━━━━━━━━━━━━━━━━━━━━━━━━━━━━━━━━━━
2026-07-29 21:23:11,205 [INFO] etl_camara — 🏁 ETL concluído — processados: 0 | sem alteração (304): 38 | histórico pulado: 0 | erros: 50 | total: 88
2026-07-29 21:23:11,205 [WARNING] etl_camara — Datasets com falha (50): ['orgaosDeputados_L3', 'orgaosDeputados_L8', 'orgaosDeputados_L1', 'orgaosDeputados_L2', 'orgaosDeputados_L9', 'orgaosDeputados_L6', 'orgaosDeputados_L4', 'orgaosDeputados_L11', 'orgaosDeputados_L7', 'orgaosDeputados_L5', 'orgaosDeputados_L12', 'orgaosDeputados_L10', 'orgaosDeputados_L18', 'orgaosDeputados_L14', 'orgaosDeputados_L13', 'orgaosDeputados_L19', 'orgaosDeputados_L17', 'orgaosDeputados_L15', 'orgaosDeputados_L24', 'orgaosDeputados_L22', 'orgaosDeputados_L16', 'orgaosDeputados_L25', 'orgaosDeputados_L26', 'orgaosDeputados_L20', 'orgaosDeputados_L27', 'orgaosDeputados_L31', 'orgaosDeputados_L21', 'orgaosDeputados_L29', 'orgaosDeputados_L35', 'orgaosDeputados_L23', 'orgaosDeputados_L30', 'orgaosDeputados_L28', 'orgaosDeputados_L32', 'orgaosDeputados_L41', 'orgaosDeputados_L33', 'orgaosDeputados_L34', 'orgaosDeputados_L42', 'orgaosDeputados_L37', 'orgaosDeputados_L36', 'orgaosDeputados_L39', 'orgaosDeputados_L38', 'orgaosDeputados_L48', 'orgaosDeputados_L40', 'orgaosDeputados_L43', 'orgaosDeputados_L49', 'orgaosDeputados_L46', 'orgaosDeputados_L44', 'orgaosDeputados_L47', 'orgaosDeputados_L45', 'orgaosDeputados_L50']
2026-07-29 21:23:11,205 [ERROR] etl_camara — ETL finalizado com 50 dataset(s) em erro — saindo com código 1
2026-07-29 21:28:13,551 [INFO] etl_camara — Banco: postgres:5432/quemvota
2026-07-29 21:28:13,551 [INFO] etl_camara — Cache: etl_cache.json
2026-07-29 21:28:13,551 [INFO] etl_camara — Workers — download: 8 | backfill: 4
2026-07-29 21:28:13,562 [INFO] etl_camara — Iniciando ETL: 88 datasets | anos=[2026] | legislaturas=[1, 2, 3, 4, 5, 6, 7, 8, 9, 10, 11, 12, 13, 14, 15, 16, 17, 18, 19, 20, 21, 22, 23, 24, 25, 26, 27, 28, 29, 30, 31, 32, 33, 34, 35, 36, 37, 38, 39, 40, 41, 42, 43, 44, 45, 46, 47, 48, 49, 50, 51, 52, 53, 54, 55, 56, 57]
2026-07-29 21:28:13,563 [INFO] etl_camara — ━━━━━━━━━━━━━━━━━━━━━━━━━━━━━━━━━━━━━━━━━━━━━━━━━━━━━━━━━━━━
2026-07-29 21:28:13,563 [INFO] etl_camara — 🌊 Onda 0 — 9 datasets | workers=8
2026-07-29 21:28:13,758 [INFO] etl_camara — → sem alterações (304): funcionarios.csv
2026-07-29 21:28:13,786 [INFO] etl_camara — → sem alterações (304): tecadCategorias.csv
2026-07-29 21:28:13,793 [INFO] etl_camara — → sem alterações (304): orgaos.csv
2026-07-29 21:28:13,959 [INFO] etl_camara — → sem alterações (304): deputados.csv
2026-07-29 21:28:13,976 [INFO] etl_camara — → sem alterações (304): proposicoes-2026.csv
2026-07-29 21:28:13,997 [INFO] etl_camara — → sem alterações (304): licitacoes-2026.csv
2026-07-29 21:28:14,167 [INFO] etl_camara — → sem alterações (304): eventos-2026.csv
2026-07-29 21:28:14,366 [INFO] etl_camara — → sem alterações (304): tecadTermos.csv
2026-07-29 21:28:14,565 [INFO] etl_camara — → sem alterações (304): legislaturas.csv
2026-07-29 21:28:14,567 [INFO] etl_camara — ━━━━━━━━━━━━━━━━━━━━━━━━━━━━━━━━━━━━━━━━━━━━━━━━━━━━━━━━━━━━
2026-07-29 21:28:14,567 [INFO] etl_camara — 🌊 Onda 1 — 73 datasets | workers=8
2026-07-29 21:28:14,692 [INFO] etl_camara — → sem alterações (304): deputadosProfissoes.csv
2026-07-29 21:28:14,760 [INFO] etl_camara — → sem alterações (304): grupos.csv
2026-07-29 21:28:14,889 [INFO] etl_camara — → sem alterações (304): proposicoesTemas-2026.csv
2026-07-29 21:28:14,892 [INFO] etl_camara — → sem alterações (304): legislaturasMesas.csv
2026-07-29 21:28:14,966 [INFO] etl_camara — → sem alterações (304): eventosRequerimentos-2026.csv
2026-07-29 21:28:15,092 [INFO] etl_camara — → sem alterações (304): eventosOrgaos-2026.csv
2026-07-29 21:28:15,099 [INFO] etl_camara — → sem alterações (304): votacoes-2026.csv
2026-07-29 21:28:15,165 [INFO] etl_camara — → sem alterações (304): deputadosOcupacoes.csv
2026-07-29 21:28:15,293 [INFO] etl_camara — → sem alterações (304): frentes.csv
2026-07-29 21:28:15,298 [INFO] etl_camara — → sem alterações (304): licitacoesContratos-2026.csv
2026-07-29 21:28:15,357 [INFO] etl_camara — → sem alterações (304): licitacoesPedidos-2026.csv
2026-07-29 21:28:15,499 [WARNING] etl_camara — 404 — não encontrado: http://dadosabertos.camara.leg.br/arquivos/orgaosDeputados/csv/orgaosDeputados-L1.csv
2026-07-29 21:28:15,502 [INFO] etl_camara — → sem alterações (304): eventosPresencaDeputados-2026.csv
2026-07-29 21:28:15,557 [WARNING] etl_camara — 404 — não encontrado: http://dadosabertos.camara.leg.br/arquivos/orgaosDeputados/csv/orgaosDeputados-L4.csv
2026-07-29 21:28:15,689 [WARNING] etl_camara — 404 — não encontrado: http://dadosabertos.camara.leg.br/arquivos/orgaosDeputados/csv/orgaosDeputados-L3.csv
2026-07-29 21:28:15,692 [INFO] etl_camara — → sem alterações (304): proposicoesAutores-2026.csv
2026-07-29 21:28:15,897 [WARNING] etl_camara — 404 — não encontrado: http://dadosabertos.camara.leg.br/arquivos/orgaosDeputados/csv/orgaosDeputados-L5.csv
2026-07-29 21:28:15,900 [INFO] etl_camara — → sem alterações (304): licitacoesPropostas-2026.csv
2026-07-29 21:28:16,046 [WARNING] etl_camara — 404 — não encontrado: http://dadosabertos.camara.leg.br/arquivos/orgaosDeputados/csv/orgaosDeputados-L11.csv
2026-07-29 21:28:16,096 [WARNING] etl_camara — 404 — não encontrado: http://dadosabertos.camara.leg.br/arquivos/orgaosDeputados/csv/orgaosDeputados-L8.csv
2026-07-29 21:28:16,139 [INFO] etl_camara — → sem alterações (304): licitacoesItens-2026.csv
2026-07-29 21:28:16,280 [WARNING] etl_camara — 404 — não encontrado: http://dadosabertos.camara.leg.br/arquivos/orgaosDeputados/csv/orgaosDeputados-L14.csv
2026-07-29 21:28:16,299 [WARNING] etl_camara — 404 — não encontrado: http://dadosabertos.camara.leg.br/arquivos/orgaosDeputados/csv/orgaosDeputados-L10.csv
2026-07-29 21:28:16,300 [WARNING] etl_camara — 404 — não encontrado: http://dadosabertos.camara.leg.br/arquivos/orgaosDeputados/csv/orgaosDeputados-L2.csv
2026-07-29 21:28:16,501 [WARNING] etl_camara — 404 — não encontrado: http://dadosabertos.camara.leg.br/arquivos/orgaosDeputados/csv/orgaosDeputados-L6.csv
2026-07-29 21:28:16,691 [WARNING] etl_camara — 404 — não encontrado: http://dadosabertos.camara.leg.br/arquivos/orgaosDeputados/csv/orgaosDeputados-L7.csv
2026-07-29 21:28:16,853 [WARNING] etl_camara — 404 — não encontrado: http://dadosabertos.camara.leg.br/arquivos/orgaosDeputados/csv/orgaosDeputados-L19.csv
2026-07-29 21:28:16,891 [WARNING] etl_camara — 404 — não encontrado: http://dadosabertos.camara.leg.br/arquivos/orgaosDeputados/csv/orgaosDeputados-L9.csv
2026-07-29 21:28:17,052 [WARNING] etl_camara — 404 — não encontrado: http://dadosabertos.camara.leg.br/arquivos/orgaosDeputados/csv/orgaosDeputados-L20.csv
2026-07-29 21:28:17,100 [WARNING] etl_camara — 404 — não encontrado: http://dadosabertos.camara.leg.br/arquivos/orgaosDeputados/csv/orgaosDeputados-L12.csv
2026-07-29 21:28:17,222 [WARNING] etl_camara — 404 — não encontrado: http://dadosabertos.camara.leg.br/arquivos/orgaosDeputados/csv/orgaosDeputados-L22.csv
2026-07-29 21:28:17,247 [WARNING] etl_camara — 404 — não encontrado: http://dadosabertos.camara.leg.br/arquivos/orgaosDeputados/csv/orgaosDeputados-L21.csv
2026-07-29 21:28:17,308 [WARNING] etl_camara — 404 — não encontrado: http://dadosabertos.camara.leg.br/arquivos/orgaosDeputados/csv/orgaosDeputados-L13.csv
2026-07-29 21:28:17,413 [WARNING] etl_camara — 404 — não encontrado: http://dadosabertos.camara.leg.br/arquivos/orgaosDeputados/csv/orgaosDeputados-L23.csv
2026-07-29 21:28:17,437 [WARNING] etl_camara — 404 — não encontrado: http://dadosabertos.camara.leg.br/arquivos/orgaosDeputados/csv/orgaosDeputados-L25.csv
2026-07-29 21:28:17,494 [WARNING] etl_camara — 404 — não encontrado: http://dadosabertos.camara.leg.br/arquivos/orgaosDeputados/csv/orgaosDeputados-L15.csv
2026-07-29 21:28:17,620 [WARNING] etl_camara — 404 — não encontrado: http://dadosabertos.camara.leg.br/arquivos/orgaosDeputados/csv/orgaosDeputados-L26.csv
2026-07-29 21:28:17,654 [WARNING] etl_camara — 404 — não encontrado: http://dadosabertos.camara.leg.br/arquivos/orgaosDeputados/csv/orgaosDeputados-L24.csv
2026-07-29 21:28:17,699 [WARNING] etl_camara — 404 — não encontrado: http://dadosabertos.camara.leg.br/arquivos/orgaosDeputados/csv/orgaosDeputados-L16.csv
2026-07-29 21:28:17,813 [WARNING] etl_camara — 404 — não encontrado: http://dadosabertos.camara.leg.br/arquivos/orgaosDeputados/csv/orgaosDeputados-L27.csv
2026-07-29 21:28:17,850 [WARNING] etl_camara — 404 — não encontrado: http://dadosabertos.camara.leg.br/arquivos/orgaosDeputados/csv/orgaosDeputados-L28.csv
2026-07-29 21:28:17,898 [WARNING] etl_camara — 404 — não encontrado: http://dadosabertos.camara.leg.br/arquivos/orgaosDeputados/csv/orgaosDeputados-L17.csv
2026-07-29 21:28:18,013 [WARNING] etl_camara — 404 — não encontrado: http://dadosabertos.camara.leg.br/arquivos/orgaosDeputados/csv/orgaosDeputados-L32.csv
2026-07-29 21:28:18,040 [WARNING] etl_camara — 404 — não encontrado: http://dadosabertos.camara.leg.br/arquivos/orgaosDeputados/csv/orgaosDeputados-L34.csv
2026-07-29 21:28:18,090 [WARNING] etl_camara — 404 — não encontrado: http://dadosabertos.camara.leg.br/arquivos/orgaosDeputados/csv/orgaosDeputados-L18.csv
2026-07-29 21:28:18,221 [WARNING] etl_camara — 404 — não encontrado: http://dadosabertos.camara.leg.br/arquivos/orgaosDeputados/csv/orgaosDeputados-L36.csv
2026-07-29 21:28:18,247 [WARNING] etl_camara — 404 — não encontrado: http://dadosabertos.camara.leg.br/arquivos/orgaosDeputados/csv/orgaosDeputados-L33.csv
2026-07-29 21:28:18,293 [WARNING] etl_camara — 404 — não encontrado: http://dadosabertos.camara.leg.br/arquivos/orgaosDeputados/csv/orgaosDeputados-L29.csv
2026-07-29 21:28:18,422 [WARNING] etl_camara — 404 — não encontrado: http://dadosabertos.camara.leg.br/arquivos/orgaosDeputados/csv/orgaosDeputados-L37.csv
2026-07-29 21:28:18,446 [WARNING] etl_camara — 404 — não encontrado: http://dadosabertos.camara.leg.br/arquivos/orgaosDeputados/csv/orgaosDeputados-L35.csv
2026-07-29 21:28:18,492 [WARNING] etl_camara — 404 — não encontrado: http://dadosabertos.camara.leg.br/arquivos/orgaosDeputados/csv/orgaosDeputados-L31.csv
2026-07-29 21:28:18,629 [WARNING] etl_camara — 404 — não encontrado: http://dadosabertos.camara.leg.br/arquivos/orgaosDeputados/csv/orgaosDeputados-L38.csv
2026-07-29 21:28:18,646 [WARNING] etl_camara — 404 — não encontrado: http://dadosabertos.camara.leg.br/arquivos/orgaosDeputados/csv/orgaosDeputados-L40.csv
2026-07-29 21:28:18,703 [WARNING] etl_camara — 404 — não encontrado: http://dadosabertos.camara.leg.br/arquivos/orgaosDeputados/csv/orgaosDeputados-L30.csv
2026-07-29 21:28:18,822 [WARNING] etl_camara — 404 — não encontrado: http://dadosabertos.camara.leg.br/arquivos/orgaosDeputados/csv/orgaosDeputados-L39.csv
2026-07-29 21:28:18,838 [WARNING] etl_camara — 404 — não encontrado: http://dadosabertos.camara.leg.br/arquivos/orgaosDeputados/csv/orgaosDeputados-L43.csv
2026-07-29 21:28:18,900 [WARNING] etl_camara — 404 — não encontrado: http://dadosabertos.camara.leg.br/arquivos/orgaosDeputados/csv/orgaosDeputados-L41.csv
2026-07-29 21:28:19,021 [WARNING] etl_camara — 404 — não encontrado: http://dadosabertos.camara.leg.br/arquivos/orgaosDeputados/csv/orgaosDeputados-L48.csv
2026-07-29 21:28:19,046 [WARNING] etl_camara — 404 — não encontrado: http://dadosabertos.camara.leg.br/arquivos/orgaosDeputados/csv/orgaosDeputados-L44.csv
2026-07-29 21:28:19,099 [WARNING] etl_camara — 404 — não encontrado: http://dadosabertos.camara.leg.br/arquivos/orgaosDeputados/csv/orgaosDeputados-L42.csv
2026-07-29 21:28:19,214 [WARNING] etl_camara — 404 — não encontrado: http://dadosabertos.camara.leg.br/arquivos/orgaosDeputados/csv/orgaosDeputados-L50.csv
2026-07-29 21:28:19,237 [WARNING] etl_camara — 404 — não encontrado: http://dadosabertos.camara.leg.br/arquivos/orgaosDeputados/csv/orgaosDeputados-L46.csv
2026-07-29 21:28:19,301 [WARNING] etl_camara — 404 — não encontrado: http://dadosabertos.camara.leg.br/arquivos/orgaosDeputados/csv/orgaosDeputados-L47.csv
2026-07-29 21:28:19,414 [INFO] etl_camara — → sem alterações (304): orgaosDeputados-L53.csv
2026-07-29 21:28:19,450 [WARNING] etl_camara — 404 — não encontrado: http://dadosabertos.camara.leg.br/arquivos/orgaosDeputados/csv/orgaosDeputados-L45.csv
2026-07-29 21:28:19,498 [WARNING] etl_camara — 404 — não encontrado: http://dadosabertos.camara.leg.br/arquivos/orgaosDeputados/csv/orgaosDeputados-L49.csv
2026-07-29 21:28:19,627 [INFO] etl_camara — → sem alterações (304): orgaosDeputados-L55.csv
2026-07-29 21:28:19,639 [INFO] etl_camara — → sem alterações (304): Ano-2026.csv.zip
2026-07-29 21:28:19,647 [INFO] etl_camara — → sem alterações (304): orgaosDeputados-L51.csv
2026-07-29 21:28:19,700 [INFO] etl_camara — → sem alterações (304): orgaosDeputados-L52.csv
2026-07-29 21:28:19,819 [INFO] etl_camara — → sem alterações (304): orgaosDeputados-L56.csv
2026-07-29 21:28:19,901 [INFO] etl_camara — → sem alterações (304): orgaosDeputados-L54.csv
2026-07-29 21:28:20,090 [INFO] etl_camara — → sem alterações (304): orgaosDeputados-L57.csv
2026-07-29 21:28:20,093 [INFO] etl_camara — ━━━━━━━━━━━━━━━━━━━━━━━━━━━━━━━━━━━━━━━━━━━━━━━━━━━━━━━━━━━━
2026-07-29 21:28:20,093 [INFO] etl_camara — 🌊 Onda 2 — 6 datasets | workers=8
2026-07-29 21:28:20,233 [INFO] etl_camara — → sem alterações (304): votacoesVotos-2026.csv
2026-07-29 21:28:20,293 [INFO] etl_camara — → sem alterações (304): gruposMembros.csv
2026-07-29 21:28:20,443 [INFO] etl_camara — → sem alterações (304): votacoesOrientacoes-2026.csv
2026-07-29 21:28:20,500 [INFO] etl_camara — → sem alterações (304): votacoesProposicoes-2026.csv
2026-07-29 21:28:20,694 [INFO] etl_camara — → sem alterações (304): frentesDeputados.csv
2026-07-29 21:28:20,905 [INFO] etl_camara — → sem alterações (304): gruposHistorico.csv
2026-07-29 21:28:20,908 [INFO] etl_camara — ━━━━━━━━━━━━━━━━━━━━━━━━━━━━━━━━━━━━━━━━━━━━━━━━━━━━━━━━━━━━
2026-07-29 21:28:20,908 [INFO] etl_camara — 🏁 ETL concluído — processados: 0 | sem alteração (304): 38 | histórico pulado: 0 | erros: 50 | total: 88
2026-07-29 21:28:20,908 [WARNING] etl_camara — Datasets com falha (50): ['orgaosDeputados_L1', 'orgaosDeputados_L4', 'orgaosDeputados_L3', 'orgaosDeputados_L5', 'orgaosDeputados_L11', 'orgaosDeputados_L8', 'orgaosDeputados_L14', 'orgaosDeputados_L10', 'orgaosDeputados_L2', 'orgaosDeputados_L6', 'orgaosDeputados_L7', 'orgaosDeputados_L19', 'orgaosDeputados_L9', 'orgaosDeputados_L20', 'orgaosDeputados_L12', 'orgaosDeputados_L22', 'orgaosDeputados_L21', 'orgaosDeputados_L13', 'orgaosDeputados_L23', 'orgaosDeputados_L25', 'orgaosDeputados_L15', 'orgaosDeputados_L26', 'orgaosDeputados_L24', 'orgaosDeputados_L16', 'orgaosDeputados_L27', 'orgaosDeputados_L28', 'orgaosDeputados_L17', 'orgaosDeputados_L32', 'orgaosDeputados_L34', 'orgaosDeputados_L18', 'orgaosDeputados_L36', 'orgaosDeputados_L33', 'orgaosDeputados_L29', 'orgaosDeputados_L37', 'orgaosDeputados_L35', 'orgaosDeputados_L31', 'orgaosDeputados_L38', 'orgaosDeputados_L40', 'orgaosDeputados_L30', 'orgaosDeputados_L39', 'orgaosDeputados_L43', 'orgaosDeputados_L41', 'orgaosDeputados_L48', 'orgaosDeputados_L44', 'orgaosDeputados_L42', 'orgaosDeputados_L50', 'orgaosDeputados_L46', 'orgaosDeputados_L47', 'orgaosDeputados_L45', 'orgaosDeputados_L49']
2026-07-29 21:28:20,908 [ERROR] etl_camara — ETL finalizado com 50 dataset(s) em erro — saindo com código 1
2026-07-30 03:00:03,430 [INFO] etl_camara — Banco: postgres:5432/quemvota
2026-07-30 03:00:03,430 [INFO] etl_camara — Cache: etl_cache.json
2026-07-30 03:00:03,430 [INFO] etl_camara — Workers — download: 8 | backfill: 4
2026-07-30 03:00:03,443 [INFO] etl_camara — Iniciando ETL: 88 datasets | anos=[2026] | legislaturas=[1, 2, 3, 4, 5, 6, 7, 8, 9, 10, 11, 12, 13, 14, 15, 16, 17, 18, 19, 20, 21, 22, 23, 24, 25, 26, 27, 28, 29, 30, 31, 32, 33, 34, 35, 36, 37, 38, 39, 40, 41, 42, 43, 44, 45, 46, 47, 48, 49, 50, 51, 52, 53, 54, 55, 56, 57]
2026-07-30 03:00:03,444 [INFO] etl_camara — ━━━━━━━━━━━━━━━━━━━━━━━━━━━━━━━━━━━━━━━━━━━━━━━━━━━━━━━━━━━━
2026-07-30 03:00:03,444 [INFO] etl_camara — 🌊 Onda 0 — 9 datasets | workers=8
2026-07-30 03:00:03,656 [INFO] etl_camara — → sem alterações (304): funcionarios.csv
2026-07-30 03:00:03,668 [INFO] etl_camara — → sem alterações (304): legislaturas.csv
2026-07-30 03:00:03,678 [INFO] etl_camara — → sem alterações (304): deputados.csv
2026-07-30 03:00:03,859 [INFO] etl_camara — → sem alterações (304): orgaos.csv
2026-07-30 03:00:03,882 [INFO] etl_camara — → sem alterações (304): tecadTermos.csv
2026-07-30 03:00:04,063 [INFO] etl_camara — → sem alterações (304): proposicoes-2026.csv
2026-07-30 03:00:04,078 [INFO] etl_camara — → sem alterações (304): tecadCategorias.csv
2026-07-30 03:00:04,262 [INFO] etl_camara — → sem alterações (304): eventos-2026.csv
2026-07-30 03:00:04,371 [INFO] etl_camara — → sem alterações (304): licitacoes-2026.csv
2026-07-30 03:00:04,373 [INFO] etl_camara — ━━━━━━━━━━━━━━━━━━━━━━━━━━━━━━━━━━━━━━━━━━━━━━━━━━━━━━━━━━━━
2026-07-30 03:00:04,373 [INFO] etl_camara — 🌊 Onda 1 — 73 datasets | workers=8
2026-07-30 03:00:04,535 [INFO] etl_camara — → sem alterações (304): eventosRequerimentos-2026.csv
2026-07-30 03:00:04,538 [INFO] etl_camara — → sem alterações (304): deputadosProfissoes.csv
2026-07-30 03:00:04,745 [INFO] etl_camara — → sem alterações (304): eventosPresencaDeputados-2026.csv
2026-07-30 03:00:04,762 [INFO] etl_camara — → sem alterações (304): deputadosOcupacoes.csv
2026-07-30 03:00:04,780 [INFO] etl_camara — → sem alterações (304): frentes.csv
2026-07-30 03:00:04,973 [INFO] etl_camara — ✔ grupos.csv (118 linhas)
2026-07-30 03:00:05,110 [INFO] etl_camara —   upsert grupos → 118 registros
2026-07-30 03:00:05,145 [INFO] etl_camara — → sem alterações (304): eventosOrgaos-2026.csv
2026-07-30 03:00:05,314 [INFO] etl_camara — → sem alterações (304): licitacoesItens-2026.csv
2026-07-30 03:00:05,343 [INFO] etl_camara — → sem alterações (304): proposicoesTemas-2026.csv
2026-07-30 03:00:05,391 [INFO] etl_camara — → sem alterações (304): proposicoesAutores-2026.csv
2026-07-30 03:00:05,394 [INFO] etl_camara — → sem alterações (304): legislaturasMesas.csv
2026-07-30 03:00:05,517 [INFO] etl_camara — → sem alterações (304): licitacoesContratos-2026.csv
2026-07-30 03:00:05,535 [INFO] etl_camara — → sem alterações (304): votacoes-2026.csv
2026-07-30 03:00:05,745 [INFO] etl_camara — → sem alterações (304): licitacoesPedidos-2026.csv
2026-07-30 03:00:05,950 [INFO] etl_camara — → sem alterações (304): licitacoesPropostas-2026.csv
2026-07-30 03:00:05,970 [WARNING] etl_camara — 404 — não encontrado: http://dadosabertos.camara.leg.br/arquivos/orgaosDeputados/csv/orgaosDeputados-L2.csv
2026-07-30 03:00:06,094 [WARNING] etl_camara — 404 — não encontrado: http://dadosabertos.camara.leg.br/arquivos/orgaosDeputados/csv/orgaosDeputados-L1.csv
2026-07-30 03:00:06,105 [WARNING] etl_camara — 404 — não encontrado: http://dadosabertos.camara.leg.br/arquivos/orgaosDeputados/csv/orgaosDeputados-L3.csv
2026-07-30 03:00:06,116 [WARNING] etl_camara — 404 — não encontrado: http://dadosabertos.camara.leg.br/arquivos/orgaosDeputados/csv/orgaosDeputados-L5.csv
2026-07-30 03:00:06,200 [WARNING] etl_camara — 404 — não encontrado: http://dadosabertos.camara.leg.br/arquivos/orgaosDeputados/csv/orgaosDeputados-L4.csv
2026-07-30 03:00:06,310 [WARNING] etl_camara — 404 — não encontrado: http://dadosabertos.camara.leg.br/arquivos/orgaosDeputados/csv/orgaosDeputados-L7.csv
2026-07-30 03:00:06,337 [WARNING] etl_camara — 404 — não encontrado: http://dadosabertos.camara.leg.br/arquivos/orgaosDeputados/csv/orgaosDeputados-L6.csv
2026-07-30 03:00:06,512 [WARNING] etl_camara — 404 — não encontrado: http://dadosabertos.camara.leg.br/arquivos/orgaosDeputados/csv/orgaosDeputados-L9.csv
2026-07-30 03:00:06,556 [WARNING] etl_camara — 404 — não encontrado: http://dadosabertos.camara.leg.br/arquivos/orgaosDeputados/csv/orgaosDeputados-L10.csv
2026-07-30 03:00:06,732 [WARNING] etl_camara — 404 — não encontrado: http://dadosabertos.camara.leg.br/arquivos/orgaosDeputados/csv/orgaosDeputados-L15.csv
2026-07-30 03:00:06,743 [WARNING] etl_camara — 404 — não encontrado: http://dadosabertos.camara.leg.br/arquivos/orgaosDeputados/csv/orgaosDeputados-L13.csv
2026-07-30 03:00:06,914 [WARNING] etl_camara — 404 — não encontrado: http://dadosabertos.camara.leg.br/arquivos/orgaosDeputados/csv/orgaosDeputados-L8.csv
2026-07-30 03:00:06,918 [WARNING] etl_camara — 404 — não encontrado: http://dadosabertos.camara.leg.br/arquivos/orgaosDeputados/csv/orgaosDeputados-L16.csv
2026-07-30 03:00:06,942 [WARNING] etl_camara — 404 — não encontrado: http://dadosabertos.camara.leg.br/arquivos/orgaosDeputados/csv/orgaosDeputados-L14.csv
2026-07-30 03:00:07,104 [WARNING] etl_camara — 404 — não encontrado: http://dadosabertos.camara.leg.br/arquivos/orgaosDeputados/csv/orgaosDeputados-L17.csv
2026-07-30 03:00:07,119 [WARNING] etl_camara — 404 — não encontrado: http://dadosabertos.camara.leg.br/arquivos/orgaosDeputados/csv/orgaosDeputados-L11.csv
2026-07-30 03:00:07,141 [WARNING] etl_camara — 404 — não encontrado: http://dadosabertos.camara.leg.br/arquivos/orgaosDeputados/csv/orgaosDeputados-L18.csv
2026-07-30 03:00:07,263 [WARNING] etl_camara — 404 — não encontrado: http://dadosabertos.camara.leg.br/arquivos/orgaosDeputados/csv/orgaosDeputados-L12.csv
2026-07-30 03:00:07,311 [WARNING] etl_camara — 404 — não encontrado: http://dadosabertos.camara.leg.br/arquivos/orgaosDeputados/csv/orgaosDeputados-L21.csv
2026-07-30 03:00:07,338 [WARNING] etl_camara — 404 — não encontrado: http://dadosabertos.camara.leg.br/arquivos/orgaosDeputados/csv/orgaosDeputados-L20.csv
2026-07-30 03:00:07,448 [WARNING] etl_camara — 404 — não encontrado: http://dadosabertos.camara.leg.br/arquivos/orgaosDeputados/csv/orgaosDeputados-L19.csv
2026-07-30 03:00:07,524 [WARNING] etl_camara — 404 — não encontrado: http://dadosabertos.camara.leg.br/arquivos/orgaosDeputados/csv/orgaosDeputados-L23.csv
2026-07-30 03:00:07,542 [WARNING] etl_camara — 404 — não encontrado: http://dadosabertos.camara.leg.br/arquivos/orgaosDeputados/csv/orgaosDeputados-L22.csv
2026-07-30 03:00:07,708 [WARNING] etl_camara — 404 — não encontrado: http://dadosabertos.camara.leg.br/arquivos/orgaosDeputados/csv/orgaosDeputados-L24.csv
2026-07-30 03:00:07,727 [WARNING] etl_camara — 404 — não encontrado: http://dadosabertos.camara.leg.br/arquivos/orgaosDeputados/csv/orgaosDeputados-L25.csv
2026-07-30 03:00:07,739 [WARNING] etl_camara — 404 — não encontrado: http://dadosabertos.camara.leg.br/arquivos/orgaosDeputados/csv/orgaosDeputados-L26.csv
2026-07-30 03:00:07,891 [WARNING] etl_camara — 404 — não encontrado: http://dadosabertos.camara.leg.br/arquivos/orgaosDeputados/csv/orgaosDeputados-L27.csv
2026-07-30 03:00:07,910 [WARNING] etl_camara — 404 — não encontrado: http://dadosabertos.camara.leg.br/arquivos/orgaosDeputados/csv/orgaosDeputados-L28.csv
2026-07-30 03:00:07,996 [WARNING] etl_camara — 404 — não encontrado: http://dadosabertos.camara.leg.br/arquivos/orgaosDeputados/csv/orgaosDeputados-L31.csv
2026-07-30 03:00:08,093 [WARNING] etl_camara — 404 — não encontrado: http://dadosabertos.camara.leg.br/arquivos/orgaosDeputados/csv/orgaosDeputados-L29.csv
2026-07-30 03:00:08,110 [WARNING] etl_camara — 404 — não encontrado: http://dadosabertos.camara.leg.br/arquivos/orgaosDeputados/csv/orgaosDeputados-L32.csv
2026-07-30 03:00:08,145 [WARNING] etl_camara — 404 — não encontrado: http://dadosabertos.camara.leg.br/arquivos/orgaosDeputados/csv/orgaosDeputados-L33.csv
2026-07-30 03:00:08,312 [WARNING] etl_camara — 404 — não encontrado: http://dadosabertos.camara.leg.br/arquivos/orgaosDeputados/csv/orgaosDeputados-L34.csv
2026-07-30 03:00:08,315 [WARNING] etl_camara — 404 — não encontrado: http://dadosabertos.camara.leg.br/arquivos/orgaosDeputados/csv/orgaosDeputados-L30.csv
2026-07-30 03:00:08,510 [WARNING] etl_camara — 404 — não encontrado: http://dadosabertos.camara.leg.br/arquivos/orgaosDeputados/csv/orgaosDeputados-L37.csv
2026-07-30 03:00:08,529 [WARNING] etl_camara — 404 — não encontrado: http://dadosabertos.camara.leg.br/arquivos/orgaosDeputados/csv/orgaosDeputados-L35.csv
2026-07-30 03:00:08,713 [WARNING] etl_camara — 404 — não encontrado: http://dadosabertos.camara.leg.br/arquivos/orgaosDeputados/csv/orgaosDeputados-L38.csv
2026-07-30 03:00:08,758 [WARNING] etl_camara — 404 — não encontrado: http://dadosabertos.camara.leg.br/arquivos/orgaosDeputados/csv/orgaosDeputados-L41.csv
2026-07-30 03:00:08,912 [WARNING] etl_camara — 404 — não encontrado: http://dadosabertos.camara.leg.br/arquivos/orgaosDeputados/csv/orgaosDeputados-L42.csv
2026-07-30 03:00:09,119 [WARNING] etl_camara — 404 — não encontrado: http://dadosabertos.camara.leg.br/arquivos/orgaosDeputados/csv/orgaosDeputados-L40.csv
2026-07-30 03:00:09,305 [WARNING] etl_camara — 404 — não encontrado: http://dadosabertos.camara.leg.br/arquivos/orgaosDeputados/csv/orgaosDeputados-L36.csv
2026-07-30 03:00:09,321 [WARNING] etl_camara — 404 — não encontrado: http://dadosabertos.camara.leg.br/arquivos/orgaosDeputados/csv/orgaosDeputados-L39.csv
2026-07-30 03:00:09,510 [WARNING] etl_camara — 404 — não encontrado: http://dadosabertos.camara.leg.br/arquivos/orgaosDeputados/csv/orgaosDeputados-L43.csv
2026-07-30 03:00:09,703 [WARNING] etl_camara — 404 — não encontrado: http://dadosabertos.camara.leg.br/arquivos/orgaosDeputados/csv/orgaosDeputados-L44.csv
2026-07-30 03:00:13,896 [WARNING] etl_camara — 404 — não encontrado: http://dadosabertos.camara.leg.br/arquivos/orgaosDeputados/csv/orgaosDeputados-L47.csv
2026-07-30 03:00:13,906 [INFO] etl_camara — → sem alterações (304): orgaosDeputados-L51.csv
2026-07-30 03:00:13,926 [WARNING] etl_camara — Tentativa 1/3 falhou (http://dadosabertos.camara.leg.br/arquivos/orgaosDeputados/csv/orgaosDeputados-L50.csv): 429 Client Error: Too Many Requests for url: https://dadosabertos.camara.leg.br/arquivos/orgaosDeputados/csv/orgaosDeputados-L50.csv
2026-07-30 03:00:14,105 [INFO] etl_camara — → sem alterações (304): orgaosDeputados-L52.csv
2026-07-30 03:00:14,116 [WARNING] etl_camara — 404 — não encontrado: http://dadosabertos.camara.leg.br/arquivos/orgaosDeputados/csv/orgaosDeputados-L49.csv
2026-07-30 03:00:14,298 [INFO] etl_camara — → sem alterações (304): orgaosDeputados-L54.csv
2026-07-30 03:00:14,303 [WARNING] etl_camara — 404 — não encontrado: http://dadosabertos.camara.leg.br/arquivos/orgaosDeputados/csv/orgaosDeputados-L48.csv
2026-07-30 03:00:14,467 [INFO] etl_camara — → sem alterações (304): Ano-2026.csv.zip
2026-07-30 03:00:14,504 [INFO] etl_camara — → sem alterações (304): orgaosDeputados-L53.csv
2026-07-30 03:00:14,510 [WARNING] etl_camara — 404 — não encontrado: http://dadosabertos.camara.leg.br/arquivos/orgaosDeputados/csv/orgaosDeputados-L45.csv
2026-07-30 03:00:14,698 [INFO] etl_camara — → sem alterações (304): orgaosDeputados-L57.csv
2026-07-30 03:00:14,703 [WARNING] etl_camara — 404 — não encontrado: http://dadosabertos.camara.leg.br/arquivos/orgaosDeputados/csv/orgaosDeputados-L46.csv
2026-07-30 03:00:14,898 [INFO] etl_camara — → sem alterações (304): orgaosDeputados-L55.csv
2026-07-30 03:00:15,102 [INFO] etl_camara — → sem alterações (304): orgaosDeputados-L56.csv
2026-07-30 03:00:19,099 [WARNING] etl_camara — 404 — não encontrado: http://dadosabertos.camara.leg.br/arquivos/orgaosDeputados/csv/orgaosDeputados-L50.csv
2026-07-30 03:00:19,101 [INFO] etl_camara — ━━━━━━━━━━━━━━━━━━━━━━━━━━━━━━━━━━━━━━━━━━━━━━━━━━━━━━━━━━━━
2026-07-30 03:00:19,101 [INFO] etl_camara — 🌊 Onda 2 — 6 datasets | workers=8
2026-07-30 03:00:19,235 [INFO] etl_camara — → sem alterações (304): votacoesVotos-2026.csv
2026-07-30 03:00:19,236 [INFO] etl_camara — → sem alterações (304): votacoesProposicoes-2026.csv
2026-07-30 03:00:19,382 [INFO] etl_camara — ✔ gruposHistorico.csv (412 linhas)
2026-07-30 03:00:19,439 [INFO] etl_camara — → sem alterações (304): votacoesOrientacoes-2026.csv
2026-07-30 03:00:19,497 [INFO] etl_camara — → sem alterações (304): frentesDeputados.csv
2026-07-30 03:00:19,577 [INFO] etl_camara —   FK-insert gruposHistorico → 412 registros
2026-07-30 03:00:19,834 [INFO] etl_camara — ✔ gruposMembros.csv (7091 linhas)
2026-07-30 03:00:22,529 [INFO] etl_camara —   FK-insert gruposMembros → 7091 registros
2026-07-30 03:00:22,532 [INFO] etl_camara — ━━━━━━━━━━━━━━━━━━━━━━━━━━━━━━━━━━━━━━━━━━━━━━━━━━━━━━━━━━━━
2026-07-30 03:00:22,532 [INFO] etl_camara — 🏁 ETL concluído — processados: 3 | sem alteração (304): 35 | histórico pulado: 0 | erros: 50 | total: 88
2026-07-30 03:00:22,532 [WARNING] etl_camara — Datasets com falha (50): ['orgaosDeputados_L2', 'orgaosDeputados_L1', 'orgaosDeputados_L3', 'orgaosDeputados_L5', 'orgaosDeputados_L4', 'orgaosDeputados_L7', 'orgaosDeputados_L6', 'orgaosDeputados_L9', 'orgaosDeputados_L10', 'orgaosDeputados_L15', 'orgaosDeputados_L13', 'orgaosDeputados_L8', 'orgaosDeputados_L16', 'orgaosDeputados_L14', 'orgaosDeputados_L17', 'orgaosDeputados_L11', 'orgaosDeputados_L18', 'orgaosDeputados_L12', 'orgaosDeputados_L21', 'orgaosDeputados_L20', 'orgaosDeputados_L19', 'orgaosDeputados_L23', 'orgaosDeputados_L22', 'orgaosDeputados_L24', 'orgaosDeputados_L25', 'orgaosDeputados_L26', 'orgaosDeputados_L27', 'orgaosDeputados_L28', 'orgaosDeputados_L31', 'orgaosDeputados_L29', 'orgaosDeputados_L32', 'orgaosDeputados_L33', 'orgaosDeputados_L34', 'orgaosDeputados_L30', 'orgaosDeputados_L37', 'orgaosDeputados_L35', 'orgaosDeputados_L38', 'orgaosDeputados_L41', 'orgaosDeputados_L42', 'orgaosDeputados_L40', 'orgaosDeputados_L36', 'orgaosDeputados_L39', 'orgaosDeputados_L43', 'orgaosDeputados_L44', 'orgaosDeputados_L47', 'orgaosDeputados_L49', 'orgaosDeputados_L48', 'orgaosDeputados_L45', 'orgaosDeputados_L46', 'orgaosDeputados_L50']
2026-07-30 03:00:22,532 [ERROR] etl_camara — ETL finalizado com 50 dataset(s) em erro — saindo com código 1
2026-07-30 03:05:25,028 [INFO] etl_camara — Banco: postgres:5432/quemvota
2026-07-30 03:05:25,028 [INFO] etl_camara — Cache: etl_cache.json
2026-07-30 03:05:25,028 [INFO] etl_camara — Workers — download: 8 | backfill: 4
2026-07-30 03:05:25,038 [INFO] etl_camara — Iniciando ETL: 88 datasets | anos=[2026] | legislaturas=[1, 2, 3, 4, 5, 6, 7, 8, 9, 10, 11, 12, 13, 14, 15, 16, 17, 18, 19, 20, 21, 22, 23, 24, 25, 26, 27, 28, 29, 30, 31, 32, 33, 34, 35, 36, 37, 38, 39, 40, 41, 42, 43, 44, 45, 46, 47, 48, 49, 50, 51, 52, 53, 54, 55, 56, 57]
2026-07-30 03:05:25,039 [INFO] etl_camara — ━━━━━━━━━━━━━━━━━━━━━━━━━━━━━━━━━━━━━━━━━━━━━━━━━━━━━━━━━━━━
2026-07-30 03:05:25,039 [INFO] etl_camara — 🌊 Onda 0 — 9 datasets | workers=8
2026-07-30 03:05:25,231 [INFO] etl_camara — → sem alterações (304): legislaturas.csv
2026-07-30 03:05:25,232 [INFO] etl_camara — → sem alterações (304): funcionarios.csv
2026-07-30 03:05:25,235 [INFO] etl_camara — → sem alterações (304): orgaos.csv
2026-07-30 03:05:25,429 [INFO] etl_camara — → sem alterações (304): proposicoes-2026.csv
2026-07-30 03:05:25,432 [INFO] etl_camara — → sem alterações (304): tecadCategorias.csv
2026-07-30 03:05:25,626 [INFO] etl_camara — → sem alterações (304): deputados.csv
2026-07-30 03:05:25,631 [INFO] etl_camara — → sem alterações (304): licitacoes-2026.csv
2026-07-30 03:05:25,838 [INFO] etl_camara — → sem alterações (304): tecadTermos.csv
2026-07-30 03:05:26,030 [INFO] etl_camara — → sem alterações (304): eventos-2026.csv
2026-07-30 03:05:26,032 [INFO] etl_camara — ━━━━━━━━━━━━━━━━━━━━━━━━━━━━━━━━━━━━━━━━━━━━━━━━━━━━━━━━━━━━
2026-07-30 03:05:26,032 [INFO] etl_camara — 🌊 Onda 1 — 73 datasets | workers=8
2026-07-30 03:05:26,163 [INFO] etl_camara — → sem alterações (304): deputadosProfissoes.csv
2026-07-30 03:05:26,165 [INFO] etl_camara — → sem alterações (304): eventosOrgaos-2026.csv
2026-07-30 03:05:26,226 [INFO] etl_camara — → sem alterações (304): frentes.csv
2026-07-30 03:05:26,296 [WARNING] etl_camara — Tentativa 1/3 falhou (http://dadosabertos.camara.leg.br/arquivos/proposicoesAutores/csv/proposicoesAutores-2026.csv): 429 Client Error: Too Many Requests for url: https://dadosabertos.camara.leg.br/arquivos/proposicoesAutores/csv/proposicoesAutores-2026.csv
2026-07-30 03:05:26,350 [INFO] etl_camara — → sem alterações (304): legislaturasMesas.csv
2026-07-30 03:05:26,363 [INFO] etl_camara — → sem alterações (304): grupos.csv
2026-07-30 03:05:26,427 [INFO] etl_camara — → sem alterações (304): proposicoesTemas-2026.csv
2026-07-30 03:05:26,551 [WARNING] etl_camara — Tentativa 1/3 falhou (http://dadosabertos.camara.leg.br/arquivos/licitacoesItens/csv/licitacoesItens-2026.csv): 429 Client Error: Too Many Requests for url: https://dadosabertos.camara.leg.br/arquivos/licitacoesItens/csv/licitacoesItens-2026.csv
2026-07-30 03:05:26,553 [INFO] etl_camara — → sem alterações (304): eventosRequerimentos-2026.csv
2026-07-30 03:05:26,561 [INFO] etl_camara — → sem alterações (304): eventosPresencaDeputados-2026.csv
2026-07-30 03:05:26,630 [INFO] etl_camara — → sem alterações (304): votacoes-2026.csv
2026-07-30 03:05:26,753 [INFO] etl_camara — → sem alterações (304): licitacoesContratos-2026.csv
2026-07-30 03:05:26,758 [INFO] etl_camara — → sem alterações (304): deputadosOcupacoes.csv
2026-07-30 03:05:26,883 [WARNING] etl_camara — 404 — não encontrado: http://dadosabertos.camara.leg.br/arquivos/orgaosDeputados/csv/orgaosDeputados-L3.csv
2026-07-30 03:05:26,950 [WARNING] etl_camara — 404 — não encontrado: http://dadosabertos.camara.leg.br/arquivos/orgaosDeputados/csv/orgaosDeputados-L2.csv
2026-07-30 03:05:26,958 [INFO] etl_camara — → sem alterações (304): licitacoesPropostas-2026.csv
2026-07-30 03:05:27,084 [WARNING] etl_camara — 404 — não encontrado: http://dadosabertos.camara.leg.br/arquivos/orgaosDeputados/csv/orgaosDeputados-L7.csv
2026-07-30 03:05:27,151 [WARNING] etl_camara — 404 — não encontrado: http://dadosabertos.camara.leg.br/arquivos/orgaosDeputados/csv/orgaosDeputados-L4.csv
2026-07-30 03:05:27,167 [INFO] etl_camara — → sem alterações (304): licitacoesPedidos-2026.csv
2026-07-30 03:05:27,285 [WARNING] etl_camara — 404 — não encontrado: http://dadosabertos.camara.leg.br/arquivos/orgaosDeputados/csv/orgaosDeputados-L8.csv
2026-07-30 03:05:27,349 [WARNING] etl_camara — 404 — não encontrado: http://dadosabertos.camara.leg.br/arquivos/orgaosDeputados/csv/orgaosDeputados-L5.csv
2026-07-30 03:05:27,360 [WARNING] etl_camara — 404 — não encontrado: http://dadosabertos.camara.leg.br/arquivos/orgaosDeputados/csv/orgaosDeputados-L1.csv
2026-07-30 03:05:27,483 [WARNING] etl_camara — 404 — não encontrado: http://dadosabertos.camara.leg.br/arquivos/orgaosDeputados/csv/orgaosDeputados-L10.csv
2026-07-30 03:05:27,549 [WARNING] etl_camara — 404 — não encontrado: http://dadosabertos.camara.leg.br/arquivos/orgaosDeputados/csv/orgaosDeputados-L12.csv
2026-07-30 03:05:27,569 [WARNING] etl_camara — 404 — não encontrado: http://dadosabertos.camara.leg.br/arquivos/orgaosDeputados/csv/orgaosDeputados-L6.csv
2026-07-30 03:05:27,684 [WARNING] etl_camara — 404 — não encontrado: http://dadosabertos.camara.leg.br/arquivos/orgaosDeputados/csv/orgaosDeputados-L11.csv
2026-07-30 03:05:27,758 [WARNING] etl_camara — 404 — não encontrado: http://dadosabertos.camara.leg.br/arquivos/orgaosDeputados/csv/orgaosDeputados-L9.csv
2026-07-30 03:05:27,884 [WARNING] etl_camara — 404 — não encontrado: http://dadosabertos.camara.leg.br/arquivos/orgaosDeputados/csv/orgaosDeputados-L16.csv
2026-07-30 03:05:27,887 [WARNING] etl_camara — 404 — não encontrado: http://dadosabertos.camara.leg.br/arquivos/orgaosDeputados/csv/orgaosDeputados-L18.csv
2026-07-30 03:05:27,959 [WARNING] etl_camara — 404 — não encontrado: http://dadosabertos.camara.leg.br/arquivos/orgaosDeputados/csv/orgaosDeputados-L13.csv
2026-07-30 03:05:28,086 [WARNING] etl_camara — 404 — não encontrado: http://dadosabertos.camara.leg.br/arquivos/orgaosDeputados/csv/orgaosDeputados-L20.csv
2026-07-30 03:05:28,087 [WARNING] etl_camara — 404 — não encontrado: http://dadosabertos.camara.leg.br/arquivos/orgaosDeputados/csv/orgaosDeputados-L17.csv
2026-07-30 03:05:28,157 [WARNING] etl_camara — 404 — não encontrado: http://dadosabertos.camara.leg.br/arquivos/orgaosDeputados/csv/orgaosDeputados-L14.csv
2026-07-30 03:05:28,285 [WARNING] etl_camara — 404 — não encontrado: http://dadosabertos.camara.leg.br/arquivos/orgaosDeputados/csv/orgaosDeputados-L19.csv
2026-07-30 03:05:28,359 [WARNING] etl_camara — 404 — não encontrado: http://dadosabertos.camara.leg.br/arquivos/orgaosDeputados/csv/orgaosDeputados-L15.csv
2026-07-30 03:05:28,484 [WARNING] etl_camara — 404 — não encontrado: http://dadosabertos.camara.leg.br/arquivos/orgaosDeputados/csv/orgaosDeputados-L21.csv
2026-07-30 03:05:28,576 [WARNING] etl_camara — 404 — não encontrado: http://dadosabertos.camara.leg.br/arquivos/orgaosDeputados/csv/orgaosDeputados-L23.csv
2026-07-30 03:05:28,685 [WARNING] etl_camara — 404 — não encontrado: http://dadosabertos.camara.leg.br/arquivos/orgaosDeputados/csv/orgaosDeputados-L22.csv
2026-07-30 03:05:28,758 [WARNING] etl_camara — 404 — não encontrado: http://dadosabertos.camara.leg.br/arquivos/orgaosDeputados/csv/orgaosDeputados-L26.csv
2026-07-30 03:05:28,809 [WARNING] etl_camara — 404 — não encontrado: http://dadosabertos.camara.leg.br/arquivos/orgaosDeputados/csv/orgaosDeputados-L29.csv
2026-07-30 03:05:28,885 [WARNING] etl_camara — 404 — não encontrado: http://dadosabertos.camara.leg.br/arquivos/orgaosDeputados/csv/orgaosDeputados-L24.csv
2026-07-30 03:05:28,959 [WARNING] etl_camara — 404 — não encontrado: http://dadosabertos.camara.leg.br/arquivos/orgaosDeputados/csv/orgaosDeputados-L28.csv
2026-07-30 03:05:29,016 [WARNING] etl_camara — 404 — não encontrado: http://dadosabertos.camara.leg.br/arquivos/orgaosDeputados/csv/orgaosDeputados-L31.csv
2026-07-30 03:05:29,085 [WARNING] etl_camara — 404 — não encontrado: http://dadosabertos.camara.leg.br/arquivos/orgaosDeputados/csv/orgaosDeputados-L25.csv
2026-07-30 03:05:29,208 [WARNING] etl_camara — 404 — não encontrado: http://dadosabertos.camara.leg.br/arquivos/orgaosDeputados/csv/orgaosDeputados-L33.csv
2026-07-30 03:05:29,298 [WARNING] etl_camara — 404 — não encontrado: http://dadosabertos.camara.leg.br/arquivos/orgaosDeputados/csv/orgaosDeputados-L27.csv
2026-07-30 03:05:29,427 [WARNING] etl_camara — 404 — não encontrado: http://dadosabertos.camara.leg.br/arquivos/orgaosDeputados/csv/orgaosDeputados-L34.csv
2026-07-30 03:05:29,485 [WARNING] etl_camara — 404 — não encontrado: http://dadosabertos.camara.leg.br/arquivos/orgaosDeputados/csv/orgaosDeputados-L30.csv
2026-07-30 03:05:29,608 [WARNING] etl_camara — 404 — não encontrado: http://dadosabertos.camara.leg.br/arquivos/orgaosDeputados/csv/orgaosDeputados-L39.csv
2026-07-30 03:05:29,614 [WARNING] etl_camara — 404 — não encontrado: http://dadosabertos.camara.leg.br/arquivos/orgaosDeputados/csv/orgaosDeputados-L37.csv
2026-07-30 03:05:29,685 [WARNING] etl_camara — 404 — não encontrado: http://dadosabertos.camara.leg.br/arquivos/orgaosDeputados/csv/orgaosDeputados-L32.csv
2026-07-30 03:05:29,808 [WARNING] etl_camara — 404 — não encontrado: http://dadosabertos.camara.leg.br/arquivos/orgaosDeputados/csv/orgaosDeputados-L41.csv
2026-07-30 03:05:29,886 [WARNING] etl_camara — 404 — não encontrado: http://dadosabertos.camara.leg.br/arquivos/orgaosDeputados/csv/orgaosDeputados-L35.csv
2026-07-30 03:05:30,086 [WARNING] etl_camara — 404 — não encontrado: http://dadosabertos.camara.leg.br/arquivos/orgaosDeputados/csv/orgaosDeputados-L36.csv
2026-07-30 03:05:30,208 [WARNING] etl_camara — 404 — não encontrado: http://dadosabertos.camara.leg.br/arquivos/orgaosDeputados/csv/orgaosDeputados-L45.csv
2026-07-30 03:05:30,285 [WARNING] etl_camara — 404 — não encontrado: http://dadosabertos.camara.leg.br/arquivos/orgaosDeputados/csv/orgaosDeputados-L38.csv
2026-07-30 03:05:30,334 [WARNING] etl_camara — 404 — não encontrado: http://dadosabertos.camara.leg.br/arquivos/orgaosDeputados/csv/orgaosDeputados-L46.csv
2026-07-30 03:05:30,486 [WARNING] etl_camara — 404 — não encontrado: http://dadosabertos.camara.leg.br/arquivos/orgaosDeputados/csv/orgaosDeputados-L40.csv
2026-07-30 03:05:30,641 [WARNING] etl_camara — 404 — não encontrado: http://dadosabertos.camara.leg.br/arquivos/orgaosDeputados/csv/orgaosDeputados-L49.csv
2026-07-30 03:05:30,685 [WARNING] etl_camara — 404 — não encontrado: http://dadosabertos.camara.leg.br/arquivos/orgaosDeputados/csv/orgaosDeputados-L42.csv
2026-07-30 03:05:30,840 [WARNING] etl_camara — 404 — não encontrado: http://dadosabertos.camara.leg.br/arquivos/orgaosDeputados/csv/orgaosDeputados-L50.csv
2026-07-30 03:05:30,885 [WARNING] etl_camara — 404 — não encontrado: http://dadosabertos.camara.leg.br/arquivos/orgaosDeputados/csv/orgaosDeputados-L43.csv
2026-07-30 03:05:31,044 [INFO] etl_camara — → sem alterações (304): orgaosDeputados-L51.csv
2026-07-30 03:05:31,086 [WARNING] etl_camara — 404 — não encontrado: http://dadosabertos.camara.leg.br/arquivos/orgaosDeputados/csv/orgaosDeputados-L44.csv
2026-07-30 03:05:31,169 [INFO] etl_camara — → sem alterações (304): orgaosDeputados-L54.csv
2026-07-30 03:05:31,242 [INFO] etl_camara — → sem alterações (304): orgaosDeputados-L55.csv
2026-07-30 03:05:31,284 [WARNING] etl_camara — 404 — não encontrado: http://dadosabertos.camara.leg.br/arquivos/orgaosDeputados/csv/orgaosDeputados-L47.csv
2026-07-30 03:05:31,439 [INFO] etl_camara — → sem alterações (304): Ano-2026.csv.zip
2026-07-30 03:05:31,445 [INFO] etl_camara — → sem alterações (304): orgaosDeputados-L56.csv
2026-07-30 03:05:31,486 [WARNING] etl_camara — 404 — não encontrado: http://dadosabertos.camara.leg.br/arquivos/orgaosDeputados/csv/orgaosDeputados-L48.csv
2026-07-30 03:05:31,642 [INFO] etl_camara — → sem alterações (304): proposicoesAutores-2026.csv
2026-07-30 03:05:31,686 [INFO] etl_camara — → sem alterações (304): orgaosDeputados-L52.csv
2026-07-30 03:05:31,842 [INFO] etl_camara — → sem alterações (304): licitacoesItens-2026.csv
2026-07-30 03:05:31,888 [INFO] etl_camara — → sem alterações (304): orgaosDeputados-L53.csv
2026-07-30 03:05:32,086 [INFO] etl_camara — → sem alterações (304): orgaosDeputados-L57.csv
2026-07-30 03:05:32,088 [INFO] etl_camara — ━━━━━━━━━━━━━━━━━━━━━━━━━━━━━━━━━━━━━━━━━━━━━━━━━━━━━━━━━━━━
2026-07-30 03:05:32,088 [INFO] etl_camara — 🌊 Onda 2 — 6 datasets | workers=8
2026-07-30 03:05:32,230 [INFO] etl_camara — → sem alterações (304): votacoesProposicoes-2026.csv
2026-07-30 03:05:32,234 [INFO] etl_camara — → sem alterações (304): votacoesVotos-2026.csv
2026-07-30 03:05:32,286 [INFO] etl_camara — → sem alterações (304): gruposMembros.csv
2026-07-30 03:05:32,430 [INFO] etl_camara — → sem alterações (304): gruposHistorico.csv
2026-07-30 03:05:32,435 [INFO] etl_camara — → sem alterações (304): votacoesOrientacoes-2026.csv
2026-07-30 03:05:32,631 [INFO] etl_camara — → sem alterações (304): frentesDeputados.csv
2026-07-30 03:05:32,633 [INFO] etl_camara — ━━━━━━━━━━━━━━━━━━━━━━━━━━━━━━━━━━━━━━━━━━━━━━━━━━━━━━━━━━━━
2026-07-30 03:05:32,633 [INFO] etl_camara — 🏁 ETL concluído — processados: 0 | sem alteração (304): 38 | histórico pulado: 0 | erros: 50 | total: 88
2026-07-30 03:05:32,634 [WARNING] etl_camara — Datasets com falha (50): ['orgaosDeputados_L3', 'orgaosDeputados_L2', 'orgaosDeputados_L7', 'orgaosDeputados_L4', 'orgaosDeputados_L8', 'orgaosDeputados_L5', 'orgaosDeputados_L1', 'orgaosDeputados_L10', 'orgaosDeputados_L12', 'orgaosDeputados_L6', 'orgaosDeputados_L11', 'orgaosDeputados_L9', 'orgaosDeputados_L16', 'orgaosDeputados_L18', 'orgaosDeputados_L13', 'orgaosDeputados_L20', 'orgaosDeputados_L17', 'orgaosDeputados_L14', 'orgaosDeputados_L19', 'orgaosDeputados_L15', 'orgaosDeputados_L21', 'orgaosDeputados_L23', 'orgaosDeputados_L22', 'orgaosDeputados_L26', 'orgaosDeputados_L29', 'orgaosDeputados_L24', 'orgaosDeputados_L28', 'orgaosDeputados_L31', 'orgaosDeputados_L25', 'orgaosDeputados_L33', 'orgaosDeputados_L27', 'orgaosDeputados_L34', 'orgaosDeputados_L30', 'orgaosDeputados_L39', 'orgaosDeputados_L37', 'orgaosDeputados_L32', 'orgaosDeputados_L41', 'orgaosDeputados_L35', 'orgaosDeputados_L36', 'orgaosDeputados_L45', 'orgaosDeputados_L38', 'orgaosDeputados_L46', 'orgaosDeputados_L40', 'orgaosDeputados_L49', 'orgaosDeputados_L42', 'orgaosDeputados_L50', 'orgaosDeputados_L43', 'orgaosDeputados_L44', 'orgaosDeputados_L47', 'orgaosDeputados_L48']
2026-07-30 03:05:32,634 [ERROR] etl_camara — ETL finalizado com 50 dataset(s) em erro — saindo com código 1
2026-07-30 03:10:34,355 [INFO] etl_camara — Banco: postgres:5432/quemvota
2026-07-30 03:10:34,355 [INFO] etl_camara — Cache: etl_cache.json
2026-07-30 03:10:34,355 [INFO] etl_camara — Workers — download: 8 | backfill: 4
2026-07-30 03:10:34,366 [INFO] etl_camara — Iniciando ETL: 88 datasets | anos=[2026] | legislaturas=[1, 2, 3, 4, 5, 6, 7, 8, 9, 10, 11, 12, 13, 14, 15, 16, 17, 18, 19, 20, 21, 22, 23, 24, 25, 26, 27, 28, 29, 30, 31, 32, 33, 34, 35, 36, 37, 38, 39, 40, 41, 42, 43, 44, 45, 46, 47, 48, 49, 50, 51, 52, 53, 54, 55, 56, 57]
2026-07-30 03:10:34,367 [INFO] etl_camara — ━━━━━━━━━━━━━━━━━━━━━━━━━━━━━━━━━━━━━━━━━━━━━━━━━━━━━━━━━━━━
2026-07-30 03:10:34,367 [INFO] etl_camara — 🌊 Onda 0 — 9 datasets | workers=8
2026-07-30 03:10:34,545 [INFO] etl_camara — → sem alterações (304): tecadTermos.csv
2026-07-30 03:10:34,560 [INFO] etl_camara — → sem alterações (304): eventos-2026.csv
2026-07-30 03:10:34,561 [INFO] etl_camara — → sem alterações (304): funcionarios.csv
2026-07-30 03:10:34,744 [INFO] etl_camara — → sem alterações (304): orgaos.csv
2026-07-30 03:10:34,756 [INFO] etl_camara — → sem alterações (304): proposicoes-2026.csv
2026-07-30 03:10:34,756 [INFO] etl_camara — → sem alterações (304): legislaturas.csv
2026-07-30 03:10:34,956 [INFO] etl_camara — → sem alterações (304): tecadCategorias.csv
2026-07-30 03:10:34,957 [INFO] etl_camara — → sem alterações (304): deputados.csv
2026-07-30 03:10:35,159 [INFO] etl_camara — → sem alterações (304): licitacoes-2026.csv
2026-07-30 03:10:35,161 [INFO] etl_camara — ━━━━━━━━━━━━━━━━━━━━━━━━━━━━━━━━━━━━━━━━━━━━━━━━━━━━━━━━━━━━
2026-07-30 03:10:35,161 [INFO] etl_camara — 🌊 Onda 1 — 73 datasets | workers=8
2026-07-30 03:10:35,292 [INFO] etl_camara — → sem alterações (304): eventosRequerimentos-2026.csv
2026-07-30 03:10:35,293 [INFO] etl_camara — → sem alterações (304): deputadosProfissoes.csv
2026-07-30 03:10:35,356 [INFO] etl_camara — → sem alterações (304): grupos.csv
2026-07-30 03:10:35,492 [INFO] etl_camara — → sem alterações (304): eventosPresencaDeputados-2026.csv
2026-07-30 03:10:35,496 [INFO] etl_camara — → sem alterações (304): eventosOrgaos-2026.csv
2026-07-30 03:10:35,560 [INFO] etl_camara — → sem alterações (304): legislaturasMesas.csv
2026-07-30 03:10:35,690 [INFO] etl_camara — → sem alterações (304): deputadosOcupacoes.csv
2026-07-30 03:10:35,691 [INFO] etl_camara — → sem alterações (304): votacoes-2026.csv
2026-07-30 03:10:35,772 [INFO] etl_camara — → sem alterações (304): frentes.csv
2026-07-30 03:10:35,890 [INFO] etl_camara — → sem alterações (304): licitacoesPropostas-2026.csv
2026-07-30 03:10:35,890 [INFO] etl_camara — → sem alterações (304): proposicoesTemas-2026.csv
2026-07-30 03:10:35,957 [INFO] etl_camara — → sem alterações (304): proposicoesAutores-2026.csv
2026-07-30 03:10:36,092 [INFO] etl_camara — → sem alterações (304): licitacoesPedidos-2026.csv
2026-07-30 03:10:36,093 [INFO] etl_camara — → sem alterações (304): licitacoesContratos-2026.csv
2026-07-30 03:10:36,155 [INFO] etl_camara — → sem alterações (304): licitacoesItens-2026.csv
2026-07-30 03:10:36,290 [WARNING] etl_camara — 404 — não encontrado: http://dadosabertos.camara.leg.br/arquivos/orgaosDeputados/csv/orgaosDeputados-L1.csv
2026-07-30 03:10:36,290 [WARNING] etl_camara — 404 — não encontrado: http://dadosabertos.camara.leg.br/arquivos/orgaosDeputados/csv/orgaosDeputados-L2.csv
2026-07-30 03:10:36,357 [WARNING] etl_camara — 404 — não encontrado: http://dadosabertos.camara.leg.br/arquivos/orgaosDeputados/csv/orgaosDeputados-L4.csv
2026-07-30 03:10:36,488 [WARNING] etl_camara — 404 — não encontrado: http://dadosabertos.camara.leg.br/arquivos/orgaosDeputados/csv/orgaosDeputados-L8.csv
2026-07-30 03:10:36,490 [WARNING] etl_camara — 404 — não encontrado: http://dadosabertos.camara.leg.br/arquivos/orgaosDeputados/csv/orgaosDeputados-L3.csv
2026-07-30 03:10:36,556 [WARNING] etl_camara — 404 — não encontrado: http://dadosabertos.camara.leg.br/arquivos/orgaosDeputados/csv/orgaosDeputados-L5.csv
2026-07-30 03:10:36,688 [WARNING] etl_camara — 404 — não encontrado: http://dadosabertos.camara.leg.br/arquivos/orgaosDeputados/csv/orgaosDeputados-L6.csv
2026-07-30 03:10:36,690 [WARNING] etl_camara — 404 — não encontrado: http://dadosabertos.camara.leg.br/arquivos/orgaosDeputados/csv/orgaosDeputados-L12.csv
2026-07-30 03:10:36,760 [WARNING] etl_camara — 404 — não encontrado: http://dadosabertos.camara.leg.br/arquivos/orgaosDeputados/csv/orgaosDeputados-L7.csv
2026-07-30 03:10:36,889 [WARNING] etl_camara — 404 — não encontrado: http://dadosabertos.camara.leg.br/arquivos/orgaosDeputados/csv/orgaosDeputados-L9.csv
2026-07-30 03:10:36,889 [WARNING] etl_camara — 404 — não encontrado: http://dadosabertos.camara.leg.br/arquivos/orgaosDeputados/csv/orgaosDeputados-L15.csv
2026-07-30 03:10:36,954 [WARNING] etl_camara — 404 — não encontrado: http://dadosabertos.camara.leg.br/arquivos/orgaosDeputados/csv/orgaosDeputados-L10.csv
2026-07-30 03:10:37,090 [WARNING] etl_camara — 404 — não encontrado: http://dadosabertos.camara.leg.br/arquivos/orgaosDeputados/csv/orgaosDeputados-L13.csv
2026-07-30 03:10:37,155 [WARNING] etl_camara — 404 — não encontrado: http://dadosabertos.camara.leg.br/arquivos/orgaosDeputados/csv/orgaosDeputados-L11.csv
2026-07-30 03:10:37,289 [WARNING] etl_camara — 404 — não encontrado: http://dadosabertos.camara.leg.br/arquivos/orgaosDeputados/csv/orgaosDeputados-L16.csv
2026-07-30 03:10:37,355 [WARNING] etl_camara — 404 — não encontrado: http://dadosabertos.camara.leg.br/arquivos/orgaosDeputados/csv/orgaosDeputados-L14.csv
2026-07-30 03:10:37,472 [WARNING] etl_camara — 404 — não encontrado: http://dadosabertos.camara.leg.br/arquivos/orgaosDeputados/csv/orgaosDeputados-L24.csv
2026-07-30 03:10:37,488 [WARNING] etl_camara — 404 — não encontrado: http://dadosabertos.camara.leg.br/arquivos/orgaosDeputados/csv/orgaosDeputados-L17.csv
2026-07-30 03:10:37,558 [WARNING] etl_camara — 404 — não encontrado: http://dadosabertos.camara.leg.br/arquivos/orgaosDeputados/csv/orgaosDeputados-L19.csv
2026-07-30 03:10:37,689 [WARNING] etl_camara — 404 — não encontrado: http://dadosabertos.camara.leg.br/arquivos/orgaosDeputados/csv/orgaosDeputados-L20.csv
2026-07-30 03:10:37,774 [WARNING] etl_camara — 404 — não encontrado: http://dadosabertos.camara.leg.br/arquivos/orgaosDeputados/csv/orgaosDeputados-L18.csv
2026-07-30 03:10:37,813 [WARNING] etl_camara — 404 — não encontrado: http://dadosabertos.camara.leg.br/arquivos/orgaosDeputados/csv/orgaosDeputados-L28.csv
2026-07-30 03:10:37,888 [WARNING] etl_camara — 404 — não encontrado: http://dadosabertos.camara.leg.br/arquivos/orgaosDeputados/csv/orgaosDeputados-L26.csv
2026-07-30 03:10:37,954 [WARNING] etl_camara — 404 — não encontrado: http://dadosabertos.camara.leg.br/arquivos/orgaosDeputados/csv/orgaosDeputados-L21.csv
2026-07-30 03:10:38,013 [WARNING] etl_camara — 404 — não encontrado: http://dadosabertos.camara.leg.br/arquivos/orgaosDeputados/csv/orgaosDeputados-L29.csv
2026-07-30 03:10:38,090 [WARNING] etl_camara — 404 — não encontrado: http://dadosabertos.camara.leg.br/arquivos/orgaosDeputados/csv/orgaosDeputados-L27.csv
2026-07-30 03:10:38,157 [WARNING] etl_camara — 404 — não encontrado: http://dadosabertos.camara.leg.br/arquivos/orgaosDeputados/csv/orgaosDeputados-L22.csv
2026-07-30 03:10:38,288 [WARNING] etl_camara — 404 — não encontrado: http://dadosabertos.camara.leg.br/arquivos/orgaosDeputados/csv/orgaosDeputados-L30.csv
2026-07-30 03:10:38,356 [WARNING] etl_camara — 404 — não encontrado: http://dadosabertos.camara.leg.br/arquivos/orgaosDeputados/csv/orgaosDeputados-L23.csv
2026-07-30 03:10:38,413 [WARNING] etl_camara — 404 — não encontrado: http://dadosabertos.camara.leg.br/arquivos/orgaosDeputados/csv/orgaosDeputados-L36.csv
2026-07-30 03:10:38,489 [WARNING] etl_camara — 404 — não encontrado: http://dadosabertos.camara.leg.br/arquivos/orgaosDeputados/csv/orgaosDeputados-L33.csv
2026-07-30 03:10:38,554 [WARNING] etl_camara — 404 — não encontrado: http://dadosabertos.camara.leg.br/arquivos/orgaosDeputados/csv/orgaosDeputados-L25.csv
2026-07-30 03:10:38,677 [WARNING] etl_camara — 404 — não encontrado: http://dadosabertos.camara.leg.br/arquivos/orgaosDeputados/csv/orgaosDeputados-L40.csv
2026-07-30 03:10:38,689 [WARNING] etl_camara — 404 — não encontrado: http://dadosabertos.camara.leg.br/arquivos/orgaosDeputados/csv/orgaosDeputados-L35.csv
2026-07-30 03:10:38,755 [WARNING] etl_camara — 404 — não encontrado: http://dadosabertos.camara.leg.br/arquivos/orgaosDeputados/csv/orgaosDeputados-L31.csv
2026-07-30 03:10:38,878 [WARNING] etl_camara — 404 — não encontrado: http://dadosabertos.camara.leg.br/arquivos/orgaosDeputados/csv/orgaosDeputados-L41.csv
2026-07-30 03:10:38,888 [WARNING] etl_camara — 404 — não encontrado: http://dadosabertos.camara.leg.br/arquivos/orgaosDeputados/csv/orgaosDeputados-L42.csv
2026-07-30 03:10:38,956 [WARNING] etl_camara — 404 — não encontrado: http://dadosabertos.camara.leg.br/arquivos/orgaosDeputados/csv/orgaosDeputados-L32.csv
2026-07-30 03:10:39,089 [WARNING] etl_camara — 404 — não encontrado: http://dadosabertos.camara.leg.br/arquivos/orgaosDeputados/csv/orgaosDeputados-L43.csv
2026-07-30 03:10:39,155 [WARNING] etl_camara — 404 — não encontrado: http://dadosabertos.camara.leg.br/arquivos/orgaosDeputados/csv/orgaosDeputados-L34.csv
2026-07-30 03:10:39,290 [WARNING] etl_camara — 404 — não encontrado: http://dadosabertos.camara.leg.br/arquivos/orgaosDeputados/csv/orgaosDeputados-L46.csv
2026-07-30 03:10:39,292 [WARNING] etl_camara — 404 — não encontrado: http://dadosabertos.camara.leg.br/arquivos/orgaosDeputados/csv/orgaosDeputados-L48.csv
2026-07-30 03:10:39,355 [WARNING] etl_camara — 404 — não encontrado: http://dadosabertos.camara.leg.br/arquivos/orgaosDeputados/csv/orgaosDeputados-L37.csv
2026-07-30 03:10:39,489 [WARNING] etl_camara — 404 — não encontrado: http://dadosabertos.camara.leg.br/arquivos/orgaosDeputados/csv/orgaosDeputados-L47.csv
2026-07-30 03:10:39,556 [WARNING] etl_camara — 404 — não encontrado: http://dadosabertos.camara.leg.br/arquivos/orgaosDeputados/csv/orgaosDeputados-L38.csv
2026-07-30 03:10:39,608 [INFO] etl_camara — → sem alterações (304): orgaosDeputados-L52.csv
2026-07-30 03:10:39,688 [WARNING] etl_camara — 404 — não encontrado: http://dadosabertos.camara.leg.br/arquivos/orgaosDeputados/csv/orgaosDeputados-L49.csv
2026-07-30 03:10:39,773 [WARNING] etl_camara — 404 — não encontrado: http://dadosabertos.camara.leg.br/arquivos/orgaosDeputados/csv/orgaosDeputados-L39.csv
2026-07-30 03:10:39,808 [INFO] etl_camara — → sem alterações (304): orgaosDeputados-L53.csv
2026-07-30 03:10:39,890 [INFO] etl_camara — → sem alterações (304): orgaosDeputados-L51.csv
2026-07-30 03:10:39,956 [WARNING] etl_camara — 404 — não encontrado: http://dadosabertos.camara.leg.br/arquivos/orgaosDeputados/csv/orgaosDeputados-L44.csv
2026-07-30 03:10:40,009 [INFO] etl_camara — → sem alterações (304): orgaosDeputados-L54.csv
2026-07-30 03:10:40,044 [INFO] etl_camara — → sem alterações (304): Ano-2026.csv.zip
2026-07-30 03:10:40,089 [INFO] etl_camara — → sem alterações (304): orgaosDeputados-L57.csv
2026-07-30 03:10:40,154 [WARNING] etl_camara — 404 — não encontrado: http://dadosabertos.camara.leg.br/arquivos/orgaosDeputados/csv/orgaosDeputados-L45.csv
2026-07-30 03:10:40,208 [INFO] etl_camara — → sem alterações (304): orgaosDeputados-L56.csv
2026-07-30 03:10:40,355 [WARNING] etl_camara — 404 — não encontrado: http://dadosabertos.camara.leg.br/arquivos/orgaosDeputados/csv/orgaosDeputados-L50.csv
2026-07-30 03:10:40,556 [INFO] etl_camara — → sem alterações (304): orgaosDeputados-L55.csv
2026-07-30 03:10:40,558 [INFO] etl_camara — ━━━━━━━━━━━━━━━━━━━━━━━━━━━━━━━━━━━━━━━━━━━━━━━━━━━━━━━━━━━━
2026-07-30 03:10:40,558 [INFO] etl_camara — 🌊 Onda 2 — 6 datasets | workers=8
2026-07-30 03:10:40,683 [INFO] etl_camara — → sem alterações (304): votacoesOrientacoes-2026.csv
2026-07-30 03:10:40,684 [INFO] etl_camara — → sem alterações (304): votacoesProposicoes-2026.csv
2026-07-30 03:10:40,755 [INFO] etl_camara — → sem alterações (304): votacoesVotos-2026.csv
2026-07-30 03:10:40,882 [INFO] etl_camara — → sem alterações (304): gruposHistorico.csv
2026-07-30 03:10:40,884 [INFO] etl_camara — → sem alterações (304): gruposMembros.csv
2026-07-30 03:10:40,957 [INFO] etl_camara — → sem alterações (304): frentesDeputados.csv
2026-07-30 03:10:40,959 [INFO] etl_camara — ━━━━━━━━━━━━━━━━━━━━━━━━━━━━━━━━━━━━━━━━━━━━━━━━━━━━━━━━━━━━
2026-07-30 03:10:40,959 [INFO] etl_camara — 🏁 ETL concluído — processados: 0 | sem alteração (304): 38 | histórico pulado: 0 | erros: 50 | total: 88
2026-07-30 03:10:40,959 [WARNING] etl_camara — Datasets com falha (50): ['orgaosDeputados_L1', 'orgaosDeputados_L2', 'orgaosDeputados_L4', 'orgaosDeputados_L8', 'orgaosDeputados_L3', 'orgaosDeputados_L5', 'orgaosDeputados_L6', 'orgaosDeputados_L12', 'orgaosDeputados_L7', 'orgaosDeputados_L9', 'orgaosDeputados_L15', 'orgaosDeputados_L10', 'orgaosDeputados_L13', 'orgaosDeputados_L11', 'orgaosDeputados_L16', 'orgaosDeputados_L14', 'orgaosDeputados_L24', 'orgaosDeputados_L17', 'orgaosDeputados_L19', 'orgaosDeputados_L20', 'orgaosDeputados_L18', 'orgaosDeputados_L28', 'orgaosDeputados_L26', 'orgaosDeputados_L21', 'orgaosDeputados_L29', 'orgaosDeputados_L27', 'orgaosDeputados_L22', 'orgaosDeputados_L30', 'orgaosDeputados_L23', 'orgaosDeputados_L36', 'orgaosDeputados_L33', 'orgaosDeputados_L25', 'orgaosDeputados_L40', 'orgaosDeputados_L35', 'orgaosDeputados_L31', 'orgaosDeputados_L41', 'orgaosDeputados_L42', 'orgaosDeputados_L32', 'orgaosDeputados_L43', 'orgaosDeputados_L34', 'orgaosDeputados_L46', 'orgaosDeputados_L48', 'orgaosDeputados_L37', 'orgaosDeputados_L47', 'orgaosDeputados_L38', 'orgaosDeputados_L49', 'orgaosDeputados_L39', 'orgaosDeputados_L44', 'orgaosDeputados_L45', 'orgaosDeputados_L50']
2026-07-30 03:10:40,959 [ERROR] etl_camara — ETL finalizado com 50 dataset(s) em erro — saindo com código 1
2026-07-30 19:34:16,135 [INFO] etl_camara — Banco: postgres:5432/quemvota
2026-07-30 19:34:16,135 [INFO] etl_camara — Cache: etl_cache.json
2026-07-30 19:34:16,135 [INFO] etl_camara — Workers — download: 8 | backfill: 4
2026-07-30 19:34:16,146 [INFO] etl_camara — Iniciando ETL: 88 datasets | anos=[2026] | legislaturas=[1, 2, 3, 4, 5, 6, 7, 8, 9, 10, 11, 12, 13, 14, 15, 16, 17, 18, 19, 20, 21, 22, 23, 24, 25, 26, 27, 28, 29, 30, 31, 32, 33, 34, 35, 36, 37, 38, 39, 40, 41, 42, 43, 44, 45, 46, 47, 48, 49, 50, 51, 52, 53, 54, 55, 56, 57]
2026-07-30 19:34:16,146 [INFO] etl_camara — ━━━━━━━━━━━━━━━━━━━━━━━━━━━━━━━━━━━━━━━━━━━━━━━━━━━━━━━━━━━━
2026-07-30 19:34:16,146 [INFO] etl_camara — 🌊 Onda 0 — 9 datasets | workers=8
2026-07-30 19:34:16,416 [INFO] etl_camara — ✔ tecadCategorias.csv (79 linhas)
2026-07-30 19:34:16,471 [INFO] etl_camara —   upsert tecadCategorias → 79 registros
2026-07-30 19:34:16,526 [INFO] etl_camara — ✔ eventos-2026.csv (1444 linhas)
2026-07-30 19:34:16,603 [INFO] etl_camara — ✔ legislaturas.csv (57 linhas)
2026-07-30 19:34:16,837 [INFO] etl_camara —   upsert legislaturas → 57 registros
2026-07-30 19:34:16,915 [INFO] etl_camara —   upsert eventos_2026 → 1444 registros
2026-07-30 19:34:17,341 [INFO] etl_camara — ✔ tecadTermos.csv (80542 linhas)
2026-07-30 19:34:17,424 [INFO] etl_camara — ✔ deputados.csv (7889 linhas)
2026-07-30 19:34:17,442 [INFO] etl_camara — ✔ licitacoes-2026.csv (98 linhas)
2026-07-30 19:34:17,523 [INFO] etl_camara — ✔ funcionarios.csv (15577 linhas)
2026-07-30 19:34:17,633 [INFO] etl_camara —   upsert licitacoes_2026 → 98 registros
2026-07-30 19:34:17,771 [INFO] etl_camara — ✔ orgaos.csv (3865 linhas)
2026-07-30 19:34:19,981 [INFO] etl_camara —   upsert orgaos → 3865 registros
2026-07-30 19:34:21,321 [INFO] etl_camara —   upsert deputados → 7889 registros
2026-07-30 19:34:24,344 [INFO] etl_camara —   upsert funcionarios → 15572 registros
2026-07-30 19:34:25,405 [INFO] etl_camara — ✔ proposicoes-2026.csv (40279 linhas)
2026-07-30 19:34:43,660 [INFO] etl_camara —   upsert tecadTermos → 80542 registros
2026-07-30 19:34:54,006 [INFO] etl_camara —   upsert proposicoes_2026 → 40279 registros
2026-07-30 19:34:54,042 [INFO] etl_camara — ━━━━━━━━━━━━━━━━━━━━━━━━━━━━━━━━━━━━━━━━━━━━━━━━━━━━━━━━━━━━
2026-07-30 19:34:54,042 [INFO] etl_camara — 🌊 Onda 1 — 73 datasets | workers=8
2026-07-30 19:34:54,238 [INFO] etl_camara — → sem alterações (304): grupos.csv
2026-07-30 19:34:54,289 [INFO] etl_camara — ✔ eventosRequerimentos-2026.csv (838 linhas)
2026-07-30 19:34:54,409 [INFO] etl_camara — ✔ deputadosProfissoes.csv (12594 linhas)
2026-07-30 19:34:54,510 [INFO] etl_camara — ✔ legislaturasMesas.csv (177 linhas)
2026-07-30 19:34:54,680 [INFO] etl_camara — ✔ frentes.csv (1443 linhas)
2026-07-30 19:34:54,694 [INFO] etl_camara —   upsert legislaturasMesas → 177 registros
2026-07-30 19:34:54,755 [INFO] etl_camara — ✔ eventosOrgaos-2026.csv (1444 linhas)
2026-07-30 19:34:54,998 [INFO] etl_camara — ✔ eventosPresencaDeputados-2026.csv (52882 linhas)
2026-07-30 19:34:55,587 [INFO] etl_camara — ✔ proposicoesTemas-2026.csv (20774 linhas)
2026-07-30 19:34:55,710 [INFO] etl_camara — ✔ deputadosOcupacoes.csv (37492 linhas)
2026-07-30 19:34:56,182 [INFO] etl_camara —   FK-insert eventosRequerimentos_2026 → 838 registros
2026-07-30 19:34:56,838 [INFO] etl_camara — ✔ votacoes-2026.csv (6528 linhas)
2026-07-30 19:34:57,375 [INFO] etl_camara — ✔ proposicoesAutores-2026.csv (50546 linhas)
2026-07-30 19:35:00,586 [INFO] etl_camara —   FK-insert frentes → 1443 registros
2026-07-30 19:35:00,764 [INFO] etl_camara — ✔ licitacoesPedidos-2026.csv (97 linhas)
2026-07-30 19:35:00,965 [INFO] etl_camara —   FK-insert licitacoesPedidos_2026 → 97 registros
2026-07-30 19:35:01,153 [INFO] etl_camara — ✔ licitacoesPropostas-2026.csv (287 linhas)
2026-07-30 19:35:01,428 [INFO] etl_camara —   FK-insert eventosOrgaos_2026 → 1444 registros
2026-07-30 19:35:01,692 [INFO] etl_camara — ✔ licitacoesItens-2026.csv (740 linhas)
2026-07-30 19:35:01,859 [INFO] etl_camara —   FK-insert licitacoesPropostas_2026 → 287 registros
2026-07-30 19:35:02,070 [INFO] etl_camara — ✔ licitacoesContratos-2026.csv (38 linhas)
2026-07-30 19:35:02,192 [INFO] etl_camara —   FK-insert licitacoesContratos_2026 → 38 registros
2026-07-30 19:35:02,379 [WARNING] etl_camara — 404 — não encontrado: http://dadosabertos.camara.leg.br/arquivos/orgaosDeputados/csv/orgaosDeputados-L1.csv
2026-07-30 19:35:02,567 [WARNING] etl_camara — 404 — não encontrado: http://dadosabertos.camara.leg.br/arquivos/orgaosDeputados/csv/orgaosDeputados-L2.csv
2026-07-30 19:35:02,776 [WARNING] etl_camara — 404 — não encontrado: http://dadosabertos.camara.leg.br/arquivos/orgaosDeputados/csv/orgaosDeputados-L3.csv
2026-07-30 19:35:02,899 [INFO] etl_camara —   FK-insert licitacoesItens_2026 → 740 registros
2026-07-30 19:35:02,958 [WARNING] etl_camara — 404 — não encontrado: http://dadosabertos.camara.leg.br/arquivos/orgaosDeputados/csv/orgaosDeputados-L4.csv
2026-07-30 19:35:03,054 [WARNING] etl_camara — 404 — não encontrado: http://dadosabertos.camara.leg.br/arquivos/orgaosDeputados/csv/orgaosDeputados-L5.csv
2026-07-30 19:35:03,253 [WARNING] etl_camara — 404 — não encontrado: http://dadosabertos.camara.leg.br/arquivos/orgaosDeputados/csv/orgaosDeputados-L6.csv
2026-07-30 19:35:03,415 [WARNING] etl_camara — 404 — não encontrado: http://dadosabertos.camara.leg.br/arquivos/orgaosDeputados/csv/orgaosDeputados-L8.csv
2026-07-30 19:35:03,462 [WARNING] etl_camara — 404 — não encontrado: http://dadosabertos.camara.leg.br/arquivos/orgaosDeputados/csv/orgaosDeputados-L7.csv
2026-07-30 19:35:03,625 [WARNING] etl_camara — 404 — não encontrado: http://dadosabertos.camara.leg.br/arquivos/orgaosDeputados/csv/orgaosDeputados-L9.csv
2026-07-30 19:35:03,640 [WARNING] etl_camara — 404 — não encontrado: http://dadosabertos.camara.leg.br/arquivos/orgaosDeputados/csv/orgaosDeputados-L10.csv
2026-07-30 19:35:03,800 [WARNING] etl_camara — 404 — não encontrado: http://dadosabertos.camara.leg.br/arquivos/orgaosDeputados/csv/orgaosDeputados-L12.csv
2026-07-30 19:35:03,824 [WARNING] etl_camara — 404 — não encontrado: http://dadosabertos.camara.leg.br/arquivos/orgaosDeputados/csv/orgaosDeputados-L11.csv
2026-07-30 19:35:03,973 [WARNING] etl_camara — 404 — não encontrado: http://dadosabertos.camara.leg.br/arquivos/orgaosDeputados/csv/orgaosDeputados-L13.csv
2026-07-30 19:35:03,992 [WARNING] etl_camara — 404 — não encontrado: http://dadosabertos.camara.leg.br/arquivos/orgaosDeputados/csv/orgaosDeputados-L14.csv
2026-07-30 19:35:04,171 [WARNING] etl_camara — 404 — não encontrado: http://dadosabertos.camara.leg.br/arquivos/orgaosDeputados/csv/orgaosDeputados-L16.csv
2026-07-30 19:35:04,191 [WARNING] etl_camara — 404 — não encontrado: http://dadosabertos.camara.leg.br/arquivos/orgaosDeputados/csv/orgaosDeputados-L15.csv
2026-07-30 19:35:04,327 [WARNING] etl_camara — 404 — não encontrado: http://dadosabertos.camara.leg.br/arquivos/orgaosDeputados/csv/orgaosDeputados-L18.csv
2026-07-30 19:35:04,399 [WARNING] etl_camara — 404 — não encontrado: http://dadosabertos.camara.leg.br/arquivos/orgaosDeputados/csv/orgaosDeputados-L17.csv
2026-07-30 19:35:04,594 [WARNING] etl_camara — 404 — não encontrado: http://dadosabertos.camara.leg.br/arquivos/orgaosDeputados/csv/orgaosDeputados-L19.csv
2026-07-30 19:35:04,792 [WARNING] etl_camara — 404 — não encontrado: http://dadosabertos.camara.leg.br/arquivos/orgaosDeputados/csv/orgaosDeputados-L20.csv
2026-07-30 19:35:04,942 [WARNING] etl_camara — 404 — não encontrado: http://dadosabertos.camara.leg.br/arquivos/orgaosDeputados/csv/orgaosDeputados-L22.csv
2026-07-30 19:35:04,999 [WARNING] etl_camara — 404 — não encontrado: http://dadosabertos.camara.leg.br/arquivos/orgaosDeputados/csv/orgaosDeputados-L21.csv
2026-07-30 19:35:05,143 [WARNING] etl_camara — 404 — não encontrado: http://dadosabertos.camara.leg.br/arquivos/orgaosDeputados/csv/orgaosDeputados-L23.csv
2026-07-30 19:35:05,198 [WARNING] etl_camara — 404 — não encontrado: http://dadosabertos.camara.leg.br/arquivos/orgaosDeputados/csv/orgaosDeputados-L24.csv
2026-07-30 19:35:05,304 [WARNING] etl_camara — 404 — não encontrado: http://dadosabertos.camara.leg.br/arquivos/orgaosDeputados/csv/orgaosDeputados-L25.csv
2026-07-30 19:35:05,358 [WARNING] etl_camara — 404 — não encontrado: http://dadosabertos.camara.leg.br/arquivos/orgaosDeputados/csv/orgaosDeputados-L26.csv
2026-07-30 19:35:05,557 [WARNING] etl_camara — 404 — não encontrado: http://dadosabertos.camara.leg.br/arquivos/orgaosDeputados/csv/orgaosDeputados-L27.csv
2026-07-30 19:35:05,719 [WARNING] etl_camara — 404 — não encontrado: http://dadosabertos.camara.leg.br/arquivos/orgaosDeputados/csv/orgaosDeputados-L29.csv
2026-07-30 19:35:05,757 [WARNING] etl_camara — 404 — não encontrado: http://dadosabertos.camara.leg.br/arquivos/orgaosDeputados/csv/orgaosDeputados-L28.csv
2026-07-30 19:35:05,935 [WARNING] etl_camara — 404 — não encontrado: http://dadosabertos.camara.leg.br/arquivos/orgaosDeputados/csv/orgaosDeputados-L31.csv
2026-07-30 19:35:05,948 [WARNING] etl_camara — 404 — não encontrado: http://dadosabertos.camara.leg.br/arquivos/orgaosDeputados/csv/orgaosDeputados-L30.csv
2026-07-30 19:35:06,135 [WARNING] etl_camara — 404 — não encontrado: http://dadosabertos.camara.leg.br/arquivos/orgaosDeputados/csv/orgaosDeputados-L33.csv
2026-07-30 19:35:06,156 [WARNING] etl_camara — 404 — não encontrado: http://dadosabertos.camara.leg.br/arquivos/orgaosDeputados/csv/orgaosDeputados-L32.csv
2026-07-30 19:35:06,358 [WARNING] etl_camara — 404 — não encontrado: http://dadosabertos.camara.leg.br/arquivos/orgaosDeputados/csv/orgaosDeputados-L34.csv
2026-07-30 19:35:06,534 [WARNING] etl_camara — 404 — não encontrado: http://dadosabertos.camara.leg.br/arquivos/orgaosDeputados/csv/orgaosDeputados-L36.csv
2026-07-30 19:35:06,552 [WARNING] etl_camara — 404 — não encontrado: http://dadosabertos.camara.leg.br/arquivos/orgaosDeputados/csv/orgaosDeputados-L35.csv
2026-07-30 19:35:06,727 [WARNING] etl_camara — 404 — não encontrado: http://dadosabertos.camara.leg.br/arquivos/orgaosDeputados/csv/orgaosDeputados-L38.csv
2026-07-30 19:35:06,749 [WARNING] etl_camara — 404 — não encontrado: http://dadosabertos.camara.leg.br/arquivos/orgaosDeputados/csv/orgaosDeputados-L37.csv
2026-07-30 19:35:06,934 [WARNING] etl_camara — 404 — não encontrado: http://dadosabertos.camara.leg.br/arquivos/orgaosDeputados/csv/orgaosDeputados-L39.csv
2026-07-30 19:35:06,958 [WARNING] etl_camara — 404 — não encontrado: http://dadosabertos.camara.leg.br/arquivos/orgaosDeputados/csv/orgaosDeputados-L40.csv
2026-07-30 19:35:07,136 [WARNING] etl_camara — 404 — não encontrado: http://dadosabertos.camara.leg.br/arquivos/orgaosDeputados/csv/orgaosDeputados-L41.csv
2026-07-30 19:35:07,159 [WARNING] etl_camara — 404 — não encontrado: http://dadosabertos.camara.leg.br/arquivos/orgaosDeputados/csv/orgaosDeputados-L42.csv
2026-07-30 19:35:07,313 [WARNING] etl_camara — 404 — não encontrado: http://dadosabertos.camara.leg.br/arquivos/orgaosDeputados/csv/orgaosDeputados-L44.csv
2026-07-30 19:35:07,335 [WARNING] etl_camara — 404 — não encontrado: http://dadosabertos.camara.leg.br/arquivos/orgaosDeputados/csv/orgaosDeputados-L43.csv
2026-07-30 19:35:07,496 [WARNING] etl_camara — 404 — não encontrado: http://dadosabertos.camara.leg.br/arquivos/orgaosDeputados/csv/orgaosDeputados-L46.csv
2026-07-30 19:35:07,517 [WARNING] etl_camara — 404 — não encontrado: http://dadosabertos.camara.leg.br/arquivos/orgaosDeputados/csv/orgaosDeputados-L45.csv
2026-07-30 19:35:07,696 [WARNING] etl_camara — 404 — não encontrado: http://dadosabertos.camara.leg.br/arquivos/orgaosDeputados/csv/orgaosDeputados-L47.csv
2026-07-30 19:35:07,702 [WARNING] etl_camara — 404 — não encontrado: http://dadosabertos.camara.leg.br/arquivos/orgaosDeputados/csv/orgaosDeputados-L48.csv
2026-07-30 19:35:07,889 [WARNING] etl_camara — 404 — não encontrado: http://dadosabertos.camara.leg.br/arquivos/orgaosDeputados/csv/orgaosDeputados-L50.csv
2026-07-30 19:35:08,098 [WARNING] etl_camara — 404 — não encontrado: http://dadosabertos.camara.leg.br/arquivos/orgaosDeputados/csv/orgaosDeputados-L49.csv
2026-07-30 19:35:08,319 [INFO] etl_camara — ✔ orgaosDeputados-L51.csv (12158 linhas)
2026-07-30 19:35:08,818 [INFO] etl_camara — ✔ orgaosDeputados-L52.csv (12512 linhas)
2026-07-30 19:35:14,425 [INFO] etl_camara —   FK-insert deputadosProfissoes → 12594 registros
2026-07-30 19:35:14,902 [INFO] etl_camara — ✔ orgaosDeputados-L53.csv (10994 linhas)
2026-07-30 19:35:24,491 [INFO] etl_camara —   FK-insert votacoes_2026 → 6528 registros
2026-07-30 19:35:25,054 [INFO] etl_camara — ✔ orgaosDeputados-L54.csv (13591 linhas)
2026-07-30 19:35:35,182 [INFO] etl_camara —   FK-insert orgaosDeputados_L51 → 12158 registros
2026-07-30 19:35:35,864 [INFO] etl_camara — ✔ orgaosDeputados-L55.csv (17815 linhas)
2026-07-30 19:35:38,238 [INFO] etl_camara —   FK-insert orgaosDeputados_L52 → 12512 registros
2026-07-30 19:35:38,794 [INFO] etl_camara — ✔ orgaosDeputados-L56.csv (14519 linhas)
2026-07-30 19:35:41,422 [INFO] etl_camara —   FK-insert orgaosDeputados_L53 → 10994 registros
2026-07-30 19:35:41,938 [INFO] etl_camara — ✔ orgaosDeputados-L57.csv (13230 linhas)
2026-07-30 19:35:48,092 [INFO] etl_camara —   FK-insert deputadosOcupacoes → 33057 registros
2026-07-30 19:35:49,329 [INFO] etl_camara — ✔ Ano-2026.csv.zip (87363 linhas)
2026-07-30 19:36:01,705 [INFO] etl_camara —   FK-insert orgaosDeputados_L54 → 13591 registros
2026-07-30 19:36:02,030 [INFO] etl_camara —   FK-insert proposicoesTemas_2026 → 20774 registros
2026-07-30 19:36:12,217 [INFO] etl_camara —   FK-insert orgaosDeputados_L56 → 14519 registros
2026-07-30 19:36:12,622 [INFO] etl_camara —   FK-insert orgaosDeputados_L57 → 13230 registros
2026-07-30 19:36:14,666 [INFO] etl_camara —   FK-insert orgaosDeputados_L55 → 17815 registros
2026-07-30 19:36:27,542 [INFO] etl_camara —   FK-insert eventosPresenca_2026 → 52882 registros
2026-07-30 19:36:49,877 [INFO] etl_camara —   FK-insert proposicoesAutores_2026 → 50546 registros
2026-07-30 19:37:55,863 [INFO] etl_camara —   FK-insert cotas_2026 → 86910 registros
2026-07-30 19:37:55,906 [INFO] etl_camara — ━━━━━━━━━━━━━━━━━━━━━━━━━━━━━━━━━━━━━━━━━━━━━━━━━━━━━━━━━━━━
2026-07-30 19:37:55,906 [INFO] etl_camara — 🌊 Onda 2 — 6 datasets | workers=8
2026-07-30 19:37:56,141 [INFO] etl_camara — ✔ votacoesOrientacoes-2026.csv (1734 linhas)
2026-07-30 19:37:56,190 [INFO] etl_camara — ✔ votacoesProposicoes-2026.csv (4943 linhas)
2026-07-30 19:37:56,283 [INFO] etl_camara — → sem alterações (304): gruposMembros.csv
2026-07-30 19:37:56,477 [INFO] etl_camara — → sem alterações (304): gruposHistorico.csv
2026-07-30 19:37:57,109 [INFO] etl_camara —   FK-insert votacoesOrientacoes_2026 → 1734 registros
2026-07-30 19:37:57,263 [INFO] etl_camara — ✔ votacoesVotos-2026.csv (48645 linhas)
2026-07-30 19:37:59,377 [INFO] etl_camara — ✔ frentesDeputados.csv (262257 linhas)
2026-07-30 19:38:04,477 [INFO] etl_camara —   FK-insert votacoesObjetos_2026 → 4943 registros
2026-07-30 19:38:30,346 [INFO] etl_camara —   FK-insert votacoesVotos_2026 → 48645 registros
2026-07-30 19:43:31,687 [INFO] etl_camara —   FK-insert frentesDeputados → 262257 registros
2026-07-30 19:43:31,719 [INFO] etl_camara — ━━━━━━━━━━━━━━━━━━━━━━━━━━━━━━━━━━━━━━━━━━━━━━━━━━━━━━━━━━━━
2026-07-30 19:43:31,720 [INFO] etl_camara — 🏁 ETL concluído — processados: 35 | sem alteração (304): 3 | histórico pulado: 0 | erros: 50 | total: 88
2026-07-30 19:43:31,720 [WARNING] etl_camara — Datasets com falha (50): ['orgaosDeputados_L1', 'orgaosDeputados_L2', 'orgaosDeputados_L3', 'orgaosDeputados_L4', 'orgaosDeputados_L5', 'orgaosDeputados_L6', 'orgaosDeputados_L8', 'orgaosDeputados_L7', 'orgaosDeputados_L9', 'orgaosDeputados_L10', 'orgaosDeputados_L12', 'orgaosDeputados_L11', 'orgaosDeputados_L13', 'orgaosDeputados_L14', 'orgaosDeputados_L16', 'orgaosDeputados_L15', 'orgaosDeputados_L18', 'orgaosDeputados_L17', 'orgaosDeputados_L19', 'orgaosDeputados_L20', 'orgaosDeputados_L22', 'orgaosDeputados_L21', 'orgaosDeputados_L23', 'orgaosDeputados_L24', 'orgaosDeputados_L25', 'orgaosDeputados_L26', 'orgaosDeputados_L27', 'orgaosDeputados_L29', 'orgaosDeputados_L28', 'orgaosDeputados_L31', 'orgaosDeputados_L30', 'orgaosDeputados_L33', 'orgaosDeputados_L32', 'orgaosDeputados_L34', 'orgaosDeputados_L36', 'orgaosDeputados_L35', 'orgaosDeputados_L38', 'orgaosDeputados_L37', 'orgaosDeputados_L39', 'orgaosDeputados_L40', 'orgaosDeputados_L41', 'orgaosDeputados_L42', 'orgaosDeputados_L44', 'orgaosDeputados_L43', 'orgaosDeputados_L46', 'orgaosDeputados_L45', 'orgaosDeputados_L47', 'orgaosDeputados_L48', 'orgaosDeputados_L50', 'orgaosDeputados_L49']
2026-07-30 19:43:31,720 [ERROR] etl_camara — ETL finalizado com 50 dataset(s) em erro — saindo com código 1
2026-07-30 19:48:33,814 [INFO] etl_camara — Banco: postgres:5432/quemvota
2026-07-30 19:48:33,814 [INFO] etl_camara — Cache: etl_cache.json
2026-07-30 19:48:33,814 [INFO] etl_camara — Workers — download: 8 | backfill: 4
2026-07-30 19:48:33,829 [INFO] etl_camara — Iniciando ETL: 88 datasets | anos=[2026] | legislaturas=[1, 2, 3, 4, 5, 6, 7, 8, 9, 10, 11, 12, 13, 14, 15, 16, 17, 18, 19, 20, 21, 22, 23, 24, 25, 26, 27, 28, 29, 30, 31, 32, 33, 34, 35, 36, 37, 38, 39, 40, 41, 42, 43, 44, 45, 46, 47, 48, 49, 50, 51, 52, 53, 54, 55, 56, 57]
2026-07-30 19:48:33,830 [INFO] etl_camara — ━━━━━━━━━━━━━━━━━━━━━━━━━━━━━━━━━━━━━━━━━━━━━━━━━━━━━━━━━━━━
2026-07-30 19:48:33,830 [INFO] etl_camara — 🌊 Onda 0 — 9 datasets | workers=8
2026-07-30 19:48:33,975 [INFO] etl_camara — → sem alterações (304): funcionarios.csv
2026-07-30 19:48:33,985 [INFO] etl_camara — → sem alterações (304): tecadCategorias.csv
2026-07-30 19:48:34,012 [INFO] etl_camara — → sem alterações (304): tecadTermos.csv
2026-07-30 19:48:34,172 [INFO] etl_camara — → sem alterações (304): legislaturas.csv
2026-07-30 19:48:34,197 [INFO] etl_camara — → sem alterações (304): orgaos.csv
2026-07-30 19:48:34,211 [INFO] etl_camara — → sem alterações (304): proposicoes-2026.csv
2026-07-30 19:48:34,379 [INFO] etl_camara — → sem alterações (304): eventos-2026.csv
2026-07-30 19:48:34,383 [INFO] etl_camara — → sem alterações (304): licitacoes-2026.csv
2026-07-30 19:48:34,580 [INFO] etl_camara — → sem alterações (304): deputados.csv
2026-07-30 19:48:34,583 [INFO] etl_camara — ━━━━━━━━━━━━━━━━━━━━━━━━━━━━━━━━━━━━━━━━━━━━━━━━━━━━━━━━━━━━
2026-07-30 19:48:34,583 [INFO] etl_camara — 🌊 Onda 1 — 73 datasets | workers=8
2026-07-30 19:48:34,714 [INFO] etl_camara — → sem alterações (304): legislaturasMesas.csv
2026-07-30 19:48:34,718 [INFO] etl_camara — → sem alterações (304): deputadosOcupacoes.csv
2026-07-30 19:48:34,780 [INFO] etl_camara — → sem alterações (304): grupos.csv
2026-07-30 19:48:34,918 [INFO] etl_camara — → sem alterações (304): eventosOrgaos-2026.csv
2026-07-30 19:48:34,921 [INFO] etl_camara — → sem alterações (304): frentes.csv
2026-07-30 19:48:34,978 [INFO] etl_camara — → sem alterações (304): eventosPresencaDeputados-2026.csv
2026-07-30 19:48:35,115 [INFO] etl_camara — → sem alterações (304): eventosRequerimentos-2026.csv
2026-07-30 19:48:35,116 [INFO] etl_camara — → sem alterações (304): proposicoesTemas-2026.csv
2026-07-30 19:48:35,177 [INFO] etl_camara — → sem alterações (304): proposicoesAutores-2026.csv
2026-07-30 19:48:35,319 [INFO] etl_camara — → sem alterações (304): deputadosProfissoes.csv
2026-07-30 19:48:35,323 [INFO] etl_camara — → sem alterações (304): votacoes-2026.csv
2026-07-30 19:48:35,373 [INFO] etl_camara — → sem alterações (304): licitacoesPedidos-2026.csv
2026-07-30 19:48:35,521 [INFO] etl_camara — → sem alterações (304): licitacoesPropostas-2026.csv
2026-07-30 19:48:35,534 [INFO] etl_camara — → sem alterações (304): licitacoesItens-2026.csv
2026-07-30 19:48:35,572 [WARNING] etl_camara — 404 — não encontrado: http://dadosabertos.camara.leg.br/arquivos/orgaosDeputados/csv/orgaosDeputados-L1.csv
2026-07-30 19:48:35,714 [INFO] etl_camara — → sem alterações (304): licitacoesContratos-2026.csv
2026-07-30 19:48:35,717 [WARNING] etl_camara — 404 — não encontrado: http://dadosabertos.camara.leg.br/arquivos/orgaosDeputados/csv/orgaosDeputados-L2.csv
2026-07-30 19:48:35,780 [WARNING] etl_camara — 404 — não encontrado: http://dadosabertos.camara.leg.br/arquivos/orgaosDeputados/csv/orgaosDeputados-L4.csv
2026-07-30 19:48:35,924 [WARNING] etl_camara — 404 — não encontrado: http://dadosabertos.camara.leg.br/arquivos/orgaosDeputados/csv/orgaosDeputados-L5.csv
2026-07-30 19:48:35,924 [WARNING] etl_camara — 404 — não encontrado: http://dadosabertos.camara.leg.br/arquivos/orgaosDeputados/csv/orgaosDeputados-L3.csv
2026-07-30 19:48:35,979 [WARNING] etl_camara — 404 — não encontrado: http://dadosabertos.camara.leg.br/arquivos/orgaosDeputados/csv/orgaosDeputados-L7.csv
2026-07-30 19:48:36,113 [WARNING] etl_camara — 404 — não encontrado: http://dadosabertos.camara.leg.br/arquivos/orgaosDeputados/csv/orgaosDeputados-L6.csv
2026-07-30 19:48:36,126 [WARNING] etl_camara — 404 — não encontrado: http://dadosabertos.camara.leg.br/arquivos/orgaosDeputados/csv/orgaosDeputados-L9.csv
2026-07-30 19:48:36,171 [WARNING] etl_camara — 404 — não encontrado: http://dadosabertos.camara.leg.br/arquivos/orgaosDeputados/csv/orgaosDeputados-L12.csv
2026-07-30 19:48:36,319 [WARNING] etl_camara — 404 — não encontrado: http://dadosabertos.camara.leg.br/arquivos/orgaosDeputados/csv/orgaosDeputados-L10.csv
2026-07-30 19:48:36,327 [WARNING] etl_camara — 404 — não encontrado: http://dadosabertos.camara.leg.br/arquivos/orgaosDeputados/csv/orgaosDeputados-L8.csv
2026-07-30 19:48:36,379 [WARNING] etl_camara — 404 — não encontrado: http://dadosabertos.camara.leg.br/arquivos/orgaosDeputados/csv/orgaosDeputados-L13.csv
2026-07-30 19:48:36,519 [WARNING] etl_camara — 404 — não encontrado: http://dadosabertos.camara.leg.br/arquivos/orgaosDeputados/csv/orgaosDeputados-L16.csv
2026-07-30 19:48:36,531 [WARNING] etl_camara — 404 — não encontrado: http://dadosabertos.camara.leg.br/arquivos/orgaosDeputados/csv/orgaosDeputados-L11.csv
2026-07-30 19:48:36,574 [WARNING] etl_camara — 404 — não encontrado: http://dadosabertos.camara.leg.br/arquivos/orgaosDeputados/csv/orgaosDeputados-L14.csv
2026-07-30 19:48:36,717 [WARNING] etl_camara — 404 — não encontrado: http://dadosabertos.camara.leg.br/arquivos/orgaosDeputados/csv/orgaosDeputados-L17.csv
2026-07-30 19:48:36,741 [WARNING] etl_camara — 404 — não encontrado: http://dadosabertos.camara.leg.br/arquivos/orgaosDeputados/csv/orgaosDeputados-L23.csv
2026-07-30 19:48:36,791 [WARNING] etl_camara — 404 — não encontrado: http://dadosabertos.camara.leg.br/arquivos/orgaosDeputados/csv/orgaosDeputados-L15.csv
2026-07-30 19:48:36,923 [WARNING] etl_camara — 404 — não encontrado: http://dadosabertos.camara.leg.br/arquivos/orgaosDeputados/csv/orgaosDeputados-L18.csv
2026-07-30 19:48:36,943 [WARNING] etl_camara — 404 — não encontrado: http://dadosabertos.camara.leg.br/arquivos/orgaosDeputados/csv/orgaosDeputados-L24.csv
2026-07-30 19:48:36,979 [WARNING] etl_camara — 404 — não encontrado: http://dadosabertos.camara.leg.br/arquivos/orgaosDeputados/csv/orgaosDeputados-L19.csv
2026-07-30 19:48:37,124 [WARNING] etl_camara — 404 — não encontrado: http://dadosabertos.camara.leg.br/arquivos/orgaosDeputados/csv/orgaosDeputados-L20.csv
2026-07-30 19:48:37,134 [WARNING] etl_camara — 404 — não encontrado: http://dadosabertos.camara.leg.br/arquivos/orgaosDeputados/csv/orgaosDeputados-L27.csv
2026-07-30 19:48:37,181 [WARNING] etl_camara — 404 — não encontrado: http://dadosabertos.camara.leg.br/arquivos/orgaosDeputados/csv/orgaosDeputados-L26.csv
2026-07-30 19:48:37,317 [WARNING] etl_camara — 404 — não encontrado: http://dadosabertos.camara.leg.br/arquivos/orgaosDeputados/csv/orgaosDeputados-L21.csv
2026-07-30 19:48:37,372 [WARNING] etl_camara — 404 — não encontrado: http://dadosabertos.camara.leg.br/arquivos/orgaosDeputados/csv/orgaosDeputados-L30.csv
2026-07-30 19:48:37,523 [WARNING] etl_camara — 404 — não encontrado: http://dadosabertos.camara.leg.br/arquivos/orgaosDeputados/csv/orgaosDeputados-L25.csv
2026-07-30 19:48:37,573 [WARNING] etl_camara — 404 — não encontrado: http://dadosabertos.camara.leg.br/arquivos/orgaosDeputados/csv/orgaosDeputados-L33.csv
2026-07-30 19:48:37,725 [WARNING] etl_camara — 404 — não encontrado: http://dadosabertos.camara.leg.br/arquivos/orgaosDeputados/csv/orgaosDeputados-L22.csv
2026-07-30 19:48:37,782 [WARNING] etl_camara — 404 — não encontrado: http://dadosabertos.camara.leg.br/arquivos/orgaosDeputados/csv/orgaosDeputados-L36.csv
2026-07-30 19:48:37,915 [WARNING] etl_camara — 404 — não encontrado: http://dadosabertos.camara.leg.br/arquivos/orgaosDeputados/csv/orgaosDeputados-L29.csv
2026-07-30 19:48:37,980 [WARNING] etl_camara — 404 — não encontrado: http://dadosabertos.camara.leg.br/arquivos/orgaosDeputados/csv/orgaosDeputados-L37.csv
2026-07-30 19:48:38,068 [WARNING] etl_camara — 404 — não encontrado: http://dadosabertos.camara.leg.br/arquivos/orgaosDeputados/csv/orgaosDeputados-L39.csv
2026-07-30 19:48:38,130 [WARNING] etl_camara — 404 — não encontrado: http://dadosabertos.camara.leg.br/arquivos/orgaosDeputados/csv/orgaosDeputados-L28.csv
2026-07-30 19:48:38,233 [WARNING] etl_camara — 404 — não encontrado: http://dadosabertos.camara.leg.br/arquivos/orgaosDeputados/csv/orgaosDeputados-L41.csv
2026-07-30 19:48:38,341 [WARNING] etl_camara — 404 — não encontrado: http://dadosabertos.camara.leg.br/arquivos/orgaosDeputados/csv/orgaosDeputados-L31.csv
2026-07-30 19:48:38,516 [WARNING] etl_camara — 404 — não encontrado: http://dadosabertos.camara.leg.br/arquivos/orgaosDeputados/csv/orgaosDeputados-L32.csv
2026-07-30 19:48:38,647 [WARNING] etl_camara — 404 — não encontrado: http://dadosabertos.camara.leg.br/arquivos/orgaosDeputados/csv/orgaosDeputados-L45.csv
2026-07-30 19:48:38,726 [WARNING] etl_camara — 404 — não encontrado: http://dadosabertos.camara.leg.br/arquivos/orgaosDeputados/csv/orgaosDeputados-L34.csv
2026-07-30 19:48:38,846 [WARNING] etl_camara — 404 — não encontrado: http://dadosabertos.camara.leg.br/arquivos/orgaosDeputados/csv/orgaosDeputados-L46.csv
2026-07-30 19:48:38,882 [WARNING] etl_camara — 404 — não encontrado: http://dadosabertos.camara.leg.br/arquivos/orgaosDeputados/csv/orgaosDeputados-L47.csv
2026-07-30 19:48:38,917 [WARNING] etl_camara — 404 — não encontrado: http://dadosabertos.camara.leg.br/arquivos/orgaosDeputados/csv/orgaosDeputados-L35.csv
2026-07-30 19:48:39,046 [WARNING] etl_camara — 404 — não encontrado: http://dadosabertos.camara.leg.br/arquivos/orgaosDeputados/csv/orgaosDeputados-L48.csv
2026-07-30 19:48:39,090 [WARNING] etl_camara — 404 — não encontrado: http://dadosabertos.camara.leg.br/arquivos/orgaosDeputados/csv/orgaosDeputados-L50.csv
2026-07-30 19:48:39,123 [WARNING] etl_camara — 404 — não encontrado: http://dadosabertos.camara.leg.br/arquivos/orgaosDeputados/csv/orgaosDeputados-L38.csv
2026-07-30 19:48:39,247 [WARNING] etl_camara — 404 — não encontrado: http://dadosabertos.camara.leg.br/arquivos/orgaosDeputados/csv/orgaosDeputados-L49.csv
2026-07-30 19:48:39,317 [WARNING] etl_camara — 404 — não encontrado: http://dadosabertos.camara.leg.br/arquivos/orgaosDeputados/csv/orgaosDeputados-L40.csv
2026-07-30 19:48:39,454 [INFO] etl_camara — → sem alterações (304): orgaosDeputados-L53.csv
2026-07-30 19:48:39,524 [WARNING] etl_camara — 404 — não encontrado: http://dadosabertos.camara.leg.br/arquivos/orgaosDeputados/csv/orgaosDeputados-L42.csv
2026-07-30 19:48:39,646 [INFO] etl_camara — → sem alterações (304): orgaosDeputados-L54.csv
2026-07-30 19:48:39,725 [WARNING] etl_camara — 404 — não encontrado: http://dadosabertos.camara.leg.br/arquivos/orgaosDeputados/csv/orgaosDeputados-L43.csv
2026-07-30 19:48:39,835 [INFO] etl_camara — → sem alterações (304): Ano-2026.csv.zip
2026-07-30 19:48:39,853 [INFO] etl_camara — → sem alterações (304): orgaosDeputados-L55.csv
2026-07-30 19:48:39,915 [WARNING] etl_camara — 404 — não encontrado: http://dadosabertos.camara.leg.br/arquivos/orgaosDeputados/csv/orgaosDeputados-L44.csv
2026-07-30 19:48:40,068 [INFO] etl_camara — → sem alterações (304): orgaosDeputados-L56.csv
2026-07-30 19:48:40,126 [INFO] etl_camara — → sem alterações (304): orgaosDeputados-L51.csv
2026-07-30 19:48:40,251 [INFO] etl_camara — → sem alterações (304): orgaosDeputados-L57.csv
2026-07-30 19:48:40,317 [INFO] etl_camara — → sem alterações (304): orgaosDeputados-L52.csv
2026-07-30 19:48:40,319 [INFO] etl_camara — ━━━━━━━━━━━━━━━━━━━━━━━━━━━━━━━━━━━━━━━━━━━━━━━━━━━━━━━━━━━━
2026-07-30 19:48:40,319 [INFO] etl_camara — 🌊 Onda 2 — 6 datasets | workers=8
2026-07-30 19:48:40,476 [INFO] etl_camara — → sem alterações (304): frentesDeputados.csv
2026-07-30 19:48:40,477 [INFO] etl_camara — → sem alterações (304): gruposHistorico.csv
2026-07-30 19:48:40,517 [INFO] etl_camara — → sem alterações (304): gruposMembros.csv
2026-07-30 19:48:40,675 [INFO] etl_camara — → sem alterações (304): votacoesProposicoes-2026.csv
2026-07-30 19:48:40,679 [INFO] etl_camara — → sem alterações (304): votacoesOrientacoes-2026.csv
2026-07-30 19:48:40,726 [INFO] etl_camara — → sem alterações (304): votacoesVotos-2026.csv
2026-07-30 19:48:40,729 [INFO] etl_camara — ━━━━━━━━━━━━━━━━━━━━━━━━━━━━━━━━━━━━━━━━━━━━━━━━━━━━━━━━━━━━
2026-07-30 19:48:40,729 [INFO] etl_camara — 🏁 ETL concluído — processados: 0 | sem alteração (304): 38 | histórico pulado: 0 | erros: 50 | total: 88
2026-07-30 19:48:40,729 [WARNING] etl_camara — Datasets com falha (50): ['orgaosDeputados_L1', 'orgaosDeputados_L2', 'orgaosDeputados_L4', 'orgaosDeputados_L5', 'orgaosDeputados_L3', 'orgaosDeputados_L7', 'orgaosDeputados_L6', 'orgaosDeputados_L9', 'orgaosDeputados_L12', 'orgaosDeputados_L10', 'orgaosDeputados_L8', 'orgaosDeputados_L13', 'orgaosDeputados_L16', 'orgaosDeputados_L11', 'orgaosDeputados_L14', 'orgaosDeputados_L17', 'orgaosDeputados_L23', 'orgaosDeputados_L15', 'orgaosDeputados_L18', 'orgaosDeputados_L24', 'orgaosDeputados_L19', 'orgaosDeputados_L20', 'orgaosDeputados_L27', 'orgaosDeputados_L26', 'orgaosDeputados_L21', 'orgaosDeputados_L30', 'orgaosDeputados_L25', 'orgaosDeputados_L33', 'orgaosDeputados_L22', 'orgaosDeputados_L36', 'orgaosDeputados_L29', 'orgaosDeputados_L37', 'orgaosDeputados_L39', 'orgaosDeputados_L28', 'orgaosDeputados_L41', 'orgaosDeputados_L31', 'orgaosDeputados_L32', 'orgaosDeputados_L45', 'orgaosDeputados_L34', 'orgaosDeputados_L46', 'orgaosDeputados_L47', 'orgaosDeputados_L35', 'orgaosDeputados_L48', 'orgaosDeputados_L50', 'orgaosDeputados_L38', 'orgaosDeputados_L49', 'orgaosDeputados_L40', 'orgaosDeputados_L42', 'orgaosDeputados_L43', 'orgaosDeputados_L44']
2026-07-30 19:48:40,729 [ERROR] etl_camara — ETL finalizado com 50 dataset(s) em erro — saindo com código 1
2026-07-30 19:53:42,892 [INFO] etl_camara — Banco: postgres:5432/quemvota
2026-07-30 19:53:42,892 [INFO] etl_camara — Cache: etl_cache.json
2026-07-30 19:53:42,892 [INFO] etl_camara — Workers — download: 8 | backfill: 4
2026-07-30 19:53:42,902 [INFO] etl_camara — Iniciando ETL: 88 datasets | anos=[2026] | legislaturas=[1, 2, 3, 4, 5, 6, 7, 8, 9, 10, 11, 12, 13, 14, 15, 16, 17, 18, 19, 20, 21, 22, 23, 24, 25, 26, 27, 28, 29, 30, 31, 32, 33, 34, 35, 36, 37, 38, 39, 40, 41, 42, 43, 44, 45, 46, 47, 48, 49, 50, 51, 52, 53, 54, 55, 56, 57]
2026-07-30 19:53:42,903 [INFO] etl_camara — ━━━━━━━━━━━━━━━━━━━━━━━━━━━━━━━━━━━━━━━━━━━━━━━━━━━━━━━━━━━━
2026-07-30 19:53:42,903 [INFO] etl_camara — 🌊 Onda 0 — 9 datasets | workers=8
2026-07-30 19:53:43,089 [INFO] etl_camara — → sem alterações (304): tecadTermos.csv
2026-07-30 19:53:43,101 [INFO] etl_camara — → sem alterações (304): legislaturas.csv
2026-07-30 19:53:43,123 [INFO] etl_camara — → sem alterações (304): orgaos.csv
2026-07-30 19:53:43,312 [INFO] etl_camara — → sem alterações (304): eventos-2026.csv
2026-07-30 19:53:43,314 [INFO] etl_camara — → sem alterações (304): tecadCategorias.csv
2026-07-30 19:53:43,322 [INFO] etl_camara — → sem alterações (304): funcionarios.csv
2026-07-30 19:53:43,496 [INFO] etl_camara — → sem alterações (304): deputados.csv
2026-07-30 19:53:43,502 [INFO] etl_camara — → sem alterações (304): licitacoes-2026.csv
2026-07-30 19:53:43,554 [INFO] etl_camara — → sem alterações (304): proposicoes-2026.csv
2026-07-30 19:53:43,556 [INFO] etl_camara — ━━━━━━━━━━━━━━━━━━━━━━━━━━━━━━━━━━━━━━━━━━━━━━━━━━━━━━━━━━━━
2026-07-30 19:53:43,556 [INFO] etl_camara — 🌊 Onda 1 — 73 datasets | workers=8
2026-07-30 19:53:43,708 [INFO] etl_camara — → sem alterações (304): grupos.csv
2026-07-30 19:53:43,715 [INFO] etl_camara — → sem alterações (304): deputadosProfissoes.csv
2026-07-30 19:53:43,738 [INFO] etl_camara — → sem alterações (304): legislaturasMesas.csv
2026-07-30 19:53:43,902 [INFO] etl_camara — → sem alterações (304): proposicoesAutores-2026.csv
2026-07-30 19:53:43,924 [INFO] etl_camara — → sem alterações (304): deputadosOcupacoes.csv
2026-07-30 19:53:43,963 [INFO] etl_camara — → sem alterações (304): frentes.csv
2026-07-30 19:53:44,114 [INFO] etl_camara — → sem alterações (304): licitacoesPedidos-2026.csv
2026-07-30 19:53:44,129 [INFO] etl_camara — → sem alterações (304): eventosRequerimentos-2026.csv
2026-07-30 19:53:44,137 [INFO] etl_camara — → sem alterações (304): proposicoesTemas-2026.csv
2026-07-30 19:53:44,303 [WARNING] etl_camara — 404 — não encontrado: http://dadosabertos.camara.leg.br/arquivos/orgaosDeputados/csv/orgaosDeputados-L1.csv
2026-07-30 19:53:44,315 [INFO] etl_camara — → sem alterações (304): eventosOrgaos-2026.csv
2026-07-30 19:53:44,350 [INFO] etl_camara — → sem alterações (304): votacoes-2026.csv
2026-07-30 19:53:44,500 [WARNING] etl_camara — 404 — não encontrado: http://dadosabertos.camara.leg.br/arquivos/orgaosDeputados/csv/orgaosDeputados-L4.csv
2026-07-30 19:53:44,522 [INFO] etl_camara — → sem alterações (304): eventosPresencaDeputados-2026.csv
2026-07-30 19:53:44,545 [INFO] etl_camara — → sem alterações (304): licitacoesPropostas-2026.csv
2026-07-30 19:53:44,708 [WARNING] etl_camara — 404 — não encontrado: http://dadosabertos.camara.leg.br/arquivos/orgaosDeputados/csv/orgaosDeputados-L5.csv
2026-07-30 19:53:44,716 [INFO] etl_camara — → sem alterações (304): licitacoesItens-2026.csv
2026-07-30 19:53:44,742 [INFO] etl_camara — → sem alterações (304): licitacoesContratos-2026.csv
2026-07-30 19:53:44,903 [WARNING] etl_camara — 404 — não encontrado: http://dadosabertos.camara.leg.br/arquivos/orgaosDeputados/csv/orgaosDeputados-L7.csv
2026-07-30 19:53:44,913 [WARNING] etl_camara — 404 — não encontrado: http://dadosabertos.camara.leg.br/arquivos/orgaosDeputados/csv/orgaosDeputados-L6.csv
2026-07-30 19:53:44,945 [WARNING] etl_camara — 404 — não encontrado: http://dadosabertos.camara.leg.br/arquivos/orgaosDeputados/csv/orgaosDeputados-L2.csv
2026-07-30 19:53:45,108 [WARNING] etl_camara — 404 — não encontrado: http://dadosabertos.camara.leg.br/arquivos/orgaosDeputados/csv/orgaosDeputados-L8.csv
2026-07-30 19:53:45,122 [WARNING] etl_camara — 404 — não encontrado: http://dadosabertos.camara.leg.br/arquivos/orgaosDeputados/csv/orgaosDeputados-L10.csv
2026-07-30 19:53:45,150 [WARNING] etl_camara — 404 — não encontrado: http://dadosabertos.camara.leg.br/arquivos/orgaosDeputados/csv/orgaosDeputados-L3.csv
2026-07-30 19:53:45,307 [WARNING] etl_camara — 404 — não encontrado: http://dadosabertos.camara.leg.br/arquivos/orgaosDeputados/csv/orgaosDeputados-L9.csv
2026-07-30 19:53:45,321 [WARNING] etl_camara — 404 — não encontrado: http://dadosabertos.camara.leg.br/arquivos/orgaosDeputados/csv/orgaosDeputados-L14.csv
2026-07-30 19:53:45,337 [WARNING] etl_camara — 404 — não encontrado: http://dadosabertos.camara.leg.br/arquivos/orgaosDeputados/csv/orgaosDeputados-L11.csv
2026-07-30 19:53:45,500 [WARNING] etl_camara — 404 — não encontrado: http://dadosabertos.camara.leg.br/arquivos/orgaosDeputados/csv/orgaosDeputados-L12.csv
2026-07-30 19:53:45,523 [WARNING] etl_camara — 404 — não encontrado: http://dadosabertos.camara.leg.br/arquivos/orgaosDeputados/csv/orgaosDeputados-L18.csv
2026-07-30 19:53:45,545 [WARNING] etl_camara — 404 — não encontrado: http://dadosabertos.camara.leg.br/arquivos/orgaosDeputados/csv/orgaosDeputados-L16.csv
2026-07-30 19:53:45,699 [WARNING] etl_camara — 404 — não encontrado: http://dadosabertos.camara.leg.br/arquivos/orgaosDeputados/csv/orgaosDeputados-L13.csv
2026-07-30 19:53:45,737 [WARNING] etl_camara — 404 — não encontrado: http://dadosabertos.camara.leg.br/arquivos/orgaosDeputados/csv/orgaosDeputados-L21.csv
2026-07-30 19:53:45,890 [WARNING] etl_camara — 404 — não encontrado: http://dadosabertos.camara.leg.br/arquivos/orgaosDeputados/csv/orgaosDeputados-L25.csv
2026-07-30 19:53:45,910 [WARNING] etl_camara — 404 — não encontrado: http://dadosabertos.camara.leg.br/arquivos/orgaosDeputados/csv/orgaosDeputados-L15.csv
2026-07-30 19:53:45,945 [WARNING] etl_camara — 404 — não encontrado: http://dadosabertos.camara.leg.br/arquivos/orgaosDeputados/csv/orgaosDeputados-L22.csv
2026-07-30 19:53:46,108 [WARNING] etl_camara — 404 — não encontrado: http://dadosabertos.camara.leg.br/arquivos/orgaosDeputados/csv/orgaosDeputados-L17.csv
2026-07-30 19:53:46,145 [WARNING] etl_camara — 404 — não encontrado: http://dadosabertos.camara.leg.br/arquivos/orgaosDeputados/csv/orgaosDeputados-L23.csv
2026-07-30 19:53:46,300 [WARNING] etl_camara — 404 — não encontrado: http://dadosabertos.camara.leg.br/arquivos/orgaosDeputados/csv/orgaosDeputados-L19.csv
2026-07-30 19:53:46,344 [WARNING] etl_camara — 404 — não encontrado: http://dadosabertos.camara.leg.br/arquivos/orgaosDeputados/csv/orgaosDeputados-L26.csv
2026-07-30 19:53:46,480 [WARNING] etl_camara — 404 — não encontrado: http://dadosabertos.camara.leg.br/arquivos/orgaosDeputados/csv/orgaosDeputados-L32.csv
2026-07-30 19:53:46,512 [WARNING] etl_camara — 404 — não encontrado: http://dadosabertos.camara.leg.br/arquivos/orgaosDeputados/csv/orgaosDeputados-L20.csv
2026-07-30 19:53:46,558 [WARNING] etl_camara — 404 — não encontrado: http://dadosabertos.camara.leg.br/arquivos/orgaosDeputados/csv/orgaosDeputados-L30.csv
2026-07-30 19:53:46,680 [WARNING] etl_camara — 404 — não encontrado: http://dadosabertos.camara.leg.br/arquivos/orgaosDeputados/csv/orgaosDeputados-L34.csv
2026-07-30 19:53:46,701 [WARNING] etl_camara — 404 — não encontrado: http://dadosabertos.camara.leg.br/arquivos/orgaosDeputados/csv/orgaosDeputados-L24.csv
2026-07-30 19:53:46,744 [WARNING] etl_camara — 404 — não encontrado: http://dadosabertos.camara.leg.br/arquivos/orgaosDeputados/csv/orgaosDeputados-L29.csv
2026-07-30 19:53:46,879 [WARNING] etl_camara — 404 — não encontrado: http://dadosabertos.camara.leg.br/arquivos/orgaosDeputados/csv/orgaosDeputados-L37.csv
2026-07-30 19:53:46,906 [WARNING] etl_camara — 404 — não encontrado: http://dadosabertos.camara.leg.br/arquivos/orgaosDeputados/csv/orgaosDeputados-L27.csv
2026-07-30 19:53:46,938 [WARNING] etl_camara — 404 — não encontrado: http://dadosabertos.camara.leg.br/arquivos/orgaosDeputados/csv/orgaosDeputados-L33.csv
2026-07-30 19:53:47,108 [WARNING] etl_camara — 404 — não encontrado: http://dadosabertos.camara.leg.br/arquivos/orgaosDeputados/csv/orgaosDeputados-L28.csv
2026-07-30 19:53:47,300 [WARNING] etl_camara — 404 — não encontrado: http://dadosabertos.camara.leg.br/arquivos/orgaosDeputados/csv/orgaosDeputados-L31.csv
2026-07-30 19:53:47,471 [WARNING] etl_camara — 404 — não encontrado: http://dadosabertos.camara.leg.br/arquivos/orgaosDeputados/csv/orgaosDeputados-L43.csv
2026-07-30 19:53:47,499 [WARNING] etl_camara — 404 — não encontrado: http://dadosabertos.camara.leg.br/arquivos/orgaosDeputados/csv/orgaosDeputados-L35.csv
2026-07-30 19:53:47,662 [WARNING] etl_camara — 404 — não encontrado: http://dadosabertos.camara.leg.br/arquivos/orgaosDeputados/csv/orgaosDeputados-L44.csv
2026-07-30 19:53:47,701 [WARNING] etl_camara — 404 — não encontrado: http://dadosabertos.camara.leg.br/arquivos/orgaosDeputados/csv/orgaosDeputados-L36.csv
2026-07-30 19:53:47,849 [WARNING] etl_camara — 404 — não encontrado: http://dadosabertos.camara.leg.br/arquivos/orgaosDeputados/csv/orgaosDeputados-L47.csv
2026-07-30 19:53:47,869 [WARNING] etl_camara — 404 — não encontrado: http://dadosabertos.camara.leg.br/arquivos/orgaosDeputados/csv/orgaosDeputados-L45.csv
2026-07-30 19:53:47,908 [WARNING] etl_camara — 404 — não encontrado: http://dadosabertos.camara.leg.br/arquivos/orgaosDeputados/csv/orgaosDeputados-L38.csv
2026-07-30 19:53:48,097 [WARNING] etl_camara — 404 — não encontrado: http://dadosabertos.camara.leg.br/arquivos/orgaosDeputados/csv/orgaosDeputados-L49.csv
2026-07-30 19:53:48,116 [WARNING] etl_camara — 404 — não encontrado: http://dadosabertos.camara.leg.br/arquivos/orgaosDeputados/csv/orgaosDeputados-L46.csv
2026-07-30 19:53:48,116 [WARNING] etl_camara — 404 — não encontrado: http://dadosabertos.camara.leg.br/arquivos/orgaosDeputados/csv/orgaosDeputados-L39.csv
2026-07-30 19:53:48,271 [WARNING] etl_camara — 404 — não encontrado: http://dadosabertos.camara.leg.br/arquivos/orgaosDeputados/csv/orgaosDeputados-L50.csv
2026-07-30 19:53:48,309 [WARNING] etl_camara — 404 — não encontrado: http://dadosabertos.camara.leg.br/arquivos/orgaosDeputados/csv/orgaosDeputados-L40.csv
2026-07-30 19:53:48,462 [INFO] etl_camara — → sem alterações (304): orgaosDeputados-L53.csv
2026-07-30 19:53:48,501 [WARNING] etl_camara — 404 — não encontrado: http://dadosabertos.camara.leg.br/arquivos/orgaosDeputados/csv/orgaosDeputados-L41.csv
2026-07-30 19:53:48,644 [INFO] etl_camara — → sem alterações (304): orgaosDeputados-L57.csv
2026-07-30 19:53:48,672 [INFO] etl_camara — → sem alterações (304): orgaosDeputados-L55.csv
2026-07-30 19:53:48,700 [WARNING] etl_camara — 404 — não encontrado: http://dadosabertos.camara.leg.br/arquivos/orgaosDeputados/csv/orgaosDeputados-L42.csv
2026-07-30 19:53:48,829 [INFO] etl_camara — → sem alterações (304): Ano-2026.csv.zip
2026-07-30 19:53:48,869 [INFO] etl_camara — → sem alterações (304): orgaosDeputados-L56.csv
2026-07-30 19:53:48,901 [WARNING] etl_camara — 404 — não encontrado: http://dadosabertos.camara.leg.br/arquivos/orgaosDeputados/csv/orgaosDeputados-L48.csv
2026-07-30 19:53:49,109 [INFO] etl_camara — → sem alterações (304): orgaosDeputados-L51.csv
2026-07-30 19:53:49,302 [INFO] etl_camara — → sem alterações (304): orgaosDeputados-L52.csv
2026-07-30 19:53:49,508 [INFO] etl_camara — → sem alterações (304): orgaosDeputados-L54.csv
2026-07-30 19:53:49,510 [INFO] etl_camara — ━━━━━━━━━━━━━━━━━━━━━━━━━━━━━━━━━━━━━━━━━━━━━━━━━━━━━━━━━━━━
2026-07-30 19:53:49,510 [INFO] etl_camara — 🌊 Onda 2 — 6 datasets | workers=8
2026-07-30 19:53:49,647 [INFO] etl_camara — → sem alterações (304): votacoesProposicoes-2026.csv
2026-07-30 19:53:49,654 [INFO] etl_camara — → sem alterações (304): gruposMembros.csv
2026-07-30 19:53:49,705 [INFO] etl_camara — → sem alterações (304): frentesDeputados.csv
2026-07-30 19:53:49,847 [INFO] etl_camara — → sem alterações (304): votacoesOrientacoes-2026.csv
2026-07-30 19:53:50,055 [INFO] etl_camara — → sem alterações (304): votacoesVotos-2026.csv
2026-07-30 19:53:50,256 [INFO] etl_camara — → sem alterações (304): gruposHistorico.csv
2026-07-30 19:53:50,258 [INFO] etl_camara — ━━━━━━━━━━━━━━━━━━━━━━━━━━━━━━━━━━━━━━━━━━━━━━━━━━━━━━━━━━━━
2026-07-30 19:53:50,259 [INFO] etl_camara — 🏁 ETL concluído — processados: 0 | sem alteração (304): 38 | histórico pulado: 0 | erros: 50 | total: 88
2026-07-30 19:53:50,259 [WARNING] etl_camara — Datasets com falha (50): ['orgaosDeputados_L1', 'orgaosDeputados_L4', 'orgaosDeputados_L5', 'orgaosDeputados_L7', 'orgaosDeputados_L6', 'orgaosDeputados_L2', 'orgaosDeputados_L8', 'orgaosDeputados_L10', 'orgaosDeputados_L3', 'orgaosDeputados_L9', 'orgaosDeputados_L14', 'orgaosDeputados_L11', 'orgaosDeputados_L12', 'orgaosDeputados_L18', 'orgaosDeputados_L16', 'orgaosDeputados_L13', 'orgaosDeputados_L21', 'orgaosDeputados_L25', 'orgaosDeputados_L15', 'orgaosDeputados_L22', 'orgaosDeputados_L17', 'orgaosDeputados_L23', 'orgaosDeputados_L19', 'orgaosDeputados_L26', 'orgaosDeputados_L32', 'orgaosDeputados_L20', 'orgaosDeputados_L30', 'orgaosDeputados_L34', 'orgaosDeputados_L24', 'orgaosDeputados_L29', 'orgaosDeputados_L37', 'orgaosDeputados_L27', 'orgaosDeputados_L33', 'orgaosDeputados_L28', 'orgaosDeputados_L31', 'orgaosDeputados_L43', 'orgaosDeputados_L35', 'orgaosDeputados_L44', 'orgaosDeputados_L36', 'orgaosDeputados_L47', 'orgaosDeputados_L45', 'orgaosDeputados_L38', 'orgaosDeputados_L49', 'orgaosDeputados_L46', 'orgaosDeputados_L39', 'orgaosDeputados_L50', 'orgaosDeputados_L40', 'orgaosDeputados_L41', 'orgaosDeputados_L42', 'orgaosDeputados_L48']
2026-07-30 19:53:50,259 [ERROR] etl_camara — ETL finalizado com 50 dataset(s) em erro — saindo com código 1
2026-07-31 03:00:04,404 [INFO] etl_camara — Banco: postgres:5432/quemvota
2026-07-31 03:00:04,404 [INFO] etl_camara — Cache: etl_cache.json
2026-07-31 03:00:04,404 [INFO] etl_camara — Workers — download: 8 | backfill: 4
2026-07-31 03:00:04,415 [INFO] etl_camara — Iniciando ETL: 88 datasets | anos=[2026] | legislaturas=[1, 2, 3, 4, 5, 6, 7, 8, 9, 10, 11, 12, 13, 14, 15, 16, 17, 18, 19, 20, 21, 22, 23, 24, 25, 26, 27, 28, 29, 30, 31, 32, 33, 34, 35, 36, 37, 38, 39, 40, 41, 42, 43, 44, 45, 46, 47, 48, 49, 50, 51, 52, 53, 54, 55, 56, 57]
2026-07-31 03:00:04,415 [INFO] etl_camara — ━━━━━━━━━━━━━━━━━━━━━━━━━━━━━━━━━━━━━━━━━━━━━━━━━━━━━━━━━━━━
2026-07-31 03:00:04,415 [INFO] etl_camara — 🌊 Onda 0 — 9 datasets | workers=8
2026-07-31 03:00:04,607 [INFO] etl_camara — → sem alterações (304): funcionarios.csv
2026-07-31 03:00:04,635 [INFO] etl_camara — → sem alterações (304): proposicoes-2026.csv
2026-07-31 03:00:04,659 [INFO] etl_camara — → sem alterações (304): orgaos.csv
2026-07-31 03:00:04,806 [INFO] etl_camara — → sem alterações (304): tecadCategorias.csv
2026-07-31 03:00:04,837 [INFO] etl_camara — → sem alterações (304): legislaturas.csv
2026-07-31 03:00:05,059 [INFO] etl_camara — → sem alterações (304): tecadTermos.csv
2026-07-31 03:00:05,216 [INFO] etl_camara — → sem alterações (304): deputados.csv
2026-07-31 03:00:05,463 [INFO] etl_camara — → sem alterações (304): eventos-2026.csv
2026-07-31 03:00:05,615 [INFO] etl_camara — → sem alterações (304): licitacoes-2026.csv
2026-07-31 03:00:05,617 [INFO] etl_camara — ━━━━━━━━━━━━━━━━━━━━━━━━━━━━━━━━━━━━━━━━━━━━━━━━━━━━━━━━━━━━
2026-07-31 03:00:05,618 [INFO] etl_camara — 🌊 Onda 1 — 73 datasets | workers=8
2026-07-31 03:00:05,762 [INFO] etl_camara — → sem alterações (304): deputadosProfissoes.csv
2026-07-31 03:00:05,773 [INFO] etl_camara — → sem alterações (304): eventosRequerimentos-2026.csv
2026-07-31 03:00:05,934 [INFO] etl_camara — → sem alterações (304): proposicoesAutores-2026.csv
2026-07-31 03:00:05,960 [INFO] etl_camara — → sem alterações (304): eventosPresencaDeputados-2026.csv
2026-07-31 03:00:05,966 [INFO] etl_camara — → sem alterações (304): legislaturasMesas.csv
2026-07-31 03:00:06,125 [INFO] etl_camara — → sem alterações (304): licitacoesPropostas-2026.csv
2026-07-31 03:00:06,173 [INFO] etl_camara — → sem alterações (304): deputadosOcupacoes.csv
2026-07-31 03:00:06,189 [INFO] etl_camara — ✔ grupos.csv (118 linhas)
2026-07-31 03:00:06,325 [INFO] etl_camara —   upsert grupos → 118 registros
2026-07-31 03:00:06,329 [INFO] etl_camara — → sem alterações (304): licitacoesPedidos-2026.csv
2026-07-31 03:00:06,359 [INFO] etl_camara — → sem alterações (304): eventosOrgaos-2026.csv
2026-07-31 03:00:06,471 [WARNING] etl_camara — 404 — não encontrado: http://dadosabertos.camara.leg.br/arquivos/orgaosDeputados/csv/orgaosDeputados-L2.csv
2026-07-31 03:00:06,530 [INFO] etl_camara — → sem alterações (304): licitacoesItens-2026.csv
2026-07-31 03:00:06,555 [INFO] etl_camara — → sem alterações (304): frentes.csv
2026-07-31 03:00:06,733 [WARNING] etl_camara — 404 — não encontrado: http://dadosabertos.camara.leg.br/arquivos/orgaosDeputados/csv/orgaosDeputados-L1.csv
2026-07-31 03:00:06,747 [INFO] etl_camara — → sem alterações (304): proposicoesTemas-2026.csv
2026-07-31 03:00:06,870 [WARNING] etl_camara — 404 — não encontrado: http://dadosabertos.camara.leg.br/arquivos/orgaosDeputados/csv/orgaosDeputados-L5.csv
2026-07-31 03:00:06,886 [WARNING] etl_camara — 404 — não encontrado: http://dadosabertos.camara.leg.br/arquivos/orgaosDeputados/csv/orgaosDeputados-L3.csv
2026-07-31 03:00:06,960 [WARNING] etl_camara — 404 — não encontrado: http://dadosabertos.camara.leg.br/arquivos/orgaosDeputados/csv/orgaosDeputados-L6.csv
2026-07-31 03:00:07,054 [INFO] etl_camara — → sem alterações (304): votacoes-2026.csv
2026-07-31 03:00:07,078 [WARNING] etl_camara — 404 — não encontrado: http://dadosabertos.camara.leg.br/arquivos/orgaosDeputados/csv/orgaosDeputados-L10.csv
2026-07-31 03:00:07,152 [INFO] etl_camara — → sem alterações (304): licitacoesContratos-2026.csv
2026-07-31 03:00:07,278 [WARNING] etl_camara — 404 — não encontrado: http://dadosabertos.camara.leg.br/arquivos/orgaosDeputados/csv/orgaosDeputados-L11.csv
2026-07-31 03:00:07,365 [WARNING] etl_camara — 404 — não encontrado: http://dadosabertos.camara.leg.br/arquivos/orgaosDeputados/csv/orgaosDeputados-L4.csv
2026-07-31 03:00:07,479 [WARNING] etl_camara — 404 — não encontrado: http://dadosabertos.camara.leg.br/arquivos/orgaosDeputados/csv/orgaosDeputados-L12.csv
2026-07-31 03:00:07,560 [WARNING] etl_camara — 404 — não encontrado: http://dadosabertos.camara.leg.br/arquivos/orgaosDeputados/csv/orgaosDeputados-L7.csv
2026-07-31 03:00:07,677 [WARNING] etl_camara — 404 — não encontrado: http://dadosabertos.camara.leg.br/arquivos/orgaosDeputados/csv/orgaosDeputados-L13.csv
2026-07-31 03:00:07,748 [WARNING] etl_camara — 404 — não encontrado: http://dadosabertos.camara.leg.br/arquivos/orgaosDeputados/csv/orgaosDeputados-L8.csv
2026-07-31 03:00:07,876 [WARNING] etl_camara — 404 — não encontrado: http://dadosabertos.camara.leg.br/arquivos/orgaosDeputados/csv/orgaosDeputados-L18.csv
2026-07-31 03:00:07,970 [WARNING] etl_camara — 404 — não encontrado: http://dadosabertos.camara.leg.br/arquivos/orgaosDeputados/csv/orgaosDeputados-L9.csv
2026-07-31 03:00:08,068 [WARNING] etl_camara — 404 — não encontrado: http://dadosabertos.camara.leg.br/arquivos/orgaosDeputados/csv/orgaosDeputados-L20.csv
2026-07-31 03:00:08,348 [WARNING] etl_camara — 404 — não encontrado: http://dadosabertos.camara.leg.br/arquivos/orgaosDeputados/csv/orgaosDeputados-L15.csv
2026-07-31 03:00:08,548 [WARNING] etl_camara — 404 — não encontrado: http://dadosabertos.camara.leg.br/arquivos/orgaosDeputados/csv/orgaosDeputados-L17.csv
2026-07-31 03:00:08,669 [WARNING] etl_camara — 404 — não encontrado: http://dadosabertos.camara.leg.br/arquivos/orgaosDeputados/csv/orgaosDeputados-L14.csv
2026-07-31 03:00:08,908 [WARNING] etl_camara — 404 — não encontrado: http://dadosabertos.camara.leg.br/arquivos/orgaosDeputados/csv/orgaosDeputados-L16.csv
2026-07-31 03:00:08,960 [WARNING] etl_camara — 404 — não encontrado: http://dadosabertos.camara.leg.br/arquivos/orgaosDeputados/csv/orgaosDeputados-L19.csv
2026-07-31 03:00:09,080 [WARNING] etl_camara — 404 — não encontrado: http://dadosabertos.camara.leg.br/arquivos/orgaosDeputados/csv/orgaosDeputados-L21.csv
2026-07-31 03:00:09,170 [WARNING] etl_camara — 404 — não encontrado: http://dadosabertos.camara.leg.br/arquivos/orgaosDeputados/csv/orgaosDeputados-L23.csv
2026-07-31 03:00:09,287 [WARNING] etl_camara — 404 — não encontrado: http://dadosabertos.camara.leg.br/arquivos/orgaosDeputados/csv/orgaosDeputados-L22.csv
2026-07-31 03:00:09,356 [WARNING] etl_camara — 404 — não encontrado: http://dadosabertos.camara.leg.br/arquivos/orgaosDeputados/csv/orgaosDeputados-L26.csv
2026-07-31 03:00:09,478 [WARNING] etl_camara — 404 — não encontrado: http://dadosabertos.camara.leg.br/arquivos/orgaosDeputados/csv/orgaosDeputados-L24.csv
2026-07-31 03:00:09,562 [WARNING] etl_camara — 404 — não encontrado: http://dadosabertos.camara.leg.br/arquivos/orgaosDeputados/csv/orgaosDeputados-L29.csv
2026-07-31 03:00:09,682 [WARNING] etl_camara — 404 — não encontrado: http://dadosabertos.camara.leg.br/arquivos/orgaosDeputados/csv/orgaosDeputados-L25.csv
2026-07-31 03:00:09,760 [WARNING] etl_camara — 404 — não encontrado: http://dadosabertos.camara.leg.br/arquivos/orgaosDeputados/csv/orgaosDeputados-L31.csv
2026-07-31 03:00:09,881 [WARNING] etl_camara — 404 — não encontrado: http://dadosabertos.camara.leg.br/arquivos/orgaosDeputados/csv/orgaosDeputados-L27.csv
2026-07-31 03:00:09,960 [WARNING] etl_camara — 404 — não encontrado: http://dadosabertos.camara.leg.br/arquivos/orgaosDeputados/csv/orgaosDeputados-L32.csv
2026-07-31 03:00:10,071 [WARNING] etl_camara — 404 — não encontrado: http://dadosabertos.camara.leg.br/arquivos/orgaosDeputados/csv/orgaosDeputados-L28.csv
2026-07-31 03:00:10,156 [WARNING] etl_camara — 404 — não encontrado: http://dadosabertos.camara.leg.br/arquivos/orgaosDeputados/csv/orgaosDeputados-L35.csv
2026-07-31 03:00:10,289 [WARNING] etl_camara — 404 — não encontrado: http://dadosabertos.camara.leg.br/arquivos/orgaosDeputados/csv/orgaosDeputados-L30.csv
2026-07-31 03:00:10,354 [WARNING] etl_camara — 404 — não encontrado: http://dadosabertos.camara.leg.br/arquivos/orgaosDeputados/csv/orgaosDeputados-L37.csv
2026-07-31 03:00:10,460 [WARNING] etl_camara — 404 — não encontrado: http://dadosabertos.camara.leg.br/arquivos/orgaosDeputados/csv/orgaosDeputados-L41.csv
2026-07-31 03:00:10,479 [WARNING] etl_camara — 404 — não encontrado: http://dadosabertos.camara.leg.br/arquivos/orgaosDeputados/csv/orgaosDeputados-L33.csv
2026-07-31 03:00:10,546 [WARNING] etl_camara — 404 — não encontrado: http://dadosabertos.camara.leg.br/arquivos/orgaosDeputados/csv/orgaosDeputados-L38.csv
2026-07-31 03:00:10,655 [WARNING] etl_camara — 404 — não encontrado: http://dadosabertos.camara.leg.br/arquivos/orgaosDeputados/csv/orgaosDeputados-L43.csv
2026-07-31 03:00:10,676 [WARNING] etl_camara — 404 — não encontrado: http://dadosabertos.camara.leg.br/arquivos/orgaosDeputados/csv/orgaosDeputados-L34.csv
2026-07-31 03:00:10,745 [WARNING] etl_camara — 404 — não encontrado: http://dadosabertos.camara.leg.br/arquivos/orgaosDeputados/csv/orgaosDeputados-L39.csv
2026-07-31 03:00:10,910 [WARNING] etl_camara — 404 — não encontrado: http://dadosabertos.camara.leg.br/arquivos/orgaosDeputados/csv/orgaosDeputados-L48.csv
2026-07-31 03:00:10,955 [WARNING] etl_camara — 404 — não encontrado: http://dadosabertos.camara.leg.br/arquivos/orgaosDeputados/csv/orgaosDeputados-L40.csv
2026-07-31 03:00:11,048 [WARNING] etl_camara — 404 — não encontrado: http://dadosabertos.camara.leg.br/arquivos/orgaosDeputados/csv/orgaosDeputados-L36.csv
2026-07-31 03:00:11,079 [WARNING] etl_camara — 404 — não encontrado: http://dadosabertos.camara.leg.br/arquivos/orgaosDeputados/csv/orgaosDeputados-L42.csv
2026-07-31 03:00:11,160 [WARNING] etl_camara — 404 — não encontrado: http://dadosabertos.camara.leg.br/arquivos/orgaosDeputados/csv/orgaosDeputados-L44.csv
2026-07-31 03:00:11,211 [INFO] etl_camara — → sem alterações (304): orgaosDeputados-L51.csv
2026-07-31 03:00:11,278 [WARNING] etl_camara — 404 — não encontrado: http://dadosabertos.camara.leg.br/arquivos/orgaosDeputados/csv/orgaosDeputados-L45.csv
2026-07-31 03:00:11,349 [WARNING] etl_camara — 404 — não encontrado: http://dadosabertos.camara.leg.br/arquivos/orgaosDeputados/csv/orgaosDeputados-L49.csv
2026-07-31 03:00:11,479 [WARNING] etl_camara — 404 — não encontrado: http://dadosabertos.camara.leg.br/arquivos/orgaosDeputados/csv/orgaosDeputados-L47.csv
2026-07-31 03:00:11,564 [INFO] etl_camara — → sem alterações (304): orgaosDeputados-L52.csv
2026-07-31 03:00:11,678 [WARNING] etl_camara — 404 — não encontrado: http://dadosabertos.camara.leg.br/arquivos/orgaosDeputados/csv/orgaosDeputados-L46.csv
2026-07-31 03:00:11,757 [INFO] etl_camara — → sem alterações (304): Ano-2026.csv.zip
2026-07-31 03:00:11,870 [WARNING] etl_camara — 404 — não encontrado: http://dadosabertos.camara.leg.br/arquivos/orgaosDeputados/csv/orgaosDeputados-L50.csv
2026-07-31 03:00:12,078 [INFO] etl_camara — → sem alterações (304): orgaosDeputados-L53.csv
2026-07-31 03:00:12,292 [INFO] etl_camara — → sem alterações (304): orgaosDeputados-L54.csv
2026-07-31 03:00:12,480 [INFO] etl_camara — → sem alterações (304): orgaosDeputados-L55.csv
2026-07-31 03:00:12,679 [INFO] etl_camara — → sem alterações (304): orgaosDeputados-L56.csv
2026-07-31 03:00:12,867 [INFO] etl_camara — → sem alterações (304): orgaosDeputados-L57.csv
2026-07-31 03:00:12,870 [INFO] etl_camara — ━━━━━━━━━━━━━━━━━━━━━━━━━━━━━━━━━━━━━━━━━━━━━━━━━━━━━━━━━━━━
2026-07-31 03:00:12,870 [INFO] etl_camara — 🌊 Onda 2 — 6 datasets | workers=8
2026-07-31 03:00:13,007 [INFO] etl_camara — → sem alterações (304): frentesDeputados.csv
2026-07-31 03:00:13,060 [INFO] etl_camara — ✔ gruposHistorico.csv (412 linhas)
2026-07-31 03:00:13,083 [INFO] etl_camara — → sem alterações (304): votacoesVotos-2026.csv
2026-07-31 03:00:13,204 [INFO] etl_camara — → sem alterações (304): votacoesProposicoes-2026.csv
2026-07-31 03:00:13,262 [INFO] etl_camara —   FK-insert gruposHistorico → 412 registros
2026-07-31 03:00:13,523 [INFO] etl_camara — ✔ gruposMembros.csv (7091 linhas)
2026-07-31 03:00:13,616 [INFO] etl_camara — → sem alterações (304): votacoesOrientacoes-2026.csv
2026-07-31 03:00:16,345 [INFO] etl_camara —   FK-insert gruposMembros → 7091 registros
2026-07-31 03:00:16,348 [INFO] etl_camara — ━━━━━━━━━━━━━━━━━━━━━━━━━━━━━━━━━━━━━━━━━━━━━━━━━━━━━━━━━━━━
2026-07-31 03:00:16,348 [INFO] etl_camara — 🏁 ETL concluído — processados: 3 | sem alteração (304): 35 | histórico pulado: 0 | erros: 50 | total: 88
2026-07-31 03:00:16,348 [WARNING] etl_camara — Datasets com falha (50): ['orgaosDeputados_L2', 'orgaosDeputados_L1', 'orgaosDeputados_L5', 'orgaosDeputados_L3', 'orgaosDeputados_L6', 'orgaosDeputados_L10', 'orgaosDeputados_L11', 'orgaosDeputados_L4', 'orgaosDeputados_L12', 'orgaosDeputados_L7', 'orgaosDeputados_L13', 'orgaosDeputados_L8', 'orgaosDeputados_L18', 'orgaosDeputados_L9', 'orgaosDeputados_L20', 'orgaosDeputados_L15', 'orgaosDeputados_L17', 'orgaosDeputados_L14', 'orgaosDeputados_L16', 'orgaosDeputados_L19', 'orgaosDeputados_L21', 'orgaosDeputados_L23', 'orgaosDeputados_L22', 'orgaosDeputados_L26', 'orgaosDeputados_L24', 'orgaosDeputados_L29', 'orgaosDeputados_L25', 'orgaosDeputados_L31', 'orgaosDeputados_L27', 'orgaosDeputados_L32', 'orgaosDeputados_L28', 'orgaosDeputados_L35', 'orgaosDeputados_L30', 'orgaosDeputados_L37', 'orgaosDeputados_L41', 'orgaosDeputados_L33', 'orgaosDeputados_L38', 'orgaosDeputados_L43', 'orgaosDeputados_L34', 'orgaosDeputados_L39', 'orgaosDeputados_L48', 'orgaosDeputados_L40', 'orgaosDeputados_L36', 'orgaosDeputados_L42', 'orgaosDeputados_L44', 'orgaosDeputados_L45', 'orgaosDeputados_L49', 'orgaosDeputados_L47', 'orgaosDeputados_L46', 'orgaosDeputados_L50']
2026-07-31 03:00:16,348 [ERROR] etl_camara — ETL finalizado com 50 dataset(s) em erro — saindo com código 1
2026-07-31 03:05:18,652 [INFO] etl_camara — Banco: postgres:5432/quemvota
2026-07-31 03:05:18,653 [INFO] etl_camara — Cache: etl_cache.json
2026-07-31 03:05:18,653 [INFO] etl_camara — Workers — download: 8 | backfill: 4
2026-07-31 03:05:18,664 [INFO] etl_camara — Iniciando ETL: 88 datasets | anos=[2026] | legislaturas=[1, 2, 3, 4, 5, 6, 7, 8, 9, 10, 11, 12, 13, 14, 15, 16, 17, 18, 19, 20, 21, 22, 23, 24, 25, 26, 27, 28, 29, 30, 31, 32, 33, 34, 35, 36, 37, 38, 39, 40, 41, 42, 43, 44, 45, 46, 47, 48, 49, 50, 51, 52, 53, 54, 55, 56, 57]
2026-07-31 03:05:18,664 [INFO] etl_camara — ━━━━━━━━━━━━━━━━━━━━━━━━━━━━━━━━━━━━━━━━━━━━━━━━━━━━━━━━━━━━
2026-07-31 03:05:18,665 [INFO] etl_camara — 🌊 Onda 0 — 9 datasets | workers=8
2026-07-31 03:05:18,895 [INFO] etl_camara — → sem alterações (304): eventos-2026.csv
2026-07-31 03:05:18,903 [INFO] etl_camara — → sem alterações (304): tecadTermos.csv
2026-07-31 03:05:18,918 [INFO] etl_camara — → sem alterações (304): legislaturas.csv
2026-07-31 03:05:19,097 [INFO] etl_camara — → sem alterações (304): tecadCategorias.csv
2026-07-31 03:05:19,107 [INFO] etl_camara — → sem alterações (304): proposicoes-2026.csv
2026-07-31 03:05:19,115 [INFO] etl_camara — → sem alterações (304): orgaos.csv
2026-07-31 03:05:19,298 [INFO] etl_camara — → sem alterações (304): funcionarios.csv
2026-07-31 03:05:19,503 [INFO] etl_camara — → sem alterações (304): deputados.csv
2026-07-31 03:05:19,698 [INFO] etl_camara — → sem alterações (304): licitacoes-2026.csv
2026-07-31 03:05:19,700 [INFO] etl_camara — ━━━━━━━━━━━━━━━━━━━━━━━━━━━━━━━━━━━━━━━━━━━━━━━━━━━━━━━━━━━━
2026-07-31 03:05:19,700 [INFO] etl_camara — 🌊 Onda 1 — 73 datasets | workers=8
2026-07-31 03:05:19,838 [INFO] etl_camara — → sem alterações (304): deputadosOcupacoes.csv
2026-07-31 03:05:19,849 [INFO] etl_camara — → sem alterações (304): eventosRequerimentos-2026.csv
2026-07-31 03:05:19,889 [INFO] etl_camara — → sem alterações (304): frentes.csv
2026-07-31 03:05:20,037 [INFO] etl_camara — → sem alterações (304): eventosPresencaDeputados-2026.csv
2026-07-31 03:05:20,050 [INFO] etl_camara — → sem alterações (304): legislaturasMesas.csv
2026-07-31 03:05:20,098 [INFO] etl_camara — → sem alterações (304): proposicoesAutores-2026.csv
2026-07-31 03:05:20,238 [INFO] etl_camara — → sem alterações (304): eventosOrgaos-2026.csv
2026-07-31 03:05:20,258 [INFO] etl_camara — → sem alterações (304): proposicoesTemas-2026.csv
2026-07-31 03:05:20,425 [WARNING] etl_camara — Tentativa 1/3 falhou (http://dadosabertos.camara.leg.br/arquivos/orgaosDeputados/csv/orgaosDeputados-L1.csv): 429 Client Error: Too Many Requests for url: https://dadosabertos.camara.leg.br/arquivos/orgaosDeputados/csv/orgaosDeputados-L1.csv
2026-07-31 03:05:20,445 [INFO] etl_camara — → sem alterações (304): grupos.csv
2026-07-31 03:05:20,447 [INFO] etl_camara — → sem alterações (304): votacoes-2026.csv
2026-07-31 03:05:20,586 [WARNING] etl_camara — 404 — não encontrado: http://dadosabertos.camara.leg.br/arquivos/orgaosDeputados/csv/orgaosDeputados-L3.csv
2026-07-31 03:05:20,643 [INFO] etl_camara — → sem alterações (304): licitacoesItens-2026.csv
2026-07-31 03:05:20,646 [INFO] etl_camara — → sem alterações (304): deputadosProfissoes.csv
2026-07-31 03:05:20,841 [WARNING] etl_camara — 404 — não encontrado: http://dadosabertos.camara.leg.br/arquivos/orgaosDeputados/csv/orgaosDeputados-L2.csv
2026-07-31 03:05:20,846 [INFO] etl_camara — → sem alterações (304): licitacoesPedidos-2026.csv
2026-07-31 03:05:21,050 [INFO] etl_camara — → sem alterações (304): licitacoesPropostas-2026.csv
2026-07-31 03:05:21,238 [INFO] etl_camara — → sem alterações (304): licitacoesContratos-2026.csv
2026-07-31 03:05:24,777 [WARNING] etl_camara — 404 — não encontrado: http://dadosabertos.camara.leg.br/arquivos/orgaosDeputados/csv/orgaosDeputados-L4.csv
2026-07-31 03:05:25,889 [WARNING] etl_camara — 404 — não encontrado: http://dadosabertos.camara.leg.br/arquivos/orgaosDeputados/csv/orgaosDeputados-L8.csv
2026-07-31 03:05:25,912 [WARNING] etl_camara — 404 — não encontrado: http://dadosabertos.camara.leg.br/arquivos/orgaosDeputados/csv/orgaosDeputados-L10.csv
2026-07-31 03:05:25,912 [WARNING] etl_camara — 404 — não encontrado: http://dadosabertos.camara.leg.br/arquivos/orgaosDeputados/csv/orgaosDeputados-L6.csv
2026-07-31 03:05:26,096 [WARNING] etl_camara — 404 — não encontrado: http://dadosabertos.camara.leg.br/arquivos/orgaosDeputados/csv/orgaosDeputados-L7.csv
2026-07-31 03:05:26,112 [WARNING] etl_camara — 404 — não encontrado: http://dadosabertos.camara.leg.br/arquivos/orgaosDeputados/csv/orgaosDeputados-L9.csv
2026-07-31 03:05:26,112 [WARNING] etl_camara — 404 — não encontrado: http://dadosabertos.camara.leg.br/arquivos/orgaosDeputados/csv/orgaosDeputados-L5.csv
2026-07-31 03:05:26,287 [WARNING] etl_camara — 404 — não encontrado: http://dadosabertos.camara.leg.br/arquivos/orgaosDeputados/csv/orgaosDeputados-L14.csv
2026-07-31 03:05:26,305 [WARNING] etl_camara — 404 — não encontrado: http://dadosabertos.camara.leg.br/arquivos/orgaosDeputados/csv/orgaosDeputados-L1.csv
2026-07-31 03:05:26,325 [WARNING] etl_camara — 404 — não encontrado: http://dadosabertos.camara.leg.br/arquivos/orgaosDeputados/csv/orgaosDeputados-L15.csv
2026-07-31 03:05:26,487 [WARNING] etl_camara — 404 — não encontrado: http://dadosabertos.camara.leg.br/arquivos/orgaosDeputados/csv/orgaosDeputados-L12.csv
2026-07-31 03:05:26,504 [WARNING] etl_camara — 404 — não encontrado: http://dadosabertos.camara.leg.br/arquivos/orgaosDeputados/csv/orgaosDeputados-L16.csv
2026-07-31 03:05:26,511 [WARNING] etl_camara — 404 — não encontrado: http://dadosabertos.camara.leg.br/arquivos/orgaosDeputados/csv/orgaosDeputados-L13.csv
2026-07-31 03:05:26,694 [WARNING] etl_camara — 404 — não encontrado: http://dadosabertos.camara.leg.br/arquivos/orgaosDeputados/csv/orgaosDeputados-L11.csv
2026-07-31 03:05:26,704 [WARNING] etl_camara — 404 — não encontrado: http://dadosabertos.camara.leg.br/arquivos/orgaosDeputados/csv/orgaosDeputados-L17.csv
2026-07-31 03:05:26,706 [WARNING] etl_camara — 404 — não encontrado: http://dadosabertos.camara.leg.br/arquivos/orgaosDeputados/csv/orgaosDeputados-L18.csv
2026-07-31 03:05:26,888 [WARNING] etl_camara — 404 — não encontrado: http://dadosabertos.camara.leg.br/arquivos/orgaosDeputados/csv/orgaosDeputados-L19.csv
2026-07-31 03:05:26,905 [WARNING] etl_camara — 404 — não encontrado: http://dadosabertos.camara.leg.br/arquivos/orgaosDeputados/csv/orgaosDeputados-L21.csv
2026-07-31 03:05:26,911 [WARNING] etl_camara — 404 — não encontrado: http://dadosabertos.camara.leg.br/arquivos/orgaosDeputados/csv/orgaosDeputados-L20.csv
2026-07-31 03:05:27,097 [WARNING] etl_camara — 404 — não encontrado: http://dadosabertos.camara.leg.br/arquivos/orgaosDeputados/csv/orgaosDeputados-L25.csv
2026-07-31 03:05:27,105 [WARNING] etl_camara — 404 — não encontrado: http://dadosabertos.camara.leg.br/arquivos/orgaosDeputados/csv/orgaosDeputados-L22.csv
2026-07-31 03:05:27,111 [WARNING] etl_camara — 404 — não encontrado: http://dadosabertos.camara.leg.br/arquivos/orgaosDeputados/csv/orgaosDeputados-L23.csv
2026-07-31 03:05:27,295 [WARNING] etl_camara — 404 — não encontrado: http://dadosabertos.camara.leg.br/arquivos/orgaosDeputados/csv/orgaosDeputados-L29.csv
2026-07-31 03:05:27,304 [WARNING] etl_camara — 404 — não encontrado: http://dadosabertos.camara.leg.br/arquivos/orgaosDeputados/csv/orgaosDeputados-L26.csv
2026-07-31 03:05:27,312 [WARNING] etl_camara — 404 — não encontrado: http://dadosabertos.camara.leg.br/arquivos/orgaosDeputados/csv/orgaosDeputados-L30.csv
2026-07-31 03:05:27,488 [WARNING] etl_camara — 404 — não encontrado: http://dadosabertos.camara.leg.br/arquivos/orgaosDeputados/csv/orgaosDeputados-L34.csv
2026-07-31 03:05:27,511 [WARNING] etl_camara — 404 — não encontrado: http://dadosabertos.camara.leg.br/arquivos/orgaosDeputados/csv/orgaosDeputados-L24.csv
2026-07-31 03:05:27,657 [WARNING] etl_camara — 404 — não encontrado: http://dadosabertos.camara.leg.br/arquivos/orgaosDeputados/csv/orgaosDeputados-L37.csv
2026-07-31 03:05:27,696 [WARNING] etl_camara — 404 — não encontrado: http://dadosabertos.camara.leg.br/arquivos/orgaosDeputados/csv/orgaosDeputados-L33.csv
2026-07-31 03:05:27,711 [WARNING] etl_camara — 404 — não encontrado: http://dadosabertos.camara.leg.br/arquivos/orgaosDeputados/csv/orgaosDeputados-L27.csv
2026-07-31 03:05:27,851 [WARNING] etl_camara — 404 — não encontrado: http://dadosabertos.camara.leg.br/arquivos/orgaosDeputados/csv/orgaosDeputados-L39.csv
2026-07-31 03:05:27,903 [WARNING] etl_camara — 404 — não encontrado: http://dadosabertos.camara.leg.br/arquivos/orgaosDeputados/csv/orgaosDeputados-L35.csv
2026-07-31 03:05:27,958 [WARNING] etl_camara — 404 — não encontrado: http://dadosabertos.camara.leg.br/arquivos/orgaosDeputados/csv/orgaosDeputados-L28.csv
2026-07-31 03:05:28,049 [WARNING] etl_camara — 404 — não encontrado: http://dadosabertos.camara.leg.br/arquivos/orgaosDeputados/csv/orgaosDeputados-L42.csv
2026-07-31 03:05:28,102 [WARNING] etl_camara — 404 — não encontrado: http://dadosabertos.camara.leg.br/arquivos/orgaosDeputados/csv/orgaosDeputados-L36.csv
2026-07-31 03:05:28,111 [WARNING] etl_camara — 404 — não encontrado: http://dadosabertos.camara.leg.br/arquivos/orgaosDeputados/csv/orgaosDeputados-L31.csv
2026-07-31 03:05:28,251 [WARNING] etl_camara — 404 — não encontrado: http://dadosabertos.camara.leg.br/arquivos/orgaosDeputados/csv/orgaosDeputados-L43.csv
2026-07-31 03:05:28,294 [WARNING] etl_camara — 404 — não encontrado: http://dadosabertos.camara.leg.br/arquivos/orgaosDeputados/csv/orgaosDeputados-L40.csv
2026-07-31 03:05:28,311 [WARNING] etl_camara — 404 — não encontrado: http://dadosabertos.camara.leg.br/arquivos/orgaosDeputados/csv/orgaosDeputados-L32.csv
2026-07-31 03:05:28,449 [WARNING] etl_camara — 404 — não encontrado: http://dadosabertos.camara.leg.br/arquivos/orgaosDeputados/csv/orgaosDeputados-L44.csv
2026-07-31 03:05:28,496 [WARNING] etl_camara — 404 — não encontrado: http://dadosabertos.camara.leg.br/arquivos/orgaosDeputados/csv/orgaosDeputados-L48.csv
2026-07-31 03:05:28,519 [WARNING] etl_camara — 404 — não encontrado: http://dadosabertos.camara.leg.br/arquivos/orgaosDeputados/csv/orgaosDeputados-L38.csv
2026-07-31 03:05:28,649 [WARNING] etl_camara — 404 — não encontrado: http://dadosabertos.camara.leg.br/arquivos/orgaosDeputados/csv/orgaosDeputados-L49.csv
2026-07-31 03:05:28,690 [WARNING] etl_camara — 404 — não encontrado: http://dadosabertos.camara.leg.br/arquivos/orgaosDeputados/csv/orgaosDeputados-L50.csv
2026-07-31 03:05:28,703 [WARNING] etl_camara — 404 — não encontrado: http://dadosabertos.camara.leg.br/arquivos/orgaosDeputados/csv/orgaosDeputados-L41.csv
2026-07-31 03:05:28,897 [INFO] etl_camara — → sem alterações (304): orgaosDeputados-L51.csv
2026-07-31 03:05:28,906 [WARNING] etl_camara — 404 — não encontrado: http://dadosabertos.camara.leg.br/arquivos/orgaosDeputados/csv/orgaosDeputados-L45.csv
2026-07-31 03:05:29,005 [INFO] etl_camara — → sem alterações (304): orgaosDeputados-L56.csv
2026-07-31 03:05:29,096 [INFO] etl_camara — → sem alterações (304): orgaosDeputados-L53.csv
2026-07-31 03:05:29,209 [INFO] etl_camara — → sem alterações (304): Ano-2026.csv.zip
2026-07-31 03:05:29,214 [INFO] etl_camara — → sem alterações (304): orgaosDeputados-L57.csv
2026-07-31 03:05:29,216 [WARNING] etl_camara — 404 — não encontrado: http://dadosabertos.camara.leg.br/arquivos/orgaosDeputados/csv/orgaosDeputados-L46.csv
2026-07-31 03:05:29,291 [INFO] etl_camara — → sem alterações (304): orgaosDeputados-L54.csv
2026-07-31 03:05:29,303 [WARNING] etl_camara — 404 — não encontrado: http://dadosabertos.camara.leg.br/arquivos/orgaosDeputados/csv/orgaosDeputados-L47.csv
2026-07-31 03:05:29,503 [INFO] etl_camara — → sem alterações (304): orgaosDeputados-L52.csv
2026-07-31 03:05:29,711 [INFO] etl_camara — → sem alterações (304): orgaosDeputados-L55.csv
2026-07-31 03:05:29,713 [INFO] etl_camara — ━━━━━━━━━━━━━━━━━━━━━━━━━━━━━━━━━━━━━━━━━━━━━━━━━━━━━━━━━━━━
2026-07-31 03:05:29,713 [INFO] etl_camara — 🌊 Onda 2 — 6 datasets | workers=8
2026-07-31 03:05:29,840 [INFO] etl_camara — → sem alterações (304): votacoesVotos-2026.csv
2026-07-31 03:05:29,882 [INFO] etl_camara — → sem alterações (304): frentesDeputados.csv
2026-07-31 03:05:29,911 [INFO] etl_camara — → sem alterações (304): votacoesOrientacoes-2026.csv
2026-07-31 03:05:30,042 [INFO] etl_camara — → sem alterações (304): votacoesProposicoes-2026.csv
2026-07-31 03:05:30,114 [INFO] etl_camara — → sem alterações (304): gruposHistorico.csv
2026-07-31 03:05:30,248 [INFO] etl_camara — → sem alterações (304): gruposMembros.csv
2026-07-31 03:05:30,251 [INFO] etl_camara — ━━━━━━━━━━━━━━━━━━━━━━━━━━━━━━━━━━━━━━━━━━━━━━━━━━━━━━━━━━━━
2026-07-31 03:05:30,251 [INFO] etl_camara — 🏁 ETL concluído — processados: 0 | sem alteração (304): 38 | histórico pulado: 0 | erros: 50 | total: 88
2026-07-31 03:05:30,251 [WARNING] etl_camara — Datasets com falha (50): ['orgaosDeputados_L3', 'orgaosDeputados_L2', 'orgaosDeputados_L4', 'orgaosDeputados_L8', 'orgaosDeputados_L10', 'orgaosDeputados_L6', 'orgaosDeputados_L7', 'orgaosDeputados_L9', 'orgaosDeputados_L5', 'orgaosDeputados_L14', 'orgaosDeputados_L1', 'orgaosDeputados_L15', 'orgaosDeputados_L12', 'orgaosDeputados_L16', 'orgaosDeputados_L13', 'orgaosDeputados_L11', 'orgaosDeputados_L17', 'orgaosDeputados_L18', 'orgaosDeputados_L19', 'orgaosDeputados_L21', 'orgaosDeputados_L20', 'orgaosDeputados_L25', 'orgaosDeputados_L22', 'orgaosDeputados_L23', 'orgaosDeputados_L29', 'orgaosDeputados_L26', 'orgaosDeputados_L30', 'orgaosDeputados_L34', 'orgaosDeputados_L24', 'orgaosDeputados_L37', 'orgaosDeputados_L33', 'orgaosDeputados_L27', 'orgaosDeputados_L39', 'orgaosDeputados_L35', 'orgaosDeputados_L28', 'orgaosDeputados_L42', 'orgaosDeputados_L36', 'orgaosDeputados_L31', 'orgaosDeputados_L43', 'orgaosDeputados_L40', 'orgaosDeputados_L32', 'orgaosDeputados_L44', 'orgaosDeputados_L48', 'orgaosDeputados_L38', 'orgaosDeputados_L49', 'orgaosDeputados_L50', 'orgaosDeputados_L41', 'orgaosDeputados_L45', 'orgaosDeputados_L46', 'orgaosDeputados_L47']
2026-07-31 03:05:30,251 [ERROR] etl_camara — ETL finalizado com 50 dataset(s) em erro — saindo com código 1
2026-07-31 03:10:32,725 [INFO] etl_camara — Banco: postgres:5432/quemvota
2026-07-31 03:10:32,725 [INFO] etl_camara — Cache: etl_cache.json
2026-07-31 03:10:32,725 [INFO] etl_camara — Workers — download: 8 | backfill: 4
2026-07-31 03:10:32,736 [INFO] etl_camara — Iniciando ETL: 88 datasets | anos=[2026] | legislaturas=[1, 2, 3, 4, 5, 6, 7, 8, 9, 10, 11, 12, 13, 14, 15, 16, 17, 18, 19, 20, 21, 22, 23, 24, 25, 26, 27, 28, 29, 30, 31, 32, 33, 34, 35, 36, 37, 38, 39, 40, 41, 42, 43, 44, 45, 46, 47, 48, 49, 50, 51, 52, 53, 54, 55, 56, 57]
2026-07-31 03:10:32,736 [INFO] etl_camara — ━━━━━━━━━━━━━━━━━━━━━━━━━━━━━━━━━━━━━━━━━━━━━━━━━━━━━━━━━━━━
2026-07-31 03:10:32,736 [INFO] etl_camara — 🌊 Onda 0 — 9 datasets | workers=8
2026-07-31 03:10:32,976 [INFO] etl_camara — → sem alterações (304): eventos-2026.csv
2026-07-31 03:10:32,980 [INFO] etl_camara — → sem alterações (304): proposicoes-2026.csv
2026-07-31 03:10:32,985 [INFO] etl_camara — → sem alterações (304): legislaturas.csv
2026-07-31 03:10:33,167 [INFO] etl_camara — → sem alterações (304): deputados.csv
2026-07-31 03:10:33,176 [INFO] etl_camara — → sem alterações (304): orgaos.csv
2026-07-31 03:10:33,367 [INFO] etl_camara — → sem alterações (304): tecadCategorias.csv
2026-07-31 03:10:33,384 [INFO] etl_camara — → sem alterações (304): funcionarios.csv
2026-07-31 03:10:33,585 [INFO] etl_camara — → sem alterações (304): tecadTermos.csv
2026-07-31 03:10:33,823 [INFO] etl_camara — → sem alterações (304): licitacoes-2026.csv
2026-07-31 03:10:33,825 [INFO] etl_camara — ━━━━━━━━━━━━━━━━━━━━━━━━━━━━━━━━━━━━━━━━━━━━━━━━━━━━━━━━━━━━
2026-07-31 03:10:33,825 [INFO] etl_camara — 🌊 Onda 1 — 73 datasets | workers=8
2026-07-31 03:10:33,952 [INFO] etl_camara — → sem alterações (304): deputadosProfissoes.csv
2026-07-31 03:10:33,968 [INFO] etl_camara — → sem alterações (304): legislaturasMesas.csv
2026-07-31 03:10:33,974 [INFO] etl_camara — → sem alterações (304): eventosPresencaDeputados-2026.csv
2026-07-31 03:10:34,154 [INFO] etl_camara — → sem alterações (304): frentes.csv
2026-07-31 03:10:34,185 [INFO] etl_camara — → sem alterações (304): deputadosOcupacoes.csv
2026-07-31 03:10:34,329 [INFO] etl_camara — → sem alterações (304): licitacoesPropostas-2026.csv
2026-07-31 03:10:34,357 [INFO] etl_camara — → sem alterações (304): eventosRequerimentos-2026.csv
2026-07-31 03:10:34,377 [INFO] etl_camara — → sem alterações (304): grupos.csv
2026-07-31 03:10:34,533 [INFO] etl_camara — → sem alterações (304): licitacoesItens-2026.csv
2026-07-31 03:10:34,550 [INFO] etl_camara — → sem alterações (304): votacoes-2026.csv
2026-07-31 03:10:34,583 [INFO] etl_camara — → sem alterações (304): eventosOrgaos-2026.csv
2026-07-31 03:10:34,734 [INFO] etl_camara — → sem alterações (304): licitacoesContratos-2026.csv
2026-07-31 03:10:34,762 [INFO] etl_camara — → sem alterações (304): licitacoesPedidos-2026.csv
2026-07-31 03:10:34,784 [INFO] etl_camara — → sem alterações (304): proposicoesAutores-2026.csv
2026-07-31 03:10:34,930 [WARNING] etl_camara — 404 — não encontrado: http://dadosabertos.camara.leg.br/arquivos/orgaosDeputados/csv/orgaosDeputados-L3.csv
2026-07-31 03:10:34,952 [WARNING] etl_camara — 404 — não encontrado: http://dadosabertos.camara.leg.br/arquivos/orgaosDeputados/csv/orgaosDeputados-L2.csv
2026-07-31 03:10:34,983 [INFO] etl_camara — → sem alterações (304): proposicoesTemas-2026.csv
2026-07-31 03:10:35,133 [WARNING] etl_camara — 404 — não encontrado: http://dadosabertos.camara.leg.br/arquivos/orgaosDeputados/csv/orgaosDeputados-L4.csv
2026-07-31 03:10:35,154 [WARNING] etl_camara — 404 — não encontrado: http://dadosabertos.camara.leg.br/arquivos/orgaosDeputados/csv/orgaosDeputados-L7.csv
2026-07-31 03:10:35,174 [WARNING] etl_camara — 404 — não encontrado: http://dadosabertos.camara.leg.br/arquivos/orgaosDeputados/csv/orgaosDeputados-L1.csv
2026-07-31 03:10:35,331 [WARNING] etl_camara — 404 — não encontrado: http://dadosabertos.camara.leg.br/arquivos/orgaosDeputados/csv/orgaosDeputados-L5.csv
2026-07-31 03:10:35,357 [WARNING] etl_camara — 404 — não encontrado: http://dadosabertos.camara.leg.br/arquivos/orgaosDeputados/csv/orgaosDeputados-L9.csv
2026-07-31 03:10:35,383 [WARNING] etl_camara — 404 — não encontrado: http://dadosabertos.camara.leg.br/arquivos/orgaosDeputados/csv/orgaosDeputados-L6.csv
2026-07-31 03:10:35,533 [WARNING] etl_camara — 404 — não encontrado: http://dadosabertos.camara.leg.br/arquivos/orgaosDeputados/csv/orgaosDeputados-L8.csv
2026-07-31 03:10:35,560 [WARNING] etl_camara — 404 — não encontrado: http://dadosabertos.camara.leg.br/arquivos/orgaosDeputados/csv/orgaosDeputados-L13.csv
2026-07-31 03:10:35,575 [WARNING] etl_camara — 404 — não encontrado: http://dadosabertos.camara.leg.br/arquivos/orgaosDeputados/csv/orgaosDeputados-L10.csv
2026-07-31 03:10:35,729 [WARNING] etl_camara — 404 — não encontrado: http://dadosabertos.camara.leg.br/arquivos/orgaosDeputados/csv/orgaosDeputados-L11.csv
2026-07-31 03:10:35,749 [WARNING] etl_camara — 404 — não encontrado: http://dadosabertos.camara.leg.br/arquivos/orgaosDeputados/csv/orgaosDeputados-L19.csv
2026-07-31 03:10:35,785 [WARNING] etl_camara — 404 — não encontrado: http://dadosabertos.camara.leg.br/arquivos/orgaosDeputados/csv/orgaosDeputados-L12.csv
2026-07-31 03:10:35,925 [WARNING] etl_camara — 404 — não encontrado: http://dadosabertos.camara.leg.br/arquivos/orgaosDeputados/csv/orgaosDeputados-L20.csv
2026-07-31 03:10:35,957 [WARNING] etl_camara — 404 — não encontrado: http://dadosabertos.camara.leg.br/arquivos/orgaosDeputados/csv/orgaosDeputados-L18.csv
2026-07-31 03:10:35,976 [WARNING] etl_camara — 404 — não encontrado: http://dadosabertos.camara.leg.br/arquivos/orgaosDeputados/csv/orgaosDeputados-L15.csv
2026-07-31 03:10:36,133 [WARNING] etl_camara — 404 — não encontrado: http://dadosabertos.camara.leg.br/arquivos/orgaosDeputados/csv/orgaosDeputados-L25.csv
2026-07-31 03:10:36,156 [WARNING] etl_camara — 404 — não encontrado: http://dadosabertos.camara.leg.br/arquivos/orgaosDeputados/csv/orgaosDeputados-L21.csv
2026-07-31 03:10:36,183 [WARNING] etl_camara — 404 — não encontrado: http://dadosabertos.camara.leg.br/arquivos/orgaosDeputados/csv/orgaosDeputados-L14.csv
2026-07-31 03:10:36,332 [WARNING] etl_camara — 404 — não encontrado: http://dadosabertos.camara.leg.br/arquivos/orgaosDeputados/csv/orgaosDeputados-L28.csv
2026-07-31 03:10:36,349 [WARNING] etl_camara — 404 — não encontrado: http://dadosabertos.camara.leg.br/arquivos/orgaosDeputados/csv/orgaosDeputados-L22.csv
2026-07-31 03:10:36,382 [WARNING] etl_camara — 404 — não encontrado: http://dadosabertos.camara.leg.br/arquivos/orgaosDeputados/csv/orgaosDeputados-L16.csv
2026-07-31 03:10:36,527 [WARNING] etl_camara — 404 — não encontrado: http://dadosabertos.camara.leg.br/arquivos/orgaosDeputados/csv/orgaosDeputados-L31.csv
2026-07-31 03:10:36,548 [WARNING] etl_camara — 404 — não encontrado: http://dadosabertos.camara.leg.br/arquivos/orgaosDeputados/csv/orgaosDeputados-L29.csv
2026-07-31 03:10:36,582 [WARNING] etl_camara — 404 — não encontrado: http://dadosabertos.camara.leg.br/arquivos/orgaosDeputados/csv/orgaosDeputados-L17.csv
2026-07-31 03:10:36,748 [WARNING] etl_camara — 404 — não encontrado: http://dadosabertos.camara.leg.br/arquivos/orgaosDeputados/csv/orgaosDeputados-L30.csv
2026-07-31 03:10:36,774 [WARNING] etl_camara — 404 — não encontrado: http://dadosabertos.camara.leg.br/arquivos/orgaosDeputados/csv/orgaosDeputados-L23.csv
2026-07-31 03:10:36,869 [WARNING] etl_camara — 404 — não encontrado: http://dadosabertos.camara.leg.br/arquivos/orgaosDeputados/csv/orgaosDeputados-L35.csv
2026-07-31 03:10:36,957 [WARNING] etl_camara — 404 — não encontrado: http://dadosabertos.camara.leg.br/arquivos/orgaosDeputados/csv/orgaosDeputados-L32.csv
2026-07-31 03:10:36,983 [WARNING] etl_camara — 404 — não encontrado: http://dadosabertos.camara.leg.br/arquivos/orgaosDeputados/csv/orgaosDeputados-L24.csv
2026-07-31 03:10:37,083 [WARNING] etl_camara — 404 — não encontrado: http://dadosabertos.camara.leg.br/arquivos/orgaosDeputados/csv/orgaosDeputados-L38.csv
2026-07-31 03:10:37,157 [WARNING] etl_camara — 404 — não encontrado: http://dadosabertos.camara.leg.br/arquivos/orgaosDeputados/csv/orgaosDeputados-L36.csv
2026-07-31 03:10:37,175 [WARNING] etl_camara — 404 — não encontrado: http://dadosabertos.camara.leg.br/arquivos/orgaosDeputados/csv/orgaosDeputados-L26.csv
2026-07-31 03:10:37,290 [WARNING] etl_camara — 404 — não encontrado: http://dadosabertos.camara.leg.br/arquivos/orgaosDeputados/csv/orgaosDeputados-L40.csv
2026-07-31 03:10:37,349 [WARNING] etl_camara — 404 — não encontrado: http://dadosabertos.camara.leg.br/arquivos/orgaosDeputados/csv/orgaosDeputados-L42.csv
2026-07-31 03:10:37,376 [WARNING] etl_camara — 404 — não encontrado: http://dadosabertos.camara.leg.br/arquivos/orgaosDeputados/csv/orgaosDeputados-L27.csv
2026-07-31 03:10:37,495 [WARNING] etl_camara — 404 — não encontrado: http://dadosabertos.camara.leg.br/arquivos/orgaosDeputados/csv/orgaosDeputados-L44.csv
2026-07-31 03:10:37,575 [WARNING] etl_camara — 404 — não encontrado: http://dadosabertos.camara.leg.br/arquivos/orgaosDeputados/csv/orgaosDeputados-L33.csv
2026-07-31 03:10:37,620 [WARNING] etl_camara — 404 — não encontrado: http://dadosabertos.camara.leg.br/arquivos/orgaosDeputados/csv/orgaosDeputados-L46.csv
2026-07-31 03:10:37,695 [WARNING] etl_camara — 404 — não encontrado: http://dadosabertos.camara.leg.br/arquivos/orgaosDeputados/csv/orgaosDeputados-L45.csv
2026-07-31 03:10:37,808 [WARNING] etl_camara — 404 — não encontrado: http://dadosabertos.camara.leg.br/arquivos/orgaosDeputados/csv/orgaosDeputados-L34.csv
2026-07-31 03:10:37,886 [WARNING] etl_camara — 404 — não encontrado: http://dadosabertos.camara.leg.br/arquivos/orgaosDeputados/csv/orgaosDeputados-L49.csv
2026-07-31 03:10:37,982 [WARNING] etl_camara — 404 — não encontrado: http://dadosabertos.camara.leg.br/arquivos/orgaosDeputados/csv/orgaosDeputados-L37.csv
2026-07-31 03:10:38,089 [WARNING] etl_camara — 404 — não encontrado: http://dadosabertos.camara.leg.br/arquivos/orgaosDeputados/csv/orgaosDeputados-L50.csv
2026-07-31 03:10:38,182 [WARNING] etl_camara — 404 — não encontrado: http://dadosabertos.camara.leg.br/arquivos/orgaosDeputados/csv/orgaosDeputados-L39.csv
2026-07-31 03:10:38,212 [INFO] etl_camara — → sem alterações (304): orgaosDeputados-L53.csv
2026-07-31 03:10:38,299 [INFO] etl_camara — → sem alterações (304): orgaosDeputados-L51.csv
2026-07-31 03:10:38,373 [WARNING] etl_camara — 404 — não encontrado: http://dadosabertos.camara.leg.br/arquivos/orgaosDeputados/csv/orgaosDeputados-L41.csv
2026-07-31 03:10:38,420 [INFO] etl_camara — → sem alterações (304): orgaosDeputados-L55.csv
2026-07-31 03:10:38,495 [INFO] etl_camara — → sem alterações (304): orgaosDeputados-L52.csv
2026-07-31 03:10:38,574 [WARNING] etl_camara — 404 — não encontrado: http://dadosabertos.camara.leg.br/arquivos/orgaosDeputados/csv/orgaosDeputados-L43.csv
2026-07-31 03:10:38,581 [INFO] etl_camara — → sem alterações (304): Ano-2026.csv.zip
2026-07-31 03:10:38,697 [INFO] etl_camara — → sem alterações (304): orgaosDeputados-L56.csv
2026-07-31 03:10:38,775 [WARNING] etl_camara — 404 — não encontrado: http://dadosabertos.camara.leg.br/arquivos/orgaosDeputados/csv/orgaosDeputados-L47.csv
2026-07-31 03:10:38,974 [WARNING] etl_camara — 404 — não encontrado: http://dadosabertos.camara.leg.br/arquivos/orgaosDeputados/csv/orgaosDeputados-L48.csv
2026-07-31 03:10:39,183 [INFO] etl_camara — → sem alterações (304): orgaosDeputados-L54.csv
2026-07-31 03:10:39,387 [INFO] etl_camara — → sem alterações (304): orgaosDeputados-L57.csv
2026-07-31 03:10:39,389 [INFO] etl_camara — ━━━━━━━━━━━━━━━━━━━━━━━━━━━━━━━━━━━━━━━━━━━━━━━━━━━━━━━━━━━━
2026-07-31 03:10:39,389 [INFO] etl_camara — 🌊 Onda 2 — 6 datasets | workers=8
2026-07-31 03:10:39,523 [INFO] etl_camara — → sem alterações (304): gruposHistorico.csv
2026-07-31 03:10:39,559 [INFO] etl_camara — → sem alterações (304): votacoesVotos-2026.csv
2026-07-31 03:10:39,573 [INFO] etl_camara — → sem alterações (304): gruposMembros.csv
2026-07-31 03:10:39,726 [INFO] etl_camara — → sem alterações (304): frentesDeputados.csv
2026-07-31 03:10:39,779 [INFO] etl_camara — → sem alterações (304): votacoesProposicoes-2026.csv
2026-07-31 03:10:39,931 [INFO] etl_camara — → sem alterações (304): votacoesOrientacoes-2026.csv
2026-07-31 03:10:39,934 [INFO] etl_camara — ━━━━━━━━━━━━━━━━━━━━━━━━━━━━━━━━━━━━━━━━━━━━━━━━━━━━━━━━━━━━
2026-07-31 03:10:39,934 [INFO] etl_camara — 🏁 ETL concluído — processados: 0 | sem alteração (304): 38 | histórico pulado: 0 | erros: 50 | total: 88
2026-07-31 03:10:39,934 [WARNING] etl_camara — Datasets com falha (50): ['orgaosDeputados_L3', 'orgaosDeputados_L2', 'orgaosDeputados_L4', 'orgaosDeputados_L7', 'orgaosDeputados_L1', 'orgaosDeputados_L5', 'orgaosDeputados_L9', 'orgaosDeputados_L6', 'orgaosDeputados_L8', 'orgaosDeputados_L13', 'orgaosDeputados_L10', 'orgaosDeputados_L11', 'orgaosDeputados_L19', 'orgaosDeputados_L12', 'orgaosDeputados_L20', 'orgaosDeputados_L18', 'orgaosDeputados_L15', 'orgaosDeputados_L25', 'orgaosDeputados_L21', 'orgaosDeputados_L14', 'orgaosDeputados_L28', 'orgaosDeputados_L22', 'orgaosDeputados_L16', 'orgaosDeputados_L31', 'orgaosDeputados_L29', 'orgaosDeputados_L17', 'orgaosDeputados_L30', 'orgaosDeputados_L23', 'orgaosDeputados_L35', 'orgaosDeputados_L32', 'orgaosDeputados_L24', 'orgaosDeputados_L38', 'orgaosDeputados_L36', 'orgaosDeputados_L26', 'orgaosDeputados_L40', 'orgaosDeputados_L42', 'orgaosDeputados_L27', 'orgaosDeputados_L44', 'orgaosDeputados_L33', 'orgaosDeputados_L46', 'orgaosDeputados_L45', 'orgaosDeputados_L34', 'orgaosDeputados_L49', 'orgaosDeputados_L37', 'orgaosDeputados_L50', 'orgaosDeputados_L39', 'orgaosDeputados_L41', 'orgaosDeputados_L43', 'orgaosDeputados_L47', 'orgaosDeputados_L48']
2026-07-31 03:10:39,934 [ERROR] etl_camara — ETL finalizado com 50 dataset(s) em erro — saindo com código 1
2026-08-01 10:54:47,584 [INFO] etl_camara — Banco: postgres:5432/quemvota
2026-08-01 10:54:47,584 [INFO] etl_camara — Cache: etl_cache.json
2026-08-01 10:54:47,584 [INFO] etl_camara — Workers — download: 8 | backfill: 4
2026-08-01 10:54:47,594 [INFO] etl_camara — Iniciando ETL: 88 datasets | anos=[2026] | legislaturas=[1, 2, 3, 4, 5, 6, 7, 8, 9, 10, 11, 12, 13, 14, 15, 16, 17, 18, 19, 20, 21, 22, 23, 24, 25, 26, 27, 28, 29, 30, 31, 32, 33, 34, 35, 36, 37, 38, 39, 40, 41, 42, 43, 44, 45, 46, 47, 48, 49, 50, 51, 52, 53, 54, 55, 56, 57]
2026-08-01 10:54:47,595 [INFO] etl_camara — ━━━━━━━━━━━━━━━━━━━━━━━━━━━━━━━━━━━━━━━━━━━━━━━━━━━━━━━━━━━━
2026-08-01 10:54:47,595 [INFO] etl_camara — 🌊 Onda 0 — 9 datasets | workers=8
2026-08-01 10:54:47,601 [WARNING] etl_camara — Tentativa 1/3 falhou (http://dadosabertos.camara.leg.br/arquivos/legislaturas/csv/legislaturas.csv): HTTPConnectionPool(host='dadosabertos.camara.leg.br', port=80): Max retries exceeded with url: /arquivos/legislaturas/csv/legislaturas.csv (Caused by NameResolutionError("HTTPConnection(host='dadosabertos.camara.leg.br', port=80): Failed to resolve 'dadosabertos.camara.leg.br' ([Errno -3] Temporary failure in name resolution)"))
2026-08-01 10:54:47,602 [WARNING] etl_camara — Tentativa 1/3 falhou (http://dadosabertos.camara.leg.br/arquivos/deputados/csv/deputados.csv): HTTPConnectionPool(host='dadosabertos.camara.leg.br', port=80): Max retries exceeded with url: /arquivos/deputados/csv/deputados.csv (Caused by NameResolutionError("HTTPConnection(host='dadosabertos.camara.leg.br', port=80): Failed to resolve 'dadosabertos.camara.leg.br' ([Errno -3] Temporary failure in name resolution)"))
2026-08-01 10:54:47,602 [WARNING] etl_camara — Tentativa 1/3 falhou (http://dadosabertos.camara.leg.br/arquivos/eventos/csv/eventos-2026.csv): HTTPConnectionPool(host='dadosabertos.camara.leg.br', port=80): Max retries exceeded with url: /arquivos/eventos/csv/eventos-2026.csv (Caused by NameResolutionError("HTTPConnection(host='dadosabertos.camara.leg.br', port=80): Failed to resolve 'dadosabertos.camara.leg.br' ([Errno -3] Temporary failure in name resolution)"))
2026-08-01 10:54:47,603 [WARNING] etl_camara — Tentativa 1/3 falhou (http://dadosabertos.camara.leg.br/arquivos/tecadCategorias/csv/tecadCategorias.csv): HTTPConnectionPool(host='dadosabertos.camara.leg.br', port=80): Max retries exceeded with url: /arquivos/tecadCategorias/csv/tecadCategorias.csv (Caused by NameResolutionError("HTTPConnection(host='dadosabertos.camara.leg.br', port=80): Failed to resolve 'dadosabertos.camara.leg.br' ([Errno -3] Temporary failure in name resolution)"))
2026-08-01 10:54:47,603 [WARNING] etl_camara — Tentativa 1/3 falhou (http://dadosabertos.camara.leg.br/arquivos/tecadTermos/csv/tecadTermos.csv): HTTPConnectionPool(host='dadosabertos.camara.leg.br', port=80): Max retries exceeded with url: /arquivos/tecadTermos/csv/tecadTermos.csv (Caused by NameResolutionError("HTTPConnection(host='dadosabertos.camara.leg.br', port=80): Failed to resolve 'dadosabertos.camara.leg.br' ([Errno -3] Temporary failure in name resolution)"))
2026-08-01 10:54:47,603 [WARNING] etl_camara — Tentativa 1/3 falhou (http://dadosabertos.camara.leg.br/arquivos/funcionarios/csv/funcionarios.csv): HTTPConnectionPool(host='dadosabertos.camara.leg.br', port=80): Max retries exceeded with url: /arquivos/funcionarios/csv/funcionarios.csv (Caused by NameResolutionError("HTTPConnection(host='dadosabertos.camara.leg.br', port=80): Failed to resolve 'dadosabertos.camara.leg.br' ([Errno -3] Temporary failure in name resolution)"))
2026-08-01 10:54:47,603 [WARNING] etl_camara — Tentativa 1/3 falhou (http://dadosabertos.camara.leg.br/arquivos/orgaos/csv/orgaos.csv): HTTPConnectionPool(host='dadosabertos.camara.leg.br', port=80): Max retries exceeded with url: /arquivos/orgaos/csv/orgaos.csv (Caused by NameResolutionError("HTTPConnection(host='dadosabertos.camara.leg.br', port=80): Failed to resolve 'dadosabertos.camara.leg.br' ([Errno -3] Temporary failure in name resolution)"))
2026-08-01 10:54:47,604 [WARNING] etl_camara — Tentativa 1/3 falhou (http://dadosabertos.camara.leg.br/arquivos/proposicoes/csv/proposicoes-2026.csv): HTTPConnectionPool(host='dadosabertos.camara.leg.br', port=80): Max retries exceeded with url: /arquivos/proposicoes/csv/proposicoes-2026.csv (Caused by NameResolutionError("HTTPConnection(host='dadosabertos.camara.leg.br', port=80): Failed to resolve 'dadosabertos.camara.leg.br' ([Errno -3] Temporary failure in name resolution)"))
2026-08-01 10:54:52,909 [INFO] etl_camara — ✔ orgaos.csv (3866 linhas)
2026-08-01 10:54:53,027 [INFO] etl_camara — ✔ tecadCategorias.csv (79 linhas)
2026-08-01 10:54:53,094 [INFO] etl_camara —   upsert tecadCategorias → 79 registros
2026-08-01 10:54:53,456 [INFO] etl_camara — ✔ licitacoes-2026.csv (98 linhas)
2026-08-01 10:54:53,605 [INFO] etl_camara — ✔ legislaturas.csv (57 linhas)
2026-08-01 10:54:53,739 [INFO] etl_camara —   upsert licitacoes_2026 → 98 registros
2026-08-01 10:54:53,789 [INFO] etl_camara — ✔ eventos-2026.csv (1444 linhas)
2026-08-01 10:54:53,810 [INFO] etl_camara —   upsert legislaturas → 57 registros
2026-08-01 10:54:54,150 [INFO] etl_camara —   upsert orgaos → 3866 registros
2026-08-01 10:54:54,251 [INFO] etl_camara — ✔ deputados.csv (7889 linhas)
2026-08-01 10:54:54,318 [INFO] etl_camara — ✔ funcionarios.csv (15582 linhas)
2026-08-01 10:54:54,331 [INFO] etl_camara —   upsert eventos_2026 → 1444 registros
2026-08-01 10:54:57,062 [INFO] etl_camara —   upsert deputados → 7889 registros
2026-08-01 10:54:58,460 [INFO] etl_camara — ✔ tecadTermos.csv (80579 linhas)
2026-08-01 10:54:58,638 [INFO] etl_camara —   upsert funcionarios → 15577 registros
2026-08-01 10:54:58,997 [INFO] etl_camara — ✔ proposicoes-2026.csv (40330 linhas)
2026-08-01 10:55:23,971 [INFO] etl_camara —   upsert tecadTermos → 80579 registros
2026-08-01 10:55:29,360 [INFO] etl_camara —   upsert proposicoes_2026 → 40330 registros
2026-08-01 10:55:29,409 [INFO] etl_camara — ━━━━━━━━━━━━━━━━━━━━━━━━━━━━━━━━━━━━━━━━━━━━━━━━━━━━━━━━━━━━
2026-08-01 10:55:29,409 [INFO] etl_camara — 🌊 Onda 1 — 73 datasets | workers=8
2026-08-01 10:55:29,568 [INFO] etl_camara — ✔ grupos.csv (118 linhas)
2026-08-01 10:55:29,641 [INFO] etl_camara —   upsert grupos → 118 registros
2026-08-01 10:55:29,693 [INFO] etl_camara — ✔ deputadosProfissoes.csv (12594 linhas)
2026-08-01 10:55:29,888 [INFO] etl_camara — ✔ eventosRequerimentos-2026.csv (841 linhas)
2026-08-01 10:55:29,910 [INFO] etl_camara — ✔ eventosOrgaos-2026.csv (1444 linhas)
2026-08-01 10:55:30,033 [INFO] etl_camara — ✔ legislaturasMesas.csv (177 linhas)
2026-08-01 10:55:30,077 [INFO] etl_camara — ✔ frentes.csv (1443 linhas)
2026-08-01 10:55:30,239 [INFO] etl_camara — ✔ eventosPresencaDeputados-2026.csv (52884 linhas)
2026-08-01 10:55:30,762 [INFO] etl_camara — ✔ deputadosOcupacoes.csv (37493 linhas)
2026-08-01 10:55:30,773 [INFO] etl_camara —   upsert legislaturasMesas → 177 registros
2026-08-01 10:55:31,567 [INFO] etl_camara — ✔ proposicoesTemas-2026.csv (21225 linhas)
2026-08-01 10:55:32,604 [INFO] etl_camara — ✔ proposicoesAutores-2026.csv (50597 linhas)
2026-08-01 10:55:34,655 [INFO] etl_camara —   FK-insert eventosRequerimentos_2026 → 841 registros
2026-08-01 10:55:35,315 [INFO] etl_camara — ✔ votacoes-2026.csv (6528 linhas)
2026-08-01 10:55:36,909 [INFO] etl_camara —   FK-insert frentes → 1443 registros
2026-08-01 10:55:37,125 [INFO] etl_camara — ✔ licitacoesPedidos-2026.csv (97 linhas)
2026-08-01 10:55:37,346 [INFO] etl_camara —   FK-insert licitacoesPedidos_2026 → 97 registros
2026-08-01 10:55:37,572 [INFO] etl_camara — ✔ licitacoesPropostas-2026.csv (287 linhas)
2026-08-01 10:55:37,827 [INFO] etl_camara —   FK-insert eventosOrgaos_2026 → 1444 registros
2026-08-01 10:55:38,093 [INFO] etl_camara —   FK-insert licitacoesPropostas_2026 → 287 registros
2026-08-01 10:55:38,160 [INFO] etl_camara — ✔ licitacoesItens-2026.csv (740 linhas)
2026-08-01 10:55:38,289 [INFO] etl_camara — ✔ licitacoesContratos-2026.csv (38 linhas)
2026-08-01 10:55:38,432 [INFO] etl_camara —   FK-insert licitacoesContratos_2026 → 38 registros
2026-08-01 10:55:38,565 [WARNING] etl_camara — 404 — não encontrado: http://dadosabertos.camara.leg.br/arquivos/orgaosDeputados/csv/orgaosDeputados-L1.csv
2026-08-01 10:55:38,709 [WARNING] etl_camara — 404 — não encontrado: http://dadosabertos.camara.leg.br/arquivos/orgaosDeputados/csv/orgaosDeputados-L2.csv
2026-08-01 10:55:38,917 [WARNING] etl_camara — 404 — não encontrado: http://dadosabertos.camara.leg.br/arquivos/orgaosDeputados/csv/orgaosDeputados-L3.csv
2026-08-01 10:55:39,109 [WARNING] etl_camara — 404 — não encontrado: http://dadosabertos.camara.leg.br/arquivos/orgaosDeputados/csv/orgaosDeputados-L4.csv
2026-08-01 10:55:39,297 [WARNING] etl_camara — 404 — não encontrado: http://dadosabertos.camara.leg.br/arquivos/orgaosDeputados/csv/orgaosDeputados-L5.csv
2026-08-01 10:55:39,461 [INFO] etl_camara —   FK-insert licitacoesItens_2026 → 740 registros
2026-08-01 10:55:39,490 [WARNING] etl_camara — 404 — não encontrado: http://dadosabertos.camara.leg.br/arquivos/orgaosDeputados/csv/orgaosDeputados-L6.csv
2026-08-01 10:55:39,617 [WARNING] etl_camara — 404 — não encontrado: http://dadosabertos.camara.leg.br/arquivos/orgaosDeputados/csv/orgaosDeputados-L7.csv
2026-08-01 10:55:39,688 [WARNING] etl_camara — 404 — não encontrado: http://dadosabertos.camara.leg.br/arquivos/orgaosDeputados/csv/orgaosDeputados-L8.csv
2026-08-01 10:55:39,869 [WARNING] etl_camara — 404 — não encontrado: http://dadosabertos.camara.leg.br/arquivos/orgaosDeputados/csv/orgaosDeputados-L10.csv
2026-08-01 10:55:39,896 [WARNING] etl_camara — 404 — não encontrado: http://dadosabertos.camara.leg.br/arquivos/orgaosDeputados/csv/orgaosDeputados-L9.csv
2026-08-01 10:55:40,061 [WARNING] etl_camara — 404 — não encontrado: http://dadosabertos.camara.leg.br/arquivos/orgaosDeputados/csv/orgaosDeputados-L12.csv
2026-08-01 10:55:40,068 [WARNING] etl_camara — 404 — não encontrado: http://dadosabertos.camara.leg.br/arquivos/orgaosDeputados/csv/orgaosDeputados-L11.csv
2026-08-01 10:55:40,257 [WARNING] etl_camara — 404 — não encontrado: http://dadosabertos.camara.leg.br/arquivos/orgaosDeputados/csv/orgaosDeputados-L14.csv
2026-08-01 10:55:40,259 [WARNING] etl_camara — 404 — não encontrado: http://dadosabertos.camara.leg.br/arquivos/orgaosDeputados/csv/orgaosDeputados-L13.csv
2026-08-01 10:55:40,413 [WARNING] etl_camara — 404 — não encontrado: http://dadosabertos.camara.leg.br/arquivos/orgaosDeputados/csv/orgaosDeputados-L16.csv
2026-08-01 10:55:40,456 [WARNING] etl_camara — 404 — não encontrado: http://dadosabertos.camara.leg.br/arquivos/orgaosDeputados/csv/orgaosDeputados-L15.csv
2026-08-01 10:55:40,614 [WARNING] etl_camara — 404 — não encontrado: http://dadosabertos.camara.leg.br/arquivos/orgaosDeputados/csv/orgaosDeputados-L18.csv
2026-08-01 10:55:40,668 [WARNING] etl_camara — 404 — não encontrado: http://dadosabertos.camara.leg.br/arquivos/orgaosDeputados/csv/orgaosDeputados-L17.csv
2026-08-01 10:55:40,784 [WARNING] etl_camara — 404 — não encontrado: http://dadosabertos.camara.leg.br/arquivos/orgaosDeputados/csv/orgaosDeputados-L19.csv
2026-08-01 10:55:40,985 [WARNING] etl_camara — 404 — não encontrado: http://dadosabertos.camara.leg.br/arquivos/orgaosDeputados/csv/orgaosDeputados-L20.csv
2026-08-01 10:55:41,152 [WARNING] etl_camara — 404 — não encontrado: http://dadosabertos.camara.leg.br/arquivos/orgaosDeputados/csv/orgaosDeputados-L22.csv
2026-08-01 10:55:41,183 [WARNING] etl_camara — 404 — não encontrado: http://dadosabertos.camara.leg.br/arquivos/orgaosDeputados/csv/orgaosDeputados-L21.csv
2026-08-01 10:55:41,354 [WARNING] etl_camara — 404 — não encontrado: http://dadosabertos.camara.leg.br/arquivos/orgaosDeputados/csv/orgaosDeputados-L23.csv
2026-08-01 10:55:41,489 [WARNING] etl_camara — 404 — não encontrado: http://dadosabertos.camara.leg.br/arquivos/orgaosDeputados/csv/orgaosDeputados-L25.csv
2026-08-01 10:55:41,544 [WARNING] etl_camara — 404 — não encontrado: http://dadosabertos.camara.leg.br/arquivos/orgaosDeputados/csv/orgaosDeputados-L24.csv
2026-08-01 10:55:41,672 [WARNING] etl_camara — 404 — não encontrado: http://dadosabertos.camara.leg.br/arquivos/orgaosDeputados/csv/orgaosDeputados-L26.csv
2026-08-01 10:55:41,747 [WARNING] etl_camara — 404 — não encontrado: http://dadosabertos.camara.leg.br/arquivos/orgaosDeputados/csv/orgaosDeputados-L27.csv
2026-08-01 10:55:41,846 [WARNING] etl_camara — 404 — não encontrado: http://dadosabertos.camara.leg.br/arquivos/orgaosDeputados/csv/orgaosDeputados-L28.csv
2026-08-01 10:55:42,060 [WARNING] etl_camara — 404 — não encontrado: http://dadosabertos.camara.leg.br/arquivos/orgaosDeputados/csv/orgaosDeputados-L29.csv
2026-08-01 10:55:42,213 [WARNING] etl_camara — 404 — não encontrado: http://dadosabertos.camara.leg.br/arquivos/orgaosDeputados/csv/orgaosDeputados-L31.csv
2026-08-01 10:55:42,245 [WARNING] etl_camara — 404 — não encontrado: http://dadosabertos.camara.leg.br/arquivos/orgaosDeputados/csv/orgaosDeputados-L30.csv
2026-08-01 10:55:42,406 [WARNING] etl_camara — 404 — não encontrado: http://dadosabertos.camara.leg.br/arquivos/orgaosDeputados/csv/orgaosDeputados-L32.csv
2026-08-01 10:55:42,439 [WARNING] etl_camara — 404 — não encontrado: http://dadosabertos.camara.leg.br/arquivos/orgaosDeputados/csv/orgaosDeputados-L33.csv
2026-08-01 10:55:42,616 [WARNING] etl_camara — 404 — não encontrado: http://dadosabertos.camara.leg.br/arquivos/orgaosDeputados/csv/orgaosDeputados-L34.csv
2026-08-01 10:55:42,631 [WARNING] etl_camara — 404 — não encontrado: http://dadosabertos.camara.leg.br/arquivos/orgaosDeputados/csv/orgaosDeputados-L35.csv
2026-08-01 10:55:42,816 [WARNING] etl_camara — 404 — não encontrado: http://dadosabertos.camara.leg.br/arquivos/orgaosDeputados/csv/orgaosDeputados-L36.csv
2026-08-01 10:55:42,839 [WARNING] etl_camara — 404 — não encontrado: http://dadosabertos.camara.leg.br/arquivos/orgaosDeputados/csv/orgaosDeputados-L37.csv
2026-08-01 10:55:42,985 [WARNING] etl_camara — 404 — não encontrado: http://dadosabertos.camara.leg.br/arquivos/orgaosDeputados/csv/orgaosDeputados-L39.csv
2026-08-01 10:55:43,013 [WARNING] etl_camara — 404 — não encontrado: http://dadosabertos.camara.leg.br/arquivos/orgaosDeputados/csv/orgaosDeputados-L38.csv
2026-08-01 10:55:43,194 [WARNING] etl_camara — 404 — não encontrado: http://dadosabertos.camara.leg.br/arquivos/orgaosDeputados/csv/orgaosDeputados-L40.csv
2026-08-01 10:55:43,208 [WARNING] etl_camara — 404 — não encontrado: http://dadosabertos.camara.leg.br/arquivos/orgaosDeputados/csv/orgaosDeputados-L41.csv
2026-08-01 10:55:43,368 [WARNING] etl_camara — 404 — não encontrado: http://dadosabertos.camara.leg.br/arquivos/orgaosDeputados/csv/orgaosDeputados-L43.csv
2026-08-01 10:55:43,393 [WARNING] etl_camara — 404 — não encontrado: http://dadosabertos.camara.leg.br/arquivos/orgaosDeputados/csv/orgaosDeputados-L42.csv
2026-08-01 10:55:43,588 [WARNING] etl_camara — 404 — não encontrado: http://dadosabertos.camara.leg.br/arquivos/orgaosDeputados/csv/orgaosDeputados-L44.csv
2026-08-01 10:55:43,789 [WARNING] etl_camara — 404 — não encontrado: http://dadosabertos.camara.leg.br/arquivos/orgaosDeputados/csv/orgaosDeputados-L45.csv
2026-08-01 10:55:44,013 [WARNING] etl_camara — 404 — não encontrado: http://dadosabertos.camara.leg.br/arquivos/orgaosDeputados/csv/orgaosDeputados-L46.csv
2026-08-01 10:55:44,165 [WARNING] etl_camara — 404 — não encontrado: http://dadosabertos.camara.leg.br/arquivos/orgaosDeputados/csv/orgaosDeputados-L48.csv
2026-08-01 10:55:44,196 [WARNING] etl_camara — 404 — não encontrado: http://dadosabertos.camara.leg.br/arquivos/orgaosDeputados/csv/orgaosDeputados-L47.csv
2026-08-01 10:55:44,318 [WARNING] etl_camara — 404 — não encontrado: http://dadosabertos.camara.leg.br/arquivos/orgaosDeputados/csv/orgaosDeputados-L49.csv
2026-08-01 10:55:44,386 [WARNING] etl_camara — 404 — não encontrado: http://dadosabertos.camara.leg.br/arquivos/orgaosDeputados/csv/orgaosDeputados-L50.csv
2026-08-01 10:55:44,723 [INFO] etl_camara — ✔ orgaosDeputados-L51.csv (12158 linhas)
2026-08-01 10:55:45,156 [INFO] etl_camara — ✔ orgaosDeputados-L52.csv (12512 linhas)
2026-08-01 10:55:53,923 [INFO] etl_camara —   FK-insert deputadosProfissoes → 12594 registros
2026-08-01 10:55:54,372 [INFO] etl_camara — ✔ orgaosDeputados-L53.csv (10994 linhas)
2026-08-01 10:55:55,619 [INFO] etl_camara —   FK-insert votacoes_2026 → 6528 registros
2026-08-01 10:55:56,204 [INFO] etl_camara — ✔ orgaosDeputados-L54.csv (13591 linhas)
2026-08-01 10:56:11,399 [INFO] etl_camara —   FK-insert orgaosDeputados_L51 → 12158 registros
2026-08-01 10:56:11,979 [INFO] etl_camara — ✔ orgaosDeputados-L55.csv (17815 linhas)
2026-08-01 10:56:14,534 [INFO] etl_camara —   FK-insert orgaosDeputados_L52 → 12512 registros
2026-08-01 10:56:15,066 [INFO] etl_camara — ✔ orgaosDeputados-L56.csv (14519 linhas)
2026-08-01 10:56:20,574 [INFO] etl_camara —   FK-insert orgaosDeputados_L53 → 10994 registros
2026-08-01 10:56:21,046 [INFO] etl_camara — ✔ orgaosDeputados-L57.csv (13230 linhas)
2026-08-01 10:56:25,931 [INFO] etl_camara —   FK-insert deputadosOcupacoes → 33058 registros
2026-08-01 10:56:27,325 [INFO] etl_camara — ✔ Ano-2026.csv.zip (87818 linhas)
2026-08-01 10:56:32,377 [INFO] etl_camara —   FK-insert orgaosDeputados_L54 → 13591 registros
2026-08-01 10:56:39,445 [INFO] etl_camara —   FK-insert proposicoesTemas_2026 → 21225 registros
2026-08-01 10:56:47,782 [INFO] etl_camara —   FK-insert orgaosDeputados_L56 → 14519 registros
2026-08-01 10:56:49,780 [INFO] etl_camara —   FK-insert orgaosDeputados_L57 → 13230 registros
2026-08-01 10:56:50,549 [INFO] etl_camara —   FK-insert orgaosDeputados_L55 → 17815 registros
2026-08-01 10:57:01,594 [INFO] etl_camara —   FK-insert eventosPresenca_2026 → 52884 registros
2026-08-01 10:57:23,799 [INFO] etl_camara —   FK-insert proposicoesAutores_2026 → 50597 registros
2026-08-01 10:58:31,935 [INFO] etl_camara —   FK-insert cotas_2026 → 87365 registros
2026-08-01 10:58:31,976 [INFO] etl_camara — ━━━━━━━━━━━━━━━━━━━━━━━━━━━━━━━━━━━━━━━━━━━━━━━━━━━━━━━━━━━━
2026-08-01 10:58:31,976 [INFO] etl_camara — 🌊 Onda 2 — 6 datasets | workers=8
2026-08-01 10:58:32,160 [INFO] etl_camara — ✔ gruposHistorico.csv (412 linhas)
2026-08-01 10:58:32,357 [INFO] etl_camara — ✔ votacoesProposicoes-2026.csv (4943 linhas)
2026-08-01 10:58:32,358 [INFO] etl_camara —   FK-insert gruposHistorico → 412 registros
2026-08-01 10:58:32,415 [INFO] etl_camara — ✔ votacoesOrientacoes-2026.csv (1734 linhas)
2026-08-01 10:58:32,604 [INFO] etl_camara — ✔ gruposMembros.csv (7091 linhas)
2026-08-01 10:58:32,913 [INFO] etl_camara — ✔ votacoesVotos-2026.csv (48645 linhas)
2026-08-01 10:58:34,909 [INFO] etl_camara —   FK-insert votacoesOrientacoes_2026 → 1734 registros
2026-08-01 10:58:36,670 [INFO] etl_camara — ✔ frentesDeputados.csv (262257 linhas)
2026-08-01 10:58:42,454 [INFO] etl_camara —   FK-insert votacoesObjetos_2026 → 4943 registros
2026-08-01 10:58:43,561 [INFO] etl_camara —   FK-insert gruposMembros → 7091 registros
2026-08-01 10:59:06,903 [INFO] etl_camara —   FK-insert votacoesVotos_2026 → 48645 registros
2026-08-01 11:03:43,568 [INFO] etl_camara —   FK-insert frentesDeputados → 262257 registros
2026-08-01 11:03:43,604 [INFO] etl_camara — ━━━━━━━━━━━━━━━━━━━━━━━━━━━━━━━━━━━━━━━━━━━━━━━━━━━━━━━━━━━━
2026-08-01 11:03:43,604 [INFO] etl_camara — 🏁 ETL concluído — processados: 38 | sem alteração (304): 0 | histórico pulado: 0 | erros: 50 | total: 88
2026-08-01 11:03:43,604 [WARNING] etl_camara — Datasets com falha (50): ['orgaosDeputados_L1', 'orgaosDeputados_L2', 'orgaosDeputados_L3', 'orgaosDeputados_L4', 'orgaosDeputados_L5', 'orgaosDeputados_L6', 'orgaosDeputados_L7', 'orgaosDeputados_L8', 'orgaosDeputados_L10', 'orgaosDeputados_L9', 'orgaosDeputados_L12', 'orgaosDeputados_L11', 'orgaosDeputados_L14', 'orgaosDeputados_L13', 'orgaosDeputados_L16', 'orgaosDeputados_L15', 'orgaosDeputados_L18', 'orgaosDeputados_L17', 'orgaosDeputados_L19', 'orgaosDeputados_L20', 'orgaosDeputados_L22', 'orgaosDeputados_L21', 'orgaosDeputados_L23', 'orgaosDeputados_L25', 'orgaosDeputados_L24', 'orgaosDeputados_L26', 'orgaosDeputados_L27', 'orgaosDeputados_L28', 'orgaosDeputados_L29', 'orgaosDeputados_L31', 'orgaosDeputados_L30', 'orgaosDeputados_L32', 'orgaosDeputados_L33', 'orgaosDeputados_L34', 'orgaosDeputados_L35', 'orgaosDeputados_L36', 'orgaosDeputados_L37', 'orgaosDeputados_L39', 'orgaosDeputados_L38', 'orgaosDeputados_L40', 'orgaosDeputados_L41', 'orgaosDeputados_L43', 'orgaosDeputados_L42', 'orgaosDeputados_L44', 'orgaosDeputados_L45', 'orgaosDeputados_L46', 'orgaosDeputados_L48', 'orgaosDeputados_L47', 'orgaosDeputados_L49', 'orgaosDeputados_L50']
2026-08-01 11:03:43,604 [ERROR] etl_camara — ETL finalizado com 50 dataset(s) em erro — saindo com código 1
2026-08-01 11:08:46,074 [INFO] etl_camara — Banco: postgres:5432/quemvota
2026-08-01 11:08:46,074 [INFO] etl_camara — Cache: etl_cache.json
2026-08-01 11:08:46,074 [INFO] etl_camara — Workers — download: 8 | backfill: 4
2026-08-01 11:08:46,087 [INFO] etl_camara — Iniciando ETL: 88 datasets | anos=[2026] | legislaturas=[1, 2, 3, 4, 5, 6, 7, 8, 9, 10, 11, 12, 13, 14, 15, 16, 17, 18, 19, 20, 21, 22, 23, 24, 25, 26, 27, 28, 29, 30, 31, 32, 33, 34, 35, 36, 37, 38, 39, 40, 41, 42, 43, 44, 45, 46, 47, 48, 49, 50, 51, 52, 53, 54, 55, 56, 57]
2026-08-01 11:08:46,088 [INFO] etl_camara — ━━━━━━━━━━━━━━━━━━━━━━━━━━━━━━━━━━━━━━━━━━━━━━━━━━━━━━━━━━━━
2026-08-01 11:08:46,088 [INFO] etl_camara — 🌊 Onda 0 — 9 datasets | workers=8
2026-08-01 11:08:46,284 [INFO] etl_camara — → sem alterações (304): eventos-2026.csv
2026-08-01 11:08:46,290 [INFO] etl_camara — → sem alterações (304): legislaturas.csv
2026-08-01 11:08:46,455 [INFO] etl_camara — → sem alterações (304): licitacoes-2026.csv
2026-08-01 11:08:46,492 [INFO] etl_camara — → sem alterações (304): tecadCategorias.csv
2026-08-01 11:08:46,498 [INFO] etl_camara — → sem alterações (304): tecadTermos.csv
2026-08-01 11:08:46,692 [INFO] etl_camara — → sem alterações (304): deputados.csv
2026-08-01 11:08:46,895 [INFO] etl_camara — → sem alterações (304): orgaos.csv
2026-08-01 11:08:47,083 [INFO] etl_camara — → sem alterações (304): proposicoes-2026.csv
2026-08-01 11:08:47,292 [INFO] etl_camara — → sem alterações (304): funcionarios.csv
2026-08-01 11:08:47,294 [INFO] etl_camara — ━━━━━━━━━━━━━━━━━━━━━━━━━━━━━━━━━━━━━━━━━━━━━━━━━━━━━━━━━━━━
2026-08-01 11:08:47,294 [INFO] etl_camara — 🌊 Onda 1 — 73 datasets | workers=8
2026-08-01 11:08:47,438 [INFO] etl_camara — → sem alterações (304): legislaturasMesas.csv
2026-08-01 11:08:47,440 [INFO] etl_camara — → sem alterações (304): eventosPresencaDeputados-2026.csv
2026-08-01 11:08:47,484 [INFO] etl_camara — → sem alterações (304): deputadosProfissoes.csv
2026-08-01 11:08:47,631 [INFO] etl_camara — → sem alterações (304): grupos.csv
2026-08-01 11:08:47,633 [INFO] etl_camara — → sem alterações (304): eventosOrgaos-2026.csv
2026-08-01 11:08:47,693 [INFO] etl_camara — → sem alterações (304): frentes.csv
2026-08-01 11:08:47,831 [INFO] etl_camara — → sem alterações (304): proposicoesAutores-2026.csv
2026-08-01 11:08:47,840 [INFO] etl_camara — → sem alterações (304): eventosRequerimentos-2026.csv
2026-08-01 11:08:47,912 [INFO] etl_camara — → sem alterações (304): deputadosOcupacoes.csv
2026-08-01 11:08:48,029 [INFO] etl_camara — → sem alterações (304): votacoes-2026.csv
2026-08-01 11:08:48,039 [INFO] etl_camara — → sem alterações (304): licitacoesPropostas-2026.csv
2026-08-01 11:08:48,083 [INFO] etl_camara — → sem alterações (304): proposicoesTemas-2026.csv
2026-08-01 11:08:48,232 [INFO] etl_camara — → sem alterações (304): licitacoesItens-2026.csv
2026-08-01 11:08:48,234 [WARNING] etl_camara — 404 — não encontrado: http://dadosabertos.camara.leg.br/arquivos/orgaosDeputados/csv/orgaosDeputados-L1.csv
2026-08-01 11:08:48,285 [INFO] etl_camara — → sem alterações (304): licitacoesContratos-2026.csv
2026-08-01 11:08:48,439 [WARNING] etl_camara — 404 — não encontrado: http://dadosabertos.camara.leg.br/arquivos/orgaosDeputados/csv/orgaosDeputados-L2.csv
2026-08-01 11:08:48,441 [INFO] etl_camara — → sem alterações (304): licitacoesPedidos-2026.csv
2026-08-01 11:08:48,490 [WARNING] etl_camara — 404 — não encontrado: http://dadosabertos.camara.leg.br/arquivos/orgaosDeputados/csv/orgaosDeputados-L5.csv
2026-08-01 11:08:48,631 [WARNING] etl_camara — 404 — não encontrado: http://dadosabertos.camara.leg.br/arquivos/orgaosDeputados/csv/orgaosDeputados-L3.csv
2026-08-01 11:08:48,638 [WARNING] etl_camara — 404 — não encontrado: http://dadosabertos.camara.leg.br/arquivos/orgaosDeputados/csv/orgaosDeputados-L4.csv
2026-08-01 11:08:48,692 [WARNING] etl_camara — 404 — não encontrado: http://dadosabertos.camara.leg.br/arquivos/orgaosDeputados/csv/orgaosDeputados-L7.csv
2026-08-01 11:08:48,832 [WARNING] etl_camara — 404 — não encontrado: http://dadosabertos.camara.leg.br/arquivos/orgaosDeputados/csv/orgaosDeputados-L8.csv
2026-08-01 11:08:48,837 [WARNING] etl_camara — 404 — não encontrado: http://dadosabertos.camara.leg.br/arquivos/orgaosDeputados/csv/orgaosDeputados-L6.csv
2026-08-01 11:08:48,883 [WARNING] etl_camara — 404 — não encontrado: http://dadosabertos.camara.leg.br/arquivos/orgaosDeputados/csv/orgaosDeputados-L10.csv
2026-08-01 11:08:49,030 [WARNING] etl_camara — 404 — não encontrado: http://dadosabertos.camara.leg.br/arquivos/orgaosDeputados/csv/orgaosDeputados-L11.csv
2026-08-01 11:08:49,032 [WARNING] etl_camara — 404 — não encontrado: http://dadosabertos.camara.leg.br/arquivos/orgaosDeputados/csv/orgaosDeputados-L9.csv
2026-08-01 11:08:49,092 [WARNING] etl_camara — 404 — não encontrado: http://dadosabertos.camara.leg.br/arquivos/orgaosDeputados/csv/orgaosDeputados-L15.csv
2026-08-01 11:08:49,242 [WARNING] etl_camara — 404 — não encontrado: http://dadosabertos.camara.leg.br/arquivos/orgaosDeputados/csv/orgaosDeputados-L14.csv
2026-08-01 11:08:49,244 [WARNING] etl_camara — 404 — não encontrado: http://dadosabertos.camara.leg.br/arquivos/orgaosDeputados/csv/orgaosDeputados-L12.csv
2026-08-01 11:08:49,384 [WARNING] etl_camara — 404 — não encontrado: http://dadosabertos.camara.leg.br/arquivos/orgaosDeputados/csv/orgaosDeputados-L21.csv
2026-08-01 11:08:49,439 [WARNING] etl_camara — 404 — não encontrado: http://dadosabertos.camara.leg.br/arquivos/orgaosDeputados/csv/orgaosDeputados-L13.csv
2026-08-01 11:08:49,440 [WARNING] etl_camara — 404 — não encontrado: http://dadosabertos.camara.leg.br/arquivos/orgaosDeputados/csv/orgaosDeputados-L16.csv
2026-08-01 11:08:49,598 [WARNING] etl_camara — 404 — não encontrado: http://dadosabertos.camara.leg.br/arquivos/orgaosDeputados/csv/orgaosDeputados-L22.csv
2026-08-01 11:08:49,630 [WARNING] etl_camara — 404 — não encontrado: http://dadosabertos.camara.leg.br/arquivos/orgaosDeputados/csv/orgaosDeputados-L17.csv
2026-08-01 11:08:49,638 [WARNING] etl_camara — 404 — não encontrado: http://dadosabertos.camara.leg.br/arquivos/orgaosDeputados/csv/orgaosDeputados-L19.csv
2026-08-01 11:08:49,793 [WARNING] etl_camara — 404 — não encontrado: http://dadosabertos.camara.leg.br/arquivos/orgaosDeputados/csv/orgaosDeputados-L23.csv
2026-08-01 11:08:49,831 [WARNING] etl_camara — 404 — não encontrado: http://dadosabertos.camara.leg.br/arquivos/orgaosDeputados/csv/orgaosDeputados-L20.csv
2026-08-01 11:08:49,837 [WARNING] etl_camara — 404 — não encontrado: http://dadosabertos.camara.leg.br/arquivos/orgaosDeputados/csv/orgaosDeputados-L18.csv
2026-08-01 11:08:49,985 [WARNING] etl_camara — 404 — não encontrado: http://dadosabertos.camara.leg.br/arquivos/orgaosDeputados/csv/orgaosDeputados-L24.csv
2026-08-01 11:08:50,030 [WARNING] etl_camara — 404 — não encontrado: http://dadosabertos.camara.leg.br/arquivos/orgaosDeputados/csv/orgaosDeputados-L28.csv
2026-08-01 11:08:50,032 [WARNING] etl_camara — 404 — não encontrado: http://dadosabertos.camara.leg.br/arquivos/orgaosDeputados/csv/orgaosDeputados-L25.csv
2026-08-01 11:08:50,185 [WARNING] etl_camara — 404 — não encontrado: http://dadosabertos.camara.leg.br/arquivos/orgaosDeputados/csv/orgaosDeputados-L26.csv
2026-08-01 11:08:50,230 [WARNING] etl_camara — 404 — não encontrado: http://dadosabertos.camara.leg.br/arquivos/orgaosDeputados/csv/orgaosDeputados-L31.csv
2026-08-01 11:08:50,232 [WARNING] etl_camara — 404 — não encontrado: http://dadosabertos.camara.leg.br/arquivos/orgaosDeputados/csv/orgaosDeputados-L27.csv
2026-08-01 11:08:50,392 [WARNING] etl_camara — 404 — não encontrado: http://dadosabertos.camara.leg.br/arquivos/orgaosDeputados/csv/orgaosDeputados-L33.csv
2026-08-01 11:08:50,438 [WARNING] etl_camara — 404 — não encontrado: http://dadosabertos.camara.leg.br/arquivos/orgaosDeputados/csv/orgaosDeputados-L30.csv
2026-08-01 11:08:50,440 [WARNING] etl_camara — 404 — não encontrado: http://dadosabertos.camara.leg.br/arquivos/orgaosDeputados/csv/orgaosDeputados-L29.csv
2026-08-01 11:08:50,584 [WARNING] etl_camara — 404 — não encontrado: http://dadosabertos.camara.leg.br/arquivos/orgaosDeputados/csv/orgaosDeputados-L36.csv
2026-08-01 11:08:50,630 [WARNING] etl_camara — 404 — não encontrado: http://dadosabertos.camara.leg.br/arquivos/orgaosDeputados/csv/orgaosDeputados-L34.csv
2026-08-01 11:08:50,632 [WARNING] etl_camara — 404 — não encontrado: http://dadosabertos.camara.leg.br/arquivos/orgaosDeputados/csv/orgaosDeputados-L32.csv
2026-08-01 11:08:50,792 [WARNING] etl_camara — 404 — não encontrado: http://dadosabertos.camara.leg.br/arquivos/orgaosDeputados/csv/orgaosDeputados-L43.csv
2026-08-01 11:08:50,828 [WARNING] etl_camara — 404 — não encontrado: http://dadosabertos.camara.leg.br/arquivos/orgaosDeputados/csv/orgaosDeputados-L38.csv
2026-08-01 11:08:50,830 [WARNING] etl_camara — 404 — não encontrado: http://dadosabertos.camara.leg.br/arquivos/orgaosDeputados/csv/orgaosDeputados-L35.csv
2026-08-01 11:08:51,038 [WARNING] etl_camara — 404 — não encontrado: http://dadosabertos.camara.leg.br/arquivos/orgaosDeputados/csv/orgaosDeputados-L40.csv
2026-08-01 11:08:51,039 [WARNING] etl_camara — 404 — não encontrado: http://dadosabertos.camara.leg.br/arquivos/orgaosDeputados/csv/orgaosDeputados-L37.csv
2026-08-01 11:08:51,199 [WARNING] etl_camara — 404 — não encontrado: http://dadosabertos.camara.leg.br/arquivos/orgaosDeputados/csv/orgaosDeputados-L48.csv
2026-08-01 11:08:51,230 [WARNING] etl_camara — 404 — não encontrado: http://dadosabertos.camara.leg.br/arquivos/orgaosDeputados/csv/orgaosDeputados-L45.csv
2026-08-01 11:08:51,231 [WARNING] etl_camara — 404 — não encontrado: http://dadosabertos.camara.leg.br/arquivos/orgaosDeputados/csv/orgaosDeputados-L39.csv
2026-08-01 11:08:51,431 [WARNING] etl_camara — 404 — não encontrado: http://dadosabertos.camara.leg.br/arquivos/orgaosDeputados/csv/orgaosDeputados-L46.csv
2026-08-01 11:08:51,435 [WARNING] etl_camara — 404 — não encontrado: http://dadosabertos.camara.leg.br/arquivos/orgaosDeputados/csv/orgaosDeputados-L41.csv
2026-08-01 11:08:51,561 [INFO] etl_camara — → sem alterações (304): orgaosDeputados-L53.csv
2026-08-01 11:08:51,637 [WARNING] etl_camara — 404 — não encontrado: http://dadosabertos.camara.leg.br/arquivos/orgaosDeputados/csv/orgaosDeputados-L47.csv
2026-08-01 11:08:51,639 [WARNING] etl_camara — 404 — não encontrado: http://dadosabertos.camara.leg.br/arquivos/orgaosDeputados/csv/orgaosDeputados-L42.csv
2026-08-01 11:08:51,830 [WARNING] etl_camara — 404 — não encontrado: http://dadosabertos.camara.leg.br/arquivos/orgaosDeputados/csv/orgaosDeputados-L49.csv
2026-08-01 11:08:51,838 [WARNING] etl_camara — 404 — não encontrado: http://dadosabertos.camara.leg.br/arquivos/orgaosDeputados/csv/orgaosDeputados-L44.csv
2026-08-01 11:08:52,007 [INFO] etl_camara — → sem alterações (304): Ano-2026.csv.zip
2026-08-01 11:08:52,030 [INFO] etl_camara — → sem alterações (304): orgaosDeputados-L51.csv
2026-08-01 11:08:52,039 [INFO] etl_camara — → sem alterações (304): orgaosDeputados-L56.csv
2026-08-01 11:08:52,230 [WARNING] etl_camara — 404 — não encontrado: http://dadosabertos.camara.leg.br/arquivos/orgaosDeputados/csv/orgaosDeputados-L50.csv
2026-08-01 11:08:52,239 [INFO] etl_camara — → sem alterações (304): orgaosDeputados-L57.csv
2026-08-01 11:08:52,430 [INFO] etl_camara — → sem alterações (304): orgaosDeputados-L52.csv
2026-08-01 11:08:52,631 [INFO] etl_camara — → sem alterações (304): orgaosDeputados-L54.csv
2026-08-01 11:08:52,839 [INFO] etl_camara — → sem alterações (304): orgaosDeputados-L55.csv
2026-08-01 11:08:52,841 [INFO] etl_camara — ━━━━━━━━━━━━━━━━━━━━━━━━━━━━━━━━━━━━━━━━━━━━━━━━━━━━━━━━━━━━
2026-08-01 11:08:52,841 [INFO] etl_camara — 🌊 Onda 2 — 6 datasets | workers=8
2026-08-01 11:08:52,967 [INFO] etl_camara — → sem alterações (304): frentesDeputados.csv
2026-08-01 11:08:53,001 [INFO] etl_camara — → sem alterações (304): votacoesOrientacoes-2026.csv
2026-08-01 11:08:53,173 [INFO] etl_camara — → sem alterações (304): gruposHistorico.csv
2026-08-01 11:08:53,373 [INFO] etl_camara — → sem alterações (304): votacoesProposicoes-2026.csv
2026-08-01 11:08:53,574 [INFO] etl_camara — → sem alterações (304): gruposMembros.csv
2026-08-01 11:08:53,774 [INFO] etl_camara — → sem alterações (304): votacoesVotos-2026.csv
2026-08-01 11:08:53,776 [INFO] etl_camara — ━━━━━━━━━━━━━━━━━━━━━━━━━━━━━━━━━━━━━━━━━━━━━━━━━━━━━━━━━━━━
2026-08-01 11:08:53,776 [INFO] etl_camara — 🏁 ETL concluído — processados: 0 | sem alteração (304): 38 | histórico pulado: 0 | erros: 50 | total: 88
2026-08-01 11:08:53,776 [WARNING] etl_camara — Datasets com falha (50): ['orgaosDeputados_L1', 'orgaosDeputados_L2', 'orgaosDeputados_L5', 'orgaosDeputados_L3', 'orgaosDeputados_L4', 'orgaosDeputados_L7', 'orgaosDeputados_L8', 'orgaosDeputados_L6', 'orgaosDeputados_L10', 'orgaosDeputados_L11', 'orgaosDeputados_L9', 'orgaosDeputados_L15', 'orgaosDeputados_L14', 'orgaosDeputados_L12', 'orgaosDeputados_L21', 'orgaosDeputados_L13', 'orgaosDeputados_L16', 'orgaosDeputados_L22', 'orgaosDeputados_L17', 'orgaosDeputados_L19', 'orgaosDeputados_L23', 'orgaosDeputados_L20', 'orgaosDeputados_L18', 'orgaosDeputados_L24', 'orgaosDeputados_L28', 'orgaosDeputados_L25', 'orgaosDeputados_L26', 'orgaosDeputados_L31', 'orgaosDeputados_L27', 'orgaosDeputados_L33', 'orgaosDeputados_L30', 'orgaosDeputados_L29', 'orgaosDeputados_L36', 'orgaosDeputados_L34', 'orgaosDeputados_L32', 'orgaosDeputados_L43', 'orgaosDeputados_L38', 'orgaosDeputados_L35', 'orgaosDeputados_L40', 'orgaosDeputados_L37', 'orgaosDeputados_L48', 'orgaosDeputados_L45', 'orgaosDeputados_L39', 'orgaosDeputados_L46', 'orgaosDeputados_L41', 'orgaosDeputados_L47', 'orgaosDeputados_L42', 'orgaosDeputados_L49', 'orgaosDeputados_L44', 'orgaosDeputados_L50']
2026-08-01 11:08:53,777 [ERROR] etl_camara — ETL finalizado com 50 dataset(s) em erro — saindo com código 1
2026-08-01 11:13:56,535 [INFO] etl_camara — Banco: postgres:5432/quemvota
2026-08-01 11:13:56,536 [INFO] etl_camara — Cache: etl_cache.json
2026-08-01 11:13:56,536 [INFO] etl_camara — Workers — download: 8 | backfill: 4
2026-08-01 11:13:56,546 [INFO] etl_camara — Iniciando ETL: 88 datasets | anos=[2026] | legislaturas=[1, 2, 3, 4, 5, 6, 7, 8, 9, 10, 11, 12, 13, 14, 15, 16, 17, 18, 19, 20, 21, 22, 23, 24, 25, 26, 27, 28, 29, 30, 31, 32, 33, 34, 35, 36, 37, 38, 39, 40, 41, 42, 43, 44, 45, 46, 47, 48, 49, 50, 51, 52, 53, 54, 55, 56, 57]
2026-08-01 11:13:56,547 [INFO] etl_camara — ━━━━━━━━━━━━━━━━━━━━━━━━━━━━━━━━━━━━━━━━━━━━━━━━━━━━━━━━━━━━
2026-08-01 11:13:56,547 [INFO] etl_camara — 🌊 Onda 0 — 9 datasets | workers=8
2026-08-01 11:13:56,751 [INFO] etl_camara — → sem alterações (304): tecadCategorias.csv
2026-08-01 11:13:56,795 [INFO] etl_camara — → sem alterações (304): eventos-2026.csv
2026-08-01 11:13:56,799 [INFO] etl_camara — → sem alterações (304): funcionarios.csv
2026-08-01 11:13:56,960 [INFO] etl_camara — → sem alterações (304): orgaos.csv
2026-08-01 11:13:57,009 [INFO] etl_camara — → sem alterações (304): legislaturas.csv
2026-08-01 11:13:57,151 [INFO] etl_camara — → sem alterações (304): deputados.csv
2026-08-01 11:13:57,199 [INFO] etl_camara — → sem alterações (304): licitacoes-2026.csv
2026-08-01 11:13:57,352 [INFO] etl_camara — → sem alterações (304): proposicoes-2026.csv
2026-08-01 11:13:57,552 [INFO] etl_camara — → sem alterações (304): tecadTermos.csv
2026-08-01 11:13:57,554 [INFO] etl_camara — ━━━━━━━━━━━━━━━━━━━━━━━━━━━━━━━━━━━━━━━━━━━━━━━━━━━━━━━━━━━━
2026-08-01 11:13:57,554 [INFO] etl_camara — 🌊 Onda 1 — 73 datasets | workers=8
2026-08-01 11:13:57,673 [INFO] etl_camara — → sem alterações (304): grupos.csv
2026-08-01 11:13:57,692 [INFO] etl_camara — → sem alterações (304): eventosPresencaDeputados-2026.csv
2026-08-01 11:13:57,760 [INFO] etl_camara — → sem alterações (304): eventosOrgaos-2026.csv
2026-08-01 11:13:57,901 [INFO] etl_camara — → sem alterações (304): legislaturasMesas.csv
2026-08-01 11:13:57,960 [INFO] etl_camara — → sem alterações (304): deputadosProfissoes.csv
2026-08-01 11:13:58,044 [INFO] etl_camara — → sem alterações (304): licitacoesPedidos-2026.csv
2026-08-01 11:13:58,099 [INFO] etl_camara — → sem alterações (304): deputadosOcupacoes.csv
2026-08-01 11:13:58,151 [INFO] etl_camara — → sem alterações (304): proposicoesAutores-2026.csv
2026-08-01 11:13:58,304 [INFO] etl_camara — → sem alterações (304): frentes.csv
2026-08-01 11:13:58,352 [INFO] etl_camara — → sem alterações (304): proposicoesTemas-2026.csv
2026-08-01 11:13:58,500 [INFO] etl_camara — → sem alterações (304): eventosRequerimentos-2026.csv
2026-08-01 11:13:58,560 [INFO] etl_camara — → sem alterações (304): licitacoesItens-2026.csv
2026-08-01 11:13:58,699 [INFO] etl_camara — → sem alterações (304): votacoes-2026.csv
2026-08-01 11:13:58,900 [INFO] etl_camara — → sem alterações (304): licitacoesPropostas-2026.csv
2026-08-01 11:14:02,222 [INFO] etl_camara — → sem alterações (304): licitacoesContratos-2026.csv
2026-08-01 11:14:03,396 [WARNING] etl_camara — 404 — não encontrado: http://dadosabertos.camara.leg.br/arquivos/orgaosDeputados/csv/orgaosDeputados-L6.csv
2026-08-01 11:14:03,403 [WARNING] etl_camara — 404 — não encontrado: http://dadosabertos.camara.leg.br/arquivos/orgaosDeputados/csv/orgaosDeputados-L3.csv
2026-08-01 11:14:03,530 [WARNING] etl_camara — 404 — não encontrado: http://dadosabertos.camara.leg.br/arquivos/orgaosDeputados/csv/orgaosDeputados-L10.csv
2026-08-01 11:14:03,597 [WARNING] etl_camara — 404 — não encontrado: http://dadosabertos.camara.leg.br/arquivos/orgaosDeputados/csv/orgaosDeputados-L7.csv
2026-08-01 11:14:03,605 [WARNING] etl_camara — 404 — não encontrado: http://dadosabertos.camara.leg.br/arquivos/orgaosDeputados/csv/orgaosDeputados-L5.csv
2026-08-01 11:14:03,797 [WARNING] etl_camara — 404 — não encontrado: http://dadosabertos.camara.leg.br/arquivos/orgaosDeputados/csv/orgaosDeputados-L1.csv
2026-08-01 11:14:03,813 [WARNING] etl_camara — 404 — não encontrado: http://dadosabertos.camara.leg.br/arquivos/orgaosDeputados/csv/orgaosDeputados-L9.csv
2026-08-01 11:14:03,998 [WARNING] etl_camara — 404 — não encontrado: http://dadosabertos.camara.leg.br/arquivos/orgaosDeputados/csv/orgaosDeputados-L2.csv
2026-08-01 11:14:04,003 [WARNING] etl_camara — 404 — não encontrado: http://dadosabertos.camara.leg.br/arquivos/orgaosDeputados/csv/orgaosDeputados-L14.csv
2026-08-01 11:14:04,205 [WARNING] etl_camara — 404 — não encontrado: http://dadosabertos.camara.leg.br/arquivos/orgaosDeputados/csv/orgaosDeputados-L4.csv
2026-08-01 11:14:04,211 [WARNING] etl_camara — 404 — não encontrado: http://dadosabertos.camara.leg.br/arquivos/orgaosDeputados/csv/orgaosDeputados-L15.csv
2026-08-01 11:14:04,404 [WARNING] etl_camara — 404 — não encontrado: http://dadosabertos.camara.leg.br/arquivos/orgaosDeputados/csv/orgaosDeputados-L8.csv
2026-08-01 11:14:04,585 [WARNING] etl_camara — 404 — não encontrado: http://dadosabertos.camara.leg.br/arquivos/orgaosDeputados/csv/orgaosDeputados-L20.csv
2026-08-01 11:14:04,609 [WARNING] etl_camara — 404 — não encontrado: http://dadosabertos.camara.leg.br/arquivos/orgaosDeputados/csv/orgaosDeputados-L11.csv
2026-08-01 11:14:04,796 [WARNING] etl_camara — 404 — não encontrado: http://dadosabertos.camara.leg.br/arquivos/orgaosDeputados/csv/orgaosDeputados-L13.csv
2026-08-01 11:14:05,005 [WARNING] etl_camara — 404 — não encontrado: http://dadosabertos.camara.leg.br/arquivos/orgaosDeputados/csv/orgaosDeputados-L12.csv
2026-08-01 11:14:05,159 [WARNING] etl_camara — 404 — não encontrado: http://dadosabertos.camara.leg.br/arquivos/orgaosDeputados/csv/orgaosDeputados-L24.csv
2026-08-01 11:14:05,196 [WARNING] etl_camara — 404 — não encontrado: http://dadosabertos.camara.leg.br/arquivos/orgaosDeputados/csv/orgaosDeputados-L17.csv
2026-08-01 11:14:05,349 [WARNING] etl_camara — 404 — não encontrado: http://dadosabertos.camara.leg.br/arquivos/orgaosDeputados/csv/orgaosDeputados-L25.csv
2026-08-01 11:14:05,405 [WARNING] etl_camara — 404 — não encontrado: http://dadosabertos.camara.leg.br/arquivos/orgaosDeputados/csv/orgaosDeputados-L16.csv
2026-08-01 11:14:05,549 [WARNING] etl_camara — 404 — não encontrado: http://dadosabertos.camara.leg.br/arquivos/orgaosDeputados/csv/orgaosDeputados-L27.csv
2026-08-01 11:14:05,604 [WARNING] etl_camara — 404 — não encontrado: http://dadosabertos.camara.leg.br/arquivos/orgaosDeputados/csv/orgaosDeputados-L18.csv
2026-08-01 11:14:05,677 [WARNING] etl_camara — 404 — não encontrado: http://dadosabertos.camara.leg.br/arquivos/orgaosDeputados/csv/orgaosDeputados-L29.csv
2026-08-01 11:14:05,759 [WARNING] etl_camara — 404 — não encontrado: http://dadosabertos.camara.leg.br/arquivos/orgaosDeputados/csv/orgaosDeputados-L28.csv
2026-08-01 11:14:05,795 [WARNING] etl_camara — 404 — não encontrado: http://dadosabertos.camara.leg.br/arquivos/orgaosDeputados/csv/orgaosDeputados-L19.csv
2026-08-01 11:14:05,885 [WARNING] etl_camara — 404 — não encontrado: http://dadosabertos.camara.leg.br/arquivos/orgaosDeputados/csv/orgaosDeputados-L30.csv
2026-08-01 11:14:05,954 [WARNING] etl_camara — 404 — não encontrado: http://dadosabertos.camara.leg.br/arquivos/orgaosDeputados/csv/orgaosDeputados-L32.csv
2026-08-01 11:14:05,996 [WARNING] etl_camara — 404 — não encontrado: http://dadosabertos.camara.leg.br/arquivos/orgaosDeputados/csv/orgaosDeputados-L21.csv
2026-08-01 11:14:06,074 [WARNING] etl_camara — 404 — não encontrado: http://dadosabertos.camara.leg.br/arquivos/orgaosDeputados/csv/orgaosDeputados-L31.csv
2026-08-01 11:14:06,162 [WARNING] etl_camara — 404 — não encontrado: http://dadosabertos.camara.leg.br/arquivos/orgaosDeputados/csv/orgaosDeputados-L33.csv
2026-08-01 11:14:06,205 [WARNING] etl_camara — 404 — não encontrado: http://dadosabertos.camara.leg.br/arquivos/orgaosDeputados/csv/orgaosDeputados-L22.csv
2026-08-01 11:14:06,282 [WARNING] etl_camara — 404 — não encontrado: http://dadosabertos.camara.leg.br/arquivos/orgaosDeputados/csv/orgaosDeputados-L35.csv
2026-08-01 11:14:06,349 [WARNING] etl_camara — 404 — não encontrado: http://dadosabertos.camara.leg.br/arquivos/orgaosDeputados/csv/orgaosDeputados-L36.csv
2026-08-01 11:14:06,396 [WARNING] etl_camara — 404 — não encontrado: http://dadosabertos.camara.leg.br/arquivos/orgaosDeputados/csv/orgaosDeputados-L23.csv
2026-08-01 11:14:06,475 [WARNING] etl_camara — 404 — não encontrado: http://dadosabertos.camara.leg.br/arquivos/orgaosDeputados/csv/orgaosDeputados-L38.csv
2026-08-01 11:14:06,607 [WARNING] etl_camara — 404 — não encontrado: http://dadosabertos.camara.leg.br/arquivos/orgaosDeputados/csv/orgaosDeputados-L26.csv
2026-08-01 11:14:06,675 [WARNING] etl_camara — 404 — não encontrado: http://dadosabertos.camara.leg.br/arquivos/orgaosDeputados/csv/orgaosDeputados-L40.csv
2026-08-01 11:14:06,798 [WARNING] etl_camara — 404 — não encontrado: http://dadosabertos.camara.leg.br/arquivos/orgaosDeputados/csv/orgaosDeputados-L34.csv
2026-08-01 11:14:06,826 [WARNING] etl_camara — 404 — não encontrado: http://dadosabertos.camara.leg.br/arquivos/orgaosDeputados/csv/orgaosDeputados-L45.csv
2026-08-01 11:14:06,886 [WARNING] etl_camara — 404 — não encontrado: http://dadosabertos.camara.leg.br/arquivos/orgaosDeputados/csv/orgaosDeputados-L42.csv
2026-08-01 11:14:06,998 [WARNING] etl_camara — 404 — não encontrado: http://dadosabertos.camara.leg.br/arquivos/orgaosDeputados/csv/orgaosDeputados-L37.csv
2026-08-01 11:14:07,026 [WARNING] etl_camara — 404 — não encontrado: http://dadosabertos.camara.leg.br/arquivos/orgaosDeputados/csv/orgaosDeputados-L46.csv
2026-08-01 11:14:07,084 [WARNING] etl_camara — 404 — não encontrado: http://dadosabertos.camara.leg.br/arquivos/orgaosDeputados/csv/orgaosDeputados-L43.csv
2026-08-01 11:14:07,204 [WARNING] etl_camara — 404 — não encontrado: http://dadosabertos.camara.leg.br/arquivos/orgaosDeputados/csv/orgaosDeputados-L39.csv
2026-08-01 11:14:07,220 [WARNING] etl_camara — 404 — não encontrado: http://dadosabertos.camara.leg.br/arquivos/orgaosDeputados/csv/orgaosDeputados-L47.csv
2026-08-01 11:14:07,286 [WARNING] etl_camara — 404 — não encontrado: http://dadosabertos.camara.leg.br/arquivos/orgaosDeputados/csv/orgaosDeputados-L44.csv
2026-08-01 11:14:07,396 [WARNING] etl_camara — 404 — não encontrado: http://dadosabertos.camara.leg.br/arquivos/orgaosDeputados/csv/orgaosDeputados-L41.csv
2026-08-01 11:14:07,422 [WARNING] etl_camara — 404 — não encontrado: http://dadosabertos.camara.leg.br/arquivos/orgaosDeputados/csv/orgaosDeputados-L49.csv
2026-08-01 11:14:07,587 [INFO] etl_camara — → sem alterações (304): orgaosDeputados-L56.csv
2026-08-01 11:14:07,596 [WARNING] etl_camara — 404 — não encontrado: http://dadosabertos.camara.leg.br/arquivos/orgaosDeputados/csv/orgaosDeputados-L48.csv
2026-08-01 11:14:07,618 [INFO] etl_camara — → sem alterações (304): orgaosDeputados-L51.csv
2026-08-01 11:14:07,757 [INFO] etl_camara — → sem alterações (304): Ano-2026.csv.zip
2026-08-01 11:14:07,777 [INFO] etl_camara — → sem alterações (304): orgaosDeputados-L57.csv
2026-08-01 11:14:07,804 [WARNING] etl_camara — 404 — não encontrado: http://dadosabertos.camara.leg.br/arquivos/orgaosDeputados/csv/orgaosDeputados-L50.csv
2026-08-01 11:14:07,826 [INFO] etl_camara — → sem alterações (304): orgaosDeputados-L55.csv
2026-08-01 11:14:07,997 [INFO] etl_camara — → sem alterações (304): orgaosDeputados-L53.csv
2026-08-01 11:14:08,206 [INFO] etl_camara — → sem alterações (304): orgaosDeputados-L52.csv
2026-08-01 11:14:08,398 [INFO] etl_camara — → sem alterações (304): orgaosDeputados-L54.csv
2026-08-01 11:14:08,400 [INFO] etl_camara — ━━━━━━━━━━━━━━━━━━━━━━━━━━━━━━━━━━━━━━━━━━━━━━━━━━━━━━━━━━━━
2026-08-01 11:14:08,400 [INFO] etl_camara — 🌊 Onda 2 — 6 datasets | workers=8
2026-08-01 11:14:08,519 [INFO] etl_camara — → sem alterações (304): gruposMembros.csv
2026-08-01 11:14:08,539 [INFO] etl_camara — → sem alterações (304): frentesDeputados.csv
2026-08-01 11:14:08,605 [INFO] etl_camara — → sem alterações (304): votacoesOrientacoes-2026.csv
2026-08-01 11:14:08,721 [INFO] etl_camara — → sem alterações (304): votacoesProposicoes-2026.csv
2026-08-01 11:14:08,745 [INFO] etl_camara — → sem alterações (304): gruposHistorico.csv
2026-08-01 11:14:08,931 [INFO] etl_camara — → sem alterações (304): votacoesVotos-2026.csv
2026-08-01 11:14:08,933 [INFO] etl_camara — ━━━━━━━━━━━━━━━━━━━━━━━━━━━━━━━━━━━━━━━━━━━━━━━━━━━━━━━━━━━━
2026-08-01 11:14:08,933 [INFO] etl_camara — 🏁 ETL concluído — processados: 0 | sem alteração (304): 38 | histórico pulado: 0 | erros: 50 | total: 88
2026-08-01 11:14:08,933 [WARNING] etl_camara — Datasets com falha (50): ['orgaosDeputados_L6', 'orgaosDeputados_L3', 'orgaosDeputados_L10', 'orgaosDeputados_L7', 'orgaosDeputados_L5', 'orgaosDeputados_L1', 'orgaosDeputados_L9', 'orgaosDeputados_L2', 'orgaosDeputados_L14', 'orgaosDeputados_L4', 'orgaosDeputados_L15', 'orgaosDeputados_L8', 'orgaosDeputados_L20', 'orgaosDeputados_L11', 'orgaosDeputados_L13', 'orgaosDeputados_L12', 'orgaosDeputados_L24', 'orgaosDeputados_L17', 'orgaosDeputados_L25', 'orgaosDeputados_L16', 'orgaosDeputados_L27', 'orgaosDeputados_L18', 'orgaosDeputados_L29', 'orgaosDeputados_L28', 'orgaosDeputados_L19', 'orgaosDeputados_L30', 'orgaosDeputados_L32', 'orgaosDeputados_L21', 'orgaosDeputados_L31', 'orgaosDeputados_L33', 'orgaosDeputados_L22', 'orgaosDeputados_L35', 'orgaosDeputados_L36', 'orgaosDeputados_L23', 'orgaosDeputados_L38', 'orgaosDeputados_L26', 'orgaosDeputados_L40', 'orgaosDeputados_L34', 'orgaosDeputados_L45', 'orgaosDeputados_L42', 'orgaosDeputados_L37', 'orgaosDeputados_L46', 'orgaosDeputados_L43', 'orgaosDeputados_L39', 'orgaosDeputados_L47', 'orgaosDeputados_L44', 'orgaosDeputados_L41', 'orgaosDeputados_L49', 'orgaosDeputados_L48', 'orgaosDeputados_L50']
2026-08-01 11:14:08,934 [ERROR] etl_camara — ETL finalizado com 50 dataset(s) em erro — saindo com código 1
2026-08-02 03:00:03,775 [INFO] etl_camara — Banco: postgres:5432/quemvota
2026-08-02 03:00:03,775 [INFO] etl_camara — Cache: etl_cache.json
2026-08-02 03:00:03,775 [INFO] etl_camara — Workers — download: 8 | backfill: 4
2026-08-02 03:00:03,786 [INFO] etl_camara — Iniciando ETL: 88 datasets | anos=[2026] | legislaturas=[1, 2, 3, 4, 5, 6, 7, 8, 9, 10, 11, 12, 13, 14, 15, 16, 17, 18, 19, 20, 21, 22, 23, 24, 25, 26, 27, 28, 29, 30, 31, 32, 33, 34, 35, 36, 37, 38, 39, 40, 41, 42, 43, 44, 45, 46, 47, 48, 49, 50, 51, 52, 53, 54, 55, 56, 57]
2026-08-02 03:00:03,786 [INFO] etl_camara — ━━━━━━━━━━━━━━━━━━━━━━━━━━━━━━━━━━━━━━━━━━━━━━━━━━━━━━━━━━━━
2026-08-02 03:00:03,786 [INFO] etl_camara — 🌊 Onda 0 — 9 datasets | workers=8
2026-08-02 03:00:04,018 [INFO] etl_camara — → sem alterações (304): orgaos.csv
2026-08-02 03:00:04,021 [INFO] etl_camara — → sem alterações (304): funcionarios.csv
2026-08-02 03:00:04,035 [INFO] etl_camara — → sem alterações (304): legislaturas.csv
2026-08-02 03:00:04,214 [INFO] etl_camara — → sem alterações (304): proposicoes-2026.csv
2026-08-02 03:00:04,217 [INFO] etl_camara — → sem alterações (304): eventos-2026.csv
2026-08-02 03:00:04,225 [INFO] etl_camara — → sem alterações (304): tecadTermos.csv
2026-08-02 03:00:04,423 [INFO] etl_camara — → sem alterações (304): licitacoes-2026.csv
2026-08-02 03:00:04,427 [INFO] etl_camara — → sem alterações (304): tecadCategorias.csv
2026-08-02 03:00:04,620 [INFO] etl_camara — → sem alterações (304): deputados.csv
2026-08-02 03:00:04,622 [INFO] etl_camara — ━━━━━━━━━━━━━━━━━━━━━━━━━━━━━━━━━━━━━━━━━━━━━━━━━━━━━━━━━━━━
2026-08-02 03:00:04,622 [INFO] etl_camara — 🌊 Onda 1 — 73 datasets | workers=8
2026-08-02 03:00:04,772 [INFO] etl_camara — → sem alterações (304): deputadosProfissoes.csv
2026-08-02 03:00:04,913 [INFO] etl_camara — → sem alterações (304): eventosRequerimentos-2026.csv
2026-08-02 03:00:04,926 [INFO] etl_camara — → sem alterações (304): legislaturasMesas.csv
2026-08-02 03:00:04,964 [INFO] etl_camara — → sem alterações (304): frentes.csv
2026-08-02 03:00:05,056 [INFO] etl_camara — → sem alterações (304): deputadosOcupacoes.csv
2026-08-02 03:00:05,110 [INFO] etl_camara — → sem alterações (304): licitacoesPedidos-2026.csv
2026-08-02 03:00:05,170 [INFO] etl_camara — → sem alterações (304): eventosPresencaDeputados-2026.csv
2026-08-02 03:00:05,319 [INFO] etl_camara — → sem alterações (304): licitacoesItens-2026.csv
2026-08-02 03:00:05,363 [INFO] etl_camara — → sem alterações (304): proposicoesTemas-2026.csv
2026-08-02 03:00:05,491 [INFO] etl_camara — → sem alterações (304): eventosOrgaos-2026.csv
2026-08-02 03:00:05,511 [INFO] etl_camara — → sem alterações (304): licitacoesContratos-2026.csv
2026-08-02 03:00:05,564 [INFO] etl_camara — → sem alterações (304): votacoes-2026.csv
2026-08-02 03:00:05,772 [WARNING] etl_camara — 404 — não encontrado: http://dadosabertos.camara.leg.br/arquivos/orgaosDeputados/csv/orgaosDeputados-L3.csv
2026-08-02 03:00:05,967 [WARNING] etl_camara — 404 — não encontrado: http://dadosabertos.camara.leg.br/arquivos/orgaosDeputados/csv/orgaosDeputados-L2.csv
2026-08-02 03:00:05,971 [INFO] etl_camara — → sem alterações (304): licitacoesPropostas-2026.csv
2026-08-02 03:00:05,983 [INFO] etl_camara — ✔ grupos.csv (118 linhas)
2026-08-02 03:00:06,013 [INFO] etl_camara — → sem alterações (304): proposicoesAutores-2026.csv
2026-08-02 03:00:06,101 [INFO] etl_camara —   upsert grupos → 118 registros
2026-08-02 03:00:06,152 [WARNING] etl_camara — 404 — não encontrado: http://dadosabertos.camara.leg.br/arquivos/orgaosDeputados/csv/orgaosDeputados-L7.csv
2026-08-02 03:00:06,214 [WARNING] etl_camara — 404 — não encontrado: http://dadosabertos.camara.leg.br/arquivos/orgaosDeputados/csv/orgaosDeputados-L5.csv
2026-08-02 03:00:06,216 [WARNING] etl_camara — 404 — não encontrado: http://dadosabertos.camara.leg.br/arquivos/orgaosDeputados/csv/orgaosDeputados-L4.csv
2026-08-02 03:00:06,331 [WARNING] etl_camara — 404 — não encontrado: http://dadosabertos.camara.leg.br/arquivos/orgaosDeputados/csv/orgaosDeputados-L1.csv
2026-08-02 03:00:06,418 [WARNING] etl_camara — 404 — não encontrado: http://dadosabertos.camara.leg.br/arquivos/orgaosDeputados/csv/orgaosDeputados-L9.csv
2026-08-02 03:00:06,498 [WARNING] etl_camara — 404 — não encontrado: http://dadosabertos.camara.leg.br/arquivos/orgaosDeputados/csv/orgaosDeputados-L14.csv
2026-08-02 03:00:06,613 [WARNING] etl_camara — 404 — não encontrado: http://dadosabertos.camara.leg.br/arquivos/orgaosDeputados/csv/orgaosDeputados-L8.csv
2026-08-02 03:00:06,616 [WARNING] etl_camara — 404 — não encontrado: http://dadosabertos.camara.leg.br/arquivos/orgaosDeputados/csv/orgaosDeputados-L10.csv
2026-08-02 03:00:06,675 [WARNING] etl_camara — 404 — não encontrado: http://dadosabertos.camara.leg.br/arquivos/orgaosDeputados/csv/orgaosDeputados-L6.csv
2026-08-02 03:00:06,767 [WARNING] etl_camara — 404 — não encontrado: http://dadosabertos.camara.leg.br/arquivos/orgaosDeputados/csv/orgaosDeputados-L18.csv
2026-08-02 03:00:06,807 [WARNING] etl_camara — 404 — não encontrado: http://dadosabertos.camara.leg.br/arquivos/orgaosDeputados/csv/orgaosDeputados-L11.csv
2026-08-02 03:00:06,882 [WARNING] etl_camara — 404 — não encontrado: http://dadosabertos.camara.leg.br/arquivos/orgaosDeputados/csv/orgaosDeputados-L12.csv
2026-08-02 03:00:06,962 [WARNING] etl_camara — 404 — não encontrado: http://dadosabertos.camara.leg.br/arquivos/orgaosDeputados/csv/orgaosDeputados-L19.csv
2026-08-02 03:00:07,008 [WARNING] etl_camara — 404 — não encontrado: http://dadosabertos.camara.leg.br/arquivos/orgaosDeputados/csv/orgaosDeputados-L16.csv
2026-08-02 03:00:07,017 [WARNING] etl_camara — 404 — não encontrado: http://dadosabertos.camara.leg.br/arquivos/orgaosDeputados/csv/orgaosDeputados-L13.csv
2026-08-02 03:00:07,214 [WARNING] etl_camara — 404 — não encontrado: http://dadosabertos.camara.leg.br/arquivos/orgaosDeputados/csv/orgaosDeputados-L15.csv
2026-08-02 03:00:07,363 [WARNING] etl_camara — 404 — não encontrado: http://dadosabertos.camara.leg.br/arquivos/orgaosDeputados/csv/orgaosDeputados-L26.csv
2026-08-02 03:00:07,406 [WARNING] etl_camara — 404 — não encontrado: http://dadosabertos.camara.leg.br/arquivos/orgaosDeputados/csv/orgaosDeputados-L17.csv
2026-08-02 03:00:07,439 [WARNING] etl_camara — 404 — não encontrado: http://dadosabertos.camara.leg.br/arquivos/orgaosDeputados/csv/orgaosDeputados-L20.csv
2026-08-02 03:00:07,441 [WARNING] etl_camara — 404 — não encontrado: http://dadosabertos.camara.leg.br/arquivos/orgaosDeputados/csv/orgaosDeputados-L21.csv
2026-08-02 03:00:07,559 [WARNING] etl_camara — 404 — não encontrado: http://dadosabertos.camara.leg.br/arquivos/orgaosDeputados/csv/orgaosDeputados-L27.csv
2026-08-02 03:00:07,608 [WARNING] etl_camara — 404 — não encontrado: http://dadosabertos.camara.leg.br/arquivos/orgaosDeputados/csv/orgaosDeputados-L22.csv
2026-08-02 03:00:07,619 [WARNING] etl_camara — 404 — não encontrado: http://dadosabertos.camara.leg.br/arquivos/orgaosDeputados/csv/orgaosDeputados-L25.csv
2026-08-02 03:00:07,758 [WARNING] etl_camara — 404 — não encontrado: http://dadosabertos.camara.leg.br/arquivos/orgaosDeputados/csv/orgaosDeputados-L31.csv
2026-08-02 03:00:07,818 [WARNING] etl_camara — 404 — não encontrado: http://dadosabertos.camara.leg.br/arquivos/orgaosDeputados/csv/orgaosDeputados-L30.csv
2026-08-02 03:00:07,826 [WARNING] etl_camara — 404 — não encontrado: http://dadosabertos.camara.leg.br/arquivos/orgaosDeputados/csv/orgaosDeputados-L23.csv
2026-08-02 03:00:07,957 [WARNING] etl_camara — 404 — não encontrado: http://dadosabertos.camara.leg.br/arquivos/orgaosDeputados/csv/orgaosDeputados-L33.csv
2026-08-02 03:00:08,013 [WARNING] etl_camara — 404 — não encontrado: http://dadosabertos.camara.leg.br/arquivos/orgaosDeputados/csv/orgaosDeputados-L34.csv
2026-08-02 03:00:08,156 [WARNING] etl_camara — 404 — não encontrado: http://dadosabertos.camara.leg.br/arquivos/orgaosDeputados/csv/orgaosDeputados-L32.csv
2026-08-02 03:00:08,187 [WARNING] etl_camara — 404 — não encontrado: http://dadosabertos.camara.leg.br/arquivos/orgaosDeputados/csv/orgaosDeputados-L24.csv
2026-08-02 03:00:08,227 [WARNING] etl_camara — 404 — não encontrado: http://dadosabertos.camara.leg.br/arquivos/orgaosDeputados/csv/orgaosDeputados-L35.csv
2026-08-02 03:00:08,270 [WARNING] etl_camara — 404 — não encontrado: http://dadosabertos.camara.leg.br/arquivos/orgaosDeputados/csv/orgaosDeputados-L28.csv
2026-08-02 03:00:08,407 [WARNING] etl_camara — 404 — não encontrado: http://dadosabertos.camara.leg.br/arquivos/orgaosDeputados/csv/orgaosDeputados-L29.csv
2026-08-02 03:00:08,432 [WARNING] etl_camara — 404 — não encontrado: http://dadosabertos.camara.leg.br/arquivos/orgaosDeputados/csv/orgaosDeputados-L36.csv
2026-08-02 03:00:08,565 [WARNING] etl_camara — 404 — não encontrado: http://dadosabertos.camara.leg.br/arquivos/orgaosDeputados/csv/orgaosDeputados-L37.csv
2026-08-02 03:00:08,573 [WARNING] etl_camara — 404 — não encontrado: http://dadosabertos.camara.leg.br/arquivos/orgaosDeputados/csv/orgaosDeputados-L44.csv
2026-08-02 03:00:08,608 [WARNING] etl_camara — 404 — não encontrado: http://dadosabertos.camara.leg.br/arquivos/orgaosDeputados/csv/orgaosDeputados-L39.csv
2026-08-02 03:00:08,772 [WARNING] etl_camara — 404 — não encontrado: http://dadosabertos.camara.leg.br/arquivos/orgaosDeputados/csv/orgaosDeputados-L38.csv
2026-08-02 03:00:08,829 [WARNING] etl_camara — 404 — não encontrado: http://dadosabertos.camara.leg.br/arquivos/orgaosDeputados/csv/orgaosDeputados-L40.csv
2026-08-02 03:00:08,841 [WARNING] etl_camara — 404 — não encontrado: http://dadosabertos.camara.leg.br/arquivos/orgaosDeputados/csv/orgaosDeputados-L46.csv
2026-08-02 03:00:08,969 [WARNING] etl_camara — 404 — não encontrado: http://dadosabertos.camara.leg.br/arquivos/orgaosDeputados/csv/orgaosDeputados-L49.csv
2026-08-02 03:00:08,992 [WARNING] etl_camara — 404 — não encontrado: http://dadosabertos.camara.leg.br/arquivos/orgaosDeputados/csv/orgaosDeputados-L48.csv
2026-08-02 03:00:09,006 [WARNING] etl_camara — 404 — não encontrado: http://dadosabertos.camara.leg.br/arquivos/orgaosDeputados/csv/orgaosDeputados-L41.csv
2026-08-02 03:00:09,179 [WARNING] etl_camara — 404 — não encontrado: http://dadosabertos.camara.leg.br/arquivos/orgaosDeputados/csv/orgaosDeputados-L50.csv
2026-08-02 03:00:09,208 [WARNING] etl_camara — 404 — não encontrado: http://dadosabertos.camara.leg.br/arquivos/orgaosDeputados/csv/orgaosDeputados-L42.csv
2026-08-02 03:00:09,380 [INFO] etl_camara — → sem alterações (304): orgaosDeputados-L53.csv
2026-08-02 03:00:09,409 [WARNING] etl_camara — 404 — não encontrado: http://dadosabertos.camara.leg.br/arquivos/orgaosDeputados/csv/orgaosDeputados-L43.csv
2026-08-02 03:00:09,578 [INFO] etl_camara — → sem alterações (304): orgaosDeputados-L55.csv
2026-08-02 03:00:09,579 [INFO] etl_camara — → sem alterações (304): orgaosDeputados-L57.csv
2026-08-02 03:00:09,619 [WARNING] etl_camara — 404 — não encontrado: http://dadosabertos.camara.leg.br/arquivos/orgaosDeputados/csv/orgaosDeputados-L45.csv
2026-08-02 03:00:09,785 [INFO] etl_camara — → sem alterações (304): Ano-2026.csv.zip
2026-08-02 03:00:09,810 [WARNING] etl_camara — 404 — não encontrado: http://dadosabertos.camara.leg.br/arquivos/orgaosDeputados/csv/orgaosDeputados-L47.csv
2026-08-02 03:00:10,009 [INFO] etl_camara — → sem alterações (304): orgaosDeputados-L51.csv
2026-08-02 03:00:10,228 [INFO] etl_camara — → sem alterações (304): orgaosDeputados-L52.csv
2026-08-02 03:00:10,416 [INFO] etl_camara — → sem alterações (304): orgaosDeputados-L54.csv
2026-08-02 03:00:10,609 [INFO] etl_camara — → sem alterações (304): orgaosDeputados-L56.csv
2026-08-02 03:00:10,611 [INFO] etl_camara — ━━━━━━━━━━━━━━━━━━━━━━━━━━━━━━━━━━━━━━━━━━━━━━━━━━━━━━━━━━━━
2026-08-02 03:00:10,611 [INFO] etl_camara — 🌊 Onda 2 — 6 datasets | workers=8
2026-08-02 03:00:10,767 [INFO] etl_camara — → sem alterações (304): frentesDeputados.csv
2026-08-02 03:00:10,768 [INFO] etl_camara — → sem alterações (304): votacoesOrientacoes-2026.csv
2026-08-02 03:00:10,929 [INFO] etl_camara — ✔ gruposMembros.csv (7091 linhas)
2026-08-02 03:00:10,971 [INFO] etl_camara — → sem alterações (304): votacoesProposicoes-2026.csv
2026-08-02 03:00:11,106 [INFO] etl_camara — ✔ gruposHistorico.csv (412 linhas)
2026-08-02 03:00:11,177 [INFO] etl_camara — → sem alterações (304): votacoesVotos-2026.csv
2026-08-02 03:00:11,381 [INFO] etl_camara —   FK-insert gruposHistorico → 412 registros
2026-08-02 03:00:13,554 [INFO] etl_camara —   FK-insert gruposMembros → 7091 registros
2026-08-02 03:00:13,557 [INFO] etl_camara — ━━━━━━━━━━━━━━━━━━━━━━━━━━━━━━━━━━━━━━━━━━━━━━━━━━━━━━━━━━━━
2026-08-02 03:00:13,557 [INFO] etl_camara — 🏁 ETL concluído — processados: 3 | sem alteração (304): 35 | histórico pulado: 0 | erros: 50 | total: 88
2026-08-02 03:00:13,557 [WARNING] etl_camara — Datasets com falha (50): ['orgaosDeputados_L3', 'orgaosDeputados_L2', 'orgaosDeputados_L7', 'orgaosDeputados_L5', 'orgaosDeputados_L4', 'orgaosDeputados_L1', 'orgaosDeputados_L9', 'orgaosDeputados_L14', 'orgaosDeputados_L8', 'orgaosDeputados_L10', 'orgaosDeputados_L6', 'orgaosDeputados_L18', 'orgaosDeputados_L11', 'orgaosDeputados_L12', 'orgaosDeputados_L19', 'orgaosDeputados_L16', 'orgaosDeputados_L13', 'orgaosDeputados_L15', 'orgaosDeputados_L26', 'orgaosDeputados_L17', 'orgaosDeputados_L20', 'orgaosDeputados_L21', 'orgaosDeputados_L27', 'orgaosDeputados_L22', 'orgaosDeputados_L25', 'orgaosDeputados_L31', 'orgaosDeputados_L30', 'orgaosDeputados_L23', 'orgaosDeputados_L33', 'orgaosDeputados_L34', 'orgaosDeputados_L32', 'orgaosDeputados_L24', 'orgaosDeputados_L35', 'orgaosDeputados_L28', 'orgaosDeputados_L29', 'orgaosDeputados_L36', 'orgaosDeputados_L37', 'orgaosDeputados_L44', 'orgaosDeputados_L39', 'orgaosDeputados_L38', 'orgaosDeputados_L40', 'orgaosDeputados_L46', 'orgaosDeputados_L49', 'orgaosDeputados_L48', 'orgaosDeputados_L41', 'orgaosDeputados_L50', 'orgaosDeputados_L42', 'orgaosDeputados_L43', 'orgaosDeputados_L45', 'orgaosDeputados_L47']
2026-08-02 03:00:13,557 [ERROR] etl_camara — ETL finalizado com 50 dataset(s) em erro — saindo com código 1
2026-08-02 03:05:15,412 [INFO] etl_camara — Banco: postgres:5432/quemvota
2026-08-02 03:05:15,413 [INFO] etl_camara — Cache: etl_cache.json
2026-08-02 03:05:15,413 [INFO] etl_camara — Workers — download: 8 | backfill: 4
2026-08-02 03:05:15,423 [INFO] etl_camara — Iniciando ETL: 88 datasets | anos=[2026] | legislaturas=[1, 2, 3, 4, 5, 6, 7, 8, 9, 10, 11, 12, 13, 14, 15, 16, 17, 18, 19, 20, 21, 22, 23, 24, 25, 26, 27, 28, 29, 30, 31, 32, 33, 34, 35, 36, 37, 38, 39, 40, 41, 42, 43, 44, 45, 46, 47, 48, 49, 50, 51, 52, 53, 54, 55, 56, 57]
2026-08-02 03:05:15,423 [INFO] etl_camara — ━━━━━━━━━━━━━━━━━━━━━━━━━━━━━━━━━━━━━━━━━━━━━━━━━━━━━━━━━━━━
2026-08-02 03:05:15,424 [INFO] etl_camara — 🌊 Onda 0 — 9 datasets | workers=8
2026-08-02 03:05:15,631 [INFO] etl_camara — → sem alterações (304): eventos-2026.csv
2026-08-02 03:05:15,637 [INFO] etl_camara — → sem alterações (304): proposicoes-2026.csv
2026-08-02 03:05:15,647 [INFO] etl_camara — → sem alterações (304): funcionarios.csv
2026-08-02 03:05:15,837 [INFO] etl_camara — → sem alterações (304): tecadCategorias.csv
2026-08-02 03:05:15,842 [INFO] etl_camara — → sem alterações (304): deputados.csv
2026-08-02 03:05:15,854 [INFO] etl_camara — → sem alterações (304): orgaos.csv
2026-08-02 03:05:16,031 [INFO] etl_camara — → sem alterações (304): legislaturas.csv
2026-08-02 03:05:16,055 [INFO] etl_camara — → sem alterações (304): tecadTermos.csv
2026-08-02 03:05:16,246 [INFO] etl_camara — → sem alterações (304): licitacoes-2026.csv
2026-08-02 03:05:16,248 [INFO] etl_camara — ━━━━━━━━━━━━━━━━━━━━━━━━━━━━━━━━━━━━━━━━━━━━━━━━━━━━━━━━━━━━
2026-08-02 03:05:16,248 [INFO] etl_camara — 🌊 Onda 1 — 73 datasets | workers=8
2026-08-02 03:05:16,377 [INFO] etl_camara — → sem alterações (304): legislaturasMesas.csv
2026-08-02 03:05:16,393 [INFO] etl_camara — → sem alterações (304): eventosRequerimentos-2026.csv
2026-08-02 03:05:16,446 [INFO] etl_camara — → sem alterações (304): deputadosOcupacoes.csv
2026-08-02 03:05:16,584 [INFO] etl_camara — → sem alterações (304): eventosPresencaDeputados-2026.csv
2026-08-02 03:05:16,586 [INFO] etl_camara — → sem alterações (304): eventosOrgaos-2026.csv
2026-08-02 03:05:16,655 [INFO] etl_camara — → sem alterações (304): grupos.csv
2026-08-02 03:05:16,776 [INFO] etl_camara — → sem alterações (304): licitacoesPedidos-2026.csv
2026-08-02 03:05:16,784 [INFO] etl_camara — → sem alterações (304): deputadosProfissoes.csv
2026-08-02 03:05:16,854 [INFO] etl_camara — → sem alterações (304): frentes.csv
2026-08-02 03:05:16,983 [WARNING] etl_camara — 404 — não encontrado: http://dadosabertos.camara.leg.br/arquivos/orgaosDeputados/csv/orgaosDeputados-L1.csv
2026-08-02 03:05:16,992 [INFO] etl_camara — → sem alterações (304): proposicoesTemas-2026.csv
2026-08-02 03:05:17,067 [INFO] etl_camara — → sem alterações (304): proposicoesAutores-2026.csv
2026-08-02 03:05:17,177 [WARNING] etl_camara — 404 — não encontrado: http://dadosabertos.camara.leg.br/arquivos/orgaosDeputados/csv/orgaosDeputados-L3.csv
2026-08-02 03:05:17,194 [INFO] etl_camara — → sem alterações (304): votacoes-2026.csv
2026-08-02 03:05:17,249 [INFO] etl_camara — → sem alterações (304): licitacoesPropostas-2026.csv
2026-08-02 03:05:17,377 [WARNING] etl_camara — 404 — não encontrado: http://dadosabertos.camara.leg.br/arquivos/orgaosDeputados/csv/orgaosDeputados-L8.csv
2026-08-02 03:05:17,394 [WARNING] etl_camara — 404 — não encontrado: http://dadosabertos.camara.leg.br/arquivos/orgaosDeputados/csv/orgaosDeputados-L2.csv
2026-08-02 03:05:17,462 [INFO] etl_camara — → sem alterações (304): licitacoesItens-2026.csv
2026-08-02 03:05:17,582 [WARNING] etl_camara — 404 — não encontrado: http://dadosabertos.camara.leg.br/arquivos/orgaosDeputados/csv/orgaosDeputados-L10.csv
2026-08-02 03:05:17,594 [WARNING] etl_camara — 404 — não encontrado: http://dadosabertos.camara.leg.br/arquivos/orgaosDeputados/csv/orgaosDeputados-L4.csv
2026-08-02 03:05:17,680 [INFO] etl_camara — → sem alterações (304): licitacoesContratos-2026.csv
2026-08-02 03:05:17,783 [WARNING] etl_camara — 404 — não encontrado: http://dadosabertos.camara.leg.br/arquivos/orgaosDeputados/csv/orgaosDeputados-L9.csv
2026-08-02 03:05:17,794 [WARNING] etl_camara — 404 — não encontrado: http://dadosabertos.camara.leg.br/arquivos/orgaosDeputados/csv/orgaosDeputados-L7.csv
2026-08-02 03:05:17,847 [WARNING] etl_camara — 404 — não encontrado: http://dadosabertos.camara.leg.br/arquivos/orgaosDeputados/csv/orgaosDeputados-L5.csv
2026-08-02 03:05:17,985 [WARNING] etl_camara — 404 — não encontrado: http://dadosabertos.camara.leg.br/arquivos/orgaosDeputados/csv/orgaosDeputados-L11.csv
2026-08-02 03:05:17,993 [WARNING] etl_camara — 404 — não encontrado: http://dadosabertos.camara.leg.br/arquivos/orgaosDeputados/csv/orgaosDeputados-L12.csv
2026-08-02 03:05:18,077 [WARNING] etl_camara — 404 — não encontrado: http://dadosabertos.camara.leg.br/arquivos/orgaosDeputados/csv/orgaosDeputados-L6.csv
2026-08-02 03:05:18,184 [WARNING] etl_camara — 404 — não encontrado: http://dadosabertos.camara.leg.br/arquivos/orgaosDeputados/csv/orgaosDeputados-L16.csv
2026-08-02 03:05:18,192 [WARNING] etl_camara — 404 — não encontrado: http://dadosabertos.camara.leg.br/arquivos/orgaosDeputados/csv/orgaosDeputados-L14.csv
2026-08-02 03:05:18,248 [WARNING] etl_camara — 404 — não encontrado: http://dadosabertos.camara.leg.br/arquivos/orgaosDeputados/csv/orgaosDeputados-L13.csv
2026-08-02 03:05:18,397 [WARNING] etl_camara — 404 — não encontrado: http://dadosabertos.camara.leg.br/arquivos/orgaosDeputados/csv/orgaosDeputados-L15.csv
2026-08-02 03:05:18,424 [WARNING] etl_camara — 404 — não encontrado: http://dadosabertos.camara.leg.br/arquivos/orgaosDeputados/csv/orgaosDeputados-L21.csv
2026-08-02 03:05:18,447 [WARNING] etl_camara — 404 — não encontrado: http://dadosabertos.camara.leg.br/arquivos/orgaosDeputados/csv/orgaosDeputados-L17.csv
2026-08-02 03:05:18,592 [WARNING] etl_camara — 404 — não encontrado: http://dadosabertos.camara.leg.br/arquivos/orgaosDeputados/csv/orgaosDeputados-L25.csv
2026-08-02 03:05:18,593 [WARNING] etl_camara — 404 — não encontrado: http://dadosabertos.camara.leg.br/arquivos/orgaosDeputados/csv/orgaosDeputados-L19.csv
2026-08-02 03:05:18,647 [WARNING] etl_camara — 404 — não encontrado: http://dadosabertos.camara.leg.br/arquivos/orgaosDeputados/csv/orgaosDeputados-L18.csv
2026-08-02 03:05:18,784 [WARNING] etl_camara — 404 — não encontrado: http://dadosabertos.camara.leg.br/arquivos/orgaosDeputados/csv/orgaosDeputados-L20.csv
2026-08-02 03:05:18,787 [WARNING] etl_camara — 404 — não encontrado: http://dadosabertos.camara.leg.br/arquivos/orgaosDeputados/csv/orgaosDeputados-L26.csv
2026-08-02 03:05:18,846 [WARNING] etl_camara — 404 — não encontrado: http://dadosabertos.camara.leg.br/arquivos/orgaosDeputados/csv/orgaosDeputados-L22.csv
2026-08-02 03:05:18,984 [WARNING] etl_camara — 404 — não encontrado: http://dadosabertos.camara.leg.br/arquivos/orgaosDeputados/csv/orgaosDeputados-L31.csv
2026-08-02 03:05:18,996 [WARNING] etl_camara — 404 — não encontrado: http://dadosabertos.camara.leg.br/arquivos/orgaosDeputados/csv/orgaosDeputados-L28.csv
2026-08-02 03:05:19,056 [WARNING] etl_camara — 404 — não encontrado: http://dadosabertos.camara.leg.br/arquivos/orgaosDeputados/csv/orgaosDeputados-L23.csv
2026-08-02 03:05:19,180 [WARNING] etl_camara — 404 — não encontrado: http://dadosabertos.camara.leg.br/arquivos/orgaosDeputados/csv/orgaosDeputados-L27.csv
2026-08-02 03:05:19,259 [WARNING] etl_camara — 404 — não encontrado: http://dadosabertos.camara.leg.br/arquivos/orgaosDeputados/csv/orgaosDeputados-L24.csv
2026-08-02 03:05:19,381 [WARNING] etl_camara — 404 — não encontrado: http://dadosabertos.camara.leg.br/arquivos/orgaosDeputados/csv/orgaosDeputados-L29.csv
2026-08-02 03:05:19,399 [WARNING] etl_camara — 404 — não encontrado: http://dadosabertos.camara.leg.br/arquivos/orgaosDeputados/csv/orgaosDeputados-L37.csv
2026-08-02 03:05:19,447 [WARNING] etl_camara — 404 — não encontrado: http://dadosabertos.camara.leg.br/arquivos/orgaosDeputados/csv/orgaosDeputados-L32.csv
2026-08-02 03:05:19,579 [WARNING] etl_camara — 404 — não encontrado: http://dadosabertos.camara.leg.br/arquivos/orgaosDeputados/csv/orgaosDeputados-L30.csv
2026-08-02 03:05:19,597 [WARNING] etl_camara — 404 — não encontrado: http://dadosabertos.camara.leg.br/arquivos/orgaosDeputados/csv/orgaosDeputados-L40.csv
2026-08-02 03:05:19,645 [WARNING] etl_camara — 404 — não encontrado: http://dadosabertos.camara.leg.br/arquivos/orgaosDeputados/csv/orgaosDeputados-L33.csv
2026-08-02 03:05:19,787 [WARNING] etl_camara — 404 — não encontrado: http://dadosabertos.camara.leg.br/arquivos/orgaosDeputados/csv/orgaosDeputados-L35.csv
2026-08-02 03:05:19,854 [WARNING] etl_camara — 404 — não encontrado: http://dadosabertos.camara.leg.br/arquivos/orgaosDeputados/csv/orgaosDeputados-L34.csv
2026-08-02 03:05:19,912 [WARNING] etl_camara — 404 — não encontrado: http://dadosabertos.camara.leg.br/arquivos/orgaosDeputados/csv/orgaosDeputados-L44.csv
2026-08-02 03:05:19,979 [WARNING] etl_camara — 404 — não encontrado: http://dadosabertos.camara.leg.br/arquivos/orgaosDeputados/csv/orgaosDeputados-L36.csv
2026-08-02 03:05:20,055 [WARNING] etl_camara — 404 — não encontrado: http://dadosabertos.camara.leg.br/arquivos/orgaosDeputados/csv/orgaosDeputados-L38.csv
2026-08-02 03:05:20,153 [WARNING] etl_camara — 404 — não encontrado: http://dadosabertos.camara.leg.br/arquivos/orgaosDeputados/csv/orgaosDeputados-L47.csv
2026-08-02 03:05:20,246 [WARNING] etl_camara — 404 — não encontrado: http://dadosabertos.camara.leg.br/arquivos/orgaosDeputados/csv/orgaosDeputados-L39.csv
2026-08-02 03:05:20,409 [WARNING] etl_camara — 404 — não encontrado: http://dadosabertos.camara.leg.br/arquivos/orgaosDeputados/csv/orgaosDeputados-L50.csv
2026-08-02 03:05:20,447 [WARNING] etl_camara — 404 — não encontrado: http://dadosabertos.camara.leg.br/arquivos/orgaosDeputados/csv/orgaosDeputados-L41.csv
2026-08-02 03:05:20,538 [INFO] etl_camara — → sem alterações (304): orgaosDeputados-L51.csv
2026-08-02 03:05:20,605 [INFO] etl_camara — → sem alterações (304): orgaosDeputados-L52.csv
2026-08-02 03:05:20,648 [WARNING] etl_camara — 404 — não encontrado: http://dadosabertos.camara.leg.br/arquivos/orgaosDeputados/csv/orgaosDeputados-L42.csv
2026-08-02 03:05:20,854 [WARNING] etl_camara — 404 — não encontrado: http://dadosabertos.camara.leg.br/arquivos/orgaosDeputados/csv/orgaosDeputados-L43.csv
2026-08-02 03:05:20,987 [INFO] etl_camara — → sem alterações (304): orgaosDeputados-L56.csv
2026-08-02 03:05:21,046 [WARNING] etl_camara — 404 — não encontrado: http://dadosabertos.camara.leg.br/arquivos/orgaosDeputados/csv/orgaosDeputados-L45.csv
2026-08-02 03:05:21,224 [INFO] etl_camara — → sem alterações (304): Ano-2026.csv.zip
2026-08-02 03:05:21,254 [WARNING] etl_camara — 404 — não encontrado: http://dadosabertos.camara.leg.br/arquivos/orgaosDeputados/csv/orgaosDeputados-L46.csv
2026-08-02 03:05:21,446 [WARNING] etl_camara — 404 — não encontrado: http://dadosabertos.camara.leg.br/arquivos/orgaosDeputados/csv/orgaosDeputados-L48.csv
2026-08-02 03:05:21,654 [WARNING] etl_camara — 404 — não encontrado: http://dadosabertos.camara.leg.br/arquivos/orgaosDeputados/csv/orgaosDeputados-L49.csv
2026-08-02 03:05:21,846 [INFO] etl_camara — → sem alterações (304): orgaosDeputados-L53.csv
2026-08-02 03:05:22,053 [INFO] etl_camara — → sem alterações (304): orgaosDeputados-L54.csv
2026-08-02 03:05:22,249 [INFO] etl_camara — → sem alterações (304): orgaosDeputados-L55.csv
2026-08-02 03:05:22,445 [INFO] etl_camara — → sem alterações (304): orgaosDeputados-L57.csv
2026-08-02 03:05:22,447 [INFO] etl_camara — ━━━━━━━━━━━━━━━━━━━━━━━━━━━━━━━━━━━━━━━━━━━━━━━━━━━━━━━━━━━━
2026-08-02 03:05:22,447 [INFO] etl_camara — 🌊 Onda 2 — 6 datasets | workers=8
2026-08-02 03:05:22,593 [INFO] etl_camara — → sem alterações (304): frentesDeputados.csv
2026-08-02 03:05:22,596 [INFO] etl_camara — → sem alterações (304): votacoesProposicoes-2026.csv
2026-08-02 03:05:22,650 [INFO] etl_camara — → sem alterações (304): gruposMembros.csv
2026-08-02 03:05:22,785 [INFO] etl_camara — → sem alterações (304): votacoesVotos-2026.csv
2026-08-02 03:05:22,795 [INFO] etl_camara — → sem alterações (304): votacoesOrientacoes-2026.csv
2026-08-02 03:05:22,855 [INFO] etl_camara — → sem alterações (304): gruposHistorico.csv
2026-08-02 03:05:22,857 [INFO] etl_camara — ━━━━━━━━━━━━━━━━━━━━━━━━━━━━━━━━━━━━━━━━━━━━━━━━━━━━━━━━━━━━
2026-08-02 03:05:22,858 [INFO] etl_camara — 🏁 ETL concluído — processados: 0 | sem alteração (304): 38 | histórico pulado: 0 | erros: 50 | total: 88
2026-08-02 03:05:22,858 [WARNING] etl_camara — Datasets com falha (50): ['orgaosDeputados_L1', 'orgaosDeputados_L3', 'orgaosDeputados_L8', 'orgaosDeputados_L2', 'orgaosDeputados_L10', 'orgaosDeputados_L4', 'orgaosDeputados_L9', 'orgaosDeputados_L7', 'orgaosDeputados_L5', 'orgaosDeputados_L11', 'orgaosDeputados_L12', 'orgaosDeputados_L6', 'orgaosDeputados_L16', 'orgaosDeputados_L14', 'orgaosDeputados_L13', 'orgaosDeputados_L15', 'orgaosDeputados_L21', 'orgaosDeputados_L17', 'orgaosDeputados_L25', 'orgaosDeputados_L19', 'orgaosDeputados_L18', 'orgaosDeputados_L20', 'orgaosDeputados_L26', 'orgaosDeputados_L22', 'orgaosDeputados_L31', 'orgaosDeputados_L28', 'orgaosDeputados_L23', 'orgaosDeputados_L27', 'orgaosDeputados_L24', 'orgaosDeputados_L29', 'orgaosDeputados_L37', 'orgaosDeputados_L32', 'orgaosDeputados_L30', 'orgaosDeputados_L40', 'orgaosDeputados_L33', 'orgaosDeputados_L35', 'orgaosDeputados_L34', 'orgaosDeputados_L44', 'orgaosDeputados_L36', 'orgaosDeputados_L38', 'orgaosDeputados_L47', 'orgaosDeputados_L39', 'orgaosDeputados_L50', 'orgaosDeputados_L41', 'orgaosDeputados_L42', 'orgaosDeputados_L43', 'orgaosDeputados_L45', 'orgaosDeputados_L46', 'orgaosDeputados_L48', 'orgaosDeputados_L49']
2026-08-02 03:05:22,858 [ERROR] etl_camara — ETL finalizado com 50 dataset(s) em erro — saindo com código 1
2026-08-02 03:10:25,198 [INFO] etl_camara — Banco: postgres:5432/quemvota
2026-08-02 03:10:25,198 [INFO] etl_camara — Cache: etl_cache.json
2026-08-02 03:10:25,198 [INFO] etl_camara — Workers — download: 8 | backfill: 4
2026-08-02 03:10:25,208 [INFO] etl_camara — Iniciando ETL: 88 datasets | anos=[2026] | legislaturas=[1, 2, 3, 4, 5, 6, 7, 8, 9, 10, 11, 12, 13, 14, 15, 16, 17, 18, 19, 20, 21, 22, 23, 24, 25, 26, 27, 28, 29, 30, 31, 32, 33, 34, 35, 36, 37, 38, 39, 40, 41, 42, 43, 44, 45, 46, 47, 48, 49, 50, 51, 52, 53, 54, 55, 56, 57]
2026-08-02 03:10:25,209 [INFO] etl_camara — ━━━━━━━━━━━━━━━━━━━━━━━━━━━━━━━━━━━━━━━━━━━━━━━━━━━━━━━━━━━━
2026-08-02 03:10:25,209 [INFO] etl_camara — 🌊 Onda 0 — 9 datasets | workers=8
2026-08-02 03:10:25,442 [INFO] etl_camara — → sem alterações (304): deputados.csv
2026-08-02 03:10:25,444 [INFO] etl_camara — → sem alterações (304): proposicoes-2026.csv
2026-08-02 03:10:25,460 [INFO] etl_camara — → sem alterações (304): funcionarios.csv
2026-08-02 03:10:25,621 [INFO] etl_camara — → sem alterações (304): tecadCategorias.csv
2026-08-02 03:10:25,641 [INFO] etl_camara — → sem alterações (304): tecadTermos.csv
2026-08-02 03:10:25,828 [INFO] etl_camara — → sem alterações (304): legislaturas.csv
2026-08-02 03:10:26,028 [INFO] etl_camara — → sem alterações (304): orgaos.csv
2026-08-02 03:10:26,235 [INFO] etl_camara — → sem alterações (304): eventos-2026.csv
2026-08-02 03:10:26,430 [INFO] etl_camara — → sem alterações (304): licitacoes-2026.csv
2026-08-02 03:10:26,431 [INFO] etl_camara — ━━━━━━━━━━━━━━━━━━━━━━━━━━━━━━━━━━━━━━━━━━━━━━━━━━━━━━━━━━━━
2026-08-02 03:10:26,432 [INFO] etl_camara — 🌊 Onda 1 — 73 datasets | workers=8
2026-08-02 03:10:26,557 [INFO] etl_camara — → sem alterações (304): eventosOrgaos-2026.csv
2026-08-02 03:10:26,623 [INFO] etl_camara — → sem alterações (304): frentes.csv
2026-08-02 03:10:26,627 [INFO] etl_camara — → sem alterações (304): legislaturasMesas.csv
2026-08-02 03:10:26,767 [INFO] etl_camara — → sem alterações (304): eventosPresencaDeputados-2026.csv
2026-08-02 03:10:26,828 [INFO] etl_camara — → sem alterações (304): eventosRequerimentos-2026.csv
2026-08-02 03:10:26,900 [INFO] etl_camara — → sem alterações (304): licitacoesPedidos-2026.csv
2026-08-02 03:10:26,964 [INFO] etl_camara — → sem alterações (304): deputadosProfissoes.csv
2026-08-02 03:10:27,036 [INFO] etl_camara — → sem alterações (304): deputadosOcupacoes.csv
2026-08-02 03:10:27,096 [INFO] etl_camara — → sem alterações (304): licitacoesPropostas-2026.csv
2026-08-02 03:10:27,168 [INFO] etl_camara — → sem alterações (304): grupos.csv
2026-08-02 03:10:27,221 [INFO] etl_camara — → sem alterações (304): proposicoesAutores-2026.csv
2026-08-02 03:10:27,295 [INFO] etl_camara — → sem alterações (304): licitacoesContratos-2026.csv
2026-08-02 03:10:27,364 [INFO] etl_camara — → sem alterações (304): votacoes-2026.csv
2026-08-02 03:10:27,427 [INFO] etl_camara — → sem alterações (304): proposicoesTemas-2026.csv
2026-08-02 03:10:27,503 [WARNING] etl_camara — 404 — não encontrado: http://dadosabertos.camara.leg.br/arquivos/orgaosDeputados/csv/orgaosDeputados-L4.csv
2026-08-02 03:10:27,557 [WARNING] etl_camara — 404 — não encontrado: http://dadosabertos.camara.leg.br/arquivos/orgaosDeputados/csv/orgaosDeputados-L1.csv
2026-08-02 03:10:27,620 [INFO] etl_camara — → sem alterações (304): licitacoesItens-2026.csv
2026-08-02 03:10:27,695 [WARNING] etl_camara — 404 — não encontrado: http://dadosabertos.camara.leg.br/arquivos/orgaosDeputados/csv/orgaosDeputados-L6.csv
2026-08-02 03:10:27,765 [WARNING] etl_camara — 404 — não encontrado: http://dadosabertos.camara.leg.br/arquivos/orgaosDeputados/csv/orgaosDeputados-L2.csv
2026-08-02 03:10:27,824 [WARNING] etl_camara — 404 — não encontrado: http://dadosabertos.camara.leg.br/arquivos/orgaosDeputados/csv/orgaosDeputados-L3.csv
2026-08-02 03:10:27,903 [WARNING] etl_camara — 404 — não encontrado: http://dadosabertos.camara.leg.br/arquivos/orgaosDeputados/csv/orgaosDeputados-L7.csv
2026-08-02 03:10:27,964 [WARNING] etl_camara — 404 — não encontrado: http://dadosabertos.camara.leg.br/arquivos/orgaosDeputados/csv/orgaosDeputados-L5.csv
2026-08-02 03:10:28,019 [WARNING] etl_camara — 404 — não encontrado: http://dadosabertos.camara.leg.br/arquivos/orgaosDeputados/csv/orgaosDeputados-L9.csv
2026-08-02 03:10:28,103 [WARNING] etl_camara — 404 — não encontrado: http://dadosabertos.camara.leg.br/arquivos/orgaosDeputados/csv/orgaosDeputados-L8.csv
2026-08-02 03:10:28,157 [WARNING] etl_camara — 404 — não encontrado: http://dadosabertos.camara.leg.br/arquivos/orgaosDeputados/csv/orgaosDeputados-L10.csv
2026-08-02 03:10:28,218 [WARNING] etl_camara — 404 — não encontrado: http://dadosabertos.camara.leg.br/arquivos/orgaosDeputados/csv/orgaosDeputados-L11.csv
2026-08-02 03:10:28,296 [WARNING] etl_camara — 404 — não encontrado: http://dadosabertos.camara.leg.br/arquivos/orgaosDeputados/csv/orgaosDeputados-L18.csv
2026-08-02 03:10:28,365 [WARNING] etl_camara — 404 — não encontrado: http://dadosabertos.camara.leg.br/arquivos/orgaosDeputados/csv/orgaosDeputados-L15.csv
2026-08-02 03:10:28,427 [WARNING] etl_camara — 404 — não encontrado: http://dadosabertos.camara.leg.br/arquivos/orgaosDeputados/csv/orgaosDeputados-L12.csv
2026-08-02 03:10:28,505 [WARNING] etl_camara — 404 — não encontrado: http://dadosabertos.camara.leg.br/arquivos/orgaosDeputados/csv/orgaosDeputados-L20.csv
2026-08-02 03:10:28,566 [WARNING] etl_camara — 404 — não encontrado: http://dadosabertos.camara.leg.br/arquivos/orgaosDeputados/csv/orgaosDeputados-L16.csv
2026-08-02 03:10:28,626 [WARNING] etl_camara — 404 — não encontrado: http://dadosabertos.camara.leg.br/arquivos/orgaosDeputados/csv/orgaosDeputados-L13.csv
2026-08-02 03:10:28,704 [WARNING] etl_camara — 404 — não encontrado: http://dadosabertos.camara.leg.br/arquivos/orgaosDeputados/csv/orgaosDeputados-L22.csv
2026-08-02 03:10:28,764 [WARNING] etl_camara — 404 — não encontrado: http://dadosabertos.camara.leg.br/arquivos/orgaosDeputados/csv/orgaosDeputados-L17.csv
2026-08-02 03:10:28,832 [WARNING] etl_camara — 404 — não encontrado: http://dadosabertos.camara.leg.br/arquivos/orgaosDeputados/csv/orgaosDeputados-L14.csv
2026-08-02 03:10:28,904 [WARNING] etl_camara — 404 — não encontrado: http://dadosabertos.camara.leg.br/arquivos/orgaosDeputados/csv/orgaosDeputados-L27.csv
2026-08-02 03:10:28,959 [WARNING] etl_camara — 404 — não encontrado: http://dadosabertos.camara.leg.br/arquivos/orgaosDeputados/csv/orgaosDeputados-L21.csv
2026-08-02 03:10:29,019 [WARNING] etl_camara — 404 — não encontrado: http://dadosabertos.camara.leg.br/arquivos/orgaosDeputados/csv/orgaosDeputados-L19.csv
2026-08-02 03:10:29,112 [WARNING] etl_camara — 404 — não encontrado: http://dadosabertos.camara.leg.br/arquivos/orgaosDeputados/csv/orgaosDeputados-L29.csv
2026-08-02 03:10:29,156 [WARNING] etl_camara — 404 — não encontrado: http://dadosabertos.camara.leg.br/arquivos/orgaosDeputados/csv/orgaosDeputados-L23.csv
2026-08-02 03:10:29,228 [WARNING] etl_camara — 404 — não encontrado: http://dadosabertos.camara.leg.br/arquivos/orgaosDeputados/csv/orgaosDeputados-L24.csv
2026-08-02 03:10:29,305 [WARNING] etl_camara — 404 — não encontrado: http://dadosabertos.camara.leg.br/arquivos/orgaosDeputados/csv/orgaosDeputados-L33.csv
2026-08-02 03:10:29,364 [WARNING] etl_camara — 404 — não encontrado: http://dadosabertos.camara.leg.br/arquivos/orgaosDeputados/csv/orgaosDeputados-L28.csv
2026-08-02 03:10:29,420 [WARNING] etl_camara — 404 — não encontrado: http://dadosabertos.camara.leg.br/arquivos/orgaosDeputados/csv/orgaosDeputados-L25.csv
2026-08-02 03:10:29,506 [WARNING] etl_camara — 404 — não encontrado: http://dadosabertos.camara.leg.br/arquivos/orgaosDeputados/csv/orgaosDeputados-L36.csv
2026-08-02 03:10:29,563 [WARNING] etl_camara — 404 — não encontrado: http://dadosabertos.camara.leg.br/arquivos/orgaosDeputados/csv/orgaosDeputados-L30.csv
2026-08-02 03:10:29,628 [WARNING] etl_camara — 404 — não encontrado: http://dadosabertos.camara.leg.br/arquivos/orgaosDeputados/csv/orgaosDeputados-L26.csv
2026-08-02 03:10:29,731 [WARNING] etl_camara — 404 — não encontrado: http://dadosabertos.camara.leg.br/arquivos/orgaosDeputados/csv/orgaosDeputados-L39.csv
2026-08-02 03:10:29,764 [WARNING] etl_camara — 404 — não encontrado: http://dadosabertos.camara.leg.br/arquivos/orgaosDeputados/csv/orgaosDeputados-L34.csv
2026-08-02 03:10:29,819 [WARNING] etl_camara — 404 — não encontrado: http://dadosabertos.camara.leg.br/arquivos/orgaosDeputados/csv/orgaosDeputados-L31.csv
2026-08-02 03:10:29,966 [WARNING] etl_camara — 404 — não encontrado: http://dadosabertos.camara.leg.br/arquivos/orgaosDeputados/csv/orgaosDeputados-L35.csv
2026-08-02 03:10:30,026 [WARNING] etl_camara — 404 — não encontrado: http://dadosabertos.camara.leg.br/arquivos/orgaosDeputados/csv/orgaosDeputados-L32.csv
2026-08-02 03:10:30,090 [WARNING] etl_camara — 404 — não encontrado: http://dadosabertos.camara.leg.br/arquivos/orgaosDeputados/csv/orgaosDeputados-L44.csv
2026-08-02 03:10:30,163 [WARNING] etl_camara — 404 — não encontrado: http://dadosabertos.camara.leg.br/arquivos/orgaosDeputados/csv/orgaosDeputados-L40.csv
2026-08-02 03:10:30,227 [WARNING] etl_camara — 404 — não encontrado: http://dadosabertos.camara.leg.br/arquivos/orgaosDeputados/csv/orgaosDeputados-L37.csv
2026-08-02 03:10:30,313 [WARNING] etl_camara — 404 — não encontrado: http://dadosabertos.camara.leg.br/arquivos/orgaosDeputados/csv/orgaosDeputados-L47.csv
2026-08-02 03:10:30,358 [WARNING] etl_camara — 404 — não encontrado: http://dadosabertos.camara.leg.br/arquivos/orgaosDeputados/csv/orgaosDeputados-L41.csv
2026-08-02 03:10:30,421 [WARNING] etl_camara — 404 — não encontrado: http://dadosabertos.camara.leg.br/arquivos/orgaosDeputados/csv/orgaosDeputados-L38.csv
2026-08-02 03:10:30,543 [INFO] etl_camara — → sem alterações (304): orgaosDeputados-L51.csv
2026-08-02 03:10:30,566 [WARNING] etl_camara — 404 — não encontrado: http://dadosabertos.camara.leg.br/arquivos/orgaosDeputados/csv/orgaosDeputados-L46.csv
2026-08-02 03:10:30,619 [WARNING] etl_camara — 404 — não encontrado: http://dadosabertos.camara.leg.br/arquivos/orgaosDeputados/csv/orgaosDeputados-L42.csv
2026-08-02 03:10:30,749 [INFO] etl_camara — → sem alterações (304): orgaosDeputados-L54.csv
2026-08-02 03:10:30,823 [WARNING] etl_camara — 404 — não encontrado: http://dadosabertos.camara.leg.br/arquivos/orgaosDeputados/csv/orgaosDeputados-L43.csv
2026-08-02 03:10:30,945 [INFO] etl_camara — → sem alterações (304): orgaosDeputados-L56.csv
2026-08-02 03:10:31,023 [WARNING] etl_camara — 404 — não encontrado: http://dadosabertos.camara.leg.br/arquivos/orgaosDeputados/csv/orgaosDeputados-L45.csv
2026-08-02 03:10:31,095 [INFO] etl_camara — → sem alterações (304): orgaosDeputados-L57.csv
2026-08-02 03:10:31,207 [INFO] etl_camara — → sem alterações (304): Ano-2026.csv.zip
2026-08-02 03:10:31,234 [WARNING] etl_camara — 404 — não encontrado: http://dadosabertos.camara.leg.br/arquivos/orgaosDeputados/csv/orgaosDeputados-L48.csv
2026-08-02 03:10:31,428 [WARNING] etl_camara — 404 — não encontrado: http://dadosabertos.camara.leg.br/arquivos/orgaosDeputados/csv/orgaosDeputados-L49.csv
2026-08-02 03:10:31,620 [WARNING] etl_camara — 404 — não encontrado: http://dadosabertos.camara.leg.br/arquivos/orgaosDeputados/csv/orgaosDeputados-L50.csv
2026-08-02 03:10:31,822 [INFO] etl_camara — → sem alterações (304): orgaosDeputados-L52.csv
2026-08-02 03:10:32,027 [INFO] etl_camara — → sem alterações (304): orgaosDeputados-L53.csv
2026-08-02 03:10:32,221 [INFO] etl_camara — → sem alterações (304): orgaosDeputados-L55.csv
2026-08-02 03:10:32,223 [INFO] etl_camara — ━━━━━━━━━━━━━━━━━━━━━━━━━━━━━━━━━━━━━━━━━━━━━━━━━━━━━━━━━━━━
2026-08-02 03:10:32,224 [INFO] etl_camara — 🌊 Onda 2 — 6 datasets | workers=8
2026-08-02 03:10:32,392 [INFO] etl_camara — → sem alterações (304): gruposMembros.csv
2026-08-02 03:10:32,392 [INFO] etl_camara — → sem alterações (304): votacoesVotos-2026.csv
2026-08-02 03:10:32,421 [INFO] etl_camara — → sem alterações (304): gruposHistorico.csv
2026-08-02 03:10:32,621 [INFO] etl_camara — → sem alterações (304): votacoesOrientacoes-2026.csv
2026-08-02 03:10:32,820 [INFO] etl_camara — → sem alterações (304): votacoesProposicoes-2026.csv
2026-08-02 03:10:33,029 [INFO] etl_camara — → sem alterações (304): frentesDeputados.csv
2026-08-02 03:10:33,031 [INFO] etl_camara — ━━━━━━━━━━━━━━━━━━━━━━━━━━━━━━━━━━━━━━━━━━━━━━━━━━━━━━━━━━━━
2026-08-02 03:10:33,031 [INFO] etl_camara — 🏁 ETL concluído — processados: 0 | sem alteração (304): 38 | histórico pulado: 0 | erros: 50 | total: 88
2026-08-02 03:10:33,031 [WARNING] etl_camara — Datasets com falha (50): ['orgaosDeputados_L4', 'orgaosDeputados_L1', 'orgaosDeputados_L6', 'orgaosDeputados_L2', 'orgaosDeputados_L3', 'orgaosDeputados_L7', 'orgaosDeputados_L5', 'orgaosDeputados_L9', 'orgaosDeputados_L8', 'orgaosDeputados_L10', 'orgaosDeputados_L11', 'orgaosDeputados_L18', 'orgaosDeputados_L15', 'orgaosDeputados_L12', 'orgaosDeputados_L20', 'orgaosDeputados_L16', 'orgaosDeputados_L13', 'orgaosDeputados_L22', 'orgaosDeputados_L17', 'orgaosDeputados_L14', 'orgaosDeputados_L27', 'orgaosDeputados_L21', 'orgaosDeputados_L19', 'orgaosDeputados_L29', 'orgaosDeputados_L23', 'orgaosDeputados_L24', 'orgaosDeputados_L33', 'orgaosDeputados_L28', 'orgaosDeputados_L25', 'orgaosDeputados_L36', 'orgaosDeputados_L30', 'orgaosDeputados_L26', 'orgaosDeputados_L39', 'orgaosDeputados_L34', 'orgaosDeputados_L31', 'orgaosDeputados_L35', 'orgaosDeputados_L32', 'orgaosDeputados_L44', 'orgaosDeputados_L40', 'orgaosDeputados_L37', 'orgaosDeputados_L47', 'orgaosDeputados_L41', 'orgaosDeputados_L38', 'orgaosDeputados_L46', 'orgaosDeputados_L42', 'orgaosDeputados_L43', 'orgaosDeputados_L45', 'orgaosDeputados_L48', 'orgaosDeputados_L49', 'orgaosDeputados_L50']
2026-08-02 03:10:33,031 [ERROR] etl_camara — ETL finalizado com 50 dataset(s) em erro — saindo com código 1
2026-08-03 03:00:03,843 [INFO] etl_camara — Banco: postgres:5432/quemvota
2026-08-03 03:00:03,844 [INFO] etl_camara — Cache: etl_cache.json
2026-08-03 03:00:03,844 [INFO] etl_camara — Workers — download: 8 | backfill: 4
2026-08-03 03:00:03,854 [INFO] etl_camara — Iniciando ETL: 88 datasets | anos=[2026] | legislaturas=[1, 2, 3, 4, 5, 6, 7, 8, 9, 10, 11, 12, 13, 14, 15, 16, 17, 18, 19, 20, 21, 22, 23, 24, 25, 26, 27, 28, 29, 30, 31, 32, 33, 34, 35, 36, 37, 38, 39, 40, 41, 42, 43, 44, 45, 46, 47, 48, 49, 50, 51, 52, 53, 54, 55, 56, 57]
2026-08-03 03:00:03,855 [INFO] etl_camara — ━━━━━━━━━━━━━━━━━━━━━━━━━━━━━━━━━━━━━━━━━━━━━━━━━━━━━━━━━━━━
2026-08-03 03:00:03,855 [INFO] etl_camara — 🌊 Onda 0 — 9 datasets | workers=8
2026-08-03 03:00:04,090 [INFO] etl_camara — ✔ tecadCategorias.csv (79 linhas)
2026-08-03 03:00:04,156 [INFO] etl_camara —   upsert tecadCategorias → 79 registros
2026-08-03 03:00:04,318 [INFO] etl_camara — ✔ funcionarios.csv (15561 linhas)
2026-08-03 03:00:04,363 [INFO] etl_camara — ✔ licitacoes-2026.csv (98 linhas)
2026-08-03 03:00:04,486 [INFO] etl_camara —   upsert licitacoes_2026 → 98 registros
2026-08-03 03:00:04,699 [INFO] etl_camara — ✔ legislaturas.csv (57 linhas)
2026-08-03 03:00:04,745 [INFO] etl_camara — ✔ orgaos.csv (3866 linhas)
2026-08-03 03:00:04,867 [INFO] etl_camara —   upsert legislaturas → 57 registros
2026-08-03 03:00:05,086 [INFO] etl_camara — ✔ eventos-2026.csv (1444 linhas)
2026-08-03 03:00:05,213 [INFO] etl_camara — ✔ deputados.csv (7889 linhas)
2026-08-03 03:00:06,107 [INFO] etl_camara —   upsert eventos_2026 → 1444 registros
2026-08-03 03:00:07,101 [INFO] etl_camara —   upsert orgaos → 3866 registros
2026-08-03 03:00:08,855 [INFO] etl_camara —   upsert funcionarios → 15556 registros
2026-08-03 03:00:09,345 [INFO] etl_camara — ✔ tecadTermos.csv (80579 linhas)
2026-08-03 03:00:09,366 [INFO] etl_camara —   upsert deputados → 7889 registros
2026-08-03 03:00:11,680 [INFO] etl_camara — ✔ proposicoes-2026.csv (40330 linhas)
2026-08-03 03:00:30,331 [INFO] etl_camara —   upsert tecadTermos → 80579 registros
2026-08-03 03:00:38,634 [INFO] etl_camara —   upsert proposicoes_2026 → 40330 registros
2026-08-03 03:00:38,668 [INFO] etl_camara — ━━━━━━━━━━━━━━━━━━━━━━━━━━━━━━━━━━━━━━━━━━━━━━━━━━━━━━━━━━━━
2026-08-03 03:00:38,668 [INFO] etl_camara — 🌊 Onda 1 — 73 datasets | workers=8
2026-08-03 03:00:38,868 [INFO] etl_camara — ✔ eventosOrgaos-2026.csv (1444 linhas)
2026-08-03 03:00:38,883 [INFO] etl_camara — ✔ grupos.csv (118 linhas)
2026-08-03 03:00:38,942 [INFO] etl_camara — ✔ legislaturasMesas.csv (177 linhas)
2026-08-03 03:00:38,957 [INFO] etl_camara —   upsert grupos → 118 registros
2026-08-03 03:00:39,029 [INFO] etl_camara —   upsert legislaturasMesas → 177 registros
2026-08-03 03:00:39,136 [INFO] etl_camara — ✔ deputadosProfissoes.csv (12594 linhas)
2026-08-03 03:00:39,217 [INFO] etl_camara — ✔ frentes.csv (1443 linhas)
2026-08-03 03:00:39,366 [INFO] etl_camara — ✔ eventosRequerimentos-2026.csv (841 linhas)
2026-08-03 03:00:39,722 [INFO] etl_camara — ✔ deputadosOcupacoes.csv (37493 linhas)
2026-08-03 03:00:39,986 [INFO] etl_camara — ✔ proposicoesTemas-2026.csv (21225 linhas)
2026-08-03 03:00:40,734 [INFO] etl_camara — ✔ proposicoesAutores-2026.csv (50597 linhas)
2026-08-03 03:00:41,436 [INFO] etl_camara — ✔ eventosPresencaDeputados-2026.csv (52884 linhas)
2026-08-03 03:00:42,969 [INFO] etl_camara —   FK-insert eventosRequerimentos_2026 → 841 registros
2026-08-03 03:00:43,537 [INFO] etl_camara — ✔ votacoes-2026.csv (6528 linhas)
2026-08-03 03:00:44,770 [INFO] etl_camara —   FK-insert frentes → 1443 registros
2026-08-03 03:00:44,894 [INFO] etl_camara —   FK-insert eventosOrgaos_2026 → 1444 registros
2026-08-03 03:00:45,053 [INFO] etl_camara — ✔ licitacoesPedidos-2026.csv (97 linhas)
2026-08-03 03:00:45,225 [INFO] etl_camara —   FK-insert licitacoesPedidos_2026 → 97 registros
2026-08-03 03:00:45,252 [INFO] etl_camara — ✔ licitacoesPropostas-2026.csv (287 linhas)
2026-08-03 03:00:45,597 [INFO] etl_camara — ✔ licitacoesItens-2026.csv (740 linhas)
2026-08-03 03:00:45,709 [INFO] etl_camara —   FK-insert licitacoesPropostas_2026 → 287 registros
2026-08-03 03:00:45,941 [INFO] etl_camara — ✔ licitacoesContratos-2026.csv (38 linhas)
2026-08-03 03:00:46,058 [INFO] etl_camara —   FK-insert licitacoesContratos_2026 → 38 registros
2026-08-03 03:00:46,213 [WARNING] etl_camara — 404 — não encontrado: http://dadosabertos.camara.leg.br/arquivos/orgaosDeputados/csv/orgaosDeputados-L1.csv
2026-08-03 03:00:46,440 [WARNING] etl_camara — 404 — não encontrado: http://dadosabertos.camara.leg.br/arquivos/orgaosDeputados/csv/orgaosDeputados-L2.csv
2026-08-03 03:00:46,621 [WARNING] etl_camara — 404 — não encontrado: http://dadosabertos.camara.leg.br/arquivos/orgaosDeputados/csv/orgaosDeputados-L3.csv
2026-08-03 03:00:46,794 [INFO] etl_camara —   FK-insert licitacoesItens_2026 → 740 registros
2026-08-03 03:00:46,812 [WARNING] etl_camara — 404 — não encontrado: http://dadosabertos.camara.leg.br/arquivos/orgaosDeputados/csv/orgaosDeputados-L4.csv
2026-08-03 03:00:46,953 [WARNING] etl_camara — 404 — não encontrado: http://dadosabertos.camara.leg.br/arquivos/orgaosDeputados/csv/orgaosDeputados-L6.csv
2026-08-03 03:00:47,012 [WARNING] etl_camara — 404 — não encontrado: http://dadosabertos.camara.leg.br/arquivos/orgaosDeputados/csv/orgaosDeputados-L5.csv
2026-08-03 03:00:47,148 [WARNING] etl_camara — 404 — não encontrado: http://dadosabertos.camara.leg.br/arquivos/orgaosDeputados/csv/orgaosDeputados-L8.csv
2026-08-03 03:00:47,228 [WARNING] etl_camara — 404 — não encontrado: http://dadosabertos.camara.leg.br/arquivos/orgaosDeputados/csv/orgaosDeputados-L7.csv
2026-08-03 03:00:47,352 [WARNING] etl_camara — 404 — não encontrado: http://dadosabertos.camara.leg.br/arquivos/orgaosDeputados/csv/orgaosDeputados-L9.csv
2026-08-03 03:00:47,402 [WARNING] etl_camara — 404 — não encontrado: http://dadosabertos.camara.leg.br/arquivos/orgaosDeputados/csv/orgaosDeputados-L10.csv
2026-08-03 03:00:47,489 [WARNING] etl_camara — 404 — não encontrado: http://dadosabertos.camara.leg.br/arquivos/orgaosDeputados/csv/orgaosDeputados-L11.csv
2026-08-03 03:00:47,689 [WARNING] etl_camara — 404 — não encontrado: http://dadosabertos.camara.leg.br/arquivos/orgaosDeputados/csv/orgaosDeputados-L12.csv
2026-08-03 03:00:47,896 [WARNING] etl_camara — 404 — não encontrado: http://dadosabertos.camara.leg.br/arquivos/orgaosDeputados/csv/orgaosDeputados-L13.csv
2026-08-03 03:00:48,041 [WARNING] etl_camara — 404 — não encontrado: http://dadosabertos.camara.leg.br/arquivos/orgaosDeputados/csv/orgaosDeputados-L15.csv
2026-08-03 03:00:48,093 [WARNING] etl_camara — 404 — não encontrado: http://dadosabertos.camara.leg.br/arquivos/orgaosDeputados/csv/orgaosDeputados-L14.csv
2026-08-03 03:00:48,249 [WARNING] etl_camara — 404 — não encontrado: http://dadosabertos.camara.leg.br/arquivos/orgaosDeputados/csv/orgaosDeputados-L16.csv
2026-08-03 03:00:48,420 [WARNING] etl_camara — 404 — não encontrado: http://dadosabertos.camara.leg.br/arquivos/orgaosDeputados/csv/orgaosDeputados-L18.csv
2026-08-03 03:00:48,452 [WARNING] etl_camara — 404 — não encontrado: http://dadosabertos.camara.leg.br/arquivos/orgaosDeputados/csv/orgaosDeputados-L17.csv
2026-08-03 03:00:48,581 [WARNING] etl_camara — 404 — não encontrado: http://dadosabertos.camara.leg.br/arquivos/orgaosDeputados/csv/orgaosDeputados-L19.csv
2026-08-03 03:00:48,641 [WARNING] etl_camara — 404 — não encontrado: http://dadosabertos.camara.leg.br/arquivos/orgaosDeputados/csv/orgaosDeputados-L20.csv
2026-08-03 03:00:48,732 [WARNING] etl_camara — 404 — não encontrado: http://dadosabertos.camara.leg.br/arquivos/orgaosDeputados/csv/orgaosDeputados-L21.csv
2026-08-03 03:00:48,840 [WARNING] etl_camara — 404 — não encontrado: http://dadosabertos.camara.leg.br/arquivos/orgaosDeputados/csv/orgaosDeputados-L22.csv
2026-08-03 03:00:48,932 [WARNING] etl_camara — 404 — não encontrado: http://dadosabertos.camara.leg.br/arquivos/orgaosDeputados/csv/orgaosDeputados-L23.csv
2026-08-03 03:00:49,173 [WARNING] etl_camara — 404 — não encontrado: http://dadosabertos.camara.leg.br/arquivos/orgaosDeputados/csv/orgaosDeputados-L24.csv
2026-08-03 03:00:49,342 [WARNING] etl_camara — 404 — não encontrado: http://dadosabertos.camara.leg.br/arquivos/orgaosDeputados/csv/orgaosDeputados-L25.csv
2026-08-03 03:00:49,353 [WARNING] etl_camara — 404 — não encontrado: http://dadosabertos.camara.leg.br/arquivos/orgaosDeputados/csv/orgaosDeputados-L26.csv
2026-08-03 03:00:49,488 [WARNING] etl_camara — 404 — não encontrado: http://dadosabertos.camara.leg.br/arquivos/orgaosDeputados/csv/orgaosDeputados-L27.csv
2026-08-03 03:00:49,559 [WARNING] etl_camara — 404 — não encontrado: http://dadosabertos.camara.leg.br/arquivos/orgaosDeputados/csv/orgaosDeputados-L28.csv
2026-08-03 03:00:49,637 [WARNING] etl_camara — 404 — não encontrado: http://dadosabertos.camara.leg.br/arquivos/orgaosDeputados/csv/orgaosDeputados-L29.csv
2026-08-03 03:00:49,724 [WARNING] etl_camara — 404 — não encontrado: http://dadosabertos.camara.leg.br/arquivos/orgaosDeputados/csv/orgaosDeputados-L30.csv
2026-08-03 03:00:49,891 [WARNING] etl_camara — 404 — não encontrado: http://dadosabertos.camara.leg.br/arquivos/orgaosDeputados/csv/orgaosDeputados-L32.csv
2026-08-03 03:00:49,941 [WARNING] etl_camara — 404 — não encontrado: http://dadosabertos.camara.leg.br/arquivos/orgaosDeputados/csv/orgaosDeputados-L31.csv
2026-08-03 03:00:50,094 [WARNING] etl_camara — 404 — não encontrado: http://dadosabertos.camara.leg.br/arquivos/orgaosDeputados/csv/orgaosDeputados-L33.csv
2026-08-03 03:00:50,114 [WARNING] etl_camara — 404 — não encontrado: http://dadosabertos.camara.leg.br/arquivos/orgaosDeputados/csv/orgaosDeputados-L34.csv
2026-08-03 03:00:50,292 [WARNING] etl_camara — 404 — não encontrado: http://dadosabertos.camara.leg.br/arquivos/orgaosDeputados/csv/orgaosDeputados-L36.csv
2026-08-03 03:00:50,313 [WARNING] etl_camara — 404 — não encontrado: http://dadosabertos.camara.leg.br/arquivos/orgaosDeputados/csv/orgaosDeputados-L35.csv
2026-08-03 03:00:50,486 [WARNING] etl_camara — 404 — não encontrado: http://dadosabertos.camara.leg.br/arquivos/orgaosDeputados/csv/orgaosDeputados-L38.csv
2026-08-03 03:00:50,505 [WARNING] etl_camara — 404 — não encontrado: http://dadosabertos.camara.leg.br/arquivos/orgaosDeputados/csv/orgaosDeputados-L37.csv
2026-08-03 03:00:50,676 [WARNING] etl_camara — 404 — não encontrado: http://dadosabertos.camara.leg.br/arquivos/orgaosDeputados/csv/orgaosDeputados-L39.csv
2026-08-03 03:00:50,886 [WARNING] etl_camara — 404 — não encontrado: http://dadosabertos.camara.leg.br/arquivos/orgaosDeputados/csv/orgaosDeputados-L40.csv
2026-08-03 03:00:51,045 [WARNING] etl_camara — 404 — não encontrado: http://dadosabertos.camara.leg.br/arquivos/orgaosDeputados/csv/orgaosDeputados-L42.csv
2026-08-03 03:00:51,083 [WARNING] etl_camara — 404 — não encontrado: http://dadosabertos.camara.leg.br/arquivos/orgaosDeputados/csv/orgaosDeputados-L41.csv
2026-08-03 03:00:51,205 [WARNING] etl_camara — 404 — não encontrado: http://dadosabertos.camara.leg.br/arquivos/orgaosDeputados/csv/orgaosDeputados-L43.csv
2026-08-03 03:00:51,342 [WARNING] etl_camara — 404 — não encontrado: http://dadosabertos.camara.leg.br/arquivos/orgaosDeputados/csv/orgaosDeputados-L45.csv
2026-08-03 03:00:51,397 [WARNING] etl_camara — 404 — não encontrado: http://dadosabertos.camara.leg.br/arquivos/orgaosDeputados/csv/orgaosDeputados-L44.csv
2026-08-03 03:00:51,584 [WARNING] etl_camara — 404 — não encontrado: http://dadosabertos.camara.leg.br/arquivos/orgaosDeputados/csv/orgaosDeputados-L47.csv
2026-08-03 03:00:51,597 [WARNING] etl_camara — 404 — não encontrado: http://dadosabertos.camara.leg.br/arquivos/orgaosDeputados/csv/orgaosDeputados-L46.csv
2026-08-03 03:00:51,769 [WARNING] etl_camara — 404 — não encontrado: http://dadosabertos.camara.leg.br/arquivos/orgaosDeputados/csv/orgaosDeputados-L49.csv
2026-08-03 03:00:51,785 [WARNING] etl_camara — 404 — não encontrado: http://dadosabertos.camara.leg.br/arquivos/orgaosDeputados/csv/orgaosDeputados-L48.csv
2026-08-03 03:00:51,924 [WARNING] etl_camara — 404 — não encontrado: http://dadosabertos.camara.leg.br/arquivos/orgaosDeputados/csv/orgaosDeputados-L50.csv
2026-08-03 03:00:52,314 [INFO] etl_camara — ✔ orgaosDeputados-L51.csv (12158 linhas)
2026-08-03 03:00:52,654 [INFO] etl_camara — ✔ orgaosDeputados-L52.csv (12512 linhas)
2026-08-03 03:01:01,051 [INFO] etl_camara —   FK-insert deputadosProfissoes → 12594 registros
2026-08-03 03:01:01,556 [INFO] etl_camara — ✔ orgaosDeputados-L53.csv (10994 linhas)
2026-08-03 03:01:02,655 [INFO] etl_camara —   FK-insert votacoes_2026 → 6528 registros
2026-08-03 03:01:03,240 [INFO] etl_camara — ✔ orgaosDeputados-L54.csv (13591 linhas)
2026-08-03 03:01:18,345 [INFO] etl_camara —   FK-insert orgaosDeputados_L51 → 12158 registros
2026-08-03 03:01:18,975 [INFO] etl_camara — ✔ orgaosDeputados-L55.csv (17815 linhas)
2026-08-03 03:01:21,186 [INFO] etl_camara —   FK-insert orgaosDeputados_L52 → 12512 registros
2026-08-03 03:01:21,760 [INFO] etl_camara — ✔ orgaosDeputados-L56.csv (14519 linhas)
2026-08-03 03:01:26,914 [INFO] etl_camara —   FK-insert orgaosDeputados_L53 → 10994 registros
2026-08-03 03:01:27,423 [INFO] etl_camara — ✔ orgaosDeputados-L57.csv (13230 linhas)
2026-08-03 03:01:31,902 [INFO] etl_camara —   FK-insert deputadosOcupacoes → 33058 registros
2026-08-03 03:01:33,130 [INFO] etl_camara — ✔ Ano-2026.csv.zip (87818 linhas)
2026-08-03 03:01:38,080 [INFO] etl_camara —   FK-insert orgaosDeputados_L54 → 13591 registros
2026-08-03 03:01:44,693 [INFO] etl_camara —   FK-insert proposicoesTemas_2026 → 21225 registros
2026-08-03 03:01:52,976 [INFO] etl_camara —   FK-insert orgaosDeputados_L56 → 14519 registros
2026-08-03 03:01:54,856 [INFO] etl_camara —   FK-insert orgaosDeputados_L57 → 13230 registros
2026-08-03 03:01:55,791 [INFO] etl_camara —   FK-insert orgaosDeputados_L55 → 17815 registros
2026-08-03 03:02:06,031 [INFO] etl_camara —   FK-insert eventosPresenca_2026 → 52884 registros
2026-08-03 03:02:26,368 [INFO] etl_camara —   FK-insert proposicoesAutores_2026 → 50597 registros
2026-08-03 03:03:30,147 [INFO] etl_camara —   FK-insert cotas_2026 → 87365 registros
2026-08-03 03:03:30,190 [INFO] etl_camara — ━━━━━━━━━━━━━━━━━━━━━━━━━━━━━━━━━━━━━━━━━━━━━━━━━━━━━━━━━━━━
2026-08-03 03:03:30,190 [INFO] etl_camara — 🌊 Onda 2 — 6 datasets | workers=8
2026-08-03 03:03:30,402 [INFO] etl_camara — ✔ votacoesOrientacoes-2026.csv (1734 linhas)
2026-08-03 03:03:30,418 [INFO] etl_camara — ✔ gruposHistorico.csv (412 linhas)
2026-08-03 03:03:30,479 [INFO] etl_camara — ✔ gruposMembros.csv (7091 linhas)
2026-08-03 03:03:30,761 [INFO] etl_camara — ✔ votacoesProposicoes-2026.csv (4943 linhas)
2026-08-03 03:03:31,008 [INFO] etl_camara —   FK-insert gruposHistorico → 412 registros
2026-08-03 03:03:31,341 [INFO] etl_camara — ✔ votacoesVotos-2026.csv (48645 linhas)
2026-08-03 03:03:32,819 [INFO] etl_camara —   FK-insert votacoesOrientacoes_2026 → 1734 registros
2026-08-03 03:03:35,051 [INFO] etl_camara —   FK-insert votacoesObjetos_2026 → 4943 registros
2026-08-03 03:03:36,137 [INFO] etl_camara —   FK-insert gruposMembros → 7091 registros
2026-08-03 03:03:36,812 [INFO] etl_camara — ✔ frentesDeputados.csv (262257 linhas)
2026-08-03 03:04:02,834 [INFO] etl_camara —   FK-insert votacoesVotos_2026 → 48645 registros
2026-08-03 03:08:46,947 [INFO] etl_camara —   FK-insert frentesDeputados → 262257 registros
2026-08-03 03:08:46,977 [INFO] etl_camara — ━━━━━━━━━━━━━━━━━━━━━━━━━━━━━━━━━━━━━━━━━━━━━━━━━━━━━━━━━━━━
2026-08-03 03:08:46,977 [INFO] etl_camara — 🏁 ETL concluído — processados: 38 | sem alteração (304): 0 | histórico pulado: 0 | erros: 50 | total: 88
2026-08-03 03:08:46,977 [WARNING] etl_camara — Datasets com falha (50): ['orgaosDeputados_L1', 'orgaosDeputados_L2', 'orgaosDeputados_L3', 'orgaosDeputados_L4', 'orgaosDeputados_L6', 'orgaosDeputados_L5', 'orgaosDeputados_L8', 'orgaosDeputados_L7', 'orgaosDeputados_L9', 'orgaosDeputados_L10', 'orgaosDeputados_L11', 'orgaosDeputados_L12', 'orgaosDeputados_L13', 'orgaosDeputados_L15', 'orgaosDeputados_L14', 'orgaosDeputados_L16', 'orgaosDeputados_L18', 'orgaosDeputados_L17', 'orgaosDeputados_L19', 'orgaosDeputados_L20', 'orgaosDeputados_L21', 'orgaosDeputados_L22', 'orgaosDeputados_L23', 'orgaosDeputados_L24', 'orgaosDeputados_L25', 'orgaosDeputados_L26', 'orgaosDeputados_L27', 'orgaosDeputados_L28', 'orgaosDeputados_L29', 'orgaosDeputados_L30', 'orgaosDeputados_L32', 'orgaosDeputados_L31', 'orgaosDeputados_L33', 'orgaosDeputados_L34', 'orgaosDeputados_L36', 'orgaosDeputados_L35', 'orgaosDeputados_L38', 'orgaosDeputados_L37', 'orgaosDeputados_L39', 'orgaosDeputados_L40', 'orgaosDeputados_L42', 'orgaosDeputados_L41', 'orgaosDeputados_L43', 'orgaosDeputados_L45', 'orgaosDeputados_L44', 'orgaosDeputados_L47', 'orgaosDeputados_L46', 'orgaosDeputados_L49', 'orgaosDeputados_L48', 'orgaosDeputados_L50']
2026-08-03 03:08:46,977 [ERROR] etl_camara — ETL finalizado com 50 dataset(s) em erro — saindo com código 1
2026-08-03 03:13:49,027 [INFO] etl_camara — Banco: postgres:5432/quemvota
2026-08-03 03:13:49,027 [INFO] etl_camara — Cache: etl_cache.json
2026-08-03 03:13:49,027 [INFO] etl_camara — Workers — download: 8 | backfill: 4
2026-08-03 03:13:49,039 [INFO] etl_camara — Iniciando ETL: 88 datasets | anos=[2026] | legislaturas=[1, 2, 3, 4, 5, 6, 7, 8, 9, 10, 11, 12, 13, 14, 15, 16, 17, 18, 19, 20, 21, 22, 23, 24, 25, 26, 27, 28, 29, 30, 31, 32, 33, 34, 35, 36, 37, 38, 39, 40, 41, 42, 43, 44, 45, 46, 47, 48, 49, 50, 51, 52, 53, 54, 55, 56, 57]
2026-08-03 03:13:49,039 [INFO] etl_camara — ━━━━━━━━━━━━━━━━━━━━━━━━━━━━━━━━━━━━━━━━━━━━━━━━━━━━━━━━━━━━
2026-08-03 03:13:49,040 [INFO] etl_camara — 🌊 Onda 0 — 9 datasets | workers=8
2026-08-03 03:13:49,597 [INFO] etl_camara — → sem alterações (304): legislaturas.csv
2026-08-03 03:13:49,603 [INFO] etl_camara — → sem alterações (304): proposicoes-2026.csv
2026-08-03 03:13:49,617 [INFO] etl_camara — → sem alterações (304): tecadCategorias.csv
2026-08-03 03:13:49,802 [INFO] etl_camara — → sem alterações (304): funcionarios.csv
2026-08-03 03:13:49,809 [INFO] etl_camara — → sem alterações (304): orgaos.csv
2026-08-03 03:13:49,817 [INFO] etl_camara — → sem alterações (304): eventos-2026.csv
2026-08-03 03:13:50,006 [INFO] etl_camara — → sem alterações (304): deputados.csv
2026-08-03 03:13:50,009 [INFO] etl_camara — → sem alterações (304): tecadTermos.csv
2026-08-03 03:13:50,210 [INFO] etl_camara — → sem alterações (304): licitacoes-2026.csv
2026-08-03 03:13:50,212 [INFO] etl_camara — ━━━━━━━━━━━━━━━━━━━━━━━━━━━━━━━━━━━━━━━━━━━━━━━━━━━━━━━━━━━━
2026-08-03 03:13:50,212 [INFO] etl_camara — 🌊 Onda 1 — 73 datasets | workers=8
2026-08-03 03:13:50,329 [INFO] etl_camara — → sem alterações (304): grupos.csv
2026-08-03 03:13:50,402 [INFO] etl_camara — → sem alterações (304): eventosOrgaos-2026.csv
2026-08-03 03:13:50,530 [INFO] etl_camara — → sem alterações (304): legislaturasMesas.csv
2026-08-03 03:13:50,603 [INFO] etl_camara — → sem alterações (304): deputadosProfissoes.csv
2026-08-03 03:13:50,694 [INFO] etl_camara — → sem alterações (304): votacoes-2026.csv
2026-08-03 03:13:50,738 [INFO] etl_camara — → sem alterações (304): eventosRequerimentos-2026.csv
2026-08-03 03:13:50,803 [INFO] etl_camara — → sem alterações (304): proposicoesTemas-2026.csv
2026-08-03 03:13:50,893 [INFO] etl_camara — → sem alterações (304): licitacoesPropostas-2026.csv
2026-08-03 03:13:50,945 [INFO] etl_camara — → sem alterações (304): eventosPresencaDeputados-2026.csv
2026-08-03 03:13:51,011 [INFO] etl_camara — → sem alterações (304): licitacoesPedidos-2026.csv
2026-08-03 03:13:51,085 [WARNING] etl_camara — 404 — não encontrado: http://dadosabertos.camara.leg.br/arquivos/orgaosDeputados/csv/orgaosDeputados-L1.csv
2026-08-03 03:13:51,202 [INFO] etl_camara — → sem alterações (304): licitacoesContratos-2026.csv
2026-08-03 03:13:51,285 [WARNING] etl_camara — 404 — não encontrado: http://dadosabertos.camara.leg.br/arquivos/orgaosDeputados/csv/orgaosDeputados-L4.csv
2026-08-03 03:13:51,334 [INFO] etl_camara — ✔ frentes.csv (1443 linhas)
2026-08-03 03:13:51,338 [INFO] etl_camara — → sem alterações (304): deputadosOcupacoes.csv
2026-08-03 03:13:51,403 [WARNING] etl_camara — 404 — não encontrado: http://dadosabertos.camara.leg.br/arquivos/orgaosDeputados/csv/orgaosDeputados-L2.csv
2026-08-03 03:13:51,487 [WARNING] etl_camara — 404 — não encontrado: http://dadosabertos.camara.leg.br/arquivos/orgaosDeputados/csv/orgaosDeputados-L5.csv
2026-08-03 03:13:51,530 [INFO] etl_camara — → sem alterações (304): proposicoesAutores-2026.csv
2026-08-03 03:13:51,635 [WARNING] etl_camara — 404 — não encontrado: http://dadosabertos.camara.leg.br/arquivos/orgaosDeputados/csv/orgaosDeputados-L3.csv
2026-08-03 03:13:51,685 [WARNING] etl_camara — 404 — não encontrado: http://dadosabertos.camara.leg.br/arquivos/orgaosDeputados/csv/orgaosDeputados-L6.csv
2026-08-03 03:13:51,729 [INFO] etl_camara — → sem alterações (304): licitacoesItens-2026.csv
2026-08-03 03:13:51,810 [WARNING] etl_camara — 404 — não encontrado: http://dadosabertos.camara.leg.br/arquivos/orgaosDeputados/csv/orgaosDeputados-L9.csv
2026-08-03 03:13:51,892 [WARNING] etl_camara — 404 — não encontrado: http://dadosabertos.camara.leg.br/arquivos/orgaosDeputados/csv/orgaosDeputados-L8.csv
2026-08-03 03:13:51,929 [WARNING] etl_camara — 404 — não encontrado: http://dadosabertos.camara.leg.br/arquivos/orgaosDeputados/csv/orgaosDeputados-L7.csv
2026-08-03 03:13:52,010 [WARNING] etl_camara — 404 — não encontrado: http://dadosabertos.camara.leg.br/arquivos/orgaosDeputados/csv/orgaosDeputados-L12.csv
2026-08-03 03:13:52,093 [WARNING] etl_camara — 404 — não encontrado: http://dadosabertos.camara.leg.br/arquivos/orgaosDeputados/csv/orgaosDeputados-L10.csv
2026-08-03 03:13:52,131 [WARNING] etl_camara — 404 — não encontrado: http://dadosabertos.camara.leg.br/arquivos/orgaosDeputados/csv/orgaosDeputados-L11.csv
2026-08-03 03:13:52,216 [WARNING] etl_camara — 404 — não encontrado: http://dadosabertos.camara.leg.br/arquivos/orgaosDeputados/csv/orgaosDeputados-L13.csv
2026-08-03 03:13:52,286 [WARNING] etl_camara — 404 — não encontrado: http://dadosabertos.camara.leg.br/arquivos/orgaosDeputados/csv/orgaosDeputados-L14.csv
2026-08-03 03:13:52,331 [WARNING] etl_camara — 404 — não encontrado: http://dadosabertos.camara.leg.br/arquivos/orgaosDeputados/csv/orgaosDeputados-L15.csv
2026-08-03 03:13:52,402 [WARNING] etl_camara — 404 — não encontrado: http://dadosabertos.camara.leg.br/arquivos/orgaosDeputados/csv/orgaosDeputados-L17.csv
2026-08-03 03:13:52,485 [WARNING] etl_camara — 404 — não encontrado: http://dadosabertos.camara.leg.br/arquivos/orgaosDeputados/csv/orgaosDeputados-L18.csv
2026-08-03 03:13:52,530 [WARNING] etl_camara — 404 — não encontrado: http://dadosabertos.camara.leg.br/arquivos/orgaosDeputados/csv/orgaosDeputados-L16.csv
2026-08-03 03:13:52,693 [WARNING] etl_camara — 404 — não encontrado: http://dadosabertos.camara.leg.br/arquivos/orgaosDeputados/csv/orgaosDeputados-L20.csv
2026-08-03 03:13:52,740 [WARNING] etl_camara — 404 — não encontrado: http://dadosabertos.camara.leg.br/arquivos/orgaosDeputados/csv/orgaosDeputados-L19.csv
2026-08-03 03:13:52,885 [WARNING] etl_camara — 404 — não encontrado: http://dadosabertos.camara.leg.br/arquivos/orgaosDeputados/csv/orgaosDeputados-L21.csv
2026-08-03 03:13:52,895 [WARNING] etl_camara — 404 — não encontrado: http://dadosabertos.camara.leg.br/arquivos/orgaosDeputados/csv/orgaosDeputados-L27.csv
2026-08-03 03:13:52,938 [WARNING] etl_camara — 404 — não encontrado: http://dadosabertos.camara.leg.br/arquivos/orgaosDeputados/csv/orgaosDeputados-L22.csv
2026-08-03 03:13:53,087 [WARNING] etl_camara — 404 — não encontrado: http://dadosabertos.camara.leg.br/arquivos/orgaosDeputados/csv/orgaosDeputados-L30.csv
2026-08-03 03:13:53,098 [WARNING] etl_camara — 404 — não encontrado: http://dadosabertos.camara.leg.br/arquivos/orgaosDeputados/csv/orgaosDeputados-L23.csv
2026-08-03 03:13:53,115 [INFO] etl_camara —   FK-insert frentes → 1443 registros
2026-08-03 03:13:53,129 [WARNING] etl_camara — 404 — não encontrado: http://dadosabertos.camara.leg.br/arquivos/orgaosDeputados/csv/orgaosDeputados-L25.csv
2026-08-03 03:13:53,287 [WARNING] etl_camara — 404 — não encontrado: http://dadosabertos.camara.leg.br/arquivos/orgaosDeputados/csv/orgaosDeputados-L32.csv
2026-08-03 03:13:53,293 [WARNING] etl_camara — 404 — não encontrado: http://dadosabertos.camara.leg.br/arquivos/orgaosDeputados/csv/orgaosDeputados-L24.csv
2026-08-03 03:13:53,330 [WARNING] etl_camara — 404 — não encontrado: http://dadosabertos.camara.leg.br/arquivos/orgaosDeputados/csv/orgaosDeputados-L26.csv
2026-08-03 03:13:53,493 [WARNING] etl_camara — 404 — não encontrado: http://dadosabertos.camara.leg.br/arquivos/orgaosDeputados/csv/orgaosDeputados-L33.csv
2026-08-03 03:13:53,537 [WARNING] etl_camara — 404 — não encontrado: http://dadosabertos.camara.leg.br/arquivos/orgaosDeputados/csv/orgaosDeputados-L28.csv
2026-08-03 03:13:53,694 [WARNING] etl_camara — 404 — não encontrado: http://dadosabertos.camara.leg.br/arquivos/orgaosDeputados/csv/orgaosDeputados-L35.csv
2026-08-03 03:13:53,738 [WARNING] etl_camara — 404 — não encontrado: http://dadosabertos.camara.leg.br/arquivos/orgaosDeputados/csv/orgaosDeputados-L29.csv
2026-08-03 03:13:53,894 [WARNING] etl_camara — 404 — não encontrado: http://dadosabertos.camara.leg.br/arquivos/orgaosDeputados/csv/orgaosDeputados-L37.csv
2026-08-03 03:13:53,937 [WARNING] etl_camara — 404 — não encontrado: http://dadosabertos.camara.leg.br/arquivos/orgaosDeputados/csv/orgaosDeputados-L31.csv
2026-08-03 03:13:54,095 [WARNING] etl_camara — 404 — não encontrado: http://dadosabertos.camara.leg.br/arquivos/orgaosDeputados/csv/orgaosDeputados-L36.csv
2026-08-03 03:13:54,137 [WARNING] etl_camara — 404 — não encontrado: http://dadosabertos.camara.leg.br/arquivos/orgaosDeputados/csv/orgaosDeputados-L34.csv
2026-08-03 03:13:54,286 [WARNING] etl_camara — 404 — não encontrado: http://dadosabertos.camara.leg.br/arquivos/orgaosDeputados/csv/orgaosDeputados-L38.csv
2026-08-03 03:13:54,340 [WARNING] etl_camara — 404 — não encontrado: http://dadosabertos.camara.leg.br/arquivos/orgaosDeputados/csv/orgaosDeputados-L40.csv
2026-08-03 03:13:54,458 [WARNING] etl_camara — 404 — não encontrado: http://dadosabertos.camara.leg.br/arquivos/orgaosDeputados/csv/orgaosDeputados-L46.csv
2026-08-03 03:13:54,486 [WARNING] etl_camara — 404 — não encontrado: http://dadosabertos.camara.leg.br/arquivos/orgaosDeputados/csv/orgaosDeputados-L39.csv
2026-08-03 03:13:54,537 [WARNING] etl_camara — 404 — não encontrado: http://dadosabertos.camara.leg.br/arquivos/orgaosDeputados/csv/orgaosDeputados-L45.csv
2026-08-03 03:13:54,651 [WARNING] etl_camara — 404 — não encontrado: http://dadosabertos.camara.leg.br/arquivos/orgaosDeputados/csv/orgaosDeputados-L47.csv
2026-08-03 03:13:54,695 [WARNING] etl_camara — 404 — não encontrado: http://dadosabertos.camara.leg.br/arquivos/orgaosDeputados/csv/orgaosDeputados-L41.csv
2026-08-03 03:13:54,737 [WARNING] etl_camara — 404 — não encontrado: http://dadosabertos.camara.leg.br/arquivos/orgaosDeputados/csv/orgaosDeputados-L50.csv
2026-08-03 03:13:54,860 [WARNING] etl_camara — 404 — não encontrado: http://dadosabertos.camara.leg.br/arquivos/orgaosDeputados/csv/orgaosDeputados-L48.csv
2026-08-03 03:13:54,894 [WARNING] etl_camara — 404 — não encontrado: http://dadosabertos.camara.leg.br/arquivos/orgaosDeputados/csv/orgaosDeputados-L42.csv
2026-08-03 03:13:54,938 [INFO] etl_camara — → sem alterações (304): orgaosDeputados-L53.csv
2026-08-03 03:13:55,058 [INFO] etl_camara — → sem alterações (304): orgaosDeputados-L51.csv
2026-08-03 03:13:55,093 [WARNING] etl_camara — 404 — não encontrado: http://dadosabertos.camara.leg.br/arquivos/orgaosDeputados/csv/orgaosDeputados-L43.csv
2026-08-03 03:13:55,257 [INFO] etl_camara — → sem alterações (304): orgaosDeputados-L52.csv
2026-08-03 03:13:55,295 [WARNING] etl_camara — 404 — não encontrado: http://dadosabertos.camara.leg.br/arquivos/orgaosDeputados/csv/orgaosDeputados-L44.csv
2026-08-03 03:13:55,425 [INFO] etl_camara — → sem alterações (304): Ano-2026.csv.zip
2026-08-03 03:13:55,449 [INFO] etl_camara — → sem alterações (304): orgaosDeputados-L57.csv
2026-08-03 03:13:55,486 [WARNING] etl_camara — 404 — não encontrado: http://dadosabertos.camara.leg.br/arquivos/orgaosDeputados/csv/orgaosDeputados-L49.csv
2026-08-03 03:13:55,694 [INFO] etl_camara — → sem alterações (304): orgaosDeputados-L54.csv
2026-08-03 03:13:55,887 [INFO] etl_camara — → sem alterações (304): orgaosDeputados-L56.csv
2026-08-03 03:13:56,094 [INFO] etl_camara — → sem alterações (304): orgaosDeputados-L55.csv
2026-08-03 03:13:56,096 [INFO] etl_camara — ━━━━━━━━━━━━━━━━━━━━━━━━━━━━━━━━━━━━━━━━━━━━━━━━━━━━━━━━━━━━
2026-08-03 03:13:56,096 [INFO] etl_camara — 🌊 Onda 2 — 6 datasets | workers=8
2026-08-03 03:13:56,232 [INFO] etl_camara — → sem alterações (304): gruposHistorico.csv
2026-08-03 03:13:56,259 [INFO] etl_camara — → sem alterações (304): gruposMembros.csv
2026-08-03 03:13:56,297 [INFO] etl_camara — → sem alterações (304): frentesDeputados.csv
2026-08-03 03:13:56,433 [INFO] etl_camara — → sem alterações (304): votacoesOrientacoes-2026.csv
2026-08-03 03:13:56,460 [INFO] etl_camara — → sem alterações (304): votacoesProposicoes-2026.csv
2026-08-03 03:13:56,493 [INFO] etl_camara — → sem alterações (304): votacoesVotos-2026.csv
2026-08-03 03:13:56,495 [INFO] etl_camara — ━━━━━━━━━━━━━━━━━━━━━━━━━━━━━━━━━━━━━━━━━━━━━━━━━━━━━━━━━━━━
2026-08-03 03:13:56,495 [INFO] etl_camara — 🏁 ETL concluído — processados: 1 | sem alteração (304): 37 | histórico pulado: 0 | erros: 50 | total: 88
2026-08-03 03:13:56,496 [WARNING] etl_camara — Datasets com falha (50): ['orgaosDeputados_L1', 'orgaosDeputados_L4', 'orgaosDeputados_L2', 'orgaosDeputados_L5', 'orgaosDeputados_L3', 'orgaosDeputados_L6', 'orgaosDeputados_L9', 'orgaosDeputados_L8', 'orgaosDeputados_L7', 'orgaosDeputados_L12', 'orgaosDeputados_L10', 'orgaosDeputados_L11', 'orgaosDeputados_L13', 'orgaosDeputados_L14', 'orgaosDeputados_L15', 'orgaosDeputados_L17', 'orgaosDeputados_L18', 'orgaosDeputados_L16', 'orgaosDeputados_L20', 'orgaosDeputados_L19', 'orgaosDeputados_L21', 'orgaosDeputados_L27', 'orgaosDeputados_L22', 'orgaosDeputados_L30', 'orgaosDeputados_L23', 'orgaosDeputados_L25', 'orgaosDeputados_L32', 'orgaosDeputados_L24', 'orgaosDeputados_L26', 'orgaosDeputados_L33', 'orgaosDeputados_L28', 'orgaosDeputados_L35', 'orgaosDeputados_L29', 'orgaosDeputados_L37', 'orgaosDeputados_L31', 'orgaosDeputados_L36', 'orgaosDeputados_L34', 'orgaosDeputados_L38', 'orgaosDeputados_L40', 'orgaosDeputados_L46', 'orgaosDeputados_L39', 'orgaosDeputados_L45', 'orgaosDeputados_L47', 'orgaosDeputados_L41', 'orgaosDeputados_L50', 'orgaosDeputados_L48', 'orgaosDeputados_L42', 'orgaosDeputados_L43', 'orgaosDeputados_L44', 'orgaosDeputados_L49']
2026-08-03 03:13:56,496 [ERROR] etl_camara — ETL finalizado com 50 dataset(s) em erro — saindo com código 1
2026-08-03 03:18:58,427 [INFO] etl_camara — Banco: postgres:5432/quemvota
2026-08-03 03:18:58,427 [INFO] etl_camara — Cache: etl_cache.json
2026-08-03 03:18:58,427 [INFO] etl_camara — Workers — download: 8 | backfill: 4
2026-08-03 03:18:58,438 [INFO] etl_camara — Iniciando ETL: 88 datasets | anos=[2026] | legislaturas=[1, 2, 3, 4, 5, 6, 7, 8, 9, 10, 11, 12, 13, 14, 15, 16, 17, 18, 19, 20, 21, 22, 23, 24, 25, 26, 27, 28, 29, 30, 31, 32, 33, 34, 35, 36, 37, 38, 39, 40, 41, 42, 43, 44, 45, 46, 47, 48, 49, 50, 51, 52, 53, 54, 55, 56, 57]
2026-08-03 03:18:58,438 [INFO] etl_camara — ━━━━━━━━━━━━━━━━━━━━━━━━━━━━━━━━━━━━━━━━━━━━━━━━━━━━━━━━━━━━
2026-08-03 03:18:58,438 [INFO] etl_camara — 🌊 Onda 0 — 9 datasets | workers=8
2026-08-03 03:18:58,649 [INFO] etl_camara — → sem alterações (304): deputados.csv
2026-08-03 03:18:58,657 [INFO] etl_camara — → sem alterações (304): funcionarios.csv
2026-08-03 03:18:58,663 [INFO] etl_camara — → sem alterações (304): proposicoes-2026.csv
2026-08-03 03:18:58,855 [INFO] etl_camara — → sem alterações (304): eventos-2026.csv
2026-08-03 03:18:58,856 [INFO] etl_camara — → sem alterações (304): tecadTermos.csv
2026-08-03 03:18:58,858 [INFO] etl_camara — → sem alterações (304): tecadCategorias.csv
2026-08-03 03:18:59,058 [INFO] etl_camara — → sem alterações (304): orgaos.csv
2026-08-03 03:18:59,059 [INFO] etl_camara — → sem alterações (304): legislaturas.csv
2026-08-03 03:18:59,082 [INFO] etl_camara — → sem alterações (304): licitacoes-2026.csv
2026-08-03 03:18:59,083 [INFO] etl_camara — ━━━━━━━━━━━━━━━━━━━━━━━━━━━━━━━━━━━━━━━━━━━━━━━━━━━━━━━━━━━━
2026-08-03 03:18:59,083 [INFO] etl_camara — 🌊 Onda 1 — 73 datasets | workers=8
2026-08-03 03:18:59,249 [INFO] etl_camara — → sem alterações (304): eventosPresencaDeputados-2026.csv
2026-08-03 03:18:59,261 [INFO] etl_camara — → sem alterações (304): eventosRequerimentos-2026.csv
2026-08-03 03:18:59,270 [INFO] etl_camara — → sem alterações (304): eventosOrgaos-2026.csv
2026-08-03 03:18:59,449 [INFO] etl_camara — → sem alterações (304): deputadosProfissoes.csv
2026-08-03 03:18:59,451 [INFO] etl_camara — → sem alterações (304): deputadosOcupacoes.csv
2026-08-03 03:18:59,454 [INFO] etl_camara — → sem alterações (304): proposicoesAutores-2026.csv
2026-08-03 03:18:59,658 [INFO] etl_camara — → sem alterações (304): frentes.csv
2026-08-03 03:18:59,660 [INFO] etl_camara — → sem alterações (304): grupos.csv
2026-08-03 03:18:59,662 [INFO] etl_camara — → sem alterações (304): licitacoesItens-2026.csv
2026-08-03 03:18:59,806 [WARNING] etl_camara — Tentativa 1/3 falhou (http://dadosabertos.camara.leg.br/arquivos/licitacoesContratos/csv/licitacoesContratos-2026.csv): 429 Client Error: Too Many Requests for url: https://dadosabertos.camara.leg.br/arquivos/licitacoesContratos/csv/licitacoesContratos-2026.csv
2026-08-03 03:18:59,850 [INFO] etl_camara — → sem alterações (304): legislaturasMesas.csv
2026-08-03 03:18:59,858 [INFO] etl_camara — → sem alterações (304): licitacoesPedidos-2026.csv
2026-08-03 03:18:59,862 [WARNING] etl_camara — 404 — não encontrado: http://dadosabertos.camara.leg.br/arquivos/orgaosDeputados/csv/orgaosDeputados-L2.csv
2026-08-03 03:19:00,050 [WARNING] etl_camara — 404 — não encontrado: http://dadosabertos.camara.leg.br/arquivos/orgaosDeputados/csv/orgaosDeputados-L4.csv
2026-08-03 03:19:00,055 [WARNING] etl_camara — 404 — não encontrado: http://dadosabertos.camara.leg.br/arquivos/orgaosDeputados/csv/orgaosDeputados-L1.csv
2026-08-03 03:19:00,057 [INFO] etl_camara — → sem alterações (304): votacoes-2026.csv
2026-08-03 03:19:00,256 [INFO] etl_camara — → sem alterações (304): proposicoesTemas-2026.csv
2026-08-03 03:19:00,259 [WARNING] etl_camara — 404 — não encontrado: http://dadosabertos.camara.leg.br/arquivos/orgaosDeputados/csv/orgaosDeputados-L3.csv
2026-08-03 03:19:00,263 [WARNING] etl_camara — 404 — não encontrado: http://dadosabertos.camara.leg.br/arquivos/orgaosDeputados/csv/orgaosDeputados-L5.csv
2026-08-03 03:19:00,449 [INFO] etl_camara — → sem alterações (304): licitacoesPropostas-2026.csv
2026-08-03 03:19:00,455 [WARNING] etl_camara — 404 — não encontrado: http://dadosabertos.camara.leg.br/arquivos/orgaosDeputados/csv/orgaosDeputados-L7.csv
2026-08-03 03:19:00,458 [WARNING] etl_camara — 404 — não encontrado: http://dadosabertos.camara.leg.br/arquivos/orgaosDeputados/csv/orgaosDeputados-L6.csv
2026-08-03 03:19:00,650 [WARNING] etl_camara — 404 — não encontrado: http://dadosabertos.camara.leg.br/arquivos/orgaosDeputados/csv/orgaosDeputados-L8.csv
2026-08-03 03:19:00,655 [WARNING] etl_camara — 404 — não encontrado: http://dadosabertos.camara.leg.br/arquivos/orgaosDeputados/csv/orgaosDeputados-L9.csv
2026-08-03 03:19:00,815 [WARNING] etl_camara — 404 — não encontrado: http://dadosabertos.camara.leg.br/arquivos/orgaosDeputados/csv/orgaosDeputados-L15.csv
2026-08-03 03:19:00,848 [WARNING] etl_camara — 404 — não encontrado: http://dadosabertos.camara.leg.br/arquivos/orgaosDeputados/csv/orgaosDeputados-L10.csv
2026-08-03 03:19:00,861 [WARNING] etl_camara — 404 — não encontrado: http://dadosabertos.camara.leg.br/arquivos/orgaosDeputados/csv/orgaosDeputados-L11.csv
2026-08-03 03:19:01,008 [WARNING] etl_camara — 404 — não encontrado: http://dadosabertos.camara.leg.br/arquivos/orgaosDeputados/csv/orgaosDeputados-L19.csv
2026-08-03 03:19:01,049 [WARNING] etl_camara — 404 — não encontrado: http://dadosabertos.camara.leg.br/arquivos/orgaosDeputados/csv/orgaosDeputados-L13.csv
2026-08-03 03:19:01,066 [WARNING] etl_camara — 404 — não encontrado: http://dadosabertos.camara.leg.br/arquivos/orgaosDeputados/csv/orgaosDeputados-L16.csv
2026-08-03 03:19:01,208 [WARNING] etl_camara — 404 — não encontrado: http://dadosabertos.camara.leg.br/arquivos/orgaosDeputados/csv/orgaosDeputados-L20.csv
2026-08-03 03:19:01,256 [WARNING] etl_camara — 404 — não encontrado: http://dadosabertos.camara.leg.br/arquivos/orgaosDeputados/csv/orgaosDeputados-L14.csv
2026-08-03 03:19:01,258 [WARNING] etl_camara — 404 — não encontrado: http://dadosabertos.camara.leg.br/arquivos/orgaosDeputados/csv/orgaosDeputados-L18.csv
2026-08-03 03:19:01,407 [WARNING] etl_camara — 404 — não encontrado: http://dadosabertos.camara.leg.br/arquivos/orgaosDeputados/csv/orgaosDeputados-L21.csv
2026-08-03 03:19:01,457 [WARNING] etl_camara — 404 — não encontrado: http://dadosabertos.camara.leg.br/arquivos/orgaosDeputados/csv/orgaosDeputados-L12.csv
2026-08-03 03:19:01,461 [WARNING] etl_camara — 404 — não encontrado: http://dadosabertos.camara.leg.br/arquivos/orgaosDeputados/csv/orgaosDeputados-L25.csv
2026-08-03 03:19:01,608 [WARNING] etl_camara — 404 — não encontrado: http://dadosabertos.camara.leg.br/arquivos/orgaosDeputados/csv/orgaosDeputados-L23.csv
2026-08-03 03:19:01,649 [WARNING] etl_camara — 404 — não encontrado: http://dadosabertos.camara.leg.br/arquivos/orgaosDeputados/csv/orgaosDeputados-L17.csv
2026-08-03 03:19:01,661 [WARNING] etl_camara — 404 — não encontrado: http://dadosabertos.camara.leg.br/arquivos/orgaosDeputados/csv/orgaosDeputados-L27.csv
2026-08-03 03:19:01,807 [WARNING] etl_camara — 404 — não encontrado: http://dadosabertos.camara.leg.br/arquivos/orgaosDeputados/csv/orgaosDeputados-L28.csv
2026-08-03 03:19:01,856 [WARNING] etl_camara — 404 — não encontrado: http://dadosabertos.camara.leg.br/arquivos/orgaosDeputados/csv/orgaosDeputados-L22.csv
2026-08-03 03:19:01,978 [WARNING] etl_camara — 404 — não encontrado: http://dadosabertos.camara.leg.br/arquivos/orgaosDeputados/csv/orgaosDeputados-L33.csv
2026-08-03 03:19:02,011 [WARNING] etl_camara — 404 — não encontrado: http://dadosabertos.camara.leg.br/arquivos/orgaosDeputados/csv/orgaosDeputados-L30.csv
2026-08-03 03:19:02,057 [WARNING] etl_camara — 404 — não encontrado: http://dadosabertos.camara.leg.br/arquivos/orgaosDeputados/csv/orgaosDeputados-L24.csv
2026-08-03 03:19:02,206 [WARNING] etl_camara — 404 — não encontrado: http://dadosabertos.camara.leg.br/arquivos/orgaosDeputados/csv/orgaosDeputados-L32.csv
2026-08-03 03:19:02,249 [WARNING] etl_camara — 404 — não encontrado: http://dadosabertos.camara.leg.br/arquivos/orgaosDeputados/csv/orgaosDeputados-L26.csv
2026-08-03 03:19:02,435 [WARNING] etl_camara — 404 — não encontrado: http://dadosabertos.camara.leg.br/arquivos/orgaosDeputados/csv/orgaosDeputados-L35.csv
2026-08-03 03:19:02,469 [WARNING] etl_camara — 404 — não encontrado: http://dadosabertos.camara.leg.br/arquivos/orgaosDeputados/csv/orgaosDeputados-L29.csv
2026-08-03 03:19:02,555 [WARNING] etl_camara — 404 — não encontrado: http://dadosabertos.camara.leg.br/arquivos/orgaosDeputados/csv/orgaosDeputados-L39.csv
2026-08-03 03:19:02,615 [WARNING] etl_camara — 404 — não encontrado: http://dadosabertos.camara.leg.br/arquivos/orgaosDeputados/csv/orgaosDeputados-L36.csv
2026-08-03 03:19:02,657 [WARNING] etl_camara — 404 — não encontrado: http://dadosabertos.camara.leg.br/arquivos/orgaosDeputados/csv/orgaosDeputados-L31.csv
2026-08-03 03:19:02,765 [WARNING] etl_camara — 404 — não encontrado: http://dadosabertos.camara.leg.br/arquivos/orgaosDeputados/csv/orgaosDeputados-L42.csv
2026-08-03 03:19:02,816 [WARNING] etl_camara — 404 — não encontrado: http://dadosabertos.camara.leg.br/arquivos/orgaosDeputados/csv/orgaosDeputados-L37.csv
2026-08-03 03:19:02,847 [WARNING] etl_camara — 404 — não encontrado: http://dadosabertos.camara.leg.br/arquivos/orgaosDeputados/csv/orgaosDeputados-L34.csv
2026-08-03 03:19:02,971 [WARNING] etl_camara — 404 — não encontrado: http://dadosabertos.camara.leg.br/arquivos/orgaosDeputados/csv/orgaosDeputados-L46.csv
2026-08-03 03:19:03,007 [WARNING] etl_camara — 404 — não encontrado: http://dadosabertos.camara.leg.br/arquivos/orgaosDeputados/csv/orgaosDeputados-L38.csv
2026-08-03 03:19:03,052 [WARNING] etl_camara — 404 — não encontrado: http://dadosabertos.camara.leg.br/arquivos/orgaosDeputados/csv/orgaosDeputados-L40.csv
2026-08-03 03:19:03,178 [WARNING] etl_camara — 404 — não encontrado: http://dadosabertos.camara.leg.br/arquivos/orgaosDeputados/csv/orgaosDeputados-L48.csv
2026-08-03 03:19:03,206 [WARNING] etl_camara — 404 — não encontrado: http://dadosabertos.camara.leg.br/arquivos/orgaosDeputados/csv/orgaosDeputados-L41.csv
2026-08-03 03:19:03,253 [WARNING] etl_camara — 404 — não encontrado: http://dadosabertos.camara.leg.br/arquivos/orgaosDeputados/csv/orgaosDeputados-L44.csv
2026-08-03 03:19:03,379 [WARNING] etl_camara — 404 — não encontrado: http://dadosabertos.camara.leg.br/arquivos/orgaosDeputados/csv/orgaosDeputados-L50.csv
2026-08-03 03:19:03,406 [WARNING] etl_camara — 404 — não encontrado: http://dadosabertos.camara.leg.br/arquivos/orgaosDeputados/csv/orgaosDeputados-L43.csv
2026-08-03 03:19:03,460 [WARNING] etl_camara — 404 — não encontrado: http://dadosabertos.camara.leg.br/arquivos/orgaosDeputados/csv/orgaosDeputados-L45.csv
2026-08-03 03:19:03,595 [INFO] etl_camara — → sem alterações (304): orgaosDeputados-L51.csv
2026-08-03 03:19:03,608 [WARNING] etl_camara — 404 — não encontrado: http://dadosabertos.camara.leg.br/arquivos/orgaosDeputados/csv/orgaosDeputados-L47.csv
2026-08-03 03:19:03,656 [WARNING] etl_camara — 404 — não encontrado: http://dadosabertos.camara.leg.br/arquivos/orgaosDeputados/csv/orgaosDeputados-L49.csv
2026-08-03 03:19:03,769 [INFO] etl_camara — → sem alterações (304): orgaosDeputados-L57.csv
2026-08-03 03:19:03,815 [INFO] etl_camara — → sem alterações (304): orgaosDeputados-L53.csv
2026-08-03 03:19:03,824 [INFO] etl_camara — → sem alterações (304): Ano-2026.csv.zip
2026-08-03 03:19:03,848 [INFO] etl_camara — → sem alterações (304): orgaosDeputados-L52.csv
2026-08-03 03:19:04,007 [INFO] etl_camara — → sem alterações (304): orgaosDeputados-L55.csv
2026-08-03 03:19:04,049 [INFO] etl_camara — → sem alterações (304): orgaosDeputados-L54.csv
2026-08-03 03:19:04,220 [INFO] etl_camara — → sem alterações (304): orgaosDeputados-L56.csv
2026-08-03 03:19:04,953 [INFO] etl_camara — → sem alterações (304): licitacoesContratos-2026.csv
2026-08-03 03:19:04,955 [INFO] etl_camara — ━━━━━━━━━━━━━━━━━━━━━━━━━━━━━━━━━━━━━━━━━━━━━━━━━━━━━━━━━━━━
2026-08-03 03:19:04,955 [INFO] etl_camara — 🌊 Onda 2 — 6 datasets | workers=8
2026-08-03 03:19:05,101 [INFO] etl_camara — → sem alterações (304): gruposMembros.csv
2026-08-03 03:19:05,152 [INFO] etl_camara — → sem alterações (304): gruposHistorico.csv
2026-08-03 03:19:05,302 [INFO] etl_camara — → sem alterações (304): votacoesProposicoes-2026.csv
2026-08-03 03:19:05,494 [INFO] etl_camara — → sem alterações (304): votacoesVotos-2026.csv
2026-08-03 03:19:05,702 [INFO] etl_camara — → sem alterações (304): votacoesOrientacoes-2026.csv
2026-08-03 03:19:08,449 [INFO] etl_camara — ✔ frentesDeputados.csv (262257 linhas)
2026-08-03 03:24:05,453 [INFO] etl_camara —   FK-insert frentesDeputados → 262257 registros
2026-08-03 03:24:05,503 [INFO] etl_camara — ━━━━━━━━━━━━━━━━━━━━━━━━━━━━━━━━━━━━━━━━━━━━━━━━━━━━━━━━━━━━
2026-08-03 03:24:05,503 [INFO] etl_camara — 🏁 ETL concluído — processados: 1 | sem alteração (304): 37 | histórico pulado: 0 | erros: 50 | total: 88
2026-08-03 03:24:05,503 [WARNING] etl_camara — Datasets com falha (50): ['orgaosDeputados_L2', 'orgaosDeputados_L4', 'orgaosDeputados_L1', 'orgaosDeputados_L3', 'orgaosDeputados_L5', 'orgaosDeputados_L7', 'orgaosDeputados_L6', 'orgaosDeputados_L8', 'orgaosDeputados_L9', 'orgaosDeputados_L15', 'orgaosDeputados_L10', 'orgaosDeputados_L11', 'orgaosDeputados_L19', 'orgaosDeputados_L13', 'orgaosDeputados_L16', 'orgaosDeputados_L20', 'orgaosDeputados_L14', 'orgaosDeputados_L18', 'orgaosDeputados_L21', 'orgaosDeputados_L12', 'orgaosDeputados_L25', 'orgaosDeputados_L23', 'orgaosDeputados_L17', 'orgaosDeputados_L27', 'orgaosDeputados_L28', 'orgaosDeputados_L22', 'orgaosDeputados_L33', 'orgaosDeputados_L30', 'orgaosDeputados_L24', 'orgaosDeputados_L32', 'orgaosDeputados_L26', 'orgaosDeputados_L35', 'orgaosDeputados_L29', 'orgaosDeputados_L39', 'orgaosDeputados_L36', 'orgaosDeputados_L31', 'orgaosDeputados_L42', 'orgaosDeputados_L37', 'orgaosDeputados_L34', 'orgaosDeputados_L46', 'orgaosDeputados_L38', 'orgaosDeputados_L40', 'orgaosDeputados_L48', 'orgaosDeputados_L41', 'orgaosDeputados_L44', 'orgaosDeputados_L50', 'orgaosDeputados_L43', 'orgaosDeputados_L45', 'orgaosDeputados_L47', 'orgaosDeputados_L49']
2026-08-03 03:24:05,503 [ERROR] etl_camara — ETL finalizado com 50 dataset(s) em erro — saindo com código 1
2026-08-04 03:00:03,933 [INFO] etl_camara — Banco: postgres:5432/quemvota
2026-08-04 03:00:03,933 [INFO] etl_camara — Cache: etl_cache.json
2026-08-04 03:00:03,933 [INFO] etl_camara — Workers — download: 8 | backfill: 4
2026-08-04 03:00:03,944 [INFO] etl_camara — Iniciando ETL: 88 datasets | anos=[2026] | legislaturas=[1, 2, 3, 4, 5, 6, 7, 8, 9, 10, 11, 12, 13, 14, 15, 16, 17, 18, 19, 20, 21, 22, 23, 24, 25, 26, 27, 28, 29, 30, 31, 32, 33, 34, 35, 36, 37, 38, 39, 40, 41, 42, 43, 44, 45, 46, 47, 48, 49, 50, 51, 52, 53, 54, 55, 56, 57]
2026-08-04 03:00:03,945 [INFO] etl_camara — ━━━━━━━━━━━━━━━━━━━━━━━━━━━━━━━━━━━━━━━━━━━━━━━━━━━━━━━━━━━━
2026-08-04 03:00:03,945 [INFO] etl_camara — 🌊 Onda 0 — 9 datasets | workers=8
2026-08-04 03:00:04,284 [INFO] etl_camara — ✔ deputados.csv (7889 linhas)
2026-08-04 03:00:04,352 [INFO] etl_camara — ✔ eventos-2026.csv (1444 linhas)
2026-08-04 03:00:04,352 [INFO] etl_camara — ✔ legislaturas.csv (57 linhas)
2026-08-04 03:00:04,507 [INFO] etl_camara — ✔ tecadCategorias.csv (79 linhas)
2026-08-04 03:00:04,579 [INFO] etl_camara —   upsert legislaturas → 57 registros
2026-08-04 03:00:04,660 [INFO] etl_camara —   upsert tecadCategorias → 79 registros
2026-08-04 03:00:04,867 [INFO] etl_camara — ✔ licitacoes-2026.csv (98 linhas)
2026-08-04 03:00:04,924 [INFO] etl_camara —   upsert eventos_2026 → 1444 registros
2026-08-04 03:00:05,120 [INFO] etl_camara —   upsert licitacoes_2026 → 98 registros
2026-08-04 03:00:05,449 [INFO] etl_camara — ✔ orgaos.csv (3866 linhas)
2026-08-04 03:00:05,951 [INFO] etl_camara — ✔ funcionarios.csv (15561 linhas)
2026-08-04 03:00:06,941 [INFO] etl_camara —   upsert deputados → 7889 registros
2026-08-04 03:00:07,150 [INFO] etl_camara —   upsert orgaos → 3866 registros
2026-08-04 03:00:08,969 [INFO] etl_camara — ✔ tecadTermos.csv (80579 linhas)
2026-08-04 03:00:09,727 [INFO] etl_camara — ✔ proposicoes-2026.csv (40330 linhas)
2026-08-04 03:00:10,361 [INFO] etl_camara —   upsert funcionarios → 15556 registros
2026-08-04 03:00:32,414 [INFO] etl_camara —   upsert tecadTermos → 80579 registros
2026-08-04 03:00:38,161 [INFO] etl_camara —   upsert proposicoes_2026 → 40330 registros
2026-08-04 03:00:38,198 [INFO] etl_camara — ━━━━━━━━━━━━━━━━━━━━━━━━━━━━━━━━━━━━━━━━━━━━━━━━━━━━━━━━━━━━
2026-08-04 03:00:38,199 [INFO] etl_camara — 🌊 Onda 1 — 73 datasets | workers=8
2026-08-04 03:00:38,424 [INFO] etl_camara — ✔ eventosRequerimentos-2026.csv (841 linhas)
2026-08-04 03:00:38,541 [INFO] etl_camara — → sem alterações (304): frentes.csv
2026-08-04 03:00:38,547 [INFO] etl_camara — ✔ deputadosOcupacoes.csv (37493 linhas)
2026-08-04 03:00:38,607 [INFO] etl_camara — ✔ legislaturasMesas.csv (177 linhas)
2026-08-04 03:00:38,808 [INFO] etl_camara — ✔ grupos.csv (118 linhas)
2026-08-04 03:00:38,834 [INFO] etl_camara —   upsert legislaturasMesas → 177 registros
2026-08-04 03:00:39,073 [INFO] etl_camara —   upsert grupos → 118 registros
2026-08-04 03:00:39,138 [INFO] etl_camara — ✔ deputadosProfissoes.csv (12594 linhas)
2026-08-04 03:00:39,279 [INFO] etl_camara — ✔ eventosOrgaos-2026.csv (1444 linhas)
2026-08-04 03:00:39,388 [INFO] etl_camara — ✔ proposicoesTemas-2026.csv (21225 linhas)
2026-08-04 03:00:39,650 [INFO] etl_camara — ✔ eventosPresencaDeputados-2026.csv (52884 linhas)
2026-08-04 03:00:40,093 [INFO] etl_camara — ✔ votacoes-2026.csv (6528 linhas)
2026-08-04 03:00:40,619 [INFO] etl_camara —   FK-insert eventosRequerimentos_2026 → 841 registros
2026-08-04 03:00:40,651 [INFO] etl_camara — ✔ proposicoesAutores-2026.csv (50597 linhas)
2026-08-04 03:00:40,937 [INFO] etl_camara — ✔ licitacoesPedidos-2026.csv (97 linhas)
2026-08-04 03:00:41,668 [INFO] etl_camara —   FK-insert licitacoesPedidos_2026 → 97 registros
2026-08-04 03:00:41,846 [INFO] etl_camara — ✔ licitacoesPropostas-2026.csv (287 linhas)
2026-08-04 03:00:42,359 [INFO] etl_camara —   FK-insert licitacoesPropostas_2026 → 287 registros
2026-08-04 03:00:42,730 [INFO] etl_camara — ✔ licitacoesItens-2026.csv (740 linhas)
2026-08-04 03:00:43,972 [INFO] etl_camara —   FK-insert licitacoesItens_2026 → 740 registros
2026-08-04 03:00:44,090 [INFO] etl_camara —   FK-insert eventosOrgaos_2026 → 1444 registros
2026-08-04 03:00:44,182 [INFO] etl_camara — ✔ licitacoesContratos-2026.csv (38 linhas)
2026-08-04 03:00:44,245 [WARNING] etl_camara — 404 — não encontrado: http://dadosabertos.camara.leg.br/arquivos/orgaosDeputados/csv/orgaosDeputados-L1.csv
2026-08-04 03:00:44,261 [INFO] etl_camara —   FK-insert licitacoesContratos_2026 → 38 registros
2026-08-04 03:00:44,437 [WARNING] etl_camara — 404 — não encontrado: http://dadosabertos.camara.leg.br/arquivos/orgaosDeputados/csv/orgaosDeputados-L3.csv
2026-08-04 03:00:44,455 [WARNING] etl_camara — 404 — não encontrado: http://dadosabertos.camara.leg.br/arquivos/orgaosDeputados/csv/orgaosDeputados-L2.csv
2026-08-04 03:00:44,631 [WARNING] etl_camara — 404 — não encontrado: http://dadosabertos.camara.leg.br/arquivos/orgaosDeputados/csv/orgaosDeputados-L5.csv
2026-08-04 03:00:44,643 [WARNING] etl_camara — 404 — não encontrado: http://dadosabertos.camara.leg.br/arquivos/orgaosDeputados/csv/orgaosDeputados-L4.csv
2026-08-04 03:00:44,818 [WARNING] etl_camara — 404 — não encontrado: http://dadosabertos.camara.leg.br/arquivos/orgaosDeputados/csv/orgaosDeputados-L7.csv
2026-08-04 03:00:44,833 [WARNING] etl_camara — 404 — não encontrado: http://dadosabertos.camara.leg.br/arquivos/orgaosDeputados/csv/orgaosDeputados-L6.csv
2026-08-04 03:00:45,005 [WARNING] etl_camara — 404 — não encontrado: http://dadosabertos.camara.leg.br/arquivos/orgaosDeputados/csv/orgaosDeputados-L8.csv
2026-08-04 03:00:45,033 [WARNING] etl_camara — 404 — não encontrado: http://dadosabertos.camara.leg.br/arquivos/orgaosDeputados/csv/orgaosDeputados-L9.csv
2026-08-04 03:00:45,143 [WARNING] etl_camara — 404 — não encontrado: http://dadosabertos.camara.leg.br/arquivos/orgaosDeputados/csv/orgaosDeputados-L10.csv
2026-08-04 03:00:45,235 [WARNING] etl_camara — 404 — não encontrado: http://dadosabertos.camara.leg.br/arquivos/orgaosDeputados/csv/orgaosDeputados-L11.csv
2026-08-04 03:00:45,304 [WARNING] etl_camara — 404 — não encontrado: http://dadosabertos.camara.leg.br/arquivos/orgaosDeputados/csv/orgaosDeputados-L12.csv
2026-08-04 03:00:45,431 [WARNING] etl_camara — 404 — não encontrado: http://dadosabertos.camara.leg.br/arquivos/orgaosDeputados/csv/orgaosDeputados-L13.csv
2026-08-04 03:00:45,588 [WARNING] etl_camara — 404 — não encontrado: http://dadosabertos.camara.leg.br/arquivos/orgaosDeputados/csv/orgaosDeputados-L15.csv
2026-08-04 03:00:45,625 [WARNING] etl_camara — 404 — não encontrado: http://dadosabertos.camara.leg.br/arquivos/orgaosDeputados/csv/orgaosDeputados-L14.csv
2026-08-04 03:00:45,746 [WARNING] etl_camara — 404 — não encontrado: http://dadosabertos.camara.leg.br/arquivos/orgaosDeputados/csv/orgaosDeputados-L16.csv
2026-08-04 03:00:45,899 [WARNING] etl_camara — 404 — não encontrado: http://dadosabertos.camara.leg.br/arquivos/orgaosDeputados/csv/orgaosDeputados-L18.csv
2026-08-04 03:00:45,946 [WARNING] etl_camara — 404 — não encontrado: http://dadosabertos.camara.leg.br/arquivos/orgaosDeputados/csv/orgaosDeputados-L17.csv
2026-08-04 03:00:46,102 [WARNING] etl_camara — 404 — não encontrado: http://dadosabertos.camara.leg.br/arquivos/orgaosDeputados/csv/orgaosDeputados-L20.csv
2026-08-04 03:00:46,144 [WARNING] etl_camara — 404 — não encontrado: http://dadosabertos.camara.leg.br/arquivos/orgaosDeputados/csv/orgaosDeputados-L19.csv
2026-08-04 03:00:46,305 [WARNING] etl_camara — 404 — não encontrado: http://dadosabertos.camara.leg.br/arquivos/orgaosDeputados/csv/orgaosDeputados-L21.csv
2026-08-04 03:00:46,347 [WARNING] etl_camara — 404 — não encontrado: http://dadosabertos.camara.leg.br/arquivos/orgaosDeputados/csv/orgaosDeputados-L22.csv
2026-08-04 03:00:46,507 [WARNING] etl_camara — 404 — não encontrado: http://dadosabertos.camara.leg.br/arquivos/orgaosDeputados/csv/orgaosDeputados-L24.csv
2026-08-04 03:00:46,548 [WARNING] etl_camara — 404 — não encontrado: http://dadosabertos.camara.leg.br/arquivos/orgaosDeputados/csv/orgaosDeputados-L23.csv
2026-08-04 03:00:46,691 [WARNING] etl_camara — 404 — não encontrado: http://dadosabertos.camara.leg.br/arquivos/orgaosDeputados/csv/orgaosDeputados-L25.csv
2026-08-04 03:00:46,733 [WARNING] etl_camara — 404 — não encontrado: http://dadosabertos.camara.leg.br/arquivos/orgaosDeputados/csv/orgaosDeputados-L26.csv
2026-08-04 03:00:46,879 [WARNING] etl_camara — 404 — não encontrado: http://dadosabertos.camara.leg.br/arquivos/orgaosDeputados/csv/orgaosDeputados-L28.csv
2026-08-04 03:00:46,890 [WARNING] etl_camara — 404 — não encontrado: http://dadosabertos.camara.leg.br/arquivos/orgaosDeputados/csv/orgaosDeputados-L27.csv
2026-08-04 03:00:47,089 [WARNING] etl_camara — 404 — não encontrado: http://dadosabertos.camara.leg.br/arquivos/orgaosDeputados/csv/orgaosDeputados-L29.csv
2026-08-04 03:00:47,104 [WARNING] etl_camara — 404 — não encontrado: http://dadosabertos.camara.leg.br/arquivos/orgaosDeputados/csv/orgaosDeputados-L30.csv
2026-08-04 03:00:47,282 [WARNING] etl_camara — 404 — não encontrado: http://dadosabertos.camara.leg.br/arquivos/orgaosDeputados/csv/orgaosDeputados-L32.csv
2026-08-04 03:00:47,296 [WARNING] etl_camara — 404 — não encontrado: http://dadosabertos.camara.leg.br/arquivos/orgaosDeputados/csv/orgaosDeputados-L31.csv
2026-08-04 03:00:47,462 [WARNING] etl_camara — 404 — não encontrado: http://dadosabertos.camara.leg.br/arquivos/orgaosDeputados/csv/orgaosDeputados-L34.csv
2026-08-04 03:00:47,491 [WARNING] etl_camara — 404 — não encontrado: http://dadosabertos.camara.leg.br/arquivos/orgaosDeputados/csv/orgaosDeputados-L33.csv
2026-08-04 03:00:47,610 [WARNING] etl_camara — 404 — não encontrado: http://dadosabertos.camara.leg.br/arquivos/orgaosDeputados/csv/orgaosDeputados-L35.csv
2026-08-04 03:00:47,773 [WARNING] etl_camara — 404 — não encontrado: http://dadosabertos.camara.leg.br/arquivos/orgaosDeputados/csv/orgaosDeputados-L37.csv
2026-08-04 03:00:47,811 [WARNING] etl_camara — 404 — não encontrado: http://dadosabertos.camara.leg.br/arquivos/orgaosDeputados/csv/orgaosDeputados-L36.csv
2026-08-04 03:00:47,974 [WARNING] etl_camara — 404 — não encontrado: http://dadosabertos.camara.leg.br/arquivos/orgaosDeputados/csv/orgaosDeputados-L38.csv
2026-08-04 03:00:48,050 [WARNING] etl_camara — 404 — não encontrado: http://dadosabertos.camara.leg.br/arquivos/orgaosDeputados/csv/orgaosDeputados-L39.csv
2026-08-04 03:00:48,167 [WARNING] etl_camara — 404 — não encontrado: http://dadosabertos.camara.leg.br/arquivos/orgaosDeputados/csv/orgaosDeputados-L40.csv
2026-08-04 03:00:48,234 [WARNING] etl_camara — 404 — não encontrado: http://dadosabertos.camara.leg.br/arquivos/orgaosDeputados/csv/orgaosDeputados-L41.csv
2026-08-04 03:00:48,387 [WARNING] etl_camara — 404 — não encontrado: http://dadosabertos.camara.leg.br/arquivos/orgaosDeputados/csv/orgaosDeputados-L43.csv
2026-08-04 03:00:48,432 [WARNING] etl_camara — 404 — não encontrado: http://dadosabertos.camara.leg.br/arquivos/orgaosDeputados/csv/orgaosDeputados-L42.csv
2026-08-04 03:00:48,544 [WARNING] etl_camara — 404 — não encontrado: http://dadosabertos.camara.leg.br/arquivos/orgaosDeputados/csv/orgaosDeputados-L44.csv
2026-08-04 03:00:48,626 [WARNING] etl_camara — 404 — não encontrado: http://dadosabertos.camara.leg.br/arquivos/orgaosDeputados/csv/orgaosDeputados-L45.csv
2026-08-04 03:00:48,746 [WARNING] etl_camara — 404 — não encontrado: http://dadosabertos.camara.leg.br/arquivos/orgaosDeputados/csv/orgaosDeputados-L46.csv
2026-08-04 03:00:48,773 [WARNING] etl_camara — 404 — não encontrado: http://dadosabertos.camara.leg.br/arquivos/orgaosDeputados/csv/orgaosDeputados-L47.csv
2026-08-04 03:00:48,924 [WARNING] etl_camara — 404 — não encontrado: http://dadosabertos.camara.leg.br/arquivos/orgaosDeputados/csv/orgaosDeputados-L48.csv
2026-08-04 03:00:48,982 [WARNING] etl_camara — 404 — não encontrado: http://dadosabertos.camara.leg.br/arquivos/orgaosDeputados/csv/orgaosDeputados-L49.csv
2026-08-04 03:00:49,177 [WARNING] etl_camara — 404 — não encontrado: http://dadosabertos.camara.leg.br/arquivos/orgaosDeputados/csv/orgaosDeputados-L50.csv
2026-08-04 03:00:49,446 [INFO] etl_camara — ✔ orgaosDeputados-L51.csv (12158 linhas)
2026-08-04 03:00:49,889 [INFO] etl_camara — ✔ orgaosDeputados-L52.csv (12512 linhas)
2026-08-04 03:00:59,600 [INFO] etl_camara —   FK-insert votacoes_2026 → 6528 registros
2026-08-04 03:00:59,621 [INFO] etl_camara —   FK-insert deputadosProfissoes → 12594 registros
2026-08-04 03:01:00,029 [INFO] etl_camara — ✔ orgaosDeputados-L53.csv (10994 linhas)
2026-08-04 03:01:00,465 [INFO] etl_camara — ✔ orgaosDeputados-L54.csv (13591 linhas)
2026-08-04 03:01:15,222 [INFO] etl_camara —   FK-insert orgaosDeputados_L51 → 12158 registros
2026-08-04 03:01:15,912 [INFO] etl_camara — ✔ orgaosDeputados-L55.csv (17815 linhas)
2026-08-04 03:01:18,061 [INFO] etl_camara —   FK-insert orgaosDeputados_L52 → 12512 registros
2026-08-04 03:01:18,573 [INFO] etl_camara — ✔ orgaosDeputados-L56.csv (14519 linhas)
2026-08-04 03:01:25,082 [INFO] etl_camara —   FK-insert orgaosDeputados_L53 → 10994 registros
2026-08-04 03:01:25,526 [INFO] etl_camara — ✔ orgaosDeputados-L57.csv (13230 linhas)
2026-08-04 03:01:29,570 [INFO] etl_camara —   FK-insert deputadosOcupacoes → 33058 registros
2026-08-04 03:01:30,834 [INFO] etl_camara — ✔ Ano-2026.csv.zip (88358 linhas)
2026-08-04 03:01:34,861 [INFO] etl_camara —   FK-insert orgaosDeputados_L54 → 13591 registros
2026-08-04 03:01:42,441 [INFO] etl_camara —   FK-insert proposicoesTemas_2026 → 21225 registros
2026-08-04 03:01:49,812 [INFO] etl_camara —   FK-insert orgaosDeputados_L56 → 14519 registros
2026-08-04 03:01:53,003 [INFO] etl_camara —   FK-insert orgaosDeputados_L57 → 13230 registros
2026-08-04 03:01:53,011 [INFO] etl_camara —   FK-insert orgaosDeputados_L55 → 17815 registros
2026-08-04 03:02:03,158 [INFO] etl_camara —   FK-insert eventosPresenca_2026 → 52884 registros
2026-08-04 03:02:22,813 [INFO] etl_camara —   FK-insert proposicoesAutores_2026 → 50597 registros
2026-08-04 03:03:26,002 [INFO] etl_camara —   FK-insert cotas_2026 → 87903 registros
2026-08-04 03:03:26,039 [INFO] etl_camara — ━━━━━━━━━━━━━━━━━━━━━━━━━━━━━━━━━━━━━━━━━━━━━━━━━━━━━━━━━━━━
2026-08-04 03:03:26,040 [INFO] etl_camara — 🌊 Onda 2 — 6 datasets | workers=8
2026-08-04 03:03:26,276 [INFO] etl_camara — ✔ gruposHistorico.csv (412 linhas)
2026-08-04 03:03:26,323 [INFO] etl_camara — ✔ gruposMembros.csv (7091 linhas)
2026-08-04 03:03:26,391 [INFO] etl_camara — ✔ votacoesProposicoes-2026.csv (4943 linhas)
2026-08-04 03:03:26,576 [INFO] etl_camara — → sem alterações (304): frentesDeputados.csv
2026-08-04 03:03:26,843 [INFO] etl_camara —   FK-insert gruposHistorico → 412 registros
2026-08-04 03:03:26,918 [INFO] etl_camara — ✔ votacoesOrientacoes-2026.csv (1734 linhas)
2026-08-04 03:03:26,991 [INFO] etl_camara — ✔ votacoesVotos-2026.csv (48645 linhas)
2026-08-04 03:03:28,950 [INFO] etl_camara —   FK-insert votacoesOrientacoes_2026 → 1734 registros
2026-08-04 03:03:30,493 [INFO] etl_camara —   FK-insert votacoesObjetos_2026 → 4943 registros
2026-08-04 03:03:31,274 [INFO] etl_camara —   FK-insert gruposMembros → 7091 registros
2026-08-04 03:03:50,935 [INFO] etl_camara —   FK-insert votacoesVotos_2026 → 48645 registros
2026-08-04 03:03:50,942 [INFO] etl_camara — ━━━━━━━━━━━━━━━━━━━━━━━━━━━━━━━━━━━━━━━━━━━━━━━━━━━━━━━━━━━━
2026-08-04 03:03:50,942 [INFO] etl_camara — 🏁 ETL concluído — processados: 36 | sem alteração (304): 2 | histórico pulado: 0 | erros: 50 | total: 88
2026-08-04 03:03:50,942 [WARNING] etl_camara — Datasets com falha (50): ['orgaosDeputados_L1', 'orgaosDeputados_L3', 'orgaosDeputados_L2', 'orgaosDeputados_L5', 'orgaosDeputados_L4', 'orgaosDeputados_L7', 'orgaosDeputados_L6', 'orgaosDeputados_L8', 'orgaosDeputados_L9', 'orgaosDeputados_L10', 'orgaosDeputados_L11', 'orgaosDeputados_L12', 'orgaosDeputados_L13', 'orgaosDeputados_L15', 'orgaosDeputados_L14', 'orgaosDeputados_L16', 'orgaosDeputados_L18', 'orgaosDeputados_L17', 'orgaosDeputados_L20', 'orgaosDeputados_L19', 'orgaosDeputados_L21', 'orgaosDeputados_L22', 'orgaosDeputados_L24', 'orgaosDeputados_L23', 'orgaosDeputados_L25', 'orgaosDeputados_L26', 'orgaosDeputados_L28', 'orgaosDeputados_L27', 'orgaosDeputados_L29', 'orgaosDeputados_L30', 'orgaosDeputados_L32', 'orgaosDeputados_L31', 'orgaosDeputados_L34', 'orgaosDeputados_L33', 'orgaosDeputados_L35', 'orgaosDeputados_L37', 'orgaosDeputados_L36', 'orgaosDeputados_L38', 'orgaosDeputados_L39', 'orgaosDeputados_L40', 'orgaosDeputados_L41', 'orgaosDeputados_L43', 'orgaosDeputados_L42', 'orgaosDeputados_L44', 'orgaosDeputados_L45', 'orgaosDeputados_L46', 'orgaosDeputados_L47', 'orgaosDeputados_L48', 'orgaosDeputados_L49', 'orgaosDeputados_L50']
2026-08-04 03:03:50,943 [ERROR] etl_camara — ETL finalizado com 50 dataset(s) em erro — saindo com código 1
2026-08-04 03:08:53,150 [INFO] etl_camara — Banco: postgres:5432/quemvota
2026-08-04 03:08:53,150 [INFO] etl_camara — Cache: etl_cache.json
2026-08-04 03:08:53,150 [INFO] etl_camara — Workers — download: 8 | backfill: 4
2026-08-04 03:08:53,161 [INFO] etl_camara — Iniciando ETL: 88 datasets | anos=[2026] | legislaturas=[1, 2, 3, 4, 5, 6, 7, 8, 9, 10, 11, 12, 13, 14, 15, 16, 17, 18, 19, 20, 21, 22, 23, 24, 25, 26, 27, 28, 29, 30, 31, 32, 33, 34, 35, 36, 37, 38, 39, 40, 41, 42, 43, 44, 45, 46, 47, 48, 49, 50, 51, 52, 53, 54, 55, 56, 57]
2026-08-04 03:08:53,161 [INFO] etl_camara — ━━━━━━━━━━━━━━━━━━━━━━━━━━━━━━━━━━━━━━━━━━━━━━━━━━━━━━━━━━━━
2026-08-04 03:08:53,161 [INFO] etl_camara — 🌊 Onda 0 — 9 datasets | workers=8
2026-08-04 03:08:53,374 [INFO] etl_camara — → sem alterações (304): legislaturas.csv
2026-08-04 03:08:53,383 [INFO] etl_camara — → sem alterações (304): orgaos.csv
2026-08-04 03:08:53,389 [INFO] etl_camara — → sem alterações (304): funcionarios.csv
2026-08-04 03:08:53,576 [INFO] etl_camara — → sem alterações (304): proposicoes-2026.csv
2026-08-04 03:08:53,582 [INFO] etl_camara — → sem alterações (304): deputados.csv
2026-08-04 03:08:53,585 [INFO] etl_camara — → sem alterações (304): eventos-2026.csv
2026-08-04 03:08:53,784 [INFO] etl_camara — → sem alterações (304): tecadCategorias.csv
2026-08-04 03:08:53,786 [INFO] etl_camara — → sem alterações (304): tecadTermos.csv
2026-08-04 03:08:53,977 [INFO] etl_camara — → sem alterações (304): licitacoes-2026.csv
2026-08-04 03:08:53,979 [INFO] etl_camara — ━━━━━━━━━━━━━━━━━━━━━━━━━━━━━━━━━━━━━━━━━━━━━━━━━━━━━━━━━━━━
2026-08-04 03:08:53,979 [INFO] etl_camara — 🌊 Onda 1 — 73 datasets | workers=8
2026-08-04 03:08:54,101 [INFO] etl_camara — → sem alterações (304): deputadosProfissoes.csv
2026-08-04 03:08:54,103 [INFO] etl_camara — → sem alterações (304): frentes.csv
2026-08-04 03:08:54,176 [INFO] etl_camara — → sem alterações (304): eventosRequerimentos-2026.csv
2026-08-04 03:08:54,303 [INFO] etl_camara — → sem alterações (304): grupos.csv
2026-08-04 03:08:54,310 [INFO] etl_camara — → sem alterações (304): deputadosOcupacoes.csv
2026-08-04 03:08:54,375 [INFO] etl_camara — → sem alterações (304): eventosOrgaos-2026.csv
2026-08-04 03:08:54,509 [INFO] etl_camara — → sem alterações (304): eventosPresencaDeputados-2026.csv
2026-08-04 03:08:54,514 [INFO] etl_camara — → sem alterações (304): legislaturasMesas.csv
2026-08-04 03:08:54,576 [INFO] etl_camara — → sem alterações (304): proposicoesAutores-2026.csv
2026-08-04 03:08:54,704 [INFO] etl_camara — → sem alterações (304): proposicoesTemas-2026.csv
2026-08-04 03:08:54,776 [INFO] etl_camara — → sem alterações (304): licitacoesPropostas-2026.csv
2026-08-04 03:08:54,912 [INFO] etl_camara — → sem alterações (304): votacoes-2026.csv
2026-08-04 03:08:54,976 [INFO] etl_camara — → sem alterações (304): licitacoesItens-2026.csv
2026-08-04 03:08:55,103 [INFO] etl_camara — → sem alterações (304): licitacoesPedidos-2026.csv
2026-08-04 03:08:55,130 [WARNING] etl_camara — 404 — não encontrado: http://dadosabertos.camara.leg.br/arquivos/orgaosDeputados/csv/orgaosDeputados-L6.csv
2026-08-04 03:08:55,185 [WARNING] etl_camara — 404 — não encontrado: http://dadosabertos.camara.leg.br/arquivos/orgaosDeputados/csv/orgaosDeputados-L1.csv
2026-08-04 03:08:55,303 [INFO] etl_camara — → sem alterações (304): licitacoesContratos-2026.csv
2026-08-04 03:08:55,329 [WARNING] etl_camara — 404 — não encontrado: http://dadosabertos.camara.leg.br/arquivos/orgaosDeputados/csv/orgaosDeputados-L7.csv
2026-08-04 03:08:55,502 [WARNING] etl_camara — 404 — não encontrado: http://dadosabertos.camara.leg.br/arquivos/orgaosDeputados/csv/orgaosDeputados-L2.csv
2026-08-04 03:08:55,536 [WARNING] etl_camara — 404 — não encontrado: http://dadosabertos.camara.leg.br/arquivos/orgaosDeputados/csv/orgaosDeputados-L8.csv
2026-08-04 03:08:55,644 [WARNING] etl_camara — 404 — não encontrado: http://dadosabertos.camara.leg.br/arquivos/orgaosDeputados/csv/orgaosDeputados-L12.csv
2026-08-04 03:08:55,710 [WARNING] etl_camara — 404 — não encontrado: http://dadosabertos.camara.leg.br/arquivos/orgaosDeputados/csv/orgaosDeputados-L3.csv
2026-08-04 03:08:55,736 [WARNING] etl_camara — 404 — não encontrado: http://dadosabertos.camara.leg.br/arquivos/orgaosDeputados/csv/orgaosDeputados-L9.csv
2026-08-04 03:08:55,870 [WARNING] etl_camara — 404 — não encontrado: http://dadosabertos.camara.leg.br/arquivos/orgaosDeputados/csv/orgaosDeputados-L15.csv
2026-08-04 03:08:55,902 [WARNING] etl_camara — 404 — não encontrado: http://dadosabertos.camara.leg.br/arquivos/orgaosDeputados/csv/orgaosDeputados-L4.csv
2026-08-04 03:08:55,948 [WARNING] etl_camara — 404 — não encontrado: http://dadosabertos.camara.leg.br/arquivos/orgaosDeputados/csv/orgaosDeputados-L10.csv
2026-08-04 03:08:56,070 [WARNING] etl_camara — 404 — não encontrado: http://dadosabertos.camara.leg.br/arquivos/orgaosDeputados/csv/orgaosDeputados-L16.csv
2026-08-04 03:08:56,136 [WARNING] etl_camara — 404 — não encontrado: http://dadosabertos.camara.leg.br/arquivos/orgaosDeputados/csv/orgaosDeputados-L13.csv
2026-08-04 03:08:56,307 [WARNING] etl_camara — 404 — não encontrado: http://dadosabertos.camara.leg.br/arquivos/orgaosDeputados/csv/orgaosDeputados-L11.csv
2026-08-04 03:08:56,330 [WARNING] etl_camara — 404 — não encontrado: http://dadosabertos.camara.leg.br/arquivos/orgaosDeputados/csv/orgaosDeputados-L18.csv
2026-08-04 03:08:56,535 [WARNING] etl_camara — 404 — não encontrado: http://dadosabertos.camara.leg.br/arquivos/orgaosDeputados/csv/orgaosDeputados-L20.csv
2026-08-04 03:08:56,703 [WARNING] etl_camara — 404 — não encontrado: http://dadosabertos.camara.leg.br/arquivos/orgaosDeputados/csv/orgaosDeputados-L19.csv
2026-08-04 03:08:56,709 [WARNING] etl_camara — 404 — não encontrado: http://dadosabertos.camara.leg.br/arquivos/orgaosDeputados/csv/orgaosDeputados-L24.csv
2026-08-04 03:08:56,737 [WARNING] etl_camara — 404 — não encontrado: http://dadosabertos.camara.leg.br/arquivos/orgaosDeputados/csv/orgaosDeputados-L23.csv
2026-08-04 03:08:56,910 [WARNING] etl_camara — 404 — não encontrado: http://dadosabertos.camara.leg.br/arquivos/orgaosDeputados/csv/orgaosDeputados-L22.csv
2026-08-04 03:08:56,929 [WARNING] etl_camara — 404 — não encontrado: http://dadosabertos.camara.leg.br/arquivos/orgaosDeputados/csv/orgaosDeputados-L26.csv
2026-08-04 03:08:57,103 [WARNING] etl_camara — 404 — não encontrado: http://dadosabertos.camara.leg.br/arquivos/orgaosDeputados/csv/orgaosDeputados-L29.csv
2026-08-04 03:08:57,138 [WARNING] etl_camara — 404 — não encontrado: http://dadosabertos.camara.leg.br/arquivos/orgaosDeputados/csv/orgaosDeputados-L25.csv
2026-08-04 03:08:57,244 [WARNING] etl_camara — 404 — não encontrado: http://dadosabertos.camara.leg.br/arquivos/orgaosDeputados/csv/orgaosDeputados-L30.csv
2026-08-04 03:08:57,328 [WARNING] etl_camara — 404 — não encontrado: http://dadosabertos.camara.leg.br/arquivos/orgaosDeputados/csv/orgaosDeputados-L27.csv
2026-08-04 03:08:57,452 [WARNING] etl_camara — 404 — não encontrado: http://dadosabertos.camara.leg.br/arquivos/orgaosDeputados/csv/orgaosDeputados-L32.csv
2026-08-04 03:08:57,519 [WARNING] etl_camara — 404 — não encontrado: http://dadosabertos.camara.leg.br/arquivos/orgaosDeputados/csv/orgaosDeputados-L5.csv
2026-08-04 03:08:57,521 [WARNING] etl_camara — 404 — não encontrado: http://dadosabertos.camara.leg.br/arquivos/orgaosDeputados/csv/orgaosDeputados-L21.csv
2026-08-04 03:08:57,524 [WARNING] etl_camara — 404 — não encontrado: http://dadosabertos.camara.leg.br/arquivos/orgaosDeputados/csv/orgaosDeputados-L31.csv
2026-08-04 03:08:57,526 [WARNING] etl_camara — 404 — não encontrado: http://dadosabertos.camara.leg.br/arquivos/orgaosDeputados/csv/orgaosDeputados-L14.csv
2026-08-04 03:08:57,528 [WARNING] etl_camara — 404 — não encontrado: http://dadosabertos.camara.leg.br/arquivos/orgaosDeputados/csv/orgaosDeputados-L17.csv
2026-08-04 03:08:57,539 [WARNING] etl_camara — 404 — não encontrado: http://dadosabertos.camara.leg.br/arquivos/orgaosDeputados/csv/orgaosDeputados-L28.csv
2026-08-04 03:08:57,652 [WARNING] etl_camara — 404 — não encontrado: http://dadosabertos.camara.leg.br/arquivos/orgaosDeputados/csv/orgaosDeputados-L33.csv
2026-08-04 03:08:57,654 [WARNING] etl_camara — 404 — não encontrado: http://dadosabertos.camara.leg.br/arquivos/orgaosDeputados/csv/orgaosDeputados-L34.csv
2026-08-04 03:08:57,735 [WARNING] etl_camara — 404 — não encontrado: http://dadosabertos.camara.leg.br/arquivos/orgaosDeputados/csv/orgaosDeputados-L36.csv
2026-08-04 03:08:57,803 [WARNING] etl_camara — 404 — não encontrado: http://dadosabertos.camara.leg.br/arquivos/orgaosDeputados/csv/orgaosDeputados-L37.csv
2026-08-04 03:08:57,845 [WARNING] etl_camara — 404 — não encontrado: http://dadosabertos.camara.leg.br/arquivos/orgaosDeputados/csv/orgaosDeputados-L38.csv
2026-08-04 03:08:57,939 [WARNING] etl_camara — 404 — não encontrado: http://dadosabertos.camara.leg.br/arquivos/orgaosDeputados/csv/orgaosDeputados-L35.csv
2026-08-04 03:08:58,004 [WARNING] etl_camara — 404 — não encontrado: http://dadosabertos.camara.leg.br/arquivos/orgaosDeputados/csv/orgaosDeputados-L40.csv
2026-08-04 03:08:58,051 [WARNING] etl_camara — 404 — não encontrado: http://dadosabertos.camara.leg.br/arquivos/orgaosDeputados/csv/orgaosDeputados-L39.csv
2026-08-04 03:08:58,136 [WARNING] etl_camara — 404 — não encontrado: http://dadosabertos.camara.leg.br/arquivos/orgaosDeputados/csv/orgaosDeputados-L45.csv
2026-08-04 03:08:58,203 [WARNING] etl_camara — 404 — não encontrado: http://dadosabertos.camara.leg.br/arquivos/orgaosDeputados/csv/orgaosDeputados-L42.csv
2026-08-04 03:08:58,336 [WARNING] etl_camara — 404 — não encontrado: http://dadosabertos.camara.leg.br/arquivos/orgaosDeputados/csv/orgaosDeputados-L46.csv
2026-08-04 03:08:58,530 [WARNING] etl_camara — 404 — não encontrado: http://dadosabertos.camara.leg.br/arquivos/orgaosDeputados/csv/orgaosDeputados-L47.csv
2026-08-04 03:08:58,670 [WARNING] etl_camara — 404 — não encontrado: http://dadosabertos.camara.leg.br/arquivos/orgaosDeputados/csv/orgaosDeputados-L41.csv
2026-08-04 03:08:58,672 [WARNING] etl_camara — 404 — não encontrado: http://dadosabertos.camara.leg.br/arquivos/orgaosDeputados/csv/orgaosDeputados-L43.csv
2026-08-04 03:08:58,677 [INFO] etl_camara — → sem alterações (304): orgaosDeputados-L52.csv
2026-08-04 03:08:58,736 [WARNING] etl_camara — 404 — não encontrado: http://dadosabertos.camara.leg.br/arquivos/orgaosDeputados/csv/orgaosDeputados-L48.csv
2026-08-04 03:08:58,797 [WARNING] etl_camara — 404 — não encontrado: http://dadosabertos.camara.leg.br/arquivos/orgaosDeputados/csv/orgaosDeputados-L44.csv
2026-08-04 03:08:58,928 [WARNING] etl_camara — 404 — não encontrado: http://dadosabertos.camara.leg.br/arquivos/orgaosDeputados/csv/orgaosDeputados-L49.csv
2026-08-04 03:08:58,955 [INFO] etl_camara — → sem alterações (304): orgaosDeputados-L57.csv
2026-08-04 03:08:59,004 [WARNING] etl_camara — 404 — não encontrado: http://dadosabertos.camara.leg.br/arquivos/orgaosDeputados/csv/orgaosDeputados-L50.csv
2026-08-04 03:08:59,093 [INFO] etl_camara — → sem alterações (304): Ano-2026.csv.zip
2026-08-04 03:08:59,127 [INFO] etl_camara — → sem alterações (304): orgaosDeputados-L51.csv
2026-08-04 03:08:59,340 [INFO] etl_camara — → sem alterações (304): orgaosDeputados-L54.csv
2026-08-04 03:08:59,395 [INFO] etl_camara — → sem alterações (304): orgaosDeputados-L56.csv
2026-08-04 03:08:59,538 [INFO] etl_camara — → sem alterações (304): orgaosDeputados-L55.csv
2026-08-04 03:08:59,992 [INFO] etl_camara — → sem alterações (304): orgaosDeputados-L53.csv
2026-08-04 03:08:59,994 [INFO] etl_camara — ━━━━━━━━━━━━━━━━━━━━━━━━━━━━━━━━━━━━━━━━━━━━━━━━━━━━━━━━━━━━
2026-08-04 03:08:59,994 [INFO] etl_camara — 🌊 Onda 2 — 6 datasets | workers=8
2026-08-04 03:09:00,119 [INFO] etl_camara — → sem alterações (304): votacoesVotos-2026.csv
2026-08-04 03:09:00,140 [INFO] etl_camara — → sem alterações (304): votacoesOrientacoes-2026.csv
2026-08-04 03:09:00,327 [INFO] etl_camara — → sem alterações (304): frentesDeputados.csv
2026-08-04 03:09:00,331 [INFO] etl_camara — → sem alterações (304): gruposMembros.csv
2026-08-04 03:09:00,527 [INFO] etl_camara — → sem alterações (304): gruposHistorico.csv
2026-08-04 03:09:00,540 [INFO] etl_camara — → sem alterações (304): votacoesProposicoes-2026.csv
2026-08-04 03:09:00,542 [INFO] etl_camara — ━━━━━━━━━━━━━━━━━━━━━━━━━━━━━━━━━━━━━━━━━━━━━━━━━━━━━━━━━━━━
2026-08-04 03:09:00,542 [INFO] etl_camara — 🏁 ETL concluído — processados: 0 | sem alteração (304): 38 | histórico pulado: 0 | erros: 50 | total: 88
2026-08-04 03:09:00,542 [WARNING] etl_camara — Datasets com falha (50): ['orgaosDeputados_L6', 'orgaosDeputados_L1', 'orgaosDeputados_L7', 'orgaosDeputados_L2', 'orgaosDeputados_L8', 'orgaosDeputados_L12', 'orgaosDeputados_L3', 'orgaosDeputados_L9', 'orgaosDeputados_L15', 'orgaosDeputados_L4', 'orgaosDeputados_L10', 'orgaosDeputados_L16', 'orgaosDeputados_L13', 'orgaosDeputados_L11', 'orgaosDeputados_L18', 'orgaosDeputados_L20', 'orgaosDeputados_L19', 'orgaosDeputados_L24', 'orgaosDeputados_L23', 'orgaosDeputados_L22', 'orgaosDeputados_L26', 'orgaosDeputados_L29', 'orgaosDeputados_L25', 'orgaosDeputados_L30', 'orgaosDeputados_L27', 'orgaosDeputados_L32', 'orgaosDeputados_L5', 'orgaosDeputados_L21', 'orgaosDeputados_L31', 'orgaosDeputados_L14', 'orgaosDeputados_L17', 'orgaosDeputados_L28', 'orgaosDeputados_L33', 'orgaosDeputados_L34', 'orgaosDeputados_L36', 'orgaosDeputados_L37', 'orgaosDeputados_L38', 'orgaosDeputados_L35', 'orgaosDeputados_L40', 'orgaosDeputados_L39', 'orgaosDeputados_L45', 'orgaosDeputados_L42', 'orgaosDeputados_L46', 'orgaosDeputados_L47', 'orgaosDeputados_L41', 'orgaosDeputados_L43', 'orgaosDeputados_L48', 'orgaosDeputados_L44', 'orgaosDeputados_L49', 'orgaosDeputados_L50']
2026-08-04 03:09:00,542 [ERROR] etl_camara — ETL finalizado com 50 dataset(s) em erro — saindo com código 1
2026-08-04 03:14:02,871 [INFO] etl_camara — Banco: postgres:5432/quemvota
2026-08-04 03:14:02,871 [INFO] etl_camara — Cache: etl_cache.json
2026-08-04 03:14:02,871 [INFO] etl_camara — Workers — download: 8 | backfill: 4
2026-08-04 03:14:02,882 [INFO] etl_camara — Iniciando ETL: 88 datasets | anos=[2026] | legislaturas=[1, 2, 3, 4, 5, 6, 7, 8, 9, 10, 11, 12, 13, 14, 15, 16, 17, 18, 19, 20, 21, 22, 23, 24, 25, 26, 27, 28, 29, 30, 31, 32, 33, 34, 35, 36, 37, 38, 39, 40, 41, 42, 43, 44, 45, 46, 47, 48, 49, 50, 51, 52, 53, 54, 55, 56, 57]
2026-08-04 03:14:02,882 [INFO] etl_camara — ━━━━━━━━━━━━━━━━━━━━━━━━━━━━━━━━━━━━━━━━━━━━━━━━━━━━━━━━━━━━
2026-08-04 03:14:02,882 [INFO] etl_camara — 🌊 Onda 0 — 9 datasets | workers=8
2026-08-04 03:14:03,088 [INFO] etl_camara — → sem alterações (304): eventos-2026.csv
2026-08-04 03:14:03,095 [INFO] etl_camara — → sem alterações (304): tecadCategorias.csv
2026-08-04 03:14:03,113 [INFO] etl_camara — → sem alterações (304): tecadTermos.csv
2026-08-04 03:14:03,295 [INFO] etl_camara — → sem alterações (304): legislaturas.csv
2026-08-04 03:14:03,295 [INFO] etl_camara — → sem alterações (304): funcionarios.csv
2026-08-04 03:14:03,488 [INFO] etl_camara — → sem alterações (304): deputados.csv
2026-08-04 03:14:03,495 [INFO] etl_camara — → sem alterações (304): proposicoes-2026.csv
2026-08-04 03:14:03,702 [INFO] etl_camara — → sem alterações (304): orgaos.csv
2026-08-04 03:14:03,904 [INFO] etl_camara — → sem alterações (304): licitacoes-2026.csv
2026-08-04 03:14:03,906 [INFO] etl_camara — ━━━━━━━━━━━━━━━━━━━━━━━━━━━━━━━━━━━━━━━━━━━━━━━━━━━━━━━━━━━━
2026-08-04 03:14:03,906 [INFO] etl_camara — 🌊 Onda 1 — 73 datasets | workers=8
2026-08-04 03:14:04,034 [INFO] etl_camara — → sem alterações (304): deputadosProfissoes.csv
2026-08-04 03:14:04,054 [INFO] etl_camara — → sem alterações (304): legislaturasMesas.csv
2026-08-04 03:14:04,103 [INFO] etl_camara — → sem alterações (304): eventosRequerimentos-2026.csv
2026-08-04 03:14:04,239 [INFO] etl_camara — → sem alterações (304): grupos.csv
2026-08-04 03:14:04,246 [INFO] etl_camara — → sem alterações (304): eventosPresencaDeputados-2026.csv
2026-08-04 03:14:04,295 [INFO] etl_camara — → sem alterações (304): deputadosOcupacoes.csv
2026-08-04 03:14:04,430 [INFO] etl_camara — → sem alterações (304): votacoes-2026.csv
2026-08-04 03:14:04,453 [INFO] etl_camara — → sem alterações (304): licitacoesPropostas-2026.csv
2026-08-04 03:14:04,503 [INFO] etl_camara — → sem alterações (304): eventosOrgaos-2026.csv
2026-08-04 03:14:04,638 [INFO] etl_camara — → sem alterações (304): licitacoesPedidos-2026.csv
2026-08-04 03:14:04,656 [INFO] etl_camara — → sem alterações (304): licitacoesContratos-2026.csv
2026-08-04 03:14:04,828 [INFO] etl_camara — → sem alterações (304): licitacoesItens-2026.csv
2026-08-04 03:14:04,853 [WARNING] etl_camara — 404 — não encontrado: http://dadosabertos.camara.leg.br/arquivos/orgaosDeputados/csv/orgaosDeputados-L1.csv
2026-08-04 03:14:04,866 [INFO] etl_camara — ✔ frentes.csv (1443 linhas)
2026-08-04 03:14:04,917 [INFO] etl_camara — → sem alterações (304): proposicoesAutores-2026.csv
2026-08-04 03:14:05,060 [WARNING] etl_camara — 404 — não encontrado: http://dadosabertos.camara.leg.br/arquivos/orgaosDeputados/csv/orgaosDeputados-L3.csv
2026-08-04 03:14:05,072 [WARNING] etl_camara — 404 — não encontrado: http://dadosabertos.camara.leg.br/arquivos/orgaosDeputados/csv/orgaosDeputados-L7.csv
2026-08-04 03:14:05,097 [INFO] etl_camara — → sem alterações (304): proposicoesTemas-2026.csv
2026-08-04 03:14:05,254 [WARNING] etl_camara — 404 — não encontrado: http://dadosabertos.camara.leg.br/arquivos/orgaosDeputados/csv/orgaosDeputados-L4.csv
2026-08-04 03:14:05,270 [WARNING] etl_camara — 404 — não encontrado: http://dadosabertos.camara.leg.br/arquivos/orgaosDeputados/csv/orgaosDeputados-L6.csv
2026-08-04 03:14:05,295 [WARNING] etl_camara — 404 — não encontrado: http://dadosabertos.camara.leg.br/arquivos/orgaosDeputados/csv/orgaosDeputados-L2.csv
2026-08-04 03:14:05,444 [WARNING] etl_camara — 404 — não encontrado: http://dadosabertos.camara.leg.br/arquivos/orgaosDeputados/csv/orgaosDeputados-L5.csv
2026-08-04 03:14:05,462 [WARNING] etl_camara — 404 — não encontrado: http://dadosabertos.camara.leg.br/arquivos/orgaosDeputados/csv/orgaosDeputados-L9.csv
2026-08-04 03:14:05,593 [WARNING] etl_camara — 404 — não encontrado: http://dadosabertos.camara.leg.br/arquivos/orgaosDeputados/csv/orgaosDeputados-L14.csv
2026-08-04 03:14:05,651 [WARNING] etl_camara — 404 — não encontrado: http://dadosabertos.camara.leg.br/arquivos/orgaosDeputados/csv/orgaosDeputados-L8.csv
2026-08-04 03:14:05,663 [WARNING] etl_camara — 404 — não encontrado: http://dadosabertos.camara.leg.br/arquivos/orgaosDeputados/csv/orgaosDeputados-L10.csv
2026-08-04 03:14:05,800 [WARNING] etl_camara — 404 — não encontrado: http://dadosabertos.camara.leg.br/arquivos/orgaosDeputados/csv/orgaosDeputados-L15.csv
2026-08-04 03:14:05,852 [WARNING] etl_camara — 404 — não encontrado: http://dadosabertos.camara.leg.br/arquivos/orgaosDeputados/csv/orgaosDeputados-L11.csv
2026-08-04 03:14:05,873 [WARNING] etl_camara — 404 — não encontrado: http://dadosabertos.camara.leg.br/arquivos/orgaosDeputados/csv/orgaosDeputados-L12.csv
2026-08-04 03:14:05,998 [WARNING] etl_camara — 404 — não encontrado: http://dadosabertos.camara.leg.br/arquivos/orgaosDeputados/csv/orgaosDeputados-L18.csv
2026-08-04 03:14:06,053 [WARNING] etl_camara — 404 — não encontrado: http://dadosabertos.camara.leg.br/arquivos/orgaosDeputados/csv/orgaosDeputados-L17.csv
2026-08-04 03:14:06,062 [WARNING] etl_camara — 404 — não encontrado: http://dadosabertos.camara.leg.br/arquivos/orgaosDeputados/csv/orgaosDeputados-L13.csv
2026-08-04 03:14:06,199 [WARNING] etl_camara — 404 — não encontrado: http://dadosabertos.camara.leg.br/arquivos/orgaosDeputados/csv/orgaosDeputados-L21.csv
2026-08-04 03:14:06,252 [WARNING] etl_camara — 404 — não encontrado: http://dadosabertos.camara.leg.br/arquivos/orgaosDeputados/csv/orgaosDeputados-L19.csv
2026-08-04 03:14:06,262 [WARNING] etl_camara — 404 — não encontrado: http://dadosabertos.camara.leg.br/arquivos/orgaosDeputados/csv/orgaosDeputados-L16.csv
2026-08-04 03:14:06,390 [WARNING] etl_camara — 404 — não encontrado: http://dadosabertos.camara.leg.br/arquivos/orgaosDeputados/csv/orgaosDeputados-L25.csv
2026-08-04 03:14:06,444 [WARNING] etl_camara — 404 — não encontrado: http://dadosabertos.camara.leg.br/arquivos/orgaosDeputados/csv/orgaosDeputados-L20.csv
2026-08-04 03:14:06,461 [WARNING] etl_camara — 404 — não encontrado: http://dadosabertos.camara.leg.br/arquivos/orgaosDeputados/csv/orgaosDeputados-L22.csv
2026-08-04 03:14:06,590 [WARNING] etl_camara — 404 — não encontrado: http://dadosabertos.camara.leg.br/arquivos/orgaosDeputados/csv/orgaosDeputados-L27.csv
2026-08-04 03:14:06,648 [INFO] etl_camara —   FK-insert frentes → 1443 registros
2026-08-04 03:14:06,653 [WARNING] etl_camara — 404 — não encontrado: http://dadosabertos.camara.leg.br/arquivos/orgaosDeputados/csv/orgaosDeputados-L23.csv
2026-08-04 03:14:06,671 [WARNING] etl_camara — 404 — não encontrado: http://dadosabertos.camara.leg.br/arquivos/orgaosDeputados/csv/orgaosDeputados-L24.csv
2026-08-04 03:14:06,797 [WARNING] etl_camara — 404 — não encontrado: http://dadosabertos.camara.leg.br/arquivos/orgaosDeputados/csv/orgaosDeputados-L28.csv
2026-08-04 03:14:06,845 [WARNING] etl_camara — 404 — não encontrado: http://dadosabertos.camara.leg.br/arquivos/orgaosDeputados/csv/orgaosDeputados-L26.csv
2026-08-04 03:14:06,869 [WARNING] etl_camara — 404 — não encontrado: http://dadosabertos.camara.leg.br/arquivos/orgaosDeputados/csv/orgaosDeputados-L29.csv
2026-08-04 03:14:06,999 [WARNING] etl_camara — 404 — não encontrado: http://dadosabertos.camara.leg.br/arquivos/orgaosDeputados/csv/orgaosDeputados-L31.csv
2026-08-04 03:14:07,054 [WARNING] etl_camara — 404 — não encontrado: http://dadosabertos.camara.leg.br/arquivos/orgaosDeputados/csv/orgaosDeputados-L32.csv
2026-08-04 03:14:07,074 [WARNING] etl_camara — 404 — não encontrado: http://dadosabertos.camara.leg.br/arquivos/orgaosDeputados/csv/orgaosDeputados-L30.csv
2026-08-04 03:14:07,189 [WARNING] etl_camara — 404 — não encontrado: http://dadosabertos.camara.leg.br/arquivos/orgaosDeputados/csv/orgaosDeputados-L38.csv
2026-08-04 03:14:07,253 [WARNING] etl_camara — 404 — não encontrado: http://dadosabertos.camara.leg.br/arquivos/orgaosDeputados/csv/orgaosDeputados-L33.csv
2026-08-04 03:14:07,268 [WARNING] etl_camara — 404 — não encontrado: http://dadosabertos.camara.leg.br/arquivos/orgaosDeputados/csv/orgaosDeputados-L34.csv
2026-08-04 03:14:07,397 [WARNING] etl_camara — 404 — não encontrado: http://dadosabertos.camara.leg.br/arquivos/orgaosDeputados/csv/orgaosDeputados-L39.csv
2026-08-04 03:14:07,445 [WARNING] etl_camara — 404 — não encontrado: http://dadosabertos.camara.leg.br/arquivos/orgaosDeputados/csv/orgaosDeputados-L41.csv
2026-08-04 03:14:07,462 [WARNING] etl_camara — 404 — não encontrado: http://dadosabertos.camara.leg.br/arquivos/orgaosDeputados/csv/orgaosDeputados-L35.csv
2026-08-04 03:14:07,653 [WARNING] etl_camara — 404 — não encontrado: http://dadosabertos.camara.leg.br/arquivos/orgaosDeputados/csv/orgaosDeputados-L43.csv
2026-08-04 03:14:07,669 [WARNING] etl_camara — 404 — não encontrado: http://dadosabertos.camara.leg.br/arquivos/orgaosDeputados/csv/orgaosDeputados-L36.csv
2026-08-04 03:14:07,822 [WARNING] etl_camara — 404 — não encontrado: http://dadosabertos.camara.leg.br/arquivos/orgaosDeputados/csv/orgaosDeputados-L48.csv
2026-08-04 03:14:07,845 [WARNING] etl_camara — 404 — não encontrado: http://dadosabertos.camara.leg.br/arquivos/orgaosDeputados/csv/orgaosDeputados-L44.csv
2026-08-04 03:14:07,869 [WARNING] etl_camara — 404 — não encontrado: http://dadosabertos.camara.leg.br/arquivos/orgaosDeputados/csv/orgaosDeputados-L37.csv
2026-08-04 03:14:08,023 [INFO] etl_camara — → sem alterações (304): orgaosDeputados-L51.csv
2026-08-04 03:14:08,053 [WARNING] etl_camara — 404 — não encontrado: http://dadosabertos.camara.leg.br/arquivos/orgaosDeputados/csv/orgaosDeputados-L49.csv
2026-08-04 03:14:08,069 [WARNING] etl_camara — 404 — não encontrado: http://dadosabertos.camara.leg.br/arquivos/orgaosDeputados/csv/orgaosDeputados-L40.csv
2026-08-04 03:14:08,231 [INFO] etl_camara — → sem alterações (304): orgaosDeputados-L53.csv
2026-08-04 03:14:08,252 [WARNING] etl_camara — 404 — não encontrado: http://dadosabertos.camara.leg.br/arquivos/orgaosDeputados/csv/orgaosDeputados-L50.csv
2026-08-04 03:14:08,262 [WARNING] etl_camara — 404 — não encontrado: http://dadosabertos.camara.leg.br/arquivos/orgaosDeputados/csv/orgaosDeputados-L42.csv
2026-08-04 03:14:08,422 [INFO] etl_camara — → sem alterações (304): orgaosDeputados-L55.csv
2026-08-04 03:14:08,471 [WARNING] etl_camara — 404 — não encontrado: http://dadosabertos.camara.leg.br/arquivos/orgaosDeputados/csv/orgaosDeputados-L45.csv
2026-08-04 03:14:08,482 [INFO] etl_camara — → sem alterações (304): orgaosDeputados-L57.csv
2026-08-04 03:14:08,644 [INFO] etl_camara — → sem alterações (304): Ano-2026.csv.zip
2026-08-04 03:14:08,652 [INFO] etl_camara — → sem alterações (304): orgaosDeputados-L56.csv
2026-08-04 03:14:08,661 [WARNING] etl_camara — 404 — não encontrado: http://dadosabertos.camara.leg.br/arquivos/orgaosDeputados/csv/orgaosDeputados-L46.csv
2026-08-04 03:14:08,870 [WARNING] etl_camara — 404 — não encontrado: http://dadosabertos.camara.leg.br/arquivos/orgaosDeputados/csv/orgaosDeputados-L47.csv
2026-08-04 03:14:09,069 [INFO] etl_camara — → sem alterações (304): orgaosDeputados-L52.csv
2026-08-04 03:14:09,269 [INFO] etl_camara — → sem alterações (304): orgaosDeputados-L54.csv
2026-08-04 03:14:09,271 [INFO] etl_camara — ━━━━━━━━━━━━━━━━━━━━━━━━━━━━━━━━━━━━━━━━━━━━━━━━━━━━━━━━━━━━
2026-08-04 03:14:09,271 [INFO] etl_camara — 🌊 Onda 2 — 6 datasets | workers=8
2026-08-04 03:14:09,421 [INFO] etl_camara — → sem alterações (304): votacoesVotos-2026.csv
2026-08-04 03:14:09,462 [INFO] etl_camara — → sem alterações (304): frentesDeputados.csv
2026-08-04 03:14:09,472 [INFO] etl_camara — → sem alterações (304): votacoesOrientacoes-2026.csv
2026-08-04 03:14:09,622 [INFO] etl_camara — → sem alterações (304): votacoesProposicoes-2026.csv
2026-08-04 03:14:09,664 [INFO] etl_camara — → sem alterações (304): gruposMembros.csv
2026-08-04 03:14:09,823 [INFO] etl_camara — → sem alterações (304): gruposHistorico.csv
2026-08-04 03:14:09,825 [INFO] etl_camara — ━━━━━━━━━━━━━━━━━━━━━━━━━━━━━━━━━━━━━━━━━━━━━━━━━━━━━━━━━━━━
2026-08-04 03:14:09,826 [INFO] etl_camara — 🏁 ETL concluído — processados: 1 | sem alteração (304): 37 | histórico pulado: 0 | erros: 50 | total: 88
2026-08-04 03:14:09,826 [WARNING] etl_camara — Datasets com falha (50): ['orgaosDeputados_L1', 'orgaosDeputados_L3', 'orgaosDeputados_L7', 'orgaosDeputados_L4', 'orgaosDeputados_L6', 'orgaosDeputados_L2', 'orgaosDeputados_L5', 'orgaosDeputados_L9', 'orgaosDeputados_L14', 'orgaosDeputados_L8', 'orgaosDeputados_L10', 'orgaosDeputados_L15', 'orgaosDeputados_L11', 'orgaosDeputados_L12', 'orgaosDeputados_L18', 'orgaosDeputados_L17', 'orgaosDeputados_L13', 'orgaosDeputados_L21', 'orgaosDeputados_L19', 'orgaosDeputados_L16', 'orgaosDeputados_L25', 'orgaosDeputados_L20', 'orgaosDeputados_L22', 'orgaosDeputados_L27', 'orgaosDeputados_L23', 'orgaosDeputados_L24', 'orgaosDeputados_L28', 'orgaosDeputados_L26', 'orgaosDeputados_L29', 'orgaosDeputados_L31', 'orgaosDeputados_L32', 'orgaosDeputados_L30', 'orgaosDeputados_L38', 'orgaosDeputados_L33', 'orgaosDeputados_L34', 'orgaosDeputados_L39', 'orgaosDeputados_L41', 'orgaosDeputados_L35', 'orgaosDeputados_L43', 'orgaosDeputados_L36', 'orgaosDeputados_L48', 'orgaosDeputados_L44', 'orgaosDeputados_L37', 'orgaosDeputados_L49', 'orgaosDeputados_L40', 'orgaosDeputados_L50', 'orgaosDeputados_L42', 'orgaosDeputados_L45', 'orgaosDeputados_L46', 'orgaosDeputados_L47']
2026-08-04 03:14:09,826 [ERROR] etl_camara — ETL finalizado com 50 dataset(s) em erro — saindo com código 1
2026-08-05 03:00:03,875 [INFO] etl_camara — Banco: postgres:5432/quemvota
2026-08-05 03:00:03,875 [INFO] etl_camara — Cache: etl_cache.json
2026-08-05 03:00:03,875 [INFO] etl_camara — Workers — download: 8 | backfill: 4
2026-08-05 03:00:03,885 [INFO] etl_camara — Iniciando ETL: 88 datasets | anos=[2026] | legislaturas=[1, 2, 3, 4, 5, 6, 7, 8, 9, 10, 11, 12, 13, 14, 15, 16, 17, 18, 19, 20, 21, 22, 23, 24, 25, 26, 27, 28, 29, 30, 31, 32, 33, 34, 35, 36, 37, 38, 39, 40, 41, 42, 43, 44, 45, 46, 47, 48, 49, 50, 51, 52, 53, 54, 55, 56, 57]
2026-08-05 03:00:03,886 [INFO] etl_camara — ━━━━━━━━━━━━━━━━━━━━━━━━━━━━━━━━━━━━━━━━━━━━━━━━━━━━━━━━━━━━
2026-08-05 03:00:03,886 [INFO] etl_camara — 🌊 Onda 0 — 9 datasets | workers=8
2026-08-05 03:00:04,131 [INFO] etl_camara — ✔ tecadCategorias.csv (79 linhas)
2026-08-05 03:00:04,196 [INFO] etl_camara —   upsert tecadCategorias → 79 registros
2026-08-05 03:00:04,242 [INFO] etl_camara — ✔ eventos-2026.csv (1447 linhas)
2026-08-05 03:00:04,334 [INFO] etl_camara — ✔ legislaturas.csv (57 linhas)
2026-08-05 03:00:04,570 [INFO] etl_camara —   upsert legislaturas → 57 registros
2026-08-05 03:00:04,619 [INFO] etl_camara —   upsert eventos_2026 → 1447 registros
2026-08-05 03:00:04,640 [INFO] etl_camara — ✔ funcionarios.csv (15562 linhas)
2026-08-05 03:00:04,687 [INFO] etl_camara — ✔ orgaos.csv (3867 linhas)
2026-08-05 03:00:04,741 [INFO] etl_camara — ✔ licitacoes-2026.csv (99 linhas)
2026-08-05 03:00:04,871 [INFO] etl_camara —   upsert licitacoes_2026 → 99 registros
2026-08-05 03:00:05,715 [INFO] etl_camara — ✔ deputados.csv (7889 linhas)
2026-08-05 03:00:06,401 [INFO] etl_camara —   upsert orgaos → 3867 registros
2026-08-05 03:00:09,244 [INFO] etl_camara —   upsert deputados → 7889 registros
2026-08-05 03:00:09,260 [INFO] etl_camara —   upsert funcionarios → 15557 registros
2026-08-05 03:00:09,620 [INFO] etl_camara — ✔ tecadTermos.csv (80582 linhas)
2026-08-05 03:00:10,168 [INFO] etl_camara — ✔ proposicoes-2026.csv (40421 linhas)
2026-08-05 03:00:32,078 [INFO] etl_camara —   upsert tecadTermos → 80582 registros
2026-08-05 03:00:37,814 [INFO] etl_camara —   upsert proposicoes_2026 → 40421 registros
2026-08-05 03:00:37,850 [INFO] etl_camara — ━━━━━━━━━━━━━━━━━━━━━━━━━━━━━━━━━━━━━━━━━━━━━━━━━━━━━━━━━━━━
2026-08-05 03:00:37,851 [INFO] etl_camara — 🌊 Onda 1 — 73 datasets | workers=8
2026-08-05 03:00:38,009 [INFO] etl_camara — ✔ grupos.csv (118 linhas)
2026-08-05 03:00:38,030 [INFO] etl_camara — ✔ legislaturasMesas.csv (177 linhas)
2026-08-05 03:00:38,103 [INFO] etl_camara — ✔ eventosOrgaos-2026.csv (1447 linhas)
2026-08-05 03:00:38,103 [INFO] etl_camara —   upsert grupos → 118 registros
2026-08-05 03:00:38,140 [INFO] etl_camara —   upsert legislaturasMesas → 177 registros
2026-08-05 03:00:38,193 [INFO] etl_camara — → sem alterações (304): frentes.csv
2026-08-05 03:00:38,351 [INFO] etl_camara — ✔ deputadosProfissoes.csv (12594 linhas)
2026-08-05 03:00:38,570 [INFO] etl_camara — ✔ eventosRequerimentos-2026.csv (843 linhas)
2026-08-05 03:00:38,579 [INFO] etl_camara — ✔ deputadosOcupacoes.csv (37493 linhas)
2026-08-05 03:00:39,075 [INFO] etl_camara — ✔ votacoes-2026.csv (6528 linhas)
2026-08-05 03:00:39,232 [INFO] etl_camara — ✔ proposicoesTemas-2026.csv (21586 linhas)
2026-08-05 03:00:39,689 [INFO] etl_camara — ✔ eventosPresencaDeputados-2026.csv (52884 linhas)
2026-08-05 03:00:40,271 [INFO] etl_camara — ✔ proposicoesAutores-2026.csv (50689 linhas)
2026-08-05 03:00:41,735 [INFO] etl_camara —   FK-insert eventosRequerimentos_2026 → 843 registros
2026-08-05 03:00:41,961 [INFO] etl_camara — ✔ licitacoesPedidos-2026.csv (97 linhas)
2026-08-05 03:00:42,156 [INFO] etl_camara —   FK-insert licitacoesPedidos_2026 → 97 registros
2026-08-05 03:00:42,397 [INFO] etl_camara — ✔ licitacoesPropostas-2026.csv (288 linhas)
2026-08-05 03:00:42,454 [INFO] etl_camara —   FK-insert eventosOrgaos_2026 → 1447 registros
2026-08-05 03:00:42,793 [INFO] etl_camara — ✔ licitacoesItens-2026.csv (740 linhas)
2026-08-05 03:00:42,867 [INFO] etl_camara —   FK-insert licitacoesPropostas_2026 → 288 registros
2026-08-05 03:00:43,044 [INFO] etl_camara — ✔ licitacoesContratos-2026.csv (38 linhas)
2026-08-05 03:00:43,159 [INFO] etl_camara —   FK-insert licitacoesContratos_2026 → 38 registros
2026-08-05 03:00:43,313 [WARNING] etl_camara — 404 — não encontrado: http://dadosabertos.camara.leg.br/arquivos/orgaosDeputados/csv/orgaosDeputados-L1.csv
2026-08-05 03:00:43,484 [WARNING] etl_camara — 404 — não encontrado: http://dadosabertos.camara.leg.br/arquivos/orgaosDeputados/csv/orgaosDeputados-L2.csv
2026-08-05 03:00:43,672 [WARNING] etl_camara — 404 — não encontrado: http://dadosabertos.camara.leg.br/arquivos/orgaosDeputados/csv/orgaosDeputados-L3.csv
2026-08-05 03:00:43,808 [WARNING] etl_camara — 404 — não encontrado: http://dadosabertos.camara.leg.br/arquivos/orgaosDeputados/csv/orgaosDeputados-L4.csv
2026-08-05 03:00:43,950 [INFO] etl_camara —   FK-insert licitacoesItens_2026 → 740 registros
2026-08-05 03:00:44,017 [WARNING] etl_camara — 404 — não encontrado: http://dadosabertos.camara.leg.br/arquivos/orgaosDeputados/csv/orgaosDeputados-L5.csv
2026-08-05 03:00:44,120 [WARNING] etl_camara — 404 — não encontrado: http://dadosabertos.camara.leg.br/arquivos/orgaosDeputados/csv/orgaosDeputados-L6.csv
2026-08-05 03:00:44,180 [WARNING] etl_camara — 404 — não encontrado: http://dadosabertos.camara.leg.br/arquivos/orgaosDeputados/csv/orgaosDeputados-L7.csv
2026-08-05 03:00:44,331 [WARNING] etl_camara — 404 — não encontrado: http://dadosabertos.camara.leg.br/arquivos/orgaosDeputados/csv/orgaosDeputados-L9.csv
2026-08-05 03:00:44,386 [WARNING] etl_camara — 404 — não encontrado: http://dadosabertos.camara.leg.br/arquivos/orgaosDeputados/csv/orgaosDeputados-L8.csv
2026-08-05 03:00:44,547 [WARNING] etl_camara — 404 — não encontrado: http://dadosabertos.camara.leg.br/arquivos/orgaosDeputados/csv/orgaosDeputados-L11.csv
2026-08-05 03:00:44,585 [WARNING] etl_camara — 404 — não encontrado: http://dadosabertos.camara.leg.br/arquivos/orgaosDeputados/csv/orgaosDeputados-L10.csv
2026-08-05 03:00:44,711 [WARNING] etl_camara — 404 — não encontrado: http://dadosabertos.camara.leg.br/arquivos/orgaosDeputados/csv/orgaosDeputados-L12.csv
2026-08-05 03:00:44,763 [WARNING] etl_camara — 404 — não encontrado: http://dadosabertos.camara.leg.br/arquivos/orgaosDeputados/csv/orgaosDeputados-L13.csv
2026-08-05 03:00:44,909 [WARNING] etl_camara — 404 — não encontrado: http://dadosabertos.camara.leg.br/arquivos/orgaosDeputados/csv/orgaosDeputados-L14.csv
2026-08-05 03:00:44,932 [WARNING] etl_camara — 404 — não encontrado: http://dadosabertos.camara.leg.br/arquivos/orgaosDeputados/csv/orgaosDeputados-L15.csv
2026-08-05 03:00:45,119 [WARNING] etl_camara — 404 — não encontrado: http://dadosabertos.camara.leg.br/arquivos/orgaosDeputados/csv/orgaosDeputados-L16.csv
2026-08-05 03:00:45,130 [WARNING] etl_camara — 404 — não encontrado: http://dadosabertos.camara.leg.br/arquivos/orgaosDeputados/csv/orgaosDeputados-L17.csv
2026-08-05 03:00:45,301 [WARNING] etl_camara — 404 — não encontrado: http://dadosabertos.camara.leg.br/arquivos/orgaosDeputados/csv/orgaosDeputados-L18.csv
2026-08-05 03:00:45,335 [WARNING] etl_camara — 404 — não encontrado: http://dadosabertos.camara.leg.br/arquivos/orgaosDeputados/csv/orgaosDeputados-L19.csv
2026-08-05 03:00:45,475 [WARNING] etl_camara — 404 — não encontrado: http://dadosabertos.camara.leg.br/arquivos/orgaosDeputados/csv/orgaosDeputados-L20.csv
2026-08-05 03:00:45,530 [WARNING] etl_camara — 404 — não encontrado: http://dadosabertos.camara.leg.br/arquivos/orgaosDeputados/csv/orgaosDeputados-L21.csv
2026-08-05 03:00:45,619 [WARNING] etl_camara — 404 — não encontrado: http://dadosabertos.camara.leg.br/arquivos/orgaosDeputados/csv/orgaosDeputados-L22.csv
2026-08-05 03:00:45,787 [WARNING] etl_camara — 404 — não encontrado: http://dadosabertos.camara.leg.br/arquivos/orgaosDeputados/csv/orgaosDeputados-L24.csv
2026-08-05 03:00:45,828 [WARNING] etl_camara — 404 — não encontrado: http://dadosabertos.camara.leg.br/arquivos/orgaosDeputados/csv/orgaosDeputados-L23.csv
2026-08-05 03:00:45,986 [WARNING] etl_camara — 404 — não encontrado: http://dadosabertos.camara.leg.br/arquivos/orgaosDeputados/csv/orgaosDeputados-L25.csv
2026-08-05 03:00:46,028 [WARNING] etl_camara — 404 — não encontrado: http://dadosabertos.camara.leg.br/arquivos/orgaosDeputados/csv/orgaosDeputados-L26.csv
2026-08-05 03:00:46,170 [WARNING] etl_camara — 404 — não encontrado: http://dadosabertos.camara.leg.br/arquivos/orgaosDeputados/csv/orgaosDeputados-L28.csv
2026-08-05 03:00:46,218 [WARNING] etl_camara — 404 — não encontrado: http://dadosabertos.camara.leg.br/arquivos/orgaosDeputados/csv/orgaosDeputados-L27.csv
2026-08-05 03:00:46,367 [WARNING] etl_camara — 404 — não encontrado: http://dadosabertos.camara.leg.br/arquivos/orgaosDeputados/csv/orgaosDeputados-L29.csv
2026-08-05 03:00:46,393 [WARNING] etl_camara — 404 — não encontrado: http://dadosabertos.camara.leg.br/arquivos/orgaosDeputados/csv/orgaosDeputados-L30.csv
2026-08-05 03:00:46,522 [WARNING] etl_camara — 404 — não encontrado: http://dadosabertos.camara.leg.br/arquivos/orgaosDeputados/csv/orgaosDeputados-L31.csv
2026-08-05 03:00:46,587 [WARNING] etl_camara — 404 — não encontrado: http://dadosabertos.camara.leg.br/arquivos/orgaosDeputados/csv/orgaosDeputados-L32.csv
2026-08-05 03:00:46,791 [WARNING] etl_camara — 404 — não encontrado: http://dadosabertos.camara.leg.br/arquivos/orgaosDeputados/csv/orgaosDeputados-L33.csv
2026-08-05 03:00:46,957 [WARNING] etl_camara — 404 — não encontrado: http://dadosabertos.camara.leg.br/arquivos/orgaosDeputados/csv/orgaosDeputados-L35.csv
2026-08-05 03:00:46,985 [WARNING] etl_camara — 404 — não encontrado: http://dadosabertos.camara.leg.br/arquivos/orgaosDeputados/csv/orgaosDeputados-L34.csv
2026-08-05 03:00:47,149 [WARNING] etl_camara — 404 — não encontrado: http://dadosabertos.camara.leg.br/arquivos/orgaosDeputados/csv/orgaosDeputados-L36.csv
2026-08-05 03:00:47,155 [WARNING] etl_camara — 404 — não encontrado: http://dadosabertos.camara.leg.br/arquivos/orgaosDeputados/csv/orgaosDeputados-L37.csv
2026-08-05 03:00:47,297 [WARNING] etl_camara — 404 — não encontrado: http://dadosabertos.camara.leg.br/arquivos/orgaosDeputados/csv/orgaosDeputados-L38.csv
2026-08-05 03:00:47,364 [WARNING] etl_camara — 404 — não encontrado: http://dadosabertos.camara.leg.br/arquivos/orgaosDeputados/csv/orgaosDeputados-L39.csv
2026-08-05 03:00:47,558 [WARNING] etl_camara — 404 — não encontrado: http://dadosabertos.camara.leg.br/arquivos/orgaosDeputados/csv/orgaosDeputados-L40.csv
2026-08-05 03:00:47,594 [WARNING] etl_camara — 404 — não encontrado: http://dadosabertos.camara.leg.br/arquivos/orgaosDeputados/csv/orgaosDeputados-L41.csv
2026-08-05 03:00:47,784 [WARNING] etl_camara — 404 — não encontrado: http://dadosabertos.camara.leg.br/arquivos/orgaosDeputados/csv/orgaosDeputados-L43.csv
2026-08-05 03:00:47,785 [WARNING] etl_camara — 404 — não encontrado: http://dadosabertos.camara.leg.br/arquivos/orgaosDeputados/csv/orgaosDeputados-L42.csv
2026-08-05 03:00:47,977 [WARNING] etl_camara — 404 — não encontrado: http://dadosabertos.camara.leg.br/arquivos/orgaosDeputados/csv/orgaosDeputados-L45.csv
2026-08-05 03:00:48,116 [WARNING] etl_camara — 404 — não encontrado: http://dadosabertos.camara.leg.br/arquivos/orgaosDeputados/csv/orgaosDeputados-L46.csv
2026-08-05 03:00:48,174 [WARNING] etl_camara — 404 — não encontrado: http://dadosabertos.camara.leg.br/arquivos/orgaosDeputados/csv/orgaosDeputados-L44.csv
2026-08-05 03:00:48,294 [WARNING] etl_camara — 404 — não encontrado: http://dadosabertos.camara.leg.br/arquivos/orgaosDeputados/csv/orgaosDeputados-L47.csv
2026-08-05 03:00:48,359 [WARNING] etl_camara — 404 — não encontrado: http://dadosabertos.camara.leg.br/arquivos/orgaosDeputados/csv/orgaosDeputados-L48.csv
2026-08-05 03:00:48,486 [WARNING] etl_camara — 404 — não encontrado: http://dadosabertos.camara.leg.br/arquivos/orgaosDeputados/csv/orgaosDeputados-L49.csv
2026-08-05 03:00:48,598 [WARNING] etl_camara — 404 — não encontrado: http://dadosabertos.camara.leg.br/arquivos/orgaosDeputados/csv/orgaosDeputados-L50.csv
2026-08-05 03:00:48,947 [INFO] etl_camara — ✔ orgaosDeputados-L51.csv (12158 linhas)
2026-08-05 03:00:49,325 [INFO] etl_camara — ✔ orgaosDeputados-L52.csv (12512 linhas)
2026-08-05 03:00:59,108 [INFO] etl_camara —   FK-insert votacoes_2026 → 6528 registros
2026-08-05 03:00:59,321 [INFO] etl_camara —   FK-insert deputadosProfissoes → 12594 registros
2026-08-05 03:00:59,538 [INFO] etl_camara — ✔ orgaosDeputados-L53.csv (10994 linhas)
2026-08-05 03:01:00,028 [INFO] etl_camara — ✔ orgaosDeputados-L54.csv (13591 linhas)
2026-08-05 03:01:14,885 [INFO] etl_camara —   FK-insert orgaosDeputados_L51 → 12158 registros
2026-08-05 03:01:15,541 [INFO] etl_camara — ✔ orgaosDeputados-L55.csv (17815 linhas)
2026-08-05 03:01:17,664 [INFO] etl_camara —   FK-insert orgaosDeputados_L52 → 12512 registros
2026-08-05 03:01:18,126 [INFO] etl_camara — ✔ orgaosDeputados-L56.csv (14519 linhas)
2026-08-05 03:01:24,893 [INFO] etl_camara —   FK-insert orgaosDeputados_L53 → 10994 registros
2026-08-05 03:01:25,381 [INFO] etl_camara — ✔ orgaosDeputados-L57.csv (13230 linhas)
2026-08-05 03:01:30,140 [INFO] etl_camara —   FK-insert deputadosOcupacoes → 33058 registros
2026-08-05 03:01:31,384 [INFO] etl_camara — ✔ Ano-2026.csv.zip (88894 linhas)
2026-08-05 03:01:33,084 [INFO] etl_camara —   FK-insert orgaosDeputados_L54 → 13591 registros
2026-08-05 03:01:43,204 [INFO] etl_camara —   FK-insert proposicoesTemas_2026 → 21586 registros
2026-08-05 03:01:49,535 [INFO] etl_camara —   FK-insert orgaosDeputados_L56 → 14519 registros
2026-08-05 03:01:52,365 [INFO] etl_camara —   FK-insert orgaosDeputados_L57 → 13230 registros
2026-08-05 03:01:52,681 [INFO] etl_camara —   FK-insert orgaosDeputados_L55 → 17815 registros
2026-08-05 03:02:03,322 [INFO] etl_camara —   FK-insert eventosPresenca_2026 → 52884 registros
2026-08-05 03:02:23,784 [INFO] etl_camara —   FK-insert proposicoesAutores_2026 → 50689 registros
2026-08-05 03:03:28,602 [INFO] etl_camara —   FK-insert cotas_2026 → 88437 registros
2026-08-05 03:03:28,642 [INFO] etl_camara — ━━━━━━━━━━━━━━━━━━━━━━━━━━━━━━━━━━━━━━━━━━━━━━━━━━━━━━━━━━━━
2026-08-05 03:03:28,642 [INFO] etl_camara — 🌊 Onda 2 — 6 datasets | workers=8
2026-08-05 03:03:28,885 [INFO] etl_camara — ✔ votacoesOrientacoes-2026.csv (1734 linhas)
2026-08-05 03:03:29,150 [INFO] etl_camara — ✔ gruposHistorico.csv (412 linhas)
2026-08-05 03:03:29,258 [INFO] etl_camara — ✔ votacoesVotos-2026.csv (48645 linhas)
2026-08-05 03:03:29,657 [INFO] etl_camara — ✔ votacoesProposicoes-2026.csv (4943 linhas)
2026-08-05 03:03:29,681 [INFO] etl_camara — ✔ gruposMembros.csv (7091 linhas)
2026-08-05 03:03:30,610 [INFO] etl_camara —   FK-insert gruposHistorico → 412 registros
2026-08-05 03:03:31,156 [INFO] etl_camara —   FK-insert votacoesOrientacoes_2026 → 1734 registros
2026-08-05 03:03:33,499 [INFO] etl_camara —   FK-insert votacoesObjetos_2026 → 4943 registros
2026-08-05 03:03:34,373 [INFO] etl_camara —   FK-insert gruposMembros → 7091 registros
2026-08-05 03:03:36,876 [INFO] etl_camara — ✔ frentesDeputados.csv (262259 linhas)
2026-08-05 03:04:00,538 [INFO] etl_camara —   FK-insert votacoesVotos_2026 → 48645 registros
2026-08-05 03:08:38,147 [INFO] etl_camara —   FK-insert frentesDeputados → 262259 registros
2026-08-05 03:08:38,180 [INFO] etl_camara — ━━━━━━━━━━━━━━━━━━━━━━━━━━━━━━━━━━━━━━━━━━━━━━━━━━━━━━━━━━━━
2026-08-05 03:08:38,180 [INFO] etl_camara — 🏁 ETL concluído — processados: 37 | sem alteração (304): 1 | histórico pulado: 0 | erros: 50 | total: 88
2026-08-05 03:08:38,180 [WARNING] etl_camara — Datasets com falha (50): ['orgaosDeputados_L1', 'orgaosDeputados_L2', 'orgaosDeputados_L3', 'orgaosDeputados_L4', 'orgaosDeputados_L5', 'orgaosDeputados_L6', 'orgaosDeputados_L7', 'orgaosDeputados_L9', 'orgaosDeputados_L8', 'orgaosDeputados_L11', 'orgaosDeputados_L10', 'orgaosDeputados_L12', 'orgaosDeputados_L13', 'orgaosDeputados_L14', 'orgaosDeputados_L15', 'orgaosDeputados_L16', 'orgaosDeputados_L17', 'orgaosDeputados_L18', 'orgaosDeputados_L19', 'orgaosDeputados_L20', 'orgaosDeputados_L21', 'orgaosDeputados_L22', 'orgaosDeputados_L24', 'orgaosDeputados_L23', 'orgaosDeputados_L25', 'orgaosDeputados_L26', 'orgaosDeputados_L28', 'orgaosDeputados_L27', 'orgaosDeputados_L29', 'orgaosDeputados_L30', 'orgaosDeputados_L31', 'orgaosDeputados_L32', 'orgaosDeputados_L33', 'orgaosDeputados_L35', 'orgaosDeputados_L34', 'orgaosDeputados_L36', 'orgaosDeputados_L37', 'orgaosDeputados_L38', 'orgaosDeputados_L39', 'orgaosDeputados_L40', 'orgaosDeputados_L41', 'orgaosDeputados_L43', 'orgaosDeputados_L42', 'orgaosDeputados_L45', 'orgaosDeputados_L46', 'orgaosDeputados_L44', 'orgaosDeputados_L47', 'orgaosDeputados_L48', 'orgaosDeputados_L49', 'orgaosDeputados_L50']
2026-08-05 03:08:38,180 [ERROR] etl_camara — ETL finalizado com 50 dataset(s) em erro — saindo com código 1
2026-08-05 03:13:40,275 [INFO] etl_camara — Banco: postgres:5432/quemvota
2026-08-05 03:13:40,275 [INFO] etl_camara — Cache: etl_cache.json
2026-08-05 03:13:40,275 [INFO] etl_camara — Workers — download: 8 | backfill: 4
2026-08-05 03:13:40,287 [INFO] etl_camara — Iniciando ETL: 88 datasets | anos=[2026] | legislaturas=[1, 2, 3, 4, 5, 6, 7, 8, 9, 10, 11, 12, 13, 14, 15, 16, 17, 18, 19, 20, 21, 22, 23, 24, 25, 26, 27, 28, 29, 30, 31, 32, 33, 34, 35, 36, 37, 38, 39, 40, 41, 42, 43, 44, 45, 46, 47, 48, 49, 50, 51, 52, 53, 54, 55, 56, 57]
2026-08-05 03:13:40,287 [INFO] etl_camara — ━━━━━━━━━━━━━━━━━━━━━━━━━━━━━━━━━━━━━━━━━━━━━━━━━━━━━━━━━━━━
2026-08-05 03:13:40,288 [INFO] etl_camara — 🌊 Onda 0 — 9 datasets | workers=8
2026-08-05 03:13:40,753 [INFO] etl_camara — → sem alterações (304): tecadCategorias.csv
2026-08-05 03:13:40,759 [INFO] etl_camara — → sem alterações (304): deputados.csv
2026-08-05 03:13:40,799 [INFO] etl_camara — → sem alterações (304): eventos-2026.csv
2026-08-05 03:13:40,958 [INFO] etl_camara — → sem alterações (304): legislaturas.csv
2026-08-05 03:13:40,970 [INFO] etl_camara — → sem alterações (304): proposicoes-2026.csv
2026-08-05 03:13:40,998 [INFO] etl_camara — → sem alterações (304): tecadTermos.csv
2026-08-05 03:13:41,162 [INFO] etl_camara — → sem alterações (304): orgaos.csv
2026-08-05 03:13:41,364 [INFO] etl_camara — → sem alterações (304): funcionarios.csv
2026-08-05 03:13:41,563 [INFO] etl_camara — → sem alterações (304): licitacoes-2026.csv
2026-08-05 03:13:41,565 [INFO] etl_camara — ━━━━━━━━━━━━━━━━━━━━━━━━━━━━━━━━━━━━━━━━━━━━━━━━━━━━━━━━━━━━
2026-08-05 03:13:41,565 [INFO] etl_camara — 🌊 Onda 1 — 73 datasets | workers=8
2026-08-05 03:13:41,695 [INFO] etl_camara — → sem alterações (304): eventosOrgaos-2026.csv
2026-08-05 03:13:41,698 [INFO] etl_camara — → sem alterações (304): eventosPresencaDeputados-2026.csv
2026-08-05 03:13:41,754 [INFO] etl_camara — → sem alterações (304): grupos.csv
2026-08-05 03:13:41,903 [INFO] etl_camara — → sem alterações (304): proposicoesTemas-2026.csv
2026-08-05 03:13:41,906 [INFO] etl_camara — → sem alterações (304): eventosRequerimentos-2026.csv
2026-08-05 03:13:42,083 [INFO] etl_camara — ✔ frentes.csv (1443 linhas)
2026-08-05 03:13:42,096 [INFO] etl_camara — → sem alterações (304): votacoes-2026.csv
2026-08-05 03:13:42,105 [INFO] etl_camara — → sem alterações (304): deputadosOcupacoes.csv
2026-08-05 03:13:42,163 [INFO] etl_camara — → sem alterações (304): legislaturasMesas.csv
2026-08-05 03:13:42,298 [INFO] etl_camara — → sem alterações (304): licitacoesContratos-2026.csv
2026-08-05 03:13:42,306 [INFO] etl_camara — → sem alterações (304): licitacoesPropostas-2026.csv
2026-08-05 03:13:42,412 [INFO] etl_camara — → sem alterações (304): deputadosProfissoes.csv
2026-08-05 03:13:42,498 [WARNING] etl_camara — 404 — não encontrado: http://dadosabertos.camara.leg.br/arquivos/orgaosDeputados/csv/orgaosDeputados-L3.csv
2026-08-05 03:13:42,573 [INFO] etl_camara — → sem alterações (304): proposicoesAutores-2026.csv
2026-08-05 03:13:42,706 [WARNING] etl_camara — 404 — não encontrado: http://dadosabertos.camara.leg.br/arquivos/orgaosDeputados/csv/orgaosDeputados-L4.csv
2026-08-05 03:13:42,755 [INFO] etl_camara — → sem alterações (304): licitacoesPedidos-2026.csv
2026-08-05 03:13:42,904 [WARNING] etl_camara — 404 — não encontrado: http://dadosabertos.camara.leg.br/arquivos/orgaosDeputados/csv/orgaosDeputados-L7.csv
2026-08-05 03:13:42,963 [INFO] etl_camara — → sem alterações (304): licitacoesItens-2026.csv
2026-08-05 03:13:43,098 [WARNING] etl_camara — 404 — não encontrado: http://dadosabertos.camara.leg.br/arquivos/orgaosDeputados/csv/orgaosDeputados-L9.csv
2026-08-05 03:13:43,140 [WARNING] etl_camara — 404 — não encontrado: http://dadosabertos.camara.leg.br/arquivos/orgaosDeputados/csv/orgaosDeputados-L10.csv
2026-08-05 03:13:43,155 [WARNING] etl_camara — 404 — não encontrado: http://dadosabertos.camara.leg.br/arquivos/orgaosDeputados/csv/orgaosDeputados-L1.csv
2026-08-05 03:13:43,329 [WARNING] etl_camara — 404 — não encontrado: http://dadosabertos.camara.leg.br/arquivos/orgaosDeputados/csv/orgaosDeputados-L13.csv
2026-08-05 03:13:43,363 [WARNING] etl_camara — 404 — não encontrado: http://dadosabertos.camara.leg.br/arquivos/orgaosDeputados/csv/orgaosDeputados-L2.csv
2026-08-05 03:13:43,472 [WARNING] etl_camara — 404 — não encontrado: http://dadosabertos.camara.leg.br/arquivos/orgaosDeputados/csv/orgaosDeputados-L14.csv
2026-08-05 03:13:43,530 [WARNING] etl_camara — 404 — não encontrado: http://dadosabertos.camara.leg.br/arquivos/orgaosDeputados/csv/orgaosDeputados-L15.csv
2026-08-05 03:13:43,553 [WARNING] etl_camara — 404 — não encontrado: http://dadosabertos.camara.leg.br/arquivos/orgaosDeputados/csv/orgaosDeputados-L5.csv
2026-08-05 03:13:43,691 [WARNING] etl_camara — 404 — não encontrado: http://dadosabertos.camara.leg.br/arquivos/orgaosDeputados/csv/orgaosDeputados-L18.csv
2026-08-05 03:13:43,728 [WARNING] etl_camara — 404 — não encontrado: http://dadosabertos.camara.leg.br/arquivos/orgaosDeputados/csv/orgaosDeputados-L16.csv
2026-08-05 03:13:43,761 [WARNING] etl_camara — 404 — não encontrado: http://dadosabertos.camara.leg.br/arquivos/orgaosDeputados/csv/orgaosDeputados-L6.csv
2026-08-05 03:13:43,887 [WARNING] etl_camara — 404 — não encontrado: http://dadosabertos.camara.leg.br/arquivos/orgaosDeputados/csv/orgaosDeputados-L19.csv
2026-08-05 03:13:43,928 [WARNING] etl_camara — 404 — não encontrado: http://dadosabertos.camara.leg.br/arquivos/orgaosDeputados/csv/orgaosDeputados-L17.csv
2026-08-05 03:13:43,944 [INFO] etl_camara —   FK-insert frentes → 1443 registros
2026-08-05 03:13:43,962 [WARNING] etl_camara — 404 — não encontrado: http://dadosabertos.camara.leg.br/arquivos/orgaosDeputados/csv/orgaosDeputados-L8.csv
2026-08-05 03:13:44,084 [WARNING] etl_camara — 404 — não encontrado: http://dadosabertos.camara.leg.br/arquivos/orgaosDeputados/csv/orgaosDeputados-L24.csv
2026-08-05 03:13:44,129 [WARNING] etl_camara — 404 — não encontrado: http://dadosabertos.camara.leg.br/arquivos/orgaosDeputados/csv/orgaosDeputados-L22.csv
2026-08-05 03:13:44,162 [WARNING] etl_camara — 404 — não encontrado: http://dadosabertos.camara.leg.br/arquivos/orgaosDeputados/csv/orgaosDeputados-L11.csv
2026-08-05 03:13:44,283 [WARNING] etl_camara — 404 — não encontrado: http://dadosabertos.camara.leg.br/arquivos/orgaosDeputados/csv/orgaosDeputados-L26.csv
2026-08-05 03:13:44,328 [WARNING] etl_camara — 404 — não encontrado: http://dadosabertos.camara.leg.br/arquivos/orgaosDeputados/csv/orgaosDeputados-L23.csv
2026-08-05 03:13:44,368 [WARNING] etl_camara — 404 — não encontrado: http://dadosabertos.camara.leg.br/arquivos/orgaosDeputados/csv/orgaosDeputados-L12.csv
2026-08-05 03:13:44,484 [WARNING] etl_camara — 404 — não encontrado: http://dadosabertos.camara.leg.br/arquivos/orgaosDeputados/csv/orgaosDeputados-L27.csv
2026-08-05 03:13:44,534 [WARNING] etl_camara — 404 — não encontrado: http://dadosabertos.camara.leg.br/arquivos/orgaosDeputados/csv/orgaosDeputados-L29.csv
2026-08-05 03:13:44,559 [WARNING] etl_camara — 404 — não encontrado: http://dadosabertos.camara.leg.br/arquivos/orgaosDeputados/csv/orgaosDeputados-L21.csv
2026-08-05 03:13:44,684 [WARNING] etl_camara — 404 — não encontrado: http://dadosabertos.camara.leg.br/arquivos/orgaosDeputados/csv/orgaosDeputados-L31.csv
2026-08-05 03:13:44,735 [WARNING] etl_camara — 404 — não encontrado: http://dadosabertos.camara.leg.br/arquivos/orgaosDeputados/csv/orgaosDeputados-L30.csv
2026-08-05 03:13:44,761 [WARNING] etl_camara — 404 — não encontrado: http://dadosabertos.camara.leg.br/arquivos/orgaosDeputados/csv/orgaosDeputados-L20.csv
2026-08-05 03:13:44,891 [WARNING] etl_camara — 404 — não encontrado: http://dadosabertos.camara.leg.br/arquivos/orgaosDeputados/csv/orgaosDeputados-L32.csv
2026-08-05 03:13:44,936 [WARNING] etl_camara — 404 — não encontrado: http://dadosabertos.camara.leg.br/arquivos/orgaosDeputados/csv/orgaosDeputados-L35.csv
2026-08-05 03:13:44,954 [WARNING] etl_camara — 404 — não encontrado: http://dadosabertos.camara.leg.br/arquivos/orgaosDeputados/csv/orgaosDeputados-L25.csv
2026-08-05 03:13:45,091 [WARNING] etl_camara — 404 — não encontrado: http://dadosabertos.camara.leg.br/arquivos/orgaosDeputados/csv/orgaosDeputados-L34.csv
2026-08-05 03:13:45,136 [WARNING] etl_camara — 404 — não encontrado: http://dadosabertos.camara.leg.br/arquivos/orgaosDeputados/csv/orgaosDeputados-L38.csv
2026-08-05 03:13:45,154 [WARNING] etl_camara — 404 — não encontrado: http://dadosabertos.camara.leg.br/arquivos/orgaosDeputados/csv/orgaosDeputados-L28.csv
2026-08-05 03:13:45,283 [WARNING] etl_camara — 404 — não encontrado: http://dadosabertos.camara.leg.br/arquivos/orgaosDeputados/csv/orgaosDeputados-L43.csv
2026-08-05 03:13:45,354 [WARNING] etl_camara — 404 — não encontrado: http://dadosabertos.camara.leg.br/arquivos/orgaosDeputados/csv/orgaosDeputados-L33.csv
2026-08-05 03:13:45,404 [WARNING] etl_camara — 404 — não encontrado: http://dadosabertos.camara.leg.br/arquivos/orgaosDeputados/csv/orgaosDeputados-L44.csv
2026-08-05 03:13:45,501 [WARNING] etl_camara — 404 — não encontrado: http://dadosabertos.camara.leg.br/arquivos/orgaosDeputados/csv/orgaosDeputados-L42.csv
2026-08-05 03:13:45,554 [WARNING] etl_camara — 404 — não encontrado: http://dadosabertos.camara.leg.br/arquivos/orgaosDeputados/csv/orgaosDeputados-L36.csv
2026-08-05 03:13:45,692 [WARNING] etl_camara — 404 — não encontrado: http://dadosabertos.camara.leg.br/arquivos/orgaosDeputados/csv/orgaosDeputados-L47.csv
2026-08-05 03:13:45,762 [WARNING] etl_camara — 404 — não encontrado: http://dadosabertos.camara.leg.br/arquivos/orgaosDeputados/csv/orgaosDeputados-L37.csv
2026-08-05 03:13:45,907 [WARNING] etl_camara — 404 — não encontrado: http://dadosabertos.camara.leg.br/arquivos/orgaosDeputados/csv/orgaosDeputados-L50.csv
2026-08-05 03:13:45,959 [WARNING] etl_camara — 404 — não encontrado: http://dadosabertos.camara.leg.br/arquivos/orgaosDeputados/csv/orgaosDeputados-L40.csv
2026-08-05 03:13:46,103 [INFO] etl_camara — → sem alterações (304): orgaosDeputados-L52.csv
2026-08-05 03:13:46,108 [INFO] etl_camara — → sem alterações (304): orgaosDeputados-L51.csv
2026-08-05 03:13:46,162 [WARNING] etl_camara — 404 — não encontrado: http://dadosabertos.camara.leg.br/arquivos/orgaosDeputados/csv/orgaosDeputados-L39.csv
2026-08-05 03:13:46,303 [INFO] etl_camara — → sem alterações (304): orgaosDeputados-L55.csv
2026-08-05 03:13:46,363 [WARNING] etl_camara — 404 — não encontrado: http://dadosabertos.camara.leg.br/arquivos/orgaosDeputados/csv/orgaosDeputados-L41.csv
2026-08-05 03:13:46,446 [INFO] etl_camara — → sem alterações (304): orgaosDeputados-L56.csv
2026-08-05 03:13:46,562 [WARNING] etl_camara — 404 — não encontrado: http://dadosabertos.camara.leg.br/arquivos/orgaosDeputados/csv/orgaosDeputados-L45.csv
2026-08-05 03:13:46,635 [INFO] etl_camara — → sem alterações (304): Ano-2026.csv.zip
2026-08-05 03:13:46,642 [INFO] etl_camara — → sem alterações (304): orgaosDeputados-L57.csv
2026-08-05 03:13:46,760 [WARNING] etl_camara — 404 — não encontrado: http://dadosabertos.camara.leg.br/arquivos/orgaosDeputados/csv/orgaosDeputados-L46.csv
2026-08-05 03:13:46,971 [WARNING] etl_camara — 404 — não encontrado: http://dadosabertos.camara.leg.br/arquivos/orgaosDeputados/csv/orgaosDeputados-L48.csv
2026-08-05 03:13:47,163 [WARNING] etl_camara — 404 — não encontrado: http://dadosabertos.camara.leg.br/arquivos/orgaosDeputados/csv/orgaosDeputados-L49.csv
2026-08-05 03:13:47,355 [INFO] etl_camara — → sem alterações (304): orgaosDeputados-L53.csv
2026-08-05 03:13:47,566 [INFO] etl_camara — → sem alterações (304): orgaosDeputados-L54.csv
2026-08-05 03:13:47,568 [INFO] etl_camara — ━━━━━━━━━━━━━━━━━━━━━━━━━━━━━━━━━━━━━━━━━━━━━━━━━━━━━━━━━━━━
2026-08-05 03:13:47,568 [INFO] etl_camara — 🌊 Onda 2 — 6 datasets | workers=8
2026-08-05 03:13:47,694 [INFO] etl_camara — → sem alterações (304): frentesDeputados.csv
2026-08-05 03:13:47,714 [INFO] etl_camara — → sem alterações (304): gruposMembros.csv
2026-08-05 03:13:47,764 [INFO] etl_camara — → sem alterações (304): votacoesOrientacoes-2026.csv
2026-08-05 03:13:47,899 [INFO] etl_camara — → sem alterações (304): votacoesProposicoes-2026.csv
2026-08-05 03:13:47,963 [INFO] etl_camara — → sem alterações (304): gruposHistorico.csv
2026-08-05 03:13:48,156 [INFO] etl_camara — → sem alterações (304): votacoesVotos-2026.csv
2026-08-05 03:13:48,158 [INFO] etl_camara — ━━━━━━━━━━━━━━━━━━━━━━━━━━━━━━━━━━━━━━━━━━━━━━━━━━━━━━━━━━━━
2026-08-05 03:13:48,158 [INFO] etl_camara — 🏁 ETL concluído — processados: 1 | sem alteração (304): 37 | histórico pulado: 0 | erros: 50 | total: 88
2026-08-05 03:13:48,158 [WARNING] etl_camara — Datasets com falha (50): ['orgaosDeputados_L3', 'orgaosDeputados_L4', 'orgaosDeputados_L7', 'orgaosDeputados_L9', 'orgaosDeputados_L10', 'orgaosDeputados_L1', 'orgaosDeputados_L13', 'orgaosDeputados_L2', 'orgaosDeputados_L14', 'orgaosDeputados_L15', 'orgaosDeputados_L5', 'orgaosDeputados_L18', 'orgaosDeputados_L16', 'orgaosDeputados_L6', 'orgaosDeputados_L19', 'orgaosDeputados_L17', 'orgaosDeputados_L8', 'orgaosDeputados_L24', 'orgaosDeputados_L22', 'orgaosDeputados_L11', 'orgaosDeputados_L26', 'orgaosDeputados_L23', 'orgaosDeputados_L12', 'orgaosDeputados_L27', 'orgaosDeputados_L29', 'orgaosDeputados_L21', 'orgaosDeputados_L31', 'orgaosDeputados_L30', 'orgaosDeputados_L20', 'orgaosDeputados_L32', 'orgaosDeputados_L35', 'orgaosDeputados_L25', 'orgaosDeputados_L34', 'orgaosDeputados_L38', 'orgaosDeputados_L28', 'orgaosDeputados_L43', 'orgaosDeputados_L33', 'orgaosDeputados_L44', 'orgaosDeputados_L42', 'orgaosDeputados_L36', 'orgaosDeputados_L47', 'orgaosDeputados_L37', 'orgaosDeputados_L50', 'orgaosDeputados_L40', 'orgaosDeputados_L39', 'orgaosDeputados_L41', 'orgaosDeputados_L45', 'orgaosDeputados_L46', 'orgaosDeputados_L48', 'orgaosDeputados_L49']
2026-08-05 03:13:48,158 [ERROR] etl_camara — ETL finalizado com 50 dataset(s) em erro — saindo com código 1
2026-08-05 03:18:50,157 [INFO] etl_camara — Banco: postgres:5432/quemvota
2026-08-05 03:18:50,158 [INFO] etl_camara — Cache: etl_cache.json
2026-08-05 03:18:50,158 [INFO] etl_camara — Workers — download: 8 | backfill: 4
2026-08-05 03:18:50,168 [INFO] etl_camara — Iniciando ETL: 88 datasets | anos=[2026] | legislaturas=[1, 2, 3, 4, 5, 6, 7, 8, 9, 10, 11, 12, 13, 14, 15, 16, 17, 18, 19, 20, 21, 22, 23, 24, 25, 26, 27, 28, 29, 30, 31, 32, 33, 34, 35, 36, 37, 38, 39, 40, 41, 42, 43, 44, 45, 46, 47, 48, 49, 50, 51, 52, 53, 54, 55, 56, 57]
2026-08-05 03:18:50,168 [INFO] etl_camara — ━━━━━━━━━━━━━━━━━━━━━━━━━━━━━━━━━━━━━━━━━━━━━━━━━━━━━━━━━━━━
2026-08-05 03:18:50,168 [INFO] etl_camara — 🌊 Onda 0 — 9 datasets | workers=8
2026-08-05 03:18:51,164 [INFO] etl_camara — → sem alterações (304): proposicoes-2026.csv
2026-08-05 03:18:51,173 [INFO] etl_camara — → sem alterações (304): tecadCategorias.csv
2026-08-05 03:18:51,176 [INFO] etl_camara — → sem alterações (304): legislaturas.csv
2026-08-05 03:18:51,364 [INFO] etl_camara — → sem alterações (304): funcionarios.csv
2026-08-05 03:18:51,372 [INFO] etl_camara — → sem alterações (304): eventos-2026.csv
2026-08-05 03:18:51,375 [INFO] etl_camara — → sem alterações (304): orgaos.csv
2026-08-05 03:18:51,568 [INFO] etl_camara — → sem alterações (304): licitacoes-2026.csv
2026-08-05 03:18:51,571 [INFO] etl_camara — → sem alterações (304): tecadTermos.csv
2026-08-05 03:18:51,578 [INFO] etl_camara — → sem alterações (304): deputados.csv
2026-08-05 03:18:51,580 [INFO] etl_camara — ━━━━━━━━━━━━━━━━━━━━━━━━━━━━━━━━━━━━━━━━━━━━━━━━━━━━━━━━━━━━
2026-08-05 03:18:51,580 [INFO] etl_camara — 🌊 Onda 1 — 73 datasets | workers=8
2026-08-05 03:18:51,764 [INFO] etl_camara — → sem alterações (304): eventosOrgaos-2026.csv
2026-08-05 03:18:51,770 [INFO] etl_camara — → sem alterações (304): legislaturasMesas.csv
2026-08-05 03:18:51,772 [INFO] etl_camara — → sem alterações (304): eventosPresencaDeputados-2026.csv
2026-08-05 03:18:51,973 [INFO] etl_camara — → sem alterações (304): grupos.csv
2026-08-05 03:18:51,974 [INFO] etl_camara — → sem alterações (304): deputadosProfissoes.csv
2026-08-05 03:18:52,093 [INFO] etl_camara — → sem alterações (304): licitacoesPropostas-2026.csv
2026-08-05 03:18:52,173 [INFO] etl_camara — → sem alterações (304): deputadosOcupacoes.csv
2026-08-05 03:18:52,176 [INFO] etl_camara — → sem alterações (304): eventosRequerimentos-2026.csv
2026-08-05 03:18:52,337 [WARNING] etl_camara — 404 — não encontrado: http://dadosabertos.camara.leg.br/arquivos/orgaosDeputados/csv/orgaosDeputados-L1.csv
2026-08-05 03:18:52,366 [INFO] etl_camara — → sem alterações (304): votacoes-2026.csv
2026-08-05 03:18:52,377 [INFO] etl_camara — → sem alterações (304): frentes.csv
2026-08-05 03:18:52,543 [WARNING] etl_camara — 404 — não encontrado: http://dadosabertos.camara.leg.br/arquivos/orgaosDeputados/csv/orgaosDeputados-L4.csv
2026-08-05 03:18:52,568 [INFO] etl_camara — → sem alterações (304): proposicoesAutores-2026.csv
2026-08-05 03:18:52,574 [INFO] etl_camara — → sem alterações (304): proposicoesTemas-2026.csv
2026-08-05 03:18:52,730 [WARNING] etl_camara — 404 — não encontrado: http://dadosabertos.camara.leg.br/arquivos/orgaosDeputados/csv/orgaosDeputados-L6.csv
2026-08-05 03:18:52,769 [INFO] etl_camara — → sem alterações (304): licitacoesPedidos-2026.csv
2026-08-05 03:18:52,773 [INFO] etl_camara — → sem alterações (304): licitacoesItens-2026.csv
2026-08-05 03:18:52,930 [WARNING] etl_camara — 404 — não encontrado: http://dadosabertos.camara.leg.br/arquivos/orgaosDeputados/csv/orgaosDeputados-L10.csv
2026-08-05 03:18:52,969 [INFO] etl_camara — → sem alterações (304): licitacoesContratos-2026.csv
2026-08-05 03:18:52,973 [WARNING] etl_camara — 404 — não encontrado: http://dadosabertos.camara.leg.br/arquivos/orgaosDeputados/csv/orgaosDeputados-L8.csv
2026-08-05 03:18:53,129 [WARNING] etl_camara — 404 — não encontrado: http://dadosabertos.camara.leg.br/arquivos/orgaosDeputados/csv/orgaosDeputados-L11.csv
2026-08-05 03:18:53,168 [WARNING] etl_camara — 404 — não encontrado: http://dadosabertos.camara.leg.br/arquivos/orgaosDeputados/csv/orgaosDeputados-L3.csv
2026-08-05 03:18:53,198 [WARNING] etl_camara — 404 — não encontrado: http://dadosabertos.camara.leg.br/arquivos/orgaosDeputados/csv/orgaosDeputados-L12.csv
2026-08-05 03:18:53,365 [WARNING] etl_camara — 404 — não encontrado: http://dadosabertos.camara.leg.br/arquivos/orgaosDeputados/csv/orgaosDeputados-L14.csv
2026-08-05 03:18:53,375 [WARNING] etl_camara — 404 — não encontrado: http://dadosabertos.camara.leg.br/arquivos/orgaosDeputados/csv/orgaosDeputados-L2.csv
2026-08-05 03:18:53,565 [WARNING] etl_camara — 404 — não encontrado: http://dadosabertos.camara.leg.br/arquivos/orgaosDeputados/csv/orgaosDeputados-L15.csv
2026-08-05 03:18:53,576 [WARNING] etl_camara — 404 — não encontrado: http://dadosabertos.camara.leg.br/arquivos/orgaosDeputados/csv/orgaosDeputados-L5.csv
2026-08-05 03:18:53,772 [WARNING] etl_camara — 404 — não encontrado: http://dadosabertos.camara.leg.br/arquivos/orgaosDeputados/csv/orgaosDeputados-L16.csv
2026-08-05 03:18:53,775 [WARNING] etl_camara — 404 — não encontrado: http://dadosabertos.camara.leg.br/arquivos/orgaosDeputados/csv/orgaosDeputados-L7.csv
2026-08-05 03:18:53,901 [WARNING] etl_camara — 404 — não encontrado: http://dadosabertos.camara.leg.br/arquivos/orgaosDeputados/csv/orgaosDeputados-L22.csv
2026-08-05 03:18:53,965 [WARNING] etl_camara — 404 — não encontrado: http://dadosabertos.camara.leg.br/arquivos/orgaosDeputados/csv/orgaosDeputados-L17.csv
2026-08-05 03:18:53,968 [WARNING] etl_camara — 404 — não encontrado: http://dadosabertos.camara.leg.br/arquivos/orgaosDeputados/csv/orgaosDeputados-L9.csv
2026-08-05 03:18:54,101 [WARNING] etl_camara — 404 — não encontrado: http://dadosabertos.camara.leg.br/arquivos/orgaosDeputados/csv/orgaosDeputados-L23.csv
2026-08-05 03:18:54,173 [WARNING] etl_camara — 404 — não encontrado: http://dadosabertos.camara.leg.br/arquivos/orgaosDeputados/csv/orgaosDeputados-L18.csv
2026-08-05 03:18:54,175 [WARNING] etl_camara — 404 — não encontrado: http://dadosabertos.camara.leg.br/arquivos/orgaosDeputados/csv/orgaosDeputados-L13.csv
2026-08-05 03:18:54,307 [WARNING] etl_camara — 404 — não encontrado: http://dadosabertos.camara.leg.br/arquivos/orgaosDeputados/csv/orgaosDeputados-L24.csv
2026-08-05 03:18:54,364 [WARNING] etl_camara — 404 — não encontrado: http://dadosabertos.camara.leg.br/arquivos/orgaosDeputados/csv/orgaosDeputados-L20.csv
2026-08-05 03:18:54,368 [WARNING] etl_camara — 404 — não encontrado: http://dadosabertos.camara.leg.br/arquivos/orgaosDeputados/csv/orgaosDeputados-L19.csv
2026-08-05 03:18:54,512 [WARNING] etl_camara — 404 — não encontrado: http://dadosabertos.camara.leg.br/arquivos/orgaosDeputados/csv/orgaosDeputados-L26.csv
2026-08-05 03:18:54,567 [WARNING] etl_camara — 404 — não encontrado: http://dadosabertos.camara.leg.br/arquivos/orgaosDeputados/csv/orgaosDeputados-L25.csv
2026-08-05 03:18:54,576 [WARNING] etl_camara — 404 — não encontrado: http://dadosabertos.camara.leg.br/arquivos/orgaosDeputados/csv/orgaosDeputados-L21.csv
2026-08-05 03:18:54,700 [WARNING] etl_camara — 404 — não encontrado: http://dadosabertos.camara.leg.br/arquivos/orgaosDeputados/csv/orgaosDeputados-L27.csv
2026-08-05 03:18:54,764 [WARNING] etl_camara — 404 — não encontrado: http://dadosabertos.camara.leg.br/arquivos/orgaosDeputados/csv/orgaosDeputados-L29.csv
2026-08-05 03:18:54,768 [WARNING] etl_camara — 404 — não encontrado: http://dadosabertos.camara.leg.br/arquivos/orgaosDeputados/csv/orgaosDeputados-L28.csv
2026-08-05 03:18:54,908 [WARNING] etl_camara — 404 — não encontrado: http://dadosabertos.camara.leg.br/arquivos/orgaosDeputados/csv/orgaosDeputados-L30.csv
2026-08-05 03:18:54,976 [WARNING] etl_camara — 404 — não encontrado: http://dadosabertos.camara.leg.br/arquivos/orgaosDeputados/csv/orgaosDeputados-L31.csv
2026-08-05 03:18:55,100 [WARNING] etl_camara — 404 — não encontrado: http://dadosabertos.camara.leg.br/arquivos/orgaosDeputados/csv/orgaosDeputados-L36.csv
2026-08-05 03:18:55,126 [WARNING] etl_camara — 404 — não encontrado: http://dadosabertos.camara.leg.br/arquivos/orgaosDeputados/csv/orgaosDeputados-L39.csv
2026-08-05 03:18:55,187 [WARNING] etl_camara — 404 — não encontrado: http://dadosabertos.camara.leg.br/arquivos/orgaosDeputados/csv/orgaosDeputados-L32.csv
2026-08-05 03:18:55,307 [WARNING] etl_camara — 404 — não encontrado: http://dadosabertos.camara.leg.br/arquivos/orgaosDeputados/csv/orgaosDeputados-L38.csv
2026-08-05 03:18:55,374 [WARNING] etl_camara — 404 — não encontrado: http://dadosabertos.camara.leg.br/arquivos/orgaosDeputados/csv/orgaosDeputados-L33.csv
2026-08-05 03:18:55,499 [WARNING] etl_camara — 404 — não encontrado: http://dadosabertos.camara.leg.br/arquivos/orgaosDeputados/csv/orgaosDeputados-L43.csv
2026-08-05 03:18:55,583 [WARNING] etl_camara — 404 — não encontrado: http://dadosabertos.camara.leg.br/arquivos/orgaosDeputados/csv/orgaosDeputados-L34.csv
2026-08-05 03:18:55,706 [WARNING] etl_camara — 404 — não encontrado: http://dadosabertos.camara.leg.br/arquivos/orgaosDeputados/csv/orgaosDeputados-L46.csv
2026-08-05 03:18:55,775 [WARNING] etl_camara — 404 — não encontrado: http://dadosabertos.camara.leg.br/arquivos/orgaosDeputados/csv/orgaosDeputados-L35.csv
2026-08-05 03:18:55,890 [WARNING] etl_camara — 404 — não encontrado: http://dadosabertos.camara.leg.br/arquivos/orgaosDeputados/csv/orgaosDeputados-L47.csv
2026-08-05 03:18:55,907 [WARNING] etl_camara — 404 — não encontrado: http://dadosabertos.camara.leg.br/arquivos/orgaosDeputados/csv/orgaosDeputados-L48.csv
2026-08-05 03:18:55,974 [WARNING] etl_camara — 404 — não encontrado: http://dadosabertos.camara.leg.br/arquivos/orgaosDeputados/csv/orgaosDeputados-L37.csv
2026-08-05 03:18:56,090 [WARNING] etl_camara — 404 — não encontrado: http://dadosabertos.camara.leg.br/arquivos/orgaosDeputados/csv/orgaosDeputados-L49.csv
2026-08-05 03:18:56,175 [WARNING] etl_camara — 404 — não encontrado: http://dadosabertos.camara.leg.br/arquivos/orgaosDeputados/csv/orgaosDeputados-L40.csv
2026-08-05 03:18:56,283 [INFO] etl_camara — → sem alterações (304): orgaosDeputados-L51.csv
2026-08-05 03:18:56,376 [WARNING] etl_camara — 404 — não encontrado: http://dadosabertos.camara.leg.br/arquivos/orgaosDeputados/csv/orgaosDeputados-L41.csv
2026-08-05 03:18:56,421 [INFO] etl_camara — → sem alterações (304): orgaosDeputados-L54.csv
2026-08-05 03:18:56,566 [INFO] etl_camara — → sem alterações (304): orgaosDeputados-L56.csv
2026-08-05 03:18:56,568 [WARNING] etl_camara — 404 — não encontrado: http://dadosabertos.camara.leg.br/arquivos/orgaosDeputados/csv/orgaosDeputados-L42.csv
2026-08-05 03:18:56,620 [INFO] etl_camara — → sem alterações (304): orgaosDeputados-L55.csv
2026-08-05 03:18:56,743 [INFO] etl_camara — → sem alterações (304): Ano-2026.csv.zip
2026-08-05 03:18:56,768 [WARNING] etl_camara — 404 — não encontrado: http://dadosabertos.camara.leg.br/arquivos/orgaosDeputados/csv/orgaosDeputados-L44.csv
2026-08-05 03:18:56,828 [INFO] etl_camara — → sem alterações (304): orgaosDeputados-L57.csv
2026-08-05 03:18:56,977 [WARNING] etl_camara — 404 — não encontrado: http://dadosabertos.camara.leg.br/arquivos/orgaosDeputados/csv/orgaosDeputados-L45.csv
2026-08-05 03:18:57,167 [WARNING] etl_camara — 404 — não encontrado: http://dadosabertos.camara.leg.br/arquivos/orgaosDeputados/csv/orgaosDeputados-L50.csv
2026-08-05 03:18:57,376 [INFO] etl_camara — → sem alterações (304): orgaosDeputados-L52.csv
2026-08-05 03:18:57,579 [INFO] etl_camara — → sem alterações (304): orgaosDeputados-L53.csv
2026-08-05 03:18:57,581 [INFO] etl_camara — ━━━━━━━━━━━━━━━━━━━━━━━━━━━━━━━━━━━━━━━━━━━━━━━━━━━━━━━━━━━━
2026-08-05 03:18:57,581 [INFO] etl_camara — 🌊 Onda 2 — 6 datasets | workers=8
2026-08-05 03:18:57,705 [INFO] etl_camara — → sem alterações (304): votacoesProposicoes-2026.csv
2026-08-05 03:18:57,770 [INFO] etl_camara — → sem alterações (304): gruposHistorico.csv
2026-08-05 03:18:57,904 [INFO] etl_camara — → sem alterações (304): gruposMembros.csv
2026-08-05 03:18:57,968 [INFO] etl_camara — → sem alterações (304): votacoesOrientacoes-2026.csv
2026-08-05 03:18:58,314 [INFO] etl_camara — → sem alterações (304): votacoesVotos-2026.csv
2026-08-05 03:19:00,646 [INFO] etl_camara — ✔ frentesDeputados.csv (262260 linhas)
2026-08-05 03:23:58,733 [INFO] etl_camara —   FK-insert frentesDeputados → 262260 registros
2026-08-05 03:23:58,784 [INFO] etl_camara — ━━━━━━━━━━━━━━━━━━━━━━━━━━━━━━━━━━━━━━━━━━━━━━━━━━━━━━━━━━━━
2026-08-05 03:23:58,784 [INFO] etl_camara — 🏁 ETL concluído — processados: 1 | sem alteração (304): 37 | histórico pulado: 0 | erros: 50 | total: 88
2026-08-05 03:23:58,784 [WARNING] etl_camara — Datasets com falha (50): ['orgaosDeputados_L1', 'orgaosDeputados_L4', 'orgaosDeputados_L6', 'orgaosDeputados_L10', 'orgaosDeputados_L8', 'orgaosDeputados_L11', 'orgaosDeputados_L3', 'orgaosDeputados_L12', 'orgaosDeputados_L14', 'orgaosDeputados_L2', 'orgaosDeputados_L15', 'orgaosDeputados_L5', 'orgaosDeputados_L16', 'orgaosDeputados_L7', 'orgaosDeputados_L22', 'orgaosDeputados_L17', 'orgaosDeputados_L9', 'orgaosDeputados_L23', 'orgaosDeputados_L18', 'orgaosDeputados_L13', 'orgaosDeputados_L24', 'orgaosDeputados_L20', 'orgaosDeputados_L19', 'orgaosDeputados_L26', 'orgaosDeputados_L25', 'orgaosDeputados_L21', 'orgaosDeputados_L27', 'orgaosDeputados_L29', 'orgaosDeputados_L28', 'orgaosDeputados_L30', 'orgaosDeputados_L31', 'orgaosDeputados_L36', 'orgaosDeputados_L39', 'orgaosDeputados_L32', 'orgaosDeputados_L38', 'orgaosDeputados_L33', 'orgaosDeputados_L43', 'orgaosDeputados_L34', 'orgaosDeputados_L46', 'orgaosDeputados_L35', 'orgaosDeputados_L47', 'orgaosDeputados_L48', 'orgaosDeputados_L37', 'orgaosDeputados_L49', 'orgaosDeputados_L40', 'orgaosDeputados_L41', 'orgaosDeputados_L42', 'orgaosDeputados_L44', 'orgaosDeputados_L45', 'orgaosDeputados_L50']
2026-08-05 03:23:58,784 [ERROR] etl_camara — ETL finalizado com 50 dataset(s) em erro — saindo com código 1
2026-08-06 03:00:04,375 [INFO] etl_camara — Banco: postgres:5432/quemvota
2026-08-06 03:00:04,375 [INFO] etl_camara — Cache: etl_cache.json
2026-08-06 03:00:04,375 [INFO] etl_camara — Workers — download: 8 | backfill: 4
2026-08-06 03:00:04,385 [INFO] etl_camara — Iniciando ETL: 88 datasets | anos=[2026] | legislaturas=[1, 2, 3, 4, 5, 6, 7, 8, 9, 10, 11, 12, 13, 14, 15, 16, 17, 18, 19, 20, 21, 22, 23, 24, 25, 26, 27, 28, 29, 30, 31, 32, 33, 34, 35, 36, 37, 38, 39, 40, 41, 42, 43, 44, 45, 46, 47, 48, 49, 50, 51, 52, 53, 54, 55, 56, 57]
2026-08-06 03:00:04,386 [INFO] etl_camara — ━━━━━━━━━━━━━━━━━━━━━━━━━━━━━━━━━━━━━━━━━━━━━━━━━━━━━━━━━━━━
2026-08-06 03:00:04,386 [INFO] etl_camara — 🌊 Onda 0 — 9 datasets | workers=8
2026-08-06 03:00:04,773 [INFO] etl_camara — ✔ orgaos.csv (3867 linhas)
2026-08-06 03:00:05,071 [INFO] etl_camara — ✔ tecadCategorias.csv (79 linhas)
2026-08-06 03:00:05,076 [INFO] etl_camara — ✔ legislaturas.csv (57 linhas)
2026-08-06 03:00:05,292 [INFO] etl_camara —   upsert tecadCategorias → 79 registros
2026-08-06 03:00:05,297 [INFO] etl_camara —   upsert legislaturas → 57 registros
2026-08-06 03:00:05,416 [INFO] etl_camara — ✔ deputados.csv (7889 linhas)
2026-08-06 03:00:05,670 [INFO] etl_camara — ✔ licitacoes-2026.csv (102 linhas)
2026-08-06 03:00:05,771 [INFO] etl_camara —   upsert licitacoes_2026 → 102 registros
2026-08-06 03:00:05,818 [INFO] etl_camara —   upsert orgaos → 3867 registros
2026-08-06 03:00:05,865 [INFO] etl_camara — ✔ eventos-2026.csv (1449 linhas)
2026-08-06 03:00:06,188 [INFO] etl_camara — ✔ funcionarios.csv (15529 linhas)
2026-08-06 03:00:06,534 [INFO] etl_camara —   upsert eventos_2026 → 1449 registros
2026-08-06 03:00:08,184 [INFO] etl_camara —   upsert deputados → 7889 registros
2026-08-06 03:00:09,003 [INFO] etl_camara — ✔ tecadTermos.csv (80591 linhas)
2026-08-06 03:00:10,490 [INFO] etl_camara — ✔ proposicoes-2026.csv (40510 linhas)
2026-08-06 03:00:11,010 [INFO] etl_camara —   upsert funcionarios → 15524 registros
2026-08-06 03:00:34,039 [INFO] etl_camara —   upsert tecadTermos → 80591 registros
2026-08-06 03:00:39,649 [INFO] etl_camara —   upsert proposicoes_2026 → 40510 registros
2026-08-06 03:00:39,685 [INFO] etl_camara — ━━━━━━━━━━━━━━━━━━━━━━━━━━━━━━━━━━━━━━━━━━━━━━━━━━━━━━━━━━━━
2026-08-06 03:00:39,685 [INFO] etl_camara — 🌊 Onda 1 — 73 datasets | workers=8
2026-08-06 03:00:39,877 [INFO] etl_camara — ✔ grupos.csv (118 linhas)
2026-08-06 03:00:39,901 [INFO] etl_camara — ✔ eventosRequerimentos-2026.csv (844 linhas)
2026-08-06 03:00:40,031 [INFO] etl_camara —   upsert grupos → 118 registros
2026-08-06 03:00:40,137 [INFO] etl_camara — ✔ eventosOrgaos-2026.csv (1449 linhas)
2026-08-06 03:00:40,197 [INFO] etl_camara — ✔ eventosPresencaDeputados-2026.csv (52895 linhas)
2026-08-06 03:00:40,300 [INFO] etl_camara — ✔ legislaturasMesas.csv (177 linhas)
2026-08-06 03:00:40,345 [INFO] etl_camara — ✔ deputadosProfissoes.csv (12594 linhas)
2026-08-06 03:00:40,444 [INFO] etl_camara — → sem alterações (304): frentes.csv
2026-08-06 03:00:40,745 [INFO] etl_camara —   upsert legislaturasMesas → 177 registros
2026-08-06 03:00:40,949 [INFO] etl_camara — ✔ proposicoesTemas-2026.csv (22050 linhas)
2026-08-06 03:00:41,019 [INFO] etl_camara —   FK-insert eventosRequerimentos_2026 → 844 registros
2026-08-06 03:00:41,288 [INFO] etl_camara — ✔ licitacoesPedidos-2026.csv (100 linhas)
2026-08-06 03:00:41,367 [INFO] etl_camara — ✔ proposicoesAutores-2026.csv (50785 linhas)
2026-08-06 03:00:41,558 [INFO] etl_camara — ✔ votacoes-2026.csv (6528 linhas)
2026-08-06 03:00:41,563 [INFO] etl_camara — ✔ deputadosOcupacoes.csv (37493 linhas)
2026-08-06 03:00:42,297 [INFO] etl_camara —   FK-insert licitacoesPedidos_2026 → 100 registros
2026-08-06 03:00:42,705 [INFO] etl_camara — ✔ licitacoesPropostas-2026.csv (288 linhas)
2026-08-06 03:00:43,517 [INFO] etl_camara —   FK-insert licitacoesPropostas_2026 → 288 registros
2026-08-06 03:00:43,848 [INFO] etl_camara — ✔ licitacoesItens-2026.csv (747 linhas)
2026-08-06 03:00:45,154 [INFO] etl_camara —   FK-insert licitacoesItens_2026 → 747 registros
2026-08-06 03:00:45,303 [INFO] etl_camara —   FK-insert eventosOrgaos_2026 → 1449 registros
2026-08-06 03:00:45,343 [INFO] etl_camara — ✔ licitacoesContratos-2026.csv (39 linhas)
2026-08-06 03:00:45,422 [INFO] etl_camara —   FK-insert licitacoesContratos_2026 → 39 registros
2026-08-06 03:00:45,458 [WARNING] etl_camara — 404 — não encontrado: http://dadosabertos.camara.leg.br/arquivos/orgaosDeputados/csv/orgaosDeputados-L1.csv
2026-08-06 03:00:45,596 [WARNING] etl_camara — 404 — não encontrado: http://dadosabertos.camara.leg.br/arquivos/orgaosDeputados/csv/orgaosDeputados-L2.csv
2026-08-06 03:00:45,609 [WARNING] etl_camara — 404 — não encontrado: http://dadosabertos.camara.leg.br/arquivos/orgaosDeputados/csv/orgaosDeputados-L3.csv
2026-08-06 03:00:45,793 [WARNING] etl_camara — 404 — não encontrado: http://dadosabertos.camara.leg.br/arquivos/orgaosDeputados/csv/orgaosDeputados-L4.csv
2026-08-06 03:00:45,974 [WARNING] etl_camara — 404 — não encontrado: http://dadosabertos.camara.leg.br/arquivos/orgaosDeputados/csv/orgaosDeputados-L6.csv
2026-08-06 03:00:46,000 [WARNING] etl_camara — 404 — não encontrado: http://dadosabertos.camara.leg.br/arquivos/orgaosDeputados/csv/orgaosDeputados-L5.csv
2026-08-06 03:00:46,188 [WARNING] etl_camara — 404 — não encontrado: http://dadosabertos.camara.leg.br/arquivos/orgaosDeputados/csv/orgaosDeputados-L8.csv
2026-08-06 03:00:46,350 [WARNING] etl_camara — 404 — não encontrado: http://dadosabertos.camara.leg.br/arquivos/orgaosDeputados/csv/orgaosDeputados-L9.csv
2026-08-06 03:00:46,395 [WARNING] etl_camara — 404 — não encontrado: http://dadosabertos.camara.leg.br/arquivos/orgaosDeputados/csv/orgaosDeputados-L7.csv
2026-08-06 03:00:46,556 [WARNING] etl_camara — 404 — não encontrado: http://dadosabertos.camara.leg.br/arquivos/orgaosDeputados/csv/orgaosDeputados-L11.csv
2026-08-06 03:00:46,598 [WARNING] etl_camara — 404 — não encontrado: http://dadosabertos.camara.leg.br/arquivos/orgaosDeputados/csv/orgaosDeputados-L10.csv
2026-08-06 03:00:46,753 [WARNING] etl_camara — 404 — não encontrado: http://dadosabertos.camara.leg.br/arquivos/orgaosDeputados/csv/orgaosDeputados-L12.csv
2026-08-06 03:00:46,971 [WARNING] etl_camara — 404 — não encontrado: http://dadosabertos.camara.leg.br/arquivos/orgaosDeputados/csv/orgaosDeputados-L13.csv
2026-08-06 03:00:47,112 [WARNING] etl_camara — 404 — não encontrado: http://dadosabertos.camara.leg.br/arquivos/orgaosDeputados/csv/orgaosDeputados-L15.csv
2026-08-06 03:00:47,160 [WARNING] etl_camara — 404 — não encontrado: http://dadosabertos.camara.leg.br/arquivos/orgaosDeputados/csv/orgaosDeputados-L14.csv
2026-08-06 03:00:47,312 [WARNING] etl_camara — 404 — não encontrado: http://dadosabertos.camara.leg.br/arquivos/orgaosDeputados/csv/orgaosDeputados-L17.csv
2026-08-06 03:00:47,321 [WARNING] etl_camara — 404 — não encontrado: http://dadosabertos.camara.leg.br/arquivos/orgaosDeputados/csv/orgaosDeputados-L16.csv
2026-08-06 03:00:47,499 [WARNING] etl_camara — 404 — não encontrado: http://dadosabertos.camara.leg.br/arquivos/orgaosDeputados/csv/orgaosDeputados-L19.csv
2026-08-06 03:00:47,513 [WARNING] etl_camara — 404 — não encontrado: http://dadosabertos.camara.leg.br/arquivos/orgaosDeputados/csv/orgaosDeputados-L18.csv
2026-08-06 03:00:47,668 [WARNING] etl_camara — 404 — não encontrado: http://dadosabertos.camara.leg.br/arquivos/orgaosDeputados/csv/orgaosDeputados-L21.csv
2026-08-06 03:00:47,720 [WARNING] etl_camara — 404 — não encontrado: http://dadosabertos.camara.leg.br/arquivos/orgaosDeputados/csv/orgaosDeputados-L20.csv
2026-08-06 03:00:47,921 [WARNING] etl_camara — 404 — não encontrado: http://dadosabertos.camara.leg.br/arquivos/orgaosDeputados/csv/orgaosDeputados-L22.csv
2026-08-06 03:00:48,081 [WARNING] etl_camara — 404 — não encontrado: http://dadosabertos.camara.leg.br/arquivos/orgaosDeputados/csv/orgaosDeputados-L24.csv
2026-08-06 03:00:48,112 [WARNING] etl_camara — 404 — não encontrado: http://dadosabertos.camara.leg.br/arquivos/orgaosDeputados/csv/orgaosDeputados-L23.csv
2026-08-06 03:00:48,326 [WARNING] etl_camara — 404 — não encontrado: http://dadosabertos.camara.leg.br/arquivos/orgaosDeputados/csv/orgaosDeputados-L25.csv
2026-08-06 03:00:48,518 [WARNING] etl_camara — 404 — não encontrado: http://dadosabertos.camara.leg.br/arquivos/orgaosDeputados/csv/orgaosDeputados-L26.csv
2026-08-06 03:00:48,719 [WARNING] etl_camara — 404 — não encontrado: http://dadosabertos.camara.leg.br/arquivos/orgaosDeputados/csv/orgaosDeputados-L27.csv
2026-08-06 03:00:48,920 [WARNING] etl_camara — 404 — não encontrado: http://dadosabertos.camara.leg.br/arquivos/orgaosDeputados/csv/orgaosDeputados-L28.csv
2026-08-06 03:00:49,098 [WARNING] etl_camara — 404 — não encontrado: http://dadosabertos.camara.leg.br/arquivos/orgaosDeputados/csv/orgaosDeputados-L30.csv
2026-08-06 03:00:49,122 [WARNING] etl_camara — 404 — não encontrado: http://dadosabertos.camara.leg.br/arquivos/orgaosDeputados/csv/orgaosDeputados-L29.csv
2026-08-06 03:00:49,262 [WARNING] etl_camara — 404 — não encontrado: http://dadosabertos.camara.leg.br/arquivos/orgaosDeputados/csv/orgaosDeputados-L32.csv
2026-08-06 03:00:49,467 [WARNING] etl_camara — 404 — não encontrado: http://dadosabertos.camara.leg.br/arquivos/orgaosDeputados/csv/orgaosDeputados-L31.csv
2026-08-06 03:00:49,615 [WARNING] etl_camara — 404 — não encontrado: http://dadosabertos.camara.leg.br/arquivos/orgaosDeputados/csv/orgaosDeputados-L34.csv
2026-08-06 03:00:49,668 [WARNING] etl_camara — 404 — não encontrado: http://dadosabertos.camara.leg.br/arquivos/orgaosDeputados/csv/orgaosDeputados-L33.csv
2026-08-06 03:00:49,813 [WARNING] etl_camara — 404 — não encontrado: http://dadosabertos.camara.leg.br/arquivos/orgaosDeputados/csv/orgaosDeputados-L35.csv
2026-08-06 03:00:49,866 [WARNING] etl_camara — 404 — não encontrado: http://dadosabertos.camara.leg.br/arquivos/orgaosDeputados/csv/orgaosDeputados-L36.csv
2026-08-06 03:00:50,042 [WARNING] etl_camara — 404 — não encontrado: http://dadosabertos.camara.leg.br/arquivos/orgaosDeputados/csv/orgaosDeputados-L38.csv
2026-08-06 03:00:50,068 [WARNING] etl_camara — 404 — não encontrado: http://dadosabertos.camara.leg.br/arquivos/orgaosDeputados/csv/orgaosDeputados-L37.csv
2026-08-06 03:00:50,205 [WARNING] etl_camara — 404 — não encontrado: http://dadosabertos.camara.leg.br/arquivos/orgaosDeputados/csv/orgaosDeputados-L39.csv
2026-08-06 03:00:50,243 [WARNING] etl_camara — 404 — não encontrado: http://dadosabertos.camara.leg.br/arquivos/orgaosDeputados/csv/orgaosDeputados-L40.csv
2026-08-06 03:00:50,405 [WARNING] etl_camara — 404 — não encontrado: http://dadosabertos.camara.leg.br/arquivos/orgaosDeputados/csv/orgaosDeputados-L42.csv
2026-08-06 03:00:50,409 [WARNING] etl_camara — 404 — não encontrado: http://dadosabertos.camara.leg.br/arquivos/orgaosDeputados/csv/orgaosDeputados-L41.csv
2026-08-06 03:00:50,549 [WARNING] etl_camara — 404 — não encontrado: http://dadosabertos.camara.leg.br/arquivos/orgaosDeputados/csv/orgaosDeputados-L44.csv
2026-08-06 03:00:50,601 [WARNING] etl_camara — 404 — não encontrado: http://dadosabertos.camara.leg.br/arquivos/orgaosDeputados/csv/orgaosDeputados-L43.csv
2026-08-06 03:00:50,747 [WARNING] etl_camara — 404 — não encontrado: http://dadosabertos.camara.leg.br/arquivos/orgaosDeputados/csv/orgaosDeputados-L45.csv
2026-08-06 03:00:50,804 [WARNING] etl_camara — 404 — não encontrado: http://dadosabertos.camara.leg.br/arquivos/orgaosDeputados/csv/orgaosDeputados-L46.csv
2026-08-06 03:00:50,958 [WARNING] etl_camara — 404 — não encontrado: http://dadosabertos.camara.leg.br/arquivos/orgaosDeputados/csv/orgaosDeputados-L47.csv
2026-08-06 03:00:51,010 [WARNING] etl_camara — 404 — não encontrado: http://dadosabertos.camara.leg.br/arquivos/orgaosDeputados/csv/orgaosDeputados-L48.csv
2026-08-06 03:00:51,167 [WARNING] etl_camara — 404 — não encontrado: http://dadosabertos.camara.leg.br/arquivos/orgaosDeputados/csv/orgaosDeputados-L50.csv
2026-08-06 03:00:51,207 [WARNING] etl_camara — 404 — não encontrado: http://dadosabertos.camara.leg.br/arquivos/orgaosDeputados/csv/orgaosDeputados-L49.csv
2026-08-06 03:00:51,679 [INFO] etl_camara — ✔ orgaosDeputados-L52.csv (12512 linhas)
2026-08-06 03:00:52,012 [INFO] etl_camara — ✔ orgaosDeputados-L51.csv (12158 linhas)
2026-08-06 03:01:00,907 [INFO] etl_camara —   FK-insert deputadosProfissoes → 12594 registros
2026-08-06 03:01:01,314 [INFO] etl_camara — ✔ orgaosDeputados-L53.csv (10994 linhas)
2026-08-06 03:01:01,331 [INFO] etl_camara —   FK-insert votacoes_2026 → 6528 registros
2026-08-06 03:01:02,014 [INFO] etl_camara — ✔ orgaosDeputados-L54.csv (13591 linhas)
2026-08-06 03:01:18,367 [INFO] etl_camara —   FK-insert orgaosDeputados_L51 → 12158 registros
2026-08-06 03:01:18,905 [INFO] etl_camara — ✔ orgaosDeputados-L55.csv (17815 linhas)
2026-08-06 03:01:20,728 [INFO] etl_camara —   FK-insert orgaosDeputados_L52 → 12512 registros
2026-08-06 03:01:21,185 [INFO] etl_camara — ✔ orgaosDeputados-L56.csv (14519 linhas)
2026-08-06 03:01:27,005 [INFO] etl_camara —   FK-insert orgaosDeputados_L53 → 10994 registros
2026-08-06 03:01:27,506 [INFO] etl_camara — ✔ orgaosDeputados-L57.csv (13230 linhas)
2026-08-06 03:01:32,587 [INFO] etl_camara —   FK-insert deputadosOcupacoes → 33058 registros
2026-08-06 03:01:33,855 [INFO] etl_camara — ✔ Ano-2026.csv.zip (89671 linhas)
2026-08-06 03:01:37,673 [INFO] etl_camara —   FK-insert orgaosDeputados_L54 → 13591 registros
2026-08-06 03:01:47,545 [INFO] etl_camara —   FK-insert proposicoesTemas_2026 → 22050 registros
2026-08-06 03:01:53,742 [INFO] etl_camara —   FK-insert orgaosDeputados_L56 → 14519 registros
2026-08-06 03:01:55,748 [INFO] etl_camara —   FK-insert orgaosDeputados_L57 → 13230 registros
2026-08-06 03:01:56,769 [INFO] etl_camara —   FK-insert orgaosDeputados_L55 → 17815 registros
2026-08-06 03:02:07,198 [INFO] etl_camara —   FK-insert eventosPresenca_2026 → 52895 registros
2026-08-06 03:02:29,347 [INFO] etl_camara —   FK-insert proposicoesAutores_2026 → 50785 registros
2026-08-06 03:03:36,398 [INFO] etl_camara —   FK-insert cotas_2026 → 89209 registros
2026-08-06 03:03:36,441 [INFO] etl_camara — ━━━━━━━━━━━━━━━━━━━━━━━━━━━━━━━━━━━━━━━━━━━━━━━━━━━━━━━━━━━━
2026-08-06 03:03:36,441 [INFO] etl_camara — 🌊 Onda 2 — 6 datasets | workers=8
2026-08-06 03:03:36,733 [INFO] etl_camara — ✔ votacoesProposicoes-2026.csv (4943 linhas)
2026-08-06 03:03:36,805 [INFO] etl_camara — → sem alterações (304): frentesDeputados.csv
2026-08-06 03:03:36,867 [INFO] etl_camara — ✔ gruposHistorico.csv (412 linhas)
2026-08-06 03:03:36,983 [INFO] etl_camara — ✔ gruposMembros.csv (7091 linhas)
2026-08-06 03:03:37,079 [INFO] etl_camara — ✔ votacoesOrientacoes-2026.csv (1734 linhas)
2026-08-06 03:03:37,234 [INFO] etl_camara — ✔ votacoesVotos-2026.csv (48645 linhas)
2026-08-06 03:03:38,305 [INFO] etl_camara —   FK-insert gruposHistorico → 412 registros
2026-08-06 03:03:39,413 [INFO] etl_camara —   FK-insert votacoesOrientacoes_2026 → 1734 registros
2026-08-06 03:03:41,127 [INFO] etl_camara —   FK-insert votacoesObjetos_2026 → 4943 registros
2026-08-06 03:03:42,031 [INFO] etl_camara —   FK-insert gruposMembros → 7091 registros
2026-08-06 03:04:02,367 [INFO] etl_camara —   FK-insert votacoesVotos_2026 → 48645 registros
2026-08-06 03:04:02,375 [INFO] etl_camara — ━━━━━━━━━━━━━━━━━━━━━━━━━━━━━━━━━━━━━━━━━━━━━━━━━━━━━━━━━━━━
2026-08-06 03:04:02,375 [INFO] etl_camara — 🏁 ETL concluído — processados: 36 | sem alteração (304): 2 | histórico pulado: 0 | erros: 50 | total: 88
2026-08-06 03:04:02,375 [WARNING] etl_camara — Datasets com falha (50): ['orgaosDeputados_L1', 'orgaosDeputados_L2', 'orgaosDeputados_L3', 'orgaosDeputados_L4', 'orgaosDeputados_L6', 'orgaosDeputados_L5', 'orgaosDeputados_L8', 'orgaosDeputados_L9', 'orgaosDeputados_L7', 'orgaosDeputados_L11', 'orgaosDeputados_L10', 'orgaosDeputados_L12', 'orgaosDeputados_L13', 'orgaosDeputados_L15', 'orgaosDeputados_L14', 'orgaosDeputados_L17', 'orgaosDeputados_L16', 'orgaosDeputados_L19', 'orgaosDeputados_L18', 'orgaosDeputados_L21', 'orgaosDeputados_L20', 'orgaosDeputados_L22', 'orgaosDeputados_L24', 'orgaosDeputados_L23', 'orgaosDeputados_L25', 'orgaosDeputados_L26', 'orgaosDeputados_L27', 'orgaosDeputados_L28', 'orgaosDeputados_L30', 'orgaosDeputados_L29', 'orgaosDeputados_L32', 'orgaosDeputados_L31', 'orgaosDeputados_L34', 'orgaosDeputados_L33', 'orgaosDeputados_L35', 'orgaosDeputados_L36', 'orgaosDeputados_L38', 'orgaosDeputados_L37', 'orgaosDeputados_L39', 'orgaosDeputados_L40', 'orgaosDeputados_L42', 'orgaosDeputados_L41', 'orgaosDeputados_L44', 'orgaosDeputados_L43', 'orgaosDeputados_L45', 'orgaosDeputados_L46', 'orgaosDeputados_L47', 'orgaosDeputados_L48', 'orgaosDeputados_L50', 'orgaosDeputados_L49']
2026-08-06 03:04:02,375 [ERROR] etl_camara — ETL finalizado com 50 dataset(s) em erro — saindo com código 1
2026-08-06 03:09:04,368 [INFO] etl_camara — Banco: postgres:5432/quemvota
2026-08-06 03:09:04,368 [INFO] etl_camara — Cache: etl_cache.json
2026-08-06 03:09:04,368 [INFO] etl_camara — Workers — download: 8 | backfill: 4
2026-08-06 03:09:04,381 [INFO] etl_camara — Iniciando ETL: 88 datasets | anos=[2026] | legislaturas=[1, 2, 3, 4, 5, 6, 7, 8, 9, 10, 11, 12, 13, 14, 15, 16, 17, 18, 19, 20, 21, 22, 23, 24, 25, 26, 27, 28, 29, 30, 31, 32, 33, 34, 35, 36, 37, 38, 39, 40, 41, 42, 43, 44, 45, 46, 47, 48, 49, 50, 51, 52, 53, 54, 55, 56, 57]
2026-08-06 03:09:04,382 [INFO] etl_camara — ━━━━━━━━━━━━━━━━━━━━━━━━━━━━━━━━━━━━━━━━━━━━━━━━━━━━━━━━━━━━
2026-08-06 03:09:04,382 [INFO] etl_camara — 🌊 Onda 0 — 9 datasets | workers=8
2026-08-06 03:09:04,603 [INFO] etl_camara — → sem alterações (304): funcionarios.csv
2026-08-06 03:09:04,612 [INFO] etl_camara — → sem alterações (304): orgaos.csv
2026-08-06 03:09:04,614 [INFO] etl_camara — → sem alterações (304): tecadCategorias.csv
2026-08-06 03:09:04,802 [INFO] etl_camara — → sem alterações (304): eventos-2026.csv
2026-08-06 03:09:04,820 [INFO] etl_camara — → sem alterações (304): tecadTermos.csv
2026-08-06 03:09:04,822 [INFO] etl_camara — → sem alterações (304): proposicoes-2026.csv
2026-08-06 03:09:05,021 [INFO] etl_camara — → sem alterações (304): legislaturas.csv
2026-08-06 03:09:05,021 [INFO] etl_camara — → sem alterações (304): deputados.csv
2026-08-06 03:09:05,202 [INFO] etl_camara — → sem alterações (304): licitacoes-2026.csv
2026-08-06 03:09:05,204 [INFO] etl_camara — ━━━━━━━━━━━━━━━━━━━━━━━━━━━━━━━━━━━━━━━━━━━━━━━━━━━━━━━━━━━━
2026-08-06 03:09:05,204 [INFO] etl_camara — 🌊 Onda 1 — 73 datasets | workers=8
2026-08-06 03:09:05,327 [INFO] etl_camara — → sem alterações (304): eventosPresencaDeputados-2026.csv
2026-08-06 03:09:05,330 [INFO] etl_camara — → sem alterações (304): deputadosProfissoes.csv
2026-08-06 03:09:05,410 [INFO] etl_camara — → sem alterações (304): legislaturasMesas.csv
2026-08-06 03:09:05,535 [INFO] etl_camara — → sem alterações (304): grupos.csv
2026-08-06 03:09:05,542 [INFO] etl_camara — → sem alterações (304): eventosOrgaos-2026.csv
2026-08-06 03:09:05,609 [INFO] etl_camara — → sem alterações (304): deputadosOcupacoes.csv
2026-08-06 03:09:05,735 [INFO] etl_camara — → sem alterações (304): eventosRequerimentos-2026.csv
2026-08-06 03:09:05,737 [INFO] etl_camara — → sem alterações (304): frentes.csv
2026-08-06 03:09:05,810 [INFO] etl_camara — → sem alterações (304): proposicoesAutores-2026.csv
2026-08-06 03:09:05,928 [INFO] etl_camara — → sem alterações (304): licitacoesContratos-2026.csv
2026-08-06 03:09:05,930 [INFO] etl_camara — → sem alterações (304): proposicoesTemas-2026.csv
2026-08-06 03:09:06,009 [INFO] etl_camara — → sem alterações (304): licitacoesItens-2026.csv
2026-08-06 03:09:06,128 [INFO] etl_camara — → sem alterações (304): votacoes-2026.csv
2026-08-06 03:09:06,203 [WARNING] etl_camara — 404 — não encontrado: http://dadosabertos.camara.leg.br/arquivos/orgaosDeputados/csv/orgaosDeputados-L2.csv
2026-08-06 03:09:06,336 [INFO] etl_camara — → sem alterações (304): licitacoesPropostas-2026.csv
2026-08-06 03:09:06,345 [WARNING] etl_camara — 404 — não encontrado: http://dadosabertos.camara.leg.br/arquivos/orgaosDeputados/csv/orgaosDeputados-L7.csv
2026-08-06 03:09:06,402 [WARNING] etl_camara — 404 — não encontrado: http://dadosabertos.camara.leg.br/arquivos/orgaosDeputados/csv/orgaosDeputados-L5.csv
2026-08-06 03:09:06,536 [INFO] etl_camara — → sem alterações (304): licitacoesPedidos-2026.csv
2026-08-06 03:09:06,685 [WARNING] etl_camara — 404 — não encontrado: http://dadosabertos.camara.leg.br/arquivos/orgaosDeputados/csv/orgaosDeputados-L11.csv
2026-08-06 03:09:06,735 [WARNING] etl_camara — 404 — não encontrado: http://dadosabertos.camara.leg.br/arquivos/orgaosDeputados/csv/orgaosDeputados-L1.csv
2026-08-06 03:09:06,877 [WARNING] etl_camara — 404 — não encontrado: http://dadosabertos.camara.leg.br/arquivos/orgaosDeputados/csv/orgaosDeputados-L13.csv
2026-08-06 03:09:06,945 [WARNING] etl_camara — 404 — não encontrado: http://dadosabertos.camara.leg.br/arquivos/orgaosDeputados/csv/orgaosDeputados-L3.csv
2026-08-06 03:09:07,077 [WARNING] etl_camara — 404 — não encontrado: http://dadosabertos.camara.leg.br/arquivos/orgaosDeputados/csv/orgaosDeputados-L15.csv
2026-08-06 03:09:07,127 [WARNING] etl_camara — 404 — não encontrado: http://dadosabertos.camara.leg.br/arquivos/orgaosDeputados/csv/orgaosDeputados-L4.csv
2026-08-06 03:09:07,284 [WARNING] etl_camara — 404 — não encontrado: http://dadosabertos.camara.leg.br/arquivos/orgaosDeputados/csv/orgaosDeputados-L16.csv
2026-08-06 03:09:07,328 [WARNING] etl_camara — 404 — não encontrado: http://dadosabertos.camara.leg.br/arquivos/orgaosDeputados/csv/orgaosDeputados-L6.csv
2026-08-06 03:09:07,486 [WARNING] etl_camara — 404 — não encontrado: http://dadosabertos.camara.leg.br/arquivos/orgaosDeputados/csv/orgaosDeputados-L18.csv
2026-08-06 03:09:07,535 [WARNING] etl_camara — 404 — não encontrado: http://dadosabertos.camara.leg.br/arquivos/orgaosDeputados/csv/orgaosDeputados-L8.csv
2026-08-06 03:09:07,734 [WARNING] etl_camara — 404 — não encontrado: http://dadosabertos.camara.leg.br/arquivos/orgaosDeputados/csv/orgaosDeputados-L9.csv
2026-08-06 03:09:07,861 [WARNING] etl_camara — 404 — não encontrado: http://dadosabertos.camara.leg.br/arquivos/orgaosDeputados/csv/orgaosDeputados-L22.csv
2026-08-06 03:09:07,928 [WARNING] etl_camara — 404 — não encontrado: http://dadosabertos.camara.leg.br/arquivos/orgaosDeputados/csv/orgaosDeputados-L10.csv
2026-08-06 03:09:08,012 [WARNING] etl_camara — 404 — não encontrado: http://dadosabertos.camara.leg.br/arquivos/orgaosDeputados/csv/orgaosDeputados-L23.csv
2026-08-06 03:09:08,129 [WARNING] etl_camara — 404 — não encontrado: http://dadosabertos.camara.leg.br/arquivos/orgaosDeputados/csv/orgaosDeputados-L12.csv
2026-08-06 03:09:08,205 [WARNING] etl_camara — 404 — não encontrado: http://dadosabertos.camara.leg.br/arquivos/orgaosDeputados/csv/orgaosDeputados-L24.csv
2026-08-06 03:09:08,336 [WARNING] etl_camara — 404 — não encontrado: http://dadosabertos.camara.leg.br/arquivos/orgaosDeputados/csv/orgaosDeputados-L14.csv
2026-08-06 03:09:08,423 [WARNING] etl_camara — 404 — não encontrado: http://dadosabertos.camara.leg.br/arquivos/orgaosDeputados/csv/orgaosDeputados-L25.csv
2026-08-06 03:09:08,536 [WARNING] etl_camara — 404 — não encontrado: http://dadosabertos.camara.leg.br/arquivos/orgaosDeputados/csv/orgaosDeputados-L17.csv
2026-08-06 03:09:08,613 [WARNING] etl_camara — 404 — não encontrado: http://dadosabertos.camara.leg.br/arquivos/orgaosDeputados/csv/orgaosDeputados-L26.csv
2026-08-06 03:09:08,735 [WARNING] etl_camara — 404 — não encontrado: http://dadosabertos.camara.leg.br/arquivos/orgaosDeputados/csv/orgaosDeputados-L19.csv
2026-08-06 03:09:08,815 [WARNING] etl_camara — 404 — não encontrado: http://dadosabertos.camara.leg.br/arquivos/orgaosDeputados/csv/orgaosDeputados-L27.csv
2026-08-06 03:09:08,887 [WARNING] etl_camara — 404 — não encontrado: http://dadosabertos.camara.leg.br/arquivos/orgaosDeputados/csv/orgaosDeputados-L32.csv
2026-08-06 03:09:08,927 [WARNING] etl_camara — 404 — não encontrado: http://dadosabertos.camara.leg.br/arquivos/orgaosDeputados/csv/orgaosDeputados-L20.csv
2026-08-06 03:09:09,013 [WARNING] etl_camara — 404 — não encontrado: http://dadosabertos.camara.leg.br/arquivos/orgaosDeputados/csv/orgaosDeputados-L28.csv
2026-08-06 03:09:09,088 [WARNING] etl_camara — 404 — não encontrado: http://dadosabertos.camara.leg.br/arquivos/orgaosDeputados/csv/orgaosDeputados-L33.csv
2026-08-06 03:09:09,129 [WARNING] etl_camara — 404 — não encontrado: http://dadosabertos.camara.leg.br/arquivos/orgaosDeputados/csv/orgaosDeputados-L21.csv
2026-08-06 03:09:09,220 [WARNING] etl_camara — 404 — não encontrado: http://dadosabertos.camara.leg.br/arquivos/orgaosDeputados/csv/orgaosDeputados-L29.csv
2026-08-06 03:09:09,288 [WARNING] etl_camara — 404 — não encontrado: http://dadosabertos.camara.leg.br/arquivos/orgaosDeputados/csv/orgaosDeputados-L34.csv
2026-08-06 03:09:09,344 [WARNING] etl_camara — 404 — não encontrado: http://dadosabertos.camara.leg.br/arquivos/orgaosDeputados/csv/orgaosDeputados-L30.csv
2026-08-06 03:09:09,415 [WARNING] etl_camara — 404 — não encontrado: http://dadosabertos.camara.leg.br/arquivos/orgaosDeputados/csv/orgaosDeputados-L37.csv
2026-08-06 03:09:09,487 [WARNING] etl_camara — 404 — não encontrado: http://dadosabertos.camara.leg.br/arquivos/orgaosDeputados/csv/orgaosDeputados-L35.csv
2026-08-06 03:09:09,535 [WARNING] etl_camara — 404 — não encontrado: http://dadosabertos.camara.leg.br/arquivos/orgaosDeputados/csv/orgaosDeputados-L31.csv
2026-08-06 03:09:09,613 [WARNING] etl_camara — 404 — não encontrado: http://dadosabertos.camara.leg.br/arquivos/orgaosDeputados/csv/orgaosDeputados-L38.csv
2026-08-06 03:09:09,681 [WARNING] etl_camara — 404 — não encontrado: http://dadosabertos.camara.leg.br/arquivos/orgaosDeputados/csv/orgaosDeputados-L36.csv
2026-08-06 03:09:09,738 [WARNING] etl_camara — 404 — não encontrado: http://dadosabertos.camara.leg.br/arquivos/orgaosDeputados/csv/orgaosDeputados-L44.csv
2026-08-06 03:09:09,806 [WARNING] etl_camara — 404 — não encontrado: http://dadosabertos.camara.leg.br/arquivos/orgaosDeputados/csv/orgaosDeputados-L40.csv
2026-08-06 03:09:09,887 [WARNING] etl_camara — 404 — não encontrado: http://dadosabertos.camara.leg.br/arquivos/orgaosDeputados/csv/orgaosDeputados-L39.csv
2026-08-06 03:09:09,944 [WARNING] etl_camara — 404 — não encontrado: http://dadosabertos.camara.leg.br/arquivos/orgaosDeputados/csv/orgaosDeputados-L45.csv
2026-08-06 03:09:10,013 [WARNING] etl_camara — 404 — não encontrado: http://dadosabertos.camara.leg.br/arquivos/orgaosDeputados/csv/orgaosDeputados-L41.csv
2026-08-06 03:09:10,089 [WARNING] etl_camara — 404 — não encontrado: http://dadosabertos.camara.leg.br/arquivos/orgaosDeputados/csv/orgaosDeputados-L42.csv
2026-08-06 03:09:10,214 [WARNING] etl_camara — 404 — não encontrado: http://dadosabertos.camara.leg.br/arquivos/orgaosDeputados/csv/orgaosDeputados-L43.csv
2026-08-06 03:09:10,289 [WARNING] etl_camara — 404 — não encontrado: http://dadosabertos.camara.leg.br/arquivos/orgaosDeputados/csv/orgaosDeputados-L46.csv
2026-08-06 03:09:10,420 [WARNING] etl_camara — 404 — não encontrado: http://dadosabertos.camara.leg.br/arquivos/orgaosDeputados/csv/orgaosDeputados-L47.csv
2026-08-06 03:09:10,481 [WARNING] etl_camara — 404 — não encontrado: http://dadosabertos.camara.leg.br/arquivos/orgaosDeputados/csv/orgaosDeputados-L50.csv
2026-08-06 03:09:10,617 [WARNING] etl_camara — 404 — não encontrado: http://dadosabertos.camara.leg.br/arquivos/orgaosDeputados/csv/orgaosDeputados-L48.csv
2026-08-06 03:09:10,690 [INFO] etl_camara — → sem alterações (304): orgaosDeputados-L52.csv
2026-08-06 03:09:10,813 [WARNING] etl_camara — 404 — não encontrado: http://dadosabertos.camara.leg.br/arquivos/orgaosDeputados/csv/orgaosDeputados-L49.csv
2026-08-06 03:09:10,888 [INFO] etl_camara — → sem alterações (304): orgaosDeputados-L54.csv
2026-08-06 03:09:10,911 [INFO] etl_camara — → sem alterações (304): Ano-2026.csv.zip
2026-08-06 03:09:11,017 [INFO] etl_camara — → sem alterações (304): orgaosDeputados-L51.csv
2026-08-06 03:09:11,082 [INFO] etl_camara — → sem alterações (304): orgaosDeputados-L55.csv
2026-08-06 03:09:11,214 [INFO] etl_camara — → sem alterações (304): orgaosDeputados-L53.csv
2026-08-06 03:09:11,288 [INFO] etl_camara — → sem alterações (304): orgaosDeputados-L56.csv
2026-08-06 03:09:11,406 [INFO] etl_camara — → sem alterações (304): orgaosDeputados-L57.csv
2026-08-06 03:09:11,408 [INFO] etl_camara — ━━━━━━━━━━━━━━━━━━━━━━━━━━━━━━━━━━━━━━━━━━━━━━━━━━━━━━━━━━━━
2026-08-06 03:09:11,408 [INFO] etl_camara — 🌊 Onda 2 — 6 datasets | workers=8
2026-08-06 03:09:11,538 [INFO] etl_camara — → sem alterações (304): votacoesOrientacoes-2026.csv
2026-08-06 03:09:11,573 [INFO] etl_camara — → sem alterações (304): votacoesProposicoes-2026.csv
2026-08-06 03:09:11,608 [INFO] etl_camara — → sem alterações (304): votacoesVotos-2026.csv
2026-08-06 03:09:11,750 [INFO] etl_camara — → sem alterações (304): frentesDeputados.csv
2026-08-06 03:09:11,775 [INFO] etl_camara — → sem alterações (304): gruposMembros.csv
2026-08-06 03:09:11,936 [INFO] etl_camara — → sem alterações (304): gruposHistorico.csv
2026-08-06 03:09:11,939 [INFO] etl_camara — ━━━━━━━━━━━━━━━━━━━━━━━━━━━━━━━━━━━━━━━━━━━━━━━━━━━━━━━━━━━━
2026-08-06 03:09:11,939 [INFO] etl_camara — 🏁 ETL concluído — processados: 0 | sem alteração (304): 38 | histórico pulado: 0 | erros: 50 | total: 88
2026-08-06 03:09:11,939 [WARNING] etl_camara — Datasets com falha (50): ['orgaosDeputados_L2', 'orgaosDeputados_L7', 'orgaosDeputados_L5', 'orgaosDeputados_L11', 'orgaosDeputados_L1', 'orgaosDeputados_L13', 'orgaosDeputados_L3', 'orgaosDeputados_L15', 'orgaosDeputados_L4', 'orgaosDeputados_L16', 'orgaosDeputados_L6', 'orgaosDeputados_L18', 'orgaosDeputados_L8', 'orgaosDeputados_L9', 'orgaosDeputados_L22', 'orgaosDeputados_L10', 'orgaosDeputados_L23', 'orgaosDeputados_L12', 'orgaosDeputados_L24', 'orgaosDeputados_L14', 'orgaosDeputados_L25', 'orgaosDeputados_L17', 'orgaosDeputados_L26', 'orgaosDeputados_L19', 'orgaosDeputados_L27', 'orgaosDeputados_L32', 'orgaosDeputados_L20', 'orgaosDeputados_L28', 'orgaosDeputados_L33', 'orgaosDeputados_L21', 'orgaosDeputados_L29', 'orgaosDeputados_L34', 'orgaosDeputados_L30', 'orgaosDeputados_L37', 'orgaosDeputados_L35', 'orgaosDeputados_L31', 'orgaosDeputados_L38', 'orgaosDeputados_L36', 'orgaosDeputados_L44', 'orgaosDeputados_L40', 'orgaosDeputados_L39', 'orgaosDeputados_L45', 'orgaosDeputados_L41', 'orgaosDeputados_L42', 'orgaosDeputados_L43', 'orgaosDeputados_L46', 'orgaosDeputados_L47', 'orgaosDeputados_L50', 'orgaosDeputados_L48', 'orgaosDeputados_L49']
2026-08-06 03:09:11,939 [ERROR] etl_camara — ETL finalizado com 50 dataset(s) em erro — saindo com código 1
2026-08-06 03:14:14,368 [INFO] etl_camara — Banco: postgres:5432/quemvota
2026-08-06 03:14:14,368 [INFO] etl_camara — Cache: etl_cache.json
2026-08-06 03:14:14,368 [INFO] etl_camara — Workers — download: 8 | backfill: 4
2026-08-06 03:14:14,379 [INFO] etl_camara — Iniciando ETL: 88 datasets | anos=[2026] | legislaturas=[1, 2, 3, 4, 5, 6, 7, 8, 9, 10, 11, 12, 13, 14, 15, 16, 17, 18, 19, 20, 21, 22, 23, 24, 25, 26, 27, 28, 29, 30, 31, 32, 33, 34, 35, 36, 37, 38, 39, 40, 41, 42, 43, 44, 45, 46, 47, 48, 49, 50, 51, 52, 53, 54, 55, 56, 57]
2026-08-06 03:14:14,379 [INFO] etl_camara — ━━━━━━━━━━━━━━━━━━━━━━━━━━━━━━━━━━━━━━━━━━━━━━━━━━━━━━━━━━━━
2026-08-06 03:14:14,380 [INFO] etl_camara — 🌊 Onda 0 — 9 datasets | workers=8
2026-08-06 03:14:14,563 [INFO] etl_camara — → sem alterações (304): orgaos.csv
2026-08-06 03:14:14,569 [INFO] etl_camara — → sem alterações (304): tecadTermos.csv
2026-08-06 03:14:14,575 [INFO] etl_camara — → sem alterações (304): deputados.csv
2026-08-06 03:14:14,764 [INFO] etl_camara — → sem alterações (304): funcionarios.csv
2026-08-06 03:14:14,779 [INFO] etl_camara — → sem alterações (304): eventos-2026.csv
2026-08-06 03:14:14,784 [INFO] etl_camara — → sem alterações (304): legislaturas.csv
2026-08-06 03:14:14,972 [INFO] etl_camara — → sem alterações (304): proposicoes-2026.csv
2026-08-06 03:14:14,983 [INFO] etl_camara — → sem alterações (304): tecadCategorias.csv
2026-08-06 03:14:15,186 [INFO] etl_camara — → sem alterações (304): licitacoes-2026.csv
2026-08-06 03:14:15,188 [INFO] etl_camara — ━━━━━━━━━━━━━━━━━━━━━━━━━━━━━━━━━━━━━━━━━━━━━━━━━━━━━━━━━━━━
2026-08-06 03:14:15,188 [INFO] etl_camara — 🌊 Onda 1 — 73 datasets | workers=8
2026-08-06 03:14:15,321 [INFO] etl_camara — → sem alterações (304): eventosOrgaos-2026.csv
2026-08-06 03:14:15,328 [INFO] etl_camara — → sem alterações (304): eventosRequerimentos-2026.csv
2026-08-06 03:14:15,375 [INFO] etl_camara — → sem alterações (304): deputadosProfissoes.csv
2026-08-06 03:14:15,535 [INFO] etl_camara — → sem alterações (304): eventosPresencaDeputados-2026.csv
2026-08-06 03:14:15,584 [INFO] etl_camara — → sem alterações (304): deputadosOcupacoes.csv
2026-08-06 03:14:15,711 [INFO] etl_camara — ✔ frentes.csv (1443 linhas)
2026-08-06 03:14:15,723 [INFO] etl_camara — → sem alterações (304): legislaturasMesas.csv
2026-08-06 03:14:15,743 [INFO] etl_camara — → sem alterações (304): proposicoesAutores-2026.csv
2026-08-06 03:14:15,789 [INFO] etl_camara — → sem alterações (304): grupos.csv
2026-08-06 03:14:15,922 [INFO] etl_camara — → sem alterações (304): proposicoesTemas-2026.csv
2026-08-06 03:14:15,929 [INFO] etl_camara — → sem alterações (304): votacoes-2026.csv
2026-08-06 03:14:16,128 [INFO] etl_camara — → sem alterações (304): licitacoesPedidos-2026.csv
2026-08-06 03:14:16,132 [INFO] etl_camara — → sem alterações (304): licitacoesPropostas-2026.csv
2026-08-06 03:14:16,139 [WARNING] etl_camara — 404 — não encontrado: http://dadosabertos.camara.leg.br/arquivos/orgaosDeputados/csv/orgaosDeputados-L3.csv
2026-08-06 03:14:16,327 [INFO] etl_camara — → sem alterações (304): licitacoesItens-2026.csv
2026-08-06 03:14:16,329 [WARNING] etl_camara — 404 — não encontrado: http://dadosabertos.camara.leg.br/arquivos/orgaosDeputados/csv/orgaosDeputados-L1.csv
2026-08-06 03:14:16,335 [WARNING] etl_camara — 404 — não encontrado: http://dadosabertos.camara.leg.br/arquivos/orgaosDeputados/csv/orgaosDeputados-L4.csv
2026-08-06 03:14:16,523 [INFO] etl_camara — → sem alterações (304): licitacoesContratos-2026.csv
2026-08-06 03:14:16,532 [WARNING] etl_camara — 404 — não encontrado: http://dadosabertos.camara.leg.br/arquivos/orgaosDeputados/csv/orgaosDeputados-L9.csv
2026-08-06 03:14:16,537 [WARNING] etl_camara — 404 — não encontrado: http://dadosabertos.camara.leg.br/arquivos/orgaosDeputados/csv/orgaosDeputados-L6.csv
2026-08-06 03:14:16,730 [WARNING] etl_camara — 404 — não encontrado: http://dadosabertos.camara.leg.br/arquivos/orgaosDeputados/csv/orgaosDeputados-L2.csv
2026-08-06 03:14:16,731 [WARNING] etl_camara — 404 — não encontrado: http://dadosabertos.camara.leg.br/arquivos/orgaosDeputados/csv/orgaosDeputados-L8.csv
2026-08-06 03:14:16,739 [WARNING] etl_camara — 404 — não encontrado: http://dadosabertos.camara.leg.br/arquivos/orgaosDeputados/csv/orgaosDeputados-L7.csv
2026-08-06 03:14:16,929 [WARNING] etl_camara — 404 — não encontrado: http://dadosabertos.camara.leg.br/arquivos/orgaosDeputados/csv/orgaosDeputados-L5.csv
2026-08-06 03:14:16,931 [WARNING] etl_camara — 404 — não encontrado: http://dadosabertos.camara.leg.br/arquivos/orgaosDeputados/csv/orgaosDeputados-L13.csv
2026-08-06 03:14:16,936 [WARNING] etl_camara — 404 — não encontrado: http://dadosabertos.camara.leg.br/arquivos/orgaosDeputados/csv/orgaosDeputados-L11.csv
2026-08-06 03:14:17,122 [WARNING] etl_camara — 404 — não encontrado: http://dadosabertos.camara.leg.br/arquivos/orgaosDeputados/csv/orgaosDeputados-L12.csv
2026-08-06 03:14:17,127 [WARNING] etl_camara — 404 — não encontrado: http://dadosabertos.camara.leg.br/arquivos/orgaosDeputados/csv/orgaosDeputados-L18.csv
2026-08-06 03:14:17,143 [WARNING] etl_camara — 404 — não encontrado: http://dadosabertos.camara.leg.br/arquivos/orgaosDeputados/csv/orgaosDeputados-L14.csv
2026-08-06 03:14:17,328 [WARNING] etl_camara — 404 — não encontrado: http://dadosabertos.camara.leg.br/arquivos/orgaosDeputados/csv/orgaosDeputados-L17.csv
2026-08-06 03:14:17,331 [WARNING] etl_camara — 404 — não encontrado: http://dadosabertos.camara.leg.br/arquivos/orgaosDeputados/csv/orgaosDeputados-L10.csv
2026-08-06 03:14:17,333 [WARNING] etl_camara — 404 — não encontrado: http://dadosabertos.camara.leg.br/arquivos/orgaosDeputados/csv/orgaosDeputados-L20.csv
2026-08-06 03:14:17,522 [WARNING] etl_camara — 404 — não encontrado: http://dadosabertos.camara.leg.br/arquivos/orgaosDeputados/csv/orgaosDeputados-L15.csv
2026-08-06 03:14:17,537 [WARNING] etl_camara — 404 — não encontrado: http://dadosabertos.camara.leg.br/arquivos/orgaosDeputados/csv/orgaosDeputados-L21.csv
2026-08-06 03:14:17,539 [WARNING] etl_camara — 404 — não encontrado: http://dadosabertos.camara.leg.br/arquivos/orgaosDeputados/csv/orgaosDeputados-L22.csv
2026-08-06 03:14:17,541 [INFO] etl_camara —   FK-insert frentes → 1443 registros
2026-08-06 03:14:17,721 [WARNING] etl_camara — 404 — não encontrado: http://dadosabertos.camara.leg.br/arquivos/orgaosDeputados/csv/orgaosDeputados-L16.csv
2026-08-06 03:14:17,731 [WARNING] etl_camara — 404 — não encontrado: http://dadosabertos.camara.leg.br/arquivos/orgaosDeputados/csv/orgaosDeputados-L25.csv
2026-08-06 03:14:17,736 [WARNING] etl_camara — 404 — não encontrado: http://dadosabertos.camara.leg.br/arquivos/orgaosDeputados/csv/orgaosDeputados-L23.csv
2026-08-06 03:14:17,922 [WARNING] etl_camara — 404 — não encontrado: http://dadosabertos.camara.leg.br/arquivos/orgaosDeputados/csv/orgaosDeputados-L19.csv
2026-08-06 03:14:17,928 [WARNING] etl_camara — 404 — não encontrado: http://dadosabertos.camara.leg.br/arquivos/orgaosDeputados/csv/orgaosDeputados-L26.csv
2026-08-06 03:14:17,931 [WARNING] etl_camara — 404 — não encontrado: http://dadosabertos.camara.leg.br/arquivos/orgaosDeputados/csv/orgaosDeputados-L30.csv
2026-08-06 03:14:18,131 [WARNING] etl_camara — 404 — não encontrado: http://dadosabertos.camara.leg.br/arquivos/orgaosDeputados/csv/orgaosDeputados-L24.csv
2026-08-06 03:14:18,137 [WARNING] etl_camara — 404 — não encontrado: http://dadosabertos.camara.leg.br/arquivos/orgaosDeputados/csv/orgaosDeputados-L34.csv
2026-08-06 03:14:18,141 [WARNING] etl_camara — 404 — não encontrado: http://dadosabertos.camara.leg.br/arquivos/orgaosDeputados/csv/orgaosDeputados-L27.csv
2026-08-06 03:14:18,329 [WARNING] etl_camara — 404 — não encontrado: http://dadosabertos.camara.leg.br/arquivos/orgaosDeputados/csv/orgaosDeputados-L28.csv
2026-08-06 03:14:18,330 [WARNING] etl_camara — 404 — não encontrado: http://dadosabertos.camara.leg.br/arquivos/orgaosDeputados/csv/orgaosDeputados-L31.csv
2026-08-06 03:14:18,331 [WARNING] etl_camara — 404 — não encontrado: http://dadosabertos.camara.leg.br/arquivos/orgaosDeputados/csv/orgaosDeputados-L36.csv
2026-08-06 03:14:18,528 [WARNING] etl_camara — 404 — não encontrado: http://dadosabertos.camara.leg.br/arquivos/orgaosDeputados/csv/orgaosDeputados-L29.csv
2026-08-06 03:14:18,534 [WARNING] etl_camara — 404 — não encontrado: http://dadosabertos.camara.leg.br/arquivos/orgaosDeputados/csv/orgaosDeputados-L35.csv
2026-08-06 03:14:18,539 [WARNING] etl_camara — 404 — não encontrado: http://dadosabertos.camara.leg.br/arquivos/orgaosDeputados/csv/orgaosDeputados-L37.csv
2026-08-06 03:14:18,728 [WARNING] etl_camara — 404 — não encontrado: http://dadosabertos.camara.leg.br/arquivos/orgaosDeputados/csv/orgaosDeputados-L43.csv
2026-08-06 03:14:18,730 [WARNING] etl_camara — 404 — não encontrado: http://dadosabertos.camara.leg.br/arquivos/orgaosDeputados/csv/orgaosDeputados-L32.csv
2026-08-06 03:14:18,744 [WARNING] etl_camara — 404 — não encontrado: http://dadosabertos.camara.leg.br/arquivos/orgaosDeputados/csv/orgaosDeputados-L38.csv
2026-08-06 03:14:18,929 [WARNING] etl_camara — 404 — não encontrado: http://dadosabertos.camara.leg.br/arquivos/orgaosDeputados/csv/orgaosDeputados-L33.csv
2026-08-06 03:14:18,937 [WARNING] etl_camara — 404 — não encontrado: http://dadosabertos.camara.leg.br/arquivos/orgaosDeputados/csv/orgaosDeputados-L45.csv
2026-08-06 03:14:18,940 [WARNING] etl_camara — 404 — não encontrado: http://dadosabertos.camara.leg.br/arquivos/orgaosDeputados/csv/orgaosDeputados-L41.csv
2026-08-06 03:14:19,127 [WARNING] etl_camara — 404 — não encontrado: http://dadosabertos.camara.leg.br/arquivos/orgaosDeputados/csv/orgaosDeputados-L44.csv
2026-08-06 03:14:19,131 [WARNING] etl_camara — 404 — não encontrado: http://dadosabertos.camara.leg.br/arquivos/orgaosDeputados/csv/orgaosDeputados-L39.csv
2026-08-06 03:14:19,142 [WARNING] etl_camara — 404 — não encontrado: http://dadosabertos.camara.leg.br/arquivos/orgaosDeputados/csv/orgaosDeputados-L47.csv
2026-08-06 03:14:19,328 [WARNING] etl_camara — 404 — não encontrado: http://dadosabertos.camara.leg.br/arquivos/orgaosDeputados/csv/orgaosDeputados-L46.csv
2026-08-06 03:14:19,331 [WARNING] etl_camara — 404 — não encontrado: http://dadosabertos.camara.leg.br/arquivos/orgaosDeputados/csv/orgaosDeputados-L50.csv
2026-08-06 03:14:19,331 [WARNING] etl_camara — 404 — não encontrado: http://dadosabertos.camara.leg.br/arquivos/orgaosDeputados/csv/orgaosDeputados-L40.csv
2026-08-06 03:14:19,526 [WARNING] etl_camara — 404 — não encontrado: http://dadosabertos.camara.leg.br/arquivos/orgaosDeputados/csv/orgaosDeputados-L49.csv
2026-08-06 03:14:19,528 [WARNING] etl_camara — 404 — não encontrado: http://dadosabertos.camara.leg.br/arquivos/orgaosDeputados/csv/orgaosDeputados-L42.csv
2026-08-06 03:14:19,538 [INFO] etl_camara — → sem alterações (304): orgaosDeputados-L52.csv
2026-08-06 03:14:19,715 [INFO] etl_camara — → sem alterações (304): Ano-2026.csv.zip
2026-08-06 03:14:19,729 [INFO] etl_camara — → sem alterações (304): orgaosDeputados-L51.csv
2026-08-06 03:14:19,730 [INFO] etl_camara — → sem alterações (304): orgaosDeputados-L56.csv
2026-08-06 03:14:19,735 [WARNING] etl_camara — 404 — não encontrado: http://dadosabertos.camara.leg.br/arquivos/orgaosDeputados/csv/orgaosDeputados-L48.csv
2026-08-06 03:14:19,924 [INFO] etl_camara — → sem alterações (304): orgaosDeputados-L53.csv
2026-08-06 03:14:19,933 [INFO] etl_camara — → sem alterações (304): orgaosDeputados-L55.csv
2026-08-06 03:14:20,138 [INFO] etl_camara — → sem alterações (304): orgaosDeputados-L54.csv
2026-08-06 03:14:20,331 [INFO] etl_camara — → sem alterações (304): orgaosDeputados-L57.csv
2026-08-06 03:14:20,333 [INFO] etl_camara — ━━━━━━━━━━━━━━━━━━━━━━━━━━━━━━━━━━━━━━━━━━━━━━━━━━━━━━━━━━━━
2026-08-06 03:14:20,333 [INFO] etl_camara — 🌊 Onda 2 — 6 datasets | workers=8
2026-08-06 03:14:20,471 [INFO] etl_camara — → sem alterações (304): frentesDeputados.csv
2026-08-06 03:14:20,486 [INFO] etl_camara — → sem alterações (304): votacoesOrientacoes-2026.csv
2026-08-06 03:14:20,545 [INFO] etl_camara — → sem alterações (304): gruposHistorico.csv
2026-08-06 03:14:20,677 [INFO] etl_camara — → sem alterações (304): votacoesVotos-2026.csv
2026-08-06 03:14:20,729 [INFO] etl_camara — → sem alterações (304): gruposMembros.csv
2026-08-06 03:14:20,931 [INFO] etl_camara — → sem alterações (304): votacoesProposicoes-2026.csv
2026-08-06 03:14:20,933 [INFO] etl_camara — ━━━━━━━━━━━━━━━━━━━━━━━━━━━━━━━━━━━━━━━━━━━━━━━━━━━━━━━━━━━━
2026-08-06 03:14:20,933 [INFO] etl_camara — 🏁 ETL concluído — processados: 1 | sem alteração (304): 37 | histórico pulado: 0 | erros: 50 | total: 88
2026-08-06 03:14:20,934 [WARNING] etl_camara — Datasets com falha (50): ['orgaosDeputados_L3', 'orgaosDeputados_L1', 'orgaosDeputados_L4', 'orgaosDeputados_L9', 'orgaosDeputados_L6', 'orgaosDeputados_L2', 'orgaosDeputados_L8', 'orgaosDeputados_L7', 'orgaosDeputados_L5', 'orgaosDeputados_L13', 'orgaosDeputados_L11', 'orgaosDeputados_L12', 'orgaosDeputados_L18', 'orgaosDeputados_L14', 'orgaosDeputados_L17', 'orgaosDeputados_L10', 'orgaosDeputados_L20', 'orgaosDeputados_L15', 'orgaosDeputados_L21', 'orgaosDeputados_L22', 'orgaosDeputados_L16', 'orgaosDeputados_L25', 'orgaosDeputados_L23', 'orgaosDeputados_L19', 'orgaosDeputados_L26', 'orgaosDeputados_L30', 'orgaosDeputados_L24', 'orgaosDeputados_L34', 'orgaosDeputados_L27', 'orgaosDeputados_L28', 'orgaosDeputados_L31', 'orgaosDeputados_L36', 'orgaosDeputados_L29', 'orgaosDeputados_L35', 'orgaosDeputados_L37', 'orgaosDeputados_L43', 'orgaosDeputados_L32', 'orgaosDeputados_L38', 'orgaosDeputados_L33', 'orgaosDeputados_L45', 'orgaosDeputados_L41', 'orgaosDeputados_L44', 'orgaosDeputados_L39', 'orgaosDeputados_L47', 'orgaosDeputados_L46', 'orgaosDeputados_L50', 'orgaosDeputados_L40', 'orgaosDeputados_L49', 'orgaosDeputados_L42', 'orgaosDeputados_L48']
2026-08-06 03:14:20,934 [ERROR] etl_camara — ETL finalizado com 50 dataset(s) em erro — saindo com código 1
2026-08-07 03:00:04,042 [INFO] etl_camara — Banco: postgres:5432/quemvota
2026-08-07 03:00:04,042 [INFO] etl_camara — Cache: etl_cache.json
2026-08-07 03:00:04,042 [INFO] etl_camara — Workers — download: 8 | backfill: 4
2026-08-07 03:00:04,054 [INFO] etl_camara — Iniciando ETL: 88 datasets | anos=[2026] | legislaturas=[1, 2, 3, 4, 5, 6, 7, 8, 9, 10, 11, 12, 13, 14, 15, 16, 17, 18, 19, 20, 21, 22, 23, 24, 25, 26, 27, 28, 29, 30, 31, 32, 33, 34, 35, 36, 37, 38, 39, 40, 41, 42, 43, 44, 45, 46, 47, 48, 49, 50, 51, 52, 53, 54, 55, 56, 57]
2026-08-07 03:00:04,055 [INFO] etl_camara — ━━━━━━━━━━━━━━━━━━━━━━━━━━━━━━━━━━━━━━━━━━━━━━━━━━━━━━━━━━━━
2026-08-07 03:00:04,055 [INFO] etl_camara — 🌊 Onda 0 — 9 datasets | workers=8
2026-08-07 03:00:04,645 [INFO] etl_camara — ✔ orgaos.csv (3867 linhas)
2026-08-07 03:00:04,703 [INFO] etl_camara — ✔ eventos-2026.csv (1451 linhas)
2026-08-07 03:00:04,901 [INFO] etl_camara — ✔ legislaturas.csv (57 linhas)
2026-08-07 03:00:05,104 [INFO] etl_camara — ✔ funcionarios.csv (15522 linhas)
2026-08-07 03:00:05,214 [INFO] etl_camara —   upsert legislaturas → 57 registros
2026-08-07 03:00:05,373 [INFO] etl_camara — ✔ tecadCategorias.csv (79 linhas)
2026-08-07 03:00:05,534 [INFO] etl_camara —   upsert eventos_2026 → 1451 registros
2026-08-07 03:00:05,637 [INFO] etl_camara —   upsert tecadCategorias → 79 registros
2026-08-07 03:00:05,856 [INFO] etl_camara — ✔ licitacoes-2026.csv (103 linhas)
2026-08-07 03:00:05,958 [INFO] etl_camara —   upsert licitacoes_2026 → 103 registros
2026-08-07 03:00:05,969 [INFO] etl_camara — ✔ deputados.csv (7889 linhas)
2026-08-07 03:00:06,028 [INFO] etl_camara —   upsert orgaos → 3867 registros
2026-08-07 03:00:08,954 [INFO] etl_camara —   upsert deputados → 7889 registros
2026-08-07 03:00:09,649 [INFO] etl_camara —   upsert funcionarios → 15517 registros
2026-08-07 03:00:09,918 [INFO] etl_camara — ✔ tecadTermos.csv (80597 linhas)
2026-08-07 03:00:10,815 [INFO] etl_camara — ✔ proposicoes-2026.csv (40638 linhas)
2026-08-07 03:00:33,262 [INFO] etl_camara —   upsert tecadTermos → 80597 registros
2026-08-07 03:00:39,761 [INFO] etl_camara —   upsert proposicoes_2026 → 40638 registros
2026-08-07 03:00:39,797 [INFO] etl_camara — ━━━━━━━━━━━━━━━━━━━━━━━━━━━━━━━━━━━━━━━━━━━━━━━━━━━━━━━━━━━━
2026-08-07 03:00:39,797 [INFO] etl_camara — 🌊 Onda 1 — 73 datasets | workers=8
2026-08-07 03:00:40,064 [INFO] etl_camara — ✔ legislaturasMesas.csv (177 linhas)
2026-08-07 03:00:40,106 [INFO] etl_camara — ✔ eventosOrgaos-2026.csv (1451 linhas)
2026-08-07 03:00:40,161 [INFO] etl_camara — ✔ deputadosProfissoes.csv (12594 linhas)
2026-08-07 03:00:40,199 [INFO] etl_camara —   upsert legislaturasMesas → 177 registros
2026-08-07 03:00:40,307 [INFO] etl_camara — → sem alterações (304): frentes.csv
2026-08-07 03:00:40,509 [INFO] etl_camara — ✔ eventosRequerimentos-2026.csv (844 linhas)
2026-08-07 03:00:40,661 [INFO] etl_camara — ✔ eventosPresencaDeputados-2026.csv (52906 linhas)
2026-08-07 03:00:40,935 [INFO] etl_camara — ✔ grupos.csv (118 linhas)
2026-08-07 03:00:41,138 [INFO] etl_camara —   upsert grupos → 118 registros
2026-08-07 03:00:41,272 [INFO] etl_camara — ✔ deputadosOcupacoes.csv (37493 linhas)
2026-08-07 03:00:42,266 [INFO] etl_camara —   FK-insert eventosRequerimentos_2026 → 844 registros
2026-08-07 03:00:42,499 [INFO] etl_camara —   FK-insert eventosOrgaos_2026 → 1451 registros
2026-08-07 03:00:45,622 [INFO] etl_camara — ✔ licitacoesPedidos-2026.csv (100 linhas)
2026-08-07 03:00:45,665 [INFO] etl_camara — ✔ proposicoesTemas-2026.csv (22301 linhas)
2026-08-07 03:00:45,879 [INFO] etl_camara — ✔ licitacoesPropostas-2026.csv (289 linhas)
2026-08-07 03:00:45,904 [INFO] etl_camara — ✔ votacoes-2026.csv (6528 linhas)
2026-08-07 03:00:46,120 [INFO] etl_camara —   FK-insert licitacoesPedidos_2026 → 100 registros
2026-08-07 03:00:46,434 [INFO] etl_camara — ✔ proposicoesAutores-2026.csv (50918 linhas)
2026-08-07 03:00:46,689 [INFO] etl_camara — ✔ licitacoesItens-2026.csv (747 linhas)
2026-08-07 03:00:47,675 [INFO] etl_camara —   FK-insert licitacoesPropostas_2026 → 289 registros
2026-08-07 03:00:47,868 [INFO] etl_camara — ✔ licitacoesContratos-2026.csv (40 linhas)
2026-08-07 03:00:47,959 [INFO] etl_camara —   FK-insert licitacoesContratos_2026 → 40 registros
2026-08-07 03:00:48,111 [WARNING] etl_camara — 404 — não encontrado: http://dadosabertos.camara.leg.br/arquivos/orgaosDeputados/csv/orgaosDeputados-L1.csv
2026-08-07 03:00:48,291 [WARNING] etl_camara — 404 — não encontrado: http://dadosabertos.camara.leg.br/arquivos/orgaosDeputados/csv/orgaosDeputados-L2.csv
2026-08-07 03:00:48,462 [WARNING] etl_camara — 404 — não encontrado: http://dadosabertos.camara.leg.br/arquivos/orgaosDeputados/csv/orgaosDeputados-L3.csv
2026-08-07 03:00:48,559 [INFO] etl_camara —   FK-insert licitacoesItens_2026 → 747 registros
2026-08-07 03:00:48,642 [WARNING] etl_camara — 404 — não encontrado: http://dadosabertos.camara.leg.br/arquivos/orgaosDeputados/csv/orgaosDeputados-L4.csv
2026-08-07 03:00:48,731 [WARNING] etl_camara — 404 — não encontrado: http://dadosabertos.camara.leg.br/arquivos/orgaosDeputados/csv/orgaosDeputados-L5.csv
2026-08-07 03:00:48,838 [WARNING] etl_camara — 404 — não encontrado: http://dadosabertos.camara.leg.br/arquivos/orgaosDeputados/csv/orgaosDeputados-L6.csv
2026-08-07 03:00:48,883 [WARNING] etl_camara — 404 — não encontrado: http://dadosabertos.camara.leg.br/arquivos/orgaosDeputados/csv/orgaosDeputados-L7.csv
2026-08-07 03:00:49,040 [WARNING] etl_camara — 404 — não encontrado: http://dadosabertos.camara.leg.br/arquivos/orgaosDeputados/csv/orgaosDeputados-L8.csv
2026-08-07 03:00:49,181 [WARNING] etl_camara — 404 — não encontrado: http://dadosabertos.camara.leg.br/arquivos/orgaosDeputados/csv/orgaosDeputados-L10.csv
2026-08-07 03:00:49,237 [WARNING] etl_camara — 404 — não encontrado: http://dadosabertos.camara.leg.br/arquivos/orgaosDeputados/csv/orgaosDeputados-L9.csv
2026-08-07 03:00:49,382 [WARNING] etl_camara — 404 — não encontrado: http://dadosabertos.camara.leg.br/arquivos/orgaosDeputados/csv/orgaosDeputados-L12.csv
2026-08-07 03:00:49,391 [WARNING] etl_camara — 404 — não encontrado: http://dadosabertos.camara.leg.br/arquivos/orgaosDeputados/csv/orgaosDeputados-L11.csv
2026-08-07 03:00:49,558 [WARNING] etl_camara — 404 — não encontrado: http://dadosabertos.camara.leg.br/arquivos/orgaosDeputados/csv/orgaosDeputados-L14.csv
2026-08-07 03:00:49,590 [WARNING] etl_camara — 404 — não encontrado: http://dadosabertos.camara.leg.br/arquivos/orgaosDeputados/csv/orgaosDeputados-L13.csv
2026-08-07 03:00:49,733 [WARNING] etl_camara — 404 — não encontrado: http://dadosabertos.camara.leg.br/arquivos/orgaosDeputados/csv/orgaosDeputados-L15.csv
2026-08-07 03:00:49,887 [WARNING] etl_camara — 404 — não encontrado: http://dadosabertos.camara.leg.br/arquivos/orgaosDeputados/csv/orgaosDeputados-L17.csv
2026-08-07 03:00:49,933 [WARNING] etl_camara — 404 — não encontrado: http://dadosabertos.camara.leg.br/arquivos/orgaosDeputados/csv/orgaosDeputados-L16.csv
2026-08-07 03:00:50,081 [WARNING] etl_camara — 404 — não encontrado: http://dadosabertos.camara.leg.br/arquivos/orgaosDeputados/csv/orgaosDeputados-L19.csv
2026-08-07 03:00:50,132 [WARNING] etl_camara — 404 — não encontrado: http://dadosabertos.camara.leg.br/arquivos/orgaosDeputados/csv/orgaosDeputados-L18.csv
2026-08-07 03:00:50,324 [WARNING] etl_camara — 404 — não encontrado: http://dadosabertos.camara.leg.br/arquivos/orgaosDeputados/csv/orgaosDeputados-L20.csv
2026-08-07 03:00:50,496 [WARNING] etl_camara — 404 — não encontrado: http://dadosabertos.camara.leg.br/arquivos/orgaosDeputados/csv/orgaosDeputados-L22.csv
2026-08-07 03:00:50,532 [WARNING] etl_camara — 404 — não encontrado: http://dadosabertos.camara.leg.br/arquivos/orgaosDeputados/csv/orgaosDeputados-L21.csv
2026-08-07 03:00:50,682 [WARNING] etl_camara — 404 — não encontrado: http://dadosabertos.camara.leg.br/arquivos/orgaosDeputados/csv/orgaosDeputados-L23.csv
2026-08-07 03:00:50,698 [WARNING] etl_camara — 404 — não encontrado: http://dadosabertos.camara.leg.br/arquivos/orgaosDeputados/csv/orgaosDeputados-L24.csv
2026-08-07 03:00:50,853 [WARNING] etl_camara — 404 — não encontrado: http://dadosabertos.camara.leg.br/arquivos/orgaosDeputados/csv/orgaosDeputados-L25.csv
2026-08-07 03:00:50,897 [WARNING] etl_camara — 404 — não encontrado: http://dadosabertos.camara.leg.br/arquivos/orgaosDeputados/csv/orgaosDeputados-L26.csv
2026-08-07 03:00:51,027 [WARNING] etl_camara — 404 — não encontrado: http://dadosabertos.camara.leg.br/arquivos/orgaosDeputados/csv/orgaosDeputados-L28.csv
2026-08-07 03:00:51,097 [WARNING] etl_camara — 404 — não encontrado: http://dadosabertos.camara.leg.br/arquivos/orgaosDeputados/csv/orgaosDeputados-L27.csv
2026-08-07 03:00:51,241 [WARNING] etl_camara — 404 — não encontrado: http://dadosabertos.camara.leg.br/arquivos/orgaosDeputados/csv/orgaosDeputados-L30.csv
2026-08-07 03:00:51,291 [WARNING] etl_camara — 404 — não encontrado: http://dadosabertos.camara.leg.br/arquivos/orgaosDeputados/csv/orgaosDeputados-L29.csv
2026-08-07 03:00:51,396 [WARNING] etl_camara — 404 — não encontrado: http://dadosabertos.camara.leg.br/arquivos/orgaosDeputados/csv/orgaosDeputados-L31.csv
2026-08-07 03:00:51,587 [WARNING] etl_camara — 404 — não encontrado: http://dadosabertos.camara.leg.br/arquivos/orgaosDeputados/csv/orgaosDeputados-L32.csv
2026-08-07 03:00:51,718 [WARNING] etl_camara — 404 — não encontrado: http://dadosabertos.camara.leg.br/arquivos/orgaosDeputados/csv/orgaosDeputados-L34.csv
2026-08-07 03:00:51,806 [WARNING] etl_camara — 404 — não encontrado: http://dadosabertos.camara.leg.br/arquivos/orgaosDeputados/csv/orgaosDeputados-L33.csv
2026-08-07 03:00:51,996 [WARNING] etl_camara — 404 — não encontrado: http://dadosabertos.camara.leg.br/arquivos/orgaosDeputados/csv/orgaosDeputados-L35.csv
2026-08-07 03:00:52,187 [WARNING] etl_camara — 404 — não encontrado: http://dadosabertos.camara.leg.br/arquivos/orgaosDeputados/csv/orgaosDeputados-L36.csv
2026-08-07 03:00:52,193 [INFO] etl_camara —   FK-insert deputadosProfissoes → 12594 registros
2026-08-07 03:00:52,395 [WARNING] etl_camara — 404 — não encontrado: http://dadosabertos.camara.leg.br/arquivos/orgaosDeputados/csv/orgaosDeputados-L37.csv
2026-08-07 03:00:52,565 [WARNING] etl_camara — 404 — não encontrado: http://dadosabertos.camara.leg.br/arquivos/orgaosDeputados/csv/orgaosDeputados-L40.csv
2026-08-07 03:00:52,591 [WARNING] etl_camara — 404 — não encontrado: http://dadosabertos.camara.leg.br/arquivos/orgaosDeputados/csv/orgaosDeputados-L39.csv
2026-08-07 03:00:52,692 [WARNING] etl_camara — 404 — não encontrado: http://dadosabertos.camara.leg.br/arquivos/orgaosDeputados/csv/orgaosDeputados-L41.csv
2026-08-07 03:00:52,764 [WARNING] etl_camara — 404 — não encontrado: http://dadosabertos.camara.leg.br/arquivos/orgaosDeputados/csv/orgaosDeputados-L42.csv
2026-08-07 03:00:52,804 [WARNING] etl_camara — 404 — não encontrado: http://dadosabertos.camara.leg.br/arquivos/orgaosDeputados/csv/orgaosDeputados-L38.csv
2026-08-07 03:00:52,971 [WARNING] etl_camara — 404 — não encontrado: http://dadosabertos.camara.leg.br/arquivos/orgaosDeputados/csv/orgaosDeputados-L43.csv
2026-08-07 03:00:52,995 [WARNING] etl_camara — 404 — não encontrado: http://dadosabertos.camara.leg.br/arquivos/orgaosDeputados/csv/orgaosDeputados-L44.csv
2026-08-07 03:00:53,195 [WARNING] etl_camara — 404 — não encontrado: http://dadosabertos.camara.leg.br/arquivos/orgaosDeputados/csv/orgaosDeputados-L45.csv
2026-08-07 03:00:53,365 [WARNING] etl_camara — 404 — não encontrado: http://dadosabertos.camara.leg.br/arquivos/orgaosDeputados/csv/orgaosDeputados-L48.csv
2026-08-07 03:00:53,394 [WARNING] etl_camara — 404 — não encontrado: http://dadosabertos.camara.leg.br/arquivos/orgaosDeputados/csv/orgaosDeputados-L46.csv
2026-08-07 03:00:53,527 [WARNING] etl_camara — 404 — não encontrado: http://dadosabertos.camara.leg.br/arquivos/orgaosDeputados/csv/orgaosDeputados-L50.csv
2026-08-07 03:00:53,566 [WARNING] etl_camara — 404 — não encontrado: http://dadosabertos.camara.leg.br/arquivos/orgaosDeputados/csv/orgaosDeputados-L49.csv
2026-08-07 03:00:53,595 [WARNING] etl_camara — 404 — não encontrado: http://dadosabertos.camara.leg.br/arquivos/orgaosDeputados/csv/orgaosDeputados-L47.csv
2026-08-07 03:00:54,079 [INFO] etl_camara — ✔ orgaosDeputados-L51.csv (12158 linhas)
2026-08-07 03:00:54,149 [INFO] etl_camara — ✔ orgaosDeputados-L52.csv (12512 linhas)
2026-08-07 03:00:54,663 [INFO] etl_camara — ✔ orgaosDeputados-L53.csv (10994 linhas)
2026-08-07 03:01:05,643 [INFO] etl_camara —   FK-insert votacoes_2026 → 6528 registros
2026-08-07 03:01:06,279 [INFO] etl_camara — ✔ orgaosDeputados-L54.csv (13591 linhas)
2026-08-07 03:01:19,936 [INFO] etl_camara —   FK-insert orgaosDeputados_L53 → 10994 registros
2026-08-07 03:01:20,499 [INFO] etl_camara —   FK-insert orgaosDeputados_L51 → 12158 registros
2026-08-07 03:01:20,551 [INFO] etl_camara — ✔ orgaosDeputados-L55.csv (17815 linhas)
2026-08-07 03:01:21,175 [INFO] etl_camara — ✔ orgaosDeputados-L56.csv (14519 linhas)
2026-08-07 03:01:23,573 [INFO] etl_camara —   FK-insert orgaosDeputados_L52 → 12512 registros
2026-08-07 03:01:24,061 [INFO] etl_camara — ✔ orgaosDeputados-L57.csv (13230 linhas)
2026-08-07 03:01:24,916 [INFO] etl_camara —   FK-insert deputadosOcupacoes → 33058 registros
2026-08-07 03:01:26,243 [INFO] etl_camara — ✔ Ano-2026.csv.zip (90410 linhas)
2026-08-07 03:01:42,204 [INFO] etl_camara —   FK-insert orgaosDeputados_L54 → 13591 registros
2026-08-07 03:01:52,439 [INFO] etl_camara —   FK-insert proposicoesTemas_2026 → 22301 registros
2026-08-07 03:01:55,038 [INFO] etl_camara —   FK-insert orgaosDeputados_L56 → 14519 registros
2026-08-07 03:01:55,282 [INFO] etl_camara —   FK-insert orgaosDeputados_L57 → 13230 registros
2026-08-07 03:01:58,062 [INFO] etl_camara —   FK-insert orgaosDeputados_L55 → 17815 registros
2026-08-07 03:02:06,156 [INFO] etl_camara —   FK-insert eventosPresenca_2026 → 52906 registros
2026-08-07 03:02:31,618 [INFO] etl_camara —   FK-insert proposicoesAutores_2026 → 50918 registros
2026-08-07 03:03:35,541 [INFO] etl_camara —   FK-insert cotas_2026 → 89948 registros
2026-08-07 03:03:35,586 [INFO] etl_camara — ━━━━━━━━━━━━━━━━━━━━━━━━━━━━━━━━━━━━━━━━━━━━━━━━━━━━━━━━━━━━
2026-08-07 03:03:35,587 [INFO] etl_camara — 🌊 Onda 2 — 6 datasets | workers=8
2026-08-07 03:03:35,774 [INFO] etl_camara — ✔ votacoesOrientacoes-2026.csv (1734 linhas)
2026-08-07 03:03:35,841 [INFO] etl_camara — ✔ gruposMembros.csv (7091 linhas)
2026-08-07 03:03:35,979 [INFO] etl_camara — ✔ gruposHistorico.csv (412 linhas)
2026-08-07 03:03:36,359 [INFO] etl_camara — ✔ votacoesVotos-2026.csv (48645 linhas)
2026-08-07 03:03:36,379 [INFO] etl_camara — ✔ votacoesProposicoes-2026.csv (4943 linhas)
2026-08-07 03:03:36,860 [INFO] etl_camara —   FK-insert gruposHistorico → 412 registros
2026-08-07 03:03:38,206 [INFO] etl_camara —   FK-insert votacoesOrientacoes_2026 → 1734 registros
2026-08-07 03:03:40,565 [INFO] etl_camara —   FK-insert votacoesObjetos_2026 → 4943 registros
2026-08-07 03:03:41,279 [INFO] etl_camara —   FK-insert gruposMembros → 7091 registros
2026-08-07 03:03:46,570 [INFO] etl_camara — ✔ frentesDeputados.csv (262260 linhas)
2026-08-07 03:04:08,443 [INFO] etl_camara —   FK-insert votacoesVotos_2026 → 48645 registros
2026-08-07 03:08:58,521 [INFO] etl_camara —   FK-insert frentesDeputados → 262260 registros
2026-08-07 03:08:58,554 [INFO] etl_camara — ━━━━━━━━━━━━━━━━━━━━━━━━━━━━━━━━━━━━━━━━━━━━━━━━━━━━━━━━━━━━
2026-08-07 03:08:58,554 [INFO] etl_camara — 🏁 ETL concluído — processados: 37 | sem alteração (304): 1 | histórico pulado: 0 | erros: 50 | total: 88
2026-08-07 03:08:58,554 [WARNING] etl_camara — Datasets com falha (50): ['orgaosDeputados_L1', 'orgaosDeputados_L2', 'orgaosDeputados_L3', 'orgaosDeputados_L4', 'orgaosDeputados_L5', 'orgaosDeputados_L6', 'orgaosDeputados_L7', 'orgaosDeputados_L8', 'orgaosDeputados_L10', 'orgaosDeputados_L9', 'orgaosDeputados_L12', 'orgaosDeputados_L11', 'orgaosDeputados_L14', 'orgaosDeputados_L13', 'orgaosDeputados_L15', 'orgaosDeputados_L17', 'orgaosDeputados_L16', 'orgaosDeputados_L19', 'orgaosDeputados_L18', 'orgaosDeputados_L20', 'orgaosDeputados_L22', 'orgaosDeputados_L21', 'orgaosDeputados_L23', 'orgaosDeputados_L24', 'orgaosDeputados_L25', 'orgaosDeputados_L26', 'orgaosDeputados_L28', 'orgaosDeputados_L27', 'orgaosDeputados_L30', 'orgaosDeputados_L29', 'orgaosDeputados_L31', 'orgaosDeputados_L32', 'orgaosDeputados_L34', 'orgaosDeputados_L33', 'orgaosDeputados_L35', 'orgaosDeputados_L36', 'orgaosDeputados_L37', 'orgaosDeputados_L40', 'orgaosDeputados_L39', 'orgaosDeputados_L41', 'orgaosDeputados_L42', 'orgaosDeputados_L38', 'orgaosDeputados_L43', 'orgaosDeputados_L44', 'orgaosDeputados_L45', 'orgaosDeputados_L48', 'orgaosDeputados_L46', 'orgaosDeputados_L50', 'orgaosDeputados_L49', 'orgaosDeputados_L47']
2026-08-07 03:08:58,554 [ERROR] etl_camara — ETL finalizado com 50 dataset(s) em erro — saindo com código 1
2026-08-07 03:14:00,939 [INFO] etl_camara — Banco: postgres:5432/quemvota
2026-08-07 03:14:00,939 [INFO] etl_camara — Cache: etl_cache.json
2026-08-07 03:14:00,939 [INFO] etl_camara — Workers — download: 8 | backfill: 4
2026-08-07 03:14:00,951 [INFO] etl_camara — Iniciando ETL: 88 datasets | anos=[2026] | legislaturas=[1, 2, 3, 4, 5, 6, 7, 8, 9, 10, 11, 12, 13, 14, 15, 16, 17, 18, 19, 20, 21, 22, 23, 24, 25, 26, 27, 28, 29, 30, 31, 32, 33, 34, 35, 36, 37, 38, 39, 40, 41, 42, 43, 44, 45, 46, 47, 48, 49, 50, 51, 52, 53, 54, 55, 56, 57]
2026-08-07 03:14:00,951 [INFO] etl_camara — ━━━━━━━━━━━━━━━━━━━━━━━━━━━━━━━━━━━━━━━━━━━━━━━━━━━━━━━━━━━━
2026-08-07 03:14:00,951 [INFO] etl_camara — 🌊 Onda 0 — 9 datasets | workers=8
2026-08-07 03:14:01,261 [INFO] etl_camara — → sem alterações (304): legislaturas.csv
2026-08-07 03:14:01,280 [INFO] etl_camara — → sem alterações (304): orgaos.csv
2026-08-07 03:14:01,289 [INFO] etl_camara — → sem alterações (304): funcionarios.csv
2026-08-07 03:14:01,461 [INFO] etl_camara — → sem alterações (304): deputados.csv
2026-08-07 03:14:01,478 [INFO] etl_camara — → sem alterações (304): proposicoes-2026.csv
2026-08-07 03:14:01,488 [INFO] etl_camara — → sem alterações (304): tecadCategorias.csv
2026-08-07 03:14:01,691 [INFO] etl_camara — → sem alterações (304): eventos-2026.csv
2026-08-07 03:14:01,698 [INFO] etl_camara — → sem alterações (304): tecadTermos.csv
2026-08-07 03:14:01,887 [INFO] etl_camara — → sem alterações (304): licitacoes-2026.csv
2026-08-07 03:14:01,889 [INFO] etl_camara — ━━━━━━━━━━━━━━━━━━━━━━━━━━━━━━━━━━━━━━━━━━━━━━━━━━━━━━━━━━━━
2026-08-07 03:14:01,889 [INFO] etl_camara — 🌊 Onda 1 — 73 datasets | workers=8
2026-08-07 03:14:02,116 [INFO] etl_camara — → sem alterações (304): eventosRequerimentos-2026.csv
2026-08-07 03:14:02,141 [INFO] etl_camara — → sem alterações (304): eventosOrgaos-2026.csv
2026-08-07 03:14:02,271 [INFO] etl_camara — → sem alterações (304): legislaturasMesas.csv
2026-08-07 03:14:02,316 [INFO] etl_camara — → sem alterações (304): deputadosOcupacoes.csv
2026-08-07 03:14:02,342 [INFO] etl_camara — → sem alterações (304): deputadosProfissoes.csv
2026-08-07 03:14:02,465 [INFO] etl_camara — → sem alterações (304): proposicoesAutores-2026.csv
2026-08-07 03:14:02,541 [INFO] etl_camara — → sem alterações (304): eventosPresencaDeputados-2026.csv
2026-08-07 03:14:02,614 [INFO] etl_camara — → sem alterações (304): licitacoesPedidos-2026.csv
2026-08-07 03:14:02,664 [INFO] etl_camara — → sem alterações (304): votacoes-2026.csv
2026-08-07 03:14:02,824 [INFO] etl_camara — → sem alterações (304): licitacoesContratos-2026.csv
2026-08-07 03:14:02,872 [WARNING] etl_camara — 404 — não encontrado: http://dadosabertos.camara.leg.br/arquivos/orgaosDeputados/csv/orgaosDeputados-L1.csv
2026-08-07 03:14:02,902 [INFO] etl_camara — ✔ frentes.csv (1443 linhas)
2026-08-07 03:14:02,957 [INFO] etl_camara — → sem alterações (304): grupos.csv
2026-08-07 03:14:03,023 [WARNING] etl_camara — 404 — não encontrado: http://dadosabertos.camara.leg.br/arquivos/orgaosDeputados/csv/orgaosDeputados-L2.csv
2026-08-07 03:14:03,202 [INFO] etl_camara — → sem alterações (304): proposicoesTemas-2026.csv
2026-08-07 03:14:03,226 [WARNING] etl_camara — 404 — não encontrado: http://dadosabertos.camara.leg.br/arquivos/orgaosDeputados/csv/orgaosDeputados-L4.csv
2026-08-07 03:14:03,336 [INFO] etl_camara — → sem alterações (304): licitacoesPropostas-2026.csv
2026-08-07 03:14:03,430 [WARNING] etl_camara — 404 — não encontrado: http://dadosabertos.camara.leg.br/arquivos/orgaosDeputados/csv/orgaosDeputados-L6.csv
2026-08-07 03:14:03,533 [INFO] etl_camara — → sem alterações (304): licitacoesItens-2026.csv
2026-08-07 03:14:03,564 [WARNING] etl_camara — 404 — não encontrado: http://dadosabertos.camara.leg.br/arquivos/orgaosDeputados/csv/orgaosDeputados-L7.csv
2026-08-07 03:14:03,623 [WARNING] etl_camara — 404 — não encontrado: http://dadosabertos.camara.leg.br/arquivos/orgaosDeputados/csv/orgaosDeputados-L9.csv
2026-08-07 03:14:03,733 [WARNING] etl_camara — 404 — não encontrado: http://dadosabertos.camara.leg.br/arquivos/orgaosDeputados/csv/orgaosDeputados-L3.csv
2026-08-07 03:14:03,785 [WARNING] etl_camara — 404 — não encontrado: http://dadosabertos.camara.leg.br/arquivos/orgaosDeputados/csv/orgaosDeputados-L13.csv
2026-08-07 03:14:03,821 [WARNING] etl_camara — 404 — não encontrado: http://dadosabertos.camara.leg.br/arquivos/orgaosDeputados/csv/orgaosDeputados-L12.csv
2026-08-07 03:14:03,942 [WARNING] etl_camara — 404 — não encontrado: http://dadosabertos.camara.leg.br/arquivos/orgaosDeputados/csv/orgaosDeputados-L5.csv
2026-08-07 03:14:03,983 [WARNING] etl_camara — 404 — não encontrado: http://dadosabertos.camara.leg.br/arquivos/orgaosDeputados/csv/orgaosDeputados-L15.csv
2026-08-07 03:14:04,134 [WARNING] etl_camara — 404 — não encontrado: http://dadosabertos.camara.leg.br/arquivos/orgaosDeputados/csv/orgaosDeputados-L8.csv
2026-08-07 03:14:04,333 [WARNING] etl_camara — 404 — não encontrado: http://dadosabertos.camara.leg.br/arquivos/orgaosDeputados/csv/orgaosDeputados-L10.csv
2026-08-07 03:14:04,368 [WARNING] etl_camara — 404 — não encontrado: http://dadosabertos.camara.leg.br/arquivos/orgaosDeputados/csv/orgaosDeputados-L19.csv
2026-08-07 03:14:04,541 [WARNING] etl_camara — 404 — não encontrado: http://dadosabertos.camara.leg.br/arquivos/orgaosDeputados/csv/orgaosDeputados-L11.csv
2026-08-07 03:14:04,629 [WARNING] etl_camara — 404 — não encontrado: http://dadosabertos.camara.leg.br/arquivos/orgaosDeputados/csv/orgaosDeputados-L21.csv
2026-08-07 03:14:04,684 [WARNING] etl_camara — 404 — não encontrado: http://dadosabertos.camara.leg.br/arquivos/orgaosDeputados/csv/orgaosDeputados-L22.csv
2026-08-07 03:14:04,685 [INFO] etl_camara —   FK-insert frentes → 1443 registros
2026-08-07 03:14:04,733 [WARNING] etl_camara — 404 — não encontrado: http://dadosabertos.camara.leg.br/arquivos/orgaosDeputados/csv/orgaosDeputados-L16.csv
2026-08-07 03:14:04,829 [WARNING] etl_camara — 404 — não encontrado: http://dadosabertos.camara.leg.br/arquivos/orgaosDeputados/csv/orgaosDeputados-L23.csv
2026-08-07 03:14:04,941 [WARNING] etl_camara — 404 — não encontrado: http://dadosabertos.camara.leg.br/arquivos/orgaosDeputados/csv/orgaosDeputados-L14.csv
2026-08-07 03:14:05,022 [WARNING] etl_camara — 404 — não encontrado: http://dadosabertos.camara.leg.br/arquivos/orgaosDeputados/csv/orgaosDeputados-L24.csv
2026-08-07 03:14:05,133 [WARNING] etl_camara — 404 — não encontrado: http://dadosabertos.camara.leg.br/arquivos/orgaosDeputados/csv/orgaosDeputados-L18.csv
2026-08-07 03:14:05,224 [WARNING] etl_camara — 404 — não encontrado: http://dadosabertos.camara.leg.br/arquivos/orgaosDeputados/csv/orgaosDeputados-L26.csv
2026-08-07 03:14:05,340 [WARNING] etl_camara — 404 — não encontrado: http://dadosabertos.camara.leg.br/arquivos/orgaosDeputados/csv/orgaosDeputados-L17.csv
2026-08-07 03:14:05,364 [WARNING] etl_camara — 404 — não encontrado: http://dadosabertos.camara.leg.br/arquivos/orgaosDeputados/csv/orgaosDeputados-L30.csv
2026-08-07 03:14:05,422 [WARNING] etl_camara — 404 — não encontrado: http://dadosabertos.camara.leg.br/arquivos/orgaosDeputados/csv/orgaosDeputados-L27.csv
2026-08-07 03:14:05,540 [WARNING] etl_camara — 404 — não encontrado: http://dadosabertos.camara.leg.br/arquivos/orgaosDeputados/csv/orgaosDeputados-L20.csv
2026-08-07 03:14:05,565 [WARNING] etl_camara — 404 — não encontrado: http://dadosabertos.camara.leg.br/arquivos/orgaosDeputados/csv/orgaosDeputados-L31.csv
2026-08-07 03:14:05,622 [WARNING] etl_camara — 404 — não encontrado: http://dadosabertos.camara.leg.br/arquivos/orgaosDeputados/csv/orgaosDeputados-L28.csv
2026-08-07 03:14:05,732 [WARNING] etl_camara — 404 — não encontrado: http://dadosabertos.camara.leg.br/arquivos/orgaosDeputados/csv/orgaosDeputados-L25.csv
2026-08-07 03:14:05,772 [WARNING] etl_camara — 404 — não encontrado: http://dadosabertos.camara.leg.br/arquivos/orgaosDeputados/csv/orgaosDeputados-L32.csv
2026-08-07 03:14:05,831 [WARNING] etl_camara — 404 — não encontrado: http://dadosabertos.camara.leg.br/arquivos/orgaosDeputados/csv/orgaosDeputados-L29.csv
2026-08-07 03:14:05,963 [WARNING] etl_camara — 404 — não encontrado: http://dadosabertos.camara.leg.br/arquivos/orgaosDeputados/csv/orgaosDeputados-L34.csv
2026-08-07 03:14:05,983 [WARNING] etl_camara — 404 — não encontrado: http://dadosabertos.camara.leg.br/arquivos/orgaosDeputados/csv/orgaosDeputados-L38.csv
2026-08-07 03:14:06,023 [WARNING] etl_camara — 404 — não encontrado: http://dadosabertos.camara.leg.br/arquivos/orgaosDeputados/csv/orgaosDeputados-L36.csv
2026-08-07 03:14:06,163 [WARNING] etl_camara — 404 — não encontrado: http://dadosabertos.camara.leg.br/arquivos/orgaosDeputados/csv/orgaosDeputados-L33.csv
2026-08-07 03:14:06,191 [WARNING] etl_camara — 404 — não encontrado: http://dadosabertos.camara.leg.br/arquivos/orgaosDeputados/csv/orgaosDeputados-L39.csv
2026-08-07 03:14:06,239 [WARNING] etl_camara — 404 — não encontrado: http://dadosabertos.camara.leg.br/arquivos/orgaosDeputados/csv/orgaosDeputados-L40.csv
2026-08-07 03:14:06,383 [WARNING] etl_camara — 404 — não encontrado: http://dadosabertos.camara.leg.br/arquivos/orgaosDeputados/csv/orgaosDeputados-L42.csv
2026-08-07 03:14:06,452 [WARNING] etl_camara — 404 — não encontrado: http://dadosabertos.camara.leg.br/arquivos/orgaosDeputados/csv/orgaosDeputados-L35.csv
2026-08-07 03:14:06,587 [WARNING] etl_camara — 404 — não encontrado: http://dadosabertos.camara.leg.br/arquivos/orgaosDeputados/csv/orgaosDeputados-L37.csv
2026-08-07 03:14:06,595 [WARNING] etl_camara — 404 — não encontrado: http://dadosabertos.camara.leg.br/arquivos/orgaosDeputados/csv/orgaosDeputados-L43.csv
2026-08-07 03:14:06,680 [WARNING] etl_camara — 404 — não encontrado: http://dadosabertos.camara.leg.br/arquivos/orgaosDeputados/csv/orgaosDeputados-L48.csv
2026-08-07 03:14:06,764 [WARNING] etl_camara — 404 — não encontrado: http://dadosabertos.camara.leg.br/arquivos/orgaosDeputados/csv/orgaosDeputados-L41.csv
2026-08-07 03:14:06,792 [WARNING] etl_camara — 404 — não encontrado: http://dadosabertos.camara.leg.br/arquivos/orgaosDeputados/csv/orgaosDeputados-L45.csv
2026-08-07 03:14:06,877 [INFO] etl_camara — → sem alterações (304): orgaosDeputados-L51.csv
2026-08-07 03:14:06,965 [WARNING] etl_camara — 404 — não encontrado: http://dadosabertos.camara.leg.br/arquivos/orgaosDeputados/csv/orgaosDeputados-L46.csv
2026-08-07 03:14:06,992 [WARNING] etl_camara — 404 — não encontrado: http://dadosabertos.camara.leg.br/arquivos/orgaosDeputados/csv/orgaosDeputados-L44.csv
2026-08-07 03:14:07,173 [INFO] etl_camara — → sem alterações (304): orgaosDeputados-L53.csv
2026-08-07 03:14:07,182 [WARNING] etl_camara — 404 — não encontrado: http://dadosabertos.camara.leg.br/arquivos/orgaosDeputados/csv/orgaosDeputados-L47.csv
2026-08-07 03:14:07,314 [INFO] etl_camara — → sem alterações (304): orgaosDeputados-L56.csv
2026-08-07 03:14:07,365 [INFO] etl_camara — → sem alterações (304): orgaosDeputados-L55.csv
2026-08-07 03:14:07,383 [WARNING] etl_camara — 404 — não encontrado: http://dadosabertos.camara.leg.br/arquivos/orgaosDeputados/csv/orgaosDeputados-L50.csv
2026-08-07 03:14:07,519 [INFO] etl_camara — → sem alterações (304): orgaosDeputados-L57.csv
2026-08-07 03:14:07,543 [INFO] etl_camara — → sem alterações (304): Ano-2026.csv.zip
2026-08-07 03:14:07,592 [WARNING] etl_camara — 404 — não encontrado: http://dadosabertos.camara.leg.br/arquivos/orgaosDeputados/csv/orgaosDeputados-L49.csv
2026-08-07 03:14:07,786 [INFO] etl_camara — → sem alterações (304): orgaosDeputados-L52.csv
2026-08-07 03:14:07,983 [INFO] etl_camara — → sem alterações (304): orgaosDeputados-L54.csv
2026-08-07 03:14:07,985 [INFO] etl_camara — ━━━━━━━━━━━━━━━━━━━━━━━━━━━━━━━━━━━━━━━━━━━━━━━━━━━━━━━━━━━━
2026-08-07 03:14:07,985 [INFO] etl_camara — 🌊 Onda 2 — 6 datasets | workers=8
2026-08-07 03:14:08,104 [INFO] etl_camara — → sem alterações (304): votacoesVotos-2026.csv
2026-08-07 03:14:08,117 [INFO] etl_camara — → sem alterações (304): gruposHistorico.csv
2026-08-07 03:14:08,184 [INFO] etl_camara — → sem alterações (304): gruposMembros.csv
2026-08-07 03:14:08,313 [INFO] etl_camara — → sem alterações (304): frentesDeputados.csv
2026-08-07 03:14:08,318 [INFO] etl_camara — → sem alterações (304): votacoesOrientacoes-2026.csv
2026-08-07 03:14:08,518 [INFO] etl_camara — → sem alterações (304): votacoesProposicoes-2026.csv
2026-08-07 03:14:08,520 [INFO] etl_camara — ━━━━━━━━━━━━━━━━━━━━━━━━━━━━━━━━━━━━━━━━━━━━━━━━━━━━━━━━━━━━
2026-08-07 03:14:08,520 [INFO] etl_camara — 🏁 ETL concluído — processados: 1 | sem alteração (304): 37 | histórico pulado: 0 | erros: 50 | total: 88
2026-08-07 03:14:08,520 [WARNING] etl_camara — Datasets com falha (50): ['orgaosDeputados_L1', 'orgaosDeputados_L2', 'orgaosDeputados_L4', 'orgaosDeputados_L6', 'orgaosDeputados_L7', 'orgaosDeputados_L9', 'orgaosDeputados_L3', 'orgaosDeputados_L13', 'orgaosDeputados_L12', 'orgaosDeputados_L5', 'orgaosDeputados_L15', 'orgaosDeputados_L8', 'orgaosDeputados_L10', 'orgaosDeputados_L19', 'orgaosDeputados_L11', 'orgaosDeputados_L21', 'orgaosDeputados_L22', 'orgaosDeputados_L16', 'orgaosDeputados_L23', 'orgaosDeputados_L14', 'orgaosDeputados_L24', 'orgaosDeputados_L18', 'orgaosDeputados_L26', 'orgaosDeputados_L17', 'orgaosDeputados_L30', 'orgaosDeputados_L27', 'orgaosDeputados_L20', 'orgaosDeputados_L31', 'orgaosDeputados_L28', 'orgaosDeputados_L25', 'orgaosDeputados_L32', 'orgaosDeputados_L29', 'orgaosDeputados_L34', 'orgaosDeputados_L38', 'orgaosDeputados_L36', 'orgaosDeputados_L33', 'orgaosDeputados_L39', 'orgaosDeputados_L40', 'orgaosDeputados_L42', 'orgaosDeputados_L35', 'orgaosDeputados_L37', 'orgaosDeputados_L43', 'orgaosDeputados_L48', 'orgaosDeputados_L41', 'orgaosDeputados_L45', 'orgaosDeputados_L46', 'orgaosDeputados_L44', 'orgaosDeputados_L47', 'orgaosDeputados_L50', 'orgaosDeputados_L49']
2026-08-07 03:14:08,521 [ERROR] etl_camara — ETL finalizado com 50 dataset(s) em erro — saindo com código 1
2026-08-07 03:19:10,391 [INFO] etl_camara — Banco: postgres:5432/quemvota
2026-08-07 03:19:10,391 [INFO] etl_camara — Cache: etl_cache.json
2026-08-07 03:19:10,392 [INFO] etl_camara — Workers — download: 8 | backfill: 4
2026-08-07 03:19:10,404 [INFO] etl_camara — Iniciando ETL: 88 datasets | anos=[2026] | legislaturas=[1, 2, 3, 4, 5, 6, 7, 8, 9, 10, 11, 12, 13, 14, 15, 16, 17, 18, 19, 20, 21, 22, 23, 24, 25, 26, 27, 28, 29, 30, 31, 32, 33, 34, 35, 36, 37, 38, 39, 40, 41, 42, 43, 44, 45, 46, 47, 48, 49, 50, 51, 52, 53, 54, 55, 56, 57]
2026-08-07 03:19:10,405 [INFO] etl_camara — ━━━━━━━━━━━━━━━━━━━━━━━━━━━━━━━━━━━━━━━━━━━━━━━━━━━━━━━━━━━━
2026-08-07 03:19:10,405 [INFO] etl_camara — 🌊 Onda 0 — 9 datasets | workers=8
2026-08-07 03:19:10,821 [INFO] etl_camara — → sem alterações (304): eventos-2026.csv
2026-08-07 03:19:10,824 [INFO] etl_camara — → sem alterações (304): proposicoes-2026.csv
2026-08-07 03:19:10,840 [INFO] etl_camara — → sem alterações (304): deputados.csv
2026-08-07 03:19:11,022 [INFO] etl_camara — → sem alterações (304): tecadCategorias.csv
2026-08-07 03:19:11,029 [INFO] etl_camara — → sem alterações (304): funcionarios.csv
2026-08-07 03:19:11,045 [INFO] etl_camara — → sem alterações (304): tecadTermos.csv
2026-08-07 03:19:11,221 [INFO] etl_camara — → sem alterações (304): orgaos.csv
2026-08-07 03:19:11,238 [INFO] etl_camara — → sem alterações (304): licitacoes-2026.csv
2026-08-07 03:19:11,429 [INFO] etl_camara — → sem alterações (304): legislaturas.csv
2026-08-07 03:19:11,431 [INFO] etl_camara — ━━━━━━━━━━━━━━━━━━━━━━━━━━━━━━━━━━━━━━━━━━━━━━━━━━━━━━━━━━━━
2026-08-07 03:19:11,431 [INFO] etl_camara — 🌊 Onda 1 — 73 datasets | workers=8
2026-08-07 03:19:11,548 [INFO] etl_camara — → sem alterações (304): deputadosProfissoes.csv
2026-08-07 03:19:11,573 [INFO] etl_camara — → sem alterações (304): legislaturasMesas.csv
2026-08-07 03:19:11,727 [INFO] etl_camara — → sem alterações (304): deputadosOcupacoes.csv
2026-08-07 03:19:11,755 [INFO] etl_camara — → sem alterações (304): frentes.csv
2026-08-07 03:19:11,766 [INFO] etl_camara — → sem alterações (304): eventosPresencaDeputados-2026.csv
2026-08-07 03:19:11,956 [INFO] etl_camara — → sem alterações (304): eventosRequerimentos-2026.csv
2026-08-07 03:19:11,965 [INFO] etl_camara — → sem alterações (304): eventosOrgaos-2026.csv
2026-08-07 03:19:12,155 [INFO] etl_camara — → sem alterações (304): proposicoesAutores-2026.csv
2026-08-07 03:19:12,177 [INFO] etl_camara — → sem alterações (304): grupos.csv
2026-08-07 03:19:12,355 [INFO] etl_camara — → sem alterações (304): licitacoesPedidos-2026.csv
2026-08-07 03:19:12,373 [INFO] etl_camara — → sem alterações (304): proposicoesTemas-2026.csv
2026-08-07 03:19:12,550 [INFO] etl_camara — → sem alterações (304): licitacoesItens-2026.csv
2026-08-07 03:19:12,574 [INFO] etl_camara — → sem alterações (304): votacoes-2026.csv
2026-08-07 03:19:12,635 [WARNING] etl_camara — 404 — não encontrado: http://dadosabertos.camara.leg.br/arquivos/orgaosDeputados/csv/orgaosDeputados-L3.csv
2026-08-07 03:19:12,756 [INFO] etl_camara — → sem alterações (304): licitacoesContratos-2026.csv
2026-08-07 03:19:12,773 [INFO] etl_camara — → sem alterações (304): licitacoesPropostas-2026.csv
2026-08-07 03:19:12,876 [WARNING] etl_camara — 404 — não encontrado: http://dadosabertos.camara.leg.br/arquivos/orgaosDeputados/csv/orgaosDeputados-L6.csv
2026-08-07 03:19:12,949 [WARNING] etl_camara — 404 — não encontrado: http://dadosabertos.camara.leg.br/arquivos/orgaosDeputados/csv/orgaosDeputados-L4.csv
2026-08-07 03:19:12,973 [WARNING] etl_camara — 404 — não encontrado: http://dadosabertos.camara.leg.br/arquivos/orgaosDeputados/csv/orgaosDeputados-L2.csv
2026-08-07 03:19:13,083 [WARNING] etl_camara — 404 — não encontrado: http://dadosabertos.camara.leg.br/arquivos/orgaosDeputados/csv/orgaosDeputados-L9.csv
2026-08-07 03:19:13,156 [WARNING] etl_camara — 404 — não encontrado: http://dadosabertos.camara.leg.br/arquivos/orgaosDeputados/csv/orgaosDeputados-L5.csv
2026-08-07 03:19:13,174 [WARNING] etl_camara — 404 — não encontrado: http://dadosabertos.camara.leg.br/arquivos/orgaosDeputados/csv/orgaosDeputados-L1.csv
2026-08-07 03:19:13,274 [WARNING] etl_camara — 404 — não encontrado: http://dadosabertos.camara.leg.br/arquivos/orgaosDeputados/csv/orgaosDeputados-L10.csv
2026-08-07 03:19:13,347 [WARNING] etl_camara — 404 — não encontrado: http://dadosabertos.camara.leg.br/arquivos/orgaosDeputados/csv/orgaosDeputados-L11.csv
2026-08-07 03:19:13,373 [WARNING] etl_camara — 404 — não encontrado: http://dadosabertos.camara.leg.br/arquivos/orgaosDeputados/csv/orgaosDeputados-L7.csv
2026-08-07 03:19:13,473 [WARNING] etl_camara — 404 — não encontrado: http://dadosabertos.camara.leg.br/arquivos/orgaosDeputados/csv/orgaosDeputados-L13.csv
2026-08-07 03:19:13,548 [WARNING] etl_camara — 404 — não encontrado: http://dadosabertos.camara.leg.br/arquivos/orgaosDeputados/csv/orgaosDeputados-L12.csv
2026-08-07 03:19:13,564 [WARNING] etl_camara — 404 — não encontrado: http://dadosabertos.camara.leg.br/arquivos/orgaosDeputados/csv/orgaosDeputados-L8.csv
2026-08-07 03:19:13,675 [WARNING] etl_camara — 404 — não encontrado: http://dadosabertos.camara.leg.br/arquivos/orgaosDeputados/csv/orgaosDeputados-L14.csv
2026-08-07 03:19:13,791 [WARNING] etl_camara — 404 — não encontrado: http://dadosabertos.camara.leg.br/arquivos/orgaosDeputados/csv/orgaosDeputados-L17.csv
2026-08-07 03:19:13,798 [WARNING] etl_camara — 404 — não encontrado: http://dadosabertos.camara.leg.br/arquivos/orgaosDeputados/csv/orgaosDeputados-L18.csv
2026-08-07 03:19:13,882 [WARNING] etl_camara — 404 — não encontrado: http://dadosabertos.camara.leg.br/arquivos/orgaosDeputados/csv/orgaosDeputados-L15.csv
2026-08-07 03:19:13,947 [WARNING] etl_camara — 404 — não encontrado: http://dadosabertos.camara.leg.br/arquivos/orgaosDeputados/csv/orgaosDeputados-L21.csv
2026-08-07 03:19:13,965 [WARNING] etl_camara — 404 — não encontrado: http://dadosabertos.camara.leg.br/arquivos/orgaosDeputados/csv/orgaosDeputados-L19.csv
2026-08-07 03:19:14,083 [WARNING] etl_camara — 404 — não encontrado: http://dadosabertos.camara.leg.br/arquivos/orgaosDeputados/csv/orgaosDeputados-L16.csv
2026-08-07 03:19:14,149 [WARNING] etl_camara — 404 — não encontrado: http://dadosabertos.camara.leg.br/arquivos/orgaosDeputados/csv/orgaosDeputados-L22.csv
2026-08-07 03:19:14,172 [WARNING] etl_camara — 404 — não encontrado: http://dadosabertos.camara.leg.br/arquivos/orgaosDeputados/csv/orgaosDeputados-L20.csv
2026-08-07 03:19:14,273 [WARNING] etl_camara — 404 — não encontrado: http://dadosabertos.camara.leg.br/arquivos/orgaosDeputados/csv/orgaosDeputados-L26.csv
2026-08-07 03:19:14,374 [WARNING] etl_camara — 404 — não encontrado: http://dadosabertos.camara.leg.br/arquivos/orgaosDeputados/csv/orgaosDeputados-L23.csv
2026-08-07 03:19:14,398 [WARNING] etl_camara — 404 — não encontrado: http://dadosabertos.camara.leg.br/arquivos/orgaosDeputados/csv/orgaosDeputados-L30.csv
2026-08-07 03:19:14,487 [WARNING] etl_camara — 404 — não encontrado: http://dadosabertos.camara.leg.br/arquivos/orgaosDeputados/csv/orgaosDeputados-L29.csv
2026-08-07 03:19:14,563 [WARNING] etl_camara — 404 — não encontrado: http://dadosabertos.camara.leg.br/arquivos/orgaosDeputados/csv/orgaosDeputados-L25.csv
2026-08-07 03:19:14,683 [WARNING] etl_camara — 404 — não encontrado: http://dadosabertos.camara.leg.br/arquivos/orgaosDeputados/csv/orgaosDeputados-L31.csv
2026-08-07 03:19:14,774 [WARNING] etl_camara — 404 — não encontrado: http://dadosabertos.camara.leg.br/arquivos/orgaosDeputados/csv/orgaosDeputados-L24.csv
2026-08-07 03:19:14,972 [WARNING] etl_camara — 404 — não encontrado: http://dadosabertos.camara.leg.br/arquivos/orgaosDeputados/csv/orgaosDeputados-L27.csv
2026-08-07 03:19:15,038 [WARNING] etl_camara — 404 — não encontrado: http://dadosabertos.camara.leg.br/arquivos/orgaosDeputados/csv/orgaosDeputados-L37.csv
2026-08-07 03:19:15,173 [WARNING] etl_camara — 404 — não encontrado: http://dadosabertos.camara.leg.br/arquivos/orgaosDeputados/csv/orgaosDeputados-L28.csv
2026-08-07 03:19:15,240 [WARNING] etl_camara — 404 — não encontrado: http://dadosabertos.camara.leg.br/arquivos/orgaosDeputados/csv/orgaosDeputados-L38.csv
2026-08-07 03:19:15,365 [WARNING] etl_camara — 404 — não encontrado: http://dadosabertos.camara.leg.br/arquivos/orgaosDeputados/csv/orgaosDeputados-L32.csv
2026-08-07 03:19:15,406 [WARNING] etl_camara — 404 — não encontrado: http://dadosabertos.camara.leg.br/arquivos/orgaosDeputados/csv/orgaosDeputados-L41.csv
2026-08-07 03:19:15,436 [WARNING] etl_camara — 404 — não encontrado: http://dadosabertos.camara.leg.br/arquivos/orgaosDeputados/csv/orgaosDeputados-L39.csv
2026-08-07 03:19:15,573 [WARNING] etl_camara — 404 — não encontrado: http://dadosabertos.camara.leg.br/arquivos/orgaosDeputados/csv/orgaosDeputados-L33.csv
2026-08-07 03:19:15,606 [WARNING] etl_camara — 404 — não encontrado: http://dadosabertos.camara.leg.br/arquivos/orgaosDeputados/csv/orgaosDeputados-L40.csv
2026-08-07 03:19:15,772 [WARNING] etl_camara — 404 — não encontrado: http://dadosabertos.camara.leg.br/arquivos/orgaosDeputados/csv/orgaosDeputados-L34.csv
2026-08-07 03:19:15,806 [WARNING] etl_camara — 404 — não encontrado: http://dadosabertos.camara.leg.br/arquivos/orgaosDeputados/csv/orgaosDeputados-L44.csv
2026-08-07 03:19:15,853 [WARNING] etl_camara — 404 — não encontrado: http://dadosabertos.camara.leg.br/arquivos/orgaosDeputados/csv/orgaosDeputados-L46.csv
2026-08-07 03:19:15,964 [WARNING] etl_camara — 404 — não encontrado: http://dadosabertos.camara.leg.br/arquivos/orgaosDeputados/csv/orgaosDeputados-L35.csv
2026-08-07 03:19:16,009 [WARNING] etl_camara — 404 — não encontrado: http://dadosabertos.camara.leg.br/arquivos/orgaosDeputados/csv/orgaosDeputados-L43.csv
2026-08-07 03:19:16,056 [WARNING] etl_camara — 404 — não encontrado: http://dadosabertos.camara.leg.br/arquivos/orgaosDeputados/csv/orgaosDeputados-L47.csv
2026-08-07 03:19:16,164 [WARNING] etl_camara — 404 — não encontrado: http://dadosabertos.camara.leg.br/arquivos/orgaosDeputados/csv/orgaosDeputados-L36.csv
2026-08-07 03:19:16,206 [WARNING] etl_camara — 404 — não encontrado: http://dadosabertos.camara.leg.br/arquivos/orgaosDeputados/csv/orgaosDeputados-L45.csv
2026-08-07 03:19:16,254 [WARNING] etl_camara — 404 — não encontrado: http://dadosabertos.camara.leg.br/arquivos/orgaosDeputados/csv/orgaosDeputados-L48.csv
2026-08-07 03:19:16,364 [WARNING] etl_camara — 404 — não encontrado: http://dadosabertos.camara.leg.br/arquivos/orgaosDeputados/csv/orgaosDeputados-L42.csv
2026-08-07 03:19:16,408 [INFO] etl_camara — → sem alterações (304): orgaosDeputados-L51.csv
2026-08-07 03:19:16,445 [WARNING] etl_camara — 404 — não encontrado: http://dadosabertos.camara.leg.br/arquivos/orgaosDeputados/csv/orgaosDeputados-L49.csv
2026-08-07 03:19:16,566 [INFO] etl_camara — → sem alterações (304): orgaosDeputados-L52.csv
2026-08-07 03:19:16,609 [INFO] etl_camara — → sem alterações (304): Ano-2026.csv.zip
2026-08-07 03:19:16,626 [INFO] etl_camara — → sem alterações (304): orgaosDeputados-L56.csv
2026-08-07 03:19:16,654 [WARNING] etl_camara — 404 — não encontrado: http://dadosabertos.camara.leg.br/arquivos/orgaosDeputados/csv/orgaosDeputados-L50.csv
2026-08-07 03:19:16,773 [INFO] etl_camara — → sem alterações (304): orgaosDeputados-L53.csv
2026-08-07 03:19:16,877 [INFO] etl_camara — → sem alterações (304): orgaosDeputados-L54.csv
2026-08-07 03:19:16,964 [INFO] etl_camara — → sem alterações (304): orgaosDeputados-L55.csv
2026-08-07 03:19:17,046 [INFO] etl_camara — → sem alterações (304): orgaosDeputados-L57.csv
2026-08-07 03:19:17,048 [INFO] etl_camara — ━━━━━━━━━━━━━━━━━━━━━━━━━━━━━━━━━━━━━━━━━━━━━━━━━━━━━━━━━━━━
2026-08-07 03:19:17,048 [INFO] etl_camara — 🌊 Onda 2 — 6 datasets | workers=8
2026-08-07 03:19:17,195 [INFO] etl_camara — → sem alterações (304): gruposMembros.csv
2026-08-07 03:19:17,246 [INFO] etl_camara — → sem alterações (304): votacoesVotos-2026.csv
2026-08-07 03:19:17,407 [INFO] etl_camara — → sem alterações (304): votacoesOrientacoes-2026.csv
2026-08-07 03:19:17,453 [INFO] etl_camara — → sem alterações (304): votacoesProposicoes-2026.csv
2026-08-07 03:19:17,599 [INFO] etl_camara — → sem alterações (304): gruposHistorico.csv
2026-08-07 03:19:19,114 [INFO] etl_camara — ✔ frentesDeputados.csv (262260 linhas)
2026-08-07 03:24:27,212 [INFO] etl_camara —   FK-insert frentesDeputados → 262260 registros
2026-08-07 03:24:27,260 [INFO] etl_camara — ━━━━━━━━━━━━━━━━━━━━━━━━━━━━━━━━━━━━━━━━━━━━━━━━━━━━━━━━━━━━
2026-08-07 03:24:27,260 [INFO] etl_camara — 🏁 ETL concluído — processados: 1 | sem alteração (304): 37 | histórico pulado: 0 | erros: 50 | total: 88
2026-08-07 03:24:27,260 [WARNING] etl_camara — Datasets com falha (50): ['orgaosDeputados_L3', 'orgaosDeputados_L6', 'orgaosDeputados_L4', 'orgaosDeputados_L2', 'orgaosDeputados_L9', 'orgaosDeputados_L5', 'orgaosDeputados_L1', 'orgaosDeputados_L10', 'orgaosDeputados_L11', 'orgaosDeputados_L7', 'orgaosDeputados_L13', 'orgaosDeputados_L12', 'orgaosDeputados_L8', 'orgaosDeputados_L14', 'orgaosDeputados_L17', 'orgaosDeputados_L18', 'orgaosDeputados_L15', 'orgaosDeputados_L21', 'orgaosDeputados_L19', 'orgaosDeputados_L16', 'orgaosDeputados_L22', 'orgaosDeputados_L20', 'orgaosDeputados_L26', 'orgaosDeputados_L23', 'orgaosDeputados_L30', 'orgaosDeputados_L29', 'orgaosDeputados_L25', 'orgaosDeputados_L31', 'orgaosDeputados_L24', 'orgaosDeputados_L27', 'orgaosDeputados_L37', 'orgaosDeputados_L28', 'orgaosDeputados_L38', 'orgaosDeputados_L32', 'orgaosDeputados_L41', 'orgaosDeputados_L39', 'orgaosDeputados_L33', 'orgaosDeputados_L40', 'orgaosDeputados_L34', 'orgaosDeputados_L44', 'orgaosDeputados_L46', 'orgaosDeputados_L35', 'orgaosDeputados_L43', 'orgaosDeputados_L47', 'orgaosDeputados_L36', 'orgaosDeputados_L45', 'orgaosDeputados_L48', 'orgaosDeputados_L42', 'orgaosDeputados_L49', 'orgaosDeputados_L50']
2026-08-07 03:24:27,260 [ERROR] etl_camara — ETL finalizado com 50 dataset(s) em erro — saindo com código 1
